filepath,filename,actor_id,split,true_label,true_emotion,predicted_label,predicted_emotion,confidence
/Users/prarthanapatel/Desktop/Himanshi/speech_emotion_detection-develop-v2/cremad_preprocessed/audio/1009_DFA_ANG_XX.wav,1009_DFA_ANG_XX.wav,1009,test,3,angry,3,angry,0.9922813773155212
/Users/prarthanapatel/Desktop/Himanshi/speech_emotion_detection-develop-v2/cremad_preprocessed/audio/1009_DFA_DIS_XX.wav,1009_DFA_DIS_XX.wav,1009,test,5,disgust,3,angry,0.7506475448608398
/Users/prarthanapatel/Desktop/Himanshi/speech_emotion_detection-develop-v2/cremad_preprocessed/audio/1009_DFA_FEA_XX.wav,1009_DFA_FEA_XX.wav,1009,test,4,fear,4,fear,0.9508711099624634
/Users/prarthanapatel/Desktop/Himanshi/speech_emotion_detection-develop-v2/cremad_preprocessed/audio/1009_DFA_HAP_XX.wav,1009_DFA_HAP_XX.wav,1009,test,1,happy,1,happy,0.9789772033691406
/Users/prarthanapatel/Desktop/Himanshi/speech_emotion_detection-develop-v2/cremad_preprocessed/audio/1009_DFA_NEU_XX.wav,1009_DFA_NEU_XX.wav,1009,test,0,neutral,0,neutral,0.9873467087745667
/Users/prarthanapatel/Desktop/Himanshi/speech_emotion_detection-develop-v2/cremad_preprocessed/audio/1009_DFA_SAD_XX.wav,1009_DFA_SAD_XX.wav,1009,test,2,sad,2,sad,0.8403821587562561
/Users/prarthanapatel/Desktop/Himanshi/speech_emotion_detection-develop-v2/cremad_preprocessed/audio/1009_IEO_ANG_HI.wav,1009_IEO_ANG_HI.wav,1009,test,3,angry,4,fear,0.5754091739654541
/Users/prarthanapatel/Desktop/Himanshi/speech_emotion_detection-develop-v2/cremad_preprocessed/audio/1009_IEO_ANG_LO.wav,1009_IEO_ANG_LO.wav,1009,test,3,angry,4,fear,0.44799143075942993
/Users/prarthanapatel/Desktop/Himanshi/speech_emotion_detection-develop-v2/cremad_preprocessed/audio/1009_IEO_ANG_MD.wav,1009_IEO_ANG_MD.wav,1009,test,3,angry,3,angry,0.9942268133163452
/Users/prarthanapatel/Desktop/Himanshi/speech_emotion_detection-develop-v2/cremad_preprocessed/audio/1009_IEO_DIS_HI.wav,1009_IEO_DIS_HI.wav,1009,test,5,disgust,3,angry,0.989446222782135
/Users/prarthanapatel/Desktop/Himanshi/speech_emotion_detection-develop-v2/cremad_preprocessed/audio/1009_IEO_DIS_LO.wav,1009_IEO_DIS_LO.wav,1009,test,5,disgust,5,disgust,0.816655695438385
/Users/prarthanapatel/Desktop/Himanshi/speech_emotion_detection-develop-v2/cremad_preprocessed/audio/1009_IEO_DIS_MD.wav,1009_IEO_DIS_MD.wav,1009,test,5,disgust,3,angry,0.4861927926540375
/Users/prarthanapatel/Desktop/Himanshi/speech_emotion_detection-develop-v2/cremad_preprocessed/audio/1009_IEO_FEA_HI.wav,1009_IEO_FEA_HI.wav,1009,test,4,fear,4,fear,0.9306222200393677
/Users/prarthanapatel/Desktop/Himanshi/speech_emotion_detection-develop-v2/cremad_preprocessed/audio/1009_IEO_FEA_LO.wav,1009_IEO_FEA_LO.wav,1009,test,4,fear,4,fear,0.9393549561500549
/Users/prarthanapatel/Desktop/Himanshi/speech_emotion_detection-develop-v2/cremad_preprocessed/audio/1009_IEO_FEA_MD.wav,1009_IEO_FEA_MD.wav,1009,test,4,fear,4,fear,0.7728672623634338
/Users/prarthanapatel/Desktop/Himanshi/speech_emotion_detection-develop-v2/cremad_preprocessed/audio/1009_IEO_HAP_HI.wav,1009_IEO_HAP_HI.wav,1009,test,1,happy,3,angry,0.5927605628967285
/Users/prarthanapatel/Desktop/Himanshi/speech_emotion_detection-develop-v2/cremad_preprocessed/audio/1009_IEO_HAP_LO.wav,1009_IEO_HAP_LO.wav,1009,test,1,happy,1,happy,0.9771015048027039
/Users/prarthanapatel/Desktop/Himanshi/speech_emotion_detection-develop-v2/cremad_preprocessed/audio/1009_IEO_HAP_MD.wav,1009_IEO_HAP_MD.wav,1009,test,1,happy,4,fear,0.8920224905014038
/Users/prarthanapatel/Desktop/Himanshi/speech_emotion_detection-develop-v2/cremad_preprocessed/audio/1009_IEO_NEU_XX.wav,1009_IEO_NEU_XX.wav,1009,test,0,neutral,0,neutral,0.821239709854126
/Users/prarthanapatel/Desktop/Himanshi/speech_emotion_detection-develop-v2/cremad_preprocessed/audio/1009_IEO_SAD_HI.wav,1009_IEO_SAD_HI.wav,1009,test,2,sad,2,sad,0.802396297454834
/Users/prarthanapatel/Desktop/Himanshi/speech_emotion_detection-develop-v2/cremad_preprocessed/audio/1009_IEO_SAD_LO.wav,1009_IEO_SAD_LO.wav,1009,test,2,sad,2,sad,0.5063163042068481
/Users/prarthanapatel/Desktop/Himanshi/speech_emotion_detection-develop-v2/cremad_preprocessed/audio/1009_IEO_SAD_MD.wav,1009_IEO_SAD_MD.wav,1009,test,2,sad,2,sad,0.8264450430870056
/Users/prarthanapatel/Desktop/Himanshi/speech_emotion_detection-develop-v2/cremad_preprocessed/audio/1009_IOM_ANG_XX.wav,1009_IOM_ANG_XX.wav,1009,test,3,angry,3,angry,0.9949650168418884
/Users/prarthanapatel/Desktop/Himanshi/speech_emotion_detection-develop-v2/cremad_preprocessed/audio/1009_IOM_DIS_XX.wav,1009_IOM_DIS_XX.wav,1009,test,5,disgust,5,disgust,0.9272876977920532
/Users/prarthanapatel/Desktop/Himanshi/speech_emotion_detection-develop-v2/cremad_preprocessed/audio/1009_IOM_FEA_XX.wav,1009_IOM_FEA_XX.wav,1009,test,4,fear,4,fear,0.9566107988357544
/Users/prarthanapatel/Desktop/Himanshi/speech_emotion_detection-develop-v2/cremad_preprocessed/audio/1009_IOM_HAP_XX.wav,1009_IOM_HAP_XX.wav,1009,test,1,happy,1,happy,0.9115233421325684
/Users/prarthanapatel/Desktop/Himanshi/speech_emotion_detection-develop-v2/cremad_preprocessed/audio/1009_IOM_NEU_XX.wav,1009_IOM_NEU_XX.wav,1009,test,0,neutral,0,neutral,0.986467719078064
/Users/prarthanapatel/Desktop/Himanshi/speech_emotion_detection-develop-v2/cremad_preprocessed/audio/1009_IOM_SAD_XX.wav,1009_IOM_SAD_XX.wav,1009,test,2,sad,4,fear,0.6102720499038696
/Users/prarthanapatel/Desktop/Himanshi/speech_emotion_detection-develop-v2/cremad_preprocessed/audio/1009_ITH_ANG_XX.wav,1009_ITH_ANG_XX.wav,1009,test,3,angry,3,angry,0.9924569129943848
/Users/prarthanapatel/Desktop/Himanshi/speech_emotion_detection-develop-v2/cremad_preprocessed/audio/1009_ITH_DIS_XX.wav,1009_ITH_DIS_XX.wav,1009,test,5,disgust,2,sad,0.8373975157737732
/Users/prarthanapatel/Desktop/Himanshi/speech_emotion_detection-develop-v2/cremad_preprocessed/audio/1009_ITH_FEA_XX.wav,1009_ITH_FEA_XX.wav,1009,test,4,fear,4,fear,0.9605316519737244
/Users/prarthanapatel/Desktop/Himanshi/speech_emotion_detection-develop-v2/cremad_preprocessed/audio/1009_ITH_HAP_XX.wav,1009_ITH_HAP_XX.wav,1009,test,1,happy,1,happy,0.97232586145401
/Users/prarthanapatel/Desktop/Himanshi/speech_emotion_detection-develop-v2/cremad_preprocessed/audio/1009_ITH_NEU_XX.wav,1009_ITH_NEU_XX.wav,1009,test,0,neutral,0,neutral,0.9839297533035278
/Users/prarthanapatel/Desktop/Himanshi/speech_emotion_detection-develop-v2/cremad_preprocessed/audio/1009_ITH_SAD_XX.wav,1009_ITH_SAD_XX.wav,1009,test,2,sad,2,sad,0.8356465697288513
/Users/prarthanapatel/Desktop/Himanshi/speech_emotion_detection-develop-v2/cremad_preprocessed/audio/1009_ITS_ANG_XX.wav,1009_ITS_ANG_XX.wav,1009,test,3,angry,3,angry,0.9949265718460083
/Users/prarthanapatel/Desktop/Himanshi/speech_emotion_detection-develop-v2/cremad_preprocessed/audio/1009_ITS_DIS_XX.wav,1009_ITS_DIS_XX.wav,1009,test,5,disgust,1,happy,0.3372836410999298
/Users/prarthanapatel/Desktop/Himanshi/speech_emotion_detection-develop-v2/cremad_preprocessed/audio/1009_ITS_FEA_XX.wav,1009_ITS_FEA_XX.wav,1009,test,4,fear,4,fear,0.9640210866928101
/Users/prarthanapatel/Desktop/Himanshi/speech_emotion_detection-develop-v2/cremad_preprocessed/audio/1009_ITS_HAP_XX.wav,1009_ITS_HAP_XX.wav,1009,test,1,happy,1,happy,0.8978469967842102
/Users/prarthanapatel/Desktop/Himanshi/speech_emotion_detection-develop-v2/cremad_preprocessed/audio/1009_ITS_NEU_XX.wav,1009_ITS_NEU_XX.wav,1009,test,0,neutral,0,neutral,0.8724256157875061
/Users/prarthanapatel/Desktop/Himanshi/speech_emotion_detection-develop-v2/cremad_preprocessed/audio/1009_ITS_SAD_XX.wav,1009_ITS_SAD_XX.wav,1009,test,2,sad,2,sad,0.7529069781303406
/Users/prarthanapatel/Desktop/Himanshi/speech_emotion_detection-develop-v2/cremad_preprocessed/audio/1009_IWL_ANG_XX.wav,1009_IWL_ANG_XX.wav,1009,test,3,angry,4,fear,0.6119164228439331
/Users/prarthanapatel/Desktop/Himanshi/speech_emotion_detection-develop-v2/cremad_preprocessed/audio/1009_IWL_DIS_XX.wav,1009_IWL_DIS_XX.wav,1009,test,5,disgust,5,disgust,0.7953238487243652
/Users/prarthanapatel/Desktop/Himanshi/speech_emotion_detection-develop-v2/cremad_preprocessed/audio/1009_IWL_FEA_XX.wav,1009_IWL_FEA_XX.wav,1009,test,4,fear,4,fear,0.9489319920539856
/Users/prarthanapatel/Desktop/Himanshi/speech_emotion_detection-develop-v2/cremad_preprocessed/audio/1009_IWL_HAP_XX.wav,1009_IWL_HAP_XX.wav,1009,test,1,happy,1,happy,0.9526816606521606
/Users/prarthanapatel/Desktop/Himanshi/speech_emotion_detection-develop-v2/cremad_preprocessed/audio/1009_IWL_NEU_XX.wav,1009_IWL_NEU_XX.wav,1009,test,0,neutral,0,neutral,0.9806967377662659
/Users/prarthanapatel/Desktop/Himanshi/speech_emotion_detection-develop-v2/cremad_preprocessed/audio/1009_IWL_SAD_XX.wav,1009_IWL_SAD_XX.wav,1009,test,2,sad,2,sad,0.907759964466095
/Users/prarthanapatel/Desktop/Himanshi/speech_emotion_detection-develop-v2/cremad_preprocessed/audio/1009_IWW_ANG_XX.wav,1009_IWW_ANG_XX.wav,1009,test,3,angry,3,angry,0.9947456121444702
/Users/prarthanapatel/Desktop/Himanshi/speech_emotion_detection-develop-v2/cremad_preprocessed/audio/1009_IWW_DIS_XX.wav,1009_IWW_DIS_XX.wav,1009,test,5,disgust,4,fear,0.9212582111358643
/Users/prarthanapatel/Desktop/Himanshi/speech_emotion_detection-develop-v2/cremad_preprocessed/audio/1009_IWW_FEA_XX.wav,1009_IWW_FEA_XX.wav,1009,test,4,fear,4,fear,0.9665053486824036
/Users/prarthanapatel/Desktop/Himanshi/speech_emotion_detection-develop-v2/cremad_preprocessed/audio/1009_IWW_HAP_XX.wav,1009_IWW_HAP_XX.wav,1009,test,1,happy,1,happy,0.6433075070381165
/Users/prarthanapatel/Desktop/Himanshi/speech_emotion_detection-develop-v2/cremad_preprocessed/audio/1009_IWW_NEU_XX.wav,1009_IWW_NEU_XX.wav,1009,test,0,neutral,0,neutral,0.9791171550750732
/Users/prarthanapatel/Desktop/Himanshi/speech_emotion_detection-develop-v2/cremad_preprocessed/audio/1009_IWW_SAD_XX.wav,1009_IWW_SAD_XX.wav,1009,test,2,sad,2,sad,0.8682997226715088
/Users/prarthanapatel/Desktop/Himanshi/speech_emotion_detection-develop-v2/cremad_preprocessed/audio/1009_TAI_ANG_XX.wav,1009_TAI_ANG_XX.wav,1009,test,3,angry,3,angry,0.9937498569488525
/Users/prarthanapatel/Desktop/Himanshi/speech_emotion_detection-develop-v2/cremad_preprocessed/audio/1009_TAI_DIS_XX.wav,1009_TAI_DIS_XX.wav,1009,test,5,disgust,5,disgust,0.4947817623615265
/Users/prarthanapatel/Desktop/Himanshi/speech_emotion_detection-develop-v2/cremad_preprocessed/audio/1009_TAI_FEA_XX.wav,1009_TAI_FEA_XX.wav,1009,test,4,fear,4,fear,0.9553846716880798
/Users/prarthanapatel/Desktop/Himanshi/speech_emotion_detection-develop-v2/cremad_preprocessed/audio/1009_TAI_HAP_XX.wav,1009_TAI_HAP_XX.wav,1009,test,1,happy,1,happy,0.8209410309791565
/Users/prarthanapatel/Desktop/Himanshi/speech_emotion_detection-develop-v2/cremad_preprocessed/audio/1009_TAI_NEU_XX.wav,1009_TAI_NEU_XX.wav,1009,test,0,neutral,0,neutral,0.9696332812309265
/Users/prarthanapatel/Desktop/Himanshi/speech_emotion_detection-develop-v2/cremad_preprocessed/audio/1009_TAI_SAD_XX.wav,1009_TAI_SAD_XX.wav,1009,test,2,sad,4,fear,0.8789396286010742
/Users/prarthanapatel/Desktop/Himanshi/speech_emotion_detection-develop-v2/cremad_preprocessed/audio/1009_TIE_ANG_XX.wav,1009_TIE_ANG_XX.wav,1009,test,3,angry,3,angry,0.9926968216896057
/Users/prarthanapatel/Desktop/Himanshi/speech_emotion_detection-develop-v2/cremad_preprocessed/audio/1009_TIE_DIS_XX.wav,1009_TIE_DIS_XX.wav,1009,test,5,disgust,4,fear,0.8269347548484802
/Users/prarthanapatel/Desktop/Himanshi/speech_emotion_detection-develop-v2/cremad_preprocessed/audio/1009_TIE_FEA_XX.wav,1009_TIE_FEA_XX.wav,1009,test,4,fear,4,fear,0.9628474116325378
/Users/prarthanapatel/Desktop/Himanshi/speech_emotion_detection-develop-v2/cremad_preprocessed/audio/1009_TIE_HAP_XX.wav,1009_TIE_HAP_XX.wav,1009,test,1,happy,5,disgust,0.502242386341095
/Users/prarthanapatel/Desktop/Himanshi/speech_emotion_detection-develop-v2/cremad_preprocessed/audio/1009_TIE_NEU_XX.wav,1009_TIE_NEU_XX.wav,1009,test,0,neutral,0,neutral,0.9375957250595093
/Users/prarthanapatel/Desktop/Himanshi/speech_emotion_detection-develop-v2/cremad_preprocessed/audio/1009_TIE_SAD_XX.wav,1009_TIE_SAD_XX.wav,1009,test,2,sad,0,neutral,0.9502121806144714
/Users/prarthanapatel/Desktop/Himanshi/speech_emotion_detection-develop-v2/cremad_preprocessed/audio/1009_TSI_ANG_XX.wav,1009_TSI_ANG_XX.wav,1009,test,3,angry,3,angry,0.9948657155036926
/Users/prarthanapatel/Desktop/Himanshi/speech_emotion_detection-develop-v2/cremad_preprocessed/audio/1009_TSI_DIS_XX.wav,1009_TSI_DIS_XX.wav,1009,test,5,disgust,0,neutral,0.927424967288971
/Users/prarthanapatel/Desktop/Himanshi/speech_emotion_detection-develop-v2/cremad_preprocessed/audio/1009_TSI_FEA_XX.wav,1009_TSI_FEA_XX.wav,1009,test,4,fear,4,fear,0.958469569683075
/Users/prarthanapatel/Desktop/Himanshi/speech_emotion_detection-develop-v2/cremad_preprocessed/audio/1009_TSI_HAP_XX.wav,1009_TSI_HAP_XX.wav,1009,test,1,happy,1,happy,0.9452551007270813
/Users/prarthanapatel/Desktop/Himanshi/speech_emotion_detection-develop-v2/cremad_preprocessed/audio/1009_TSI_NEU_XX.wav,1009_TSI_NEU_XX.wav,1009,test,0,neutral,0,neutral,0.780776858329773
/Users/prarthanapatel/Desktop/Himanshi/speech_emotion_detection-develop-v2/cremad_preprocessed/audio/1009_TSI_SAD_XX.wav,1009_TSI_SAD_XX.wav,1009,test,2,sad,2,sad,0.7890927195549011
/Users/prarthanapatel/Desktop/Himanshi/speech_emotion_detection-develop-v2/cremad_preprocessed/audio/1009_WSI_ANG_XX.wav,1009_WSI_ANG_XX.wav,1009,test,3,angry,3,angry,0.9943196773529053
/Users/prarthanapatel/Desktop/Himanshi/speech_emotion_detection-develop-v2/cremad_preprocessed/audio/1009_WSI_DIS_XX.wav,1009_WSI_DIS_XX.wav,1009,test,5,disgust,5,disgust,0.4955686330795288
/Users/prarthanapatel/Desktop/Himanshi/speech_emotion_detection-develop-v2/cremad_preprocessed/audio/1009_WSI_FEA_XX.wav,1009_WSI_FEA_XX.wav,1009,test,4,fear,4,fear,0.9525309801101685
/Users/prarthanapatel/Desktop/Himanshi/speech_emotion_detection-develop-v2/cremad_preprocessed/audio/1009_WSI_HAP_XX.wav,1009_WSI_HAP_XX.wav,1009,test,1,happy,1,happy,0.5670098662376404
/Users/prarthanapatel/Desktop/Himanshi/speech_emotion_detection-develop-v2/cremad_preprocessed/audio/1009_WSI_NEU_XX.wav,1009_WSI_NEU_XX.wav,1009,test,0,neutral,0,neutral,0.9833787083625793
/Users/prarthanapatel/Desktop/Himanshi/speech_emotion_detection-develop-v2/cremad_preprocessed/audio/1009_WSI_SAD_XX.wav,1009_WSI_SAD_XX.wav,1009,test,2,sad,2,sad,0.8750689029693604
/Users/prarthanapatel/Desktop/Himanshi/speech_emotion_detection-develop-v2/cremad_preprocessed/audio/1013_DFA_ANG_XX.wav,1013_DFA_ANG_XX.wav,1013,test,3,angry,3,angry,0.994649350643158
/Users/prarthanapatel/Desktop/Himanshi/speech_emotion_detection-develop-v2/cremad_preprocessed/audio/1013_DFA_DIS_XX.wav,1013_DFA_DIS_XX.wav,1013,test,5,disgust,5,disgust,0.91892409324646
/Users/prarthanapatel/Desktop/Himanshi/speech_emotion_detection-develop-v2/cremad_preprocessed/audio/1013_DFA_FEA_XX.wav,1013_DFA_FEA_XX.wav,1013,test,4,fear,4,fear,0.59586101770401
/Users/prarthanapatel/Desktop/Himanshi/speech_emotion_detection-develop-v2/cremad_preprocessed/audio/1013_DFA_HAP_XX.wav,1013_DFA_HAP_XX.wav,1013,test,1,happy,1,happy,0.9643123149871826
/Users/prarthanapatel/Desktop/Himanshi/speech_emotion_detection-develop-v2/cremad_preprocessed/audio/1013_DFA_NEU_XX.wav,1013_DFA_NEU_XX.wav,1013,test,0,neutral,0,neutral,0.9870014190673828
/Users/prarthanapatel/Desktop/Himanshi/speech_emotion_detection-develop-v2/cremad_preprocessed/audio/1013_DFA_SAD_XX.wav,1013_DFA_SAD_XX.wav,1013,test,2,sad,2,sad,0.74263995885849
/Users/prarthanapatel/Desktop/Himanshi/speech_emotion_detection-develop-v2/cremad_preprocessed/audio/1013_IEO_ANG_HI.wav,1013_IEO_ANG_HI.wav,1013,test,3,angry,3,angry,0.9947302341461182
/Users/prarthanapatel/Desktop/Himanshi/speech_emotion_detection-develop-v2/cremad_preprocessed/audio/1013_IEO_ANG_LO.wav,1013_IEO_ANG_LO.wav,1013,test,3,angry,3,angry,0.9602433443069458
/Users/prarthanapatel/Desktop/Himanshi/speech_emotion_detection-develop-v2/cremad_preprocessed/audio/1013_IEO_ANG_MD.wav,1013_IEO_ANG_MD.wav,1013,test,3,angry,3,angry,0.9920194745063782
/Users/prarthanapatel/Desktop/Himanshi/speech_emotion_detection-develop-v2/cremad_preprocessed/audio/1013_IEO_DIS_HI.wav,1013_IEO_DIS_HI.wav,1013,test,5,disgust,5,disgust,0.9017035961151123
/Users/prarthanapatel/Desktop/Himanshi/speech_emotion_detection-develop-v2/cremad_preprocessed/audio/1013_IEO_DIS_LO.wav,1013_IEO_DIS_LO.wav,1013,test,5,disgust,5,disgust,0.9369670748710632
/Users/prarthanapatel/Desktop/Himanshi/speech_emotion_detection-develop-v2/cremad_preprocessed/audio/1013_IEO_DIS_MD.wav,1013_IEO_DIS_MD.wav,1013,test,5,disgust,4,fear,0.34602153301239014
/Users/prarthanapatel/Desktop/Himanshi/speech_emotion_detection-develop-v2/cremad_preprocessed/audio/1013_IEO_FEA_HI.wav,1013_IEO_FEA_HI.wav,1013,test,4,fear,4,fear,0.962182343006134
/Users/prarthanapatel/Desktop/Himanshi/speech_emotion_detection-develop-v2/cremad_preprocessed/audio/1013_IEO_FEA_LO.wav,1013_IEO_FEA_LO.wav,1013,test,4,fear,2,sad,0.8587092757225037
/Users/prarthanapatel/Desktop/Himanshi/speech_emotion_detection-develop-v2/cremad_preprocessed/audio/1013_IEO_FEA_MD.wav,1013_IEO_FEA_MD.wav,1013,test,4,fear,4,fear,0.8091561794281006
/Users/prarthanapatel/Desktop/Himanshi/speech_emotion_detection-develop-v2/cremad_preprocessed/audio/1013_IEO_HAP_HI.wav,1013_IEO_HAP_HI.wav,1013,test,1,happy,4,fear,0.9084265828132629
/Users/prarthanapatel/Desktop/Himanshi/speech_emotion_detection-develop-v2/cremad_preprocessed/audio/1013_IEO_HAP_LO.wav,1013_IEO_HAP_LO.wav,1013,test,1,happy,4,fear,0.8433619737625122
/Users/prarthanapatel/Desktop/Himanshi/speech_emotion_detection-develop-v2/cremad_preprocessed/audio/1013_IEO_HAP_MD.wav,1013_IEO_HAP_MD.wav,1013,test,1,happy,1,happy,0.9488065242767334
/Users/prarthanapatel/Desktop/Himanshi/speech_emotion_detection-develop-v2/cremad_preprocessed/audio/1013_IEO_NEU_XX.wav,1013_IEO_NEU_XX.wav,1013,test,0,neutral,1,happy,0.6336097121238708
/Users/prarthanapatel/Desktop/Himanshi/speech_emotion_detection-develop-v2/cremad_preprocessed/audio/1013_IEO_SAD_HI.wav,1013_IEO_SAD_HI.wav,1013,test,2,sad,5,disgust,0.45759671926498413
/Users/prarthanapatel/Desktop/Himanshi/speech_emotion_detection-develop-v2/cremad_preprocessed/audio/1013_IEO_SAD_LO.wav,1013_IEO_SAD_LO.wav,1013,test,2,sad,2,sad,0.685430109500885
/Users/prarthanapatel/Desktop/Himanshi/speech_emotion_detection-develop-v2/cremad_preprocessed/audio/1013_IEO_SAD_MD.wav,1013_IEO_SAD_MD.wav,1013,test,2,sad,4,fear,0.6716484427452087
/Users/prarthanapatel/Desktop/Himanshi/speech_emotion_detection-develop-v2/cremad_preprocessed/audio/1013_IOM_ANG_XX.wav,1013_IOM_ANG_XX.wav,1013,test,3,angry,3,angry,0.9933863282203674
/Users/prarthanapatel/Desktop/Himanshi/speech_emotion_detection-develop-v2/cremad_preprocessed/audio/1013_IOM_DIS_XX.wav,1013_IOM_DIS_XX.wav,1013,test,5,disgust,5,disgust,0.9630063772201538
/Users/prarthanapatel/Desktop/Himanshi/speech_emotion_detection-develop-v2/cremad_preprocessed/audio/1013_IOM_FEA_XX.wav,1013_IOM_FEA_XX.wav,1013,test,4,fear,4,fear,0.7289792895317078
/Users/prarthanapatel/Desktop/Himanshi/speech_emotion_detection-develop-v2/cremad_preprocessed/audio/1013_IOM_HAP_XX.wav,1013_IOM_HAP_XX.wav,1013,test,1,happy,3,angry,0.58436518907547
/Users/prarthanapatel/Desktop/Himanshi/speech_emotion_detection-develop-v2/cremad_preprocessed/audio/1013_IOM_NEU_XX.wav,1013_IOM_NEU_XX.wav,1013,test,0,neutral,0,neutral,0.9882232546806335
/Users/prarthanapatel/Desktop/Himanshi/speech_emotion_detection-develop-v2/cremad_preprocessed/audio/1013_IOM_SAD_XX.wav,1013_IOM_SAD_XX.wav,1013,test,2,sad,2,sad,0.788061797618866
/Users/prarthanapatel/Desktop/Himanshi/speech_emotion_detection-develop-v2/cremad_preprocessed/audio/1013_ITH_ANG_XX.wav,1013_ITH_ANG_XX.wav,1013,test,3,angry,3,angry,0.9937738180160522
/Users/prarthanapatel/Desktop/Himanshi/speech_emotion_detection-develop-v2/cremad_preprocessed/audio/1013_ITH_DIS_XX.wav,1013_ITH_DIS_XX.wav,1013,test,5,disgust,5,disgust,0.9399869441986084
/Users/prarthanapatel/Desktop/Himanshi/speech_emotion_detection-develop-v2/cremad_preprocessed/audio/1013_ITH_FEA_XX.wav,1013_ITH_FEA_XX.wav,1013,test,4,fear,4,fear,0.9067864418029785
/Users/prarthanapatel/Desktop/Himanshi/speech_emotion_detection-develop-v2/cremad_preprocessed/audio/1013_ITH_HAP_XX.wav,1013_ITH_HAP_XX.wav,1013,test,1,happy,3,angry,0.983269214630127
/Users/prarthanapatel/Desktop/Himanshi/speech_emotion_detection-develop-v2/cremad_preprocessed/audio/1013_ITH_NEU_XX.wav,1013_ITH_NEU_XX.wav,1013,test,0,neutral,0,neutral,0.985744297504425
/Users/prarthanapatel/Desktop/Himanshi/speech_emotion_detection-develop-v2/cremad_preprocessed/audio/1013_ITH_SAD_XX.wav,1013_ITH_SAD_XX.wav,1013,test,2,sad,2,sad,0.6978460550308228
/Users/prarthanapatel/Desktop/Himanshi/speech_emotion_detection-develop-v2/cremad_preprocessed/audio/1013_ITS_ANG_XX.wav,1013_ITS_ANG_XX.wav,1013,test,3,angry,3,angry,0.994941771030426
/Users/prarthanapatel/Desktop/Himanshi/speech_emotion_detection-develop-v2/cremad_preprocessed/audio/1013_ITS_DIS_XX.wav,1013_ITS_DIS_XX.wav,1013,test,5,disgust,1,happy,0.7600430250167847
/Users/prarthanapatel/Desktop/Himanshi/speech_emotion_detection-develop-v2/cremad_preprocessed/audio/1013_ITS_FEA_XX.wav,1013_ITS_FEA_XX.wav,1013,test,4,fear,4,fear,0.8759572505950928
/Users/prarthanapatel/Desktop/Himanshi/speech_emotion_detection-develop-v2/cremad_preprocessed/audio/1013_ITS_HAP_XX.wav,1013_ITS_HAP_XX.wav,1013,test,1,happy,1,happy,0.9691209197044373
/Users/prarthanapatel/Desktop/Himanshi/speech_emotion_detection-develop-v2/cremad_preprocessed/audio/1013_ITS_NEU_XX.wav,1013_ITS_NEU_XX.wav,1013,test,0,neutral,0,neutral,0.9863719344139099
/Users/prarthanapatel/Desktop/Himanshi/speech_emotion_detection-develop-v2/cremad_preprocessed/audio/1013_ITS_SAD_XX.wav,1013_ITS_SAD_XX.wav,1013,test,2,sad,2,sad,0.8912537693977356
/Users/prarthanapatel/Desktop/Himanshi/speech_emotion_detection-develop-v2/cremad_preprocessed/audio/1013_IWL_ANG_XX.wav,1013_IWL_ANG_XX.wav,1013,test,3,angry,3,angry,0.9944931268692017
/Users/prarthanapatel/Desktop/Himanshi/speech_emotion_detection-develop-v2/cremad_preprocessed/audio/1013_IWL_DIS_XX.wav,1013_IWL_DIS_XX.wav,1013,test,5,disgust,1,happy,0.9462857246398926
/Users/prarthanapatel/Desktop/Himanshi/speech_emotion_detection-develop-v2/cremad_preprocessed/audio/1013_IWL_FEA_XX.wav,1013_IWL_FEA_XX.wav,1013,test,4,fear,4,fear,0.8105858564376831
/Users/prarthanapatel/Desktop/Himanshi/speech_emotion_detection-develop-v2/cremad_preprocessed/audio/1013_IWL_HAP_XX.wav,1013_IWL_HAP_XX.wav,1013,test,1,happy,1,happy,0.8537893891334534
/Users/prarthanapatel/Desktop/Himanshi/speech_emotion_detection-develop-v2/cremad_preprocessed/audio/1013_IWL_NEU_XX.wav,1013_IWL_NEU_XX.wav,1013,test,0,neutral,0,neutral,0.8900063633918762
/Users/prarthanapatel/Desktop/Himanshi/speech_emotion_detection-develop-v2/cremad_preprocessed/audio/1013_IWL_SAD_XX.wav,1013_IWL_SAD_XX.wav,1013,test,2,sad,2,sad,0.6909460425376892
/Users/prarthanapatel/Desktop/Himanshi/speech_emotion_detection-develop-v2/cremad_preprocessed/audio/1013_IWW_ANG_XX.wav,1013_IWW_ANG_XX.wav,1013,test,3,angry,3,angry,0.9937120676040649
/Users/prarthanapatel/Desktop/Himanshi/speech_emotion_detection-develop-v2/cremad_preprocessed/audio/1013_IWW_DIS_XX.wav,1013_IWW_DIS_XX.wav,1013,test,5,disgust,5,disgust,0.8655439019203186
/Users/prarthanapatel/Desktop/Himanshi/speech_emotion_detection-develop-v2/cremad_preprocessed/audio/1013_IWW_FEA_XX.wav,1013_IWW_FEA_XX.wav,1013,test,4,fear,4,fear,0.9261791110038757
/Users/prarthanapatel/Desktop/Himanshi/speech_emotion_detection-develop-v2/cremad_preprocessed/audio/1013_IWW_HAP_XX.wav,1013_IWW_HAP_XX.wav,1013,test,1,happy,1,happy,0.9574576020240784
/Users/prarthanapatel/Desktop/Himanshi/speech_emotion_detection-develop-v2/cremad_preprocessed/audio/1013_IWW_NEU_XX.wav,1013_IWW_NEU_XX.wav,1013,test,0,neutral,0,neutral,0.9889646768569946
/Users/prarthanapatel/Desktop/Himanshi/speech_emotion_detection-develop-v2/cremad_preprocessed/audio/1013_IWW_SAD_XX.wav,1013_IWW_SAD_XX.wav,1013,test,2,sad,2,sad,0.6584676504135132
/Users/prarthanapatel/Desktop/Himanshi/speech_emotion_detection-develop-v2/cremad_preprocessed/audio/1013_MTI_ANG_XX.wav,1013_MTI_ANG_XX.wav,1013,test,3,angry,3,angry,0.9946752786636353
/Users/prarthanapatel/Desktop/Himanshi/speech_emotion_detection-develop-v2/cremad_preprocessed/audio/1013_MTI_DIS_XX.wav,1013_MTI_DIS_XX.wav,1013,test,5,disgust,5,disgust,0.7421460747718811
/Users/prarthanapatel/Desktop/Himanshi/speech_emotion_detection-develop-v2/cremad_preprocessed/audio/1013_MTI_FEA_XX.wav,1013_MTI_FEA_XX.wav,1013,test,4,fear,4,fear,0.8661261796951294
/Users/prarthanapatel/Desktop/Himanshi/speech_emotion_detection-develop-v2/cremad_preprocessed/audio/1013_MTI_HAP_XX.wav,1013_MTI_HAP_XX.wav,1013,test,1,happy,1,happy,0.9469969868659973
/Users/prarthanapatel/Desktop/Himanshi/speech_emotion_detection-develop-v2/cremad_preprocessed/audio/1013_MTI_NEU_XX.wav,1013_MTI_NEU_XX.wav,1013,test,0,neutral,0,neutral,0.9888850450515747
/Users/prarthanapatel/Desktop/Himanshi/speech_emotion_detection-develop-v2/cremad_preprocessed/audio/1013_MTI_SAD_XX.wav,1013_MTI_SAD_XX.wav,1013,test,2,sad,2,sad,0.8916797041893005
/Users/prarthanapatel/Desktop/Himanshi/speech_emotion_detection-develop-v2/cremad_preprocessed/audio/1013_TAI_ANG_XX.wav,1013_TAI_ANG_XX.wav,1013,test,3,angry,3,angry,0.9942677021026611
/Users/prarthanapatel/Desktop/Himanshi/speech_emotion_detection-develop-v2/cremad_preprocessed/audio/1013_TAI_DIS_XX.wav,1013_TAI_DIS_XX.wav,1013,test,5,disgust,5,disgust,0.9160267114639282
/Users/prarthanapatel/Desktop/Himanshi/speech_emotion_detection-develop-v2/cremad_preprocessed/audio/1013_TAI_FEA_XX.wav,1013_TAI_FEA_XX.wav,1013,test,4,fear,4,fear,0.8112548589706421
/Users/prarthanapatel/Desktop/Himanshi/speech_emotion_detection-develop-v2/cremad_preprocessed/audio/1013_TAI_HAP_XX.wav,1013_TAI_HAP_XX.wav,1013,test,1,happy,1,happy,0.9285263419151306
/Users/prarthanapatel/Desktop/Himanshi/speech_emotion_detection-develop-v2/cremad_preprocessed/audio/1013_TAI_NEU_XX.wav,1013_TAI_NEU_XX.wav,1013,test,0,neutral,0,neutral,0.9874275922775269
/Users/prarthanapatel/Desktop/Himanshi/speech_emotion_detection-develop-v2/cremad_preprocessed/audio/1013_TAI_SAD_XX.wav,1013_TAI_SAD_XX.wav,1013,test,2,sad,2,sad,0.6170695424079895
/Users/prarthanapatel/Desktop/Himanshi/speech_emotion_detection-develop-v2/cremad_preprocessed/audio/1013_TIE_ANG_XX.wav,1013_TIE_ANG_XX.wav,1013,test,3,angry,3,angry,0.9942573308944702
/Users/prarthanapatel/Desktop/Himanshi/speech_emotion_detection-develop-v2/cremad_preprocessed/audio/1013_TIE_DIS_XX.wav,1013_TIE_DIS_XX.wav,1013,test,5,disgust,1,happy,0.9573396444320679
/Users/prarthanapatel/Desktop/Himanshi/speech_emotion_detection-develop-v2/cremad_preprocessed/audio/1013_TIE_FEA_XX.wav,1013_TIE_FEA_XX.wav,1013,test,4,fear,4,fear,0.9352168440818787
/Users/prarthanapatel/Desktop/Himanshi/speech_emotion_detection-develop-v2/cremad_preprocessed/audio/1013_TIE_HAP_XX.wav,1013_TIE_HAP_XX.wav,1013,test,1,happy,1,happy,0.6023826003074646
/Users/prarthanapatel/Desktop/Himanshi/speech_emotion_detection-develop-v2/cremad_preprocessed/audio/1013_TIE_NEU_XX.wav,1013_TIE_NEU_XX.wav,1013,test,0,neutral,0,neutral,0.9883610010147095
/Users/prarthanapatel/Desktop/Himanshi/speech_emotion_detection-develop-v2/cremad_preprocessed/audio/1013_TIE_SAD_XX.wav,1013_TIE_SAD_XX.wav,1013,test,2,sad,2,sad,0.7006500959396362
/Users/prarthanapatel/Desktop/Himanshi/speech_emotion_detection-develop-v2/cremad_preprocessed/audio/1013_TSI_ANG_XX.wav,1013_TSI_ANG_XX.wav,1013,test,3,angry,3,angry,0.9951514005661011
/Users/prarthanapatel/Desktop/Himanshi/speech_emotion_detection-develop-v2/cremad_preprocessed/audio/1013_TSI_DIS_XX.wav,1013_TSI_DIS_XX.wav,1013,test,5,disgust,1,happy,0.9280515909194946
/Users/prarthanapatel/Desktop/Himanshi/speech_emotion_detection-develop-v2/cremad_preprocessed/audio/1013_TSI_FEA_XX.wav,1013_TSI_FEA_XX.wav,1013,test,4,fear,4,fear,0.9386811852455139
/Users/prarthanapatel/Desktop/Himanshi/speech_emotion_detection-develop-v2/cremad_preprocessed/audio/1013_TSI_HAP_XX.wav,1013_TSI_HAP_XX.wav,1013,test,1,happy,1,happy,0.947653591632843
/Users/prarthanapatel/Desktop/Himanshi/speech_emotion_detection-develop-v2/cremad_preprocessed/audio/1013_TSI_NEU_XX.wav,1013_TSI_NEU_XX.wav,1013,test,0,neutral,0,neutral,0.9874669909477234
/Users/prarthanapatel/Desktop/Himanshi/speech_emotion_detection-develop-v2/cremad_preprocessed/audio/1013_TSI_SAD_XX.wav,1013_TSI_SAD_XX.wav,1013,test,2,sad,2,sad,0.7317618727684021
/Users/prarthanapatel/Desktop/Himanshi/speech_emotion_detection-develop-v2/cremad_preprocessed/audio/1013_WSI_ANG_XX.wav,1013_WSI_ANG_XX.wav,1013,test,3,angry,3,angry,0.994199275970459
/Users/prarthanapatel/Desktop/Himanshi/speech_emotion_detection-develop-v2/cremad_preprocessed/audio/1013_WSI_DIS_XX.wav,1013_WSI_DIS_XX.wav,1013,test,5,disgust,5,disgust,0.9544145464897156
/Users/prarthanapatel/Desktop/Himanshi/speech_emotion_detection-develop-v2/cremad_preprocessed/audio/1013_WSI_FEA_XX.wav,1013_WSI_FEA_XX.wav,1013,test,4,fear,4,fear,0.5773144960403442
/Users/prarthanapatel/Desktop/Himanshi/speech_emotion_detection-develop-v2/cremad_preprocessed/audio/1013_WSI_HAP_XX.wav,1013_WSI_HAP_XX.wav,1013,test,1,happy,4,fear,0.9025271534919739
/Users/prarthanapatel/Desktop/Himanshi/speech_emotion_detection-develop-v2/cremad_preprocessed/audio/1013_WSI_NEU_XX.wav,1013_WSI_NEU_XX.wav,1013,test,0,neutral,3,angry,0.7598533630371094
/Users/prarthanapatel/Desktop/Himanshi/speech_emotion_detection-develop-v2/cremad_preprocessed/audio/1013_WSI_SAD_XX.wav,1013_WSI_SAD_XX.wav,1013,test,2,sad,5,disgust,0.9542117118835449
/Users/prarthanapatel/Desktop/Himanshi/speech_emotion_detection-develop-v2/cremad_preprocessed/audio/1014_DFA_ANG_XX.wav,1014_DFA_ANG_XX.wav,1014,test,3,angry,3,angry,0.9942123293876648
/Users/prarthanapatel/Desktop/Himanshi/speech_emotion_detection-develop-v2/cremad_preprocessed/audio/1014_DFA_DIS_XX.wav,1014_DFA_DIS_XX.wav,1014,test,5,disgust,5,disgust,0.6138278245925903
/Users/prarthanapatel/Desktop/Himanshi/speech_emotion_detection-develop-v2/cremad_preprocessed/audio/1014_DFA_FEA_XX.wav,1014_DFA_FEA_XX.wav,1014,test,4,fear,4,fear,0.9595019817352295
/Users/prarthanapatel/Desktop/Himanshi/speech_emotion_detection-develop-v2/cremad_preprocessed/audio/1014_DFA_HAP_XX.wav,1014_DFA_HAP_XX.wav,1014,test,1,happy,1,happy,0.9760408997535706
/Users/prarthanapatel/Desktop/Himanshi/speech_emotion_detection-develop-v2/cremad_preprocessed/audio/1014_DFA_NEU_XX.wav,1014_DFA_NEU_XX.wav,1014,test,0,neutral,5,disgust,0.8338438868522644
/Users/prarthanapatel/Desktop/Himanshi/speech_emotion_detection-develop-v2/cremad_preprocessed/audio/1014_DFA_SAD_XX.wav,1014_DFA_SAD_XX.wav,1014,test,2,sad,5,disgust,0.829695463180542
/Users/prarthanapatel/Desktop/Himanshi/speech_emotion_detection-develop-v2/cremad_preprocessed/audio/1014_IEO_ANG_HI.wav,1014_IEO_ANG_HI.wav,1014,test,3,angry,3,angry,0.9946730732917786
/Users/prarthanapatel/Desktop/Himanshi/speech_emotion_detection-develop-v2/cremad_preprocessed/audio/1014_IEO_ANG_LO.wav,1014_IEO_ANG_LO.wav,1014,test,3,angry,5,disgust,0.636313796043396
/Users/prarthanapatel/Desktop/Himanshi/speech_emotion_detection-develop-v2/cremad_preprocessed/audio/1014_IEO_ANG_MD.wav,1014_IEO_ANG_MD.wav,1014,test,3,angry,3,angry,0.9885678291320801
/Users/prarthanapatel/Desktop/Himanshi/speech_emotion_detection-develop-v2/cremad_preprocessed/audio/1014_IEO_DIS_HI.wav,1014_IEO_DIS_HI.wav,1014,test,5,disgust,5,disgust,0.9123111367225647
/Users/prarthanapatel/Desktop/Himanshi/speech_emotion_detection-develop-v2/cremad_preprocessed/audio/1014_IEO_DIS_LO.wav,1014_IEO_DIS_LO.wav,1014,test,5,disgust,5,disgust,0.9104094505310059
/Users/prarthanapatel/Desktop/Himanshi/speech_emotion_detection-develop-v2/cremad_preprocessed/audio/1014_IEO_DIS_MD.wav,1014_IEO_DIS_MD.wav,1014,test,5,disgust,5,disgust,0.9631960988044739
/Users/prarthanapatel/Desktop/Himanshi/speech_emotion_detection-develop-v2/cremad_preprocessed/audio/1014_IEO_FEA_HI.wav,1014_IEO_FEA_HI.wav,1014,test,4,fear,4,fear,0.9072443246841431
/Users/prarthanapatel/Desktop/Himanshi/speech_emotion_detection-develop-v2/cremad_preprocessed/audio/1014_IEO_FEA_LO.wav,1014_IEO_FEA_LO.wav,1014,test,4,fear,4,fear,0.8923617005348206
/Users/prarthanapatel/Desktop/Himanshi/speech_emotion_detection-develop-v2/cremad_preprocessed/audio/1014_IEO_FEA_MD.wav,1014_IEO_FEA_MD.wav,1014,test,4,fear,5,disgust,0.4954622685909271
/Users/prarthanapatel/Desktop/Himanshi/speech_emotion_detection-develop-v2/cremad_preprocessed/audio/1014_IEO_HAP_HI.wav,1014_IEO_HAP_HI.wav,1014,test,1,happy,1,happy,0.7172439694404602
/Users/prarthanapatel/Desktop/Himanshi/speech_emotion_detection-develop-v2/cremad_preprocessed/audio/1014_IEO_HAP_LO.wav,1014_IEO_HAP_LO.wav,1014,test,1,happy,1,happy,0.9767668843269348
/Users/prarthanapatel/Desktop/Himanshi/speech_emotion_detection-develop-v2/cremad_preprocessed/audio/1014_IEO_HAP_MD.wav,1014_IEO_HAP_MD.wav,1014,test,1,happy,5,disgust,0.6789107322692871
/Users/prarthanapatel/Desktop/Himanshi/speech_emotion_detection-develop-v2/cremad_preprocessed/audio/1014_IEO_NEU_XX.wav,1014_IEO_NEU_XX.wav,1014,test,0,neutral,0,neutral,0.6082581281661987
/Users/prarthanapatel/Desktop/Himanshi/speech_emotion_detection-develop-v2/cremad_preprocessed/audio/1014_IEO_SAD_HI.wav,1014_IEO_SAD_HI.wav,1014,test,2,sad,2,sad,0.7246178388595581
/Users/prarthanapatel/Desktop/Himanshi/speech_emotion_detection-develop-v2/cremad_preprocessed/audio/1014_IEO_SAD_LO.wav,1014_IEO_SAD_LO.wav,1014,test,2,sad,2,sad,0.43705248832702637
/Users/prarthanapatel/Desktop/Himanshi/speech_emotion_detection-develop-v2/cremad_preprocessed/audio/1014_IEO_SAD_MD.wav,1014_IEO_SAD_MD.wav,1014,test,2,sad,2,sad,0.7291629910469055
/Users/prarthanapatel/Desktop/Himanshi/speech_emotion_detection-develop-v2/cremad_preprocessed/audio/1014_IOM_ANG_XX.wav,1014_IOM_ANG_XX.wav,1014,test,3,angry,3,angry,0.9943990111351013
/Users/prarthanapatel/Desktop/Himanshi/speech_emotion_detection-develop-v2/cremad_preprocessed/audio/1014_IOM_DIS_XX.wav,1014_IOM_DIS_XX.wav,1014,test,5,disgust,5,disgust,0.970247209072113
/Users/prarthanapatel/Desktop/Himanshi/speech_emotion_detection-develop-v2/cremad_preprocessed/audio/1014_IOM_FEA_XX.wav,1014_IOM_FEA_XX.wav,1014,test,4,fear,4,fear,0.7977819442749023
/Users/prarthanapatel/Desktop/Himanshi/speech_emotion_detection-develop-v2/cremad_preprocessed/audio/1014_IOM_HAP_XX.wav,1014_IOM_HAP_XX.wav,1014,test,1,happy,3,angry,0.9795694947242737
/Users/prarthanapatel/Desktop/Himanshi/speech_emotion_detection-develop-v2/cremad_preprocessed/audio/1014_IOM_NEU_XX.wav,1014_IOM_NEU_XX.wav,1014,test,0,neutral,0,neutral,0.8701450228691101
/Users/prarthanapatel/Desktop/Himanshi/speech_emotion_detection-develop-v2/cremad_preprocessed/audio/1014_IOM_SAD_XX.wav,1014_IOM_SAD_XX.wav,1014,test,2,sad,2,sad,0.7850558757781982
/Users/prarthanapatel/Desktop/Himanshi/speech_emotion_detection-develop-v2/cremad_preprocessed/audio/1014_ITH_ANG_XX.wav,1014_ITH_ANG_XX.wav,1014,test,3,angry,5,disgust,0.9611800909042358
/Users/prarthanapatel/Desktop/Himanshi/speech_emotion_detection-develop-v2/cremad_preprocessed/audio/1014_ITH_DIS_XX.wav,1014_ITH_DIS_XX.wav,1014,test,5,disgust,5,disgust,0.8154977560043335
/Users/prarthanapatel/Desktop/Himanshi/speech_emotion_detection-develop-v2/cremad_preprocessed/audio/1014_ITH_FEA_XX.wav,1014_ITH_FEA_XX.wav,1014,test,4,fear,4,fear,0.7030991315841675
/Users/prarthanapatel/Desktop/Himanshi/speech_emotion_detection-develop-v2/cremad_preprocessed/audio/1014_ITH_HAP_XX.wav,1014_ITH_HAP_XX.wav,1014,test,1,happy,1,happy,0.968851625919342
/Users/prarthanapatel/Desktop/Himanshi/speech_emotion_detection-develop-v2/cremad_preprocessed/audio/1014_ITH_NEU_XX.wav,1014_ITH_NEU_XX.wav,1014,test,0,neutral,3,angry,0.4316217303276062
/Users/prarthanapatel/Desktop/Himanshi/speech_emotion_detection-develop-v2/cremad_preprocessed/audio/1014_ITH_SAD_XX.wav,1014_ITH_SAD_XX.wav,1014,test,2,sad,2,sad,0.8623311519622803
/Users/prarthanapatel/Desktop/Himanshi/speech_emotion_detection-develop-v2/cremad_preprocessed/audio/1014_ITS_ANG_XX.wav,1014_ITS_ANG_XX.wav,1014,test,3,angry,3,angry,0.9936279058456421
/Users/prarthanapatel/Desktop/Himanshi/speech_emotion_detection-develop-v2/cremad_preprocessed/audio/1014_ITS_DIS_XX.wav,1014_ITS_DIS_XX.wav,1014,test,5,disgust,5,disgust,0.8750736117362976
/Users/prarthanapatel/Desktop/Himanshi/speech_emotion_detection-develop-v2/cremad_preprocessed/audio/1014_ITS_FEA_XX.wav,1014_ITS_FEA_XX.wav,1014,test,4,fear,4,fear,0.9528774619102478
/Users/prarthanapatel/Desktop/Himanshi/speech_emotion_detection-develop-v2/cremad_preprocessed/audio/1014_ITS_HAP_XX.wav,1014_ITS_HAP_XX.wav,1014,test,1,happy,1,happy,0.9791265726089478
/Users/prarthanapatel/Desktop/Himanshi/speech_emotion_detection-develop-v2/cremad_preprocessed/audio/1014_ITS_NEU_XX.wav,1014_ITS_NEU_XX.wav,1014,test,0,neutral,3,angry,0.7770380973815918
/Users/prarthanapatel/Desktop/Himanshi/speech_emotion_detection-develop-v2/cremad_preprocessed/audio/1014_ITS_SAD_XX.wav,1014_ITS_SAD_XX.wav,1014,test,2,sad,2,sad,0.9213119745254517
/Users/prarthanapatel/Desktop/Himanshi/speech_emotion_detection-develop-v2/cremad_preprocessed/audio/1014_IWL_ANG_XX.wav,1014_IWL_ANG_XX.wav,1014,test,3,angry,3,angry,0.9938733577728271
/Users/prarthanapatel/Desktop/Himanshi/speech_emotion_detection-develop-v2/cremad_preprocessed/audio/1014_IWL_DIS_XX.wav,1014_IWL_DIS_XX.wav,1014,test,5,disgust,5,disgust,0.7316757440567017
/Users/prarthanapatel/Desktop/Himanshi/speech_emotion_detection-develop-v2/cremad_preprocessed/audio/1014_IWL_FEA_XX.wav,1014_IWL_FEA_XX.wav,1014,test,4,fear,4,fear,0.9446520209312439
/Users/prarthanapatel/Desktop/Himanshi/speech_emotion_detection-develop-v2/cremad_preprocessed/audio/1014_IWL_HAP_XX.wav,1014_IWL_HAP_XX.wav,1014,test,1,happy,3,angry,0.58284991979599
/Users/prarthanapatel/Desktop/Himanshi/speech_emotion_detection-develop-v2/cremad_preprocessed/audio/1014_IWL_NEU_XX.wav,1014_IWL_NEU_XX.wav,1014,test,0,neutral,5,disgust,0.8743957281112671
/Users/prarthanapatel/Desktop/Himanshi/speech_emotion_detection-develop-v2/cremad_preprocessed/audio/1014_IWL_SAD_XX.wav,1014_IWL_SAD_XX.wav,1014,test,2,sad,2,sad,0.832476019859314
/Users/prarthanapatel/Desktop/Himanshi/speech_emotion_detection-develop-v2/cremad_preprocessed/audio/1014_IWW_ANG_XX.wav,1014_IWW_ANG_XX.wav,1014,test,3,angry,3,angry,0.994797945022583
/Users/prarthanapatel/Desktop/Himanshi/speech_emotion_detection-develop-v2/cremad_preprocessed/audio/1014_IWW_DIS_XX.wav,1014_IWW_DIS_XX.wav,1014,test,5,disgust,4,fear,0.647050142288208
/Users/prarthanapatel/Desktop/Himanshi/speech_emotion_detection-develop-v2/cremad_preprocessed/audio/1014_IWW_FEA_XX.wav,1014_IWW_FEA_XX.wav,1014,test,4,fear,4,fear,0.893873929977417
/Users/prarthanapatel/Desktop/Himanshi/speech_emotion_detection-develop-v2/cremad_preprocessed/audio/1014_IWW_HAP_XX.wav,1014_IWW_HAP_XX.wav,1014,test,1,happy,1,happy,0.8552653789520264
/Users/prarthanapatel/Desktop/Himanshi/speech_emotion_detection-develop-v2/cremad_preprocessed/audio/1014_IWW_NEU_XX.wav,1014_IWW_NEU_XX.wav,1014,test,0,neutral,3,angry,0.9432056546211243
/Users/prarthanapatel/Desktop/Himanshi/speech_emotion_detection-develop-v2/cremad_preprocessed/audio/1014_IWW_SAD_XX.wav,1014_IWW_SAD_XX.wav,1014,test,2,sad,2,sad,0.767318069934845
/Users/prarthanapatel/Desktop/Himanshi/speech_emotion_detection-develop-v2/cremad_preprocessed/audio/1014_MTI_ANG_XX.wav,1014_MTI_ANG_XX.wav,1014,test,3,angry,3,angry,0.9944881796836853
/Users/prarthanapatel/Desktop/Himanshi/speech_emotion_detection-develop-v2/cremad_preprocessed/audio/1014_MTI_DIS_XX.wav,1014_MTI_DIS_XX.wav,1014,test,5,disgust,5,disgust,0.7484548091888428
/Users/prarthanapatel/Desktop/Himanshi/speech_emotion_detection-develop-v2/cremad_preprocessed/audio/1014_MTI_FEA_XX.wav,1014_MTI_FEA_XX.wav,1014,test,4,fear,4,fear,0.8113284707069397
/Users/prarthanapatel/Desktop/Himanshi/speech_emotion_detection-develop-v2/cremad_preprocessed/audio/1014_MTI_HAP_XX.wav,1014_MTI_HAP_XX.wav,1014,test,1,happy,1,happy,0.9175752401351929
/Users/prarthanapatel/Desktop/Himanshi/speech_emotion_detection-develop-v2/cremad_preprocessed/audio/1014_MTI_NEU_XX.wav,1014_MTI_NEU_XX.wav,1014,test,0,neutral,3,angry,0.9860841631889343
/Users/prarthanapatel/Desktop/Himanshi/speech_emotion_detection-develop-v2/cremad_preprocessed/audio/1014_MTI_SAD_XX.wav,1014_MTI_SAD_XX.wav,1014,test,2,sad,2,sad,0.7862952351570129
/Users/prarthanapatel/Desktop/Himanshi/speech_emotion_detection-develop-v2/cremad_preprocessed/audio/1014_TAI_ANG_XX.wav,1014_TAI_ANG_XX.wav,1014,test,3,angry,3,angry,0.994620680809021
/Users/prarthanapatel/Desktop/Himanshi/speech_emotion_detection-develop-v2/cremad_preprocessed/audio/1014_TAI_DIS_XX.wav,1014_TAI_DIS_XX.wav,1014,test,5,disgust,5,disgust,0.9276695847511292
/Users/prarthanapatel/Desktop/Himanshi/speech_emotion_detection-develop-v2/cremad_preprocessed/audio/1014_TAI_FEA_XX.wav,1014_TAI_FEA_XX.wav,1014,test,4,fear,4,fear,0.9218056201934814
/Users/prarthanapatel/Desktop/Himanshi/speech_emotion_detection-develop-v2/cremad_preprocessed/audio/1014_TAI_HAP_XX.wav,1014_TAI_HAP_XX.wav,1014,test,1,happy,3,angry,0.869854211807251
/Users/prarthanapatel/Desktop/Himanshi/speech_emotion_detection-develop-v2/cremad_preprocessed/audio/1014_TAI_NEU_XX.wav,1014_TAI_NEU_XX.wav,1014,test,0,neutral,0,neutral,0.9843863844871521
/Users/prarthanapatel/Desktop/Himanshi/speech_emotion_detection-develop-v2/cremad_preprocessed/audio/1014_TAI_SAD_XX.wav,1014_TAI_SAD_XX.wav,1014,test,2,sad,2,sad,0.6788185834884644
/Users/prarthanapatel/Desktop/Himanshi/speech_emotion_detection-develop-v2/cremad_preprocessed/audio/1014_TIE_ANG_XX.wav,1014_TIE_ANG_XX.wav,1014,test,3,angry,3,angry,0.9944900274276733
/Users/prarthanapatel/Desktop/Himanshi/speech_emotion_detection-develop-v2/cremad_preprocessed/audio/1014_TIE_DIS_XX.wav,1014_TIE_DIS_XX.wav,1014,test,5,disgust,5,disgust,0.8914129734039307
/Users/prarthanapatel/Desktop/Himanshi/speech_emotion_detection-develop-v2/cremad_preprocessed/audio/1014_TIE_FEA_XX.wav,1014_TIE_FEA_XX.wav,1014,test,4,fear,4,fear,0.9611728191375732
/Users/prarthanapatel/Desktop/Himanshi/speech_emotion_detection-develop-v2/cremad_preprocessed/audio/1014_TIE_HAP_XX.wav,1014_TIE_HAP_XX.wav,1014,test,1,happy,3,angry,0.9244739413261414
/Users/prarthanapatel/Desktop/Himanshi/speech_emotion_detection-develop-v2/cremad_preprocessed/audio/1014_TIE_NEU_XX.wav,1014_TIE_NEU_XX.wav,1014,test,0,neutral,0,neutral,0.825427234172821
/Users/prarthanapatel/Desktop/Himanshi/speech_emotion_detection-develop-v2/cremad_preprocessed/audio/1014_TIE_SAD_XX.wav,1014_TIE_SAD_XX.wav,1014,test,2,sad,5,disgust,0.6899625658988953
/Users/prarthanapatel/Desktop/Himanshi/speech_emotion_detection-develop-v2/cremad_preprocessed/audio/1014_TSI_ANG_XX.wav,1014_TSI_ANG_XX.wav,1014,test,3,angry,3,angry,0.9945487380027771
/Users/prarthanapatel/Desktop/Himanshi/speech_emotion_detection-develop-v2/cremad_preprocessed/audio/1014_TSI_DIS_XX.wav,1014_TSI_DIS_XX.wav,1014,test,5,disgust,2,sad,0.5771467685699463
/Users/prarthanapatel/Desktop/Himanshi/speech_emotion_detection-develop-v2/cremad_preprocessed/audio/1014_TSI_FEA_XX.wav,1014_TSI_FEA_XX.wav,1014,test,4,fear,4,fear,0.86494380235672
/Users/prarthanapatel/Desktop/Himanshi/speech_emotion_detection-develop-v2/cremad_preprocessed/audio/1014_TSI_HAP_XX.wav,1014_TSI_HAP_XX.wav,1014,test,1,happy,4,fear,0.7170072793960571
/Users/prarthanapatel/Desktop/Himanshi/speech_emotion_detection-develop-v2/cremad_preprocessed/audio/1014_TSI_NEU_XX.wav,1014_TSI_NEU_XX.wav,1014,test,0,neutral,0,neutral,0.9554243683815002
/Users/prarthanapatel/Desktop/Himanshi/speech_emotion_detection-develop-v2/cremad_preprocessed/audio/1014_TSI_SAD_XX.wav,1014_TSI_SAD_XX.wav,1014,test,2,sad,2,sad,0.8922562003135681
/Users/prarthanapatel/Desktop/Himanshi/speech_emotion_detection-develop-v2/cremad_preprocessed/audio/1014_WSI_ANG_XX.wav,1014_WSI_ANG_XX.wav,1014,test,3,angry,3,angry,0.995014488697052
/Users/prarthanapatel/Desktop/Himanshi/speech_emotion_detection-develop-v2/cremad_preprocessed/audio/1014_WSI_DIS_XX.wav,1014_WSI_DIS_XX.wav,1014,test,5,disgust,2,sad,0.6017897725105286
/Users/prarthanapatel/Desktop/Himanshi/speech_emotion_detection-develop-v2/cremad_preprocessed/audio/1014_WSI_FEA_XX.wav,1014_WSI_FEA_XX.wav,1014,test,4,fear,1,happy,0.8040900230407715
/Users/prarthanapatel/Desktop/Himanshi/speech_emotion_detection-develop-v2/cremad_preprocessed/audio/1014_WSI_HAP_XX.wav,1014_WSI_HAP_XX.wav,1014,test,1,happy,3,angry,0.8716899752616882
/Users/prarthanapatel/Desktop/Himanshi/speech_emotion_detection-develop-v2/cremad_preprocessed/audio/1014_WSI_NEU_XX.wav,1014_WSI_NEU_XX.wav,1014,test,0,neutral,3,angry,0.8619502782821655
/Users/prarthanapatel/Desktop/Himanshi/speech_emotion_detection-develop-v2/cremad_preprocessed/audio/1014_WSI_SAD_XX.wav,1014_WSI_SAD_XX.wav,1014,test,2,sad,2,sad,0.8641539216041565
/Users/prarthanapatel/Desktop/Himanshi/speech_emotion_detection-develop-v2/cremad_preprocessed/audio/1015_DFA_ANG_XX.wav,1015_DFA_ANG_XX.wav,1015,test,3,angry,3,angry,0.9876182079315186
/Users/prarthanapatel/Desktop/Himanshi/speech_emotion_detection-develop-v2/cremad_preprocessed/audio/1015_DFA_DIS_XX.wav,1015_DFA_DIS_XX.wav,1015,test,5,disgust,4,fear,0.9186670780181885
/Users/prarthanapatel/Desktop/Himanshi/speech_emotion_detection-develop-v2/cremad_preprocessed/audio/1015_DFA_FEA_XX.wav,1015_DFA_FEA_XX.wav,1015,test,4,fear,4,fear,0.9574891328811646
/Users/prarthanapatel/Desktop/Himanshi/speech_emotion_detection-develop-v2/cremad_preprocessed/audio/1015_DFA_HAP_XX.wav,1015_DFA_HAP_XX.wav,1015,test,1,happy,1,happy,0.9453592300415039
/Users/prarthanapatel/Desktop/Himanshi/speech_emotion_detection-develop-v2/cremad_preprocessed/audio/1015_DFA_NEU_XX.wav,1015_DFA_NEU_XX.wav,1015,test,0,neutral,0,neutral,0.9647437334060669
/Users/prarthanapatel/Desktop/Himanshi/speech_emotion_detection-develop-v2/cremad_preprocessed/audio/1015_DFA_SAD_XX.wav,1015_DFA_SAD_XX.wav,1015,test,2,sad,4,fear,0.9572785496711731
/Users/prarthanapatel/Desktop/Himanshi/speech_emotion_detection-develop-v2/cremad_preprocessed/audio/1015_IEO_ANG_HI.wav,1015_IEO_ANG_HI.wav,1015,test,3,angry,3,angry,0.9945803284645081
/Users/prarthanapatel/Desktop/Himanshi/speech_emotion_detection-develop-v2/cremad_preprocessed/audio/1015_IEO_ANG_LO.wav,1015_IEO_ANG_LO.wav,1015,test,3,angry,3,angry,0.9947077035903931
/Users/prarthanapatel/Desktop/Himanshi/speech_emotion_detection-develop-v2/cremad_preprocessed/audio/1015_IEO_ANG_MD.wav,1015_IEO_ANG_MD.wav,1015,test,3,angry,3,angry,0.9322221875190735
/Users/prarthanapatel/Desktop/Himanshi/speech_emotion_detection-develop-v2/cremad_preprocessed/audio/1015_IEO_DIS_HI.wav,1015_IEO_DIS_HI.wav,1015,test,5,disgust,4,fear,0.9271810054779053
/Users/prarthanapatel/Desktop/Himanshi/speech_emotion_detection-develop-v2/cremad_preprocessed/audio/1015_IEO_DIS_LO.wav,1015_IEO_DIS_LO.wav,1015,test,5,disgust,1,happy,0.558763325214386
/Users/prarthanapatel/Desktop/Himanshi/speech_emotion_detection-develop-v2/cremad_preprocessed/audio/1015_IEO_DIS_MD.wav,1015_IEO_DIS_MD.wav,1015,test,5,disgust,4,fear,0.8997071981430054
/Users/prarthanapatel/Desktop/Himanshi/speech_emotion_detection-develop-v2/cremad_preprocessed/audio/1015_IEO_FEA_HI.wav,1015_IEO_FEA_HI.wav,1015,test,4,fear,4,fear,0.9076061844825745
/Users/prarthanapatel/Desktop/Himanshi/speech_emotion_detection-develop-v2/cremad_preprocessed/audio/1015_IEO_FEA_LO.wav,1015_IEO_FEA_LO.wav,1015,test,4,fear,4,fear,0.893352746963501
/Users/prarthanapatel/Desktop/Himanshi/speech_emotion_detection-develop-v2/cremad_preprocessed/audio/1015_IEO_FEA_MD.wav,1015_IEO_FEA_MD.wav,1015,test,4,fear,4,fear,0.8707358241081238
/Users/prarthanapatel/Desktop/Himanshi/speech_emotion_detection-develop-v2/cremad_preprocessed/audio/1015_IEO_HAP_HI.wav,1015_IEO_HAP_HI.wav,1015,test,1,happy,1,happy,0.7307946681976318
/Users/prarthanapatel/Desktop/Himanshi/speech_emotion_detection-develop-v2/cremad_preprocessed/audio/1015_IEO_HAP_LO.wav,1015_IEO_HAP_LO.wav,1015,test,1,happy,1,happy,0.9129289388656616
/Users/prarthanapatel/Desktop/Himanshi/speech_emotion_detection-develop-v2/cremad_preprocessed/audio/1015_IEO_HAP_MD.wav,1015_IEO_HAP_MD.wav,1015,test,1,happy,1,happy,0.9683684706687927
/Users/prarthanapatel/Desktop/Himanshi/speech_emotion_detection-develop-v2/cremad_preprocessed/audio/1015_IEO_NEU_XX.wav,1015_IEO_NEU_XX.wav,1015,test,0,neutral,1,happy,0.9577396512031555
/Users/prarthanapatel/Desktop/Himanshi/speech_emotion_detection-develop-v2/cremad_preprocessed/audio/1015_IEO_SAD_HI.wav,1015_IEO_SAD_HI.wav,1015,test,2,sad,2,sad,0.9032378196716309
/Users/prarthanapatel/Desktop/Himanshi/speech_emotion_detection-develop-v2/cremad_preprocessed/audio/1015_IEO_SAD_LO.wav,1015_IEO_SAD_LO.wav,1015,test,2,sad,2,sad,0.867517352104187
/Users/prarthanapatel/Desktop/Himanshi/speech_emotion_detection-develop-v2/cremad_preprocessed/audio/1015_IEO_SAD_MD.wav,1015_IEO_SAD_MD.wav,1015,test,2,sad,4,fear,0.7072054743766785
/Users/prarthanapatel/Desktop/Himanshi/speech_emotion_detection-develop-v2/cremad_preprocessed/audio/1015_IOM_ANG_XX.wav,1015_IOM_ANG_XX.wav,1015,test,3,angry,3,angry,0.8805385231971741
/Users/prarthanapatel/Desktop/Himanshi/speech_emotion_detection-develop-v2/cremad_preprocessed/audio/1015_IOM_DIS_XX.wav,1015_IOM_DIS_XX.wav,1015,test,5,disgust,4,fear,0.5971792340278625
/Users/prarthanapatel/Desktop/Himanshi/speech_emotion_detection-develop-v2/cremad_preprocessed/audio/1015_IOM_FEA_XX.wav,1015_IOM_FEA_XX.wav,1015,test,4,fear,4,fear,0.9408218264579773
/Users/prarthanapatel/Desktop/Himanshi/speech_emotion_detection-develop-v2/cremad_preprocessed/audio/1015_IOM_HAP_XX.wav,1015_IOM_HAP_XX.wav,1015,test,1,happy,1,happy,0.9756598472595215
/Users/prarthanapatel/Desktop/Himanshi/speech_emotion_detection-develop-v2/cremad_preprocessed/audio/1015_IOM_NEU_XX.wav,1015_IOM_NEU_XX.wav,1015,test,0,neutral,0,neutral,0.9400385618209839
/Users/prarthanapatel/Desktop/Himanshi/speech_emotion_detection-develop-v2/cremad_preprocessed/audio/1015_IOM_SAD_XX.wav,1015_IOM_SAD_XX.wav,1015,test,2,sad,2,sad,0.39997777342796326
/Users/prarthanapatel/Desktop/Himanshi/speech_emotion_detection-develop-v2/cremad_preprocessed/audio/1015_ITH_ANG_XX.wav,1015_ITH_ANG_XX.wav,1015,test,3,angry,1,happy,0.9207143187522888
/Users/prarthanapatel/Desktop/Himanshi/speech_emotion_detection-develop-v2/cremad_preprocessed/audio/1015_ITH_DIS_XX.wav,1015_ITH_DIS_XX.wav,1015,test,5,disgust,2,sad,0.89476078748703
/Users/prarthanapatel/Desktop/Himanshi/speech_emotion_detection-develop-v2/cremad_preprocessed/audio/1015_ITH_FEA_XX.wav,1015_ITH_FEA_XX.wav,1015,test,4,fear,4,fear,0.9092057943344116
/Users/prarthanapatel/Desktop/Himanshi/speech_emotion_detection-develop-v2/cremad_preprocessed/audio/1015_ITH_HAP_XX.wav,1015_ITH_HAP_XX.wav,1015,test,1,happy,1,happy,0.9566056728363037
/Users/prarthanapatel/Desktop/Himanshi/speech_emotion_detection-develop-v2/cremad_preprocessed/audio/1015_ITH_NEU_XX.wav,1015_ITH_NEU_XX.wav,1015,test,0,neutral,0,neutral,0.7608350515365601
/Users/prarthanapatel/Desktop/Himanshi/speech_emotion_detection-develop-v2/cremad_preprocessed/audio/1015_ITH_SAD_XX.wav,1015_ITH_SAD_XX.wav,1015,test,2,sad,2,sad,0.7650612592697144
/Users/prarthanapatel/Desktop/Himanshi/speech_emotion_detection-develop-v2/cremad_preprocessed/audio/1015_ITS_ANG_XX.wav,1015_ITS_ANG_XX.wav,1015,test,3,angry,1,happy,0.9578360915184021
/Users/prarthanapatel/Desktop/Himanshi/speech_emotion_detection-develop-v2/cremad_preprocessed/audio/1015_ITS_DIS_XX.wav,1015_ITS_DIS_XX.wav,1015,test,5,disgust,4,fear,0.8961774706840515
/Users/prarthanapatel/Desktop/Himanshi/speech_emotion_detection-develop-v2/cremad_preprocessed/audio/1015_ITS_FEA_XX.wav,1015_ITS_FEA_XX.wav,1015,test,4,fear,4,fear,0.79095458984375
/Users/prarthanapatel/Desktop/Himanshi/speech_emotion_detection-develop-v2/cremad_preprocessed/audio/1015_ITS_HAP_XX.wav,1015_ITS_HAP_XX.wav,1015,test,1,happy,1,happy,0.9743388295173645
/Users/prarthanapatel/Desktop/Himanshi/speech_emotion_detection-develop-v2/cremad_preprocessed/audio/1015_ITS_NEU_XX.wav,1015_ITS_NEU_XX.wav,1015,test,0,neutral,0,neutral,0.980036199092865
/Users/prarthanapatel/Desktop/Himanshi/speech_emotion_detection-develop-v2/cremad_preprocessed/audio/1015_ITS_SAD_XX.wav,1015_ITS_SAD_XX.wav,1015,test,2,sad,4,fear,0.876181423664093
/Users/prarthanapatel/Desktop/Himanshi/speech_emotion_detection-develop-v2/cremad_preprocessed/audio/1015_IWL_ANG_XX.wav,1015_IWL_ANG_XX.wav,1015,test,3,angry,1,happy,0.9019092321395874
/Users/prarthanapatel/Desktop/Himanshi/speech_emotion_detection-develop-v2/cremad_preprocessed/audio/1015_IWL_DIS_XX.wav,1015_IWL_DIS_XX.wav,1015,test,5,disgust,4,fear,0.9308925867080688
/Users/prarthanapatel/Desktop/Himanshi/speech_emotion_detection-develop-v2/cremad_preprocessed/audio/1015_IWL_FEA_XX.wav,1015_IWL_FEA_XX.wav,1015,test,4,fear,4,fear,0.9612264633178711
/Users/prarthanapatel/Desktop/Himanshi/speech_emotion_detection-develop-v2/cremad_preprocessed/audio/1015_IWL_HAP_XX.wav,1015_IWL_HAP_XX.wav,1015,test,1,happy,1,happy,0.9718711972236633
/Users/prarthanapatel/Desktop/Himanshi/speech_emotion_detection-develop-v2/cremad_preprocessed/audio/1015_IWL_NEU_XX.wav,1015_IWL_NEU_XX.wav,1015,test,0,neutral,0,neutral,0.9654941558837891
/Users/prarthanapatel/Desktop/Himanshi/speech_emotion_detection-develop-v2/cremad_preprocessed/audio/1015_IWL_SAD_XX.wav,1015_IWL_SAD_XX.wav,1015,test,2,sad,4,fear,0.9342263340950012
/Users/prarthanapatel/Desktop/Himanshi/speech_emotion_detection-develop-v2/cremad_preprocessed/audio/1015_IWW_ANG_XX.wav,1015_IWW_ANG_XX.wav,1015,test,3,angry,5,disgust,0.5228750705718994
/Users/prarthanapatel/Desktop/Himanshi/speech_emotion_detection-develop-v2/cremad_preprocessed/audio/1015_IWW_DIS_XX.wav,1015_IWW_DIS_XX.wav,1015,test,5,disgust,4,fear,0.5502238273620605
/Users/prarthanapatel/Desktop/Himanshi/speech_emotion_detection-develop-v2/cremad_preprocessed/audio/1015_IWW_FEA_XX.wav,1015_IWW_FEA_XX.wav,1015,test,4,fear,4,fear,0.8797276020050049
/Users/prarthanapatel/Desktop/Himanshi/speech_emotion_detection-develop-v2/cremad_preprocessed/audio/1015_IWW_HAP_XX.wav,1015_IWW_HAP_XX.wav,1015,test,1,happy,1,happy,0.9764218330383301
/Users/prarthanapatel/Desktop/Himanshi/speech_emotion_detection-develop-v2/cremad_preprocessed/audio/1015_IWW_NEU_XX.wav,1015_IWW_NEU_XX.wav,1015,test,0,neutral,0,neutral,0.956072211265564
/Users/prarthanapatel/Desktop/Himanshi/speech_emotion_detection-develop-v2/cremad_preprocessed/audio/1015_IWW_SAD_XX.wav,1015_IWW_SAD_XX.wav,1015,test,2,sad,4,fear,0.8431653380393982
/Users/prarthanapatel/Desktop/Himanshi/speech_emotion_detection-develop-v2/cremad_preprocessed/audio/1015_MTI_ANG_XX.wav,1015_MTI_ANG_XX.wav,1015,test,3,angry,1,happy,0.8960133790969849
/Users/prarthanapatel/Desktop/Himanshi/speech_emotion_detection-develop-v2/cremad_preprocessed/audio/1015_MTI_DIS_XX.wav,1015_MTI_DIS_XX.wav,1015,test,5,disgust,4,fear,0.49344614148139954
/Users/prarthanapatel/Desktop/Himanshi/speech_emotion_detection-develop-v2/cremad_preprocessed/audio/1015_MTI_FEA_XX.wav,1015_MTI_FEA_XX.wav,1015,test,4,fear,4,fear,0.9612607359886169
/Users/prarthanapatel/Desktop/Himanshi/speech_emotion_detection-develop-v2/cremad_preprocessed/audio/1015_MTI_HAP_XX.wav,1015_MTI_HAP_XX.wav,1015,test,1,happy,1,happy,0.7658143043518066
/Users/prarthanapatel/Desktop/Himanshi/speech_emotion_detection-develop-v2/cremad_preprocessed/audio/1015_MTI_NEU_XX.wav,1015_MTI_NEU_XX.wav,1015,test,0,neutral,0,neutral,0.6500210165977478
/Users/prarthanapatel/Desktop/Himanshi/speech_emotion_detection-develop-v2/cremad_preprocessed/audio/1015_MTI_SAD_XX.wav,1015_MTI_SAD_XX.wav,1015,test,2,sad,2,sad,0.536296546459198
/Users/prarthanapatel/Desktop/Himanshi/speech_emotion_detection-develop-v2/cremad_preprocessed/audio/1015_TAI_ANG_XX.wav,1015_TAI_ANG_XX.wav,1015,test,3,angry,3,angry,0.9939677715301514
/Users/prarthanapatel/Desktop/Himanshi/speech_emotion_detection-develop-v2/cremad_preprocessed/audio/1015_TAI_DIS_XX.wav,1015_TAI_DIS_XX.wav,1015,test,5,disgust,4,fear,0.6907446980476379
/Users/prarthanapatel/Desktop/Himanshi/speech_emotion_detection-develop-v2/cremad_preprocessed/audio/1015_TAI_FEA_XX.wav,1015_TAI_FEA_XX.wav,1015,test,4,fear,4,fear,0.9641158580780029
/Users/prarthanapatel/Desktop/Himanshi/speech_emotion_detection-develop-v2/cremad_preprocessed/audio/1015_TAI_HAP_XX.wav,1015_TAI_HAP_XX.wav,1015,test,1,happy,1,happy,0.9730143547058105
/Users/prarthanapatel/Desktop/Himanshi/speech_emotion_detection-develop-v2/cremad_preprocessed/audio/1015_TAI_NEU_XX.wav,1015_TAI_NEU_XX.wav,1015,test,0,neutral,0,neutral,0.6519636511802673
/Users/prarthanapatel/Desktop/Himanshi/speech_emotion_detection-develop-v2/cremad_preprocessed/audio/1015_TAI_SAD_XX.wav,1015_TAI_SAD_XX.wav,1015,test,2,sad,2,sad,0.8081328272819519
/Users/prarthanapatel/Desktop/Himanshi/speech_emotion_detection-develop-v2/cremad_preprocessed/audio/1015_TIE_ANG_XX.wav,1015_TIE_ANG_XX.wav,1015,test,3,angry,5,disgust,0.6705445051193237
/Users/prarthanapatel/Desktop/Himanshi/speech_emotion_detection-develop-v2/cremad_preprocessed/audio/1015_TIE_DIS_XX.wav,1015_TIE_DIS_XX.wav,1015,test,5,disgust,5,disgust,0.5818755626678467
/Users/prarthanapatel/Desktop/Himanshi/speech_emotion_detection-develop-v2/cremad_preprocessed/audio/1015_TIE_FEA_XX.wav,1015_TIE_FEA_XX.wav,1015,test,4,fear,4,fear,0.7814705967903137
/Users/prarthanapatel/Desktop/Himanshi/speech_emotion_detection-develop-v2/cremad_preprocessed/audio/1015_TIE_HAP_XX.wav,1015_TIE_HAP_XX.wav,1015,test,1,happy,1,happy,0.9670574069023132
/Users/prarthanapatel/Desktop/Himanshi/speech_emotion_detection-develop-v2/cremad_preprocessed/audio/1015_TIE_NEU_XX.wav,1015_TIE_NEU_XX.wav,1015,test,0,neutral,1,happy,0.4053260385990143
/Users/prarthanapatel/Desktop/Himanshi/speech_emotion_detection-develop-v2/cremad_preprocessed/audio/1015_TIE_SAD_XX.wav,1015_TIE_SAD_XX.wav,1015,test,2,sad,0,neutral,0.7926071286201477
/Users/prarthanapatel/Desktop/Himanshi/speech_emotion_detection-develop-v2/cremad_preprocessed/audio/1015_TSI_ANG_XX.wav,1015_TSI_ANG_XX.wav,1015,test,3,angry,1,happy,0.8229409456253052
/Users/prarthanapatel/Desktop/Himanshi/speech_emotion_detection-develop-v2/cremad_preprocessed/audio/1015_TSI_DIS_XX.wav,1015_TSI_DIS_XX.wav,1015,test,5,disgust,2,sad,0.6292252540588379
/Users/prarthanapatel/Desktop/Himanshi/speech_emotion_detection-develop-v2/cremad_preprocessed/audio/1015_TSI_FEA_XX.wav,1015_TSI_FEA_XX.wav,1015,test,4,fear,4,fear,0.9456988573074341
/Users/prarthanapatel/Desktop/Himanshi/speech_emotion_detection-develop-v2/cremad_preprocessed/audio/1015_TSI_HAP_XX.wav,1015_TSI_HAP_XX.wav,1015,test,1,happy,1,happy,0.9796196222305298
/Users/prarthanapatel/Desktop/Himanshi/speech_emotion_detection-develop-v2/cremad_preprocessed/audio/1015_TSI_NEU_XX.wav,1015_TSI_NEU_XX.wav,1015,test,0,neutral,0,neutral,0.9820711016654968
/Users/prarthanapatel/Desktop/Himanshi/speech_emotion_detection-develop-v2/cremad_preprocessed/audio/1015_TSI_SAD_XX.wav,1015_TSI_SAD_XX.wav,1015,test,2,sad,2,sad,0.7806442975997925
/Users/prarthanapatel/Desktop/Himanshi/speech_emotion_detection-develop-v2/cremad_preprocessed/audio/1015_WSI_ANG_XX.wav,1015_WSI_ANG_XX.wav,1015,test,3,angry,3,angry,0.9526321291923523
/Users/prarthanapatel/Desktop/Himanshi/speech_emotion_detection-develop-v2/cremad_preprocessed/audio/1015_WSI_DIS_XX.wav,1015_WSI_DIS_XX.wav,1015,test,5,disgust,1,happy,0.8339740633964539
/Users/prarthanapatel/Desktop/Himanshi/speech_emotion_detection-develop-v2/cremad_preprocessed/audio/1015_WSI_FEA_XX.wav,1015_WSI_FEA_XX.wav,1015,test,4,fear,4,fear,0.950144350528717
/Users/prarthanapatel/Desktop/Himanshi/speech_emotion_detection-develop-v2/cremad_preprocessed/audio/1015_WSI_HAP_XX.wav,1015_WSI_HAP_XX.wav,1015,test,1,happy,1,happy,0.9756348729133606
/Users/prarthanapatel/Desktop/Himanshi/speech_emotion_detection-develop-v2/cremad_preprocessed/audio/1015_WSI_NEU_XX.wav,1015_WSI_NEU_XX.wav,1015,test,0,neutral,2,sad,0.7993248105049133
/Users/prarthanapatel/Desktop/Himanshi/speech_emotion_detection-develop-v2/cremad_preprocessed/audio/1015_WSI_SAD_XX.wav,1015_WSI_SAD_XX.wav,1015,test,2,sad,4,fear,0.5012246370315552
/Users/prarthanapatel/Desktop/Himanshi/speech_emotion_detection-develop-v2/cremad_preprocessed/audio/1020_DFA_ANG_XX.wav,1020_DFA_ANG_XX.wav,1020,test,3,angry,3,angry,0.9919948577880859
/Users/prarthanapatel/Desktop/Himanshi/speech_emotion_detection-develop-v2/cremad_preprocessed/audio/1020_DFA_DIS_XX.wav,1020_DFA_DIS_XX.wav,1020,test,5,disgust,5,disgust,0.8093814253807068
/Users/prarthanapatel/Desktop/Himanshi/speech_emotion_detection-develop-v2/cremad_preprocessed/audio/1020_DFA_FEA_XX.wav,1020_DFA_FEA_XX.wav,1020,test,4,fear,4,fear,0.9553203582763672
/Users/prarthanapatel/Desktop/Himanshi/speech_emotion_detection-develop-v2/cremad_preprocessed/audio/1020_DFA_HAP_XX.wav,1020_DFA_HAP_XX.wav,1020,test,1,happy,1,happy,0.9803548455238342
/Users/prarthanapatel/Desktop/Himanshi/speech_emotion_detection-develop-v2/cremad_preprocessed/audio/1020_DFA_NEU_XX.wav,1020_DFA_NEU_XX.wav,1020,test,0,neutral,1,happy,0.9643144607543945
/Users/prarthanapatel/Desktop/Himanshi/speech_emotion_detection-develop-v2/cremad_preprocessed/audio/1020_DFA_SAD_XX.wav,1020_DFA_SAD_XX.wav,1020,test,2,sad,2,sad,0.5196713209152222
/Users/prarthanapatel/Desktop/Himanshi/speech_emotion_detection-develop-v2/cremad_preprocessed/audio/1020_IEO_ANG_HI.wav,1020_IEO_ANG_HI.wav,1020,test,3,angry,5,disgust,0.762789249420166
/Users/prarthanapatel/Desktop/Himanshi/speech_emotion_detection-develop-v2/cremad_preprocessed/audio/1020_IEO_ANG_LO.wav,1020_IEO_ANG_LO.wav,1020,test,3,angry,3,angry,0.9785884618759155
/Users/prarthanapatel/Desktop/Himanshi/speech_emotion_detection-develop-v2/cremad_preprocessed/audio/1020_IEO_ANG_MD.wav,1020_IEO_ANG_MD.wav,1020,test,3,angry,3,angry,0.9693381786346436
/Users/prarthanapatel/Desktop/Himanshi/speech_emotion_detection-develop-v2/cremad_preprocessed/audio/1020_IEO_DIS_HI.wav,1020_IEO_DIS_HI.wav,1020,test,5,disgust,5,disgust,0.9428161978721619
/Users/prarthanapatel/Desktop/Himanshi/speech_emotion_detection-develop-v2/cremad_preprocessed/audio/1020_IEO_DIS_LO.wav,1020_IEO_DIS_LO.wav,1020,test,5,disgust,5,disgust,0.8757575154304504
/Users/prarthanapatel/Desktop/Himanshi/speech_emotion_detection-develop-v2/cremad_preprocessed/audio/1020_IEO_DIS_MD.wav,1020_IEO_DIS_MD.wav,1020,test,5,disgust,5,disgust,0.9300583004951477
/Users/prarthanapatel/Desktop/Himanshi/speech_emotion_detection-develop-v2/cremad_preprocessed/audio/1020_IEO_FEA_HI.wav,1020_IEO_FEA_HI.wav,1020,test,4,fear,4,fear,0.9535066485404968
/Users/prarthanapatel/Desktop/Himanshi/speech_emotion_detection-develop-v2/cremad_preprocessed/audio/1020_IEO_FEA_LO.wav,1020_IEO_FEA_LO.wav,1020,test,4,fear,4,fear,0.6636528372764587
/Users/prarthanapatel/Desktop/Himanshi/speech_emotion_detection-develop-v2/cremad_preprocessed/audio/1020_IEO_FEA_MD.wav,1020_IEO_FEA_MD.wav,1020,test,4,fear,4,fear,0.9319958686828613
/Users/prarthanapatel/Desktop/Himanshi/speech_emotion_detection-develop-v2/cremad_preprocessed/audio/1020_IEO_HAP_HI.wav,1020_IEO_HAP_HI.wav,1020,test,1,happy,1,happy,0.9714856743812561
/Users/prarthanapatel/Desktop/Himanshi/speech_emotion_detection-develop-v2/cremad_preprocessed/audio/1020_IEO_HAP_LO.wav,1020_IEO_HAP_LO.wav,1020,test,1,happy,1,happy,0.9656652808189392
/Users/prarthanapatel/Desktop/Himanshi/speech_emotion_detection-develop-v2/cremad_preprocessed/audio/1020_IEO_HAP_MD.wav,1020_IEO_HAP_MD.wav,1020,test,1,happy,1,happy,0.8183742761611938
/Users/prarthanapatel/Desktop/Himanshi/speech_emotion_detection-develop-v2/cremad_preprocessed/audio/1020_IEO_NEU_XX.wav,1020_IEO_NEU_XX.wav,1020,test,0,neutral,1,happy,0.9242019057273865
/Users/prarthanapatel/Desktop/Himanshi/speech_emotion_detection-develop-v2/cremad_preprocessed/audio/1020_IEO_SAD_HI.wav,1020_IEO_SAD_HI.wav,1020,test,2,sad,5,disgust,0.6077642440795898
/Users/prarthanapatel/Desktop/Himanshi/speech_emotion_detection-develop-v2/cremad_preprocessed/audio/1020_IEO_SAD_LO.wav,1020_IEO_SAD_LO.wav,1020,test,2,sad,1,happy,0.9740513563156128
/Users/prarthanapatel/Desktop/Himanshi/speech_emotion_detection-develop-v2/cremad_preprocessed/audio/1020_IEO_SAD_MD.wav,1020_IEO_SAD_MD.wav,1020,test,2,sad,4,fear,0.8148319125175476
/Users/prarthanapatel/Desktop/Himanshi/speech_emotion_detection-develop-v2/cremad_preprocessed/audio/1020_IOM_ANG_XX.wav,1020_IOM_ANG_XX.wav,1020,test,3,angry,3,angry,0.9930092096328735
/Users/prarthanapatel/Desktop/Himanshi/speech_emotion_detection-develop-v2/cremad_preprocessed/audio/1020_IOM_DIS_XX.wav,1020_IOM_DIS_XX.wav,1020,test,5,disgust,5,disgust,0.9062021374702454
/Users/prarthanapatel/Desktop/Himanshi/speech_emotion_detection-develop-v2/cremad_preprocessed/audio/1020_IOM_FEA_XX.wav,1020_IOM_FEA_XX.wav,1020,test,4,fear,4,fear,0.7250493168830872
/Users/prarthanapatel/Desktop/Himanshi/speech_emotion_detection-develop-v2/cremad_preprocessed/audio/1020_IOM_HAP_XX.wav,1020_IOM_HAP_XX.wav,1020,test,1,happy,1,happy,0.9782721996307373
/Users/prarthanapatel/Desktop/Himanshi/speech_emotion_detection-develop-v2/cremad_preprocessed/audio/1020_IOM_NEU_XX.wav,1020_IOM_NEU_XX.wav,1020,test,0,neutral,0,neutral,0.9516099095344543
/Users/prarthanapatel/Desktop/Himanshi/speech_emotion_detection-develop-v2/cremad_preprocessed/audio/1020_IOM_SAD_XX.wav,1020_IOM_SAD_XX.wav,1020,test,2,sad,2,sad,0.7325664162635803
/Users/prarthanapatel/Desktop/Himanshi/speech_emotion_detection-develop-v2/cremad_preprocessed/audio/1020_ITH_ANG_XX.wav,1020_ITH_ANG_XX.wav,1020,test,3,angry,3,angry,0.9928580522537231
/Users/prarthanapatel/Desktop/Himanshi/speech_emotion_detection-develop-v2/cremad_preprocessed/audio/1020_ITH_DIS_XX.wav,1020_ITH_DIS_XX.wav,1020,test,5,disgust,5,disgust,0.958579421043396
/Users/prarthanapatel/Desktop/Himanshi/speech_emotion_detection-develop-v2/cremad_preprocessed/audio/1020_ITH_FEA_XX.wav,1020_ITH_FEA_XX.wav,1020,test,4,fear,4,fear,0.8318732976913452
/Users/prarthanapatel/Desktop/Himanshi/speech_emotion_detection-develop-v2/cremad_preprocessed/audio/1020_ITH_HAP_XX.wav,1020_ITH_HAP_XX.wav,1020,test,1,happy,1,happy,0.9786494374275208
/Users/prarthanapatel/Desktop/Himanshi/speech_emotion_detection-develop-v2/cremad_preprocessed/audio/1020_ITH_NEU_XX.wav,1020_ITH_NEU_XX.wav,1020,test,0,neutral,0,neutral,0.9880465269088745
/Users/prarthanapatel/Desktop/Himanshi/speech_emotion_detection-develop-v2/cremad_preprocessed/audio/1020_ITH_SAD_XX.wav,1020_ITH_SAD_XX.wav,1020,test,2,sad,2,sad,0.8007131218910217
/Users/prarthanapatel/Desktop/Himanshi/speech_emotion_detection-develop-v2/cremad_preprocessed/audio/1020_ITS_ANG_XX.wav,1020_ITS_ANG_XX.wav,1020,test,3,angry,3,angry,0.9444290995597839
/Users/prarthanapatel/Desktop/Himanshi/speech_emotion_detection-develop-v2/cremad_preprocessed/audio/1020_ITS_DIS_XX.wav,1020_ITS_DIS_XX.wav,1020,test,5,disgust,5,disgust,0.9404925107955933
/Users/prarthanapatel/Desktop/Himanshi/speech_emotion_detection-develop-v2/cremad_preprocessed/audio/1020_ITS_FEA_XX.wav,1020_ITS_FEA_XX.wav,1020,test,4,fear,4,fear,0.9328054785728455
/Users/prarthanapatel/Desktop/Himanshi/speech_emotion_detection-develop-v2/cremad_preprocessed/audio/1020_ITS_HAP_XX.wav,1020_ITS_HAP_XX.wav,1020,test,1,happy,1,happy,0.9702850580215454
/Users/prarthanapatel/Desktop/Himanshi/speech_emotion_detection-develop-v2/cremad_preprocessed/audio/1020_ITS_NEU_XX.wav,1020_ITS_NEU_XX.wav,1020,test,0,neutral,0,neutral,0.9884218573570251
/Users/prarthanapatel/Desktop/Himanshi/speech_emotion_detection-develop-v2/cremad_preprocessed/audio/1020_ITS_SAD_XX.wav,1020_ITS_SAD_XX.wav,1020,test,2,sad,2,sad,0.8569432497024536
/Users/prarthanapatel/Desktop/Himanshi/speech_emotion_detection-develop-v2/cremad_preprocessed/audio/1020_IWL_ANG_XX.wav,1020_IWL_ANG_XX.wav,1020,test,3,angry,3,angry,0.9907252192497253
/Users/prarthanapatel/Desktop/Himanshi/speech_emotion_detection-develop-v2/cremad_preprocessed/audio/1020_IWL_DIS_XX.wav,1020_IWL_DIS_XX.wav,1020,test,5,disgust,5,disgust,0.9588209986686707
/Users/prarthanapatel/Desktop/Himanshi/speech_emotion_detection-develop-v2/cremad_preprocessed/audio/1020_IWL_FEA_XX.wav,1020_IWL_FEA_XX.wav,1020,test,4,fear,5,disgust,0.6896608471870422
/Users/prarthanapatel/Desktop/Himanshi/speech_emotion_detection-develop-v2/cremad_preprocessed/audio/1020_IWL_HAP_XX.wav,1020_IWL_HAP_XX.wav,1020,test,1,happy,1,happy,0.9720364212989807
/Users/prarthanapatel/Desktop/Himanshi/speech_emotion_detection-develop-v2/cremad_preprocessed/audio/1020_IWL_NEU_XX.wav,1020_IWL_NEU_XX.wav,1020,test,0,neutral,0,neutral,0.9865878224372864
/Users/prarthanapatel/Desktop/Himanshi/speech_emotion_detection-develop-v2/cremad_preprocessed/audio/1020_IWL_SAD_XX.wav,1020_IWL_SAD_XX.wav,1020,test,2,sad,4,fear,0.5555610656738281
/Users/prarthanapatel/Desktop/Himanshi/speech_emotion_detection-develop-v2/cremad_preprocessed/audio/1020_IWW_ANG_XX.wav,1020_IWW_ANG_XX.wav,1020,test,3,angry,3,angry,0.9870087504386902
/Users/prarthanapatel/Desktop/Himanshi/speech_emotion_detection-develop-v2/cremad_preprocessed/audio/1020_IWW_DIS_XX.wav,1020_IWW_DIS_XX.wav,1020,test,5,disgust,5,disgust,0.8308848738670349
/Users/prarthanapatel/Desktop/Himanshi/speech_emotion_detection-develop-v2/cremad_preprocessed/audio/1020_IWW_FEA_XX.wav,1020_IWW_FEA_XX.wav,1020,test,4,fear,4,fear,0.8543476462364197
/Users/prarthanapatel/Desktop/Himanshi/speech_emotion_detection-develop-v2/cremad_preprocessed/audio/1020_IWW_HAP_XX.wav,1020_IWW_HAP_XX.wav,1020,test,1,happy,1,happy,0.9614821672439575
/Users/prarthanapatel/Desktop/Himanshi/speech_emotion_detection-develop-v2/cremad_preprocessed/audio/1020_IWW_NEU_XX.wav,1020_IWW_NEU_XX.wav,1020,test,0,neutral,0,neutral,0.8503640294075012
/Users/prarthanapatel/Desktop/Himanshi/speech_emotion_detection-develop-v2/cremad_preprocessed/audio/1020_IWW_SAD_XX.wav,1020_IWW_SAD_XX.wav,1020,test,2,sad,2,sad,0.7776934504508972
/Users/prarthanapatel/Desktop/Himanshi/speech_emotion_detection-develop-v2/cremad_preprocessed/audio/1020_MTI_ANG_XX.wav,1020_MTI_ANG_XX.wav,1020,test,3,angry,1,happy,0.6240766644477844
/Users/prarthanapatel/Desktop/Himanshi/speech_emotion_detection-develop-v2/cremad_preprocessed/audio/1020_MTI_DIS_XX.wav,1020_MTI_DIS_XX.wav,1020,test,5,disgust,5,disgust,0.931738018989563
/Users/prarthanapatel/Desktop/Himanshi/speech_emotion_detection-develop-v2/cremad_preprocessed/audio/1020_MTI_FEA_XX.wav,1020_MTI_FEA_XX.wav,1020,test,4,fear,4,fear,0.9117423892021179
/Users/prarthanapatel/Desktop/Himanshi/speech_emotion_detection-develop-v2/cremad_preprocessed/audio/1020_MTI_HAP_XX.wav,1020_MTI_HAP_XX.wav,1020,test,1,happy,1,happy,0.9788119196891785
/Users/prarthanapatel/Desktop/Himanshi/speech_emotion_detection-develop-v2/cremad_preprocessed/audio/1020_MTI_NEU_XX.wav,1020_MTI_NEU_XX.wav,1020,test,0,neutral,0,neutral,0.9868756532669067
/Users/prarthanapatel/Desktop/Himanshi/speech_emotion_detection-develop-v2/cremad_preprocessed/audio/1020_MTI_SAD_XX.wav,1020_MTI_SAD_XX.wav,1020,test,2,sad,2,sad,0.8089954257011414
/Users/prarthanapatel/Desktop/Himanshi/speech_emotion_detection-develop-v2/cremad_preprocessed/audio/1020_TAI_ANG_XX.wav,1020_TAI_ANG_XX.wav,1020,test,3,angry,3,angry,0.8654325008392334
/Users/prarthanapatel/Desktop/Himanshi/speech_emotion_detection-develop-v2/cremad_preprocessed/audio/1020_TAI_DIS_XX.wav,1020_TAI_DIS_XX.wav,1020,test,5,disgust,5,disgust,0.9402157664299011
/Users/prarthanapatel/Desktop/Himanshi/speech_emotion_detection-develop-v2/cremad_preprocessed/audio/1020_TAI_FEA_XX.wav,1020_TAI_FEA_XX.wav,1020,test,4,fear,1,happy,0.8066471219062805
/Users/prarthanapatel/Desktop/Himanshi/speech_emotion_detection-develop-v2/cremad_preprocessed/audio/1020_TAI_HAP_XX.wav,1020_TAI_HAP_XX.wav,1020,test,1,happy,1,happy,0.9712480306625366
/Users/prarthanapatel/Desktop/Himanshi/speech_emotion_detection-develop-v2/cremad_preprocessed/audio/1020_TAI_NEU_XX.wav,1020_TAI_NEU_XX.wav,1020,test,0,neutral,0,neutral,0.9881590008735657
/Users/prarthanapatel/Desktop/Himanshi/speech_emotion_detection-develop-v2/cremad_preprocessed/audio/1020_TAI_SAD_XX.wav,1020_TAI_SAD_XX.wav,1020,test,2,sad,2,sad,0.7918115854263306
/Users/prarthanapatel/Desktop/Himanshi/speech_emotion_detection-develop-v2/cremad_preprocessed/audio/1020_TIE_ANG_XX.wav,1020_TIE_ANG_XX.wav,1020,test,3,angry,3,angry,0.9921171069145203
/Users/prarthanapatel/Desktop/Himanshi/speech_emotion_detection-develop-v2/cremad_preprocessed/audio/1020_TIE_DIS_XX.wav,1020_TIE_DIS_XX.wav,1020,test,5,disgust,5,disgust,0.9331583976745605
/Users/prarthanapatel/Desktop/Himanshi/speech_emotion_detection-develop-v2/cremad_preprocessed/audio/1020_TIE_FEA_XX.wav,1020_TIE_FEA_XX.wav,1020,test,4,fear,1,happy,0.5451405048370361
/Users/prarthanapatel/Desktop/Himanshi/speech_emotion_detection-develop-v2/cremad_preprocessed/audio/1020_TIE_HAP_XX.wav,1020_TIE_HAP_XX.wav,1020,test,1,happy,1,happy,0.9620662927627563
/Users/prarthanapatel/Desktop/Himanshi/speech_emotion_detection-develop-v2/cremad_preprocessed/audio/1020_TIE_NEU_XX.wav,1020_TIE_NEU_XX.wav,1020,test,0,neutral,0,neutral,0.9592688083648682
/Users/prarthanapatel/Desktop/Himanshi/speech_emotion_detection-develop-v2/cremad_preprocessed/audio/1020_TIE_SAD_XX.wav,1020_TIE_SAD_XX.wav,1020,test,2,sad,2,sad,0.5811501145362854
/Users/prarthanapatel/Desktop/Himanshi/speech_emotion_detection-develop-v2/cremad_preprocessed/audio/1020_TSI_ANG_XX.wav,1020_TSI_ANG_XX.wav,1020,test,3,angry,3,angry,0.9874162077903748
/Users/prarthanapatel/Desktop/Himanshi/speech_emotion_detection-develop-v2/cremad_preprocessed/audio/1020_TSI_DIS_XX.wav,1020_TSI_DIS_XX.wav,1020,test,5,disgust,5,disgust,0.9222241640090942
/Users/prarthanapatel/Desktop/Himanshi/speech_emotion_detection-develop-v2/cremad_preprocessed/audio/1020_TSI_FEA_XX.wav,1020_TSI_FEA_XX.wav,1020,test,4,fear,4,fear,0.9027496576309204
/Users/prarthanapatel/Desktop/Himanshi/speech_emotion_detection-develop-v2/cremad_preprocessed/audio/1020_TSI_HAP_XX.wav,1020_TSI_HAP_XX.wav,1020,test,1,happy,1,happy,0.9770954847335815
/Users/prarthanapatel/Desktop/Himanshi/speech_emotion_detection-develop-v2/cremad_preprocessed/audio/1020_TSI_NEU_XX.wav,1020_TSI_NEU_XX.wav,1020,test,0,neutral,0,neutral,0.9332360625267029
/Users/prarthanapatel/Desktop/Himanshi/speech_emotion_detection-develop-v2/cremad_preprocessed/audio/1020_TSI_SAD_XX.wav,1020_TSI_SAD_XX.wav,1020,test,2,sad,2,sad,0.6974768042564392
/Users/prarthanapatel/Desktop/Himanshi/speech_emotion_detection-develop-v2/cremad_preprocessed/audio/1020_WSI_ANG_XX.wav,1020_WSI_ANG_XX.wav,1020,test,3,angry,3,angry,0.9808126091957092
/Users/prarthanapatel/Desktop/Himanshi/speech_emotion_detection-develop-v2/cremad_preprocessed/audio/1020_WSI_DIS_XX.wav,1020_WSI_DIS_XX.wav,1020,test,5,disgust,5,disgust,0.9540196657180786
/Users/prarthanapatel/Desktop/Himanshi/speech_emotion_detection-develop-v2/cremad_preprocessed/audio/1020_WSI_FEA_XX.wav,1020_WSI_FEA_XX.wav,1020,test,4,fear,4,fear,0.9552752375602722
/Users/prarthanapatel/Desktop/Himanshi/speech_emotion_detection-develop-v2/cremad_preprocessed/audio/1020_WSI_HAP_XX.wav,1020_WSI_HAP_XX.wav,1020,test,1,happy,1,happy,0.9749888181686401
/Users/prarthanapatel/Desktop/Himanshi/speech_emotion_detection-develop-v2/cremad_preprocessed/audio/1020_WSI_NEU_XX.wav,1020_WSI_NEU_XX.wav,1020,test,0,neutral,0,neutral,0.9725770354270935
/Users/prarthanapatel/Desktop/Himanshi/speech_emotion_detection-develop-v2/cremad_preprocessed/audio/1020_WSI_SAD_XX.wav,1020_WSI_SAD_XX.wav,1020,test,2,sad,2,sad,0.9134126305580139
/Users/prarthanapatel/Desktop/Himanshi/speech_emotion_detection-develop-v2/cremad_preprocessed/audio/1036_DFA_ANG_XX.wav,1036_DFA_ANG_XX.wav,1036,test,3,angry,3,angry,0.9936926364898682
/Users/prarthanapatel/Desktop/Himanshi/speech_emotion_detection-develop-v2/cremad_preprocessed/audio/1036_DFA_DIS_XX.wav,1036_DFA_DIS_XX.wav,1036,test,5,disgust,3,angry,0.782717764377594
/Users/prarthanapatel/Desktop/Himanshi/speech_emotion_detection-develop-v2/cremad_preprocessed/audio/1036_DFA_FEA_XX.wav,1036_DFA_FEA_XX.wav,1036,test,4,fear,4,fear,0.9647805690765381
/Users/prarthanapatel/Desktop/Himanshi/speech_emotion_detection-develop-v2/cremad_preprocessed/audio/1036_DFA_HAP_XX.wav,1036_DFA_HAP_XX.wav,1036,test,1,happy,4,fear,0.793704092502594
/Users/prarthanapatel/Desktop/Himanshi/speech_emotion_detection-develop-v2/cremad_preprocessed/audio/1036_DFA_NEU_XX.wav,1036_DFA_NEU_XX.wav,1036,test,0,neutral,1,happy,0.973760187625885
/Users/prarthanapatel/Desktop/Himanshi/speech_emotion_detection-develop-v2/cremad_preprocessed/audio/1036_DFA_SAD_XX.wav,1036_DFA_SAD_XX.wav,1036,test,2,sad,4,fear,0.8570609092712402
/Users/prarthanapatel/Desktop/Himanshi/speech_emotion_detection-develop-v2/cremad_preprocessed/audio/1036_IEO_ANG_HI.wav,1036_IEO_ANG_HI.wav,1036,test,3,angry,3,angry,0.9909446239471436
/Users/prarthanapatel/Desktop/Himanshi/speech_emotion_detection-develop-v2/cremad_preprocessed/audio/1036_IEO_ANG_LO.wav,1036_IEO_ANG_LO.wav,1036,test,3,angry,1,happy,0.7410275340080261
/Users/prarthanapatel/Desktop/Himanshi/speech_emotion_detection-develop-v2/cremad_preprocessed/audio/1036_IEO_ANG_MD.wav,1036_IEO_ANG_MD.wav,1036,test,3,angry,3,angry,0.6963722109794617
/Users/prarthanapatel/Desktop/Himanshi/speech_emotion_detection-develop-v2/cremad_preprocessed/audio/1036_IEO_DIS_HI.wav,1036_IEO_DIS_HI.wav,1036,test,5,disgust,5,disgust,0.94820237159729
/Users/prarthanapatel/Desktop/Himanshi/speech_emotion_detection-develop-v2/cremad_preprocessed/audio/1036_IEO_DIS_LO.wav,1036_IEO_DIS_LO.wav,1036,test,5,disgust,1,happy,0.7383061051368713
/Users/prarthanapatel/Desktop/Himanshi/speech_emotion_detection-develop-v2/cremad_preprocessed/audio/1036_IEO_DIS_MD.wav,1036_IEO_DIS_MD.wav,1036,test,5,disgust,1,happy,0.551056981086731
/Users/prarthanapatel/Desktop/Himanshi/speech_emotion_detection-develop-v2/cremad_preprocessed/audio/1036_IEO_FEA_HI.wav,1036_IEO_FEA_HI.wav,1036,test,4,fear,4,fear,0.9620542526245117
/Users/prarthanapatel/Desktop/Himanshi/speech_emotion_detection-develop-v2/cremad_preprocessed/audio/1036_IEO_FEA_LO.wav,1036_IEO_FEA_LO.wav,1036,test,4,fear,4,fear,0.9590137004852295
/Users/prarthanapatel/Desktop/Himanshi/speech_emotion_detection-develop-v2/cremad_preprocessed/audio/1036_IEO_FEA_MD.wav,1036_IEO_FEA_MD.wav,1036,test,4,fear,4,fear,0.9475229978561401
/Users/prarthanapatel/Desktop/Himanshi/speech_emotion_detection-develop-v2/cremad_preprocessed/audio/1036_IEO_HAP_HI.wav,1036_IEO_HAP_HI.wav,1036,test,1,happy,3,angry,0.901075541973114
/Users/prarthanapatel/Desktop/Himanshi/speech_emotion_detection-develop-v2/cremad_preprocessed/audio/1036_IEO_HAP_LO.wav,1036_IEO_HAP_LO.wav,1036,test,1,happy,1,happy,0.970268189907074
/Users/prarthanapatel/Desktop/Himanshi/speech_emotion_detection-develop-v2/cremad_preprocessed/audio/1036_IEO_HAP_MD.wav,1036_IEO_HAP_MD.wav,1036,test,1,happy,1,happy,0.677956223487854
/Users/prarthanapatel/Desktop/Himanshi/speech_emotion_detection-develop-v2/cremad_preprocessed/audio/1036_IEO_NEU_XX.wav,1036_IEO_NEU_XX.wav,1036,test,0,neutral,1,happy,0.8384554982185364
/Users/prarthanapatel/Desktop/Himanshi/speech_emotion_detection-develop-v2/cremad_preprocessed/audio/1036_IEO_SAD_HI.wav,1036_IEO_SAD_HI.wav,1036,test,2,sad,4,fear,0.5708991885185242
/Users/prarthanapatel/Desktop/Himanshi/speech_emotion_detection-develop-v2/cremad_preprocessed/audio/1036_IEO_SAD_LO.wav,1036_IEO_SAD_LO.wav,1036,test,2,sad,4,fear,0.4026222229003906
/Users/prarthanapatel/Desktop/Himanshi/speech_emotion_detection-develop-v2/cremad_preprocessed/audio/1036_IEO_SAD_MD.wav,1036_IEO_SAD_MD.wav,1036,test,2,sad,5,disgust,0.569747805595398
/Users/prarthanapatel/Desktop/Himanshi/speech_emotion_detection-develop-v2/cremad_preprocessed/audio/1036_IOM_ANG_XX.wav,1036_IOM_ANG_XX.wav,1036,test,3,angry,5,disgust,0.9473723769187927
/Users/prarthanapatel/Desktop/Himanshi/speech_emotion_detection-develop-v2/cremad_preprocessed/audio/1036_IOM_DIS_XX.wav,1036_IOM_DIS_XX.wav,1036,test,5,disgust,5,disgust,0.8320814967155457
/Users/prarthanapatel/Desktop/Himanshi/speech_emotion_detection-develop-v2/cremad_preprocessed/audio/1036_IOM_FEA_XX.wav,1036_IOM_FEA_XX.wav,1036,test,4,fear,4,fear,0.8686415553092957
/Users/prarthanapatel/Desktop/Himanshi/speech_emotion_detection-develop-v2/cremad_preprocessed/audio/1036_IOM_HAP_XX.wav,1036_IOM_HAP_XX.wav,1036,test,1,happy,1,happy,0.5797631144523621
/Users/prarthanapatel/Desktop/Himanshi/speech_emotion_detection-develop-v2/cremad_preprocessed/audio/1036_IOM_NEU_XX.wav,1036_IOM_NEU_XX.wav,1036,test,0,neutral,0,neutral,0.7822447419166565
/Users/prarthanapatel/Desktop/Himanshi/speech_emotion_detection-develop-v2/cremad_preprocessed/audio/1036_IOM_SAD_XX.wav,1036_IOM_SAD_XX.wav,1036,test,2,sad,2,sad,0.7018504738807678
/Users/prarthanapatel/Desktop/Himanshi/speech_emotion_detection-develop-v2/cremad_preprocessed/audio/1036_ITH_ANG_XX.wav,1036_ITH_ANG_XX.wav,1036,test,3,angry,3,angry,0.9919281005859375
/Users/prarthanapatel/Desktop/Himanshi/speech_emotion_detection-develop-v2/cremad_preprocessed/audio/1036_ITH_DIS_XX.wav,1036_ITH_DIS_XX.wav,1036,test,5,disgust,3,angry,0.9905201196670532
/Users/prarthanapatel/Desktop/Himanshi/speech_emotion_detection-develop-v2/cremad_preprocessed/audio/1036_ITH_FEA_XX.wav,1036_ITH_FEA_XX.wav,1036,test,4,fear,4,fear,0.897300660610199
/Users/prarthanapatel/Desktop/Himanshi/speech_emotion_detection-develop-v2/cremad_preprocessed/audio/1036_ITH_HAP_XX.wav,1036_ITH_HAP_XX.wav,1036,test,1,happy,3,angry,0.9908919930458069
/Users/prarthanapatel/Desktop/Himanshi/speech_emotion_detection-develop-v2/cremad_preprocessed/audio/1036_ITH_NEU_XX.wav,1036_ITH_NEU_XX.wav,1036,test,0,neutral,0,neutral,0.8483244776725769
/Users/prarthanapatel/Desktop/Himanshi/speech_emotion_detection-develop-v2/cremad_preprocessed/audio/1036_ITH_SAD_XX.wav,1036_ITH_SAD_XX.wav,1036,test,2,sad,1,happy,0.7645648717880249
/Users/prarthanapatel/Desktop/Himanshi/speech_emotion_detection-develop-v2/cremad_preprocessed/audio/1036_ITS_ANG_XX.wav,1036_ITS_ANG_XX.wav,1036,test,3,angry,3,angry,0.9947821497917175
/Users/prarthanapatel/Desktop/Himanshi/speech_emotion_detection-develop-v2/cremad_preprocessed/audio/1036_ITS_DIS_XX.wav,1036_ITS_DIS_XX.wav,1036,test,5,disgust,1,happy,0.8796142935752869
/Users/prarthanapatel/Desktop/Himanshi/speech_emotion_detection-develop-v2/cremad_preprocessed/audio/1036_ITS_FEA_XX.wav,1036_ITS_FEA_XX.wav,1036,test,4,fear,1,happy,0.6503347158432007
/Users/prarthanapatel/Desktop/Himanshi/speech_emotion_detection-develop-v2/cremad_preprocessed/audio/1036_ITS_HAP_XX.wav,1036_ITS_HAP_XX.wav,1036,test,1,happy,3,angry,0.9889256358146667
/Users/prarthanapatel/Desktop/Himanshi/speech_emotion_detection-develop-v2/cremad_preprocessed/audio/1036_ITS_NEU_XX.wav,1036_ITS_NEU_XX.wav,1036,test,0,neutral,1,happy,0.9432805180549622
/Users/prarthanapatel/Desktop/Himanshi/speech_emotion_detection-develop-v2/cremad_preprocessed/audio/1036_ITS_SAD_XX.wav,1036_ITS_SAD_XX.wav,1036,test,2,sad,1,happy,0.9376345872879028
/Users/prarthanapatel/Desktop/Himanshi/speech_emotion_detection-develop-v2/cremad_preprocessed/audio/1036_IWL_ANG_XX.wav,1036_IWL_ANG_XX.wav,1036,test,3,angry,3,angry,0.9855925440788269
/Users/prarthanapatel/Desktop/Himanshi/speech_emotion_detection-develop-v2/cremad_preprocessed/audio/1036_IWL_DIS_XX.wav,1036_IWL_DIS_XX.wav,1036,test,5,disgust,5,disgust,0.7521283626556396
/Users/prarthanapatel/Desktop/Himanshi/speech_emotion_detection-develop-v2/cremad_preprocessed/audio/1036_IWL_FEA_XX.wav,1036_IWL_FEA_XX.wav,1036,test,4,fear,4,fear,0.9575003385543823
/Users/prarthanapatel/Desktop/Himanshi/speech_emotion_detection-develop-v2/cremad_preprocessed/audio/1036_IWL_HAP_XX.wav,1036_IWL_HAP_XX.wav,1036,test,1,happy,3,angry,0.6384569406509399
/Users/prarthanapatel/Desktop/Himanshi/speech_emotion_detection-develop-v2/cremad_preprocessed/audio/1036_IWL_NEU_XX.wav,1036_IWL_NEU_XX.wav,1036,test,0,neutral,1,happy,0.9082952737808228
/Users/prarthanapatel/Desktop/Himanshi/speech_emotion_detection-develop-v2/cremad_preprocessed/audio/1036_IWL_SAD_XX.wav,1036_IWL_SAD_XX.wav,1036,test,2,sad,1,happy,0.9704599380493164
/Users/prarthanapatel/Desktop/Himanshi/speech_emotion_detection-develop-v2/cremad_preprocessed/audio/1036_IWW_ANG_XX.wav,1036_IWW_ANG_XX.wav,1036,test,3,angry,3,angry,0.982093870639801
/Users/prarthanapatel/Desktop/Himanshi/speech_emotion_detection-develop-v2/cremad_preprocessed/audio/1036_IWW_DIS_XX.wav,1036_IWW_DIS_XX.wav,1036,test,5,disgust,5,disgust,0.953936755657196
/Users/prarthanapatel/Desktop/Himanshi/speech_emotion_detection-develop-v2/cremad_preprocessed/audio/1036_IWW_FEA_XX.wav,1036_IWW_FEA_XX.wav,1036,test,4,fear,4,fear,0.8734866976737976
/Users/prarthanapatel/Desktop/Himanshi/speech_emotion_detection-develop-v2/cremad_preprocessed/audio/1036_IWW_HAP_XX.wav,1036_IWW_HAP_XX.wav,1036,test,1,happy,3,angry,0.9930670261383057
/Users/prarthanapatel/Desktop/Himanshi/speech_emotion_detection-develop-v2/cremad_preprocessed/audio/1036_IWW_NEU_XX.wav,1036_IWW_NEU_XX.wav,1036,test,0,neutral,2,sad,0.7861844301223755
/Users/prarthanapatel/Desktop/Himanshi/speech_emotion_detection-develop-v2/cremad_preprocessed/audio/1036_IWW_SAD_XX.wav,1036_IWW_SAD_XX.wav,1036,test,2,sad,4,fear,0.45907658338546753
/Users/prarthanapatel/Desktop/Himanshi/speech_emotion_detection-develop-v2/cremad_preprocessed/audio/1036_MTI_ANG_XX.wav,1036_MTI_ANG_XX.wav,1036,test,3,angry,3,angry,0.9904173612594604
/Users/prarthanapatel/Desktop/Himanshi/speech_emotion_detection-develop-v2/cremad_preprocessed/audio/1036_MTI_DIS_XX.wav,1036_MTI_DIS_XX.wav,1036,test,5,disgust,5,disgust,0.8997653722763062
/Users/prarthanapatel/Desktop/Himanshi/speech_emotion_detection-develop-v2/cremad_preprocessed/audio/1036_MTI_FEA_XX.wav,1036_MTI_FEA_XX.wav,1036,test,4,fear,4,fear,0.9195242524147034
/Users/prarthanapatel/Desktop/Himanshi/speech_emotion_detection-develop-v2/cremad_preprocessed/audio/1036_MTI_HAP_XX.wav,1036_MTI_HAP_XX.wav,1036,test,1,happy,4,fear,0.6330631375312805
/Users/prarthanapatel/Desktop/Himanshi/speech_emotion_detection-develop-v2/cremad_preprocessed/audio/1036_MTI_NEU_XX.wav,1036_MTI_NEU_XX.wav,1036,test,0,neutral,4,fear,0.5756238102912903
/Users/prarthanapatel/Desktop/Himanshi/speech_emotion_detection-develop-v2/cremad_preprocessed/audio/1036_MTI_SAD_XX.wav,1036_MTI_SAD_XX.wav,1036,test,2,sad,4,fear,0.7481394410133362
/Users/prarthanapatel/Desktop/Himanshi/speech_emotion_detection-develop-v2/cremad_preprocessed/audio/1036_TAI_ANG_XX.wav,1036_TAI_ANG_XX.wav,1036,test,3,angry,3,angry,0.9903066158294678
/Users/prarthanapatel/Desktop/Himanshi/speech_emotion_detection-develop-v2/cremad_preprocessed/audio/1036_TAI_DIS_XX.wav,1036_TAI_DIS_XX.wav,1036,test,5,disgust,5,disgust,0.9568812847137451
/Users/prarthanapatel/Desktop/Himanshi/speech_emotion_detection-develop-v2/cremad_preprocessed/audio/1036_TAI_FEA_XX.wav,1036_TAI_FEA_XX.wav,1036,test,4,fear,5,disgust,0.4655332863330841
/Users/prarthanapatel/Desktop/Himanshi/speech_emotion_detection-develop-v2/cremad_preprocessed/audio/1036_TAI_HAP_XX.wav,1036_TAI_HAP_XX.wav,1036,test,1,happy,3,angry,0.49860385060310364
/Users/prarthanapatel/Desktop/Himanshi/speech_emotion_detection-develop-v2/cremad_preprocessed/audio/1036_TAI_NEU_XX.wav,1036_TAI_NEU_XX.wav,1036,test,0,neutral,0,neutral,0.7730371952056885
/Users/prarthanapatel/Desktop/Himanshi/speech_emotion_detection-develop-v2/cremad_preprocessed/audio/1036_TAI_SAD_XX.wav,1036_TAI_SAD_XX.wav,1036,test,2,sad,5,disgust,0.3864600658416748
/Users/prarthanapatel/Desktop/Himanshi/speech_emotion_detection-develop-v2/cremad_preprocessed/audio/1036_TIE_ANG_XX.wav,1036_TIE_ANG_XX.wav,1036,test,3,angry,5,disgust,0.5042852759361267
/Users/prarthanapatel/Desktop/Himanshi/speech_emotion_detection-develop-v2/cremad_preprocessed/audio/1036_TIE_DIS_XX.wav,1036_TIE_DIS_XX.wav,1036,test,5,disgust,2,sad,0.3526133894920349
/Users/prarthanapatel/Desktop/Himanshi/speech_emotion_detection-develop-v2/cremad_preprocessed/audio/1036_TIE_FEA_XX.wav,1036_TIE_FEA_XX.wav,1036,test,4,fear,4,fear,0.6940360069274902
/Users/prarthanapatel/Desktop/Himanshi/speech_emotion_detection-develop-v2/cremad_preprocessed/audio/1036_TIE_HAP_XX.wav,1036_TIE_HAP_XX.wav,1036,test,1,happy,1,happy,0.967265248298645
/Users/prarthanapatel/Desktop/Himanshi/speech_emotion_detection-develop-v2/cremad_preprocessed/audio/1036_TIE_NEU_XX.wav,1036_TIE_NEU_XX.wav,1036,test,0,neutral,0,neutral,0.8651369214057922
/Users/prarthanapatel/Desktop/Himanshi/speech_emotion_detection-develop-v2/cremad_preprocessed/audio/1036_TIE_SAD_XX.wav,1036_TIE_SAD_XX.wav,1036,test,2,sad,2,sad,0.8362524509429932
/Users/prarthanapatel/Desktop/Himanshi/speech_emotion_detection-develop-v2/cremad_preprocessed/audio/1036_TSI_ANG_XX.wav,1036_TSI_ANG_XX.wav,1036,test,3,angry,3,angry,0.9943661689758301
/Users/prarthanapatel/Desktop/Himanshi/speech_emotion_detection-develop-v2/cremad_preprocessed/audio/1036_TSI_DIS_XX.wav,1036_TSI_DIS_XX.wav,1036,test,5,disgust,1,happy,0.9017140865325928
/Users/prarthanapatel/Desktop/Himanshi/speech_emotion_detection-develop-v2/cremad_preprocessed/audio/1036_TSI_FEA_XX.wav,1036_TSI_FEA_XX.wav,1036,test,4,fear,4,fear,0.9389496445655823
/Users/prarthanapatel/Desktop/Himanshi/speech_emotion_detection-develop-v2/cremad_preprocessed/audio/1036_TSI_HAP_XX.wav,1036_TSI_HAP_XX.wav,1036,test,1,happy,1,happy,0.9563818573951721
/Users/prarthanapatel/Desktop/Himanshi/speech_emotion_detection-develop-v2/cremad_preprocessed/audio/1036_TSI_NEU_XX.wav,1036_TSI_NEU_XX.wav,1036,test,0,neutral,0,neutral,0.9023143649101257
/Users/prarthanapatel/Desktop/Himanshi/speech_emotion_detection-develop-v2/cremad_preprocessed/audio/1036_TSI_SAD_XX.wav,1036_TSI_SAD_XX.wav,1036,test,2,sad,4,fear,0.6564795970916748
/Users/prarthanapatel/Desktop/Himanshi/speech_emotion_detection-develop-v2/cremad_preprocessed/audio/1036_WSI_ANG_XX.wav,1036_WSI_ANG_XX.wav,1036,test,3,angry,3,angry,0.9925398230552673
/Users/prarthanapatel/Desktop/Himanshi/speech_emotion_detection-develop-v2/cremad_preprocessed/audio/1036_WSI_DIS_XX.wav,1036_WSI_DIS_XX.wav,1036,test,5,disgust,1,happy,0.2891666293144226
/Users/prarthanapatel/Desktop/Himanshi/speech_emotion_detection-develop-v2/cremad_preprocessed/audio/1036_WSI_FEA_XX.wav,1036_WSI_FEA_XX.wav,1036,test,4,fear,4,fear,0.9246300458908081
/Users/prarthanapatel/Desktop/Himanshi/speech_emotion_detection-develop-v2/cremad_preprocessed/audio/1036_WSI_HAP_XX.wav,1036_WSI_HAP_XX.wav,1036,test,1,happy,3,angry,0.9893804788589478
/Users/prarthanapatel/Desktop/Himanshi/speech_emotion_detection-develop-v2/cremad_preprocessed/audio/1036_WSI_NEU_XX.wav,1036_WSI_NEU_XX.wav,1036,test,0,neutral,0,neutral,0.9648861289024353
/Users/prarthanapatel/Desktop/Himanshi/speech_emotion_detection-develop-v2/cremad_preprocessed/audio/1036_WSI_SAD_XX.wav,1036_WSI_SAD_XX.wav,1036,test,2,sad,4,fear,0.504132866859436
/Users/prarthanapatel/Desktop/Himanshi/speech_emotion_detection-develop-v2/cremad_preprocessed/audio/1037_DFA_ANG_XX.wav,1037_DFA_ANG_XX.wav,1037,test,3,angry,3,angry,0.9847080707550049
/Users/prarthanapatel/Desktop/Himanshi/speech_emotion_detection-develop-v2/cremad_preprocessed/audio/1037_DFA_DIS_XX.wav,1037_DFA_DIS_XX.wav,1037,test,5,disgust,5,disgust,0.9016074538230896
/Users/prarthanapatel/Desktop/Himanshi/speech_emotion_detection-develop-v2/cremad_preprocessed/audio/1037_DFA_FEA_XX.wav,1037_DFA_FEA_XX.wav,1037,test,4,fear,4,fear,0.474035382270813
/Users/prarthanapatel/Desktop/Himanshi/speech_emotion_detection-develop-v2/cremad_preprocessed/audio/1037_DFA_HAP_XX.wav,1037_DFA_HAP_XX.wav,1037,test,1,happy,1,happy,0.967737078666687
/Users/prarthanapatel/Desktop/Himanshi/speech_emotion_detection-develop-v2/cremad_preprocessed/audio/1037_DFA_NEU_XX.wav,1037_DFA_NEU_XX.wav,1037,test,0,neutral,0,neutral,0.9568312168121338
/Users/prarthanapatel/Desktop/Himanshi/speech_emotion_detection-develop-v2/cremad_preprocessed/audio/1037_DFA_SAD_XX.wav,1037_DFA_SAD_XX.wav,1037,test,2,sad,2,sad,0.89797443151474
/Users/prarthanapatel/Desktop/Himanshi/speech_emotion_detection-develop-v2/cremad_preprocessed/audio/1037_IEO_ANG_HI.wav,1037_IEO_ANG_HI.wav,1037,test,3,angry,3,angry,0.992352306842804
/Users/prarthanapatel/Desktop/Himanshi/speech_emotion_detection-develop-v2/cremad_preprocessed/audio/1037_IEO_ANG_LO.wav,1037_IEO_ANG_LO.wav,1037,test,3,angry,3,angry,0.9904651641845703
/Users/prarthanapatel/Desktop/Himanshi/speech_emotion_detection-develop-v2/cremad_preprocessed/audio/1037_IEO_ANG_MD.wav,1037_IEO_ANG_MD.wav,1037,test,3,angry,3,angry,0.9932564496994019
/Users/prarthanapatel/Desktop/Himanshi/speech_emotion_detection-develop-v2/cremad_preprocessed/audio/1037_IEO_DIS_HI.wav,1037_IEO_DIS_HI.wav,1037,test,5,disgust,5,disgust,0.8611996173858643
/Users/prarthanapatel/Desktop/Himanshi/speech_emotion_detection-develop-v2/cremad_preprocessed/audio/1037_IEO_DIS_LO.wav,1037_IEO_DIS_LO.wav,1037,test,5,disgust,5,disgust,0.9530922174453735
/Users/prarthanapatel/Desktop/Himanshi/speech_emotion_detection-develop-v2/cremad_preprocessed/audio/1037_IEO_DIS_MD.wav,1037_IEO_DIS_MD.wav,1037,test,5,disgust,5,disgust,0.9593253135681152
/Users/prarthanapatel/Desktop/Himanshi/speech_emotion_detection-develop-v2/cremad_preprocessed/audio/1037_IEO_FEA_HI.wav,1037_IEO_FEA_HI.wav,1037,test,4,fear,4,fear,0.958928644657135
/Users/prarthanapatel/Desktop/Himanshi/speech_emotion_detection-develop-v2/cremad_preprocessed/audio/1037_IEO_FEA_LO.wav,1037_IEO_FEA_LO.wav,1037,test,4,fear,4,fear,0.876710057258606
/Users/prarthanapatel/Desktop/Himanshi/speech_emotion_detection-develop-v2/cremad_preprocessed/audio/1037_IEO_FEA_MD.wav,1037_IEO_FEA_MD.wav,1037,test,4,fear,0,neutral,0.5325912237167358
/Users/prarthanapatel/Desktop/Himanshi/speech_emotion_detection-develop-v2/cremad_preprocessed/audio/1037_IEO_HAP_HI.wav,1037_IEO_HAP_HI.wav,1037,test,1,happy,1,happy,0.8489291071891785
/Users/prarthanapatel/Desktop/Himanshi/speech_emotion_detection-develop-v2/cremad_preprocessed/audio/1037_IEO_HAP_LO.wav,1037_IEO_HAP_LO.wav,1037,test,1,happy,1,happy,0.5292792320251465
/Users/prarthanapatel/Desktop/Himanshi/speech_emotion_detection-develop-v2/cremad_preprocessed/audio/1037_IEO_HAP_MD.wav,1037_IEO_HAP_MD.wav,1037,test,1,happy,1,happy,0.9333091974258423
/Users/prarthanapatel/Desktop/Himanshi/speech_emotion_detection-develop-v2/cremad_preprocessed/audio/1037_IEO_NEU_XX.wav,1037_IEO_NEU_XX.wav,1037,test,0,neutral,0,neutral,0.7697978019714355
/Users/prarthanapatel/Desktop/Himanshi/speech_emotion_detection-develop-v2/cremad_preprocessed/audio/1037_IEO_SAD_HI.wav,1037_IEO_SAD_HI.wav,1037,test,2,sad,2,sad,0.7260167598724365
/Users/prarthanapatel/Desktop/Himanshi/speech_emotion_detection-develop-v2/cremad_preprocessed/audio/1037_IEO_SAD_LO.wav,1037_IEO_SAD_LO.wav,1037,test,2,sad,2,sad,0.814563512802124
/Users/prarthanapatel/Desktop/Himanshi/speech_emotion_detection-develop-v2/cremad_preprocessed/audio/1037_IEO_SAD_MD.wav,1037_IEO_SAD_MD.wav,1037,test,2,sad,4,fear,0.37918320298194885
/Users/prarthanapatel/Desktop/Himanshi/speech_emotion_detection-develop-v2/cremad_preprocessed/audio/1037_IOM_ANG_XX.wav,1037_IOM_ANG_XX.wav,1037,test,3,angry,3,angry,0.9947547912597656
/Users/prarthanapatel/Desktop/Himanshi/speech_emotion_detection-develop-v2/cremad_preprocessed/audio/1037_IOM_DIS_XX.wav,1037_IOM_DIS_XX.wav,1037,test,5,disgust,5,disgust,0.834945559501648
/Users/prarthanapatel/Desktop/Himanshi/speech_emotion_detection-develop-v2/cremad_preprocessed/audio/1037_IOM_FEA_XX.wav,1037_IOM_FEA_XX.wav,1037,test,4,fear,4,fear,0.9192638397216797
/Users/prarthanapatel/Desktop/Himanshi/speech_emotion_detection-develop-v2/cremad_preprocessed/audio/1037_IOM_HAP_XX.wav,1037_IOM_HAP_XX.wav,1037,test,1,happy,1,happy,0.9669145345687866
/Users/prarthanapatel/Desktop/Himanshi/speech_emotion_detection-develop-v2/cremad_preprocessed/audio/1037_IOM_NEU_XX.wav,1037_IOM_NEU_XX.wav,1037,test,0,neutral,0,neutral,0.9845389127731323
/Users/prarthanapatel/Desktop/Himanshi/speech_emotion_detection-develop-v2/cremad_preprocessed/audio/1037_IOM_SAD_XX.wav,1037_IOM_SAD_XX.wav,1037,test,2,sad,2,sad,0.6729822754859924
/Users/prarthanapatel/Desktop/Himanshi/speech_emotion_detection-develop-v2/cremad_preprocessed/audio/1037_ITH_ANG_XX.wav,1037_ITH_ANG_XX.wav,1037,test,3,angry,3,angry,0.9939543604850769
/Users/prarthanapatel/Desktop/Himanshi/speech_emotion_detection-develop-v2/cremad_preprocessed/audio/1037_ITH_DIS_XX.wav,1037_ITH_DIS_XX.wav,1037,test,5,disgust,5,disgust,0.9272206425666809
/Users/prarthanapatel/Desktop/Himanshi/speech_emotion_detection-develop-v2/cremad_preprocessed/audio/1037_ITH_FEA_XX.wav,1037_ITH_FEA_XX.wav,1037,test,4,fear,4,fear,0.9426968693733215
/Users/prarthanapatel/Desktop/Himanshi/speech_emotion_detection-develop-v2/cremad_preprocessed/audio/1037_ITH_HAP_XX.wav,1037_ITH_HAP_XX.wav,1037,test,1,happy,1,happy,0.9744696617126465
/Users/prarthanapatel/Desktop/Himanshi/speech_emotion_detection-develop-v2/cremad_preprocessed/audio/1037_ITH_NEU_XX.wav,1037_ITH_NEU_XX.wav,1037,test,0,neutral,0,neutral,0.9879314303398132
/Users/prarthanapatel/Desktop/Himanshi/speech_emotion_detection-develop-v2/cremad_preprocessed/audio/1037_ITH_SAD_XX.wav,1037_ITH_SAD_XX.wav,1037,test,2,sad,4,fear,0.7978014945983887
/Users/prarthanapatel/Desktop/Himanshi/speech_emotion_detection-develop-v2/cremad_preprocessed/audio/1037_ITS_ANG_XX.wav,1037_ITS_ANG_XX.wav,1037,test,3,angry,3,angry,0.9939056038856506
/Users/prarthanapatel/Desktop/Himanshi/speech_emotion_detection-develop-v2/cremad_preprocessed/audio/1037_ITS_DIS_XX.wav,1037_ITS_DIS_XX.wav,1037,test,5,disgust,5,disgust,0.8001959919929504
/Users/prarthanapatel/Desktop/Himanshi/speech_emotion_detection-develop-v2/cremad_preprocessed/audio/1037_ITS_FEA_XX.wav,1037_ITS_FEA_XX.wav,1037,test,4,fear,4,fear,0.9513192772865295
/Users/prarthanapatel/Desktop/Himanshi/speech_emotion_detection-develop-v2/cremad_preprocessed/audio/1037_ITS_HAP_XX.wav,1037_ITS_HAP_XX.wav,1037,test,1,happy,4,fear,0.5556684732437134
/Users/prarthanapatel/Desktop/Himanshi/speech_emotion_detection-develop-v2/cremad_preprocessed/audio/1037_ITS_NEU_XX.wav,1037_ITS_NEU_XX.wav,1037,test,0,neutral,0,neutral,0.9840197563171387
/Users/prarthanapatel/Desktop/Himanshi/speech_emotion_detection-develop-v2/cremad_preprocessed/audio/1037_ITS_SAD_XX.wav,1037_ITS_SAD_XX.wav,1037,test,2,sad,4,fear,0.686314046382904
/Users/prarthanapatel/Desktop/Himanshi/speech_emotion_detection-develop-v2/cremad_preprocessed/audio/1037_IWL_ANG_XX.wav,1037_IWL_ANG_XX.wav,1037,test,3,angry,3,angry,0.9935421943664551
/Users/prarthanapatel/Desktop/Himanshi/speech_emotion_detection-develop-v2/cremad_preprocessed/audio/1037_IWL_DIS_XX.wav,1037_IWL_DIS_XX.wav,1037,test,5,disgust,4,fear,0.8334549069404602
/Users/prarthanapatel/Desktop/Himanshi/speech_emotion_detection-develop-v2/cremad_preprocessed/audio/1037_IWL_FEA_XX.wav,1037_IWL_FEA_XX.wav,1037,test,4,fear,4,fear,0.950455904006958
/Users/prarthanapatel/Desktop/Himanshi/speech_emotion_detection-develop-v2/cremad_preprocessed/audio/1037_IWL_HAP_XX.wav,1037_IWL_HAP_XX.wav,1037,test,1,happy,1,happy,0.9388847947120667
/Users/prarthanapatel/Desktop/Himanshi/speech_emotion_detection-develop-v2/cremad_preprocessed/audio/1037_IWL_NEU_XX.wav,1037_IWL_NEU_XX.wav,1037,test,0,neutral,0,neutral,0.9867293834686279
/Users/prarthanapatel/Desktop/Himanshi/speech_emotion_detection-develop-v2/cremad_preprocessed/audio/1037_IWL_SAD_XX.wav,1037_IWL_SAD_XX.wav,1037,test,2,sad,4,fear,0.6949290633201599
/Users/prarthanapatel/Desktop/Himanshi/speech_emotion_detection-develop-v2/cremad_preprocessed/audio/1037_IWW_ANG_XX.wav,1037_IWW_ANG_XX.wav,1037,test,3,angry,3,angry,0.9948198199272156
/Users/prarthanapatel/Desktop/Himanshi/speech_emotion_detection-develop-v2/cremad_preprocessed/audio/1037_IWW_DIS_XX.wav,1037_IWW_DIS_XX.wav,1037,test,5,disgust,3,angry,0.5671871304512024
/Users/prarthanapatel/Desktop/Himanshi/speech_emotion_detection-develop-v2/cremad_preprocessed/audio/1037_IWW_FEA_XX.wav,1037_IWW_FEA_XX.wav,1037,test,4,fear,4,fear,0.8598456978797913
/Users/prarthanapatel/Desktop/Himanshi/speech_emotion_detection-develop-v2/cremad_preprocessed/audio/1037_IWW_HAP_XX.wav,1037_IWW_HAP_XX.wav,1037,test,1,happy,1,happy,0.9593883752822876
/Users/prarthanapatel/Desktop/Himanshi/speech_emotion_detection-develop-v2/cremad_preprocessed/audio/1037_IWW_NEU_XX.wav,1037_IWW_NEU_XX.wav,1037,test,0,neutral,0,neutral,0.975269615650177
/Users/prarthanapatel/Desktop/Himanshi/speech_emotion_detection-develop-v2/cremad_preprocessed/audio/1037_IWW_SAD_XX.wav,1037_IWW_SAD_XX.wav,1037,test,2,sad,1,happy,0.8909801840782166
/Users/prarthanapatel/Desktop/Himanshi/speech_emotion_detection-develop-v2/cremad_preprocessed/audio/1037_MTI_ANG_XX.wav,1037_MTI_ANG_XX.wav,1037,test,3,angry,3,angry,0.9946666955947876
/Users/prarthanapatel/Desktop/Himanshi/speech_emotion_detection-develop-v2/cremad_preprocessed/audio/1037_MTI_DIS_XX.wav,1037_MTI_DIS_XX.wav,1037,test,5,disgust,5,disgust,0.5932697057723999
/Users/prarthanapatel/Desktop/Himanshi/speech_emotion_detection-develop-v2/cremad_preprocessed/audio/1037_MTI_FEA_XX.wav,1037_MTI_FEA_XX.wav,1037,test,4,fear,4,fear,0.9238613247871399
/Users/prarthanapatel/Desktop/Himanshi/speech_emotion_detection-develop-v2/cremad_preprocessed/audio/1037_MTI_HAP_XX.wav,1037_MTI_HAP_XX.wav,1037,test,1,happy,1,happy,0.9187121391296387
/Users/prarthanapatel/Desktop/Himanshi/speech_emotion_detection-develop-v2/cremad_preprocessed/audio/1037_MTI_NEU_XX.wav,1037_MTI_NEU_XX.wav,1037,test,0,neutral,0,neutral,0.9819374084472656
/Users/prarthanapatel/Desktop/Himanshi/speech_emotion_detection-develop-v2/cremad_preprocessed/audio/1037_MTI_SAD_XX.wav,1037_MTI_SAD_XX.wav,1037,test,2,sad,4,fear,0.772617757320404
/Users/prarthanapatel/Desktop/Himanshi/speech_emotion_detection-develop-v2/cremad_preprocessed/audio/1037_TAI_ANG_XX.wav,1037_TAI_ANG_XX.wav,1037,test,3,angry,3,angry,0.9941216111183167
/Users/prarthanapatel/Desktop/Himanshi/speech_emotion_detection-develop-v2/cremad_preprocessed/audio/1037_TAI_DIS_XX.wav,1037_TAI_DIS_XX.wav,1037,test,5,disgust,2,sad,0.6684938073158264
/Users/prarthanapatel/Desktop/Himanshi/speech_emotion_detection-develop-v2/cremad_preprocessed/audio/1037_TAI_FEA_XX.wav,1037_TAI_FEA_XX.wav,1037,test,4,fear,4,fear,0.9506117701530457
/Users/prarthanapatel/Desktop/Himanshi/speech_emotion_detection-develop-v2/cremad_preprocessed/audio/1037_TAI_HAP_XX.wav,1037_TAI_HAP_XX.wav,1037,test,1,happy,1,happy,0.9318192005157471
/Users/prarthanapatel/Desktop/Himanshi/speech_emotion_detection-develop-v2/cremad_preprocessed/audio/1037_TAI_NEU_XX.wav,1037_TAI_NEU_XX.wav,1037,test,0,neutral,0,neutral,0.9884809255599976
/Users/prarthanapatel/Desktop/Himanshi/speech_emotion_detection-develop-v2/cremad_preprocessed/audio/1037_TAI_SAD_XX.wav,1037_TAI_SAD_XX.wav,1037,test,2,sad,4,fear,0.9187393188476562
/Users/prarthanapatel/Desktop/Himanshi/speech_emotion_detection-develop-v2/cremad_preprocessed/audio/1037_TIE_ANG_XX.wav,1037_TIE_ANG_XX.wav,1037,test,3,angry,3,angry,0.9944763779640198
/Users/prarthanapatel/Desktop/Himanshi/speech_emotion_detection-develop-v2/cremad_preprocessed/audio/1037_TIE_DIS_XX.wav,1037_TIE_DIS_XX.wav,1037,test,5,disgust,2,sad,0.4306778609752655
/Users/prarthanapatel/Desktop/Himanshi/speech_emotion_detection-develop-v2/cremad_preprocessed/audio/1037_TIE_FEA_XX.wav,1037_TIE_FEA_XX.wav,1037,test,4,fear,4,fear,0.7493307590484619
/Users/prarthanapatel/Desktop/Himanshi/speech_emotion_detection-develop-v2/cremad_preprocessed/audio/1037_TIE_HAP_XX.wav,1037_TIE_HAP_XX.wav,1037,test,1,happy,1,happy,0.8100608587265015
/Users/prarthanapatel/Desktop/Himanshi/speech_emotion_detection-develop-v2/cremad_preprocessed/audio/1037_TIE_NEU_XX.wav,1037_TIE_NEU_XX.wav,1037,test,0,neutral,0,neutral,0.9819886088371277
/Users/prarthanapatel/Desktop/Himanshi/speech_emotion_detection-develop-v2/cremad_preprocessed/audio/1037_TIE_SAD_XX.wav,1037_TIE_SAD_XX.wav,1037,test,2,sad,2,sad,0.8686431646347046
/Users/prarthanapatel/Desktop/Himanshi/speech_emotion_detection-develop-v2/cremad_preprocessed/audio/1037_TSI_ANG_XX.wav,1037_TSI_ANG_XX.wav,1037,test,3,angry,3,angry,0.993865430355072
/Users/prarthanapatel/Desktop/Himanshi/speech_emotion_detection-develop-v2/cremad_preprocessed/audio/1037_TSI_DIS_XX.wav,1037_TSI_DIS_XX.wav,1037,test,5,disgust,5,disgust,0.7396768927574158
/Users/prarthanapatel/Desktop/Himanshi/speech_emotion_detection-develop-v2/cremad_preprocessed/audio/1037_TSI_FEA_XX.wav,1037_TSI_FEA_XX.wav,1037,test,4,fear,4,fear,0.9585863351821899
/Users/prarthanapatel/Desktop/Himanshi/speech_emotion_detection-develop-v2/cremad_preprocessed/audio/1037_TSI_HAP_XX.wav,1037_TSI_HAP_XX.wav,1037,test,1,happy,1,happy,0.9748204946517944
/Users/prarthanapatel/Desktop/Himanshi/speech_emotion_detection-develop-v2/cremad_preprocessed/audio/1037_TSI_NEU_XX.wav,1037_TSI_NEU_XX.wav,1037,test,0,neutral,0,neutral,0.9870020151138306
/Users/prarthanapatel/Desktop/Himanshi/speech_emotion_detection-develop-v2/cremad_preprocessed/audio/1037_TSI_SAD_XX.wav,1037_TSI_SAD_XX.wav,1037,test,2,sad,2,sad,0.8478994369506836
/Users/prarthanapatel/Desktop/Himanshi/speech_emotion_detection-develop-v2/cremad_preprocessed/audio/1037_WSI_ANG_XX.wav,1037_WSI_ANG_XX.wav,1037,test,3,angry,3,angry,0.989941418170929
/Users/prarthanapatel/Desktop/Himanshi/speech_emotion_detection-develop-v2/cremad_preprocessed/audio/1037_WSI_DIS_XX.wav,1037_WSI_DIS_XX.wav,1037,test,5,disgust,4,fear,0.7308593988418579
/Users/prarthanapatel/Desktop/Himanshi/speech_emotion_detection-develop-v2/cremad_preprocessed/audio/1037_WSI_FEA_XX.wav,1037_WSI_FEA_XX.wav,1037,test,4,fear,4,fear,0.9537001252174377
/Users/prarthanapatel/Desktop/Himanshi/speech_emotion_detection-develop-v2/cremad_preprocessed/audio/1037_WSI_HAP_XX.wav,1037_WSI_HAP_XX.wav,1037,test,1,happy,1,happy,0.9555374383926392
/Users/prarthanapatel/Desktop/Himanshi/speech_emotion_detection-develop-v2/cremad_preprocessed/audio/1037_WSI_NEU_XX.wav,1037_WSI_NEU_XX.wav,1037,test,0,neutral,0,neutral,0.6663062572479248
/Users/prarthanapatel/Desktop/Himanshi/speech_emotion_detection-develop-v2/cremad_preprocessed/audio/1037_WSI_SAD_XX.wav,1037_WSI_SAD_XX.wav,1037,test,2,sad,2,sad,0.7560173869132996
/Users/prarthanapatel/Desktop/Himanshi/speech_emotion_detection-develop-v2/cremad_preprocessed/audio/1048_DFA_ANG_XX.wav,1048_DFA_ANG_XX.wav,1048,test,3,angry,3,angry,0.994990885257721
/Users/prarthanapatel/Desktop/Himanshi/speech_emotion_detection-develop-v2/cremad_preprocessed/audio/1048_DFA_DIS_XX.wav,1048_DFA_DIS_XX.wav,1048,test,5,disgust,5,disgust,0.8799971342086792
/Users/prarthanapatel/Desktop/Himanshi/speech_emotion_detection-develop-v2/cremad_preprocessed/audio/1048_DFA_FEA_XX.wav,1048_DFA_FEA_XX.wav,1048,test,4,fear,4,fear,0.9613199830055237
/Users/prarthanapatel/Desktop/Himanshi/speech_emotion_detection-develop-v2/cremad_preprocessed/audio/1048_DFA_HAP_XX.wav,1048_DFA_HAP_XX.wav,1048,test,1,happy,1,happy,0.9085502624511719
/Users/prarthanapatel/Desktop/Himanshi/speech_emotion_detection-develop-v2/cremad_preprocessed/audio/1048_DFA_NEU_XX.wav,1048_DFA_NEU_XX.wav,1048,test,0,neutral,0,neutral,0.9503366351127625
/Users/prarthanapatel/Desktop/Himanshi/speech_emotion_detection-develop-v2/cremad_preprocessed/audio/1048_DFA_SAD_XX.wav,1048_DFA_SAD_XX.wav,1048,test,2,sad,0,neutral,0.9280326962471008
/Users/prarthanapatel/Desktop/Himanshi/speech_emotion_detection-develop-v2/cremad_preprocessed/audio/1048_IEO_ANG_HI.wav,1048_IEO_ANG_HI.wav,1048,test,3,angry,3,angry,0.9925894737243652
/Users/prarthanapatel/Desktop/Himanshi/speech_emotion_detection-develop-v2/cremad_preprocessed/audio/1048_IEO_ANG_LO.wav,1048_IEO_ANG_LO.wav,1048,test,3,angry,3,angry,0.9948878884315491
/Users/prarthanapatel/Desktop/Himanshi/speech_emotion_detection-develop-v2/cremad_preprocessed/audio/1048_IEO_ANG_MD.wav,1048_IEO_ANG_MD.wav,1048,test,3,angry,3,angry,0.9944673776626587
/Users/prarthanapatel/Desktop/Himanshi/speech_emotion_detection-develop-v2/cremad_preprocessed/audio/1048_IEO_DIS_HI.wav,1048_IEO_DIS_HI.wav,1048,test,5,disgust,4,fear,0.652311384677887
/Users/prarthanapatel/Desktop/Himanshi/speech_emotion_detection-develop-v2/cremad_preprocessed/audio/1048_IEO_DIS_LO.wav,1048_IEO_DIS_LO.wav,1048,test,5,disgust,1,happy,0.9565883278846741
/Users/prarthanapatel/Desktop/Himanshi/speech_emotion_detection-develop-v2/cremad_preprocessed/audio/1048_IEO_DIS_MD.wav,1048_IEO_DIS_MD.wav,1048,test,5,disgust,4,fear,0.7249900102615356
/Users/prarthanapatel/Desktop/Himanshi/speech_emotion_detection-develop-v2/cremad_preprocessed/audio/1048_IEO_FEA_HI.wav,1048_IEO_FEA_HI.wav,1048,test,4,fear,4,fear,0.9536555409431458
/Users/prarthanapatel/Desktop/Himanshi/speech_emotion_detection-develop-v2/cremad_preprocessed/audio/1048_IEO_FEA_LO.wav,1048_IEO_FEA_LO.wav,1048,test,4,fear,4,fear,0.9203803539276123
/Users/prarthanapatel/Desktop/Himanshi/speech_emotion_detection-develop-v2/cremad_preprocessed/audio/1048_IEO_FEA_MD.wav,1048_IEO_FEA_MD.wav,1048,test,4,fear,4,fear,0.9646445512771606
/Users/prarthanapatel/Desktop/Himanshi/speech_emotion_detection-develop-v2/cremad_preprocessed/audio/1048_IEO_HAP_HI.wav,1048_IEO_HAP_HI.wav,1048,test,1,happy,1,happy,0.978867769241333
/Users/prarthanapatel/Desktop/Himanshi/speech_emotion_detection-develop-v2/cremad_preprocessed/audio/1048_IEO_HAP_LO.wav,1048_IEO_HAP_LO.wav,1048,test,1,happy,1,happy,0.92777019739151
/Users/prarthanapatel/Desktop/Himanshi/speech_emotion_detection-develop-v2/cremad_preprocessed/audio/1048_IEO_HAP_MD.wav,1048_IEO_HAP_MD.wav,1048,test,1,happy,4,fear,0.4864135980606079
/Users/prarthanapatel/Desktop/Himanshi/speech_emotion_detection-develop-v2/cremad_preprocessed/audio/1048_IEO_NEU_XX.wav,1048_IEO_NEU_XX.wav,1048,test,0,neutral,0,neutral,0.9688990712165833
/Users/prarthanapatel/Desktop/Himanshi/speech_emotion_detection-develop-v2/cremad_preprocessed/audio/1048_IEO_SAD_HI.wav,1048_IEO_SAD_HI.wav,1048,test,2,sad,2,sad,0.6285698413848877
/Users/prarthanapatel/Desktop/Himanshi/speech_emotion_detection-develop-v2/cremad_preprocessed/audio/1048_IEO_SAD_LO.wav,1048_IEO_SAD_LO.wav,1048,test,2,sad,4,fear,0.9181304574012756
/Users/prarthanapatel/Desktop/Himanshi/speech_emotion_detection-develop-v2/cremad_preprocessed/audio/1048_IEO_SAD_MD.wav,1048_IEO_SAD_MD.wav,1048,test,2,sad,2,sad,0.5659373998641968
/Users/prarthanapatel/Desktop/Himanshi/speech_emotion_detection-develop-v2/cremad_preprocessed/audio/1048_IOM_ANG_XX.wav,1048_IOM_ANG_XX.wav,1048,test,3,angry,3,angry,0.993694007396698
/Users/prarthanapatel/Desktop/Himanshi/speech_emotion_detection-develop-v2/cremad_preprocessed/audio/1048_IOM_DIS_XX.wav,1048_IOM_DIS_XX.wav,1048,test,5,disgust,5,disgust,0.8828859329223633
/Users/prarthanapatel/Desktop/Himanshi/speech_emotion_detection-develop-v2/cremad_preprocessed/audio/1048_IOM_FEA_XX.wav,1048_IOM_FEA_XX.wav,1048,test,4,fear,4,fear,0.9492429494857788
/Users/prarthanapatel/Desktop/Himanshi/speech_emotion_detection-develop-v2/cremad_preprocessed/audio/1048_IOM_HAP_XX.wav,1048_IOM_HAP_XX.wav,1048,test,1,happy,1,happy,0.9266006946563721
/Users/prarthanapatel/Desktop/Himanshi/speech_emotion_detection-develop-v2/cremad_preprocessed/audio/1048_IOM_NEU_XX.wav,1048_IOM_NEU_XX.wav,1048,test,0,neutral,0,neutral,0.9695144295692444
/Users/prarthanapatel/Desktop/Himanshi/speech_emotion_detection-develop-v2/cremad_preprocessed/audio/1048_IOM_SAD_XX.wav,1048_IOM_SAD_XX.wav,1048,test,2,sad,2,sad,0.6001073718070984
/Users/prarthanapatel/Desktop/Himanshi/speech_emotion_detection-develop-v2/cremad_preprocessed/audio/1048_ITH_ANG_XX.wav,1048_ITH_ANG_XX.wav,1048,test,3,angry,3,angry,0.9948201179504395
/Users/prarthanapatel/Desktop/Himanshi/speech_emotion_detection-develop-v2/cremad_preprocessed/audio/1048_ITH_DIS_XX.wav,1048_ITH_DIS_XX.wav,1048,test,5,disgust,3,angry,0.6263749599456787
/Users/prarthanapatel/Desktop/Himanshi/speech_emotion_detection-develop-v2/cremad_preprocessed/audio/1048_ITH_FEA_XX.wav,1048_ITH_FEA_XX.wav,1048,test,4,fear,4,fear,0.9563720226287842
/Users/prarthanapatel/Desktop/Himanshi/speech_emotion_detection-develop-v2/cremad_preprocessed/audio/1048_ITH_HAP_XX.wav,1048_ITH_HAP_XX.wav,1048,test,1,happy,1,happy,0.9638124108314514
/Users/prarthanapatel/Desktop/Himanshi/speech_emotion_detection-develop-v2/cremad_preprocessed/audio/1048_ITH_NEU_XX.wav,1048_ITH_NEU_XX.wav,1048,test,0,neutral,1,happy,0.9604083299636841
/Users/prarthanapatel/Desktop/Himanshi/speech_emotion_detection-develop-v2/cremad_preprocessed/audio/1048_ITH_SAD_XX.wav,1048_ITH_SAD_XX.wav,1048,test,2,sad,4,fear,0.6555456519126892
/Users/prarthanapatel/Desktop/Himanshi/speech_emotion_detection-develop-v2/cremad_preprocessed/audio/1048_ITS_ANG_XX.wav,1048_ITS_ANG_XX.wav,1048,test,3,angry,3,angry,0.9946947693824768
/Users/prarthanapatel/Desktop/Himanshi/speech_emotion_detection-develop-v2/cremad_preprocessed/audio/1048_ITS_DIS_XX.wav,1048_ITS_DIS_XX.wav,1048,test,5,disgust,4,fear,0.6509754657745361
/Users/prarthanapatel/Desktop/Himanshi/speech_emotion_detection-develop-v2/cremad_preprocessed/audio/1048_ITS_FEA_XX.wav,1048_ITS_FEA_XX.wav,1048,test,4,fear,4,fear,0.9262809753417969
/Users/prarthanapatel/Desktop/Himanshi/speech_emotion_detection-develop-v2/cremad_preprocessed/audio/1048_ITS_HAP_XX.wav,1048_ITS_HAP_XX.wav,1048,test,1,happy,3,angry,0.5492457747459412
/Users/prarthanapatel/Desktop/Himanshi/speech_emotion_detection-develop-v2/cremad_preprocessed/audio/1048_ITS_NEU_XX.wav,1048_ITS_NEU_XX.wav,1048,test,0,neutral,0,neutral,0.7986014485359192
/Users/prarthanapatel/Desktop/Himanshi/speech_emotion_detection-develop-v2/cremad_preprocessed/audio/1048_ITS_SAD_XX.wav,1048_ITS_SAD_XX.wav,1048,test,2,sad,2,sad,0.6054415702819824
/Users/prarthanapatel/Desktop/Himanshi/speech_emotion_detection-develop-v2/cremad_preprocessed/audio/1048_IWL_ANG_XX.wav,1048_IWL_ANG_XX.wav,1048,test,3,angry,3,angry,0.9937986731529236
/Users/prarthanapatel/Desktop/Himanshi/speech_emotion_detection-develop-v2/cremad_preprocessed/audio/1048_IWL_DIS_XX.wav,1048_IWL_DIS_XX.wav,1048,test,5,disgust,5,disgust,0.797828197479248
/Users/prarthanapatel/Desktop/Himanshi/speech_emotion_detection-develop-v2/cremad_preprocessed/audio/1048_IWL_FEA_XX.wav,1048_IWL_FEA_XX.wav,1048,test,4,fear,4,fear,0.9283651113510132
/Users/prarthanapatel/Desktop/Himanshi/speech_emotion_detection-develop-v2/cremad_preprocessed/audio/1048_IWL_HAP_XX.wav,1048_IWL_HAP_XX.wav,1048,test,1,happy,1,happy,0.9644625782966614
/Users/prarthanapatel/Desktop/Himanshi/speech_emotion_detection-develop-v2/cremad_preprocessed/audio/1048_IWL_NEU_XX.wav,1048_IWL_NEU_XX.wav,1048,test,0,neutral,0,neutral,0.9727495908737183
/Users/prarthanapatel/Desktop/Himanshi/speech_emotion_detection-develop-v2/cremad_preprocessed/audio/1048_IWL_SAD_XX.wav,1048_IWL_SAD_XX.wav,1048,test,2,sad,4,fear,0.8404101729393005
/Users/prarthanapatel/Desktop/Himanshi/speech_emotion_detection-develop-v2/cremad_preprocessed/audio/1048_IWW_ANG_XX.wav,1048_IWW_ANG_XX.wav,1048,test,3,angry,3,angry,0.9944085478782654
/Users/prarthanapatel/Desktop/Himanshi/speech_emotion_detection-develop-v2/cremad_preprocessed/audio/1048_IWW_DIS_XX.wav,1048_IWW_DIS_XX.wav,1048,test,5,disgust,3,angry,0.9917343854904175
/Users/prarthanapatel/Desktop/Himanshi/speech_emotion_detection-develop-v2/cremad_preprocessed/audio/1048_IWW_FEA_XX.wav,1048_IWW_FEA_XX.wav,1048,test,4,fear,4,fear,0.9014552235603333
/Users/prarthanapatel/Desktop/Himanshi/speech_emotion_detection-develop-v2/cremad_preprocessed/audio/1048_IWW_HAP_XX.wav,1048_IWW_HAP_XX.wav,1048,test,1,happy,1,happy,0.9677374958992004
/Users/prarthanapatel/Desktop/Himanshi/speech_emotion_detection-develop-v2/cremad_preprocessed/audio/1048_IWW_NEU_XX.wav,1048_IWW_NEU_XX.wav,1048,test,0,neutral,0,neutral,0.9490767121315002
/Users/prarthanapatel/Desktop/Himanshi/speech_emotion_detection-develop-v2/cremad_preprocessed/audio/1048_IWW_SAD_XX.wav,1048_IWW_SAD_XX.wav,1048,test,2,sad,2,sad,0.8031327128410339
/Users/prarthanapatel/Desktop/Himanshi/speech_emotion_detection-develop-v2/cremad_preprocessed/audio/1048_MTI_ANG_XX.wav,1048_MTI_ANG_XX.wav,1048,test,3,angry,3,angry,0.9951059818267822
/Users/prarthanapatel/Desktop/Himanshi/speech_emotion_detection-develop-v2/cremad_preprocessed/audio/1048_MTI_DIS_XX.wav,1048_MTI_DIS_XX.wav,1048,test,5,disgust,4,fear,0.8698058128356934
/Users/prarthanapatel/Desktop/Himanshi/speech_emotion_detection-develop-v2/cremad_preprocessed/audio/1048_MTI_FEA_XX.wav,1048_MTI_FEA_XX.wav,1048,test,4,fear,2,sad,0.7846638560295105
/Users/prarthanapatel/Desktop/Himanshi/speech_emotion_detection-develop-v2/cremad_preprocessed/audio/1048_MTI_HAP_XX.wav,1048_MTI_HAP_XX.wav,1048,test,1,happy,1,happy,0.9396692514419556
/Users/prarthanapatel/Desktop/Himanshi/speech_emotion_detection-develop-v2/cremad_preprocessed/audio/1048_MTI_NEU_XX.wav,1048_MTI_NEU_XX.wav,1048,test,0,neutral,1,happy,0.783373236656189
/Users/prarthanapatel/Desktop/Himanshi/speech_emotion_detection-develop-v2/cremad_preprocessed/audio/1048_MTI_SAD_XX.wav,1048_MTI_SAD_XX.wav,1048,test,2,sad,4,fear,0.722286581993103
/Users/prarthanapatel/Desktop/Himanshi/speech_emotion_detection-develop-v2/cremad_preprocessed/audio/1048_TAI_ANG_XX.wav,1048_TAI_ANG_XX.wav,1048,test,3,angry,3,angry,0.9938992261886597
/Users/prarthanapatel/Desktop/Himanshi/speech_emotion_detection-develop-v2/cremad_preprocessed/audio/1048_TAI_DIS_XX.wav,1048_TAI_DIS_XX.wav,1048,test,5,disgust,5,disgust,0.8875851631164551
/Users/prarthanapatel/Desktop/Himanshi/speech_emotion_detection-develop-v2/cremad_preprocessed/audio/1048_TAI_FEA_XX.wav,1048_TAI_FEA_XX.wav,1048,test,4,fear,4,fear,0.9359615445137024
/Users/prarthanapatel/Desktop/Himanshi/speech_emotion_detection-develop-v2/cremad_preprocessed/audio/1048_TAI_HAP_XX.wav,1048_TAI_HAP_XX.wav,1048,test,1,happy,1,happy,0.7905908226966858
/Users/prarthanapatel/Desktop/Himanshi/speech_emotion_detection-develop-v2/cremad_preprocessed/audio/1048_TAI_NEU_XX.wav,1048_TAI_NEU_XX.wav,1048,test,0,neutral,1,happy,0.797660231590271
/Users/prarthanapatel/Desktop/Himanshi/speech_emotion_detection-develop-v2/cremad_preprocessed/audio/1048_TAI_SAD_XX.wav,1048_TAI_SAD_XX.wav,1048,test,2,sad,2,sad,0.6122224926948547
/Users/prarthanapatel/Desktop/Himanshi/speech_emotion_detection-develop-v2/cremad_preprocessed/audio/1048_TIE_ANG_XX.wav,1048_TIE_ANG_XX.wav,1048,test,3,angry,3,angry,0.7409411072731018
/Users/prarthanapatel/Desktop/Himanshi/speech_emotion_detection-develop-v2/cremad_preprocessed/audio/1048_TIE_DIS_XX.wav,1048_TIE_DIS_XX.wav,1048,test,5,disgust,1,happy,0.8645797371864319
/Users/prarthanapatel/Desktop/Himanshi/speech_emotion_detection-develop-v2/cremad_preprocessed/audio/1048_TIE_FEA_XX.wav,1048_TIE_FEA_XX.wav,1048,test,4,fear,4,fear,0.9019126296043396
/Users/prarthanapatel/Desktop/Himanshi/speech_emotion_detection-develop-v2/cremad_preprocessed/audio/1048_TIE_HAP_XX.wav,1048_TIE_HAP_XX.wav,1048,test,1,happy,1,happy,0.813341498374939
/Users/prarthanapatel/Desktop/Himanshi/speech_emotion_detection-develop-v2/cremad_preprocessed/audio/1048_TIE_NEU_XX.wav,1048_TIE_NEU_XX.wav,1048,test,0,neutral,1,happy,0.6220636367797852
/Users/prarthanapatel/Desktop/Himanshi/speech_emotion_detection-develop-v2/cremad_preprocessed/audio/1048_TIE_SAD_XX.wav,1048_TIE_SAD_XX.wav,1048,test,2,sad,0,neutral,0.3871021568775177
/Users/prarthanapatel/Desktop/Himanshi/speech_emotion_detection-develop-v2/cremad_preprocessed/audio/1048_TSI_ANG_XX.wav,1048_TSI_ANG_XX.wav,1048,test,3,angry,3,angry,0.9939354062080383
/Users/prarthanapatel/Desktop/Himanshi/speech_emotion_detection-develop-v2/cremad_preprocessed/audio/1048_TSI_DIS_XX.wav,1048_TSI_DIS_XX.wav,1048,test,5,disgust,2,sad,0.5271362662315369
/Users/prarthanapatel/Desktop/Himanshi/speech_emotion_detection-develop-v2/cremad_preprocessed/audio/1048_TSI_FEA_XX.wav,1048_TSI_FEA_XX.wav,1048,test,4,fear,4,fear,0.543422520160675
/Users/prarthanapatel/Desktop/Himanshi/speech_emotion_detection-develop-v2/cremad_preprocessed/audio/1048_TSI_HAP_XX.wav,1048_TSI_HAP_XX.wav,1048,test,1,happy,1,happy,0.4468421936035156
/Users/prarthanapatel/Desktop/Himanshi/speech_emotion_detection-develop-v2/cremad_preprocessed/audio/1048_TSI_NEU_XX.wav,1048_TSI_NEU_XX.wav,1048,test,0,neutral,0,neutral,0.9028496146202087
/Users/prarthanapatel/Desktop/Himanshi/speech_emotion_detection-develop-v2/cremad_preprocessed/audio/1048_TSI_SAD_XX.wav,1048_TSI_SAD_XX.wav,1048,test,2,sad,2,sad,0.9266963005065918
/Users/prarthanapatel/Desktop/Himanshi/speech_emotion_detection-develop-v2/cremad_preprocessed/audio/1048_WSI_ANG_XX.wav,1048_WSI_ANG_XX.wav,1048,test,3,angry,3,angry,0.9949171543121338
/Users/prarthanapatel/Desktop/Himanshi/speech_emotion_detection-develop-v2/cremad_preprocessed/audio/1048_WSI_DIS_XX.wav,1048_WSI_DIS_XX.wav,1048,test,5,disgust,4,fear,0.6665523052215576
/Users/prarthanapatel/Desktop/Himanshi/speech_emotion_detection-develop-v2/cremad_preprocessed/audio/1048_WSI_FEA_XX.wav,1048_WSI_FEA_XX.wav,1048,test,4,fear,4,fear,0.8459779024124146
/Users/prarthanapatel/Desktop/Himanshi/speech_emotion_detection-develop-v2/cremad_preprocessed/audio/1048_WSI_HAP_XX.wav,1048_WSI_HAP_XX.wav,1048,test,1,happy,1,happy,0.9538132548332214
/Users/prarthanapatel/Desktop/Himanshi/speech_emotion_detection-develop-v2/cremad_preprocessed/audio/1048_WSI_NEU_XX.wav,1048_WSI_NEU_XX.wav,1048,test,0,neutral,0,neutral,0.9792568683624268
/Users/prarthanapatel/Desktop/Himanshi/speech_emotion_detection-develop-v2/cremad_preprocessed/audio/1048_WSI_SAD_XX.wav,1048_WSI_SAD_XX.wav,1048,test,2,sad,2,sad,0.8258421421051025
/Users/prarthanapatel/Desktop/Himanshi/speech_emotion_detection-develop-v2/cremad_preprocessed/audio/1054_DFA_ANG_XX.wav,1054_DFA_ANG_XX.wav,1054,test,3,angry,3,angry,0.9933956265449524
/Users/prarthanapatel/Desktop/Himanshi/speech_emotion_detection-develop-v2/cremad_preprocessed/audio/1054_DFA_DIS_XX.wav,1054_DFA_DIS_XX.wav,1054,test,5,disgust,5,disgust,0.8485230207443237
/Users/prarthanapatel/Desktop/Himanshi/speech_emotion_detection-develop-v2/cremad_preprocessed/audio/1054_DFA_FEA_XX.wav,1054_DFA_FEA_XX.wav,1054,test,4,fear,4,fear,0.8798457980155945
/Users/prarthanapatel/Desktop/Himanshi/speech_emotion_detection-develop-v2/cremad_preprocessed/audio/1054_DFA_HAP_XX.wav,1054_DFA_HAP_XX.wav,1054,test,1,happy,1,happy,0.9754799008369446
/Users/prarthanapatel/Desktop/Himanshi/speech_emotion_detection-develop-v2/cremad_preprocessed/audio/1054_DFA_NEU_XX.wav,1054_DFA_NEU_XX.wav,1054,test,0,neutral,0,neutral,0.9861428141593933
/Users/prarthanapatel/Desktop/Himanshi/speech_emotion_detection-develop-v2/cremad_preprocessed/audio/1054_DFA_SAD_XX.wav,1054_DFA_SAD_XX.wav,1054,test,2,sad,2,sad,0.7111892104148865
/Users/prarthanapatel/Desktop/Himanshi/speech_emotion_detection-develop-v2/cremad_preprocessed/audio/1054_IEO_ANG_HI.wav,1054_IEO_ANG_HI.wav,1054,test,3,angry,3,angry,0.9045848846435547
/Users/prarthanapatel/Desktop/Himanshi/speech_emotion_detection-develop-v2/cremad_preprocessed/audio/1054_IEO_ANG_LO.wav,1054_IEO_ANG_LO.wav,1054,test,3,angry,3,angry,0.9420047402381897
/Users/prarthanapatel/Desktop/Himanshi/speech_emotion_detection-develop-v2/cremad_preprocessed/audio/1054_IEO_ANG_MD.wav,1054_IEO_ANG_MD.wav,1054,test,3,angry,1,happy,0.8469381332397461
/Users/prarthanapatel/Desktop/Himanshi/speech_emotion_detection-develop-v2/cremad_preprocessed/audio/1054_IEO_DIS_HI.wav,1054_IEO_DIS_HI.wav,1054,test,5,disgust,5,disgust,0.935668408870697
/Users/prarthanapatel/Desktop/Himanshi/speech_emotion_detection-develop-v2/cremad_preprocessed/audio/1054_IEO_DIS_LO.wav,1054_IEO_DIS_LO.wav,1054,test,5,disgust,2,sad,0.5343084931373596
/Users/prarthanapatel/Desktop/Himanshi/speech_emotion_detection-develop-v2/cremad_preprocessed/audio/1054_IEO_DIS_MD.wav,1054_IEO_DIS_MD.wav,1054,test,5,disgust,5,disgust,0.8230570554733276
/Users/prarthanapatel/Desktop/Himanshi/speech_emotion_detection-develop-v2/cremad_preprocessed/audio/1054_IEO_FEA_HI.wav,1054_IEO_FEA_HI.wav,1054,test,4,fear,4,fear,0.957516074180603
/Users/prarthanapatel/Desktop/Himanshi/speech_emotion_detection-develop-v2/cremad_preprocessed/audio/1054_IEO_FEA_LO.wav,1054_IEO_FEA_LO.wav,1054,test,4,fear,4,fear,0.8909854888916016
/Users/prarthanapatel/Desktop/Himanshi/speech_emotion_detection-develop-v2/cremad_preprocessed/audio/1054_IEO_FEA_MD.wav,1054_IEO_FEA_MD.wav,1054,test,4,fear,4,fear,0.8725879192352295
/Users/prarthanapatel/Desktop/Himanshi/speech_emotion_detection-develop-v2/cremad_preprocessed/audio/1054_IEO_HAP_HI.wav,1054_IEO_HAP_HI.wav,1054,test,1,happy,4,fear,0.9156031012535095
/Users/prarthanapatel/Desktop/Himanshi/speech_emotion_detection-develop-v2/cremad_preprocessed/audio/1054_IEO_HAP_LO.wav,1054_IEO_HAP_LO.wav,1054,test,1,happy,1,happy,0.9550009369850159
/Users/prarthanapatel/Desktop/Himanshi/speech_emotion_detection-develop-v2/cremad_preprocessed/audio/1054_IEO_HAP_MD.wav,1054_IEO_HAP_MD.wav,1054,test,1,happy,1,happy,0.8079403042793274
/Users/prarthanapatel/Desktop/Himanshi/speech_emotion_detection-develop-v2/cremad_preprocessed/audio/1054_IEO_NEU_XX.wav,1054_IEO_NEU_XX.wav,1054,test,0,neutral,4,fear,0.35249659419059753
/Users/prarthanapatel/Desktop/Himanshi/speech_emotion_detection-develop-v2/cremad_preprocessed/audio/1054_IEO_SAD_HI.wav,1054_IEO_SAD_HI.wav,1054,test,2,sad,4,fear,0.9408140182495117
/Users/prarthanapatel/Desktop/Himanshi/speech_emotion_detection-develop-v2/cremad_preprocessed/audio/1054_IEO_SAD_LO.wav,1054_IEO_SAD_LO.wav,1054,test,2,sad,4,fear,0.8486049175262451
/Users/prarthanapatel/Desktop/Himanshi/speech_emotion_detection-develop-v2/cremad_preprocessed/audio/1054_IEO_SAD_MD.wav,1054_IEO_SAD_MD.wav,1054,test,2,sad,2,sad,0.5876849889755249
/Users/prarthanapatel/Desktop/Himanshi/speech_emotion_detection-develop-v2/cremad_preprocessed/audio/1054_IOM_ANG_XX.wav,1054_IOM_ANG_XX.wav,1054,test,3,angry,3,angry,0.9939104318618774
/Users/prarthanapatel/Desktop/Himanshi/speech_emotion_detection-develop-v2/cremad_preprocessed/audio/1054_IOM_DIS_XX.wav,1054_IOM_DIS_XX.wav,1054,test,5,disgust,3,angry,0.8223625421524048
/Users/prarthanapatel/Desktop/Himanshi/speech_emotion_detection-develop-v2/cremad_preprocessed/audio/1054_IOM_FEA_XX.wav,1054_IOM_FEA_XX.wav,1054,test,4,fear,4,fear,0.9580403566360474
/Users/prarthanapatel/Desktop/Himanshi/speech_emotion_detection-develop-v2/cremad_preprocessed/audio/1054_IOM_HAP_XX.wav,1054_IOM_HAP_XX.wav,1054,test,1,happy,4,fear,0.773319661617279
/Users/prarthanapatel/Desktop/Himanshi/speech_emotion_detection-develop-v2/cremad_preprocessed/audio/1054_IOM_NEU_XX.wav,1054_IOM_NEU_XX.wav,1054,test,0,neutral,2,sad,0.689198911190033
/Users/prarthanapatel/Desktop/Himanshi/speech_emotion_detection-develop-v2/cremad_preprocessed/audio/1054_IOM_SAD_XX.wav,1054_IOM_SAD_XX.wav,1054,test,2,sad,2,sad,0.7942764163017273
/Users/prarthanapatel/Desktop/Himanshi/speech_emotion_detection-develop-v2/cremad_preprocessed/audio/1054_ITH_ANG_XX.wav,1054_ITH_ANG_XX.wav,1054,test,3,angry,3,angry,0.9940059185028076
/Users/prarthanapatel/Desktop/Himanshi/speech_emotion_detection-develop-v2/cremad_preprocessed/audio/1054_ITH_DIS_XX.wav,1054_ITH_DIS_XX.wav,1054,test,5,disgust,2,sad,0.4888247847557068
/Users/prarthanapatel/Desktop/Himanshi/speech_emotion_detection-develop-v2/cremad_preprocessed/audio/1054_ITH_FEA_XX.wav,1054_ITH_FEA_XX.wav,1054,test,4,fear,4,fear,0.9153419137001038
/Users/prarthanapatel/Desktop/Himanshi/speech_emotion_detection-develop-v2/cremad_preprocessed/audio/1054_ITH_HAP_XX.wav,1054_ITH_HAP_XX.wav,1054,test,1,happy,1,happy,0.9697142243385315
/Users/prarthanapatel/Desktop/Himanshi/speech_emotion_detection-develop-v2/cremad_preprocessed/audio/1054_ITH_NEU_XX.wav,1054_ITH_NEU_XX.wav,1054,test,0,neutral,0,neutral,0.8977159261703491
/Users/prarthanapatel/Desktop/Himanshi/speech_emotion_detection-develop-v2/cremad_preprocessed/audio/1054_ITH_SAD_XX.wav,1054_ITH_SAD_XX.wav,1054,test,2,sad,4,fear,0.8377017378807068
/Users/prarthanapatel/Desktop/Himanshi/speech_emotion_detection-develop-v2/cremad_preprocessed/audio/1054_ITS_ANG_XX.wav,1054_ITS_ANG_XX.wav,1054,test,3,angry,3,angry,0.9936184883117676
/Users/prarthanapatel/Desktop/Himanshi/speech_emotion_detection-develop-v2/cremad_preprocessed/audio/1054_ITS_DIS_XX.wav,1054_ITS_DIS_XX.wav,1054,test,5,disgust,5,disgust,0.7923583388328552
/Users/prarthanapatel/Desktop/Himanshi/speech_emotion_detection-develop-v2/cremad_preprocessed/audio/1054_ITS_FEA_XX.wav,1054_ITS_FEA_XX.wav,1054,test,4,fear,4,fear,0.932451605796814
/Users/prarthanapatel/Desktop/Himanshi/speech_emotion_detection-develop-v2/cremad_preprocessed/audio/1054_ITS_HAP_XX.wav,1054_ITS_HAP_XX.wav,1054,test,1,happy,1,happy,0.9759904742240906
/Users/prarthanapatel/Desktop/Himanshi/speech_emotion_detection-develop-v2/cremad_preprocessed/audio/1054_ITS_NEU_XX.wav,1054_ITS_NEU_XX.wav,1054,test,0,neutral,0,neutral,0.9889629483222961
/Users/prarthanapatel/Desktop/Himanshi/speech_emotion_detection-develop-v2/cremad_preprocessed/audio/1054_ITS_SAD_XX.wav,1054_ITS_SAD_XX.wav,1054,test,2,sad,2,sad,0.6611198782920837
/Users/prarthanapatel/Desktop/Himanshi/speech_emotion_detection-develop-v2/cremad_preprocessed/audio/1054_IWL_ANG_XX.wav,1054_IWL_ANG_XX.wav,1054,test,3,angry,1,happy,0.9694790244102478
/Users/prarthanapatel/Desktop/Himanshi/speech_emotion_detection-develop-v2/cremad_preprocessed/audio/1054_IWL_DIS_XX.wav,1054_IWL_DIS_XX.wav,1054,test,5,disgust,5,disgust,0.4109017252922058
/Users/prarthanapatel/Desktop/Himanshi/speech_emotion_detection-develop-v2/cremad_preprocessed/audio/1054_IWL_FEA_XX.wav,1054_IWL_FEA_XX.wav,1054,test,4,fear,4,fear,0.9390236139297485
/Users/prarthanapatel/Desktop/Himanshi/speech_emotion_detection-develop-v2/cremad_preprocessed/audio/1054_IWL_HAP_XX.wav,1054_IWL_HAP_XX.wav,1054,test,1,happy,1,happy,0.726199746131897
/Users/prarthanapatel/Desktop/Himanshi/speech_emotion_detection-develop-v2/cremad_preprocessed/audio/1054_IWL_NEU_XX.wav,1054_IWL_NEU_XX.wav,1054,test,0,neutral,2,sad,0.8597197532653809
/Users/prarthanapatel/Desktop/Himanshi/speech_emotion_detection-develop-v2/cremad_preprocessed/audio/1054_IWL_SAD_XX.wav,1054_IWL_SAD_XX.wav,1054,test,2,sad,2,sad,0.8484982848167419
/Users/prarthanapatel/Desktop/Himanshi/speech_emotion_detection-develop-v2/cremad_preprocessed/audio/1054_IWW_ANG_XX.wav,1054_IWW_ANG_XX.wav,1054,test,3,angry,3,angry,0.9929952025413513
/Users/prarthanapatel/Desktop/Himanshi/speech_emotion_detection-develop-v2/cremad_preprocessed/audio/1054_IWW_DIS_XX.wav,1054_IWW_DIS_XX.wav,1054,test,5,disgust,2,sad,0.5381325483322144
/Users/prarthanapatel/Desktop/Himanshi/speech_emotion_detection-develop-v2/cremad_preprocessed/audio/1054_IWW_FEA_XX.wav,1054_IWW_FEA_XX.wav,1054,test,4,fear,4,fear,0.9590051770210266
/Users/prarthanapatel/Desktop/Himanshi/speech_emotion_detection-develop-v2/cremad_preprocessed/audio/1054_IWW_HAP_XX.wav,1054_IWW_HAP_XX.wav,1054,test,1,happy,1,happy,0.979353666305542
/Users/prarthanapatel/Desktop/Himanshi/speech_emotion_detection-develop-v2/cremad_preprocessed/audio/1054_IWW_NEU_XX.wav,1054_IWW_NEU_XX.wav,1054,test,0,neutral,0,neutral,0.9890711307525635
/Users/prarthanapatel/Desktop/Himanshi/speech_emotion_detection-develop-v2/cremad_preprocessed/audio/1054_IWW_SAD_XX.wav,1054_IWW_SAD_XX.wav,1054,test,2,sad,1,happy,0.5428318381309509
/Users/prarthanapatel/Desktop/Himanshi/speech_emotion_detection-develop-v2/cremad_preprocessed/audio/1054_MTI_ANG_XX.wav,1054_MTI_ANG_XX.wav,1054,test,3,angry,4,fear,0.4758857190608978
/Users/prarthanapatel/Desktop/Himanshi/speech_emotion_detection-develop-v2/cremad_preprocessed/audio/1054_MTI_DIS_XX.wav,1054_MTI_DIS_XX.wav,1054,test,5,disgust,4,fear,0.7976598143577576
/Users/prarthanapatel/Desktop/Himanshi/speech_emotion_detection-develop-v2/cremad_preprocessed/audio/1054_MTI_FEA_XX.wav,1054_MTI_FEA_XX.wav,1054,test,4,fear,4,fear,0.902023434638977
/Users/prarthanapatel/Desktop/Himanshi/speech_emotion_detection-develop-v2/cremad_preprocessed/audio/1054_MTI_HAP_XX.wav,1054_MTI_HAP_XX.wav,1054,test,1,happy,1,happy,0.9764336347579956
/Users/prarthanapatel/Desktop/Himanshi/speech_emotion_detection-develop-v2/cremad_preprocessed/audio/1054_MTI_NEU_XX.wav,1054_MTI_NEU_XX.wav,1054,test,0,neutral,0,neutral,0.984306812286377
/Users/prarthanapatel/Desktop/Himanshi/speech_emotion_detection-develop-v2/cremad_preprocessed/audio/1054_MTI_SAD_XX.wav,1054_MTI_SAD_XX.wav,1054,test,2,sad,4,fear,0.8852971792221069
/Users/prarthanapatel/Desktop/Himanshi/speech_emotion_detection-develop-v2/cremad_preprocessed/audio/1054_TAI_ANG_XX.wav,1054_TAI_ANG_XX.wav,1054,test,3,angry,3,angry,0.9898305535316467
/Users/prarthanapatel/Desktop/Himanshi/speech_emotion_detection-develop-v2/cremad_preprocessed/audio/1054_TAI_DIS_XX.wav,1054_TAI_DIS_XX.wav,1054,test,5,disgust,5,disgust,0.8502398133277893
/Users/prarthanapatel/Desktop/Himanshi/speech_emotion_detection-develop-v2/cremad_preprocessed/audio/1054_TAI_FEA_XX.wav,1054_TAI_FEA_XX.wav,1054,test,4,fear,4,fear,0.8629448413848877
/Users/prarthanapatel/Desktop/Himanshi/speech_emotion_detection-develop-v2/cremad_preprocessed/audio/1054_TAI_HAP_XX.wav,1054_TAI_HAP_XX.wav,1054,test,1,happy,1,happy,0.976058304309845
/Users/prarthanapatel/Desktop/Himanshi/speech_emotion_detection-develop-v2/cremad_preprocessed/audio/1054_TAI_NEU_XX.wav,1054_TAI_NEU_XX.wav,1054,test,0,neutral,0,neutral,0.8055344820022583
/Users/prarthanapatel/Desktop/Himanshi/speech_emotion_detection-develop-v2/cremad_preprocessed/audio/1054_TAI_SAD_XX.wav,1054_TAI_SAD_XX.wav,1054,test,2,sad,0,neutral,0.8366405963897705
/Users/prarthanapatel/Desktop/Himanshi/speech_emotion_detection-develop-v2/cremad_preprocessed/audio/1054_TIE_ANG_XX.wav,1054_TIE_ANG_XX.wav,1054,test,3,angry,3,angry,0.9900457262992859
/Users/prarthanapatel/Desktop/Himanshi/speech_emotion_detection-develop-v2/cremad_preprocessed/audio/1054_TIE_DIS_XX.wav,1054_TIE_DIS_XX.wav,1054,test,5,disgust,5,disgust,0.9418967962265015
/Users/prarthanapatel/Desktop/Himanshi/speech_emotion_detection-develop-v2/cremad_preprocessed/audio/1054_TIE_FEA_XX.wav,1054_TIE_FEA_XX.wav,1054,test,4,fear,4,fear,0.4962615668773651
/Users/prarthanapatel/Desktop/Himanshi/speech_emotion_detection-develop-v2/cremad_preprocessed/audio/1054_TIE_HAP_XX.wav,1054_TIE_HAP_XX.wav,1054,test,1,happy,1,happy,0.9675670266151428
/Users/prarthanapatel/Desktop/Himanshi/speech_emotion_detection-develop-v2/cremad_preprocessed/audio/1054_TIE_NEU_XX.wav,1054_TIE_NEU_XX.wav,1054,test,0,neutral,0,neutral,0.7180384397506714
/Users/prarthanapatel/Desktop/Himanshi/speech_emotion_detection-develop-v2/cremad_preprocessed/audio/1054_TIE_SAD_XX.wav,1054_TIE_SAD_XX.wav,1054,test,2,sad,2,sad,0.6194032430648804
/Users/prarthanapatel/Desktop/Himanshi/speech_emotion_detection-develop-v2/cremad_preprocessed/audio/1054_TSI_ANG_XX.wav,1054_TSI_ANG_XX.wav,1054,test,3,angry,3,angry,0.4731230139732361
/Users/prarthanapatel/Desktop/Himanshi/speech_emotion_detection-develop-v2/cremad_preprocessed/audio/1054_TSI_DIS_XX.wav,1054_TSI_DIS_XX.wav,1054,test,5,disgust,5,disgust,0.9053584933280945
/Users/prarthanapatel/Desktop/Himanshi/speech_emotion_detection-develop-v2/cremad_preprocessed/audio/1054_TSI_FEA_XX.wav,1054_TSI_FEA_XX.wav,1054,test,4,fear,4,fear,0.9281806349754333
/Users/prarthanapatel/Desktop/Himanshi/speech_emotion_detection-develop-v2/cremad_preprocessed/audio/1054_TSI_HAP_XX.wav,1054_TSI_HAP_XX.wav,1054,test,1,happy,1,happy,0.5064170956611633
/Users/prarthanapatel/Desktop/Himanshi/speech_emotion_detection-develop-v2/cremad_preprocessed/audio/1054_TSI_NEU_XX.wav,1054_TSI_NEU_XX.wav,1054,test,0,neutral,0,neutral,0.9728982448577881
/Users/prarthanapatel/Desktop/Himanshi/speech_emotion_detection-develop-v2/cremad_preprocessed/audio/1054_TSI_SAD_XX.wav,1054_TSI_SAD_XX.wav,1054,test,2,sad,2,sad,0.657648503780365
/Users/prarthanapatel/Desktop/Himanshi/speech_emotion_detection-develop-v2/cremad_preprocessed/audio/1054_WSI_ANG_XX.wav,1054_WSI_ANG_XX.wav,1054,test,3,angry,3,angry,0.9942800998687744
/Users/prarthanapatel/Desktop/Himanshi/speech_emotion_detection-develop-v2/cremad_preprocessed/audio/1054_WSI_DIS_XX.wav,1054_WSI_DIS_XX.wav,1054,test,5,disgust,5,disgust,0.6546075344085693
/Users/prarthanapatel/Desktop/Himanshi/speech_emotion_detection-develop-v2/cremad_preprocessed/audio/1054_WSI_FEA_XX.wav,1054_WSI_FEA_XX.wav,1054,test,4,fear,4,fear,0.8967394232749939
/Users/prarthanapatel/Desktop/Himanshi/speech_emotion_detection-develop-v2/cremad_preprocessed/audio/1054_WSI_HAP_XX.wav,1054_WSI_HAP_XX.wav,1054,test,1,happy,1,happy,0.9740482568740845
/Users/prarthanapatel/Desktop/Himanshi/speech_emotion_detection-develop-v2/cremad_preprocessed/audio/1054_WSI_NEU_XX.wav,1054_WSI_NEU_XX.wav,1054,test,0,neutral,0,neutral,0.8046879768371582
/Users/prarthanapatel/Desktop/Himanshi/speech_emotion_detection-develop-v2/cremad_preprocessed/audio/1054_WSI_SAD_XX.wav,1054_WSI_SAD_XX.wav,1054,test,2,sad,2,sad,0.9228485226631165
/Users/prarthanapatel/Desktop/Himanshi/speech_emotion_detection-develop-v2/cremad_preprocessed/audio/1065_DFA_ANG_XX.wav,1065_DFA_ANG_XX.wav,1065,test,3,angry,3,angry,0.995016872882843
/Users/prarthanapatel/Desktop/Himanshi/speech_emotion_detection-develop-v2/cremad_preprocessed/audio/1065_DFA_DIS_XX.wav,1065_DFA_DIS_XX.wav,1065,test,5,disgust,1,happy,0.9096450209617615
/Users/prarthanapatel/Desktop/Himanshi/speech_emotion_detection-develop-v2/cremad_preprocessed/audio/1065_DFA_FEA_XX.wav,1065_DFA_FEA_XX.wav,1065,test,4,fear,4,fear,0.9320354461669922
/Users/prarthanapatel/Desktop/Himanshi/speech_emotion_detection-develop-v2/cremad_preprocessed/audio/1065_DFA_HAP_XX.wav,1065_DFA_HAP_XX.wav,1065,test,1,happy,1,happy,0.9718957543373108
/Users/prarthanapatel/Desktop/Himanshi/speech_emotion_detection-develop-v2/cremad_preprocessed/audio/1065_DFA_NEU_XX.wav,1065_DFA_NEU_XX.wav,1065,test,0,neutral,0,neutral,0.9829497337341309
/Users/prarthanapatel/Desktop/Himanshi/speech_emotion_detection-develop-v2/cremad_preprocessed/audio/1065_DFA_SAD_XX.wav,1065_DFA_SAD_XX.wav,1065,test,2,sad,2,sad,0.6453983187675476
/Users/prarthanapatel/Desktop/Himanshi/speech_emotion_detection-develop-v2/cremad_preprocessed/audio/1065_IEO_ANG_HI.wav,1065_IEO_ANG_HI.wav,1065,test,3,angry,3,angry,0.9943020343780518
/Users/prarthanapatel/Desktop/Himanshi/speech_emotion_detection-develop-v2/cremad_preprocessed/audio/1065_IEO_ANG_LO.wav,1065_IEO_ANG_LO.wav,1065,test,3,angry,3,angry,0.8638617992401123
/Users/prarthanapatel/Desktop/Himanshi/speech_emotion_detection-develop-v2/cremad_preprocessed/audio/1065_IEO_ANG_MD.wav,1065_IEO_ANG_MD.wav,1065,test,3,angry,3,angry,0.9918699264526367
/Users/prarthanapatel/Desktop/Himanshi/speech_emotion_detection-develop-v2/cremad_preprocessed/audio/1065_IEO_DIS_HI.wav,1065_IEO_DIS_HI.wav,1065,test,5,disgust,1,happy,0.7484287023544312
/Users/prarthanapatel/Desktop/Himanshi/speech_emotion_detection-develop-v2/cremad_preprocessed/audio/1065_IEO_DIS_LO.wav,1065_IEO_DIS_LO.wav,1065,test,5,disgust,5,disgust,0.5711548328399658
/Users/prarthanapatel/Desktop/Himanshi/speech_emotion_detection-develop-v2/cremad_preprocessed/audio/1065_IEO_DIS_MD.wav,1065_IEO_DIS_MD.wav,1065,test,5,disgust,1,happy,0.9451816082000732
/Users/prarthanapatel/Desktop/Himanshi/speech_emotion_detection-develop-v2/cremad_preprocessed/audio/1065_IEO_FEA_HI.wav,1065_IEO_FEA_HI.wav,1065,test,4,fear,1,happy,0.950685977935791
/Users/prarthanapatel/Desktop/Himanshi/speech_emotion_detection-develop-v2/cremad_preprocessed/audio/1065_IEO_FEA_LO.wav,1065_IEO_FEA_LO.wav,1065,test,4,fear,2,sad,0.5360288619995117
/Users/prarthanapatel/Desktop/Himanshi/speech_emotion_detection-develop-v2/cremad_preprocessed/audio/1065_IEO_FEA_MD.wav,1065_IEO_FEA_MD.wav,1065,test,4,fear,4,fear,0.8553732633590698
/Users/prarthanapatel/Desktop/Himanshi/speech_emotion_detection-develop-v2/cremad_preprocessed/audio/1065_IEO_HAP_HI.wav,1065_IEO_HAP_HI.wav,1065,test,1,happy,1,happy,0.9378145933151245
/Users/prarthanapatel/Desktop/Himanshi/speech_emotion_detection-develop-v2/cremad_preprocessed/audio/1065_IEO_HAP_LO.wav,1065_IEO_HAP_LO.wav,1065,test,1,happy,1,happy,0.8099049925804138
/Users/prarthanapatel/Desktop/Himanshi/speech_emotion_detection-develop-v2/cremad_preprocessed/audio/1065_IEO_HAP_MD.wav,1065_IEO_HAP_MD.wav,1065,test,1,happy,1,happy,0.9036432504653931
/Users/prarthanapatel/Desktop/Himanshi/speech_emotion_detection-develop-v2/cremad_preprocessed/audio/1065_IEO_NEU_XX.wav,1065_IEO_NEU_XX.wav,1065,test,0,neutral,0,neutral,0.6996090412139893
/Users/prarthanapatel/Desktop/Himanshi/speech_emotion_detection-develop-v2/cremad_preprocessed/audio/1065_IEO_SAD_HI.wav,1065_IEO_SAD_HI.wav,1065,test,2,sad,2,sad,0.5819976329803467
/Users/prarthanapatel/Desktop/Himanshi/speech_emotion_detection-develop-v2/cremad_preprocessed/audio/1065_IEO_SAD_LO.wav,1065_IEO_SAD_LO.wav,1065,test,2,sad,2,sad,0.8546204566955566
/Users/prarthanapatel/Desktop/Himanshi/speech_emotion_detection-develop-v2/cremad_preprocessed/audio/1065_IEO_SAD_MD.wav,1065_IEO_SAD_MD.wav,1065,test,2,sad,2,sad,0.791477620601654
/Users/prarthanapatel/Desktop/Himanshi/speech_emotion_detection-develop-v2/cremad_preprocessed/audio/1065_IOM_ANG_XX.wav,1065_IOM_ANG_XX.wav,1065,test,3,angry,3,angry,0.9949172735214233
/Users/prarthanapatel/Desktop/Himanshi/speech_emotion_detection-develop-v2/cremad_preprocessed/audio/1065_IOM_DIS_XX.wav,1065_IOM_DIS_XX.wav,1065,test,5,disgust,1,happy,0.4871712028980255
/Users/prarthanapatel/Desktop/Himanshi/speech_emotion_detection-develop-v2/cremad_preprocessed/audio/1065_IOM_FEA_XX.wav,1065_IOM_FEA_XX.wav,1065,test,4,fear,0,neutral,0.9803547263145447
/Users/prarthanapatel/Desktop/Himanshi/speech_emotion_detection-develop-v2/cremad_preprocessed/audio/1065_IOM_HAP_XX.wav,1065_IOM_HAP_XX.wav,1065,test,1,happy,1,happy,0.5900898575782776
/Users/prarthanapatel/Desktop/Himanshi/speech_emotion_detection-develop-v2/cremad_preprocessed/audio/1065_IOM_NEU_XX.wav,1065_IOM_NEU_XX.wav,1065,test,0,neutral,0,neutral,0.9740784764289856
/Users/prarthanapatel/Desktop/Himanshi/speech_emotion_detection-develop-v2/cremad_preprocessed/audio/1065_IOM_SAD_XX.wav,1065_IOM_SAD_XX.wav,1065,test,2,sad,2,sad,0.6744107604026794
/Users/prarthanapatel/Desktop/Himanshi/speech_emotion_detection-develop-v2/cremad_preprocessed/audio/1065_ITH_ANG_XX.wav,1065_ITH_ANG_XX.wav,1065,test,3,angry,3,angry,0.9948890805244446
/Users/prarthanapatel/Desktop/Himanshi/speech_emotion_detection-develop-v2/cremad_preprocessed/audio/1065_ITH_DIS_XX.wav,1065_ITH_DIS_XX.wav,1065,test,5,disgust,4,fear,0.27332162857055664
/Users/prarthanapatel/Desktop/Himanshi/speech_emotion_detection-develop-v2/cremad_preprocessed/audio/1065_ITH_FEA_XX.wav,1065_ITH_FEA_XX.wav,1065,test,4,fear,4,fear,0.8183392882347107
/Users/prarthanapatel/Desktop/Himanshi/speech_emotion_detection-develop-v2/cremad_preprocessed/audio/1065_ITH_HAP_XX.wav,1065_ITH_HAP_XX.wav,1065,test,1,happy,1,happy,0.5427262783050537
/Users/prarthanapatel/Desktop/Himanshi/speech_emotion_detection-develop-v2/cremad_preprocessed/audio/1065_ITH_NEU_XX.wav,1065_ITH_NEU_XX.wav,1065,test,0,neutral,0,neutral,0.9686193466186523
/Users/prarthanapatel/Desktop/Himanshi/speech_emotion_detection-develop-v2/cremad_preprocessed/audio/1065_ITH_SAD_XX.wav,1065_ITH_SAD_XX.wav,1065,test,2,sad,2,sad,0.5034732222557068
/Users/prarthanapatel/Desktop/Himanshi/speech_emotion_detection-develop-v2/cremad_preprocessed/audio/1065_ITS_ANG_XX.wav,1065_ITS_ANG_XX.wav,1065,test,3,angry,3,angry,0.9936947226524353
/Users/prarthanapatel/Desktop/Himanshi/speech_emotion_detection-develop-v2/cremad_preprocessed/audio/1065_ITS_DIS_XX.wav,1065_ITS_DIS_XX.wav,1065,test,5,disgust,1,happy,0.9567063450813293
/Users/prarthanapatel/Desktop/Himanshi/speech_emotion_detection-develop-v2/cremad_preprocessed/audio/1065_ITS_FEA_XX.wav,1065_ITS_FEA_XX.wav,1065,test,4,fear,4,fear,0.9332622289657593
/Users/prarthanapatel/Desktop/Himanshi/speech_emotion_detection-develop-v2/cremad_preprocessed/audio/1065_ITS_HAP_XX.wav,1065_ITS_HAP_XX.wav,1065,test,1,happy,1,happy,0.912594735622406
/Users/prarthanapatel/Desktop/Himanshi/speech_emotion_detection-develop-v2/cremad_preprocessed/audio/1065_ITS_NEU_XX.wav,1065_ITS_NEU_XX.wav,1065,test,0,neutral,0,neutral,0.9868558049201965
/Users/prarthanapatel/Desktop/Himanshi/speech_emotion_detection-develop-v2/cremad_preprocessed/audio/1065_ITS_SAD_XX.wav,1065_ITS_SAD_XX.wav,1065,test,2,sad,4,fear,0.533143162727356
/Users/prarthanapatel/Desktop/Himanshi/speech_emotion_detection-develop-v2/cremad_preprocessed/audio/1065_IWL_ANG_XX.wav,1065_IWL_ANG_XX.wav,1065,test,3,angry,3,angry,0.9943922162055969
/Users/prarthanapatel/Desktop/Himanshi/speech_emotion_detection-develop-v2/cremad_preprocessed/audio/1065_IWL_DIS_XX.wav,1065_IWL_DIS_XX.wav,1065,test,5,disgust,1,happy,0.9630669951438904
/Users/prarthanapatel/Desktop/Himanshi/speech_emotion_detection-develop-v2/cremad_preprocessed/audio/1065_IWL_FEA_XX.wav,1065_IWL_FEA_XX.wav,1065,test,4,fear,2,sad,0.48660603165626526
/Users/prarthanapatel/Desktop/Himanshi/speech_emotion_detection-develop-v2/cremad_preprocessed/audio/1065_IWL_HAP_XX.wav,1065_IWL_HAP_XX.wav,1065,test,1,happy,1,happy,0.9693163633346558
/Users/prarthanapatel/Desktop/Himanshi/speech_emotion_detection-develop-v2/cremad_preprocessed/audio/1065_IWL_NEU_XX.wav,1065_IWL_NEU_XX.wav,1065,test,0,neutral,0,neutral,0.8041136264801025
/Users/prarthanapatel/Desktop/Himanshi/speech_emotion_detection-develop-v2/cremad_preprocessed/audio/1065_IWL_SAD_XX.wav,1065_IWL_SAD_XX.wav,1065,test,2,sad,2,sad,0.6270803213119507
/Users/prarthanapatel/Desktop/Himanshi/speech_emotion_detection-develop-v2/cremad_preprocessed/audio/1065_IWW_ANG_XX.wav,1065_IWW_ANG_XX.wav,1065,test,3,angry,3,angry,0.9945732951164246
/Users/prarthanapatel/Desktop/Himanshi/speech_emotion_detection-develop-v2/cremad_preprocessed/audio/1065_IWW_DIS_XX.wav,1065_IWW_DIS_XX.wav,1065,test,5,disgust,1,happy,0.7794620394706726
/Users/prarthanapatel/Desktop/Himanshi/speech_emotion_detection-develop-v2/cremad_preprocessed/audio/1065_IWW_FEA_XX.wav,1065_IWW_FEA_XX.wav,1065,test,4,fear,0,neutral,0.978834867477417
/Users/prarthanapatel/Desktop/Himanshi/speech_emotion_detection-develop-v2/cremad_preprocessed/audio/1065_IWW_HAP_XX.wav,1065_IWW_HAP_XX.wav,1065,test,1,happy,1,happy,0.9784454107284546
/Users/prarthanapatel/Desktop/Himanshi/speech_emotion_detection-develop-v2/cremad_preprocessed/audio/1065_IWW_NEU_XX.wav,1065_IWW_NEU_XX.wav,1065,test,0,neutral,0,neutral,0.9888017177581787
/Users/prarthanapatel/Desktop/Himanshi/speech_emotion_detection-develop-v2/cremad_preprocessed/audio/1065_IWW_SAD_XX.wav,1065_IWW_SAD_XX.wav,1065,test,2,sad,2,sad,0.869162380695343
/Users/prarthanapatel/Desktop/Himanshi/speech_emotion_detection-develop-v2/cremad_preprocessed/audio/1065_MTI_ANG_XX.wav,1065_MTI_ANG_XX.wav,1065,test,3,angry,3,angry,0.9950500130653381
/Users/prarthanapatel/Desktop/Himanshi/speech_emotion_detection-develop-v2/cremad_preprocessed/audio/1065_MTI_DIS_XX.wav,1065_MTI_DIS_XX.wav,1065,test,5,disgust,1,happy,0.8721427917480469
/Users/prarthanapatel/Desktop/Himanshi/speech_emotion_detection-develop-v2/cremad_preprocessed/audio/1065_MTI_FEA_XX.wav,1065_MTI_FEA_XX.wav,1065,test,4,fear,4,fear,0.777851939201355
/Users/prarthanapatel/Desktop/Himanshi/speech_emotion_detection-develop-v2/cremad_preprocessed/audio/1065_MTI_HAP_XX.wav,1065_MTI_HAP_XX.wav,1065,test,1,happy,1,happy,0.9790694117546082
/Users/prarthanapatel/Desktop/Himanshi/speech_emotion_detection-develop-v2/cremad_preprocessed/audio/1065_MTI_NEU_XX.wav,1065_MTI_NEU_XX.wav,1065,test,0,neutral,0,neutral,0.9779247045516968
/Users/prarthanapatel/Desktop/Himanshi/speech_emotion_detection-develop-v2/cremad_preprocessed/audio/1065_MTI_SAD_XX.wav,1065_MTI_SAD_XX.wav,1065,test,2,sad,0,neutral,0.9276986122131348
/Users/prarthanapatel/Desktop/Himanshi/speech_emotion_detection-develop-v2/cremad_preprocessed/audio/1065_TAI_ANG_XX.wav,1065_TAI_ANG_XX.wav,1065,test,3,angry,3,angry,0.9946751594543457
/Users/prarthanapatel/Desktop/Himanshi/speech_emotion_detection-develop-v2/cremad_preprocessed/audio/1065_TAI_DIS_XX.wav,1065_TAI_DIS_XX.wav,1065,test,5,disgust,4,fear,0.5904260873794556
/Users/prarthanapatel/Desktop/Himanshi/speech_emotion_detection-develop-v2/cremad_preprocessed/audio/1065_TAI_FEA_XX.wav,1065_TAI_FEA_XX.wav,1065,test,4,fear,4,fear,0.6644368171691895
/Users/prarthanapatel/Desktop/Himanshi/speech_emotion_detection-develop-v2/cremad_preprocessed/audio/1065_TAI_HAP_XX.wav,1065_TAI_HAP_XX.wav,1065,test,1,happy,1,happy,0.970861554145813
/Users/prarthanapatel/Desktop/Himanshi/speech_emotion_detection-develop-v2/cremad_preprocessed/audio/1065_TAI_NEU_XX.wav,1065_TAI_NEU_XX.wav,1065,test,0,neutral,0,neutral,0.9774561524391174
/Users/prarthanapatel/Desktop/Himanshi/speech_emotion_detection-develop-v2/cremad_preprocessed/audio/1065_TAI_SAD_XX.wav,1065_TAI_SAD_XX.wav,1065,test,2,sad,0,neutral,0.8866495490074158
/Users/prarthanapatel/Desktop/Himanshi/speech_emotion_detection-develop-v2/cremad_preprocessed/audio/1065_TIE_ANG_XX.wav,1065_TIE_ANG_XX.wav,1065,test,3,angry,3,angry,0.9906450510025024
/Users/prarthanapatel/Desktop/Himanshi/speech_emotion_detection-develop-v2/cremad_preprocessed/audio/1065_TIE_DIS_XX.wav,1065_TIE_DIS_XX.wav,1065,test,5,disgust,1,happy,0.9259835481643677
/Users/prarthanapatel/Desktop/Himanshi/speech_emotion_detection-develop-v2/cremad_preprocessed/audio/1065_TIE_FEA_XX.wav,1065_TIE_FEA_XX.wav,1065,test,4,fear,0,neutral,0.507854700088501
/Users/prarthanapatel/Desktop/Himanshi/speech_emotion_detection-develop-v2/cremad_preprocessed/audio/1065_TIE_HAP_XX.wav,1065_TIE_HAP_XX.wav,1065,test,1,happy,1,happy,0.9802951216697693
/Users/prarthanapatel/Desktop/Himanshi/speech_emotion_detection-develop-v2/cremad_preprocessed/audio/1065_TIE_NEU_XX.wav,1065_TIE_NEU_XX.wav,1065,test,0,neutral,0,neutral,0.9841809272766113
/Users/prarthanapatel/Desktop/Himanshi/speech_emotion_detection-develop-v2/cremad_preprocessed/audio/1065_TIE_SAD_XX.wav,1065_TIE_SAD_XX.wav,1065,test,2,sad,2,sad,0.8714322447776794
/Users/prarthanapatel/Desktop/Himanshi/speech_emotion_detection-develop-v2/cremad_preprocessed/audio/1065_TSI_ANG_XX.wav,1065_TSI_ANG_XX.wav,1065,test,3,angry,3,angry,0.9950345754623413
/Users/prarthanapatel/Desktop/Himanshi/speech_emotion_detection-develop-v2/cremad_preprocessed/audio/1065_TSI_DIS_XX.wav,1065_TSI_DIS_XX.wav,1065,test,5,disgust,1,happy,0.942869246006012
/Users/prarthanapatel/Desktop/Himanshi/speech_emotion_detection-develop-v2/cremad_preprocessed/audio/1065_TSI_FEA_XX.wav,1065_TSI_FEA_XX.wav,1065,test,4,fear,1,happy,0.5056515336036682
/Users/prarthanapatel/Desktop/Himanshi/speech_emotion_detection-develop-v2/cremad_preprocessed/audio/1065_TSI_HAP_XX.wav,1065_TSI_HAP_XX.wav,1065,test,1,happy,1,happy,0.7503929138183594
/Users/prarthanapatel/Desktop/Himanshi/speech_emotion_detection-develop-v2/cremad_preprocessed/audio/1065_TSI_NEU_XX.wav,1065_TSI_NEU_XX.wav,1065,test,0,neutral,0,neutral,0.9840211272239685
/Users/prarthanapatel/Desktop/Himanshi/speech_emotion_detection-develop-v2/cremad_preprocessed/audio/1065_TSI_SAD_XX.wav,1065_TSI_SAD_XX.wav,1065,test,2,sad,2,sad,0.9078109264373779
/Users/prarthanapatel/Desktop/Himanshi/speech_emotion_detection-develop-v2/cremad_preprocessed/audio/1065_WSI_ANG_XX.wav,1065_WSI_ANG_XX.wav,1065,test,3,angry,3,angry,0.9945743680000305
/Users/prarthanapatel/Desktop/Himanshi/speech_emotion_detection-develop-v2/cremad_preprocessed/audio/1065_WSI_DIS_XX.wav,1065_WSI_DIS_XX.wav,1065,test,5,disgust,1,happy,0.9359084367752075
/Users/prarthanapatel/Desktop/Himanshi/speech_emotion_detection-develop-v2/cremad_preprocessed/audio/1065_WSI_FEA_XX.wav,1065_WSI_FEA_XX.wav,1065,test,4,fear,1,happy,0.9700543284416199
/Users/prarthanapatel/Desktop/Himanshi/speech_emotion_detection-develop-v2/cremad_preprocessed/audio/1065_WSI_HAP_XX.wav,1065_WSI_HAP_XX.wav,1065,test,1,happy,1,happy,0.9619752764701843
/Users/prarthanapatel/Desktop/Himanshi/speech_emotion_detection-develop-v2/cremad_preprocessed/audio/1065_WSI_NEU_XX.wav,1065_WSI_NEU_XX.wav,1065,test,0,neutral,0,neutral,0.9768598079681396
/Users/prarthanapatel/Desktop/Himanshi/speech_emotion_detection-develop-v2/cremad_preprocessed/audio/1065_WSI_SAD_XX.wav,1065_WSI_SAD_XX.wav,1065,test,2,sad,0,neutral,0.9751874208450317
/Users/prarthanapatel/Desktop/Himanshi/speech_emotion_detection-develop-v2/cremad_preprocessed/audio/1066_DFA_ANG_XX.wav,1066_DFA_ANG_XX.wav,1066,test,3,angry,3,angry,0.9047635197639465
/Users/prarthanapatel/Desktop/Himanshi/speech_emotion_detection-develop-v2/cremad_preprocessed/audio/1066_DFA_DIS_XX.wav,1066_DFA_DIS_XX.wav,1066,test,5,disgust,2,sad,0.6031586527824402
/Users/prarthanapatel/Desktop/Himanshi/speech_emotion_detection-develop-v2/cremad_preprocessed/audio/1066_DFA_FEA_XX.wav,1066_DFA_FEA_XX.wav,1066,test,4,fear,4,fear,0.7424541115760803
/Users/prarthanapatel/Desktop/Himanshi/speech_emotion_detection-develop-v2/cremad_preprocessed/audio/1066_DFA_HAP_XX.wav,1066_DFA_HAP_XX.wav,1066,test,1,happy,1,happy,0.9771733283996582
/Users/prarthanapatel/Desktop/Himanshi/speech_emotion_detection-develop-v2/cremad_preprocessed/audio/1066_DFA_NEU_XX.wav,1066_DFA_NEU_XX.wav,1066,test,0,neutral,0,neutral,0.9601005911827087
/Users/prarthanapatel/Desktop/Himanshi/speech_emotion_detection-develop-v2/cremad_preprocessed/audio/1066_DFA_SAD_XX.wav,1066_DFA_SAD_XX.wav,1066,test,2,sad,2,sad,0.8564791679382324
/Users/prarthanapatel/Desktop/Himanshi/speech_emotion_detection-develop-v2/cremad_preprocessed/audio/1066_IEO_ANG_HI.wav,1066_IEO_ANG_HI.wav,1066,test,3,angry,3,angry,0.9911985993385315
/Users/prarthanapatel/Desktop/Himanshi/speech_emotion_detection-develop-v2/cremad_preprocessed/audio/1066_IEO_ANG_LO.wav,1066_IEO_ANG_LO.wav,1066,test,3,angry,3,angry,0.757469654083252
/Users/prarthanapatel/Desktop/Himanshi/speech_emotion_detection-develop-v2/cremad_preprocessed/audio/1066_IEO_ANG_MD.wav,1066_IEO_ANG_MD.wav,1066,test,3,angry,3,angry,0.9912552833557129
/Users/prarthanapatel/Desktop/Himanshi/speech_emotion_detection-develop-v2/cremad_preprocessed/audio/1066_IEO_DIS_HI.wav,1066_IEO_DIS_HI.wav,1066,test,5,disgust,5,disgust,0.4429100453853607
/Users/prarthanapatel/Desktop/Himanshi/speech_emotion_detection-develop-v2/cremad_preprocessed/audio/1066_IEO_DIS_LO.wav,1066_IEO_DIS_LO.wav,1066,test,5,disgust,2,sad,0.5176211595535278
/Users/prarthanapatel/Desktop/Himanshi/speech_emotion_detection-develop-v2/cremad_preprocessed/audio/1066_IEO_DIS_MD.wav,1066_IEO_DIS_MD.wav,1066,test,5,disgust,5,disgust,0.9476619362831116
/Users/prarthanapatel/Desktop/Himanshi/speech_emotion_detection-develop-v2/cremad_preprocessed/audio/1066_IEO_FEA_HI.wav,1066_IEO_FEA_HI.wav,1066,test,4,fear,3,angry,0.7947877049446106
/Users/prarthanapatel/Desktop/Himanshi/speech_emotion_detection-develop-v2/cremad_preprocessed/audio/1066_IEO_FEA_LO.wav,1066_IEO_FEA_LO.wav,1066,test,4,fear,2,sad,0.6588637232780457
/Users/prarthanapatel/Desktop/Himanshi/speech_emotion_detection-develop-v2/cremad_preprocessed/audio/1066_IEO_FEA_MD.wav,1066_IEO_FEA_MD.wav,1066,test,4,fear,4,fear,0.6543620228767395
/Users/prarthanapatel/Desktop/Himanshi/speech_emotion_detection-develop-v2/cremad_preprocessed/audio/1066_IEO_HAP_HI.wav,1066_IEO_HAP_HI.wav,1066,test,1,happy,1,happy,0.9398812055587769
/Users/prarthanapatel/Desktop/Himanshi/speech_emotion_detection-develop-v2/cremad_preprocessed/audio/1066_IEO_HAP_LO.wav,1066_IEO_HAP_LO.wav,1066,test,1,happy,1,happy,0.8452340364456177
/Users/prarthanapatel/Desktop/Himanshi/speech_emotion_detection-develop-v2/cremad_preprocessed/audio/1066_IEO_HAP_MD.wav,1066_IEO_HAP_MD.wav,1066,test,1,happy,1,happy,0.9665111303329468
/Users/prarthanapatel/Desktop/Himanshi/speech_emotion_detection-develop-v2/cremad_preprocessed/audio/1066_IEO_NEU_XX.wav,1066_IEO_NEU_XX.wav,1066,test,0,neutral,0,neutral,0.8796646595001221
/Users/prarthanapatel/Desktop/Himanshi/speech_emotion_detection-develop-v2/cremad_preprocessed/audio/1066_IEO_SAD_HI.wav,1066_IEO_SAD_HI.wav,1066,test,2,sad,2,sad,0.6553733944892883
/Users/prarthanapatel/Desktop/Himanshi/speech_emotion_detection-develop-v2/cremad_preprocessed/audio/1066_IEO_SAD_LO.wav,1066_IEO_SAD_LO.wav,1066,test,2,sad,2,sad,0.6333601474761963
/Users/prarthanapatel/Desktop/Himanshi/speech_emotion_detection-develop-v2/cremad_preprocessed/audio/1066_IEO_SAD_MD.wav,1066_IEO_SAD_MD.wav,1066,test,2,sad,2,sad,0.5769367814064026
/Users/prarthanapatel/Desktop/Himanshi/speech_emotion_detection-develop-v2/cremad_preprocessed/audio/1066_IOM_ANG_XX.wav,1066_IOM_ANG_XX.wav,1066,test,3,angry,3,angry,0.9638875126838684
/Users/prarthanapatel/Desktop/Himanshi/speech_emotion_detection-develop-v2/cremad_preprocessed/audio/1066_IOM_DIS_XX.wav,1066_IOM_DIS_XX.wav,1066,test,5,disgust,4,fear,0.5333375334739685
/Users/prarthanapatel/Desktop/Himanshi/speech_emotion_detection-develop-v2/cremad_preprocessed/audio/1066_IOM_FEA_XX.wav,1066_IOM_FEA_XX.wav,1066,test,4,fear,4,fear,0.658242404460907
/Users/prarthanapatel/Desktop/Himanshi/speech_emotion_detection-develop-v2/cremad_preprocessed/audio/1066_IOM_HAP_XX.wav,1066_IOM_HAP_XX.wav,1066,test,1,happy,1,happy,0.9590549468994141
/Users/prarthanapatel/Desktop/Himanshi/speech_emotion_detection-develop-v2/cremad_preprocessed/audio/1066_IOM_NEU_XX.wav,1066_IOM_NEU_XX.wav,1066,test,0,neutral,1,happy,0.8024680614471436
/Users/prarthanapatel/Desktop/Himanshi/speech_emotion_detection-develop-v2/cremad_preprocessed/audio/1066_IOM_SAD_XX.wav,1066_IOM_SAD_XX.wav,1066,test,2,sad,2,sad,0.5707852244377136
/Users/prarthanapatel/Desktop/Himanshi/speech_emotion_detection-develop-v2/cremad_preprocessed/audio/1066_ITH_ANG_XX.wav,1066_ITH_ANG_XX.wav,1066,test,3,angry,1,happy,0.9285003542900085
/Users/prarthanapatel/Desktop/Himanshi/speech_emotion_detection-develop-v2/cremad_preprocessed/audio/1066_ITH_DIS_XX.wav,1066_ITH_DIS_XX.wav,1066,test,5,disgust,5,disgust,0.8662930727005005
/Users/prarthanapatel/Desktop/Himanshi/speech_emotion_detection-develop-v2/cremad_preprocessed/audio/1066_ITH_FEA_XX.wav,1066_ITH_FEA_XX.wav,1066,test,4,fear,4,fear,0.7265313267707825
/Users/prarthanapatel/Desktop/Himanshi/speech_emotion_detection-develop-v2/cremad_preprocessed/audio/1066_ITH_HAP_XX.wav,1066_ITH_HAP_XX.wav,1066,test,1,happy,1,happy,0.9748740792274475
/Users/prarthanapatel/Desktop/Himanshi/speech_emotion_detection-develop-v2/cremad_preprocessed/audio/1066_ITH_NEU_XX.wav,1066_ITH_NEU_XX.wav,1066,test,0,neutral,0,neutral,0.9853864908218384
/Users/prarthanapatel/Desktop/Himanshi/speech_emotion_detection-develop-v2/cremad_preprocessed/audio/1066_ITH_SAD_XX.wav,1066_ITH_SAD_XX.wav,1066,test,2,sad,2,sad,0.7203417420387268
/Users/prarthanapatel/Desktop/Himanshi/speech_emotion_detection-develop-v2/cremad_preprocessed/audio/1066_ITS_ANG_XX.wav,1066_ITS_ANG_XX.wav,1066,test,3,angry,1,happy,0.5494475364685059
/Users/prarthanapatel/Desktop/Himanshi/speech_emotion_detection-develop-v2/cremad_preprocessed/audio/1066_ITS_DIS_XX.wav,1066_ITS_DIS_XX.wav,1066,test,5,disgust,4,fear,0.8265084624290466
/Users/prarthanapatel/Desktop/Himanshi/speech_emotion_detection-develop-v2/cremad_preprocessed/audio/1066_ITS_FEA_XX.wav,1066_ITS_FEA_XX.wav,1066,test,4,fear,4,fear,0.5980879664421082
/Users/prarthanapatel/Desktop/Himanshi/speech_emotion_detection-develop-v2/cremad_preprocessed/audio/1066_ITS_HAP_XX.wav,1066_ITS_HAP_XX.wav,1066,test,1,happy,1,happy,0.9745416641235352
/Users/prarthanapatel/Desktop/Himanshi/speech_emotion_detection-develop-v2/cremad_preprocessed/audio/1066_ITS_NEU_XX.wav,1066_ITS_NEU_XX.wav,1066,test,0,neutral,0,neutral,0.9063220620155334
/Users/prarthanapatel/Desktop/Himanshi/speech_emotion_detection-develop-v2/cremad_preprocessed/audio/1066_ITS_SAD_XX.wav,1066_ITS_SAD_XX.wav,1066,test,2,sad,2,sad,0.5212448835372925
/Users/prarthanapatel/Desktop/Himanshi/speech_emotion_detection-develop-v2/cremad_preprocessed/audio/1066_IWL_ANG_XX.wav,1066_IWL_ANG_XX.wav,1066,test,3,angry,3,angry,0.9936702251434326
/Users/prarthanapatel/Desktop/Himanshi/speech_emotion_detection-develop-v2/cremad_preprocessed/audio/1066_IWL_DIS_XX.wav,1066_IWL_DIS_XX.wav,1066,test,5,disgust,4,fear,0.9169546365737915
/Users/prarthanapatel/Desktop/Himanshi/speech_emotion_detection-develop-v2/cremad_preprocessed/audio/1066_IWL_FEA_XX.wav,1066_IWL_FEA_XX.wav,1066,test,4,fear,4,fear,0.9325856566429138
/Users/prarthanapatel/Desktop/Himanshi/speech_emotion_detection-develop-v2/cremad_preprocessed/audio/1066_IWL_HAP_XX.wav,1066_IWL_HAP_XX.wav,1066,test,1,happy,4,fear,0.7490648031234741
/Users/prarthanapatel/Desktop/Himanshi/speech_emotion_detection-develop-v2/cremad_preprocessed/audio/1066_IWL_NEU_XX.wav,1066_IWL_NEU_XX.wav,1066,test,0,neutral,0,neutral,0.9836810827255249
/Users/prarthanapatel/Desktop/Himanshi/speech_emotion_detection-develop-v2/cremad_preprocessed/audio/1066_IWL_SAD_XX.wav,1066_IWL_SAD_XX.wav,1066,test,2,sad,2,sad,0.49305790662765503
/Users/prarthanapatel/Desktop/Himanshi/speech_emotion_detection-develop-v2/cremad_preprocessed/audio/1066_IWW_ANG_XX.wav,1066_IWW_ANG_XX.wav,1066,test,3,angry,3,angry,0.9858294129371643
/Users/prarthanapatel/Desktop/Himanshi/speech_emotion_detection-develop-v2/cremad_preprocessed/audio/1066_IWW_DIS_XX.wav,1066_IWW_DIS_XX.wav,1066,test,5,disgust,4,fear,0.8703082799911499
/Users/prarthanapatel/Desktop/Himanshi/speech_emotion_detection-develop-v2/cremad_preprocessed/audio/1066_IWW_FEA_XX.wav,1066_IWW_FEA_XX.wav,1066,test,4,fear,4,fear,0.8522065877914429
/Users/prarthanapatel/Desktop/Himanshi/speech_emotion_detection-develop-v2/cremad_preprocessed/audio/1066_IWW_HAP_XX.wav,1066_IWW_HAP_XX.wav,1066,test,1,happy,1,happy,0.9785844683647156
/Users/prarthanapatel/Desktop/Himanshi/speech_emotion_detection-develop-v2/cremad_preprocessed/audio/1066_IWW_NEU_XX.wav,1066_IWW_NEU_XX.wav,1066,test,0,neutral,0,neutral,0.9527752995491028
/Users/prarthanapatel/Desktop/Himanshi/speech_emotion_detection-develop-v2/cremad_preprocessed/audio/1066_IWW_SAD_XX.wav,1066_IWW_SAD_XX.wav,1066,test,2,sad,2,sad,0.838050901889801
/Users/prarthanapatel/Desktop/Himanshi/speech_emotion_detection-develop-v2/cremad_preprocessed/audio/1066_MTI_ANG_XX.wav,1066_MTI_ANG_XX.wav,1066,test,3,angry,3,angry,0.9933384656906128
/Users/prarthanapatel/Desktop/Himanshi/speech_emotion_detection-develop-v2/cremad_preprocessed/audio/1066_MTI_DIS_XX.wav,1066_MTI_DIS_XX.wav,1066,test,5,disgust,4,fear,0.48248472809791565
/Users/prarthanapatel/Desktop/Himanshi/speech_emotion_detection-develop-v2/cremad_preprocessed/audio/1066_MTI_FEA_XX.wav,1066_MTI_FEA_XX.wav,1066,test,4,fear,4,fear,0.5191681385040283
/Users/prarthanapatel/Desktop/Himanshi/speech_emotion_detection-develop-v2/cremad_preprocessed/audio/1066_MTI_HAP_XX.wav,1066_MTI_HAP_XX.wav,1066,test,1,happy,1,happy,0.9698836207389832
/Users/prarthanapatel/Desktop/Himanshi/speech_emotion_detection-develop-v2/cremad_preprocessed/audio/1066_MTI_NEU_XX.wav,1066_MTI_NEU_XX.wav,1066,test,0,neutral,0,neutral,0.7905328869819641
/Users/prarthanapatel/Desktop/Himanshi/speech_emotion_detection-develop-v2/cremad_preprocessed/audio/1066_MTI_SAD_XX.wav,1066_MTI_SAD_XX.wav,1066,test,2,sad,4,fear,0.8693888783454895
/Users/prarthanapatel/Desktop/Himanshi/speech_emotion_detection-develop-v2/cremad_preprocessed/audio/1066_TAI_ANG_XX.wav,1066_TAI_ANG_XX.wav,1066,test,3,angry,3,angry,0.984380841255188
/Users/prarthanapatel/Desktop/Himanshi/speech_emotion_detection-develop-v2/cremad_preprocessed/audio/1066_TAI_DIS_XX.wav,1066_TAI_DIS_XX.wav,1066,test,5,disgust,5,disgust,0.9118548631668091
/Users/prarthanapatel/Desktop/Himanshi/speech_emotion_detection-develop-v2/cremad_preprocessed/audio/1066_TAI_FEA_XX.wav,1066_TAI_FEA_XX.wav,1066,test,4,fear,4,fear,0.8891710638999939
/Users/prarthanapatel/Desktop/Himanshi/speech_emotion_detection-develop-v2/cremad_preprocessed/audio/1066_TAI_HAP_XX.wav,1066_TAI_HAP_XX.wav,1066,test,1,happy,1,happy,0.8444443345069885
/Users/prarthanapatel/Desktop/Himanshi/speech_emotion_detection-develop-v2/cremad_preprocessed/audio/1066_TAI_NEU_XX.wav,1066_TAI_NEU_XX.wav,1066,test,0,neutral,0,neutral,0.963306725025177
/Users/prarthanapatel/Desktop/Himanshi/speech_emotion_detection-develop-v2/cremad_preprocessed/audio/1066_TAI_SAD_XX.wav,1066_TAI_SAD_XX.wav,1066,test,2,sad,4,fear,0.5073369741439819
/Users/prarthanapatel/Desktop/Himanshi/speech_emotion_detection-develop-v2/cremad_preprocessed/audio/1066_TIE_ANG_XX.wav,1066_TIE_ANG_XX.wav,1066,test,3,angry,1,happy,0.9657261967658997
/Users/prarthanapatel/Desktop/Himanshi/speech_emotion_detection-develop-v2/cremad_preprocessed/audio/1066_TIE_DIS_XX.wav,1066_TIE_DIS_XX.wav,1066,test,5,disgust,1,happy,0.8623123168945312
/Users/prarthanapatel/Desktop/Himanshi/speech_emotion_detection-develop-v2/cremad_preprocessed/audio/1066_TIE_FEA_XX.wav,1066_TIE_FEA_XX.wav,1066,test,4,fear,0,neutral,0.8940088152885437
/Users/prarthanapatel/Desktop/Himanshi/speech_emotion_detection-develop-v2/cremad_preprocessed/audio/1066_TIE_HAP_XX.wav,1066_TIE_HAP_XX.wav,1066,test,1,happy,1,happy,0.9364544153213501
/Users/prarthanapatel/Desktop/Himanshi/speech_emotion_detection-develop-v2/cremad_preprocessed/audio/1066_TIE_NEU_XX.wav,1066_TIE_NEU_XX.wav,1066,test,0,neutral,0,neutral,0.8340227007865906
/Users/prarthanapatel/Desktop/Himanshi/speech_emotion_detection-develop-v2/cremad_preprocessed/audio/1066_TIE_SAD_XX.wav,1066_TIE_SAD_XX.wav,1066,test,2,sad,2,sad,0.5759027004241943
/Users/prarthanapatel/Desktop/Himanshi/speech_emotion_detection-develop-v2/cremad_preprocessed/audio/1066_TSI_ANG_XX.wav,1066_TSI_ANG_XX.wav,1066,test,3,angry,3,angry,0.9904789328575134
/Users/prarthanapatel/Desktop/Himanshi/speech_emotion_detection-develop-v2/cremad_preprocessed/audio/1066_TSI_DIS_XX.wav,1066_TSI_DIS_XX.wav,1066,test,5,disgust,5,disgust,0.9433758854866028
/Users/prarthanapatel/Desktop/Himanshi/speech_emotion_detection-develop-v2/cremad_preprocessed/audio/1066_TSI_FEA_XX.wav,1066_TSI_FEA_XX.wav,1066,test,4,fear,4,fear,0.9121353626251221
/Users/prarthanapatel/Desktop/Himanshi/speech_emotion_detection-develop-v2/cremad_preprocessed/audio/1066_TSI_HAP_XX.wav,1066_TSI_HAP_XX.wav,1066,test,1,happy,1,happy,0.9337087869644165
/Users/prarthanapatel/Desktop/Himanshi/speech_emotion_detection-develop-v2/cremad_preprocessed/audio/1066_TSI_NEU_XX.wav,1066_TSI_NEU_XX.wav,1066,test,0,neutral,0,neutral,0.955794632434845
/Users/prarthanapatel/Desktop/Himanshi/speech_emotion_detection-develop-v2/cremad_preprocessed/audio/1066_TSI_SAD_XX.wav,1066_TSI_SAD_XX.wav,1066,test,2,sad,2,sad,0.6931633949279785
/Users/prarthanapatel/Desktop/Himanshi/speech_emotion_detection-develop-v2/cremad_preprocessed/audio/1066_WSI_ANG_XX.wav,1066_WSI_ANG_XX.wav,1066,test,3,angry,3,angry,0.9942870736122131
/Users/prarthanapatel/Desktop/Himanshi/speech_emotion_detection-develop-v2/cremad_preprocessed/audio/1066_WSI_DIS_XX.wav,1066_WSI_DIS_XX.wav,1066,test,5,disgust,5,disgust,0.893173336982727
/Users/prarthanapatel/Desktop/Himanshi/speech_emotion_detection-develop-v2/cremad_preprocessed/audio/1066_WSI_FEA_XX.wav,1066_WSI_FEA_XX.wav,1066,test,4,fear,2,sad,0.47962474822998047
/Users/prarthanapatel/Desktop/Himanshi/speech_emotion_detection-develop-v2/cremad_preprocessed/audio/1066_WSI_HAP_XX.wav,1066_WSI_HAP_XX.wav,1066,test,1,happy,1,happy,0.9786732792854309
/Users/prarthanapatel/Desktop/Himanshi/speech_emotion_detection-develop-v2/cremad_preprocessed/audio/1066_WSI_NEU_XX.wav,1066_WSI_NEU_XX.wav,1066,test,0,neutral,0,neutral,0.9752386808395386
/Users/prarthanapatel/Desktop/Himanshi/speech_emotion_detection-develop-v2/cremad_preprocessed/audio/1066_WSI_SAD_XX.wav,1066_WSI_SAD_XX.wav,1066,test,2,sad,2,sad,0.6974446177482605
/Users/prarthanapatel/Desktop/Himanshi/speech_emotion_detection-develop-v2/cremad_preprocessed/audio/1067_DFA_ANG_XX.wav,1067_DFA_ANG_XX.wav,1067,test,3,angry,1,happy,0.6121441721916199
/Users/prarthanapatel/Desktop/Himanshi/speech_emotion_detection-develop-v2/cremad_preprocessed/audio/1067_DFA_DIS_XX.wav,1067_DFA_DIS_XX.wav,1067,test,5,disgust,5,disgust,0.6642587780952454
/Users/prarthanapatel/Desktop/Himanshi/speech_emotion_detection-develop-v2/cremad_preprocessed/audio/1067_DFA_FEA_XX.wav,1067_DFA_FEA_XX.wav,1067,test,4,fear,4,fear,0.8238014578819275
/Users/prarthanapatel/Desktop/Himanshi/speech_emotion_detection-develop-v2/cremad_preprocessed/audio/1067_DFA_HAP_XX.wav,1067_DFA_HAP_XX.wav,1067,test,1,happy,4,fear,0.7272903919219971
/Users/prarthanapatel/Desktop/Himanshi/speech_emotion_detection-develop-v2/cremad_preprocessed/audio/1067_DFA_NEU_XX.wav,1067_DFA_NEU_XX.wav,1067,test,0,neutral,1,happy,0.5043776631355286
/Users/prarthanapatel/Desktop/Himanshi/speech_emotion_detection-develop-v2/cremad_preprocessed/audio/1067_DFA_SAD_XX.wav,1067_DFA_SAD_XX.wav,1067,test,2,sad,2,sad,0.46920350193977356
/Users/prarthanapatel/Desktop/Himanshi/speech_emotion_detection-develop-v2/cremad_preprocessed/audio/1067_IEO_ANG_HI.wav,1067_IEO_ANG_HI.wav,1067,test,3,angry,4,fear,0.6951304078102112
/Users/prarthanapatel/Desktop/Himanshi/speech_emotion_detection-develop-v2/cremad_preprocessed/audio/1067_IEO_ANG_LO.wav,1067_IEO_ANG_LO.wav,1067,test,3,angry,1,happy,0.9078533053398132
/Users/prarthanapatel/Desktop/Himanshi/speech_emotion_detection-develop-v2/cremad_preprocessed/audio/1067_IEO_ANG_MD.wav,1067_IEO_ANG_MD.wav,1067,test,3,angry,1,happy,0.6313202977180481
/Users/prarthanapatel/Desktop/Himanshi/speech_emotion_detection-develop-v2/cremad_preprocessed/audio/1067_IEO_DIS_HI.wav,1067_IEO_DIS_HI.wav,1067,test,5,disgust,1,happy,0.574755072593689
/Users/prarthanapatel/Desktop/Himanshi/speech_emotion_detection-develop-v2/cremad_preprocessed/audio/1067_IEO_DIS_LO.wav,1067_IEO_DIS_LO.wav,1067,test,5,disgust,5,disgust,0.6957968473434448
/Users/prarthanapatel/Desktop/Himanshi/speech_emotion_detection-develop-v2/cremad_preprocessed/audio/1067_IEO_DIS_MD.wav,1067_IEO_DIS_MD.wav,1067,test,5,disgust,5,disgust,0.8822672963142395
/Users/prarthanapatel/Desktop/Himanshi/speech_emotion_detection-develop-v2/cremad_preprocessed/audio/1067_IEO_FEA_HI.wav,1067_IEO_FEA_HI.wav,1067,test,4,fear,4,fear,0.9571042060852051
/Users/prarthanapatel/Desktop/Himanshi/speech_emotion_detection-develop-v2/cremad_preprocessed/audio/1067_IEO_FEA_LO.wav,1067_IEO_FEA_LO.wav,1067,test,4,fear,5,disgust,0.700808048248291
/Users/prarthanapatel/Desktop/Himanshi/speech_emotion_detection-develop-v2/cremad_preprocessed/audio/1067_IEO_FEA_MD.wav,1067_IEO_FEA_MD.wav,1067,test,4,fear,4,fear,0.892095148563385
/Users/prarthanapatel/Desktop/Himanshi/speech_emotion_detection-develop-v2/cremad_preprocessed/audio/1067_IEO_HAP_HI.wav,1067_IEO_HAP_HI.wav,1067,test,1,happy,4,fear,0.6760079264640808
/Users/prarthanapatel/Desktop/Himanshi/speech_emotion_detection-develop-v2/cremad_preprocessed/audio/1067_IEO_HAP_LO.wav,1067_IEO_HAP_LO.wav,1067,test,1,happy,1,happy,0.9704620242118835
/Users/prarthanapatel/Desktop/Himanshi/speech_emotion_detection-develop-v2/cremad_preprocessed/audio/1067_IEO_HAP_MD.wav,1067_IEO_HAP_MD.wav,1067,test,1,happy,1,happy,0.8551352024078369
/Users/prarthanapatel/Desktop/Himanshi/speech_emotion_detection-develop-v2/cremad_preprocessed/audio/1067_IEO_NEU_XX.wav,1067_IEO_NEU_XX.wav,1067,test,0,neutral,1,happy,0.7155563235282898
/Users/prarthanapatel/Desktop/Himanshi/speech_emotion_detection-develop-v2/cremad_preprocessed/audio/1067_IEO_SAD_HI.wav,1067_IEO_SAD_HI.wav,1067,test,2,sad,4,fear,0.901658833026886
/Users/prarthanapatel/Desktop/Himanshi/speech_emotion_detection-develop-v2/cremad_preprocessed/audio/1067_IEO_SAD_LO.wav,1067_IEO_SAD_LO.wav,1067,test,2,sad,5,disgust,0.5048398971557617
/Users/prarthanapatel/Desktop/Himanshi/speech_emotion_detection-develop-v2/cremad_preprocessed/audio/1067_IEO_SAD_MD.wav,1067_IEO_SAD_MD.wav,1067,test,2,sad,4,fear,0.8536112904548645
/Users/prarthanapatel/Desktop/Himanshi/speech_emotion_detection-develop-v2/cremad_preprocessed/audio/1067_IOM_ANG_XX.wav,1067_IOM_ANG_XX.wav,1067,test,3,angry,3,angry,0.9883297681808472
/Users/prarthanapatel/Desktop/Himanshi/speech_emotion_detection-develop-v2/cremad_preprocessed/audio/1067_IOM_DIS_XX.wav,1067_IOM_DIS_XX.wav,1067,test,5,disgust,2,sad,0.7851206064224243
/Users/prarthanapatel/Desktop/Himanshi/speech_emotion_detection-develop-v2/cremad_preprocessed/audio/1067_IOM_FEA_XX.wav,1067_IOM_FEA_XX.wav,1067,test,4,fear,4,fear,0.9249434471130371
/Users/prarthanapatel/Desktop/Himanshi/speech_emotion_detection-develop-v2/cremad_preprocessed/audio/1067_IOM_HAP_XX.wav,1067_IOM_HAP_XX.wav,1067,test,1,happy,1,happy,0.6675851345062256
/Users/prarthanapatel/Desktop/Himanshi/speech_emotion_detection-develop-v2/cremad_preprocessed/audio/1067_IOM_NEU_XX.wav,1067_IOM_NEU_XX.wav,1067,test,0,neutral,0,neutral,0.5221453309059143
/Users/prarthanapatel/Desktop/Himanshi/speech_emotion_detection-develop-v2/cremad_preprocessed/audio/1067_IOM_SAD_XX.wav,1067_IOM_SAD_XX.wav,1067,test,2,sad,4,fear,0.9226940274238586
/Users/prarthanapatel/Desktop/Himanshi/speech_emotion_detection-develop-v2/cremad_preprocessed/audio/1067_ITH_ANG_XX.wav,1067_ITH_ANG_XX.wav,1067,test,3,angry,4,fear,0.9081781506538391
/Users/prarthanapatel/Desktop/Himanshi/speech_emotion_detection-develop-v2/cremad_preprocessed/audio/1067_ITH_DIS_XX.wav,1067_ITH_DIS_XX.wav,1067,test,5,disgust,5,disgust,0.6836128830909729
/Users/prarthanapatel/Desktop/Himanshi/speech_emotion_detection-develop-v2/cremad_preprocessed/audio/1067_ITH_FEA_XX.wav,1067_ITH_FEA_XX.wav,1067,test,4,fear,1,happy,0.6694860458374023
/Users/prarthanapatel/Desktop/Himanshi/speech_emotion_detection-develop-v2/cremad_preprocessed/audio/1067_ITH_HAP_XX.wav,1067_ITH_HAP_XX.wav,1067,test,1,happy,1,happy,0.9799715876579285
/Users/prarthanapatel/Desktop/Himanshi/speech_emotion_detection-develop-v2/cremad_preprocessed/audio/1067_ITH_NEU_XX.wav,1067_ITH_NEU_XX.wav,1067,test,0,neutral,1,happy,0.9280932545661926
/Users/prarthanapatel/Desktop/Himanshi/speech_emotion_detection-develop-v2/cremad_preprocessed/audio/1067_ITH_SAD_XX.wav,1067_ITH_SAD_XX.wav,1067,test,2,sad,2,sad,0.5121280550956726
/Users/prarthanapatel/Desktop/Himanshi/speech_emotion_detection-develop-v2/cremad_preprocessed/audio/1067_ITS_ANG_XX.wav,1067_ITS_ANG_XX.wav,1067,test,3,angry,3,angry,0.9861430525779724
/Users/prarthanapatel/Desktop/Himanshi/speech_emotion_detection-develop-v2/cremad_preprocessed/audio/1067_ITS_DIS_XX.wav,1067_ITS_DIS_XX.wav,1067,test,5,disgust,5,disgust,0.6377589106559753
/Users/prarthanapatel/Desktop/Himanshi/speech_emotion_detection-develop-v2/cremad_preprocessed/audio/1067_ITS_FEA_XX.wav,1067_ITS_FEA_XX.wav,1067,test,4,fear,4,fear,0.6399005651473999
/Users/prarthanapatel/Desktop/Himanshi/speech_emotion_detection-develop-v2/cremad_preprocessed/audio/1067_ITS_HAP_XX.wav,1067_ITS_HAP_XX.wav,1067,test,1,happy,4,fear,0.5706082582473755
/Users/prarthanapatel/Desktop/Himanshi/speech_emotion_detection-develop-v2/cremad_preprocessed/audio/1067_ITS_NEU_XX.wav,1067_ITS_NEU_XX.wav,1067,test,0,neutral,1,happy,0.9597277641296387
/Users/prarthanapatel/Desktop/Himanshi/speech_emotion_detection-develop-v2/cremad_preprocessed/audio/1067_ITS_SAD_XX.wav,1067_ITS_SAD_XX.wav,1067,test,2,sad,4,fear,0.8341709971427917
/Users/prarthanapatel/Desktop/Himanshi/speech_emotion_detection-develop-v2/cremad_preprocessed/audio/1067_IWL_ANG_XX.wav,1067_IWL_ANG_XX.wav,1067,test,3,angry,4,fear,0.4430752992630005
/Users/prarthanapatel/Desktop/Himanshi/speech_emotion_detection-develop-v2/cremad_preprocessed/audio/1067_IWL_DIS_XX.wav,1067_IWL_DIS_XX.wav,1067,test,5,disgust,5,disgust,0.7609412670135498
/Users/prarthanapatel/Desktop/Himanshi/speech_emotion_detection-develop-v2/cremad_preprocessed/audio/1067_IWL_FEA_XX.wav,1067_IWL_FEA_XX.wav,1067,test,4,fear,4,fear,0.6863504648208618
/Users/prarthanapatel/Desktop/Himanshi/speech_emotion_detection-develop-v2/cremad_preprocessed/audio/1067_IWL_HAP_XX.wav,1067_IWL_HAP_XX.wav,1067,test,1,happy,1,happy,0.9708060622215271
/Users/prarthanapatel/Desktop/Himanshi/speech_emotion_detection-develop-v2/cremad_preprocessed/audio/1067_IWL_NEU_XX.wav,1067_IWL_NEU_XX.wav,1067,test,0,neutral,1,happy,0.9503498673439026
/Users/prarthanapatel/Desktop/Himanshi/speech_emotion_detection-develop-v2/cremad_preprocessed/audio/1067_IWL_SAD_XX.wav,1067_IWL_SAD_XX.wav,1067,test,2,sad,4,fear,0.926688551902771
/Users/prarthanapatel/Desktop/Himanshi/speech_emotion_detection-develop-v2/cremad_preprocessed/audio/1067_IWW_ANG_XX.wav,1067_IWW_ANG_XX.wav,1067,test,3,angry,4,fear,0.8673775792121887
/Users/prarthanapatel/Desktop/Himanshi/speech_emotion_detection-develop-v2/cremad_preprocessed/audio/1067_IWW_DIS_XX.wav,1067_IWW_DIS_XX.wav,1067,test,5,disgust,5,disgust,0.6767263412475586
/Users/prarthanapatel/Desktop/Himanshi/speech_emotion_detection-develop-v2/cremad_preprocessed/audio/1067_IWW_FEA_XX.wav,1067_IWW_FEA_XX.wav,1067,test,4,fear,4,fear,0.9460828304290771
/Users/prarthanapatel/Desktop/Himanshi/speech_emotion_detection-develop-v2/cremad_preprocessed/audio/1067_IWW_HAP_XX.wav,1067_IWW_HAP_XX.wav,1067,test,1,happy,4,fear,0.8640482425689697
/Users/prarthanapatel/Desktop/Himanshi/speech_emotion_detection-develop-v2/cremad_preprocessed/audio/1067_IWW_NEU_XX.wav,1067_IWW_NEU_XX.wav,1067,test,0,neutral,4,fear,0.7845776081085205
/Users/prarthanapatel/Desktop/Himanshi/speech_emotion_detection-develop-v2/cremad_preprocessed/audio/1067_IWW_SAD_XX.wav,1067_IWW_SAD_XX.wav,1067,test,2,sad,3,angry,0.9709910154342651
/Users/prarthanapatel/Desktop/Himanshi/speech_emotion_detection-develop-v2/cremad_preprocessed/audio/1067_MTI_ANG_XX.wav,1067_MTI_ANG_XX.wav,1067,test,3,angry,3,angry,0.9855872392654419
/Users/prarthanapatel/Desktop/Himanshi/speech_emotion_detection-develop-v2/cremad_preprocessed/audio/1067_MTI_DIS_XX.wav,1067_MTI_DIS_XX.wav,1067,test,5,disgust,4,fear,0.6591231822967529
/Users/prarthanapatel/Desktop/Himanshi/speech_emotion_detection-develop-v2/cremad_preprocessed/audio/1067_MTI_FEA_XX.wav,1067_MTI_FEA_XX.wav,1067,test,4,fear,1,happy,0.9562023282051086
/Users/prarthanapatel/Desktop/Himanshi/speech_emotion_detection-develop-v2/cremad_preprocessed/audio/1067_MTI_HAP_XX.wav,1067_MTI_HAP_XX.wav,1067,test,1,happy,4,fear,0.8350599408149719
/Users/prarthanapatel/Desktop/Himanshi/speech_emotion_detection-develop-v2/cremad_preprocessed/audio/1067_MTI_NEU_XX.wav,1067_MTI_NEU_XX.wav,1067,test,0,neutral,1,happy,0.4767497479915619
/Users/prarthanapatel/Desktop/Himanshi/speech_emotion_detection-develop-v2/cremad_preprocessed/audio/1067_MTI_SAD_XX.wav,1067_MTI_SAD_XX.wav,1067,test,2,sad,2,sad,0.658685564994812
/Users/prarthanapatel/Desktop/Himanshi/speech_emotion_detection-develop-v2/cremad_preprocessed/audio/1067_TAI_ANG_XX.wav,1067_TAI_ANG_XX.wav,1067,test,3,angry,3,angry,0.9918435215950012
/Users/prarthanapatel/Desktop/Himanshi/speech_emotion_detection-develop-v2/cremad_preprocessed/audio/1067_TAI_DIS_XX.wav,1067_TAI_DIS_XX.wav,1067,test,5,disgust,5,disgust,0.49319738149642944
/Users/prarthanapatel/Desktop/Himanshi/speech_emotion_detection-develop-v2/cremad_preprocessed/audio/1067_TAI_FEA_XX.wav,1067_TAI_FEA_XX.wav,1067,test,4,fear,4,fear,0.9645140171051025
/Users/prarthanapatel/Desktop/Himanshi/speech_emotion_detection-develop-v2/cremad_preprocessed/audio/1067_TAI_HAP_XX.wav,1067_TAI_HAP_XX.wav,1067,test,1,happy,4,fear,0.9446466565132141
/Users/prarthanapatel/Desktop/Himanshi/speech_emotion_detection-develop-v2/cremad_preprocessed/audio/1067_TAI_NEU_XX.wav,1067_TAI_NEU_XX.wav,1067,test,0,neutral,1,happy,0.8720078468322754
/Users/prarthanapatel/Desktop/Himanshi/speech_emotion_detection-develop-v2/cremad_preprocessed/audio/1067_TAI_SAD_XX.wav,1067_TAI_SAD_XX.wav,1067,test,2,sad,2,sad,0.4902029037475586
/Users/prarthanapatel/Desktop/Himanshi/speech_emotion_detection-develop-v2/cremad_preprocessed/audio/1067_TIE_ANG_XX.wav,1067_TIE_ANG_XX.wav,1067,test,3,angry,3,angry,0.9738624691963196
/Users/prarthanapatel/Desktop/Himanshi/speech_emotion_detection-develop-v2/cremad_preprocessed/audio/1067_TIE_DIS_XX.wav,1067_TIE_DIS_XX.wav,1067,test,5,disgust,4,fear,0.6017062664031982
/Users/prarthanapatel/Desktop/Himanshi/speech_emotion_detection-develop-v2/cremad_preprocessed/audio/1067_TIE_FEA_XX.wav,1067_TIE_FEA_XX.wav,1067,test,4,fear,1,happy,0.8622380495071411
/Users/prarthanapatel/Desktop/Himanshi/speech_emotion_detection-develop-v2/cremad_preprocessed/audio/1067_TIE_HAP_XX.wav,1067_TIE_HAP_XX.wav,1067,test,1,happy,1,happy,0.4751444160938263
/Users/prarthanapatel/Desktop/Himanshi/speech_emotion_detection-develop-v2/cremad_preprocessed/audio/1067_TIE_NEU_XX.wav,1067_TIE_NEU_XX.wav,1067,test,0,neutral,1,happy,0.9710044264793396
/Users/prarthanapatel/Desktop/Himanshi/speech_emotion_detection-develop-v2/cremad_preprocessed/audio/1067_TIE_SAD_XX.wav,1067_TIE_SAD_XX.wav,1067,test,2,sad,4,fear,0.6600383520126343
/Users/prarthanapatel/Desktop/Himanshi/speech_emotion_detection-develop-v2/cremad_preprocessed/audio/1067_TSI_ANG_XX.wav,1067_TSI_ANG_XX.wav,1067,test,3,angry,3,angry,0.9925326704978943
/Users/prarthanapatel/Desktop/Himanshi/speech_emotion_detection-develop-v2/cremad_preprocessed/audio/1067_TSI_DIS_XX.wav,1067_TSI_DIS_XX.wav,1067,test,5,disgust,2,sad,0.4602961242198944
/Users/prarthanapatel/Desktop/Himanshi/speech_emotion_detection-develop-v2/cremad_preprocessed/audio/1067_TSI_FEA_XX.wav,1067_TSI_FEA_XX.wav,1067,test,4,fear,4,fear,0.9529549479484558
/Users/prarthanapatel/Desktop/Himanshi/speech_emotion_detection-develop-v2/cremad_preprocessed/audio/1067_TSI_HAP_XX.wav,1067_TSI_HAP_XX.wav,1067,test,1,happy,1,happy,0.5812658071517944
/Users/prarthanapatel/Desktop/Himanshi/speech_emotion_detection-develop-v2/cremad_preprocessed/audio/1067_TSI_NEU_XX.wav,1067_TSI_NEU_XX.wav,1067,test,0,neutral,1,happy,0.6244591474533081
/Users/prarthanapatel/Desktop/Himanshi/speech_emotion_detection-develop-v2/cremad_preprocessed/audio/1067_TSI_SAD_XX.wav,1067_TSI_SAD_XX.wav,1067,test,2,sad,4,fear,0.9649367332458496
/Users/prarthanapatel/Desktop/Himanshi/speech_emotion_detection-develop-v2/cremad_preprocessed/audio/1067_WSI_ANG_XX.wav,1067_WSI_ANG_XX.wav,1067,test,3,angry,3,angry,0.9374310374259949
/Users/prarthanapatel/Desktop/Himanshi/speech_emotion_detection-develop-v2/cremad_preprocessed/audio/1067_WSI_DIS_XX.wav,1067_WSI_DIS_XX.wav,1067,test,5,disgust,4,fear,0.9513196349143982
/Users/prarthanapatel/Desktop/Himanshi/speech_emotion_detection-develop-v2/cremad_preprocessed/audio/1067_WSI_FEA_XX.wav,1067_WSI_FEA_XX.wav,1067,test,4,fear,4,fear,0.8167840838432312
/Users/prarthanapatel/Desktop/Himanshi/speech_emotion_detection-develop-v2/cremad_preprocessed/audio/1067_WSI_HAP_XX.wav,1067_WSI_HAP_XX.wav,1067,test,1,happy,4,fear,0.923671305179596
/Users/prarthanapatel/Desktop/Himanshi/speech_emotion_detection-develop-v2/cremad_preprocessed/audio/1067_WSI_NEU_XX.wav,1067_WSI_NEU_XX.wav,1067,test,0,neutral,1,happy,0.7237423062324524
/Users/prarthanapatel/Desktop/Himanshi/speech_emotion_detection-develop-v2/cremad_preprocessed/audio/1067_WSI_SAD_XX.wav,1067_WSI_SAD_XX.wav,1067,test,2,sad,2,sad,0.5341647863388062
/Users/prarthanapatel/Desktop/Himanshi/speech_emotion_detection-develop-v2/cremad_preprocessed/audio/1078_DFA_ANG_XX.wav,1078_DFA_ANG_XX.wav,1078,test,3,angry,3,angry,0.9949982166290283
/Users/prarthanapatel/Desktop/Himanshi/speech_emotion_detection-develop-v2/cremad_preprocessed/audio/1078_DFA_DIS_XX.wav,1078_DFA_DIS_XX.wav,1078,test,5,disgust,3,angry,0.9227336049079895
/Users/prarthanapatel/Desktop/Himanshi/speech_emotion_detection-develop-v2/cremad_preprocessed/audio/1078_DFA_FEA_XX.wav,1078_DFA_FEA_XX.wav,1078,test,4,fear,4,fear,0.9628000259399414
/Users/prarthanapatel/Desktop/Himanshi/speech_emotion_detection-develop-v2/cremad_preprocessed/audio/1078_DFA_HAP_XX.wav,1078_DFA_HAP_XX.wav,1078,test,1,happy,1,happy,0.9732773303985596
/Users/prarthanapatel/Desktop/Himanshi/speech_emotion_detection-develop-v2/cremad_preprocessed/audio/1078_DFA_NEU_XX.wav,1078_DFA_NEU_XX.wav,1078,test,0,neutral,0,neutral,0.9218177795410156
/Users/prarthanapatel/Desktop/Himanshi/speech_emotion_detection-develop-v2/cremad_preprocessed/audio/1078_DFA_SAD_XX.wav,1078_DFA_SAD_XX.wav,1078,test,2,sad,2,sad,0.7725076675415039
/Users/prarthanapatel/Desktop/Himanshi/speech_emotion_detection-develop-v2/cremad_preprocessed/audio/1078_IEO_ANG_HI.wav,1078_IEO_ANG_HI.wav,1078,test,3,angry,3,angry,0.9904363751411438
/Users/prarthanapatel/Desktop/Himanshi/speech_emotion_detection-develop-v2/cremad_preprocessed/audio/1078_IEO_ANG_LO.wav,1078_IEO_ANG_LO.wav,1078,test,3,angry,3,angry,0.9054155349731445
/Users/prarthanapatel/Desktop/Himanshi/speech_emotion_detection-develop-v2/cremad_preprocessed/audio/1078_IEO_ANG_MD.wav,1078_IEO_ANG_MD.wav,1078,test,3,angry,3,angry,0.9942759871482849
/Users/prarthanapatel/Desktop/Himanshi/speech_emotion_detection-develop-v2/cremad_preprocessed/audio/1078_IEO_DIS_HI.wav,1078_IEO_DIS_HI.wav,1078,test,5,disgust,5,disgust,0.8883098363876343
/Users/prarthanapatel/Desktop/Himanshi/speech_emotion_detection-develop-v2/cremad_preprocessed/audio/1078_IEO_DIS_LO.wav,1078_IEO_DIS_LO.wav,1078,test,5,disgust,1,happy,0.9448297023773193
/Users/prarthanapatel/Desktop/Himanshi/speech_emotion_detection-develop-v2/cremad_preprocessed/audio/1078_IEO_DIS_MD.wav,1078_IEO_DIS_MD.wav,1078,test,5,disgust,5,disgust,0.7088313102722168
/Users/prarthanapatel/Desktop/Himanshi/speech_emotion_detection-develop-v2/cremad_preprocessed/audio/1078_IEO_FEA_HI.wav,1078_IEO_FEA_HI.wav,1078,test,4,fear,4,fear,0.9533416032791138
/Users/prarthanapatel/Desktop/Himanshi/speech_emotion_detection-develop-v2/cremad_preprocessed/audio/1078_IEO_FEA_LO.wav,1078_IEO_FEA_LO.wav,1078,test,4,fear,4,fear,0.9601980447769165
/Users/prarthanapatel/Desktop/Himanshi/speech_emotion_detection-develop-v2/cremad_preprocessed/audio/1078_IEO_FEA_MD.wav,1078_IEO_FEA_MD.wav,1078,test,4,fear,1,happy,0.49486634135246277
/Users/prarthanapatel/Desktop/Himanshi/speech_emotion_detection-develop-v2/cremad_preprocessed/audio/1078_IEO_HAP_HI.wav,1078_IEO_HAP_HI.wav,1078,test,1,happy,4,fear,0.8637393712997437
/Users/prarthanapatel/Desktop/Himanshi/speech_emotion_detection-develop-v2/cremad_preprocessed/audio/1078_IEO_HAP_LO.wav,1078_IEO_HAP_LO.wav,1078,test,1,happy,1,happy,0.9684334993362427
/Users/prarthanapatel/Desktop/Himanshi/speech_emotion_detection-develop-v2/cremad_preprocessed/audio/1078_IEO_HAP_MD.wav,1078_IEO_HAP_MD.wav,1078,test,1,happy,1,happy,0.9737513661384583
/Users/prarthanapatel/Desktop/Himanshi/speech_emotion_detection-develop-v2/cremad_preprocessed/audio/1078_IEO_NEU_XX.wav,1078_IEO_NEU_XX.wav,1078,test,0,neutral,0,neutral,0.9583635330200195
/Users/prarthanapatel/Desktop/Himanshi/speech_emotion_detection-develop-v2/cremad_preprocessed/audio/1078_IEO_SAD_HI.wav,1078_IEO_SAD_HI.wav,1078,test,2,sad,4,fear,0.9524320363998413
/Users/prarthanapatel/Desktop/Himanshi/speech_emotion_detection-develop-v2/cremad_preprocessed/audio/1078_IEO_SAD_LO.wav,1078_IEO_SAD_LO.wav,1078,test,2,sad,2,sad,0.846299409866333
/Users/prarthanapatel/Desktop/Himanshi/speech_emotion_detection-develop-v2/cremad_preprocessed/audio/1078_IEO_SAD_MD.wav,1078_IEO_SAD_MD.wav,1078,test,2,sad,4,fear,0.9138901829719543
/Users/prarthanapatel/Desktop/Himanshi/speech_emotion_detection-develop-v2/cremad_preprocessed/audio/1078_IOM_ANG_XX.wav,1078_IOM_ANG_XX.wav,1078,test,3,angry,3,angry,0.9947075843811035
/Users/prarthanapatel/Desktop/Himanshi/speech_emotion_detection-develop-v2/cremad_preprocessed/audio/1078_IOM_DIS_XX.wav,1078_IOM_DIS_XX.wav,1078,test,5,disgust,5,disgust,0.41300708055496216
/Users/prarthanapatel/Desktop/Himanshi/speech_emotion_detection-develop-v2/cremad_preprocessed/audio/1078_IOM_FEA_XX.wav,1078_IOM_FEA_XX.wav,1078,test,4,fear,4,fear,0.9599618911743164
/Users/prarthanapatel/Desktop/Himanshi/speech_emotion_detection-develop-v2/cremad_preprocessed/audio/1078_IOM_HAP_XX.wav,1078_IOM_HAP_XX.wav,1078,test,1,happy,1,happy,0.9772360324859619
/Users/prarthanapatel/Desktop/Himanshi/speech_emotion_detection-develop-v2/cremad_preprocessed/audio/1078_IOM_NEU_XX.wav,1078_IOM_NEU_XX.wav,1078,test,0,neutral,0,neutral,0.9868849515914917
/Users/prarthanapatel/Desktop/Himanshi/speech_emotion_detection-develop-v2/cremad_preprocessed/audio/1078_IOM_SAD_XX.wav,1078_IOM_SAD_XX.wav,1078,test,2,sad,2,sad,0.7170307040214539
/Users/prarthanapatel/Desktop/Himanshi/speech_emotion_detection-develop-v2/cremad_preprocessed/audio/1078_ITH_ANG_XX.wav,1078_ITH_ANG_XX.wav,1078,test,3,angry,3,angry,0.9946211576461792
/Users/prarthanapatel/Desktop/Himanshi/speech_emotion_detection-develop-v2/cremad_preprocessed/audio/1078_ITH_DIS_XX.wav,1078_ITH_DIS_XX.wav,1078,test,5,disgust,5,disgust,0.8260111212730408
/Users/prarthanapatel/Desktop/Himanshi/speech_emotion_detection-develop-v2/cremad_preprocessed/audio/1078_ITH_FEA_XX.wav,1078_ITH_FEA_XX.wav,1078,test,4,fear,4,fear,0.8855090737342834
/Users/prarthanapatel/Desktop/Himanshi/speech_emotion_detection-develop-v2/cremad_preprocessed/audio/1078_ITH_HAP_XX.wav,1078_ITH_HAP_XX.wav,1078,test,1,happy,4,fear,0.7032740116119385
/Users/prarthanapatel/Desktop/Himanshi/speech_emotion_detection-develop-v2/cremad_preprocessed/audio/1078_ITH_NEU_XX.wav,1078_ITH_NEU_XX.wav,1078,test,0,neutral,0,neutral,0.8213168978691101
/Users/prarthanapatel/Desktop/Himanshi/speech_emotion_detection-develop-v2/cremad_preprocessed/audio/1078_ITH_SAD_XX.wav,1078_ITH_SAD_XX.wav,1078,test,2,sad,2,sad,0.7611526250839233
/Users/prarthanapatel/Desktop/Himanshi/speech_emotion_detection-develop-v2/cremad_preprocessed/audio/1078_ITS_ANG_XX.wav,1078_ITS_ANG_XX.wav,1078,test,3,angry,3,angry,0.9928247928619385
/Users/prarthanapatel/Desktop/Himanshi/speech_emotion_detection-develop-v2/cremad_preprocessed/audio/1078_ITS_DIS_XX.wav,1078_ITS_DIS_XX.wav,1078,test,5,disgust,5,disgust,0.931556224822998
/Users/prarthanapatel/Desktop/Himanshi/speech_emotion_detection-develop-v2/cremad_preprocessed/audio/1078_ITS_FEA_XX.wav,1078_ITS_FEA_XX.wav,1078,test,4,fear,4,fear,0.9662421345710754
/Users/prarthanapatel/Desktop/Himanshi/speech_emotion_detection-develop-v2/cremad_preprocessed/audio/1078_ITS_HAP_XX.wav,1078_ITS_HAP_XX.wav,1078,test,1,happy,1,happy,0.97714763879776
/Users/prarthanapatel/Desktop/Himanshi/speech_emotion_detection-develop-v2/cremad_preprocessed/audio/1078_ITS_NEU_XX.wav,1078_ITS_NEU_XX.wav,1078,test,0,neutral,1,happy,0.8664923906326294
/Users/prarthanapatel/Desktop/Himanshi/speech_emotion_detection-develop-v2/cremad_preprocessed/audio/1078_ITS_SAD_XX.wav,1078_ITS_SAD_XX.wav,1078,test,2,sad,4,fear,0.6013365387916565
/Users/prarthanapatel/Desktop/Himanshi/speech_emotion_detection-develop-v2/cremad_preprocessed/audio/1078_IWL_ANG_XX.wav,1078_IWL_ANG_XX.wav,1078,test,3,angry,3,angry,0.9947912693023682
/Users/prarthanapatel/Desktop/Himanshi/speech_emotion_detection-develop-v2/cremad_preprocessed/audio/1078_IWL_DIS_XX.wav,1078_IWL_DIS_XX.wav,1078,test,5,disgust,4,fear,0.8412131667137146
/Users/prarthanapatel/Desktop/Himanshi/speech_emotion_detection-develop-v2/cremad_preprocessed/audio/1078_IWL_FEA_XX.wav,1078_IWL_FEA_XX.wav,1078,test,4,fear,4,fear,0.9567897319793701
/Users/prarthanapatel/Desktop/Himanshi/speech_emotion_detection-develop-v2/cremad_preprocessed/audio/1078_IWL_HAP_XX.wav,1078_IWL_HAP_XX.wav,1078,test,1,happy,3,angry,0.6803936958312988
/Users/prarthanapatel/Desktop/Himanshi/speech_emotion_detection-develop-v2/cremad_preprocessed/audio/1078_IWL_NEU_XX.wav,1078_IWL_NEU_XX.wav,1078,test,0,neutral,0,neutral,0.983530580997467
/Users/prarthanapatel/Desktop/Himanshi/speech_emotion_detection-develop-v2/cremad_preprocessed/audio/1078_IWL_SAD_XX.wav,1078_IWL_SAD_XX.wav,1078,test,2,sad,4,fear,0.8955937027931213
/Users/prarthanapatel/Desktop/Himanshi/speech_emotion_detection-develop-v2/cremad_preprocessed/audio/1078_IWW_ANG_XX.wav,1078_IWW_ANG_XX.wav,1078,test,3,angry,3,angry,0.993684709072113
/Users/prarthanapatel/Desktop/Himanshi/speech_emotion_detection-develop-v2/cremad_preprocessed/audio/1078_IWW_DIS_XX.wav,1078_IWW_DIS_XX.wav,1078,test,5,disgust,5,disgust,0.9211248159408569
/Users/prarthanapatel/Desktop/Himanshi/speech_emotion_detection-develop-v2/cremad_preprocessed/audio/1078_IWW_FEA_XX.wav,1078_IWW_FEA_XX.wav,1078,test,4,fear,4,fear,0.6820783019065857
/Users/prarthanapatel/Desktop/Himanshi/speech_emotion_detection-develop-v2/cremad_preprocessed/audio/1078_IWW_HAP_XX.wav,1078_IWW_HAP_XX.wav,1078,test,1,happy,1,happy,0.9759609699249268
/Users/prarthanapatel/Desktop/Himanshi/speech_emotion_detection-develop-v2/cremad_preprocessed/audio/1078_IWW_NEU_XX.wav,1078_IWW_NEU_XX.wav,1078,test,0,neutral,0,neutral,0.9877129793167114
/Users/prarthanapatel/Desktop/Himanshi/speech_emotion_detection-develop-v2/cremad_preprocessed/audio/1078_IWW_SAD_XX.wav,1078_IWW_SAD_XX.wav,1078,test,2,sad,2,sad,0.7769292593002319
/Users/prarthanapatel/Desktop/Himanshi/speech_emotion_detection-develop-v2/cremad_preprocessed/audio/1078_MTI_ANG_XX.wav,1078_MTI_ANG_XX.wav,1078,test,3,angry,3,angry,0.9933140873908997
/Users/prarthanapatel/Desktop/Himanshi/speech_emotion_detection-develop-v2/cremad_preprocessed/audio/1078_MTI_DIS_XX.wav,1078_MTI_DIS_XX.wav,1078,test,5,disgust,5,disgust,0.8452052474021912
/Users/prarthanapatel/Desktop/Himanshi/speech_emotion_detection-develop-v2/cremad_preprocessed/audio/1078_MTI_FEA_XX.wav,1078_MTI_FEA_XX.wav,1078,test,4,fear,4,fear,0.9600788354873657
/Users/prarthanapatel/Desktop/Himanshi/speech_emotion_detection-develop-v2/cremad_preprocessed/audio/1078_MTI_HAP_XX.wav,1078_MTI_HAP_XX.wav,1078,test,1,happy,1,happy,0.9723283052444458
/Users/prarthanapatel/Desktop/Himanshi/speech_emotion_detection-develop-v2/cremad_preprocessed/audio/1078_MTI_NEU_XX.wav,1078_MTI_NEU_XX.wav,1078,test,0,neutral,0,neutral,0.7647229433059692
/Users/prarthanapatel/Desktop/Himanshi/speech_emotion_detection-develop-v2/cremad_preprocessed/audio/1078_MTI_SAD_XX.wav,1078_MTI_SAD_XX.wav,1078,test,2,sad,2,sad,0.534639298915863
/Users/prarthanapatel/Desktop/Himanshi/speech_emotion_detection-develop-v2/cremad_preprocessed/audio/1078_TAI_ANG_XX.wav,1078_TAI_ANG_XX.wav,1078,test,3,angry,3,angry,0.9922389984130859
/Users/prarthanapatel/Desktop/Himanshi/speech_emotion_detection-develop-v2/cremad_preprocessed/audio/1078_TAI_DIS_XX.wav,1078_TAI_DIS_XX.wav,1078,test,5,disgust,5,disgust,0.9621015787124634
/Users/prarthanapatel/Desktop/Himanshi/speech_emotion_detection-develop-v2/cremad_preprocessed/audio/1078_TAI_FEA_XX.wav,1078_TAI_FEA_XX.wav,1078,test,4,fear,4,fear,0.9558255672454834
/Users/prarthanapatel/Desktop/Himanshi/speech_emotion_detection-develop-v2/cremad_preprocessed/audio/1078_TAI_HAP_XX.wav,1078_TAI_HAP_XX.wav,1078,test,1,happy,1,happy,0.9682968258857727
/Users/prarthanapatel/Desktop/Himanshi/speech_emotion_detection-develop-v2/cremad_preprocessed/audio/1078_TAI_NEU_XX.wav,1078_TAI_NEU_XX.wav,1078,test,0,neutral,0,neutral,0.971252977848053
/Users/prarthanapatel/Desktop/Himanshi/speech_emotion_detection-develop-v2/cremad_preprocessed/audio/1078_TAI_SAD_XX.wav,1078_TAI_SAD_XX.wav,1078,test,2,sad,4,fear,0.4671036899089813
/Users/prarthanapatel/Desktop/Himanshi/speech_emotion_detection-develop-v2/cremad_preprocessed/audio/1078_TIE_ANG_XX.wav,1078_TIE_ANG_XX.wav,1078,test,3,angry,3,angry,0.9945018291473389
/Users/prarthanapatel/Desktop/Himanshi/speech_emotion_detection-develop-v2/cremad_preprocessed/audio/1078_TIE_DIS_XX.wav,1078_TIE_DIS_XX.wav,1078,test,5,disgust,1,happy,0.48656317591667175
/Users/prarthanapatel/Desktop/Himanshi/speech_emotion_detection-develop-v2/cremad_preprocessed/audio/1078_TIE_FEA_XX.wav,1078_TIE_FEA_XX.wav,1078,test,4,fear,4,fear,0.9645394086837769
/Users/prarthanapatel/Desktop/Himanshi/speech_emotion_detection-develop-v2/cremad_preprocessed/audio/1078_TIE_HAP_XX.wav,1078_TIE_HAP_XX.wav,1078,test,1,happy,1,happy,0.969642162322998
/Users/prarthanapatel/Desktop/Himanshi/speech_emotion_detection-develop-v2/cremad_preprocessed/audio/1078_TIE_NEU_XX.wav,1078_TIE_NEU_XX.wav,1078,test,0,neutral,0,neutral,0.9775848984718323
/Users/prarthanapatel/Desktop/Himanshi/speech_emotion_detection-develop-v2/cremad_preprocessed/audio/1078_TIE_SAD_XX.wav,1078_TIE_SAD_XX.wav,1078,test,2,sad,0,neutral,0.6555625200271606
/Users/prarthanapatel/Desktop/Himanshi/speech_emotion_detection-develop-v2/cremad_preprocessed/audio/1078_TSI_ANG_XX.wav,1078_TSI_ANG_XX.wav,1078,test,3,angry,3,angry,0.9948644042015076
/Users/prarthanapatel/Desktop/Himanshi/speech_emotion_detection-develop-v2/cremad_preprocessed/audio/1078_TSI_DIS_XX.wav,1078_TSI_DIS_XX.wav,1078,test,5,disgust,1,happy,0.4985103905200958
/Users/prarthanapatel/Desktop/Himanshi/speech_emotion_detection-develop-v2/cremad_preprocessed/audio/1078_TSI_FEA_XX.wav,1078_TSI_FEA_XX.wav,1078,test,4,fear,4,fear,0.9341806769371033
/Users/prarthanapatel/Desktop/Himanshi/speech_emotion_detection-develop-v2/cremad_preprocessed/audio/1078_TSI_HAP_XX.wav,1078_TSI_HAP_XX.wav,1078,test,1,happy,1,happy,0.962106466293335
/Users/prarthanapatel/Desktop/Himanshi/speech_emotion_detection-develop-v2/cremad_preprocessed/audio/1078_TSI_NEU_XX.wav,1078_TSI_NEU_XX.wav,1078,test,0,neutral,0,neutral,0.9786948561668396
/Users/prarthanapatel/Desktop/Himanshi/speech_emotion_detection-develop-v2/cremad_preprocessed/audio/1078_TSI_SAD_XX.wav,1078_TSI_SAD_XX.wav,1078,test,2,sad,2,sad,0.6680893301963806
/Users/prarthanapatel/Desktop/Himanshi/speech_emotion_detection-develop-v2/cremad_preprocessed/audio/1078_WSI_ANG_XX.wav,1078_WSI_ANG_XX.wav,1078,test,3,angry,3,angry,0.993610680103302
/Users/prarthanapatel/Desktop/Himanshi/speech_emotion_detection-develop-v2/cremad_preprocessed/audio/1078_WSI_DIS_XX.wav,1078_WSI_DIS_XX.wav,1078,test,5,disgust,5,disgust,0.8394356369972229
/Users/prarthanapatel/Desktop/Himanshi/speech_emotion_detection-develop-v2/cremad_preprocessed/audio/1078_WSI_FEA_XX.wav,1078_WSI_FEA_XX.wav,1078,test,4,fear,4,fear,0.941682755947113
/Users/prarthanapatel/Desktop/Himanshi/speech_emotion_detection-develop-v2/cremad_preprocessed/audio/1078_WSI_HAP_XX.wav,1078_WSI_HAP_XX.wav,1078,test,1,happy,1,happy,0.8173995018005371
/Users/prarthanapatel/Desktop/Himanshi/speech_emotion_detection-develop-v2/cremad_preprocessed/audio/1078_WSI_NEU_XX.wav,1078_WSI_NEU_XX.wav,1078,test,0,neutral,0,neutral,0.9769994616508484
/Users/prarthanapatel/Desktop/Himanshi/speech_emotion_detection-develop-v2/cremad_preprocessed/audio/1078_WSI_SAD_XX.wav,1078_WSI_SAD_XX.wav,1078,test,2,sad,2,sad,0.8214380741119385
/Users/prarthanapatel/Desktop/Himanshi/speech_emotion_detection-develop-v2/ravdess_preprocessed/audio/Actor_21/03-01-01-01-01-01-21.wav,03-01-01-01-01-01-21.wav,21,test,0,neutral,3,angry,0.7738329768180847
/Users/prarthanapatel/Desktop/Himanshi/speech_emotion_detection-develop-v2/ravdess_preprocessed/audio/Actor_21/03-01-01-01-01-02-21.wav,03-01-01-01-01-02-21.wav,21,test,0,neutral,3,angry,0.8538098931312561
/Users/prarthanapatel/Desktop/Himanshi/speech_emotion_detection-develop-v2/ravdess_preprocessed/audio/Actor_21/03-01-01-01-02-01-21.wav,03-01-01-01-02-01-21.wav,21,test,0,neutral,3,angry,0.800545871257782
/Users/prarthanapatel/Desktop/Himanshi/speech_emotion_detection-develop-v2/ravdess_preprocessed/audio/Actor_21/03-01-01-01-02-02-21.wav,03-01-01-01-02-02-21.wav,21,test,0,neutral,3,angry,0.6660840511322021
/Users/prarthanapatel/Desktop/Himanshi/speech_emotion_detection-develop-v2/ravdess_preprocessed/audio/Actor_21/03-01-03-01-01-01-21.wav,03-01-03-01-01-01-21.wav,21,test,1,happy,3,angry,0.8173189759254456
/Users/prarthanapatel/Desktop/Himanshi/speech_emotion_detection-develop-v2/ravdess_preprocessed/audio/Actor_21/03-01-03-01-01-02-21.wav,03-01-03-01-01-02-21.wav,21,test,1,happy,3,angry,0.8053814172744751
/Users/prarthanapatel/Desktop/Himanshi/speech_emotion_detection-develop-v2/ravdess_preprocessed/audio/Actor_21/03-01-03-01-02-01-21.wav,03-01-03-01-02-01-21.wav,21,test,1,happy,3,angry,0.5758352875709534
/Users/prarthanapatel/Desktop/Himanshi/speech_emotion_detection-develop-v2/ravdess_preprocessed/audio/Actor_21/03-01-03-01-02-02-21.wav,03-01-03-01-02-02-21.wav,21,test,1,happy,3,angry,0.4977180063724518
/Users/prarthanapatel/Desktop/Himanshi/speech_emotion_detection-develop-v2/ravdess_preprocessed/audio/Actor_21/03-01-03-02-01-01-21.wav,03-01-03-02-01-01-21.wav,21,test,1,happy,1,happy,0.8799624443054199
/Users/prarthanapatel/Desktop/Himanshi/speech_emotion_detection-develop-v2/ravdess_preprocessed/audio/Actor_21/03-01-03-02-01-02-21.wav,03-01-03-02-01-02-21.wav,21,test,1,happy,1,happy,0.9257622957229614
/Users/prarthanapatel/Desktop/Himanshi/speech_emotion_detection-develop-v2/ravdess_preprocessed/audio/Actor_21/03-01-03-02-02-01-21.wav,03-01-03-02-02-01-21.wav,21,test,1,happy,3,angry,0.635550320148468
/Users/prarthanapatel/Desktop/Himanshi/speech_emotion_detection-develop-v2/ravdess_preprocessed/audio/Actor_21/03-01-03-02-02-02-21.wav,03-01-03-02-02-02-21.wav,21,test,1,happy,1,happy,0.6531861424446106
/Users/prarthanapatel/Desktop/Himanshi/speech_emotion_detection-develop-v2/ravdess_preprocessed/audio/Actor_21/03-01-04-01-01-01-21.wav,03-01-04-01-01-01-21.wav,21,test,2,sad,3,angry,0.7348564267158508
/Users/prarthanapatel/Desktop/Himanshi/speech_emotion_detection-develop-v2/ravdess_preprocessed/audio/Actor_21/03-01-04-01-01-02-21.wav,03-01-04-01-01-02-21.wav,21,test,2,sad,3,angry,0.62233567237854
/Users/prarthanapatel/Desktop/Himanshi/speech_emotion_detection-develop-v2/ravdess_preprocessed/audio/Actor_21/03-01-04-01-02-01-21.wav,03-01-04-01-02-01-21.wav,21,test,2,sad,3,angry,0.3613717257976532
/Users/prarthanapatel/Desktop/Himanshi/speech_emotion_detection-develop-v2/ravdess_preprocessed/audio/Actor_21/03-01-04-01-02-02-21.wav,03-01-04-01-02-02-21.wav,21,test,2,sad,3,angry,0.7844319939613342
/Users/prarthanapatel/Desktop/Himanshi/speech_emotion_detection-develop-v2/ravdess_preprocessed/audio/Actor_21/03-01-04-02-01-01-21.wav,03-01-04-02-01-01-21.wav,21,test,2,sad,5,disgust,0.3516979217529297
/Users/prarthanapatel/Desktop/Himanshi/speech_emotion_detection-develop-v2/ravdess_preprocessed/audio/Actor_21/03-01-04-02-01-02-21.wav,03-01-04-02-01-02-21.wav,21,test,2,sad,5,disgust,0.7082116603851318
/Users/prarthanapatel/Desktop/Himanshi/speech_emotion_detection-develop-v2/ravdess_preprocessed/audio/Actor_21/03-01-04-02-02-01-21.wav,03-01-04-02-02-01-21.wav,21,test,2,sad,3,angry,0.45442768931388855
/Users/prarthanapatel/Desktop/Himanshi/speech_emotion_detection-develop-v2/ravdess_preprocessed/audio/Actor_21/03-01-04-02-02-02-21.wav,03-01-04-02-02-02-21.wav,21,test,2,sad,5,disgust,0.46272099018096924
/Users/prarthanapatel/Desktop/Himanshi/speech_emotion_detection-develop-v2/ravdess_preprocessed/audio/Actor_21/03-01-05-01-01-01-21.wav,03-01-05-01-01-01-21.wav,21,test,3,angry,3,angry,0.612919807434082
/Users/prarthanapatel/Desktop/Himanshi/speech_emotion_detection-develop-v2/ravdess_preprocessed/audio/Actor_21/03-01-05-01-01-02-21.wav,03-01-05-01-01-02-21.wav,21,test,3,angry,3,angry,0.34205204248428345
/Users/prarthanapatel/Desktop/Himanshi/speech_emotion_detection-develop-v2/ravdess_preprocessed/audio/Actor_21/03-01-05-01-02-01-21.wav,03-01-05-01-02-01-21.wav,21,test,3,angry,3,angry,0.9108111262321472
/Users/prarthanapatel/Desktop/Himanshi/speech_emotion_detection-develop-v2/ravdess_preprocessed/audio/Actor_21/03-01-05-01-02-02-21.wav,03-01-05-01-02-02-21.wav,21,test,3,angry,3,angry,0.9208248257637024
/Users/prarthanapatel/Desktop/Himanshi/speech_emotion_detection-develop-v2/ravdess_preprocessed/audio/Actor_21/03-01-05-02-01-01-21.wav,03-01-05-02-01-01-21.wav,21,test,3,angry,3,angry,0.5495805740356445
/Users/prarthanapatel/Desktop/Himanshi/speech_emotion_detection-develop-v2/ravdess_preprocessed/audio/Actor_21/03-01-05-02-01-02-21.wav,03-01-05-02-01-02-21.wav,21,test,3,angry,3,angry,0.30630362033843994
/Users/prarthanapatel/Desktop/Himanshi/speech_emotion_detection-develop-v2/ravdess_preprocessed/audio/Actor_21/03-01-05-02-02-01-21.wav,03-01-05-02-02-01-21.wav,21,test,3,angry,3,angry,0.3527359068393707
/Users/prarthanapatel/Desktop/Himanshi/speech_emotion_detection-develop-v2/ravdess_preprocessed/audio/Actor_21/03-01-05-02-02-02-21.wav,03-01-05-02-02-02-21.wav,21,test,3,angry,3,angry,0.690260648727417
/Users/prarthanapatel/Desktop/Himanshi/speech_emotion_detection-develop-v2/ravdess_preprocessed/audio/Actor_21/03-01-06-01-01-01-21.wav,03-01-06-01-01-01-21.wav,21,test,4,fear,4,fear,0.5252152681350708
/Users/prarthanapatel/Desktop/Himanshi/speech_emotion_detection-develop-v2/ravdess_preprocessed/audio/Actor_21/03-01-06-01-01-02-21.wav,03-01-06-01-01-02-21.wav,21,test,4,fear,3,angry,0.30001601576805115
/Users/prarthanapatel/Desktop/Himanshi/speech_emotion_detection-develop-v2/ravdess_preprocessed/audio/Actor_21/03-01-06-01-02-01-21.wav,03-01-06-01-02-01-21.wav,21,test,4,fear,4,fear,0.7324538826942444
/Users/prarthanapatel/Desktop/Himanshi/speech_emotion_detection-develop-v2/ravdess_preprocessed/audio/Actor_21/03-01-06-01-02-02-21.wav,03-01-06-01-02-02-21.wav,21,test,4,fear,4,fear,0.5898023843765259
/Users/prarthanapatel/Desktop/Himanshi/speech_emotion_detection-develop-v2/ravdess_preprocessed/audio/Actor_21/03-01-06-02-01-01-21.wav,03-01-06-02-01-01-21.wav,21,test,4,fear,4,fear,0.7460101842880249
/Users/prarthanapatel/Desktop/Himanshi/speech_emotion_detection-develop-v2/ravdess_preprocessed/audio/Actor_21/03-01-06-02-01-02-21.wav,03-01-06-02-01-02-21.wav,21,test,4,fear,4,fear,0.8661636710166931
/Users/prarthanapatel/Desktop/Himanshi/speech_emotion_detection-develop-v2/ravdess_preprocessed/audio/Actor_21/03-01-06-02-02-01-21.wav,03-01-06-02-02-01-21.wav,21,test,4,fear,4,fear,0.8004958629608154
/Users/prarthanapatel/Desktop/Himanshi/speech_emotion_detection-develop-v2/ravdess_preprocessed/audio/Actor_21/03-01-06-02-02-02-21.wav,03-01-06-02-02-02-21.wav,21,test,4,fear,4,fear,0.5938445329666138
/Users/prarthanapatel/Desktop/Himanshi/speech_emotion_detection-develop-v2/ravdess_preprocessed/audio/Actor_21/03-01-07-01-01-01-21.wav,03-01-07-01-01-01-21.wav,21,test,5,disgust,3,angry,0.960199236869812
/Users/prarthanapatel/Desktop/Himanshi/speech_emotion_detection-develop-v2/ravdess_preprocessed/audio/Actor_21/03-01-07-01-01-02-21.wav,03-01-07-01-01-02-21.wav,21,test,5,disgust,3,angry,0.974934995174408
/Users/prarthanapatel/Desktop/Himanshi/speech_emotion_detection-develop-v2/ravdess_preprocessed/audio/Actor_21/03-01-07-01-02-01-21.wav,03-01-07-01-02-01-21.wav,21,test,5,disgust,3,angry,0.9462961554527283
/Users/prarthanapatel/Desktop/Himanshi/speech_emotion_detection-develop-v2/ravdess_preprocessed/audio/Actor_21/03-01-07-01-02-02-21.wav,03-01-07-01-02-02-21.wav,21,test,5,disgust,3,angry,0.9441589713096619
/Users/prarthanapatel/Desktop/Himanshi/speech_emotion_detection-develop-v2/ravdess_preprocessed/audio/Actor_21/03-01-07-02-01-01-21.wav,03-01-07-02-01-01-21.wav,21,test,5,disgust,3,angry,0.9707127213478088
/Users/prarthanapatel/Desktop/Himanshi/speech_emotion_detection-develop-v2/ravdess_preprocessed/audio/Actor_21/03-01-07-02-01-02-21.wav,03-01-07-02-01-02-21.wav,21,test,5,disgust,3,angry,0.9768906831741333
/Users/prarthanapatel/Desktop/Himanshi/speech_emotion_detection-develop-v2/ravdess_preprocessed/audio/Actor_21/03-01-07-02-02-01-21.wav,03-01-07-02-02-01-21.wav,21,test,5,disgust,3,angry,0.9476926922798157
/Users/prarthanapatel/Desktop/Himanshi/speech_emotion_detection-develop-v2/ravdess_preprocessed/audio/Actor_21/03-01-07-02-02-02-21.wav,03-01-07-02-02-02-21.wav,21,test,5,disgust,3,angry,0.9778221249580383
/Users/prarthanapatel/Desktop/Himanshi/speech_emotion_detection-develop-v2/ravdess_preprocessed/audio/Actor_22/03-01-01-01-01-01-22.wav,03-01-01-01-01-01-22.wav,22,test,0,neutral,3,angry,0.6448445320129395
/Users/prarthanapatel/Desktop/Himanshi/speech_emotion_detection-develop-v2/ravdess_preprocessed/audio/Actor_22/03-01-01-01-01-02-22.wav,03-01-01-01-01-02-22.wav,22,test,0,neutral,3,angry,0.6799387335777283
/Users/prarthanapatel/Desktop/Himanshi/speech_emotion_detection-develop-v2/ravdess_preprocessed/audio/Actor_22/03-01-01-01-02-01-22.wav,03-01-01-01-02-01-22.wav,22,test,0,neutral,3,angry,0.6820545792579651
/Users/prarthanapatel/Desktop/Himanshi/speech_emotion_detection-develop-v2/ravdess_preprocessed/audio/Actor_22/03-01-01-01-02-02-22.wav,03-01-01-01-02-02-22.wav,22,test,0,neutral,3,angry,0.5043784379959106
/Users/prarthanapatel/Desktop/Himanshi/speech_emotion_detection-develop-v2/ravdess_preprocessed/audio/Actor_22/03-01-03-01-01-01-22.wav,03-01-03-01-01-01-22.wav,22,test,1,happy,3,angry,0.6639747619628906
/Users/prarthanapatel/Desktop/Himanshi/speech_emotion_detection-develop-v2/ravdess_preprocessed/audio/Actor_22/03-01-03-01-01-02-22.wav,03-01-03-01-01-02-22.wav,22,test,1,happy,1,happy,0.635686457157135
/Users/prarthanapatel/Desktop/Himanshi/speech_emotion_detection-develop-v2/ravdess_preprocessed/audio/Actor_22/03-01-03-01-02-01-22.wav,03-01-03-01-02-01-22.wav,22,test,1,happy,3,angry,0.6678677201271057
/Users/prarthanapatel/Desktop/Himanshi/speech_emotion_detection-develop-v2/ravdess_preprocessed/audio/Actor_22/03-01-03-01-02-02-22.wav,03-01-03-01-02-02-22.wav,22,test,1,happy,3,angry,0.6244150996208191
/Users/prarthanapatel/Desktop/Himanshi/speech_emotion_detection-develop-v2/ravdess_preprocessed/audio/Actor_22/03-01-03-02-01-01-22.wav,03-01-03-02-01-01-22.wav,22,test,1,happy,3,angry,0.5803304314613342
/Users/prarthanapatel/Desktop/Himanshi/speech_emotion_detection-develop-v2/ravdess_preprocessed/audio/Actor_22/03-01-03-02-01-02-22.wav,03-01-03-02-01-02-22.wav,22,test,1,happy,3,angry,0.568115234375
/Users/prarthanapatel/Desktop/Himanshi/speech_emotion_detection-develop-v2/ravdess_preprocessed/audio/Actor_22/03-01-03-02-02-01-22.wav,03-01-03-02-02-01-22.wav,22,test,1,happy,4,fear,0.6905504465103149
/Users/prarthanapatel/Desktop/Himanshi/speech_emotion_detection-develop-v2/ravdess_preprocessed/audio/Actor_22/03-01-03-02-02-02-22.wav,03-01-03-02-02-02-22.wav,22,test,1,happy,3,angry,0.9687190651893616
/Users/prarthanapatel/Desktop/Himanshi/speech_emotion_detection-develop-v2/ravdess_preprocessed/audio/Actor_22/03-01-04-01-01-01-22.wav,03-01-04-01-01-01-22.wav,22,test,2,sad,3,angry,0.8681251406669617
/Users/prarthanapatel/Desktop/Himanshi/speech_emotion_detection-develop-v2/ravdess_preprocessed/audio/Actor_22/03-01-04-01-01-02-22.wav,03-01-04-01-01-02-22.wav,22,test,2,sad,3,angry,0.6445745229721069
/Users/prarthanapatel/Desktop/Himanshi/speech_emotion_detection-develop-v2/ravdess_preprocessed/audio/Actor_22/03-01-04-01-02-01-22.wav,03-01-04-01-02-01-22.wav,22,test,2,sad,3,angry,0.31544259190559387
/Users/prarthanapatel/Desktop/Himanshi/speech_emotion_detection-develop-v2/ravdess_preprocessed/audio/Actor_22/03-01-04-01-02-02-22.wav,03-01-04-01-02-02-22.wav,22,test,2,sad,3,angry,0.315245658159256
/Users/prarthanapatel/Desktop/Himanshi/speech_emotion_detection-develop-v2/ravdess_preprocessed/audio/Actor_22/03-01-04-02-01-01-22.wav,03-01-04-02-01-01-22.wav,22,test,2,sad,4,fear,0.544800341129303
/Users/prarthanapatel/Desktop/Himanshi/speech_emotion_detection-develop-v2/ravdess_preprocessed/audio/Actor_22/03-01-04-02-01-02-22.wav,03-01-04-02-01-02-22.wav,22,test,2,sad,4,fear,0.44857120513916016
/Users/prarthanapatel/Desktop/Himanshi/speech_emotion_detection-develop-v2/ravdess_preprocessed/audio/Actor_22/03-01-04-02-02-01-22.wav,03-01-04-02-02-01-22.wav,22,test,2,sad,4,fear,0.4891616106033325
/Users/prarthanapatel/Desktop/Himanshi/speech_emotion_detection-develop-v2/ravdess_preprocessed/audio/Actor_22/03-01-04-02-02-02-22.wav,03-01-04-02-02-02-22.wav,22,test,2,sad,3,angry,0.8684088587760925
/Users/prarthanapatel/Desktop/Himanshi/speech_emotion_detection-develop-v2/ravdess_preprocessed/audio/Actor_22/03-01-05-01-01-01-22.wav,03-01-05-01-01-01-22.wav,22,test,3,angry,3,angry,0.973228394985199
/Users/prarthanapatel/Desktop/Himanshi/speech_emotion_detection-develop-v2/ravdess_preprocessed/audio/Actor_22/03-01-05-01-01-02-22.wav,03-01-05-01-01-02-22.wav,22,test,3,angry,3,angry,0.9853665828704834
/Users/prarthanapatel/Desktop/Himanshi/speech_emotion_detection-develop-v2/ravdess_preprocessed/audio/Actor_22/03-01-05-01-02-01-22.wav,03-01-05-01-02-01-22.wav,22,test,3,angry,3,angry,0.9797608852386475
/Users/prarthanapatel/Desktop/Himanshi/speech_emotion_detection-develop-v2/ravdess_preprocessed/audio/Actor_22/03-01-05-01-02-02-22.wav,03-01-05-01-02-02-22.wav,22,test,3,angry,3,angry,0.9850362539291382
/Users/prarthanapatel/Desktop/Himanshi/speech_emotion_detection-develop-v2/ravdess_preprocessed/audio/Actor_22/03-01-05-02-01-01-22.wav,03-01-05-02-01-01-22.wav,22,test,3,angry,3,angry,0.9823381900787354
/Users/prarthanapatel/Desktop/Himanshi/speech_emotion_detection-develop-v2/ravdess_preprocessed/audio/Actor_22/03-01-05-02-01-02-22.wav,03-01-05-02-01-02-22.wav,22,test,3,angry,3,angry,0.9835769534111023
/Users/prarthanapatel/Desktop/Himanshi/speech_emotion_detection-develop-v2/ravdess_preprocessed/audio/Actor_22/03-01-05-02-02-01-22.wav,03-01-05-02-02-01-22.wav,22,test,3,angry,3,angry,0.7859008312225342
/Users/prarthanapatel/Desktop/Himanshi/speech_emotion_detection-develop-v2/ravdess_preprocessed/audio/Actor_22/03-01-05-02-02-02-22.wav,03-01-05-02-02-02-22.wav,22,test,3,angry,3,angry,0.9526780247688293
/Users/prarthanapatel/Desktop/Himanshi/speech_emotion_detection-develop-v2/ravdess_preprocessed/audio/Actor_22/03-01-06-01-01-01-22.wav,03-01-06-01-01-01-22.wav,22,test,4,fear,3,angry,0.415109783411026
/Users/prarthanapatel/Desktop/Himanshi/speech_emotion_detection-develop-v2/ravdess_preprocessed/audio/Actor_22/03-01-06-01-01-02-22.wav,03-01-06-01-01-02-22.wav,22,test,4,fear,3,angry,0.4153023064136505
/Users/prarthanapatel/Desktop/Himanshi/speech_emotion_detection-develop-v2/ravdess_preprocessed/audio/Actor_22/03-01-06-01-02-01-22.wav,03-01-06-01-02-01-22.wav,22,test,4,fear,3,angry,0.6594367027282715
/Users/prarthanapatel/Desktop/Himanshi/speech_emotion_detection-develop-v2/ravdess_preprocessed/audio/Actor_22/03-01-06-01-02-02-22.wav,03-01-06-01-02-02-22.wav,22,test,4,fear,3,angry,0.6274207830429077
/Users/prarthanapatel/Desktop/Himanshi/speech_emotion_detection-develop-v2/ravdess_preprocessed/audio/Actor_22/03-01-06-02-01-01-22.wav,03-01-06-02-01-01-22.wav,22,test,4,fear,4,fear,0.9163569211959839
/Users/prarthanapatel/Desktop/Himanshi/speech_emotion_detection-develop-v2/ravdess_preprocessed/audio/Actor_22/03-01-06-02-01-02-22.wav,03-01-06-02-01-02-22.wav,22,test,4,fear,4,fear,0.8702621459960938
/Users/prarthanapatel/Desktop/Himanshi/speech_emotion_detection-develop-v2/ravdess_preprocessed/audio/Actor_22/03-01-06-02-02-01-22.wav,03-01-06-02-02-01-22.wav,22,test,4,fear,4,fear,0.8447352647781372
/Users/prarthanapatel/Desktop/Himanshi/speech_emotion_detection-develop-v2/ravdess_preprocessed/audio/Actor_22/03-01-06-02-02-02-22.wav,03-01-06-02-02-02-22.wav,22,test,4,fear,4,fear,0.8739175796508789
/Users/prarthanapatel/Desktop/Himanshi/speech_emotion_detection-develop-v2/ravdess_preprocessed/audio/Actor_22/03-01-07-01-01-01-22.wav,03-01-07-01-01-01-22.wav,22,test,5,disgust,3,angry,0.5243567824363708
/Users/prarthanapatel/Desktop/Himanshi/speech_emotion_detection-develop-v2/ravdess_preprocessed/audio/Actor_22/03-01-07-01-01-02-22.wav,03-01-07-01-01-02-22.wav,22,test,5,disgust,3,angry,0.7293676733970642
/Users/prarthanapatel/Desktop/Himanshi/speech_emotion_detection-develop-v2/ravdess_preprocessed/audio/Actor_22/03-01-07-01-02-01-22.wav,03-01-07-01-02-01-22.wav,22,test,5,disgust,3,angry,0.5481727123260498
/Users/prarthanapatel/Desktop/Himanshi/speech_emotion_detection-develop-v2/ravdess_preprocessed/audio/Actor_22/03-01-07-01-02-02-22.wav,03-01-07-01-02-02-22.wav,22,test,5,disgust,3,angry,0.3820309042930603
/Users/prarthanapatel/Desktop/Himanshi/speech_emotion_detection-develop-v2/ravdess_preprocessed/audio/Actor_22/03-01-07-02-01-01-22.wav,03-01-07-02-01-01-22.wav,22,test,5,disgust,3,angry,0.7974281907081604
/Users/prarthanapatel/Desktop/Himanshi/speech_emotion_detection-develop-v2/ravdess_preprocessed/audio/Actor_22/03-01-07-02-01-02-22.wav,03-01-07-02-01-02-22.wav,22,test,5,disgust,3,angry,0.9694143533706665
/Users/prarthanapatel/Desktop/Himanshi/speech_emotion_detection-develop-v2/ravdess_preprocessed/audio/Actor_22/03-01-07-02-02-01-22.wav,03-01-07-02-02-01-22.wav,22,test,5,disgust,3,angry,0.7614516019821167
/Users/prarthanapatel/Desktop/Himanshi/speech_emotion_detection-develop-v2/ravdess_preprocessed/audio/Actor_22/03-01-07-02-02-02-22.wav,03-01-07-02-02-02-22.wav,22,test,5,disgust,3,angry,0.9432958960533142
/Users/prarthanapatel/Desktop/Himanshi/speech_emotion_detection-develop-v2/ravdess_preprocessed/audio/Actor_23/03-01-01-01-01-01-23.wav,03-01-01-01-01-01-23.wav,23,test,0,neutral,3,angry,0.6012399196624756
/Users/prarthanapatel/Desktop/Himanshi/speech_emotion_detection-develop-v2/ravdess_preprocessed/audio/Actor_23/03-01-01-01-01-02-23.wav,03-01-01-01-01-02-23.wav,23,test,0,neutral,3,angry,0.7906025052070618
/Users/prarthanapatel/Desktop/Himanshi/speech_emotion_detection-develop-v2/ravdess_preprocessed/audio/Actor_23/03-01-01-01-02-01-23.wav,03-01-01-01-02-01-23.wav,23,test,0,neutral,0,neutral,0.4559490978717804
/Users/prarthanapatel/Desktop/Himanshi/speech_emotion_detection-develop-v2/ravdess_preprocessed/audio/Actor_23/03-01-01-01-02-02-23.wav,03-01-01-01-02-02-23.wav,23,test,0,neutral,3,angry,0.7226154208183289
/Users/prarthanapatel/Desktop/Himanshi/speech_emotion_detection-develop-v2/ravdess_preprocessed/audio/Actor_23/03-01-03-01-01-01-23.wav,03-01-03-01-01-01-23.wav,23,test,1,happy,1,happy,0.9343358278274536
/Users/prarthanapatel/Desktop/Himanshi/speech_emotion_detection-develop-v2/ravdess_preprocessed/audio/Actor_23/03-01-03-01-01-02-23.wav,03-01-03-01-01-02-23.wav,23,test,1,happy,1,happy,0.9757652282714844
/Users/prarthanapatel/Desktop/Himanshi/speech_emotion_detection-develop-v2/ravdess_preprocessed/audio/Actor_23/03-01-03-01-02-01-23.wav,03-01-03-01-02-01-23.wav,23,test,1,happy,1,happy,0.8926798701286316
/Users/prarthanapatel/Desktop/Himanshi/speech_emotion_detection-develop-v2/ravdess_preprocessed/audio/Actor_23/03-01-03-01-02-02-23.wav,03-01-03-01-02-02-23.wav,23,test,1,happy,1,happy,0.4761298894882202
/Users/prarthanapatel/Desktop/Himanshi/speech_emotion_detection-develop-v2/ravdess_preprocessed/audio/Actor_23/03-01-03-02-01-01-23.wav,03-01-03-02-01-01-23.wav,23,test,1,happy,3,angry,0.6749831438064575
/Users/prarthanapatel/Desktop/Himanshi/speech_emotion_detection-develop-v2/ravdess_preprocessed/audio/Actor_23/03-01-03-02-01-02-23.wav,03-01-03-02-01-02-23.wav,23,test,1,happy,1,happy,0.7015859484672546
/Users/prarthanapatel/Desktop/Himanshi/speech_emotion_detection-develop-v2/ravdess_preprocessed/audio/Actor_23/03-01-03-02-02-01-23.wav,03-01-03-02-02-01-23.wav,23,test,1,happy,1,happy,0.9206936955451965
/Users/prarthanapatel/Desktop/Himanshi/speech_emotion_detection-develop-v2/ravdess_preprocessed/audio/Actor_23/03-01-03-02-02-02-23.wav,03-01-03-02-02-02-23.wav,23,test,1,happy,1,happy,0.3852999210357666
/Users/prarthanapatel/Desktop/Himanshi/speech_emotion_detection-develop-v2/ravdess_preprocessed/audio/Actor_23/03-01-04-01-01-01-23.wav,03-01-04-01-01-01-23.wav,23,test,2,sad,4,fear,0.339396208524704
/Users/prarthanapatel/Desktop/Himanshi/speech_emotion_detection-develop-v2/ravdess_preprocessed/audio/Actor_23/03-01-04-01-01-02-23.wav,03-01-04-01-01-02-23.wav,23,test,2,sad,5,disgust,0.37798434495925903
/Users/prarthanapatel/Desktop/Himanshi/speech_emotion_detection-develop-v2/ravdess_preprocessed/audio/Actor_23/03-01-04-01-02-01-23.wav,03-01-04-01-02-01-23.wav,23,test,2,sad,4,fear,0.34165051579475403
/Users/prarthanapatel/Desktop/Himanshi/speech_emotion_detection-develop-v2/ravdess_preprocessed/audio/Actor_23/03-01-04-01-02-02-23.wav,03-01-04-01-02-02-23.wav,23,test,2,sad,1,happy,0.5515825152397156
/Users/prarthanapatel/Desktop/Himanshi/speech_emotion_detection-develop-v2/ravdess_preprocessed/audio/Actor_23/03-01-04-02-01-01-23.wav,03-01-04-02-01-01-23.wav,23,test,2,sad,4,fear,0.554663896560669
/Users/prarthanapatel/Desktop/Himanshi/speech_emotion_detection-develop-v2/ravdess_preprocessed/audio/Actor_23/03-01-04-02-01-02-23.wav,03-01-04-02-01-02-23.wav,23,test,2,sad,4,fear,0.5393126606941223
/Users/prarthanapatel/Desktop/Himanshi/speech_emotion_detection-develop-v2/ravdess_preprocessed/audio/Actor_23/03-01-04-02-02-01-23.wav,03-01-04-02-02-01-23.wav,23,test,2,sad,4,fear,0.4908157289028168
/Users/prarthanapatel/Desktop/Himanshi/speech_emotion_detection-develop-v2/ravdess_preprocessed/audio/Actor_23/03-01-04-02-02-02-23.wav,03-01-04-02-02-02-23.wav,23,test,2,sad,4,fear,0.6227465867996216
/Users/prarthanapatel/Desktop/Himanshi/speech_emotion_detection-develop-v2/ravdess_preprocessed/audio/Actor_23/03-01-05-01-01-01-23.wav,03-01-05-01-01-01-23.wav,23,test,3,angry,3,angry,0.9369997382164001
/Users/prarthanapatel/Desktop/Himanshi/speech_emotion_detection-develop-v2/ravdess_preprocessed/audio/Actor_23/03-01-05-01-01-02-23.wav,03-01-05-01-01-02-23.wav,23,test,3,angry,1,happy,0.48244544863700867
/Users/prarthanapatel/Desktop/Himanshi/speech_emotion_detection-develop-v2/ravdess_preprocessed/audio/Actor_23/03-01-05-01-02-01-23.wav,03-01-05-01-02-01-23.wav,23,test,3,angry,3,angry,0.949195384979248
/Users/prarthanapatel/Desktop/Himanshi/speech_emotion_detection-develop-v2/ravdess_preprocessed/audio/Actor_23/03-01-05-01-02-02-23.wav,03-01-05-01-02-02-23.wav,23,test,3,angry,3,angry,0.7403326034545898
/Users/prarthanapatel/Desktop/Himanshi/speech_emotion_detection-develop-v2/ravdess_preprocessed/audio/Actor_23/03-01-05-02-01-01-23.wav,03-01-05-02-01-01-23.wav,23,test,3,angry,1,happy,0.8447319269180298
/Users/prarthanapatel/Desktop/Himanshi/speech_emotion_detection-develop-v2/ravdess_preprocessed/audio/Actor_23/03-01-05-02-01-02-23.wav,03-01-05-02-01-02-23.wav,23,test,3,angry,4,fear,0.39898374676704407
/Users/prarthanapatel/Desktop/Himanshi/speech_emotion_detection-develop-v2/ravdess_preprocessed/audio/Actor_23/03-01-05-02-02-01-23.wav,03-01-05-02-02-01-23.wav,23,test,3,angry,1,happy,0.5560882687568665
/Users/prarthanapatel/Desktop/Himanshi/speech_emotion_detection-develop-v2/ravdess_preprocessed/audio/Actor_23/03-01-05-02-02-02-23.wav,03-01-05-02-02-02-23.wav,23,test,3,angry,4,fear,0.2520495057106018
/Users/prarthanapatel/Desktop/Himanshi/speech_emotion_detection-develop-v2/ravdess_preprocessed/audio/Actor_23/03-01-06-01-01-01-23.wav,03-01-06-01-01-01-23.wav,23,test,4,fear,3,angry,0.3584238290786743
/Users/prarthanapatel/Desktop/Himanshi/speech_emotion_detection-develop-v2/ravdess_preprocessed/audio/Actor_23/03-01-06-01-01-02-23.wav,03-01-06-01-01-02-23.wav,23,test,4,fear,4,fear,0.579082727432251
/Users/prarthanapatel/Desktop/Himanshi/speech_emotion_detection-develop-v2/ravdess_preprocessed/audio/Actor_23/03-01-06-01-02-01-23.wav,03-01-06-01-02-01-23.wav,23,test,4,fear,4,fear,0.34141167998313904
/Users/prarthanapatel/Desktop/Himanshi/speech_emotion_detection-develop-v2/ravdess_preprocessed/audio/Actor_23/03-01-06-01-02-02-23.wav,03-01-06-01-02-02-23.wav,23,test,4,fear,3,angry,0.42891985177993774
/Users/prarthanapatel/Desktop/Himanshi/speech_emotion_detection-develop-v2/ravdess_preprocessed/audio/Actor_23/03-01-06-02-01-01-23.wav,03-01-06-02-01-01-23.wav,23,test,4,fear,1,happy,0.737751305103302
/Users/prarthanapatel/Desktop/Himanshi/speech_emotion_detection-develop-v2/ravdess_preprocessed/audio/Actor_23/03-01-06-02-01-02-23.wav,03-01-06-02-01-02-23.wav,23,test,4,fear,1,happy,0.8265093564987183
/Users/prarthanapatel/Desktop/Himanshi/speech_emotion_detection-develop-v2/ravdess_preprocessed/audio/Actor_23/03-01-06-02-02-01-23.wav,03-01-06-02-02-01-23.wav,23,test,4,fear,4,fear,0.8150742650032043
/Users/prarthanapatel/Desktop/Himanshi/speech_emotion_detection-develop-v2/ravdess_preprocessed/audio/Actor_23/03-01-06-02-02-02-23.wav,03-01-06-02-02-02-23.wav,23,test,4,fear,1,happy,0.5647878050804138
/Users/prarthanapatel/Desktop/Himanshi/speech_emotion_detection-develop-v2/ravdess_preprocessed/audio/Actor_23/03-01-07-01-01-01-23.wav,03-01-07-01-01-01-23.wav,23,test,5,disgust,3,angry,0.5003835558891296
/Users/prarthanapatel/Desktop/Himanshi/speech_emotion_detection-develop-v2/ravdess_preprocessed/audio/Actor_23/03-01-07-01-01-02-23.wav,03-01-07-01-01-02-23.wav,23,test,5,disgust,3,angry,0.6671596169471741
/Users/prarthanapatel/Desktop/Himanshi/speech_emotion_detection-develop-v2/ravdess_preprocessed/audio/Actor_23/03-01-07-01-02-01-23.wav,03-01-07-01-02-01-23.wav,23,test,5,disgust,4,fear,0.548444390296936
/Users/prarthanapatel/Desktop/Himanshi/speech_emotion_detection-develop-v2/ravdess_preprocessed/audio/Actor_23/03-01-07-01-02-02-23.wav,03-01-07-01-02-02-23.wav,23,test,5,disgust,4,fear,0.8057504892349243
/Users/prarthanapatel/Desktop/Himanshi/speech_emotion_detection-develop-v2/ravdess_preprocessed/audio/Actor_23/03-01-07-02-01-01-23.wav,03-01-07-02-01-01-23.wav,23,test,5,disgust,3,angry,0.49297988414764404
/Users/prarthanapatel/Desktop/Himanshi/speech_emotion_detection-develop-v2/ravdess_preprocessed/audio/Actor_23/03-01-07-02-01-02-23.wav,03-01-07-02-01-02-23.wav,23,test,5,disgust,5,disgust,0.2842346727848053
/Users/prarthanapatel/Desktop/Himanshi/speech_emotion_detection-develop-v2/ravdess_preprocessed/audio/Actor_23/03-01-07-02-02-01-23.wav,03-01-07-02-02-01-23.wav,23,test,5,disgust,5,disgust,0.38554903864860535
/Users/prarthanapatel/Desktop/Himanshi/speech_emotion_detection-develop-v2/ravdess_preprocessed/audio/Actor_23/03-01-07-02-02-02-23.wav,03-01-07-02-02-02-23.wav,23,test,5,disgust,5,disgust,0.3958880603313446
/Users/prarthanapatel/Desktop/Himanshi/speech_emotion_detection-develop-v2/ravdess_preprocessed/audio/Actor_24/03-01-01-01-01-01-24.wav,03-01-01-01-01-01-24.wav,24,test,0,neutral,3,angry,0.4929727017879486
/Users/prarthanapatel/Desktop/Himanshi/speech_emotion_detection-develop-v2/ravdess_preprocessed/audio/Actor_24/03-01-01-01-01-02-24.wav,03-01-01-01-01-02-24.wav,24,test,0,neutral,3,angry,0.6609436273574829
/Users/prarthanapatel/Desktop/Himanshi/speech_emotion_detection-develop-v2/ravdess_preprocessed/audio/Actor_24/03-01-01-01-02-01-24.wav,03-01-01-01-02-01-24.wav,24,test,0,neutral,0,neutral,0.4085596203804016
/Users/prarthanapatel/Desktop/Himanshi/speech_emotion_detection-develop-v2/ravdess_preprocessed/audio/Actor_24/03-01-01-01-02-02-24.wav,03-01-01-01-02-02-24.wav,24,test,0,neutral,1,happy,0.40879058837890625
/Users/prarthanapatel/Desktop/Himanshi/speech_emotion_detection-develop-v2/ravdess_preprocessed/audio/Actor_24/03-01-03-01-01-01-24.wav,03-01-03-01-01-01-24.wav,24,test,1,happy,1,happy,0.8810423016548157
/Users/prarthanapatel/Desktop/Himanshi/speech_emotion_detection-develop-v2/ravdess_preprocessed/audio/Actor_24/03-01-03-01-01-02-24.wav,03-01-03-01-01-02-24.wav,24,test,1,happy,1,happy,0.61380535364151
/Users/prarthanapatel/Desktop/Himanshi/speech_emotion_detection-develop-v2/ravdess_preprocessed/audio/Actor_24/03-01-03-01-02-01-24.wav,03-01-03-01-02-01-24.wav,24,test,1,happy,1,happy,0.8048790693283081
/Users/prarthanapatel/Desktop/Himanshi/speech_emotion_detection-develop-v2/ravdess_preprocessed/audio/Actor_24/03-01-03-01-02-02-24.wav,03-01-03-01-02-02-24.wav,24,test,1,happy,1,happy,0.7600966691970825
/Users/prarthanapatel/Desktop/Himanshi/speech_emotion_detection-develop-v2/ravdess_preprocessed/audio/Actor_24/03-01-03-02-01-01-24.wav,03-01-03-02-01-01-24.wav,24,test,1,happy,5,disgust,0.49197593331336975
/Users/prarthanapatel/Desktop/Himanshi/speech_emotion_detection-develop-v2/ravdess_preprocessed/audio/Actor_24/03-01-03-02-01-02-24.wav,03-01-03-02-01-02-24.wav,24,test,1,happy,4,fear,0.31718605756759644
/Users/prarthanapatel/Desktop/Himanshi/speech_emotion_detection-develop-v2/ravdess_preprocessed/audio/Actor_24/03-01-03-02-02-01-24.wav,03-01-03-02-02-01-24.wav,24,test,1,happy,3,angry,0.5922456979751587
/Users/prarthanapatel/Desktop/Himanshi/speech_emotion_detection-develop-v2/ravdess_preprocessed/audio/Actor_24/03-01-03-02-02-02-24.wav,03-01-03-02-02-02-24.wav,24,test,1,happy,1,happy,0.3948848843574524
/Users/prarthanapatel/Desktop/Himanshi/speech_emotion_detection-develop-v2/ravdess_preprocessed/audio/Actor_24/03-01-04-01-01-01-24.wav,03-01-04-01-01-01-24.wav,24,test,2,sad,3,angry,0.3796519935131073
/Users/prarthanapatel/Desktop/Himanshi/speech_emotion_detection-develop-v2/ravdess_preprocessed/audio/Actor_24/03-01-04-01-01-02-24.wav,03-01-04-01-01-02-24.wav,24,test,2,sad,3,angry,0.5237768888473511
/Users/prarthanapatel/Desktop/Himanshi/speech_emotion_detection-develop-v2/ravdess_preprocessed/audio/Actor_24/03-01-04-01-02-01-24.wav,03-01-04-01-02-01-24.wav,24,test,2,sad,4,fear,0.26437002420425415
/Users/prarthanapatel/Desktop/Himanshi/speech_emotion_detection-develop-v2/ravdess_preprocessed/audio/Actor_24/03-01-04-01-02-02-24.wav,03-01-04-01-02-02-24.wav,24,test,2,sad,3,angry,0.39435866475105286
/Users/prarthanapatel/Desktop/Himanshi/speech_emotion_detection-develop-v2/ravdess_preprocessed/audio/Actor_24/03-01-04-02-01-01-24.wav,03-01-04-02-01-01-24.wav,24,test,2,sad,4,fear,0.3937646746635437
/Users/prarthanapatel/Desktop/Himanshi/speech_emotion_detection-develop-v2/ravdess_preprocessed/audio/Actor_24/03-01-04-02-01-02-24.wav,03-01-04-02-01-02-24.wav,24,test,2,sad,3,angry,0.7317609786987305
/Users/prarthanapatel/Desktop/Himanshi/speech_emotion_detection-develop-v2/ravdess_preprocessed/audio/Actor_24/03-01-04-02-02-01-24.wav,03-01-04-02-02-01-24.wav,24,test,2,sad,5,disgust,0.6904029250144958
/Users/prarthanapatel/Desktop/Himanshi/speech_emotion_detection-develop-v2/ravdess_preprocessed/audio/Actor_24/03-01-04-02-02-02-24.wav,03-01-04-02-02-02-24.wav,24,test,2,sad,5,disgust,0.325043648481369
/Users/prarthanapatel/Desktop/Himanshi/speech_emotion_detection-develop-v2/ravdess_preprocessed/audio/Actor_24/03-01-05-01-01-01-24.wav,03-01-05-01-01-01-24.wav,24,test,3,angry,3,angry,0.719092071056366
/Users/prarthanapatel/Desktop/Himanshi/speech_emotion_detection-develop-v2/ravdess_preprocessed/audio/Actor_24/03-01-05-01-01-02-24.wav,03-01-05-01-01-02-24.wav,24,test,3,angry,5,disgust,0.45964425802230835
/Users/prarthanapatel/Desktop/Himanshi/speech_emotion_detection-develop-v2/ravdess_preprocessed/audio/Actor_24/03-01-05-01-02-01-24.wav,03-01-05-01-02-01-24.wav,24,test,3,angry,3,angry,0.9441314339637756
/Users/prarthanapatel/Desktop/Himanshi/speech_emotion_detection-develop-v2/ravdess_preprocessed/audio/Actor_24/03-01-05-01-02-02-24.wav,03-01-05-01-02-02-24.wav,24,test,3,angry,3,angry,0.9290887117385864
/Users/prarthanapatel/Desktop/Himanshi/speech_emotion_detection-develop-v2/ravdess_preprocessed/audio/Actor_24/03-01-05-02-01-01-24.wav,03-01-05-02-01-01-24.wav,24,test,3,angry,3,angry,0.9409278631210327
/Users/prarthanapatel/Desktop/Himanshi/speech_emotion_detection-develop-v2/ravdess_preprocessed/audio/Actor_24/03-01-05-02-01-02-24.wav,03-01-05-02-01-02-24.wav,24,test,3,angry,3,angry,0.5054735541343689
/Users/prarthanapatel/Desktop/Himanshi/speech_emotion_detection-develop-v2/ravdess_preprocessed/audio/Actor_24/03-01-05-02-02-01-24.wav,03-01-05-02-02-01-24.wav,24,test,3,angry,3,angry,0.9910396933555603
/Users/prarthanapatel/Desktop/Himanshi/speech_emotion_detection-develop-v2/ravdess_preprocessed/audio/Actor_24/03-01-05-02-02-02-24.wav,03-01-05-02-02-02-24.wav,24,test,3,angry,3,angry,0.975691020488739
/Users/prarthanapatel/Desktop/Himanshi/speech_emotion_detection-develop-v2/ravdess_preprocessed/audio/Actor_24/03-01-06-01-01-01-24.wav,03-01-06-01-01-01-24.wav,24,test,4,fear,4,fear,0.8048582673072815
/Users/prarthanapatel/Desktop/Himanshi/speech_emotion_detection-develop-v2/ravdess_preprocessed/audio/Actor_24/03-01-06-01-01-02-24.wav,03-01-06-01-01-02-24.wav,24,test,4,fear,4,fear,0.8175157308578491
/Users/prarthanapatel/Desktop/Himanshi/speech_emotion_detection-develop-v2/ravdess_preprocessed/audio/Actor_24/03-01-06-01-02-01-24.wav,03-01-06-01-02-01-24.wav,24,test,4,fear,4,fear,0.9238359928131104
/Users/prarthanapatel/Desktop/Himanshi/speech_emotion_detection-develop-v2/ravdess_preprocessed/audio/Actor_24/03-01-06-01-02-02-24.wav,03-01-06-01-02-02-24.wav,24,test,4,fear,4,fear,0.7806105613708496
/Users/prarthanapatel/Desktop/Himanshi/speech_emotion_detection-develop-v2/ravdess_preprocessed/audio/Actor_24/03-01-06-02-01-01-24.wav,03-01-06-02-01-01-24.wav,24,test,4,fear,4,fear,0.5438491702079773
/Users/prarthanapatel/Desktop/Himanshi/speech_emotion_detection-develop-v2/ravdess_preprocessed/audio/Actor_24/03-01-06-02-01-02-24.wav,03-01-06-02-01-02-24.wav,24,test,4,fear,4,fear,0.814481258392334
/Users/prarthanapatel/Desktop/Himanshi/speech_emotion_detection-develop-v2/ravdess_preprocessed/audio/Actor_24/03-01-06-02-02-01-24.wav,03-01-06-02-02-01-24.wav,24,test,4,fear,4,fear,0.7263731360435486
/Users/prarthanapatel/Desktop/Himanshi/speech_emotion_detection-develop-v2/ravdess_preprocessed/audio/Actor_24/03-01-06-02-02-02-24.wav,03-01-06-02-02-02-24.wav,24,test,4,fear,4,fear,0.5030273199081421
/Users/prarthanapatel/Desktop/Himanshi/speech_emotion_detection-develop-v2/ravdess_preprocessed/audio/Actor_24/03-01-07-01-01-01-24.wav,03-01-07-01-01-01-24.wav,24,test,5,disgust,1,happy,0.38530412316322327
/Users/prarthanapatel/Desktop/Himanshi/speech_emotion_detection-develop-v2/ravdess_preprocessed/audio/Actor_24/03-01-07-01-01-02-24.wav,03-01-07-01-01-02-24.wav,24,test,5,disgust,3,angry,0.9087575078010559
/Users/prarthanapatel/Desktop/Himanshi/speech_emotion_detection-develop-v2/ravdess_preprocessed/audio/Actor_24/03-01-07-01-02-01-24.wav,03-01-07-01-02-01-24.wav,24,test,5,disgust,5,disgust,0.5828688144683838
/Users/prarthanapatel/Desktop/Himanshi/speech_emotion_detection-develop-v2/ravdess_preprocessed/audio/Actor_24/03-01-07-01-02-02-24.wav,03-01-07-01-02-02-24.wav,24,test,5,disgust,3,angry,0.7738890051841736
/Users/prarthanapatel/Desktop/Himanshi/speech_emotion_detection-develop-v2/ravdess_preprocessed/audio/Actor_24/03-01-07-02-01-01-24.wav,03-01-07-02-01-01-24.wav,24,test,5,disgust,3,angry,0.8217037916183472
/Users/prarthanapatel/Desktop/Himanshi/speech_emotion_detection-develop-v2/ravdess_preprocessed/audio/Actor_24/03-01-07-02-01-02-24.wav,03-01-07-02-01-02-24.wav,24,test,5,disgust,4,fear,0.6728570461273193
/Users/prarthanapatel/Desktop/Himanshi/speech_emotion_detection-develop-v2/ravdess_preprocessed/audio/Actor_24/03-01-07-02-02-01-24.wav,03-01-07-02-02-01-24.wav,24,test,5,disgust,5,disgust,0.7712467312812805
/Users/prarthanapatel/Desktop/Himanshi/speech_emotion_detection-develop-v2/ravdess_preprocessed/audio/Actor_24/03-01-07-02-02-02-24.wav,03-01-07-02-02-02-24.wav,24,test,5,disgust,4,fear,0.47403717041015625
/Users/prarthanapatel/Desktop/Himanshi/speech_emotion_detection-develop-v2/savee_preprocessed/audio/KL_a01.wav,KL_a01.wav,2004,test,3,angry,3,angry,0.7027292251586914
/Users/prarthanapatel/Desktop/Himanshi/speech_emotion_detection-develop-v2/savee_preprocessed/audio/KL_a02.wav,KL_a02.wav,2004,test,3,angry,4,fear,0.47484490275382996
/Users/prarthanapatel/Desktop/Himanshi/speech_emotion_detection-develop-v2/savee_preprocessed/audio/KL_a03.wav,KL_a03.wav,2004,test,3,angry,4,fear,0.7826458811759949
/Users/prarthanapatel/Desktop/Himanshi/speech_emotion_detection-develop-v2/savee_preprocessed/audio/KL_a04.wav,KL_a04.wav,2004,test,3,angry,4,fear,0.4142836630344391
/Users/prarthanapatel/Desktop/Himanshi/speech_emotion_detection-develop-v2/savee_preprocessed/audio/KL_a05.wav,KL_a05.wav,2004,test,3,angry,3,angry,0.8968287706375122
/Users/prarthanapatel/Desktop/Himanshi/speech_emotion_detection-develop-v2/savee_preprocessed/audio/KL_a06.wav,KL_a06.wav,2004,test,3,angry,3,angry,0.894419252872467
/Users/prarthanapatel/Desktop/Himanshi/speech_emotion_detection-develop-v2/savee_preprocessed/audio/KL_a07.wav,KL_a07.wav,2004,test,3,angry,1,happy,0.5723472833633423
/Users/prarthanapatel/Desktop/Himanshi/speech_emotion_detection-develop-v2/savee_preprocessed/audio/KL_a08.wav,KL_a08.wav,2004,test,3,angry,3,angry,0.9506227374076843
/Users/prarthanapatel/Desktop/Himanshi/speech_emotion_detection-develop-v2/savee_preprocessed/audio/KL_a09.wav,KL_a09.wav,2004,test,3,angry,3,angry,0.8254544138908386
/Users/prarthanapatel/Desktop/Himanshi/speech_emotion_detection-develop-v2/savee_preprocessed/audio/KL_a10.wav,KL_a10.wav,2004,test,3,angry,3,angry,0.894426703453064
/Users/prarthanapatel/Desktop/Himanshi/speech_emotion_detection-develop-v2/savee_preprocessed/audio/KL_a11.wav,KL_a11.wav,2004,test,3,angry,3,angry,0.8986231088638306
/Users/prarthanapatel/Desktop/Himanshi/speech_emotion_detection-develop-v2/savee_preprocessed/audio/KL_a12.wav,KL_a12.wav,2004,test,3,angry,3,angry,0.8947415947914124
/Users/prarthanapatel/Desktop/Himanshi/speech_emotion_detection-develop-v2/savee_preprocessed/audio/KL_a13.wav,KL_a13.wav,2004,test,3,angry,3,angry,0.9131938815116882
/Users/prarthanapatel/Desktop/Himanshi/speech_emotion_detection-develop-v2/savee_preprocessed/audio/KL_a14.wav,KL_a14.wav,2004,test,3,angry,3,angry,0.9243527054786682
/Users/prarthanapatel/Desktop/Himanshi/speech_emotion_detection-develop-v2/savee_preprocessed/audio/KL_a15.wav,KL_a15.wav,2004,test,3,angry,3,angry,0.952263593673706
/Users/prarthanapatel/Desktop/Himanshi/speech_emotion_detection-develop-v2/savee_preprocessed/audio/KL_d01.wav,KL_d01.wav,2004,test,5,disgust,3,angry,0.45037466287612915
/Users/prarthanapatel/Desktop/Himanshi/speech_emotion_detection-develop-v2/savee_preprocessed/audio/KL_d02.wav,KL_d02.wav,2004,test,5,disgust,1,happy,0.2599334418773651
/Users/prarthanapatel/Desktop/Himanshi/speech_emotion_detection-develop-v2/savee_preprocessed/audio/KL_d03.wav,KL_d03.wav,2004,test,5,disgust,1,happy,0.8243980407714844
/Users/prarthanapatel/Desktop/Himanshi/speech_emotion_detection-develop-v2/savee_preprocessed/audio/KL_d04.wav,KL_d04.wav,2004,test,5,disgust,2,sad,0.32454997301101685
/Users/prarthanapatel/Desktop/Himanshi/speech_emotion_detection-develop-v2/savee_preprocessed/audio/KL_d05.wav,KL_d05.wav,2004,test,5,disgust,5,disgust,0.4321471154689789
/Users/prarthanapatel/Desktop/Himanshi/speech_emotion_detection-develop-v2/savee_preprocessed/audio/KL_d06.wav,KL_d06.wav,2004,test,5,disgust,0,neutral,0.7096207737922668
/Users/prarthanapatel/Desktop/Himanshi/speech_emotion_detection-develop-v2/savee_preprocessed/audio/KL_d07.wav,KL_d07.wav,2004,test,5,disgust,5,disgust,0.35047706961631775
/Users/prarthanapatel/Desktop/Himanshi/speech_emotion_detection-develop-v2/savee_preprocessed/audio/KL_d08.wav,KL_d08.wav,2004,test,5,disgust,5,disgust,0.8028258085250854
/Users/prarthanapatel/Desktop/Himanshi/speech_emotion_detection-develop-v2/savee_preprocessed/audio/KL_d09.wav,KL_d09.wav,2004,test,5,disgust,3,angry,0.3615436553955078
/Users/prarthanapatel/Desktop/Himanshi/speech_emotion_detection-develop-v2/savee_preprocessed/audio/KL_d10.wav,KL_d10.wav,2004,test,5,disgust,3,angry,0.40637966990470886
/Users/prarthanapatel/Desktop/Himanshi/speech_emotion_detection-develop-v2/savee_preprocessed/audio/KL_d11.wav,KL_d11.wav,2004,test,5,disgust,3,angry,0.5364583134651184
/Users/prarthanapatel/Desktop/Himanshi/speech_emotion_detection-develop-v2/savee_preprocessed/audio/KL_d12.wav,KL_d12.wav,2004,test,5,disgust,0,neutral,0.6901865601539612
/Users/prarthanapatel/Desktop/Himanshi/speech_emotion_detection-develop-v2/savee_preprocessed/audio/KL_d13.wav,KL_d13.wav,2004,test,5,disgust,0,neutral,0.2931132912635803
/Users/prarthanapatel/Desktop/Himanshi/speech_emotion_detection-develop-v2/savee_preprocessed/audio/KL_d14.wav,KL_d14.wav,2004,test,5,disgust,3,angry,0.29606208205223083
/Users/prarthanapatel/Desktop/Himanshi/speech_emotion_detection-develop-v2/savee_preprocessed/audio/KL_d15.wav,KL_d15.wav,2004,test,5,disgust,0,neutral,0.3011491000652313
/Users/prarthanapatel/Desktop/Himanshi/speech_emotion_detection-develop-v2/savee_preprocessed/audio/KL_f01.wav,KL_f01.wav,2004,test,4,fear,4,fear,0.7593713402748108
/Users/prarthanapatel/Desktop/Himanshi/speech_emotion_detection-develop-v2/savee_preprocessed/audio/KL_f02.wav,KL_f02.wav,2004,test,4,fear,4,fear,0.609086811542511
/Users/prarthanapatel/Desktop/Himanshi/speech_emotion_detection-develop-v2/savee_preprocessed/audio/KL_f03.wav,KL_f03.wav,2004,test,4,fear,1,happy,0.62171870470047
/Users/prarthanapatel/Desktop/Himanshi/speech_emotion_detection-develop-v2/savee_preprocessed/audio/KL_f04.wav,KL_f04.wav,2004,test,4,fear,4,fear,0.7749332785606384
/Users/prarthanapatel/Desktop/Himanshi/speech_emotion_detection-develop-v2/savee_preprocessed/audio/KL_f05.wav,KL_f05.wav,2004,test,4,fear,3,angry,0.559978187084198
/Users/prarthanapatel/Desktop/Himanshi/speech_emotion_detection-develop-v2/savee_preprocessed/audio/KL_f06.wav,KL_f06.wav,2004,test,4,fear,3,angry,0.42509138584136963
/Users/prarthanapatel/Desktop/Himanshi/speech_emotion_detection-develop-v2/savee_preprocessed/audio/KL_f07.wav,KL_f07.wav,2004,test,4,fear,3,angry,0.7343263626098633
/Users/prarthanapatel/Desktop/Himanshi/speech_emotion_detection-develop-v2/savee_preprocessed/audio/KL_f08.wav,KL_f08.wav,2004,test,4,fear,4,fear,0.43374741077423096
/Users/prarthanapatel/Desktop/Himanshi/speech_emotion_detection-develop-v2/savee_preprocessed/audio/KL_f09.wav,KL_f09.wav,2004,test,4,fear,3,angry,0.3924187421798706
/Users/prarthanapatel/Desktop/Himanshi/speech_emotion_detection-develop-v2/savee_preprocessed/audio/KL_f10.wav,KL_f10.wav,2004,test,4,fear,4,fear,0.5452384948730469
/Users/prarthanapatel/Desktop/Himanshi/speech_emotion_detection-develop-v2/savee_preprocessed/audio/KL_f11.wav,KL_f11.wav,2004,test,4,fear,3,angry,0.2693904638290405
/Users/prarthanapatel/Desktop/Himanshi/speech_emotion_detection-develop-v2/savee_preprocessed/audio/KL_f12.wav,KL_f12.wav,2004,test,4,fear,2,sad,0.2641708552837372
/Users/prarthanapatel/Desktop/Himanshi/speech_emotion_detection-develop-v2/savee_preprocessed/audio/KL_f13.wav,KL_f13.wav,2004,test,4,fear,4,fear,0.8352723717689514
/Users/prarthanapatel/Desktop/Himanshi/speech_emotion_detection-develop-v2/savee_preprocessed/audio/KL_f14.wav,KL_f14.wav,2004,test,4,fear,3,angry,0.2989404797554016
/Users/prarthanapatel/Desktop/Himanshi/speech_emotion_detection-develop-v2/savee_preprocessed/audio/KL_f15.wav,KL_f15.wav,2004,test,4,fear,3,angry,0.5736114978790283
/Users/prarthanapatel/Desktop/Himanshi/speech_emotion_detection-develop-v2/savee_preprocessed/audio/KL_h01.wav,KL_h01.wav,2004,test,1,happy,3,angry,0.5820502638816833
/Users/prarthanapatel/Desktop/Himanshi/speech_emotion_detection-develop-v2/savee_preprocessed/audio/KL_h02.wav,KL_h02.wav,2004,test,1,happy,1,happy,0.8204140663146973
/Users/prarthanapatel/Desktop/Himanshi/speech_emotion_detection-develop-v2/savee_preprocessed/audio/KL_h03.wav,KL_h03.wav,2004,test,1,happy,1,happy,0.8855326175689697
/Users/prarthanapatel/Desktop/Himanshi/speech_emotion_detection-develop-v2/savee_preprocessed/audio/KL_h04.wav,KL_h04.wav,2004,test,1,happy,3,angry,0.8199275135993958
/Users/prarthanapatel/Desktop/Himanshi/speech_emotion_detection-develop-v2/savee_preprocessed/audio/KL_h05.wav,KL_h05.wav,2004,test,1,happy,3,angry,0.7466129064559937
/Users/prarthanapatel/Desktop/Himanshi/speech_emotion_detection-develop-v2/savee_preprocessed/audio/KL_h06.wav,KL_h06.wav,2004,test,1,happy,3,angry,0.8594072461128235
/Users/prarthanapatel/Desktop/Himanshi/speech_emotion_detection-develop-v2/savee_preprocessed/audio/KL_h07.wav,KL_h07.wav,2004,test,1,happy,3,angry,0.579816460609436
/Users/prarthanapatel/Desktop/Himanshi/speech_emotion_detection-develop-v2/savee_preprocessed/audio/KL_h08.wav,KL_h08.wav,2004,test,1,happy,1,happy,0.5232879519462585
/Users/prarthanapatel/Desktop/Himanshi/speech_emotion_detection-develop-v2/savee_preprocessed/audio/KL_h09.wav,KL_h09.wav,2004,test,1,happy,3,angry,0.8605128526687622
/Users/prarthanapatel/Desktop/Himanshi/speech_emotion_detection-develop-v2/savee_preprocessed/audio/KL_h10.wav,KL_h10.wav,2004,test,1,happy,0,neutral,0.4764823913574219
/Users/prarthanapatel/Desktop/Himanshi/speech_emotion_detection-develop-v2/savee_preprocessed/audio/KL_h11.wav,KL_h11.wav,2004,test,1,happy,3,angry,0.6650974154472351
/Users/prarthanapatel/Desktop/Himanshi/speech_emotion_detection-develop-v2/savee_preprocessed/audio/KL_h12.wav,KL_h12.wav,2004,test,1,happy,3,angry,0.6182407140731812
/Users/prarthanapatel/Desktop/Himanshi/speech_emotion_detection-develop-v2/savee_preprocessed/audio/KL_h13.wav,KL_h13.wav,2004,test,1,happy,1,happy,0.9276057481765747
/Users/prarthanapatel/Desktop/Himanshi/speech_emotion_detection-develop-v2/savee_preprocessed/audio/KL_h14.wav,KL_h14.wav,2004,test,1,happy,3,angry,0.678511381149292
/Users/prarthanapatel/Desktop/Himanshi/speech_emotion_detection-develop-v2/savee_preprocessed/audio/KL_h15.wav,KL_h15.wav,2004,test,1,happy,3,angry,0.7581038475036621
/Users/prarthanapatel/Desktop/Himanshi/speech_emotion_detection-develop-v2/savee_preprocessed/audio/KL_n01.wav,KL_n01.wav,2004,test,0,neutral,0,neutral,0.7507084012031555
/Users/prarthanapatel/Desktop/Himanshi/speech_emotion_detection-develop-v2/savee_preprocessed/audio/KL_n02.wav,KL_n02.wav,2004,test,0,neutral,0,neutral,0.8993505835533142
/Users/prarthanapatel/Desktop/Himanshi/speech_emotion_detection-develop-v2/savee_preprocessed/audio/KL_n03.wav,KL_n03.wav,2004,test,0,neutral,0,neutral,0.5997191667556763
/Users/prarthanapatel/Desktop/Himanshi/speech_emotion_detection-develop-v2/savee_preprocessed/audio/KL_n04.wav,KL_n04.wav,2004,test,0,neutral,0,neutral,0.9175174832344055
/Users/prarthanapatel/Desktop/Himanshi/speech_emotion_detection-develop-v2/savee_preprocessed/audio/KL_n05.wav,KL_n05.wav,2004,test,0,neutral,0,neutral,0.9392356872558594
/Users/prarthanapatel/Desktop/Himanshi/speech_emotion_detection-develop-v2/savee_preprocessed/audio/KL_n06.wav,KL_n06.wav,2004,test,0,neutral,0,neutral,0.8593438863754272
/Users/prarthanapatel/Desktop/Himanshi/speech_emotion_detection-develop-v2/savee_preprocessed/audio/KL_n07.wav,KL_n07.wav,2004,test,0,neutral,0,neutral,0.7256571650505066
/Users/prarthanapatel/Desktop/Himanshi/speech_emotion_detection-develop-v2/savee_preprocessed/audio/KL_n08.wav,KL_n08.wav,2004,test,0,neutral,0,neutral,0.909223735332489
/Users/prarthanapatel/Desktop/Himanshi/speech_emotion_detection-develop-v2/savee_preprocessed/audio/KL_n09.wav,KL_n09.wav,2004,test,0,neutral,0,neutral,0.7144362926483154
/Users/prarthanapatel/Desktop/Himanshi/speech_emotion_detection-develop-v2/savee_preprocessed/audio/KL_n10.wav,KL_n10.wav,2004,test,0,neutral,0,neutral,0.8902422189712524
/Users/prarthanapatel/Desktop/Himanshi/speech_emotion_detection-develop-v2/savee_preprocessed/audio/KL_n11.wav,KL_n11.wav,2004,test,0,neutral,0,neutral,0.8477680683135986
/Users/prarthanapatel/Desktop/Himanshi/speech_emotion_detection-develop-v2/savee_preprocessed/audio/KL_n12.wav,KL_n12.wav,2004,test,0,neutral,0,neutral,0.9224845767021179
/Users/prarthanapatel/Desktop/Himanshi/speech_emotion_detection-develop-v2/savee_preprocessed/audio/KL_n13.wav,KL_n13.wav,2004,test,0,neutral,0,neutral,0.7854166626930237
/Users/prarthanapatel/Desktop/Himanshi/speech_emotion_detection-develop-v2/savee_preprocessed/audio/KL_n14.wav,KL_n14.wav,2004,test,0,neutral,0,neutral,0.7034136056900024
/Users/prarthanapatel/Desktop/Himanshi/speech_emotion_detection-develop-v2/savee_preprocessed/audio/KL_n15.wav,KL_n15.wav,2004,test,0,neutral,0,neutral,0.8659843802452087
/Users/prarthanapatel/Desktop/Himanshi/speech_emotion_detection-develop-v2/savee_preprocessed/audio/KL_n16.wav,KL_n16.wav,2004,test,0,neutral,0,neutral,0.6821003556251526
/Users/prarthanapatel/Desktop/Himanshi/speech_emotion_detection-develop-v2/savee_preprocessed/audio/KL_n17.wav,KL_n17.wav,2004,test,0,neutral,0,neutral,0.8054132461547852
/Users/prarthanapatel/Desktop/Himanshi/speech_emotion_detection-develop-v2/savee_preprocessed/audio/KL_n18.wav,KL_n18.wav,2004,test,0,neutral,0,neutral,0.7975414395332336
/Users/prarthanapatel/Desktop/Himanshi/speech_emotion_detection-develop-v2/savee_preprocessed/audio/KL_n19.wav,KL_n19.wav,2004,test,0,neutral,0,neutral,0.9020286798477173
/Users/prarthanapatel/Desktop/Himanshi/speech_emotion_detection-develop-v2/savee_preprocessed/audio/KL_n20.wav,KL_n20.wav,2004,test,0,neutral,0,neutral,0.9469672441482544
/Users/prarthanapatel/Desktop/Himanshi/speech_emotion_detection-develop-v2/savee_preprocessed/audio/KL_n21.wav,KL_n21.wav,2004,test,0,neutral,0,neutral,0.919188916683197
/Users/prarthanapatel/Desktop/Himanshi/speech_emotion_detection-develop-v2/savee_preprocessed/audio/KL_n22.wav,KL_n22.wav,2004,test,0,neutral,0,neutral,0.892711877822876
/Users/prarthanapatel/Desktop/Himanshi/speech_emotion_detection-develop-v2/savee_preprocessed/audio/KL_n23.wav,KL_n23.wav,2004,test,0,neutral,0,neutral,0.9687384963035583
/Users/prarthanapatel/Desktop/Himanshi/speech_emotion_detection-develop-v2/savee_preprocessed/audio/KL_n24.wav,KL_n24.wav,2004,test,0,neutral,0,neutral,0.8953456282615662
/Users/prarthanapatel/Desktop/Himanshi/speech_emotion_detection-develop-v2/savee_preprocessed/audio/KL_n25.wav,KL_n25.wav,2004,test,0,neutral,0,neutral,0.8733999133110046
/Users/prarthanapatel/Desktop/Himanshi/speech_emotion_detection-develop-v2/savee_preprocessed/audio/KL_n26.wav,KL_n26.wav,2004,test,0,neutral,0,neutral,0.9400389790534973
/Users/prarthanapatel/Desktop/Himanshi/speech_emotion_detection-develop-v2/savee_preprocessed/audio/KL_n27.wav,KL_n27.wav,2004,test,0,neutral,0,neutral,0.6354205012321472
/Users/prarthanapatel/Desktop/Himanshi/speech_emotion_detection-develop-v2/savee_preprocessed/audio/KL_n28.wav,KL_n28.wav,2004,test,0,neutral,0,neutral,0.8327103853225708
/Users/prarthanapatel/Desktop/Himanshi/speech_emotion_detection-develop-v2/savee_preprocessed/audio/KL_n29.wav,KL_n29.wav,2004,test,0,neutral,0,neutral,0.9644644260406494
/Users/prarthanapatel/Desktop/Himanshi/speech_emotion_detection-develop-v2/savee_preprocessed/audio/KL_n30.wav,KL_n30.wav,2004,test,0,neutral,0,neutral,0.9077978730201721
/Users/prarthanapatel/Desktop/Himanshi/speech_emotion_detection-develop-v2/savee_preprocessed/audio/KL_sa01.wav,KL_sa01.wav,2004,test,2,sad,2,sad,0.6349478960037231
/Users/prarthanapatel/Desktop/Himanshi/speech_emotion_detection-develop-v2/savee_preprocessed/audio/KL_sa02.wav,KL_sa02.wav,2004,test,2,sad,0,neutral,0.4916805922985077
/Users/prarthanapatel/Desktop/Himanshi/speech_emotion_detection-develop-v2/savee_preprocessed/audio/KL_sa03.wav,KL_sa03.wav,2004,test,2,sad,1,happy,0.5007860064506531
/Users/prarthanapatel/Desktop/Himanshi/speech_emotion_detection-develop-v2/savee_preprocessed/audio/KL_sa04.wav,KL_sa04.wav,2004,test,2,sad,0,neutral,0.6462096571922302
/Users/prarthanapatel/Desktop/Himanshi/speech_emotion_detection-develop-v2/savee_preprocessed/audio/KL_sa05.wav,KL_sa05.wav,2004,test,2,sad,0,neutral,0.574627161026001
/Users/prarthanapatel/Desktop/Himanshi/speech_emotion_detection-develop-v2/savee_preprocessed/audio/KL_sa06.wav,KL_sa06.wav,2004,test,2,sad,0,neutral,0.7424783110618591
/Users/prarthanapatel/Desktop/Himanshi/speech_emotion_detection-develop-v2/savee_preprocessed/audio/KL_sa07.wav,KL_sa07.wav,2004,test,2,sad,0,neutral,0.4550972878932953
/Users/prarthanapatel/Desktop/Himanshi/speech_emotion_detection-develop-v2/savee_preprocessed/audio/KL_sa08.wav,KL_sa08.wav,2004,test,2,sad,0,neutral,0.7059108018875122
/Users/prarthanapatel/Desktop/Himanshi/speech_emotion_detection-develop-v2/savee_preprocessed/audio/KL_sa09.wav,KL_sa09.wav,2004,test,2,sad,5,disgust,0.31031545996665955
/Users/prarthanapatel/Desktop/Himanshi/speech_emotion_detection-develop-v2/savee_preprocessed/audio/KL_sa10.wav,KL_sa10.wav,2004,test,2,sad,0,neutral,0.3770790696144104
/Users/prarthanapatel/Desktop/Himanshi/speech_emotion_detection-develop-v2/savee_preprocessed/audio/KL_sa11.wav,KL_sa11.wav,2004,test,2,sad,0,neutral,0.6508694291114807
/Users/prarthanapatel/Desktop/Himanshi/speech_emotion_detection-develop-v2/savee_preprocessed/audio/KL_sa12.wav,KL_sa12.wav,2004,test,2,sad,0,neutral,0.498739093542099
/Users/prarthanapatel/Desktop/Himanshi/speech_emotion_detection-develop-v2/savee_preprocessed/audio/KL_sa13.wav,KL_sa13.wav,2004,test,2,sad,0,neutral,0.33723798394203186
/Users/prarthanapatel/Desktop/Himanshi/speech_emotion_detection-develop-v2/savee_preprocessed/audio/KL_sa14.wav,KL_sa14.wav,2004,test,2,sad,0,neutral,0.5841521620750427
/Users/prarthanapatel/Desktop/Himanshi/speech_emotion_detection-develop-v2/savee_preprocessed/audio/KL_sa15.wav,KL_sa15.wav,2004,test,2,sad,0,neutral,0.7766959071159363
/Users/prarthanapatel/Desktop/Himanshi/speech_emotion_detection-develop-v2/tess_preprocessed/audio/OAF_bar_fear.wav,OAF_bar_fear.wav,3001,test,4,fear,4,fear,0.3862021863460541
/Users/prarthanapatel/Desktop/Himanshi/speech_emotion_detection-develop-v2/tess_preprocessed/audio/OAF_came_fear.wav,OAF_came_fear.wav,3001,test,4,fear,1,happy,0.7854294776916504
/Users/prarthanapatel/Desktop/Himanshi/speech_emotion_detection-develop-v2/tess_preprocessed/audio/OAF_check_fear.wav,OAF_check_fear.wav,3001,test,4,fear,1,happy,0.8308431506156921
/Users/prarthanapatel/Desktop/Himanshi/speech_emotion_detection-develop-v2/tess_preprocessed/audio/OAF_cheek_fear.wav,OAF_cheek_fear.wav,3001,test,4,fear,4,fear,0.5913737416267395
/Users/prarthanapatel/Desktop/Himanshi/speech_emotion_detection-develop-v2/tess_preprocessed/audio/OAF_fail_fear.wav,OAF_fail_fear.wav,3001,test,4,fear,1,happy,0.5670477747917175
/Users/prarthanapatel/Desktop/Himanshi/speech_emotion_detection-develop-v2/tess_preprocessed/audio/OAF_get_fear.wav,OAF_get_fear.wav,3001,test,4,fear,1,happy,0.8904390335083008
/Users/prarthanapatel/Desktop/Himanshi/speech_emotion_detection-develop-v2/tess_preprocessed/audio/OAF_goose_fear.wav,OAF_goose_fear.wav,3001,test,4,fear,4,fear,0.5390548706054688
/Users/prarthanapatel/Desktop/Himanshi/speech_emotion_detection-develop-v2/tess_preprocessed/audio/OAF_hate_fear.wav,OAF_hate_fear.wav,3001,test,4,fear,1,happy,0.7195178270339966
/Users/prarthanapatel/Desktop/Himanshi/speech_emotion_detection-develop-v2/tess_preprocessed/audio/OAF_juice_fear.wav,OAF_juice_fear.wav,3001,test,4,fear,5,disgust,0.4462452828884125
/Users/prarthanapatel/Desktop/Himanshi/speech_emotion_detection-develop-v2/tess_preprocessed/audio/OAF_keg_fear.wav,OAF_keg_fear.wav,3001,test,4,fear,1,happy,0.7531948089599609
/Users/prarthanapatel/Desktop/Himanshi/speech_emotion_detection-develop-v2/tess_preprocessed/audio/OAF_limb_fear.wav,OAF_limb_fear.wav,3001,test,4,fear,4,fear,0.7068573832511902
/Users/prarthanapatel/Desktop/Himanshi/speech_emotion_detection-develop-v2/tess_preprocessed/audio/OAF_live_fear.wav,OAF_live_fear.wav,3001,test,4,fear,1,happy,0.46021953225135803
/Users/prarthanapatel/Desktop/Himanshi/speech_emotion_detection-develop-v2/tess_preprocessed/audio/OAF_lose_fear.wav,OAF_lose_fear.wav,3001,test,4,fear,1,happy,0.6861932277679443
/Users/prarthanapatel/Desktop/Himanshi/speech_emotion_detection-develop-v2/tess_preprocessed/audio/OAF_mess_fear.wav,OAF_mess_fear.wav,3001,test,4,fear,4,fear,0.31540536880493164
/Users/prarthanapatel/Desktop/Himanshi/speech_emotion_detection-develop-v2/tess_preprocessed/audio/OAF_mob_fear.wav,OAF_mob_fear.wav,3001,test,4,fear,5,disgust,0.7873095273971558
/Users/prarthanapatel/Desktop/Himanshi/speech_emotion_detection-develop-v2/tess_preprocessed/audio/OAF_mode_fear.wav,OAF_mode_fear.wav,3001,test,4,fear,4,fear,0.392087459564209
/Users/prarthanapatel/Desktop/Himanshi/speech_emotion_detection-develop-v2/tess_preprocessed/audio/OAF_mop_fear.wav,OAF_mop_fear.wav,3001,test,4,fear,3,angry,0.7676048278808594
/Users/prarthanapatel/Desktop/Himanshi/speech_emotion_detection-develop-v2/tess_preprocessed/audio/OAF_page_fear.wav,OAF_page_fear.wav,3001,test,4,fear,1,happy,0.8442856669425964
/Users/prarthanapatel/Desktop/Himanshi/speech_emotion_detection-develop-v2/tess_preprocessed/audio/OAF_perch_fear.wav,OAF_perch_fear.wav,3001,test,4,fear,4,fear,0.4823745787143707
/Users/prarthanapatel/Desktop/Himanshi/speech_emotion_detection-develop-v2/tess_preprocessed/audio/OAF_raid_fear.wav,OAF_raid_fear.wav,3001,test,4,fear,3,angry,0.5448482632637024
/Users/prarthanapatel/Desktop/Himanshi/speech_emotion_detection-develop-v2/tess_preprocessed/audio/OAF_rain_fear.wav,OAF_rain_fear.wav,3001,test,4,fear,3,angry,0.6474251747131348
/Users/prarthanapatel/Desktop/Himanshi/speech_emotion_detection-develop-v2/tess_preprocessed/audio/OAF_shack_fear.wav,OAF_shack_fear.wav,3001,test,4,fear,3,angry,0.46253710985183716
/Users/prarthanapatel/Desktop/Himanshi/speech_emotion_detection-develop-v2/tess_preprocessed/audio/OAF_shawl_fear.wav,OAF_shawl_fear.wav,3001,test,4,fear,3,angry,0.6657018065452576
/Users/prarthanapatel/Desktop/Himanshi/speech_emotion_detection-develop-v2/tess_preprocessed/audio/OAF_soap_fear.wav,OAF_soap_fear.wav,3001,test,4,fear,1,happy,0.544471025466919
/Users/prarthanapatel/Desktop/Himanshi/speech_emotion_detection-develop-v2/tess_preprocessed/audio/OAF_south_fear.wav,OAF_south_fear.wav,3001,test,4,fear,1,happy,0.40105029940605164
/Users/prarthanapatel/Desktop/Himanshi/speech_emotion_detection-develop-v2/tess_preprocessed/audio/OAF_turn_fear.wav,OAF_turn_fear.wav,3001,test,4,fear,4,fear,0.4585362374782562
/Users/prarthanapatel/Desktop/Himanshi/speech_emotion_detection-develop-v2/tess_preprocessed/audio/OAF_wheat_fear.wav,OAF_wheat_fear.wav,3001,test,4,fear,4,fear,0.8956849575042725
/Users/prarthanapatel/Desktop/Himanshi/speech_emotion_detection-develop-v2/tess_preprocessed/audio/OAF_white_fear.wav,OAF_white_fear.wav,3001,test,4,fear,4,fear,0.7820568084716797
/Users/prarthanapatel/Desktop/Himanshi/speech_emotion_detection-develop-v2/tess_preprocessed/audio/OAF_wife_fear.wav,OAF_wife_fear.wav,3001,test,4,fear,4,fear,0.42725205421447754
/Users/prarthanapatel/Desktop/Himanshi/speech_emotion_detection-develop-v2/tess_preprocessed/audio/OAF_youth_fear.wav,OAF_youth_fear.wav,3001,test,4,fear,4,fear,0.4730835556983948
/Users/prarthanapatel/Desktop/Himanshi/speech_emotion_detection-develop-v2/tess_preprocessed/audio/OAF_bar_sad.wav,OAF_bar_sad.wav,3001,test,2,sad,5,disgust,0.8621546626091003
/Users/prarthanapatel/Desktop/Himanshi/speech_emotion_detection-develop-v2/tess_preprocessed/audio/OAF_came_sad.wav,OAF_came_sad.wav,3001,test,2,sad,5,disgust,0.8771030306816101
/Users/prarthanapatel/Desktop/Himanshi/speech_emotion_detection-develop-v2/tess_preprocessed/audio/OAF_check_sad.wav,OAF_check_sad.wav,3001,test,2,sad,5,disgust,0.7209548354148865
/Users/prarthanapatel/Desktop/Himanshi/speech_emotion_detection-develop-v2/tess_preprocessed/audio/OAF_cheek_sad.wav,OAF_cheek_sad.wav,3001,test,2,sad,5,disgust,0.8117192387580872
/Users/prarthanapatel/Desktop/Himanshi/speech_emotion_detection-develop-v2/tess_preprocessed/audio/OAF_fail_sad.wav,OAF_fail_sad.wav,3001,test,2,sad,5,disgust,0.7898110151290894
/Users/prarthanapatel/Desktop/Himanshi/speech_emotion_detection-develop-v2/tess_preprocessed/audio/OAF_get_sad.wav,OAF_get_sad.wav,3001,test,2,sad,5,disgust,0.9124494791030884
/Users/prarthanapatel/Desktop/Himanshi/speech_emotion_detection-develop-v2/tess_preprocessed/audio/OAF_goose_sad.wav,OAF_goose_sad.wav,3001,test,2,sad,5,disgust,0.7513236999511719
/Users/prarthanapatel/Desktop/Himanshi/speech_emotion_detection-develop-v2/tess_preprocessed/audio/OAF_hate_sad.wav,OAF_hate_sad.wav,3001,test,2,sad,5,disgust,0.6407927870750427
/Users/prarthanapatel/Desktop/Himanshi/speech_emotion_detection-develop-v2/tess_preprocessed/audio/OAF_juice_sad.wav,OAF_juice_sad.wav,3001,test,2,sad,3,angry,0.4105238914489746
/Users/prarthanapatel/Desktop/Himanshi/speech_emotion_detection-develop-v2/tess_preprocessed/audio/OAF_keg_sad.wav,OAF_keg_sad.wav,3001,test,2,sad,5,disgust,0.673125684261322
/Users/prarthanapatel/Desktop/Himanshi/speech_emotion_detection-develop-v2/tess_preprocessed/audio/OAF_limb_sad.wav,OAF_limb_sad.wav,3001,test,2,sad,5,disgust,0.6357059478759766
/Users/prarthanapatel/Desktop/Himanshi/speech_emotion_detection-develop-v2/tess_preprocessed/audio/OAF_live_sad.wav,OAF_live_sad.wav,3001,test,2,sad,5,disgust,0.7702077031135559
/Users/prarthanapatel/Desktop/Himanshi/speech_emotion_detection-develop-v2/tess_preprocessed/audio/OAF_lose_sad.wav,OAF_lose_sad.wav,3001,test,2,sad,5,disgust,0.5610676407814026
/Users/prarthanapatel/Desktop/Himanshi/speech_emotion_detection-develop-v2/tess_preprocessed/audio/OAF_mess_sad.wav,OAF_mess_sad.wav,3001,test,2,sad,5,disgust,0.8049710392951965
/Users/prarthanapatel/Desktop/Himanshi/speech_emotion_detection-develop-v2/tess_preprocessed/audio/OAF_mob_sad.wav,OAF_mob_sad.wav,3001,test,2,sad,5,disgust,0.8455706834793091
/Users/prarthanapatel/Desktop/Himanshi/speech_emotion_detection-develop-v2/tess_preprocessed/audio/OAF_mode_sad.wav,OAF_mode_sad.wav,3001,test,2,sad,5,disgust,0.7559482455253601
/Users/prarthanapatel/Desktop/Himanshi/speech_emotion_detection-develop-v2/tess_preprocessed/audio/OAF_mop_sad.wav,OAF_mop_sad.wav,3001,test,2,sad,5,disgust,0.6875431537628174
/Users/prarthanapatel/Desktop/Himanshi/speech_emotion_detection-develop-v2/tess_preprocessed/audio/OAF_page_sad.wav,OAF_page_sad.wav,3001,test,2,sad,5,disgust,0.624367356300354
/Users/prarthanapatel/Desktop/Himanshi/speech_emotion_detection-develop-v2/tess_preprocessed/audio/OAF_perch_sad.wav,OAF_perch_sad.wav,3001,test,2,sad,5,disgust,0.8829759359359741
/Users/prarthanapatel/Desktop/Himanshi/speech_emotion_detection-develop-v2/tess_preprocessed/audio/OAF_raid_sad.wav,OAF_raid_sad.wav,3001,test,2,sad,5,disgust,0.40155935287475586
/Users/prarthanapatel/Desktop/Himanshi/speech_emotion_detection-develop-v2/tess_preprocessed/audio/OAF_rain_sad.wav,OAF_rain_sad.wav,3001,test,2,sad,5,disgust,0.4685601592063904
/Users/prarthanapatel/Desktop/Himanshi/speech_emotion_detection-develop-v2/tess_preprocessed/audio/OAF_shack_sad.wav,OAF_shack_sad.wav,3001,test,2,sad,5,disgust,0.6738068461418152
/Users/prarthanapatel/Desktop/Himanshi/speech_emotion_detection-develop-v2/tess_preprocessed/audio/OAF_shawl_sad.wav,OAF_shawl_sad.wav,3001,test,2,sad,5,disgust,0.7844899892807007
/Users/prarthanapatel/Desktop/Himanshi/speech_emotion_detection-develop-v2/tess_preprocessed/audio/OAF_soap_sad.wav,OAF_soap_sad.wav,3001,test,2,sad,3,angry,0.39023730158805847
/Users/prarthanapatel/Desktop/Himanshi/speech_emotion_detection-develop-v2/tess_preprocessed/audio/OAF_south_sad.wav,OAF_south_sad.wav,3001,test,2,sad,5,disgust,0.5436301827430725
/Users/prarthanapatel/Desktop/Himanshi/speech_emotion_detection-develop-v2/tess_preprocessed/audio/OAF_turn_sad.wav,OAF_turn_sad.wav,3001,test,2,sad,5,disgust,0.8036276698112488
/Users/prarthanapatel/Desktop/Himanshi/speech_emotion_detection-develop-v2/tess_preprocessed/audio/OAF_wheat_sad.wav,OAF_wheat_sad.wav,3001,test,2,sad,5,disgust,0.776125967502594
/Users/prarthanapatel/Desktop/Himanshi/speech_emotion_detection-develop-v2/tess_preprocessed/audio/OAF_white_sad.wav,OAF_white_sad.wav,3001,test,2,sad,5,disgust,0.834311306476593
/Users/prarthanapatel/Desktop/Himanshi/speech_emotion_detection-develop-v2/tess_preprocessed/audio/OAF_wife_sad.wav,OAF_wife_sad.wav,3001,test,2,sad,5,disgust,0.8140053749084473
/Users/prarthanapatel/Desktop/Himanshi/speech_emotion_detection-develop-v2/tess_preprocessed/audio/OAF_youth_sad.wav,OAF_youth_sad.wav,3001,test,2,sad,5,disgust,0.7483495473861694
/Users/prarthanapatel/Desktop/Himanshi/speech_emotion_detection-develop-v2/tess_preprocessed/audio/OAF_bar_angry.wav,OAF_bar_angry.wav,3001,test,3,angry,3,angry,0.9103125929832458
/Users/prarthanapatel/Desktop/Himanshi/speech_emotion_detection-develop-v2/tess_preprocessed/audio/OAF_came_angry.wav,OAF_came_angry.wav,3001,test,3,angry,3,angry,0.4778299033641815
/Users/prarthanapatel/Desktop/Himanshi/speech_emotion_detection-develop-v2/tess_preprocessed/audio/OAF_check_angry.wav,OAF_check_angry.wav,3001,test,3,angry,3,angry,0.6775214672088623
/Users/prarthanapatel/Desktop/Himanshi/speech_emotion_detection-develop-v2/tess_preprocessed/audio/OAF_cheek_angry.wav,OAF_cheek_angry.wav,3001,test,3,angry,5,disgust,0.6400742530822754
/Users/prarthanapatel/Desktop/Himanshi/speech_emotion_detection-develop-v2/tess_preprocessed/audio/OAF_fail_angry.wav,OAF_fail_angry.wav,3001,test,3,angry,3,angry,0.9407292604446411
/Users/prarthanapatel/Desktop/Himanshi/speech_emotion_detection-develop-v2/tess_preprocessed/audio/OAF_get_angry.wav,OAF_get_angry.wav,3001,test,3,angry,5,disgust,0.5633635520935059
/Users/prarthanapatel/Desktop/Himanshi/speech_emotion_detection-develop-v2/tess_preprocessed/audio/OAF_goose_angry.wav,OAF_goose_angry.wav,3001,test,3,angry,5,disgust,0.45280706882476807
/Users/prarthanapatel/Desktop/Himanshi/speech_emotion_detection-develop-v2/tess_preprocessed/audio/OAF_hate_angry.wav,OAF_hate_angry.wav,3001,test,3,angry,5,disgust,0.6099323630332947
/Users/prarthanapatel/Desktop/Himanshi/speech_emotion_detection-develop-v2/tess_preprocessed/audio/OAF_juice_angry.wav,OAF_juice_angry.wav,3001,test,3,angry,3,angry,0.6498441696166992
/Users/prarthanapatel/Desktop/Himanshi/speech_emotion_detection-develop-v2/tess_preprocessed/audio/OAF_keg_angry.wav,OAF_keg_angry.wav,3001,test,3,angry,5,disgust,0.8859554529190063
/Users/prarthanapatel/Desktop/Himanshi/speech_emotion_detection-develop-v2/tess_preprocessed/audio/OAF_limb_angry.wav,OAF_limb_angry.wav,3001,test,3,angry,3,angry,0.547236442565918
/Users/prarthanapatel/Desktop/Himanshi/speech_emotion_detection-develop-v2/tess_preprocessed/audio/OAF_live_angry.wav,OAF_live_angry.wav,3001,test,3,angry,3,angry,0.8319123983383179
/Users/prarthanapatel/Desktop/Himanshi/speech_emotion_detection-develop-v2/tess_preprocessed/audio/OAF_lose_angry.wav,OAF_lose_angry.wav,3001,test,3,angry,3,angry,0.6661221385002136
/Users/prarthanapatel/Desktop/Himanshi/speech_emotion_detection-develop-v2/tess_preprocessed/audio/OAF_mess_angry.wav,OAF_mess_angry.wav,3001,test,3,angry,3,angry,0.883546769618988
/Users/prarthanapatel/Desktop/Himanshi/speech_emotion_detection-develop-v2/tess_preprocessed/audio/OAF_mob_angry.wav,OAF_mob_angry.wav,3001,test,3,angry,3,angry,0.4347653090953827
/Users/prarthanapatel/Desktop/Himanshi/speech_emotion_detection-develop-v2/tess_preprocessed/audio/OAF_mode_angry.wav,OAF_mode_angry.wav,3001,test,3,angry,3,angry,0.8407974243164062
/Users/prarthanapatel/Desktop/Himanshi/speech_emotion_detection-develop-v2/tess_preprocessed/audio/OAF_mop_angry.wav,OAF_mop_angry.wav,3001,test,3,angry,3,angry,0.925688624382019
/Users/prarthanapatel/Desktop/Himanshi/speech_emotion_detection-develop-v2/tess_preprocessed/audio/OAF_page_angry.wav,OAF_page_angry.wav,3001,test,3,angry,5,disgust,0.671556293964386
/Users/prarthanapatel/Desktop/Himanshi/speech_emotion_detection-develop-v2/tess_preprocessed/audio/OAF_perch_angry.wav,OAF_perch_angry.wav,3001,test,3,angry,5,disgust,0.47612470388412476
/Users/prarthanapatel/Desktop/Himanshi/speech_emotion_detection-develop-v2/tess_preprocessed/audio/OAF_raid_angry.wav,OAF_raid_angry.wav,3001,test,3,angry,5,disgust,0.35199081897735596
/Users/prarthanapatel/Desktop/Himanshi/speech_emotion_detection-develop-v2/tess_preprocessed/audio/OAF_rain_angry.wav,OAF_rain_angry.wav,3001,test,3,angry,3,angry,0.8681676387786865
/Users/prarthanapatel/Desktop/Himanshi/speech_emotion_detection-develop-v2/tess_preprocessed/audio/OAF_shack_angry.wav,OAF_shack_angry.wav,3001,test,3,angry,3,angry,0.9586248993873596
/Users/prarthanapatel/Desktop/Himanshi/speech_emotion_detection-develop-v2/tess_preprocessed/audio/OAF_shawl_angry.wav,OAF_shawl_angry.wav,3001,test,3,angry,3,angry,0.9555932879447937
/Users/prarthanapatel/Desktop/Himanshi/speech_emotion_detection-develop-v2/tess_preprocessed/audio/OAF_soap_angry.wav,OAF_soap_angry.wav,3001,test,3,angry,3,angry,0.8747269511222839
/Users/prarthanapatel/Desktop/Himanshi/speech_emotion_detection-develop-v2/tess_preprocessed/audio/OAF_south_angry.wav,OAF_south_angry.wav,3001,test,3,angry,3,angry,0.9533382058143616
/Users/prarthanapatel/Desktop/Himanshi/speech_emotion_detection-develop-v2/tess_preprocessed/audio/OAF_turn_angry.wav,OAF_turn_angry.wav,3001,test,3,angry,3,angry,0.8827461004257202
/Users/prarthanapatel/Desktop/Himanshi/speech_emotion_detection-develop-v2/tess_preprocessed/audio/OAF_wheat_angry.wav,OAF_wheat_angry.wav,3001,test,3,angry,3,angry,0.7300764322280884
/Users/prarthanapatel/Desktop/Himanshi/speech_emotion_detection-develop-v2/tess_preprocessed/audio/OAF_white_angry.wav,OAF_white_angry.wav,3001,test,3,angry,3,angry,0.9294033646583557
/Users/prarthanapatel/Desktop/Himanshi/speech_emotion_detection-develop-v2/tess_preprocessed/audio/OAF_wife_angry.wav,OAF_wife_angry.wav,3001,test,3,angry,5,disgust,0.4842277765274048
/Users/prarthanapatel/Desktop/Himanshi/speech_emotion_detection-develop-v2/tess_preprocessed/audio/OAF_youth_angry.wav,OAF_youth_angry.wav,3001,test,3,angry,5,disgust,0.49427127838134766
/Users/prarthanapatel/Desktop/Himanshi/speech_emotion_detection-develop-v2/tess_preprocessed/audio/OAF_bar_disgust.wav,OAF_bar_disgust.wav,3001,test,5,disgust,5,disgust,0.941946268081665
/Users/prarthanapatel/Desktop/Himanshi/speech_emotion_detection-develop-v2/tess_preprocessed/audio/OAF_came_disgust.wav,OAF_came_disgust.wav,3001,test,5,disgust,5,disgust,0.6367508172988892
/Users/prarthanapatel/Desktop/Himanshi/speech_emotion_detection-develop-v2/tess_preprocessed/audio/OAF_check_disgust.wav,OAF_check_disgust.wav,3001,test,5,disgust,5,disgust,0.8063004612922668
/Users/prarthanapatel/Desktop/Himanshi/speech_emotion_detection-develop-v2/tess_preprocessed/audio/OAF_cheek_disgust.wav,OAF_cheek_disgust.wav,3001,test,5,disgust,3,angry,0.6406210660934448
/Users/prarthanapatel/Desktop/Himanshi/speech_emotion_detection-develop-v2/tess_preprocessed/audio/OAF_fail_disgust.wav,OAF_fail_disgust.wav,3001,test,5,disgust,5,disgust,0.8691999912261963
/Users/prarthanapatel/Desktop/Himanshi/speech_emotion_detection-develop-v2/tess_preprocessed/audio/OAF_get_disgust.wav,OAF_get_disgust.wav,3001,test,5,disgust,5,disgust,0.6854848861694336
/Users/prarthanapatel/Desktop/Himanshi/speech_emotion_detection-develop-v2/tess_preprocessed/audio/OAF_goose_disgust.wav,OAF_goose_disgust.wav,3001,test,5,disgust,5,disgust,0.8194437623023987
/Users/prarthanapatel/Desktop/Himanshi/speech_emotion_detection-develop-v2/tess_preprocessed/audio/OAF_hate_disgust.wav,OAF_hate_disgust.wav,3001,test,5,disgust,5,disgust,0.9288109540939331
/Users/prarthanapatel/Desktop/Himanshi/speech_emotion_detection-develop-v2/tess_preprocessed/audio/OAF_juice_disgust.wav,OAF_juice_disgust.wav,3001,test,5,disgust,3,angry,0.6631320714950562
/Users/prarthanapatel/Desktop/Himanshi/speech_emotion_detection-develop-v2/tess_preprocessed/audio/OAF_keg_disgust.wav,OAF_keg_disgust.wav,3001,test,5,disgust,5,disgust,0.8879227042198181
/Users/prarthanapatel/Desktop/Himanshi/speech_emotion_detection-develop-v2/tess_preprocessed/audio/OAF_limb_disgust.wav,OAF_limb_disgust.wav,3001,test,5,disgust,5,disgust,0.9364576935768127
/Users/prarthanapatel/Desktop/Himanshi/speech_emotion_detection-develop-v2/tess_preprocessed/audio/OAF_live_disgust.wav,OAF_live_disgust.wav,3001,test,5,disgust,5,disgust,0.9484853148460388
/Users/prarthanapatel/Desktop/Himanshi/speech_emotion_detection-develop-v2/tess_preprocessed/audio/OAF_lose_disgust.wav,OAF_lose_disgust.wav,3001,test,5,disgust,5,disgust,0.5346139073371887
/Users/prarthanapatel/Desktop/Himanshi/speech_emotion_detection-develop-v2/tess_preprocessed/audio/OAF_mess_disgust.wav,OAF_mess_disgust.wav,3001,test,5,disgust,5,disgust,0.9038170576095581
/Users/prarthanapatel/Desktop/Himanshi/speech_emotion_detection-develop-v2/tess_preprocessed/audio/OAF_mob_disgust.wav,OAF_mob_disgust.wav,3001,test,5,disgust,5,disgust,0.7479386925697327
/Users/prarthanapatel/Desktop/Himanshi/speech_emotion_detection-develop-v2/tess_preprocessed/audio/OAF_mode_disgust.wav,OAF_mode_disgust.wav,3001,test,5,disgust,5,disgust,0.928148090839386
/Users/prarthanapatel/Desktop/Himanshi/speech_emotion_detection-develop-v2/tess_preprocessed/audio/OAF_mop_disgust.wav,OAF_mop_disgust.wav,3001,test,5,disgust,5,disgust,0.8863341808319092
/Users/prarthanapatel/Desktop/Himanshi/speech_emotion_detection-develop-v2/tess_preprocessed/audio/OAF_page_disgust.wav,OAF_page_disgust.wav,3001,test,5,disgust,5,disgust,0.6975849866867065
/Users/prarthanapatel/Desktop/Himanshi/speech_emotion_detection-develop-v2/tess_preprocessed/audio/OAF_perch_disgust.wav,OAF_perch_disgust.wav,3001,test,5,disgust,5,disgust,0.8521536588668823
/Users/prarthanapatel/Desktop/Himanshi/speech_emotion_detection-develop-v2/tess_preprocessed/audio/OAF_raid_disgust.wav,OAF_raid_disgust.wav,3001,test,5,disgust,5,disgust,0.9138426780700684
/Users/prarthanapatel/Desktop/Himanshi/speech_emotion_detection-develop-v2/tess_preprocessed/audio/OAF_rain_disgust.wav,OAF_rain_disgust.wav,3001,test,5,disgust,5,disgust,0.6892645955085754
/Users/prarthanapatel/Desktop/Himanshi/speech_emotion_detection-develop-v2/tess_preprocessed/audio/OAF_shack_disgust.wav,OAF_shack_disgust.wav,3001,test,5,disgust,5,disgust,0.7389684915542603
/Users/prarthanapatel/Desktop/Himanshi/speech_emotion_detection-develop-v2/tess_preprocessed/audio/OAF_shawl_disgust.wav,OAF_shawl_disgust.wav,3001,test,5,disgust,5,disgust,0.809982419013977
/Users/prarthanapatel/Desktop/Himanshi/speech_emotion_detection-develop-v2/tess_preprocessed/audio/OAF_soap_disgust.wav,OAF_soap_disgust.wav,3001,test,5,disgust,5,disgust,0.7933663129806519
/Users/prarthanapatel/Desktop/Himanshi/speech_emotion_detection-develop-v2/tess_preprocessed/audio/OAF_south_disgust.wav,OAF_south_disgust.wav,3001,test,5,disgust,5,disgust,0.9115402698516846
/Users/prarthanapatel/Desktop/Himanshi/speech_emotion_detection-develop-v2/tess_preprocessed/audio/OAF_turn_disgust.wav,OAF_turn_disgust.wav,3001,test,5,disgust,5,disgust,0.7840585112571716
/Users/prarthanapatel/Desktop/Himanshi/speech_emotion_detection-develop-v2/tess_preprocessed/audio/OAF_wheat_disgust.wav,OAF_wheat_disgust.wav,3001,test,5,disgust,3,angry,0.5318362712860107
/Users/prarthanapatel/Desktop/Himanshi/speech_emotion_detection-develop-v2/tess_preprocessed/audio/OAF_white_disgust.wav,OAF_white_disgust.wav,3001,test,5,disgust,3,angry,0.683488667011261
/Users/prarthanapatel/Desktop/Himanshi/speech_emotion_detection-develop-v2/tess_preprocessed/audio/OAF_wife_disgust.wav,OAF_wife_disgust.wav,3001,test,5,disgust,5,disgust,0.9390429854393005
/Users/prarthanapatel/Desktop/Himanshi/speech_emotion_detection-develop-v2/tess_preprocessed/audio/OAF_youth_disgust.wav,OAF_youth_disgust.wav,3001,test,5,disgust,5,disgust,0.9235718250274658
/Users/prarthanapatel/Desktop/Himanshi/speech_emotion_detection-develop-v2/tess_preprocessed/audio/OAF_bar_happy.wav,OAF_bar_happy.wav,3001,test,1,happy,5,disgust,0.49260076880455017
/Users/prarthanapatel/Desktop/Himanshi/speech_emotion_detection-develop-v2/tess_preprocessed/audio/OAF_came_happy.wav,OAF_came_happy.wav,3001,test,1,happy,1,happy,0.6720201969146729
/Users/prarthanapatel/Desktop/Himanshi/speech_emotion_detection-develop-v2/tess_preprocessed/audio/OAF_check_happy.wav,OAF_check_happy.wav,3001,test,1,happy,5,disgust,0.684670627117157
/Users/prarthanapatel/Desktop/Himanshi/speech_emotion_detection-develop-v2/tess_preprocessed/audio/OAF_cheek_happy.wav,OAF_cheek_happy.wav,3001,test,1,happy,1,happy,0.35631364583969116
/Users/prarthanapatel/Desktop/Himanshi/speech_emotion_detection-develop-v2/tess_preprocessed/audio/OAF_fail_happy.wav,OAF_fail_happy.wav,3001,test,1,happy,1,happy,0.6610443592071533
/Users/prarthanapatel/Desktop/Himanshi/speech_emotion_detection-develop-v2/tess_preprocessed/audio/OAF_get_happy.wav,OAF_get_happy.wav,3001,test,1,happy,1,happy,0.5500558018684387
/Users/prarthanapatel/Desktop/Himanshi/speech_emotion_detection-develop-v2/tess_preprocessed/audio/OAF_goose_happy.wav,OAF_goose_happy.wav,3001,test,1,happy,3,angry,0.5208373665809631
/Users/prarthanapatel/Desktop/Himanshi/speech_emotion_detection-develop-v2/tess_preprocessed/audio/OAF_hate_happy.wav,OAF_hate_happy.wav,3001,test,1,happy,1,happy,0.5633560419082642
/Users/prarthanapatel/Desktop/Himanshi/speech_emotion_detection-develop-v2/tess_preprocessed/audio/OAF_juice_happy.wav,OAF_juice_happy.wav,3001,test,1,happy,1,happy,0.40870201587677
/Users/prarthanapatel/Desktop/Himanshi/speech_emotion_detection-develop-v2/tess_preprocessed/audio/OAF_keg_happy.wav,OAF_keg_happy.wav,3001,test,1,happy,4,fear,0.4424648582935333
/Users/prarthanapatel/Desktop/Himanshi/speech_emotion_detection-develop-v2/tess_preprocessed/audio/OAF_limb_happy.wav,OAF_limb_happy.wav,3001,test,1,happy,1,happy,0.6144945025444031
/Users/prarthanapatel/Desktop/Himanshi/speech_emotion_detection-develop-v2/tess_preprocessed/audio/OAF_live_happy.wav,OAF_live_happy.wav,3001,test,1,happy,1,happy,0.5760075449943542
/Users/prarthanapatel/Desktop/Himanshi/speech_emotion_detection-develop-v2/tess_preprocessed/audio/OAF_lose_happy.wav,OAF_lose_happy.wav,3001,test,1,happy,1,happy,0.8481590151786804
/Users/prarthanapatel/Desktop/Himanshi/speech_emotion_detection-develop-v2/tess_preprocessed/audio/OAF_mess_happy.wav,OAF_mess_happy.wav,3001,test,1,happy,3,angry,0.5223299860954285
/Users/prarthanapatel/Desktop/Himanshi/speech_emotion_detection-develop-v2/tess_preprocessed/audio/OAF_mob_happy.wav,OAF_mob_happy.wav,3001,test,1,happy,3,angry,0.4234605133533478
/Users/prarthanapatel/Desktop/Himanshi/speech_emotion_detection-develop-v2/tess_preprocessed/audio/OAF_mode_happy.wav,OAF_mode_happy.wav,3001,test,1,happy,1,happy,0.34049856662750244
/Users/prarthanapatel/Desktop/Himanshi/speech_emotion_detection-develop-v2/tess_preprocessed/audio/OAF_mop_happy.wav,OAF_mop_happy.wav,3001,test,1,happy,3,angry,0.7945836782455444
/Users/prarthanapatel/Desktop/Himanshi/speech_emotion_detection-develop-v2/tess_preprocessed/audio/OAF_page_happy.wav,OAF_page_happy.wav,3001,test,1,happy,1,happy,0.43049243092536926
/Users/prarthanapatel/Desktop/Himanshi/speech_emotion_detection-develop-v2/tess_preprocessed/audio/OAF_perch_happy.wav,OAF_perch_happy.wav,3001,test,1,happy,4,fear,0.3268708884716034
/Users/prarthanapatel/Desktop/Himanshi/speech_emotion_detection-develop-v2/tess_preprocessed/audio/OAF_raid_happy.wav,OAF_raid_happy.wav,3001,test,1,happy,1,happy,0.3948574364185333
/Users/prarthanapatel/Desktop/Himanshi/speech_emotion_detection-develop-v2/tess_preprocessed/audio/OAF_rain_happy.wav,OAF_rain_happy.wav,3001,test,1,happy,5,disgust,0.6799557209014893
/Users/prarthanapatel/Desktop/Himanshi/speech_emotion_detection-develop-v2/tess_preprocessed/audio/OAF_shack_happy.wav,OAF_shack_happy.wav,3001,test,1,happy,3,angry,0.36749106645584106
/Users/prarthanapatel/Desktop/Himanshi/speech_emotion_detection-develop-v2/tess_preprocessed/audio/OAF_shawl_happy.wav,OAF_shawl_happy.wav,3001,test,1,happy,3,angry,0.8095283508300781
/Users/prarthanapatel/Desktop/Himanshi/speech_emotion_detection-develop-v2/tess_preprocessed/audio/OAF_soap_happy.wav,OAF_soap_happy.wav,3001,test,1,happy,1,happy,0.5295376777648926
/Users/prarthanapatel/Desktop/Himanshi/speech_emotion_detection-develop-v2/tess_preprocessed/audio/OAF_south_happy.wav,OAF_south_happy.wav,3001,test,1,happy,1,happy,0.8680748343467712
/Users/prarthanapatel/Desktop/Himanshi/speech_emotion_detection-develop-v2/tess_preprocessed/audio/OAF_turn_happy.wav,OAF_turn_happy.wav,3001,test,1,happy,1,happy,0.35672664642333984
/Users/prarthanapatel/Desktop/Himanshi/speech_emotion_detection-develop-v2/tess_preprocessed/audio/OAF_wheat_happy.wav,OAF_wheat_happy.wav,3001,test,1,happy,3,angry,0.5718434453010559
/Users/prarthanapatel/Desktop/Himanshi/speech_emotion_detection-develop-v2/tess_preprocessed/audio/OAF_white_happy.wav,OAF_white_happy.wav,3001,test,1,happy,3,angry,0.73618483543396
/Users/prarthanapatel/Desktop/Himanshi/speech_emotion_detection-develop-v2/tess_preprocessed/audio/OAF_wife_happy.wav,OAF_wife_happy.wav,3001,test,1,happy,1,happy,0.5257819294929504
/Users/prarthanapatel/Desktop/Himanshi/speech_emotion_detection-develop-v2/tess_preprocessed/audio/OAF_youth_happy.wav,OAF_youth_happy.wav,3001,test,1,happy,1,happy,0.8100581169128418
/Users/prarthanapatel/Desktop/Himanshi/speech_emotion_detection-develop-v2/tess_preprocessed/audio/OAF_bar_neutral.wav,OAF_bar_neutral.wav,3001,test,0,neutral,5,disgust,0.5311023592948914
/Users/prarthanapatel/Desktop/Himanshi/speech_emotion_detection-develop-v2/tess_preprocessed/audio/OAF_came_neutral.wav,OAF_came_neutral.wav,3001,test,0,neutral,5,disgust,0.32535332441329956
/Users/prarthanapatel/Desktop/Himanshi/speech_emotion_detection-develop-v2/tess_preprocessed/audio/OAF_check_neutral.wav,OAF_check_neutral.wav,3001,test,0,neutral,3,angry,0.5316714644432068
/Users/prarthanapatel/Desktop/Himanshi/speech_emotion_detection-develop-v2/tess_preprocessed/audio/OAF_cheek_neutral.wav,OAF_cheek_neutral.wav,3001,test,0,neutral,3,angry,0.8056546449661255
/Users/prarthanapatel/Desktop/Himanshi/speech_emotion_detection-develop-v2/tess_preprocessed/audio/OAF_fail_neutral.wav,OAF_fail_neutral.wav,3001,test,0,neutral,3,angry,0.4790955185890198
/Users/prarthanapatel/Desktop/Himanshi/speech_emotion_detection-develop-v2/tess_preprocessed/audio/OAF_get_neutral.wav,OAF_get_neutral.wav,3001,test,0,neutral,3,angry,0.815563440322876
/Users/prarthanapatel/Desktop/Himanshi/speech_emotion_detection-develop-v2/tess_preprocessed/audio/OAF_goose_neutral.wav,OAF_goose_neutral.wav,3001,test,0,neutral,3,angry,0.5826459527015686
/Users/prarthanapatel/Desktop/Himanshi/speech_emotion_detection-develop-v2/tess_preprocessed/audio/OAF_hate_neutral.wav,OAF_hate_neutral.wav,3001,test,0,neutral,5,disgust,0.47948163747787476
/Users/prarthanapatel/Desktop/Himanshi/speech_emotion_detection-develop-v2/tess_preprocessed/audio/OAF_juice_neutral.wav,OAF_juice_neutral.wav,3001,test,0,neutral,3,angry,0.7303028702735901
/Users/prarthanapatel/Desktop/Himanshi/speech_emotion_detection-develop-v2/tess_preprocessed/audio/OAF_keg_neutral.wav,OAF_keg_neutral.wav,3001,test,0,neutral,5,disgust,0.6444613337516785
/Users/prarthanapatel/Desktop/Himanshi/speech_emotion_detection-develop-v2/tess_preprocessed/audio/OAF_limb_neutral.wav,OAF_limb_neutral.wav,3001,test,0,neutral,5,disgust,0.41612231731414795
/Users/prarthanapatel/Desktop/Himanshi/speech_emotion_detection-develop-v2/tess_preprocessed/audio/OAF_live_neutral.wav,OAF_live_neutral.wav,3001,test,0,neutral,3,angry,0.616092324256897
/Users/prarthanapatel/Desktop/Himanshi/speech_emotion_detection-develop-v2/tess_preprocessed/audio/OAF_lose_neutral.wav,OAF_lose_neutral.wav,3001,test,0,neutral,3,angry,0.5266233086585999
/Users/prarthanapatel/Desktop/Himanshi/speech_emotion_detection-develop-v2/tess_preprocessed/audio/OAF_mess_neutral.wav,OAF_mess_neutral.wav,3001,test,0,neutral,3,angry,0.6651648283004761
/Users/prarthanapatel/Desktop/Himanshi/speech_emotion_detection-develop-v2/tess_preprocessed/audio/OAF_mob_neutral.wav,OAF_mob_neutral.wav,3001,test,0,neutral,3,angry,0.6195448637008667
/Users/prarthanapatel/Desktop/Himanshi/speech_emotion_detection-develop-v2/tess_preprocessed/audio/OAF_mode_neutral.wav,OAF_mode_neutral.wav,3001,test,0,neutral,5,disgust,0.3914240896701813
/Users/prarthanapatel/Desktop/Himanshi/speech_emotion_detection-develop-v2/tess_preprocessed/audio/OAF_mop_neutral.wav,OAF_mop_neutral.wav,3001,test,0,neutral,3,angry,0.5530580282211304
/Users/prarthanapatel/Desktop/Himanshi/speech_emotion_detection-develop-v2/tess_preprocessed/audio/OAF_page_neutral.wav,OAF_page_neutral.wav,3001,test,0,neutral,3,angry,0.8713827133178711
/Users/prarthanapatel/Desktop/Himanshi/speech_emotion_detection-develop-v2/tess_preprocessed/audio/OAF_perch_neutral.wav,OAF_perch_neutral.wav,3001,test,0,neutral,3,angry,0.5286670923233032
/Users/prarthanapatel/Desktop/Himanshi/speech_emotion_detection-develop-v2/tess_preprocessed/audio/OAF_raid_neutral.wav,OAF_raid_neutral.wav,3001,test,0,neutral,5,disgust,0.4554493725299835
/Users/prarthanapatel/Desktop/Himanshi/speech_emotion_detection-develop-v2/tess_preprocessed/audio/OAF_rain_neutral.wav,OAF_rain_neutral.wav,3001,test,0,neutral,3,angry,0.5869200229644775
/Users/prarthanapatel/Desktop/Himanshi/speech_emotion_detection-develop-v2/tess_preprocessed/audio/OAF_shack_neutral.wav,OAF_shack_neutral.wav,3001,test,0,neutral,3,angry,0.654416024684906
/Users/prarthanapatel/Desktop/Himanshi/speech_emotion_detection-develop-v2/tess_preprocessed/audio/OAF_shawl_neutral.wav,OAF_shawl_neutral.wav,3001,test,0,neutral,3,angry,0.5870788097381592
/Users/prarthanapatel/Desktop/Himanshi/speech_emotion_detection-develop-v2/tess_preprocessed/audio/OAF_soap_neutral.wav,OAF_soap_neutral.wav,3001,test,0,neutral,3,angry,0.42949989438056946
/Users/prarthanapatel/Desktop/Himanshi/speech_emotion_detection-develop-v2/tess_preprocessed/audio/OAF_south_neutral.wav,OAF_south_neutral.wav,3001,test,0,neutral,3,angry,0.6134225726127625
/Users/prarthanapatel/Desktop/Himanshi/speech_emotion_detection-develop-v2/tess_preprocessed/audio/OAF_turn_neutral.wav,OAF_turn_neutral.wav,3001,test,0,neutral,3,angry,0.3422299921512604
/Users/prarthanapatel/Desktop/Himanshi/speech_emotion_detection-develop-v2/tess_preprocessed/audio/OAF_wheat_neutral.wav,OAF_wheat_neutral.wav,3001,test,0,neutral,3,angry,0.8952765464782715
/Users/prarthanapatel/Desktop/Himanshi/speech_emotion_detection-develop-v2/tess_preprocessed/audio/OAF_white_neutral.wav,OAF_white_neutral.wav,3001,test,0,neutral,3,angry,0.72084641456604
/Users/prarthanapatel/Desktop/Himanshi/speech_emotion_detection-develop-v2/tess_preprocessed/audio/OAF_wife_neutral.wav,OAF_wife_neutral.wav,3001,test,0,neutral,3,angry,0.6054438948631287
/Users/prarthanapatel/Desktop/Himanshi/speech_emotion_detection-develop-v2/tess_preprocessed/audio/OAF_youth_neutral.wav,OAF_youth_neutral.wav,3001,test,0,neutral,3,angry,0.5681288242340088
/Users/prarthanapatel/Desktop/Himanshi/speech_emotion_detection-develop-v2/tess_preprocessed/audio/YAF_bar_angry.wav,YAF_bar_angry.wav,3002,test,3,angry,3,angry,0.9481655359268188
/Users/prarthanapatel/Desktop/Himanshi/speech_emotion_detection-develop-v2/tess_preprocessed/audio/YAF_came_angry.wav,YAF_came_angry.wav,3002,test,3,angry,3,angry,0.9730474352836609
/Users/prarthanapatel/Desktop/Himanshi/speech_emotion_detection-develop-v2/tess_preprocessed/audio/YAF_check_angry.wav,YAF_check_angry.wav,3002,test,3,angry,3,angry,0.959121584892273
/Users/prarthanapatel/Desktop/Himanshi/speech_emotion_detection-develop-v2/tess_preprocessed/audio/YAF_cheek_angry.wav,YAF_cheek_angry.wav,3002,test,3,angry,3,angry,0.9656506180763245
/Users/prarthanapatel/Desktop/Himanshi/speech_emotion_detection-develop-v2/tess_preprocessed/audio/YAF_fail_angry.wav,YAF_fail_angry.wav,3002,test,3,angry,3,angry,0.9777361750602722
/Users/prarthanapatel/Desktop/Himanshi/speech_emotion_detection-develop-v2/tess_preprocessed/audio/YAF_get_angry.wav,YAF_get_angry.wav,3002,test,3,angry,3,angry,0.9773823618888855
/Users/prarthanapatel/Desktop/Himanshi/speech_emotion_detection-develop-v2/tess_preprocessed/audio/YAF_goose_angry.wav,YAF_goose_angry.wav,3002,test,3,angry,3,angry,0.9420000314712524
/Users/prarthanapatel/Desktop/Himanshi/speech_emotion_detection-develop-v2/tess_preprocessed/audio/YAF_hate_angry.wav,YAF_hate_angry.wav,3002,test,3,angry,3,angry,0.9634402990341187
/Users/prarthanapatel/Desktop/Himanshi/speech_emotion_detection-develop-v2/tess_preprocessed/audio/YAF_juice_angry.wav,YAF_juice_angry.wav,3002,test,3,angry,3,angry,0.9393227696418762
/Users/prarthanapatel/Desktop/Himanshi/speech_emotion_detection-develop-v2/tess_preprocessed/audio/YAF_keg_angry.wav,YAF_keg_angry.wav,3002,test,3,angry,3,angry,0.9673706889152527
/Users/prarthanapatel/Desktop/Himanshi/speech_emotion_detection-develop-v2/tess_preprocessed/audio/YAF_limb_angry.wav,YAF_limb_angry.wav,3002,test,3,angry,3,angry,0.9784308075904846
/Users/prarthanapatel/Desktop/Himanshi/speech_emotion_detection-develop-v2/tess_preprocessed/audio/YAF_live_angry.wav,YAF_live_angry.wav,3002,test,3,angry,3,angry,0.9060288667678833
/Users/prarthanapatel/Desktop/Himanshi/speech_emotion_detection-develop-v2/tess_preprocessed/audio/YAF_lose_angry.wav,YAF_lose_angry.wav,3002,test,3,angry,3,angry,0.9741089344024658
/Users/prarthanapatel/Desktop/Himanshi/speech_emotion_detection-develop-v2/tess_preprocessed/audio/YAF_mess_angry.wav,YAF_mess_angry.wav,3002,test,3,angry,3,angry,0.977923572063446
/Users/prarthanapatel/Desktop/Himanshi/speech_emotion_detection-develop-v2/tess_preprocessed/audio/YAF_mob_angry.wav,YAF_mob_angry.wav,3002,test,3,angry,3,angry,0.9854454398155212
/Users/prarthanapatel/Desktop/Himanshi/speech_emotion_detection-develop-v2/tess_preprocessed/audio/YAF_mode_angry.wav,YAF_mode_angry.wav,3002,test,3,angry,3,angry,0.9799537658691406
/Users/prarthanapatel/Desktop/Himanshi/speech_emotion_detection-develop-v2/tess_preprocessed/audio/YAF_mop_angry.wav,YAF_mop_angry.wav,3002,test,3,angry,3,angry,0.9529944658279419
/Users/prarthanapatel/Desktop/Himanshi/speech_emotion_detection-develop-v2/tess_preprocessed/audio/YAF_page_angry.wav,YAF_page_angry.wav,3002,test,3,angry,3,angry,0.9695409536361694
/Users/prarthanapatel/Desktop/Himanshi/speech_emotion_detection-develop-v2/tess_preprocessed/audio/YAF_perch_angry.wav,YAF_perch_angry.wav,3002,test,3,angry,3,angry,0.9788811206817627
/Users/prarthanapatel/Desktop/Himanshi/speech_emotion_detection-develop-v2/tess_preprocessed/audio/YAF_raid_angry.wav,YAF_raid_angry.wav,3002,test,3,angry,3,angry,0.9765375852584839
/Users/prarthanapatel/Desktop/Himanshi/speech_emotion_detection-develop-v2/tess_preprocessed/audio/YAF_rain_angry.wav,YAF_rain_angry.wav,3002,test,3,angry,3,angry,0.92828369140625
/Users/prarthanapatel/Desktop/Himanshi/speech_emotion_detection-develop-v2/tess_preprocessed/audio/YAF_shack_angry.wav,YAF_shack_angry.wav,3002,test,3,angry,3,angry,0.9832742810249329
/Users/prarthanapatel/Desktop/Himanshi/speech_emotion_detection-develop-v2/tess_preprocessed/audio/YAF_shawl_angry.wav,YAF_shawl_angry.wav,3002,test,3,angry,3,angry,0.9408698081970215
/Users/prarthanapatel/Desktop/Himanshi/speech_emotion_detection-develop-v2/tess_preprocessed/audio/YAF_soap_angry.wav,YAF_soap_angry.wav,3002,test,3,angry,3,angry,0.9620591998100281
/Users/prarthanapatel/Desktop/Himanshi/speech_emotion_detection-develop-v2/tess_preprocessed/audio/YAF_south_angry.wav,YAF_south_angry.wav,3002,test,3,angry,3,angry,0.9749507904052734
/Users/prarthanapatel/Desktop/Himanshi/speech_emotion_detection-develop-v2/tess_preprocessed/audio/YAF_turn_angry.wav,YAF_turn_angry.wav,3002,test,3,angry,3,angry,0.9796891808509827
/Users/prarthanapatel/Desktop/Himanshi/speech_emotion_detection-develop-v2/tess_preprocessed/audio/YAF_wheat_angry.wav,YAF_wheat_angry.wav,3002,test,3,angry,3,angry,0.9792153835296631
/Users/prarthanapatel/Desktop/Himanshi/speech_emotion_detection-develop-v2/tess_preprocessed/audio/YAF_white_angry.wav,YAF_white_angry.wav,3002,test,3,angry,3,angry,0.9843147397041321
/Users/prarthanapatel/Desktop/Himanshi/speech_emotion_detection-develop-v2/tess_preprocessed/audio/YAF_wife_angry.wav,YAF_wife_angry.wav,3002,test,3,angry,3,angry,0.9814260005950928
/Users/prarthanapatel/Desktop/Himanshi/speech_emotion_detection-develop-v2/tess_preprocessed/audio/YAF_youth_angry.wav,YAF_youth_angry.wav,3002,test,3,angry,3,angry,0.9749436378479004
/Users/prarthanapatel/Desktop/Himanshi/speech_emotion_detection-develop-v2/tess_preprocessed/audio/YAF_bar_disgust.wav,YAF_bar_disgust.wav,3002,test,5,disgust,5,disgust,0.9333707690238953
/Users/prarthanapatel/Desktop/Himanshi/speech_emotion_detection-develop-v2/tess_preprocessed/audio/YAF_came_disgust.wav,YAF_came_disgust.wav,3002,test,5,disgust,5,disgust,0.8207538723945618
/Users/prarthanapatel/Desktop/Himanshi/speech_emotion_detection-develop-v2/tess_preprocessed/audio/YAF_check_disgust.wav,YAF_check_disgust.wav,3002,test,5,disgust,5,disgust,0.9320713877677917
/Users/prarthanapatel/Desktop/Himanshi/speech_emotion_detection-develop-v2/tess_preprocessed/audio/YAF_cheek_disgust.wav,YAF_cheek_disgust.wav,3002,test,5,disgust,5,disgust,0.8509392142295837
/Users/prarthanapatel/Desktop/Himanshi/speech_emotion_detection-develop-v2/tess_preprocessed/audio/YAF_fail_disgust.wav,YAF_fail_disgust.wav,3002,test,5,disgust,5,disgust,0.5937433838844299
/Users/prarthanapatel/Desktop/Himanshi/speech_emotion_detection-develop-v2/tess_preprocessed/audio/YAF_get_disgust.wav,YAF_get_disgust.wav,3002,test,5,disgust,5,disgust,0.8041753768920898
/Users/prarthanapatel/Desktop/Himanshi/speech_emotion_detection-develop-v2/tess_preprocessed/audio/YAF_goose_disgust.wav,YAF_goose_disgust.wav,3002,test,5,disgust,5,disgust,0.9174309372901917
/Users/prarthanapatel/Desktop/Himanshi/speech_emotion_detection-develop-v2/tess_preprocessed/audio/YAF_hate_disgust.wav,YAF_hate_disgust.wav,3002,test,5,disgust,5,disgust,0.7949886322021484
/Users/prarthanapatel/Desktop/Himanshi/speech_emotion_detection-develop-v2/tess_preprocessed/audio/YAF_juice_disgust.wav,YAF_juice_disgust.wav,3002,test,5,disgust,5,disgust,0.8905847072601318
/Users/prarthanapatel/Desktop/Himanshi/speech_emotion_detection-develop-v2/tess_preprocessed/audio/YAF_keg_disgust.wav,YAF_keg_disgust.wav,3002,test,5,disgust,5,disgust,0.8826671242713928
/Users/prarthanapatel/Desktop/Himanshi/speech_emotion_detection-develop-v2/tess_preprocessed/audio/YAF_limb_disgust.wav,YAF_limb_disgust.wav,3002,test,5,disgust,5,disgust,0.4626346528530121
/Users/prarthanapatel/Desktop/Himanshi/speech_emotion_detection-develop-v2/tess_preprocessed/audio/YAF_live_disgust.wav,YAF_live_disgust.wav,3002,test,5,disgust,5,disgust,0.6245077848434448
/Users/prarthanapatel/Desktop/Himanshi/speech_emotion_detection-develop-v2/tess_preprocessed/audio/YAF_lose_disgust.wav,YAF_lose_disgust.wav,3002,test,5,disgust,5,disgust,0.7571306228637695
/Users/prarthanapatel/Desktop/Himanshi/speech_emotion_detection-develop-v2/tess_preprocessed/audio/YAF_mess_disgust.wav,YAF_mess_disgust.wav,3002,test,5,disgust,3,angry,0.6557102799415588
/Users/prarthanapatel/Desktop/Himanshi/speech_emotion_detection-develop-v2/tess_preprocessed/audio/YAF_mob_disgust.wav,YAF_mob_disgust.wav,3002,test,5,disgust,5,disgust,0.7405413389205933
/Users/prarthanapatel/Desktop/Himanshi/speech_emotion_detection-develop-v2/tess_preprocessed/audio/YAF_mode_disgust.wav,YAF_mode_disgust.wav,3002,test,5,disgust,3,angry,0.7071850299835205
/Users/prarthanapatel/Desktop/Himanshi/speech_emotion_detection-develop-v2/tess_preprocessed/audio/YAF_mop_disgust.wav,YAF_mop_disgust.wav,3002,test,5,disgust,5,disgust,0.7626065611839294
/Users/prarthanapatel/Desktop/Himanshi/speech_emotion_detection-develop-v2/tess_preprocessed/audio/YAF_page_disgust.wav,YAF_page_disgust.wav,3002,test,5,disgust,5,disgust,0.9097484946250916
/Users/prarthanapatel/Desktop/Himanshi/speech_emotion_detection-develop-v2/tess_preprocessed/audio/YAF_perch_disgust.wav,YAF_perch_disgust.wav,3002,test,5,disgust,3,angry,0.7913116216659546
/Users/prarthanapatel/Desktop/Himanshi/speech_emotion_detection-develop-v2/tess_preprocessed/audio/YAF_raid_disgust.wav,YAF_raid_disgust.wav,3002,test,5,disgust,5,disgust,0.8609525561332703
/Users/prarthanapatel/Desktop/Himanshi/speech_emotion_detection-develop-v2/tess_preprocessed/audio/YAF_rain_disgust.wav,YAF_rain_disgust.wav,3002,test,5,disgust,3,angry,0.4983012080192566
/Users/prarthanapatel/Desktop/Himanshi/speech_emotion_detection-develop-v2/tess_preprocessed/audio/YAF_shack_disgust.wav,YAF_shack_disgust.wav,3002,test,5,disgust,5,disgust,0.874889075756073
/Users/prarthanapatel/Desktop/Himanshi/speech_emotion_detection-develop-v2/tess_preprocessed/audio/YAF_shawl_disgust.wav,YAF_shawl_disgust.wav,3002,test,5,disgust,5,disgust,0.8786622881889343
/Users/prarthanapatel/Desktop/Himanshi/speech_emotion_detection-develop-v2/tess_preprocessed/audio/YAF_soap_disgust.wav,YAF_soap_disgust.wav,3002,test,5,disgust,5,disgust,0.9294435381889343
/Users/prarthanapatel/Desktop/Himanshi/speech_emotion_detection-develop-v2/tess_preprocessed/audio/YAF_south_disgust.wav,YAF_south_disgust.wav,3002,test,5,disgust,5,disgust,0.7366531491279602
/Users/prarthanapatel/Desktop/Himanshi/speech_emotion_detection-develop-v2/tess_preprocessed/audio/YAF_turn_disgust.wav,YAF_turn_disgust.wav,3002,test,5,disgust,5,disgust,0.8555012345314026
/Users/prarthanapatel/Desktop/Himanshi/speech_emotion_detection-develop-v2/tess_preprocessed/audio/YAF_wheat_disgust.wav,YAF_wheat_disgust.wav,3002,test,5,disgust,3,angry,0.7283684611320496
/Users/prarthanapatel/Desktop/Himanshi/speech_emotion_detection-develop-v2/tess_preprocessed/audio/YAF_white_disgust.wav,YAF_white_disgust.wav,3002,test,5,disgust,5,disgust,0.915626049041748
/Users/prarthanapatel/Desktop/Himanshi/speech_emotion_detection-develop-v2/tess_preprocessed/audio/YAF_wife_disgust.wav,YAF_wife_disgust.wav,3002,test,5,disgust,3,angry,0.5471360087394714
/Users/prarthanapatel/Desktop/Himanshi/speech_emotion_detection-develop-v2/tess_preprocessed/audio/YAF_youth_disgust.wav,YAF_youth_disgust.wav,3002,test,5,disgust,5,disgust,0.6936824321746826
/Users/prarthanapatel/Desktop/Himanshi/speech_emotion_detection-develop-v2/tess_preprocessed/audio/YAF_bar_fear.wav,YAF_bar_fear.wav,3002,test,4,fear,4,fear,0.7615034580230713
/Users/prarthanapatel/Desktop/Himanshi/speech_emotion_detection-develop-v2/tess_preprocessed/audio/YAF_came_fear.wav,YAF_came_fear.wav,3002,test,4,fear,3,angry,0.9009454250335693
/Users/prarthanapatel/Desktop/Himanshi/speech_emotion_detection-develop-v2/tess_preprocessed/audio/YAF_check_fear.wav,YAF_check_fear.wav,3002,test,4,fear,5,disgust,0.6855061054229736
/Users/prarthanapatel/Desktop/Himanshi/speech_emotion_detection-develop-v2/tess_preprocessed/audio/YAF_cheek_fear.wav,YAF_cheek_fear.wav,3002,test,4,fear,4,fear,0.3493110239505768
/Users/prarthanapatel/Desktop/Himanshi/speech_emotion_detection-develop-v2/tess_preprocessed/audio/YAF_fail_fear.wav,YAF_fail_fear.wav,3002,test,4,fear,1,happy,0.9434711933135986
/Users/prarthanapatel/Desktop/Himanshi/speech_emotion_detection-develop-v2/tess_preprocessed/audio/YAF_get_fear.wav,YAF_get_fear.wav,3002,test,4,fear,1,happy,0.6794950366020203
/Users/prarthanapatel/Desktop/Himanshi/speech_emotion_detection-develop-v2/tess_preprocessed/audio/YAF_goose_fear.wav,YAF_goose_fear.wav,3002,test,4,fear,1,happy,0.7615136504173279
/Users/prarthanapatel/Desktop/Himanshi/speech_emotion_detection-develop-v2/tess_preprocessed/audio/YAF_hate_fear.wav,YAF_hate_fear.wav,3002,test,4,fear,5,disgust,0.464918851852417
/Users/prarthanapatel/Desktop/Himanshi/speech_emotion_detection-develop-v2/tess_preprocessed/audio/YAF_juice_fear.wav,YAF_juice_fear.wav,3002,test,4,fear,4,fear,0.41945791244506836
/Users/prarthanapatel/Desktop/Himanshi/speech_emotion_detection-develop-v2/tess_preprocessed/audio/YAF_keg_fear.wav,YAF_keg_fear.wav,3002,test,4,fear,5,disgust,0.4780096709728241
/Users/prarthanapatel/Desktop/Himanshi/speech_emotion_detection-develop-v2/tess_preprocessed/audio/YAF_limb_fear.wav,YAF_limb_fear.wav,3002,test,4,fear,1,happy,0.8905032873153687
/Users/prarthanapatel/Desktop/Himanshi/speech_emotion_detection-develop-v2/tess_preprocessed/audio/YAF_live_fear.wav,YAF_live_fear.wav,3002,test,4,fear,5,disgust,0.34109944105148315
/Users/prarthanapatel/Desktop/Himanshi/speech_emotion_detection-develop-v2/tess_preprocessed/audio/YAF_lose_fear.wav,YAF_lose_fear.wav,3002,test,4,fear,4,fear,0.5075640082359314
/Users/prarthanapatel/Desktop/Himanshi/speech_emotion_detection-develop-v2/tess_preprocessed/audio/YAF_mess_fear.wav,YAF_mess_fear.wav,3002,test,4,fear,1,happy,0.8488648533821106
/Users/prarthanapatel/Desktop/Himanshi/speech_emotion_detection-develop-v2/tess_preprocessed/audio/YAF_mob_fear.wav,YAF_mob_fear.wav,3002,test,4,fear,1,happy,0.7121227979660034
/Users/prarthanapatel/Desktop/Himanshi/speech_emotion_detection-develop-v2/tess_preprocessed/audio/YAF_mode_fear.wav,YAF_mode_fear.wav,3002,test,4,fear,1,happy,0.898674488067627
/Users/prarthanapatel/Desktop/Himanshi/speech_emotion_detection-develop-v2/tess_preprocessed/audio/YAF_mop_fear.wav,YAF_mop_fear.wav,3002,test,4,fear,1,happy,0.9486314058303833
/Users/prarthanapatel/Desktop/Himanshi/speech_emotion_detection-develop-v2/tess_preprocessed/audio/YAF_page_fear.wav,YAF_page_fear.wav,3002,test,4,fear,4,fear,0.45511722564697266
/Users/prarthanapatel/Desktop/Himanshi/speech_emotion_detection-develop-v2/tess_preprocessed/audio/YAF_perch_fear.wav,YAF_perch_fear.wav,3002,test,4,fear,4,fear,0.6834004521369934
/Users/prarthanapatel/Desktop/Himanshi/speech_emotion_detection-develop-v2/tess_preprocessed/audio/YAF_raid_fear.wav,YAF_raid_fear.wav,3002,test,4,fear,1,happy,0.8815543055534363
/Users/prarthanapatel/Desktop/Himanshi/speech_emotion_detection-develop-v2/tess_preprocessed/audio/YAF_rain_fear.wav,YAF_rain_fear.wav,3002,test,4,fear,1,happy,0.7410116791725159
/Users/prarthanapatel/Desktop/Himanshi/speech_emotion_detection-develop-v2/tess_preprocessed/audio/YAF_shack_fear.wav,YAF_shack_fear.wav,3002,test,4,fear,1,happy,0.6914463043212891
/Users/prarthanapatel/Desktop/Himanshi/speech_emotion_detection-develop-v2/tess_preprocessed/audio/YAF_shawl_fear.wav,YAF_shawl_fear.wav,3002,test,4,fear,4,fear,0.49027183651924133
/Users/prarthanapatel/Desktop/Himanshi/speech_emotion_detection-develop-v2/tess_preprocessed/audio/YAF_soap_fear.wav,YAF_soap_fear.wav,3002,test,4,fear,5,disgust,0.4498370587825775
/Users/prarthanapatel/Desktop/Himanshi/speech_emotion_detection-develop-v2/tess_preprocessed/audio/YAF_south_fear.wav,YAF_south_fear.wav,3002,test,4,fear,1,happy,0.6135886907577515
/Users/prarthanapatel/Desktop/Himanshi/speech_emotion_detection-develop-v2/tess_preprocessed/audio/YAF_turn_fear.wav,YAF_turn_fear.wav,3002,test,4,fear,5,disgust,0.4466288387775421
/Users/prarthanapatel/Desktop/Himanshi/speech_emotion_detection-develop-v2/tess_preprocessed/audio/YAF_wheat_fear.wav,YAF_wheat_fear.wav,3002,test,4,fear,4,fear,0.6342323422431946
/Users/prarthanapatel/Desktop/Himanshi/speech_emotion_detection-develop-v2/tess_preprocessed/audio/YAF_white_fear.wav,YAF_white_fear.wav,3002,test,4,fear,4,fear,0.39841005206108093
/Users/prarthanapatel/Desktop/Himanshi/speech_emotion_detection-develop-v2/tess_preprocessed/audio/YAF_wife_fear.wav,YAF_wife_fear.wav,3002,test,4,fear,1,happy,0.47531723976135254
/Users/prarthanapatel/Desktop/Himanshi/speech_emotion_detection-develop-v2/tess_preprocessed/audio/YAF_youth_fear.wav,YAF_youth_fear.wav,3002,test,4,fear,1,happy,0.8595839738845825
/Users/prarthanapatel/Desktop/Himanshi/speech_emotion_detection-develop-v2/tess_preprocessed/audio/YAF_bar_happy.wav,YAF_bar_happy.wav,3002,test,1,happy,5,disgust,0.8856505155563354
/Users/prarthanapatel/Desktop/Himanshi/speech_emotion_detection-develop-v2/tess_preprocessed/audio/YAF_came_happy.wav,YAF_came_happy.wav,3002,test,1,happy,5,disgust,0.7484257221221924
/Users/prarthanapatel/Desktop/Himanshi/speech_emotion_detection-develop-v2/tess_preprocessed/audio/YAF_check_happy.wav,YAF_check_happy.wav,3002,test,1,happy,5,disgust,0.907101571559906
/Users/prarthanapatel/Desktop/Himanshi/speech_emotion_detection-develop-v2/tess_preprocessed/audio/YAF_cheek_happy.wav,YAF_cheek_happy.wav,3002,test,1,happy,5,disgust,0.8709911108016968
/Users/prarthanapatel/Desktop/Himanshi/speech_emotion_detection-develop-v2/tess_preprocessed/audio/YAF_fail_happy.wav,YAF_fail_happy.wav,3002,test,1,happy,5,disgust,0.7843252420425415
/Users/prarthanapatel/Desktop/Himanshi/speech_emotion_detection-develop-v2/tess_preprocessed/audio/YAF_get_happy.wav,YAF_get_happy.wav,3002,test,1,happy,5,disgust,0.80961674451828
/Users/prarthanapatel/Desktop/Himanshi/speech_emotion_detection-develop-v2/tess_preprocessed/audio/YAF_goose_happy.wav,YAF_goose_happy.wav,3002,test,1,happy,5,disgust,0.8215059638023376
/Users/prarthanapatel/Desktop/Himanshi/speech_emotion_detection-develop-v2/tess_preprocessed/audio/YAF_hate_happy.wav,YAF_hate_happy.wav,3002,test,1,happy,5,disgust,0.8611743450164795
/Users/prarthanapatel/Desktop/Himanshi/speech_emotion_detection-develop-v2/tess_preprocessed/audio/YAF_juice_happy.wav,YAF_juice_happy.wav,3002,test,1,happy,5,disgust,0.9476971626281738
/Users/prarthanapatel/Desktop/Himanshi/speech_emotion_detection-develop-v2/tess_preprocessed/audio/YAF_keg_happy.wav,YAF_keg_happy.wav,3002,test,1,happy,5,disgust,0.9294283986091614
/Users/prarthanapatel/Desktop/Himanshi/speech_emotion_detection-develop-v2/tess_preprocessed/audio/YAF_limb_happy.wav,YAF_limb_happy.wav,3002,test,1,happy,5,disgust,0.88387531042099
/Users/prarthanapatel/Desktop/Himanshi/speech_emotion_detection-develop-v2/tess_preprocessed/audio/YAF_live_happy.wav,YAF_live_happy.wav,3002,test,1,happy,5,disgust,0.8979131579399109
/Users/prarthanapatel/Desktop/Himanshi/speech_emotion_detection-develop-v2/tess_preprocessed/audio/YAF_lose_happy.wav,YAF_lose_happy.wav,3002,test,1,happy,5,disgust,0.8793126940727234
/Users/prarthanapatel/Desktop/Himanshi/speech_emotion_detection-develop-v2/tess_preprocessed/audio/YAF_mess_happy.wav,YAF_mess_happy.wav,3002,test,1,happy,5,disgust,0.9257500171661377
/Users/prarthanapatel/Desktop/Himanshi/speech_emotion_detection-develop-v2/tess_preprocessed/audio/YAF_mob_happy.wav,YAF_mob_happy.wav,3002,test,1,happy,5,disgust,0.6906326413154602
/Users/prarthanapatel/Desktop/Himanshi/speech_emotion_detection-develop-v2/tess_preprocessed/audio/YAF_mode_happy.wav,YAF_mode_happy.wav,3002,test,1,happy,5,disgust,0.8303174376487732
/Users/prarthanapatel/Desktop/Himanshi/speech_emotion_detection-develop-v2/tess_preprocessed/audio/YAF_mop_happy.wav,YAF_mop_happy.wav,3002,test,1,happy,5,disgust,0.5952278971672058
/Users/prarthanapatel/Desktop/Himanshi/speech_emotion_detection-develop-v2/tess_preprocessed/audio/YAF_page_happy.wav,YAF_page_happy.wav,3002,test,1,happy,5,disgust,0.8991856575012207
/Users/prarthanapatel/Desktop/Himanshi/speech_emotion_detection-develop-v2/tess_preprocessed/audio/YAF_perch_happy.wav,YAF_perch_happy.wav,3002,test,1,happy,5,disgust,0.9241470098495483
/Users/prarthanapatel/Desktop/Himanshi/speech_emotion_detection-develop-v2/tess_preprocessed/audio/YAF_raid_happy.wav,YAF_raid_happy.wav,3002,test,1,happy,3,angry,0.5058316588401794
/Users/prarthanapatel/Desktop/Himanshi/speech_emotion_detection-develop-v2/tess_preprocessed/audio/YAF_rain_happy.wav,YAF_rain_happy.wav,3002,test,1,happy,5,disgust,0.7530086040496826
/Users/prarthanapatel/Desktop/Himanshi/speech_emotion_detection-develop-v2/tess_preprocessed/audio/YAF_shack_happy.wav,YAF_shack_happy.wav,3002,test,1,happy,5,disgust,0.7874598503112793
/Users/prarthanapatel/Desktop/Himanshi/speech_emotion_detection-develop-v2/tess_preprocessed/audio/YAF_shawl_happy.wav,YAF_shawl_happy.wav,3002,test,1,happy,5,disgust,0.9004772901535034
/Users/prarthanapatel/Desktop/Himanshi/speech_emotion_detection-develop-v2/tess_preprocessed/audio/YAF_soap_happy.wav,YAF_soap_happy.wav,3002,test,1,happy,5,disgust,0.9056225419044495
/Users/prarthanapatel/Desktop/Himanshi/speech_emotion_detection-develop-v2/tess_preprocessed/audio/YAF_south_happy.wav,YAF_south_happy.wav,3002,test,1,happy,5,disgust,0.9039300084114075
/Users/prarthanapatel/Desktop/Himanshi/speech_emotion_detection-develop-v2/tess_preprocessed/audio/YAF_turn_happy.wav,YAF_turn_happy.wav,3002,test,1,happy,5,disgust,0.9314155578613281
/Users/prarthanapatel/Desktop/Himanshi/speech_emotion_detection-develop-v2/tess_preprocessed/audio/YAF_wheat_happy.wav,YAF_wheat_happy.wav,3002,test,1,happy,5,disgust,0.820094108581543
/Users/prarthanapatel/Desktop/Himanshi/speech_emotion_detection-develop-v2/tess_preprocessed/audio/YAF_white_happy.wav,YAF_white_happy.wav,3002,test,1,happy,5,disgust,0.6297549605369568
/Users/prarthanapatel/Desktop/Himanshi/speech_emotion_detection-develop-v2/tess_preprocessed/audio/YAF_wife_happy.wav,YAF_wife_happy.wav,3002,test,1,happy,5,disgust,0.8656741976737976
/Users/prarthanapatel/Desktop/Himanshi/speech_emotion_detection-develop-v2/tess_preprocessed/audio/YAF_youth_happy.wav,YAF_youth_happy.wav,3002,test,1,happy,5,disgust,0.9005537033081055
/Users/prarthanapatel/Desktop/Himanshi/speech_emotion_detection-develop-v2/tess_preprocessed/audio/YAF_bar_neutral.wav,YAF_bar_neutral.wav,3002,test,0,neutral,5,disgust,0.6687318086624146
/Users/prarthanapatel/Desktop/Himanshi/speech_emotion_detection-develop-v2/tess_preprocessed/audio/YAF_came_neutral.wav,YAF_came_neutral.wav,3002,test,0,neutral,3,angry,0.5542579889297485
/Users/prarthanapatel/Desktop/Himanshi/speech_emotion_detection-develop-v2/tess_preprocessed/audio/YAF_check_neutral.wav,YAF_check_neutral.wav,3002,test,0,neutral,3,angry,0.865161120891571
/Users/prarthanapatel/Desktop/Himanshi/speech_emotion_detection-develop-v2/tess_preprocessed/audio/YAF_cheek_neutral.wav,YAF_cheek_neutral.wav,3002,test,0,neutral,3,angry,0.45950669050216675
/Users/prarthanapatel/Desktop/Himanshi/speech_emotion_detection-develop-v2/tess_preprocessed/audio/YAF_fail_neutral.wav,YAF_fail_neutral.wav,3002,test,0,neutral,3,angry,0.606833279132843
/Users/prarthanapatel/Desktop/Himanshi/speech_emotion_detection-develop-v2/tess_preprocessed/audio/YAF_get_neutral.wav,YAF_get_neutral.wav,3002,test,0,neutral,3,angry,0.8932169079780579
/Users/prarthanapatel/Desktop/Himanshi/speech_emotion_detection-develop-v2/tess_preprocessed/audio/YAF_goose_neutral.wav,YAF_goose_neutral.wav,3002,test,0,neutral,5,disgust,0.3889937996864319
/Users/prarthanapatel/Desktop/Himanshi/speech_emotion_detection-develop-v2/tess_preprocessed/audio/YAF_hate_neutral.wav,YAF_hate_neutral.wav,3002,test,0,neutral,3,angry,0.4635179042816162
/Users/prarthanapatel/Desktop/Himanshi/speech_emotion_detection-develop-v2/tess_preprocessed/audio/YAF_juice_neutral.wav,YAF_juice_neutral.wav,3002,test,0,neutral,5,disgust,0.49904096126556396
/Users/prarthanapatel/Desktop/Himanshi/speech_emotion_detection-develop-v2/tess_preprocessed/audio/YAF_keg_neutral.wav,YAF_keg_neutral.wav,3002,test,0,neutral,5,disgust,0.5135709047317505
/Users/prarthanapatel/Desktop/Himanshi/speech_emotion_detection-develop-v2/tess_preprocessed/audio/YAF_limb_neutral.wav,YAF_limb_neutral.wav,3002,test,0,neutral,3,angry,0.660050094127655
/Users/prarthanapatel/Desktop/Himanshi/speech_emotion_detection-develop-v2/tess_preprocessed/audio/YAF_live_neutral.wav,YAF_live_neutral.wav,3002,test,0,neutral,5,disgust,0.5596424341201782
/Users/prarthanapatel/Desktop/Himanshi/speech_emotion_detection-develop-v2/tess_preprocessed/audio/YAF_lose_neutral.wav,YAF_lose_neutral.wav,3002,test,0,neutral,5,disgust,0.38405150175094604
/Users/prarthanapatel/Desktop/Himanshi/speech_emotion_detection-develop-v2/tess_preprocessed/audio/YAF_mess_neutral.wav,YAF_mess_neutral.wav,3002,test,0,neutral,3,angry,0.5629764795303345
/Users/prarthanapatel/Desktop/Himanshi/speech_emotion_detection-develop-v2/tess_preprocessed/audio/YAF_mob_neutral.wav,YAF_mob_neutral.wav,3002,test,0,neutral,3,angry,0.7643614411354065
/Users/prarthanapatel/Desktop/Himanshi/speech_emotion_detection-develop-v2/tess_preprocessed/audio/YAF_mode_neutral.wav,YAF_mode_neutral.wav,3002,test,0,neutral,3,angry,0.6725592613220215
/Users/prarthanapatel/Desktop/Himanshi/speech_emotion_detection-develop-v2/tess_preprocessed/audio/YAF_mop_neutral.wav,YAF_mop_neutral.wav,3002,test,0,neutral,5,disgust,0.369011253118515
/Users/prarthanapatel/Desktop/Himanshi/speech_emotion_detection-develop-v2/tess_preprocessed/audio/YAF_page_neutral.wav,YAF_page_neutral.wav,3002,test,0,neutral,3,angry,0.6492412090301514
/Users/prarthanapatel/Desktop/Himanshi/speech_emotion_detection-develop-v2/tess_preprocessed/audio/YAF_perch_neutral.wav,YAF_perch_neutral.wav,3002,test,0,neutral,3,angry,0.6463271379470825
/Users/prarthanapatel/Desktop/Himanshi/speech_emotion_detection-develop-v2/tess_preprocessed/audio/YAF_raid_neutral.wav,YAF_raid_neutral.wav,3002,test,0,neutral,3,angry,0.44371548295021057
/Users/prarthanapatel/Desktop/Himanshi/speech_emotion_detection-develop-v2/tess_preprocessed/audio/YAF_rain_neutral.wav,YAF_rain_neutral.wav,3002,test,0,neutral,5,disgust,0.4336598217487335
/Users/prarthanapatel/Desktop/Himanshi/speech_emotion_detection-develop-v2/tess_preprocessed/audio/YAF_shack_neutral.wav,YAF_shack_neutral.wav,3002,test,0,neutral,5,disgust,0.5660892128944397
/Users/prarthanapatel/Desktop/Himanshi/speech_emotion_detection-develop-v2/tess_preprocessed/audio/YAF_shawl_neutral.wav,YAF_shawl_neutral.wav,3002,test,0,neutral,3,angry,0.7084649205207825
/Users/prarthanapatel/Desktop/Himanshi/speech_emotion_detection-develop-v2/tess_preprocessed/audio/YAF_soap_neutral.wav,YAF_soap_neutral.wav,3002,test,0,neutral,3,angry,0.43509694933891296
/Users/prarthanapatel/Desktop/Himanshi/speech_emotion_detection-develop-v2/tess_preprocessed/audio/YAF_south_neutral.wav,YAF_south_neutral.wav,3002,test,0,neutral,3,angry,0.6527265310287476
/Users/prarthanapatel/Desktop/Himanshi/speech_emotion_detection-develop-v2/tess_preprocessed/audio/YAF_turn_neutral.wav,YAF_turn_neutral.wav,3002,test,0,neutral,3,angry,0.4676198363304138
/Users/prarthanapatel/Desktop/Himanshi/speech_emotion_detection-develop-v2/tess_preprocessed/audio/YAF_wheat_neutral.wav,YAF_wheat_neutral.wav,3002,test,0,neutral,5,disgust,0.61106938123703
/Users/prarthanapatel/Desktop/Himanshi/speech_emotion_detection-develop-v2/tess_preprocessed/audio/YAF_white_neutral.wav,YAF_white_neutral.wav,3002,test,0,neutral,3,angry,0.7929064631462097
/Users/prarthanapatel/Desktop/Himanshi/speech_emotion_detection-develop-v2/tess_preprocessed/audio/YAF_wife_neutral.wav,YAF_wife_neutral.wav,3002,test,0,neutral,3,angry,0.6554891467094421
/Users/prarthanapatel/Desktop/Himanshi/speech_emotion_detection-develop-v2/tess_preprocessed/audio/YAF_youth_neutral.wav,YAF_youth_neutral.wav,3002,test,0,neutral,5,disgust,0.6303005218505859
/Users/prarthanapatel/Desktop/Himanshi/speech_emotion_detection-develop-v2/tess_preprocessed/audio/YAF_bar_sad.wav,YAF_bar_sad.wav,3002,test,2,sad,5,disgust,0.693260908126831
/Users/prarthanapatel/Desktop/Himanshi/speech_emotion_detection-develop-v2/tess_preprocessed/audio/YAF_came_sad.wav,YAF_came_sad.wav,3002,test,2,sad,5,disgust,0.37137067317962646
/Users/prarthanapatel/Desktop/Himanshi/speech_emotion_detection-develop-v2/tess_preprocessed/audio/YAF_check_sad.wav,YAF_check_sad.wav,3002,test,2,sad,5,disgust,0.3828800320625305
/Users/prarthanapatel/Desktop/Himanshi/speech_emotion_detection-develop-v2/tess_preprocessed/audio/YAF_cheek_sad.wav,YAF_cheek_sad.wav,3002,test,2,sad,5,disgust,0.6086140871047974
/Users/prarthanapatel/Desktop/Himanshi/speech_emotion_detection-develop-v2/tess_preprocessed/audio/YAF_fail_sad.wav,YAF_fail_sad.wav,3002,test,2,sad,5,disgust,0.5368143916130066
/Users/prarthanapatel/Desktop/Himanshi/speech_emotion_detection-develop-v2/tess_preprocessed/audio/YAF_get_sad.wav,YAF_get_sad.wav,3002,test,2,sad,5,disgust,0.4625099003314972
/Users/prarthanapatel/Desktop/Himanshi/speech_emotion_detection-develop-v2/tess_preprocessed/audio/YAF_goose_sad.wav,YAF_goose_sad.wav,3002,test,2,sad,5,disgust,0.40742066502571106
/Users/prarthanapatel/Desktop/Himanshi/speech_emotion_detection-develop-v2/tess_preprocessed/audio/YAF_hate_sad.wav,YAF_hate_sad.wav,3002,test,2,sad,5,disgust,0.29552364349365234
/Users/prarthanapatel/Desktop/Himanshi/speech_emotion_detection-develop-v2/tess_preprocessed/audio/YAF_juice_sad.wav,YAF_juice_sad.wav,3002,test,2,sad,2,sad,0.4246714413166046
/Users/prarthanapatel/Desktop/Himanshi/speech_emotion_detection-develop-v2/tess_preprocessed/audio/YAF_keg_sad.wav,YAF_keg_sad.wav,3002,test,2,sad,5,disgust,0.5834463238716125
/Users/prarthanapatel/Desktop/Himanshi/speech_emotion_detection-develop-v2/tess_preprocessed/audio/YAF_limb_sad.wav,YAF_limb_sad.wav,3002,test,2,sad,2,sad,0.469225138425827
/Users/prarthanapatel/Desktop/Himanshi/speech_emotion_detection-develop-v2/tess_preprocessed/audio/YAF_live_sad.wav,YAF_live_sad.wav,3002,test,2,sad,2,sad,0.39939364790916443
/Users/prarthanapatel/Desktop/Himanshi/speech_emotion_detection-develop-v2/tess_preprocessed/audio/YAF_lose_sad.wav,YAF_lose_sad.wav,3002,test,2,sad,5,disgust,0.36086732149124146
/Users/prarthanapatel/Desktop/Himanshi/speech_emotion_detection-develop-v2/tess_preprocessed/audio/YAF_mess_sad.wav,YAF_mess_sad.wav,3002,test,2,sad,5,disgust,0.4666314423084259
/Users/prarthanapatel/Desktop/Himanshi/speech_emotion_detection-develop-v2/tess_preprocessed/audio/YAF_mob_sad.wav,YAF_mob_sad.wav,3002,test,2,sad,5,disgust,0.508065402507782
/Users/prarthanapatel/Desktop/Himanshi/speech_emotion_detection-develop-v2/tess_preprocessed/audio/YAF_mode_sad.wav,YAF_mode_sad.wav,3002,test,2,sad,5,disgust,0.4013644754886627
/Users/prarthanapatel/Desktop/Himanshi/speech_emotion_detection-develop-v2/tess_preprocessed/audio/YAF_mop_sad.wav,YAF_mop_sad.wav,3002,test,2,sad,3,angry,0.5562695264816284
/Users/prarthanapatel/Desktop/Himanshi/speech_emotion_detection-develop-v2/tess_preprocessed/audio/YAF_page_sad.wav,YAF_page_sad.wav,3002,test,2,sad,5,disgust,0.3416878581047058
/Users/prarthanapatel/Desktop/Himanshi/speech_emotion_detection-develop-v2/tess_preprocessed/audio/YAF_perch_sad.wav,YAF_perch_sad.wav,3002,test,2,sad,5,disgust,0.5155622363090515
/Users/prarthanapatel/Desktop/Himanshi/speech_emotion_detection-develop-v2/tess_preprocessed/audio/YAF_raid_sad.wav,YAF_raid_sad.wav,3002,test,2,sad,5,disgust,0.5617058873176575
/Users/prarthanapatel/Desktop/Himanshi/speech_emotion_detection-develop-v2/tess_preprocessed/audio/YAF_rain_sad.wav,YAF_rain_sad.wav,3002,test,2,sad,2,sad,0.4158407747745514
/Users/prarthanapatel/Desktop/Himanshi/speech_emotion_detection-develop-v2/tess_preprocessed/audio/YAF_shack_sad.wav,YAF_shack_sad.wav,3002,test,2,sad,5,disgust,0.37409961223602295
/Users/prarthanapatel/Desktop/Himanshi/speech_emotion_detection-develop-v2/tess_preprocessed/audio/YAF_shawl_sad.wav,YAF_shawl_sad.wav,3002,test,2,sad,5,disgust,0.4707052707672119
/Users/prarthanapatel/Desktop/Himanshi/speech_emotion_detection-develop-v2/tess_preprocessed/audio/YAF_soap_sad.wav,YAF_soap_sad.wav,3002,test,2,sad,5,disgust,0.6396358013153076
/Users/prarthanapatel/Desktop/Himanshi/speech_emotion_detection-develop-v2/tess_preprocessed/audio/YAF_south_sad.wav,YAF_south_sad.wav,3002,test,2,sad,5,disgust,0.6395326256752014
/Users/prarthanapatel/Desktop/Himanshi/speech_emotion_detection-develop-v2/tess_preprocessed/audio/YAF_turn_sad.wav,YAF_turn_sad.wav,3002,test,2,sad,5,disgust,0.5570825338363647
/Users/prarthanapatel/Desktop/Himanshi/speech_emotion_detection-develop-v2/tess_preprocessed/audio/YAF_wheat_sad.wav,YAF_wheat_sad.wav,3002,test,2,sad,5,disgust,0.6021425724029541
/Users/prarthanapatel/Desktop/Himanshi/speech_emotion_detection-develop-v2/tess_preprocessed/audio/YAF_white_sad.wav,YAF_white_sad.wav,3002,test,2,sad,5,disgust,0.5997810363769531
/Users/prarthanapatel/Desktop/Himanshi/speech_emotion_detection-develop-v2/tess_preprocessed/audio/YAF_wife_sad.wav,YAF_wife_sad.wav,3002,test,2,sad,5,disgust,0.6805736422538757
/Users/prarthanapatel/Desktop/Himanshi/speech_emotion_detection-develop-v2/tess_preprocessed/audio/YAF_youth_sad.wav,YAF_youth_sad.wav,3002,test,2,sad,5,disgust,0.6995623111724854
