filepath,filename,actor_id,split,true_label,true_emotion,predicted_label,predicted_emotion,confidence
data/ravdess/audio/Actor_01/03-01-01-01-01-01-01.wav,03-01-01-01-01-01-01.wav,1,train,0,neutral,0,neutral,0.9805979132652283
data/ravdess/audio/Actor_01/03-01-01-01-01-02-01.wav,03-01-01-01-01-02-01.wav,1,train,0,neutral,0,neutral,0.979620635509491
data/ravdess/audio/Actor_01/03-01-01-01-02-01-01.wav,03-01-01-01-02-01-01.wav,1,train,0,neutral,0,neutral,0.9795728325843811
data/ravdess/audio/Actor_01/03-01-01-01-02-02-01.wav,03-01-01-01-02-02-01.wav,1,train,0,neutral,0,neutral,0.9806720614433289
data/ravdess/audio/Actor_01/03-01-02-01-01-01-01.wav,03-01-02-01-01-01-01.wav,1,train,1,calm,1,calm,0.9875501990318298
data/ravdess/audio/Actor_01/03-01-02-01-01-02-01.wav,03-01-02-01-01-02-01.wav,1,train,1,calm,1,calm,0.9879342317581177
data/ravdess/audio/Actor_01/03-01-02-01-02-01-01.wav,03-01-02-01-02-01-01.wav,1,train,1,calm,1,calm,0.9878228902816772
data/ravdess/audio/Actor_01/03-01-02-01-02-02-01.wav,03-01-02-01-02-02-01.wav,1,train,1,calm,1,calm,0.9878443479537964
data/ravdess/audio/Actor_01/03-01-02-02-01-01-01.wav,03-01-02-02-01-01-01.wav,1,train,1,calm,1,calm,0.9879911541938782
data/ravdess/audio/Actor_01/03-01-02-02-01-02-01.wav,03-01-02-02-01-02-01.wav,1,train,1,calm,1,calm,0.9881427884101868
data/ravdess/audio/Actor_01/03-01-02-02-02-01-01.wav,03-01-02-02-02-01-01.wav,1,train,1,calm,1,calm,0.9882057905197144
data/ravdess/audio/Actor_01/03-01-02-02-02-02-01.wav,03-01-02-02-02-02-01.wav,1,train,1,calm,1,calm,0.98827064037323
data/ravdess/audio/Actor_01/03-01-03-01-01-01-01.wav,03-01-03-01-01-01-01.wav,1,train,2,happy,2,happy,0.9882607460021973
data/ravdess/audio/Actor_01/03-01-03-01-01-02-01.wav,03-01-03-01-01-02-01.wav,1,train,2,happy,2,happy,0.988580048084259
data/ravdess/audio/Actor_01/03-01-03-01-02-01-01.wav,03-01-03-01-02-01-01.wav,1,train,2,happy,2,happy,0.9885326623916626
data/ravdess/audio/Actor_01/03-01-03-01-02-02-01.wav,03-01-03-01-02-02-01.wav,1,train,2,happy,2,happy,0.9886478781700134
data/ravdess/audio/Actor_01/03-01-03-02-01-01-01.wav,03-01-03-02-01-01-01.wav,1,train,2,happy,2,happy,0.988723874092102
data/ravdess/audio/Actor_01/03-01-03-02-01-02-01.wav,03-01-03-02-01-02-01.wav,1,train,2,happy,2,happy,0.9887557625770569
data/ravdess/audio/Actor_01/03-01-03-02-02-01-01.wav,03-01-03-02-02-01-01.wav,1,train,2,happy,2,happy,0.9870530962944031
data/ravdess/audio/Actor_01/03-01-03-02-02-02-01.wav,03-01-03-02-02-02-01.wav,1,train,2,happy,2,happy,0.9887667298316956
data/ravdess/audio/Actor_01/03-01-04-01-01-01-01.wav,03-01-04-01-01-01-01.wav,1,train,3,sad,3,sad,0.9859636425971985
data/ravdess/audio/Actor_01/03-01-04-01-01-02-01.wav,03-01-04-01-01-02-01.wav,1,train,3,sad,3,sad,0.9867926836013794
data/ravdess/audio/Actor_01/03-01-04-01-02-01-01.wav,03-01-04-01-02-01-01.wav,1,train,3,sad,3,sad,0.9868021607398987
data/ravdess/audio/Actor_01/03-01-04-01-02-02-01.wav,03-01-04-01-02-02-01.wav,1,train,3,sad,3,sad,0.9880253672599792
data/ravdess/audio/Actor_01/03-01-04-02-01-01-01.wav,03-01-04-02-01-01-01.wav,1,train,3,sad,3,sad,0.9879228472709656
data/ravdess/audio/Actor_01/03-01-04-02-01-02-01.wav,03-01-04-02-01-02-01.wav,1,train,3,sad,3,sad,0.9884986281394958
data/ravdess/audio/Actor_01/03-01-04-02-02-01-01.wav,03-01-04-02-02-01-01.wav,1,train,3,sad,3,sad,0.9882110357284546
data/ravdess/audio/Actor_01/03-01-04-02-02-02-01.wav,03-01-04-02-02-02-01.wav,1,train,3,sad,3,sad,0.9881556034088135
data/ravdess/audio/Actor_01/03-01-05-01-01-01-01.wav,03-01-05-01-01-01-01.wav,1,train,4,angry,4,angry,0.9904547333717346
data/ravdess/audio/Actor_01/03-01-05-01-01-02-01.wav,03-01-05-01-01-02-01.wav,1,train,4,angry,4,angry,0.9904311299324036
data/ravdess/audio/Actor_01/03-01-05-01-02-01-01.wav,03-01-05-01-02-01-01.wav,1,train,4,angry,4,angry,0.990402340888977
data/ravdess/audio/Actor_01/03-01-05-01-02-02-01.wav,03-01-05-01-02-02-01.wav,1,train,4,angry,4,angry,0.9902154207229614
data/ravdess/audio/Actor_01/03-01-05-02-01-01-01.wav,03-01-05-02-01-01-01.wav,1,train,4,angry,4,angry,0.990444004535675
data/ravdess/audio/Actor_01/03-01-05-02-01-02-01.wav,03-01-05-02-01-02-01.wav,1,train,4,angry,4,angry,0.990451455116272
data/ravdess/audio/Actor_01/03-01-05-02-02-01-01.wav,03-01-05-02-02-01-01.wav,1,train,4,angry,4,angry,0.9903879761695862
data/ravdess/audio/Actor_01/03-01-05-02-02-02-01.wav,03-01-05-02-02-02-01.wav,1,train,4,angry,4,angry,0.9904263615608215
data/ravdess/audio/Actor_01/03-01-06-01-01-01-01.wav,03-01-06-01-01-01-01.wav,1,train,5,fearful,5,fearful,0.9891101121902466
data/ravdess/audio/Actor_01/03-01-06-01-01-02-01.wav,03-01-06-01-01-02-01.wav,1,train,5,fearful,5,fearful,0.9887054562568665
data/ravdess/audio/Actor_01/03-01-06-01-02-01-01.wav,03-01-06-01-02-01-01.wav,1,train,5,fearful,5,fearful,0.9890546798706055
data/ravdess/audio/Actor_01/03-01-06-01-02-02-01.wav,03-01-06-01-02-02-01.wav,1,train,5,fearful,5,fearful,0.989176332950592
data/ravdess/audio/Actor_01/03-01-06-02-01-01-01.wav,03-01-06-02-01-01-01.wav,1,train,5,fearful,5,fearful,0.9890688061714172
data/ravdess/audio/Actor_01/03-01-06-02-01-02-01.wav,03-01-06-02-01-02-01.wav,1,train,5,fearful,5,fearful,0.9891216158866882
data/ravdess/audio/Actor_01/03-01-06-02-02-01-01.wav,03-01-06-02-02-01-01.wav,1,train,5,fearful,5,fearful,0.9890662431716919
data/ravdess/audio/Actor_01/03-01-06-02-02-02-01.wav,03-01-06-02-02-02-01.wav,1,train,5,fearful,5,fearful,0.9890987873077393
data/ravdess/audio/Actor_01/03-01-07-01-01-01-01.wav,03-01-07-01-01-01-01.wav,1,train,6,disgust,6,disgust,0.9887118339538574
data/ravdess/audio/Actor_01/03-01-07-01-01-02-01.wav,03-01-07-01-01-02-01.wav,1,train,6,disgust,6,disgust,0.988582968711853
data/ravdess/audio/Actor_01/03-01-07-01-02-01-01.wav,03-01-07-01-02-01-01.wav,1,train,6,disgust,6,disgust,0.9882085919380188
data/ravdess/audio/Actor_01/03-01-07-01-02-02-01.wav,03-01-07-01-02-02-01.wav,1,train,6,disgust,6,disgust,0.9884288907051086
data/ravdess/audio/Actor_01/03-01-07-02-01-01-01.wav,03-01-07-02-01-01-01.wav,1,train,6,disgust,6,disgust,0.9881935715675354
data/ravdess/audio/Actor_01/03-01-07-02-01-02-01.wav,03-01-07-02-01-02-01.wav,1,train,6,disgust,6,disgust,0.9886630177497864
data/ravdess/audio/Actor_01/03-01-07-02-02-01-01.wav,03-01-07-02-02-01-01.wav,1,train,6,disgust,6,disgust,0.9886569380760193
data/ravdess/audio/Actor_01/03-01-07-02-02-02-01.wav,03-01-07-02-02-02-01.wav,1,train,6,disgust,6,disgust,0.9885996580123901
data/ravdess/audio/Actor_01/03-01-08-01-01-01-01.wav,03-01-08-01-01-01-01.wav,1,train,7,surprised,7,surprised,0.9883672595024109
data/ravdess/audio/Actor_01/03-01-08-01-01-02-01.wav,03-01-08-01-01-02-01.wav,1,train,7,surprised,7,surprised,0.9883915781974792
data/ravdess/audio/Actor_01/03-01-08-01-02-01-01.wav,03-01-08-01-02-01-01.wav,1,train,7,surprised,7,surprised,0.9884893298149109
data/ravdess/audio/Actor_01/03-01-08-01-02-02-01.wav,03-01-08-01-02-02-01.wav,1,train,7,surprised,7,surprised,0.9885696768760681
data/ravdess/audio/Actor_01/03-01-08-02-01-01-01.wav,03-01-08-02-01-01-01.wav,1,train,7,surprised,7,surprised,0.9885827302932739
data/ravdess/audio/Actor_01/03-01-08-02-01-02-01.wav,03-01-08-02-01-02-01.wav,1,train,7,surprised,7,surprised,0.9878986477851868
data/ravdess/audio/Actor_01/03-01-08-02-02-01-01.wav,03-01-08-02-02-01-01.wav,1,train,7,surprised,7,surprised,0.9886550903320312
data/ravdess/audio/Actor_01/03-01-08-02-02-02-01.wav,03-01-08-02-02-02-01.wav,1,train,7,surprised,7,surprised,0.9884567260742188
data/ravdess/audio/Actor_02/03-01-01-01-01-01-02.wav,03-01-01-01-01-01-02.wav,2,train,0,neutral,0,neutral,0.9812594056129456
data/ravdess/audio/Actor_02/03-01-01-01-01-02-02.wav,03-01-01-01-01-02-02.wav,2,train,0,neutral,0,neutral,0.9812495112419128
data/ravdess/audio/Actor_02/03-01-01-01-02-01-02.wav,03-01-01-01-02-01-02.wav,2,train,0,neutral,0,neutral,0.9807753562927246
data/ravdess/audio/Actor_02/03-01-01-01-02-02-02.wav,03-01-01-01-02-02-02.wav,2,train,0,neutral,0,neutral,0.9812802672386169
data/ravdess/audio/Actor_02/03-01-02-01-01-01-02.wav,03-01-02-01-01-01-02.wav,2,train,1,calm,1,calm,0.9879895448684692
data/ravdess/audio/Actor_02/03-01-02-01-01-02-02.wav,03-01-02-01-01-02-02.wav,2,train,1,calm,1,calm,0.9881511926651001
data/ravdess/audio/Actor_02/03-01-02-01-02-01-02.wav,03-01-02-01-02-01-02.wav,2,train,1,calm,1,calm,0.988018274307251
data/ravdess/audio/Actor_02/03-01-02-01-02-02-02.wav,03-01-02-01-02-02-02.wav,2,train,1,calm,1,calm,0.9883273243904114
data/ravdess/audio/Actor_02/03-01-02-02-01-01-02.wav,03-01-02-02-01-01-02.wav,2,train,1,calm,1,calm,0.9883912801742554
data/ravdess/audio/Actor_02/03-01-02-02-01-02-02.wav,03-01-02-02-01-02-02.wav,2,train,1,calm,1,calm,0.9883621335029602
data/ravdess/audio/Actor_02/03-01-02-02-02-01-02.wav,03-01-02-02-02-01-02.wav,2,train,1,calm,1,calm,0.9881088137626648
data/ravdess/audio/Actor_02/03-01-02-02-02-02-02.wav,03-01-02-02-02-02-02.wav,2,train,1,calm,1,calm,0.9881539940834045
data/ravdess/audio/Actor_02/03-01-03-01-01-01-02.wav,03-01-03-01-01-01-02.wav,2,train,2,happy,2,happy,0.9886182546615601
data/ravdess/audio/Actor_02/03-01-03-01-01-02-02.wav,03-01-03-01-01-02-02.wav,2,train,2,happy,2,happy,0.9886082410812378
data/ravdess/audio/Actor_02/03-01-03-01-02-01-02.wav,03-01-03-01-02-01-02.wav,2,train,2,happy,2,happy,0.9884507656097412
data/ravdess/audio/Actor_02/03-01-03-01-02-02-02.wav,03-01-03-01-02-02-02.wav,2,train,2,happy,2,happy,0.9870724081993103
data/ravdess/audio/Actor_02/03-01-03-02-01-01-02.wav,03-01-03-02-01-01-02.wav,2,train,2,happy,2,happy,0.9886589646339417
data/ravdess/audio/Actor_02/03-01-03-02-01-02-02.wav,03-01-03-02-01-02-02.wav,2,train,2,happy,2,happy,0.9886723160743713
data/ravdess/audio/Actor_02/03-01-03-02-02-01-02.wav,03-01-03-02-02-01-02.wav,2,train,2,happy,2,happy,0.9887474179267883
data/ravdess/audio/Actor_02/03-01-03-02-02-02-02.wav,03-01-03-02-02-02-02.wav,2,train,2,happy,2,happy,0.9886987805366516
data/ravdess/audio/Actor_02/03-01-04-01-01-01-02.wav,03-01-04-01-01-01-02.wav,2,train,3,sad,3,sad,0.9880572557449341
data/ravdess/audio/Actor_02/03-01-04-01-01-02-02.wav,03-01-04-01-01-02-02.wav,2,train,3,sad,3,sad,0.9880915880203247
data/ravdess/audio/Actor_02/03-01-04-01-02-01-02.wav,03-01-04-01-02-01-02.wav,2,train,3,sad,3,sad,0.9874950051307678
data/ravdess/audio/Actor_02/03-01-04-01-02-02-02.wav,03-01-04-01-02-02-02.wav,2,train,3,sad,3,sad,0.9874351024627686
data/ravdess/audio/Actor_02/03-01-04-02-01-01-02.wav,03-01-04-02-01-01-02.wav,2,train,3,sad,3,sad,0.9883520007133484
data/ravdess/audio/Actor_02/03-01-04-02-01-02-02.wav,03-01-04-02-01-02-02.wav,2,train,3,sad,3,sad,0.9882261157035828
data/ravdess/audio/Actor_02/03-01-04-02-02-01-02.wav,03-01-04-02-02-01-02.wav,2,train,3,sad,3,sad,0.9883070588111877
data/ravdess/audio/Actor_02/03-01-04-02-02-02-02.wav,03-01-04-02-02-02-02.wav,2,train,3,sad,3,sad,0.9883182644844055
data/ravdess/audio/Actor_02/03-01-05-01-01-01-02.wav,03-01-05-01-01-01-02.wav,2,train,4,angry,4,angry,0.9902496933937073
data/ravdess/audio/Actor_02/03-01-05-01-01-02-02.wav,03-01-05-01-01-02-02.wav,2,train,4,angry,4,angry,0.9901859760284424
data/ravdess/audio/Actor_02/03-01-05-01-02-01-02.wav,03-01-05-01-02-01-02.wav,2,train,4,angry,4,angry,0.9903435707092285
data/ravdess/audio/Actor_02/03-01-05-01-02-02-02.wav,03-01-05-01-02-02-02.wav,2,train,4,angry,4,angry,0.9901906251907349
data/ravdess/audio/Actor_02/03-01-05-02-01-01-02.wav,03-01-05-02-01-01-02.wav,2,train,4,angry,4,angry,0.9903931021690369
data/ravdess/audio/Actor_02/03-01-05-02-01-02-02.wav,03-01-05-02-01-02-02.wav,2,train,4,angry,4,angry,0.9903205037117004
data/ravdess/audio/Actor_02/03-01-05-02-02-01-02.wav,03-01-05-02-02-01-02.wav,2,train,4,angry,4,angry,0.9901342988014221
data/ravdess/audio/Actor_02/03-01-05-02-02-02-02.wav,03-01-05-02-02-02-02.wav,2,train,4,angry,4,angry,0.9903201460838318
data/ravdess/audio/Actor_02/03-01-06-01-01-01-02.wav,03-01-06-01-01-01-02.wav,2,train,5,fearful,5,fearful,0.9886044263839722
data/ravdess/audio/Actor_02/03-01-06-01-01-02-02.wav,03-01-06-01-01-02-02.wav,2,train,5,fearful,5,fearful,0.9890055060386658
data/ravdess/audio/Actor_02/03-01-06-01-02-01-02.wav,03-01-06-01-02-01-02.wav,2,train,5,fearful,5,fearful,0.987818717956543
data/ravdess/audio/Actor_02/03-01-06-01-02-02-02.wav,03-01-06-01-02-02-02.wav,2,train,5,fearful,5,fearful,0.9891961812973022
data/ravdess/audio/Actor_02/03-01-06-02-01-01-02.wav,03-01-06-02-01-01-02.wav,2,train,5,fearful,5,fearful,0.9892104864120483
data/ravdess/audio/Actor_02/03-01-06-02-01-02-02.wav,03-01-06-02-01-02-02.wav,2,train,5,fearful,5,fearful,0.9891716837882996
data/ravdess/audio/Actor_02/03-01-06-02-02-01-02.wav,03-01-06-02-02-01-02.wav,2,train,5,fearful,5,fearful,0.9891871809959412
data/ravdess/audio/Actor_02/03-01-06-02-02-02-02.wav,03-01-06-02-02-02-02.wav,2,train,5,fearful,5,fearful,0.9891999959945679
data/ravdess/audio/Actor_02/03-01-07-01-01-01-02.wav,03-01-07-01-01-01-02.wav,2,train,6,disgust,6,disgust,0.9886102676391602
data/ravdess/audio/Actor_02/03-01-07-01-01-02-02.wav,03-01-07-01-01-02-02.wav,2,train,6,disgust,6,disgust,0.9885448813438416
data/ravdess/audio/Actor_02/03-01-07-01-02-01-02.wav,03-01-07-01-02-01-02.wav,2,train,6,disgust,6,disgust,0.9885702729225159
data/ravdess/audio/Actor_02/03-01-07-01-02-02-02.wav,03-01-07-01-02-02-02.wav,2,train,6,disgust,6,disgust,0.9887158274650574
data/ravdess/audio/Actor_02/03-01-07-02-01-01-02.wav,03-01-07-02-01-01-02.wav,2,train,6,disgust,6,disgust,0.9886943697929382
data/ravdess/audio/Actor_02/03-01-07-02-01-02-02.wav,03-01-07-02-01-02-02.wav,2,train,6,disgust,6,disgust,0.9884446859359741
data/ravdess/audio/Actor_02/03-01-07-02-02-01-02.wav,03-01-07-02-02-01-02.wav,2,train,6,disgust,6,disgust,0.9885568618774414
data/ravdess/audio/Actor_02/03-01-07-02-02-02-02.wav,03-01-07-02-02-02-02.wav,2,train,6,disgust,6,disgust,0.9886592626571655
data/ravdess/audio/Actor_02/03-01-08-01-01-01-02.wav,03-01-08-01-01-01-02.wav,2,train,7,surprised,7,surprised,0.9885643124580383
data/ravdess/audio/Actor_02/03-01-08-01-01-02-02.wav,03-01-08-01-01-02-02.wav,2,train,7,surprised,7,surprised,0.988515317440033
data/ravdess/audio/Actor_02/03-01-08-01-02-01-02.wav,03-01-08-01-02-01-02.wav,2,train,7,surprised,7,surprised,0.9883646965026855
data/ravdess/audio/Actor_02/03-01-08-01-02-02-02.wav,03-01-08-01-02-02-02.wav,2,train,7,surprised,7,surprised,0.9884691834449768
data/ravdess/audio/Actor_02/03-01-08-02-01-01-02.wav,03-01-08-02-01-01-02.wav,2,train,7,surprised,7,surprised,0.9884621500968933
data/ravdess/audio/Actor_02/03-01-08-02-01-02-02.wav,03-01-08-02-01-02-02.wav,2,train,7,surprised,7,surprised,0.988423764705658
data/ravdess/audio/Actor_02/03-01-08-02-02-01-02.wav,03-01-08-02-02-01-02.wav,2,train,7,surprised,7,surprised,0.98848557472229
data/ravdess/audio/Actor_02/03-01-08-02-02-02-02.wav,03-01-08-02-02-02-02.wav,2,train,7,surprised,7,surprised,0.9884622693061829
data/ravdess/audio/Actor_03/03-01-01-01-01-01-03.wav,03-01-01-01-01-01-03.wav,3,train,0,neutral,0,neutral,0.9807079434394836
data/ravdess/audio/Actor_03/03-01-01-01-01-02-03.wav,03-01-01-01-01-02-03.wav,3,train,0,neutral,0,neutral,0.9810128808021545
data/ravdess/audio/Actor_03/03-01-01-01-02-01-03.wav,03-01-01-01-02-01-03.wav,3,train,0,neutral,0,neutral,0.9805381894111633
data/ravdess/audio/Actor_03/03-01-01-01-02-02-03.wav,03-01-01-01-02-02-03.wav,3,train,0,neutral,0,neutral,0.9809550642967224
data/ravdess/audio/Actor_03/03-01-02-01-01-01-03.wav,03-01-02-01-01-01-03.wav,3,train,1,calm,1,calm,0.9878526926040649
data/ravdess/audio/Actor_03/03-01-02-01-01-02-03.wav,03-01-02-01-01-02-03.wav,3,train,1,calm,1,calm,0.9879571795463562
data/ravdess/audio/Actor_03/03-01-02-01-02-01-03.wav,03-01-02-01-02-01-03.wav,3,train,1,calm,1,calm,0.9880756139755249
data/ravdess/audio/Actor_03/03-01-02-01-02-02-03.wav,03-01-02-01-02-02-03.wav,3,train,1,calm,1,calm,0.9878820180892944
data/ravdess/audio/Actor_03/03-01-02-02-01-01-03.wav,03-01-02-02-01-01-03.wav,3,train,1,calm,1,calm,0.9876779913902283
data/ravdess/audio/Actor_03/03-01-02-02-01-02-03.wav,03-01-02-02-01-02-03.wav,3,train,1,calm,1,calm,0.9871348738670349
data/ravdess/audio/Actor_03/03-01-02-02-02-01-03.wav,03-01-02-02-02-01-03.wav,3,train,1,calm,1,calm,0.9874252676963806
data/ravdess/audio/Actor_03/03-01-02-02-02-02-03.wav,03-01-02-02-02-02-03.wav,3,train,1,calm,1,calm,0.9877477884292603
data/ravdess/audio/Actor_03/03-01-03-01-01-01-03.wav,03-01-03-01-01-01-03.wav,3,train,2,happy,2,happy,0.9887701272964478
data/ravdess/audio/Actor_03/03-01-03-01-01-02-03.wav,03-01-03-01-01-02-03.wav,3,train,2,happy,2,happy,0.9885163307189941
data/ravdess/audio/Actor_03/03-01-03-01-02-01-03.wav,03-01-03-01-02-01-03.wav,3,train,2,happy,2,happy,0.9872586131095886
data/ravdess/audio/Actor_03/03-01-03-01-02-02-03.wav,03-01-03-01-02-02-03.wav,3,train,2,happy,2,happy,0.9887208342552185
data/ravdess/audio/Actor_03/03-01-03-02-01-01-03.wav,03-01-03-02-01-01-03.wav,3,train,2,happy,2,happy,0.9886834025382996
data/ravdess/audio/Actor_03/03-01-03-02-01-02-03.wav,03-01-03-02-01-02-03.wav,3,train,2,happy,2,happy,0.9887793064117432
data/ravdess/audio/Actor_03/03-01-03-02-02-01-03.wav,03-01-03-02-02-01-03.wav,3,train,2,happy,2,happy,0.988471508026123
data/ravdess/audio/Actor_03/03-01-03-02-02-02-03.wav,03-01-03-02-02-02-03.wav,3,train,2,happy,2,happy,0.9881227612495422
data/ravdess/audio/Actor_03/03-01-04-01-01-01-03.wav,03-01-04-01-01-01-03.wav,3,train,3,sad,3,sad,0.9879498481750488
data/ravdess/audio/Actor_03/03-01-04-01-01-02-03.wav,03-01-04-01-01-02-03.wav,3,train,3,sad,3,sad,0.987886905670166
data/ravdess/audio/Actor_03/03-01-04-01-02-01-03.wav,03-01-04-01-02-01-03.wav,3,train,3,sad,3,sad,0.9878743290901184
data/ravdess/audio/Actor_03/03-01-04-01-02-02-03.wav,03-01-04-01-02-02-03.wav,3,train,3,sad,3,sad,0.9879882335662842
data/ravdess/audio/Actor_03/03-01-04-02-01-01-03.wav,03-01-04-02-01-01-03.wav,3,train,3,sad,3,sad,0.9871134757995605
data/ravdess/audio/Actor_03/03-01-04-02-01-02-03.wav,03-01-04-02-01-02-03.wav,3,train,3,sad,3,sad,0.9871894717216492
data/ravdess/audio/Actor_03/03-01-04-02-02-01-03.wav,03-01-04-02-02-01-03.wav,3,train,3,sad,3,sad,0.9882937669754028
data/ravdess/audio/Actor_03/03-01-04-02-02-02-03.wav,03-01-04-02-02-02-03.wav,3,train,3,sad,3,sad,0.9883812069892883
data/ravdess/audio/Actor_03/03-01-05-01-01-01-03.wav,03-01-05-01-01-01-03.wav,3,train,4,angry,4,angry,0.9903330206871033
data/ravdess/audio/Actor_03/03-01-05-01-01-02-03.wav,03-01-05-01-01-02-03.wav,3,train,4,angry,4,angry,0.990429162979126
data/ravdess/audio/Actor_03/03-01-05-01-02-01-03.wav,03-01-05-01-02-01-03.wav,3,train,4,angry,4,angry,0.9903876185417175
data/ravdess/audio/Actor_03/03-01-05-01-02-02-03.wav,03-01-05-01-02-02-03.wav,3,train,4,angry,4,angry,0.9904904365539551
data/ravdess/audio/Actor_03/03-01-05-02-01-01-03.wav,03-01-05-02-01-01-03.wav,3,train,4,angry,4,angry,0.9904801249504089
data/ravdess/audio/Actor_03/03-01-05-02-01-02-03.wav,03-01-05-02-01-02-03.wav,3,train,4,angry,4,angry,0.9904678463935852
data/ravdess/audio/Actor_03/03-01-05-02-02-01-03.wav,03-01-05-02-02-01-03.wav,3,train,4,angry,4,angry,0.9904778003692627
data/ravdess/audio/Actor_03/03-01-05-02-02-02-03.wav,03-01-05-02-02-02-03.wav,3,train,4,angry,4,angry,0.9904760122299194
data/ravdess/audio/Actor_03/03-01-06-01-01-01-03.wav,03-01-06-01-01-01-03.wav,3,train,5,fearful,5,fearful,0.9892032742500305
data/ravdess/audio/Actor_03/03-01-06-01-01-02-03.wav,03-01-06-01-01-02-03.wav,3,train,5,fearful,5,fearful,0.9889312386512756
data/ravdess/audio/Actor_03/03-01-06-01-02-01-03.wav,03-01-06-01-02-01-03.wav,3,train,5,fearful,5,fearful,0.9889920949935913
data/ravdess/audio/Actor_03/03-01-06-01-02-02-03.wav,03-01-06-01-02-02-03.wav,3,train,5,fearful,5,fearful,0.9892047047615051
data/ravdess/audio/Actor_03/03-01-06-02-01-01-03.wav,03-01-06-02-01-01-03.wav,3,train,5,fearful,5,fearful,0.9888021945953369
data/ravdess/audio/Actor_03/03-01-06-02-01-02-03.wav,03-01-06-02-01-02-03.wav,3,train,5,fearful,5,fearful,0.9891204833984375
data/ravdess/audio/Actor_03/03-01-06-02-02-01-03.wav,03-01-06-02-02-01-03.wav,3,train,5,fearful,5,fearful,0.9891114830970764
data/ravdess/audio/Actor_03/03-01-06-02-02-02-03.wav,03-01-06-02-02-02-03.wav,3,train,5,fearful,5,fearful,0.9889057874679565
data/ravdess/audio/Actor_03/03-01-07-01-01-01-03.wav,03-01-07-01-01-01-03.wav,3,train,6,disgust,6,disgust,0.9884198904037476
data/ravdess/audio/Actor_03/03-01-07-01-01-02-03.wav,03-01-07-01-01-02-03.wav,3,train,6,disgust,6,disgust,0.9877386093139648
data/ravdess/audio/Actor_03/03-01-07-01-02-01-03.wav,03-01-07-01-02-01-03.wav,3,train,6,disgust,6,disgust,0.9885053634643555
data/ravdess/audio/Actor_03/03-01-07-01-02-02-03.wav,03-01-07-01-02-02-03.wav,3,train,6,disgust,6,disgust,0.9881318807601929
data/ravdess/audio/Actor_03/03-01-07-02-01-01-03.wav,03-01-07-02-01-01-03.wav,3,train,6,disgust,6,disgust,0.9887295365333557
data/ravdess/audio/Actor_03/03-01-07-02-01-02-03.wav,03-01-07-02-01-02-03.wav,3,train,6,disgust,6,disgust,0.9884687066078186
data/ravdess/audio/Actor_03/03-01-07-02-02-01-03.wav,03-01-07-02-02-01-03.wav,3,train,6,disgust,6,disgust,0.9886000752449036
data/ravdess/audio/Actor_03/03-01-07-02-02-02-03.wav,03-01-07-02-02-02-03.wav,3,train,6,disgust,6,disgust,0.9884942173957825
data/ravdess/audio/Actor_03/03-01-08-01-01-01-03.wav,03-01-08-01-01-01-03.wav,3,train,7,surprised,7,surprised,0.9886830449104309
data/ravdess/audio/Actor_03/03-01-08-01-01-02-03.wav,03-01-08-01-01-02-03.wav,3,train,7,surprised,7,surprised,0.9888253808021545
data/ravdess/audio/Actor_03/03-01-08-01-02-01-03.wav,03-01-08-01-02-01-03.wav,3,train,7,surprised,7,surprised,0.9885526895523071
data/ravdess/audio/Actor_03/03-01-08-01-02-02-03.wav,03-01-08-01-02-02-03.wav,3,train,7,surprised,7,surprised,0.9887950420379639
data/ravdess/audio/Actor_03/03-01-08-02-01-01-03.wav,03-01-08-02-01-01-03.wav,3,train,7,surprised,7,surprised,0.9882013201713562
data/ravdess/audio/Actor_03/03-01-08-02-01-02-03.wav,03-01-08-02-01-02-03.wav,3,train,7,surprised,7,surprised,0.9886651039123535
data/ravdess/audio/Actor_03/03-01-08-02-02-01-03.wav,03-01-08-02-02-01-03.wav,3,train,7,surprised,7,surprised,0.9885433912277222
data/ravdess/audio/Actor_03/03-01-08-02-02-02-03.wav,03-01-08-02-02-02-03.wav,3,train,7,surprised,7,surprised,0.9885767102241516
data/ravdess/audio/Actor_04/03-01-01-01-01-01-04.wav,03-01-01-01-01-01-04.wav,4,train,0,neutral,0,neutral,0.9813303351402283
data/ravdess/audio/Actor_04/03-01-01-01-01-02-04.wav,03-01-01-01-01-02-04.wav,4,train,0,neutral,0,neutral,0.9806039929389954
data/ravdess/audio/Actor_04/03-01-01-01-02-01-04.wav,03-01-01-01-02-01-04.wav,4,train,0,neutral,0,neutral,0.9810200333595276
data/ravdess/audio/Actor_04/03-01-01-01-02-02-04.wav,03-01-01-01-02-02-04.wav,4,train,0,neutral,0,neutral,0.9804965853691101
data/ravdess/audio/Actor_04/03-01-02-01-01-01-04.wav,03-01-02-01-01-01-04.wav,4,train,1,calm,1,calm,0.9874722957611084
data/ravdess/audio/Actor_04/03-01-02-01-01-02-04.wav,03-01-02-01-01-02-04.wav,4,train,1,calm,1,calm,0.9878881573677063
data/ravdess/audio/Actor_04/03-01-02-01-02-01-04.wav,03-01-02-01-02-01-04.wav,4,train,1,calm,1,calm,0.9879898428916931
data/ravdess/audio/Actor_04/03-01-02-01-02-02-04.wav,03-01-02-01-02-02-04.wav,4,train,1,calm,1,calm,0.9879817366600037
data/ravdess/audio/Actor_04/03-01-02-02-01-01-04.wav,03-01-02-02-01-01-04.wav,4,train,1,calm,1,calm,0.9881476759910583
data/ravdess/audio/Actor_04/03-01-02-02-01-02-04.wav,03-01-02-02-01-02-04.wav,4,train,1,calm,1,calm,0.9880232810974121
data/ravdess/audio/Actor_04/03-01-02-02-02-01-04.wav,03-01-02-02-02-01-04.wav,4,train,1,calm,1,calm,0.9877585768699646
data/ravdess/audio/Actor_04/03-01-02-02-02-02-04.wav,03-01-02-02-02-02-04.wav,4,train,1,calm,1,calm,0.9882619976997375
data/ravdess/audio/Actor_04/03-01-03-01-01-01-04.wav,03-01-03-01-01-01-04.wav,4,train,2,happy,2,happy,0.9886488318443298
data/ravdess/audio/Actor_04/03-01-03-01-01-02-04.wav,03-01-03-01-01-02-04.wav,4,train,2,happy,2,happy,0.9885335564613342
data/ravdess/audio/Actor_04/03-01-03-01-02-01-04.wav,03-01-03-01-02-01-04.wav,4,train,2,happy,2,happy,0.9885889291763306
data/ravdess/audio/Actor_04/03-01-03-01-02-02-04.wav,03-01-03-01-02-02-04.wav,4,train,2,happy,2,happy,0.9884804487228394
data/ravdess/audio/Actor_04/03-01-03-02-01-01-04.wav,03-01-03-02-01-01-04.wav,4,train,2,happy,2,happy,0.9885593056678772
data/ravdess/audio/Actor_04/03-01-03-02-01-02-04.wav,03-01-03-02-01-02-04.wav,4,train,2,happy,2,happy,0.9886205196380615
data/ravdess/audio/Actor_04/03-01-03-02-02-01-04.wav,03-01-03-02-02-01-04.wav,4,train,2,happy,2,happy,0.9823396801948547
data/ravdess/audio/Actor_04/03-01-03-02-02-02-04.wav,03-01-03-02-02-02-04.wav,4,train,2,happy,2,happy,0.9884781241416931
data/ravdess/audio/Actor_04/03-01-04-01-01-01-04.wav,03-01-04-01-01-01-04.wav,4,train,3,sad,3,sad,0.9874158501625061
data/ravdess/audio/Actor_04/03-01-04-01-01-02-04.wav,03-01-04-01-01-02-04.wav,4,train,3,sad,0,neutral,0.5967128872871399
data/ravdess/audio/Actor_04/03-01-04-01-02-01-04.wav,03-01-04-01-02-01-04.wav,4,train,3,sad,0,neutral,0.970162034034729
data/ravdess/audio/Actor_04/03-01-04-01-02-02-04.wav,03-01-04-01-02-02-04.wav,4,train,3,sad,3,sad,0.988373875617981
data/ravdess/audio/Actor_04/03-01-04-02-01-01-04.wav,03-01-04-02-01-01-04.wav,4,train,3,sad,3,sad,0.9882440567016602
data/ravdess/audio/Actor_04/03-01-04-02-01-02-04.wav,03-01-04-02-01-02-04.wav,4,train,3,sad,3,sad,0.9882189035415649
data/ravdess/audio/Actor_04/03-01-04-02-02-01-04.wav,03-01-04-02-02-01-04.wav,4,train,3,sad,3,sad,0.9832302927970886
data/ravdess/audio/Actor_04/03-01-04-02-02-02-04.wav,03-01-04-02-02-02-04.wav,4,train,3,sad,3,sad,0.987818717956543
data/ravdess/audio/Actor_04/03-01-05-01-01-01-04.wav,03-01-05-01-01-01-04.wav,4,train,4,angry,4,angry,0.9903146624565125
data/ravdess/audio/Actor_04/03-01-05-01-01-02-04.wav,03-01-05-01-01-02-04.wav,4,train,4,angry,4,angry,0.9902573823928833
data/ravdess/audio/Actor_04/03-01-05-01-02-01-04.wav,03-01-05-01-02-01-04.wav,4,train,4,angry,4,angry,0.9902605414390564
data/ravdess/audio/Actor_04/03-01-05-01-02-02-04.wav,03-01-05-01-02-02-04.wav,4,train,4,angry,4,angry,0.9902979731559753
data/ravdess/audio/Actor_04/03-01-05-02-01-01-04.wav,03-01-05-02-01-01-04.wav,4,train,4,angry,4,angry,0.9904854893684387
data/ravdess/audio/Actor_04/03-01-05-02-01-02-04.wav,03-01-05-02-01-02-04.wav,4,train,4,angry,4,angry,0.9904022216796875
data/ravdess/audio/Actor_04/03-01-05-02-02-01-04.wav,03-01-05-02-02-01-04.wav,4,train,4,angry,4,angry,0.9904554486274719
data/ravdess/audio/Actor_04/03-01-05-02-02-02-04.wav,03-01-05-02-02-02-04.wav,4,train,4,angry,4,angry,0.9904531240463257
data/ravdess/audio/Actor_04/03-01-06-01-01-01-04.wav,03-01-06-01-01-01-04.wav,4,train,5,fearful,5,fearful,0.9887697696685791
data/ravdess/audio/Actor_04/03-01-06-01-01-02-04.wav,03-01-06-01-01-02-04.wav,4,train,5,fearful,5,fearful,0.9867841005325317
data/ravdess/audio/Actor_04/03-01-06-01-02-01-04.wav,03-01-06-01-02-01-04.wav,4,train,5,fearful,5,fearful,0.9890782237052917
data/ravdess/audio/Actor_04/03-01-06-01-02-02-04.wav,03-01-06-01-02-02-04.wav,4,train,5,fearful,5,fearful,0.9888564944267273
data/ravdess/audio/Actor_04/03-01-06-02-01-01-04.wav,03-01-06-02-01-01-04.wav,4,train,5,fearful,5,fearful,0.9892527461051941
data/ravdess/audio/Actor_04/03-01-06-02-01-02-04.wav,03-01-06-02-01-02-04.wav,4,train,5,fearful,5,fearful,0.9891592860221863
data/ravdess/audio/Actor_04/03-01-06-02-02-01-04.wav,03-01-06-02-02-01-04.wav,4,train,5,fearful,5,fearful,0.9852692484855652
data/ravdess/audio/Actor_04/03-01-06-02-02-02-04.wav,03-01-06-02-02-02-04.wav,4,train,5,fearful,5,fearful,0.9890887141227722
data/ravdess/audio/Actor_04/03-01-07-01-01-01-04.wav,03-01-07-01-01-01-04.wav,4,train,6,disgust,6,disgust,0.9876000881195068
data/ravdess/audio/Actor_04/03-01-07-01-01-02-04.wav,03-01-07-01-01-02-04.wav,4,train,6,disgust,6,disgust,0.9885560870170593
data/ravdess/audio/Actor_04/03-01-07-01-02-01-04.wav,03-01-07-01-02-01-04.wav,4,train,6,disgust,6,disgust,0.9886625409126282
data/ravdess/audio/Actor_04/03-01-07-01-02-02-04.wav,03-01-07-01-02-02-04.wav,4,train,6,disgust,6,disgust,0.9886683821678162
data/ravdess/audio/Actor_04/03-01-07-02-01-01-04.wav,03-01-07-02-01-01-04.wav,4,train,6,disgust,6,disgust,0.9883701801300049
data/ravdess/audio/Actor_04/03-01-07-02-01-02-04.wav,03-01-07-02-01-02-04.wav,4,train,6,disgust,6,disgust,0.9882670044898987
data/ravdess/audio/Actor_04/03-01-07-02-02-01-04.wav,03-01-07-02-02-01-04.wav,4,train,6,disgust,6,disgust,0.9881177544593811
data/ravdess/audio/Actor_04/03-01-07-02-02-02-04.wav,03-01-07-02-02-02-04.wav,4,train,6,disgust,6,disgust,0.98831707239151
data/ravdess/audio/Actor_04/03-01-08-01-01-01-04.wav,03-01-08-01-01-01-04.wav,4,train,7,surprised,7,surprised,0.9885246157646179
data/ravdess/audio/Actor_04/03-01-08-01-01-02-04.wav,03-01-08-01-01-02-04.wav,4,train,7,surprised,7,surprised,0.9886547327041626
data/ravdess/audio/Actor_04/03-01-08-01-02-01-04.wav,03-01-08-01-02-01-04.wav,4,train,7,surprised,7,surprised,0.9875373244285583
data/ravdess/audio/Actor_04/03-01-08-01-02-02-04.wav,03-01-08-01-02-02-04.wav,4,train,7,surprised,7,surprised,0.9883154630661011
data/ravdess/audio/Actor_04/03-01-08-02-01-01-04.wav,03-01-08-02-01-01-04.wav,4,train,7,surprised,7,surprised,0.9884612560272217
data/ravdess/audio/Actor_04/03-01-08-02-01-02-04.wav,03-01-08-02-01-02-04.wav,4,train,7,surprised,7,surprised,0.9885073900222778
data/ravdess/audio/Actor_04/03-01-08-02-02-01-04.wav,03-01-08-02-02-01-04.wav,4,train,7,surprised,7,surprised,0.9885699152946472
data/ravdess/audio/Actor_04/03-01-08-02-02-02-04.wav,03-01-08-02-02-02-04.wav,4,train,7,surprised,7,surprised,0.9885731935501099
data/ravdess/audio/Actor_05/03-01-01-01-01-01-05.wav,03-01-01-01-01-01-05.wav,5,train,0,neutral,0,neutral,0.9794996976852417
data/ravdess/audio/Actor_05/03-01-01-01-01-02-05.wav,03-01-01-01-01-02-05.wav,5,train,0,neutral,0,neutral,0.9792724251747131
data/ravdess/audio/Actor_05/03-01-01-01-02-01-05.wav,03-01-01-01-02-01-05.wav,5,train,0,neutral,0,neutral,0.9793144464492798
data/ravdess/audio/Actor_05/03-01-01-01-02-02-05.wav,03-01-01-01-02-02-05.wav,5,train,0,neutral,0,neutral,0.9799880981445312
data/ravdess/audio/Actor_05/03-01-02-01-01-01-05.wav,03-01-02-01-01-01-05.wav,5,train,1,calm,1,calm,0.987972617149353
data/ravdess/audio/Actor_05/03-01-02-01-01-02-05.wav,03-01-02-01-01-02-05.wav,5,train,1,calm,1,calm,0.9882475733757019
data/ravdess/audio/Actor_05/03-01-02-01-02-01-05.wav,03-01-02-01-02-01-05.wav,5,train,1,calm,1,calm,0.9882010221481323
data/ravdess/audio/Actor_05/03-01-02-01-02-02-05.wav,03-01-02-01-02-02-05.wav,5,train,1,calm,1,calm,0.9881595373153687
data/ravdess/audio/Actor_05/03-01-02-02-01-01-05.wav,03-01-02-02-01-01-05.wav,5,train,1,calm,1,calm,0.9881141781806946
data/ravdess/audio/Actor_05/03-01-02-02-01-02-05.wav,03-01-02-02-01-02-05.wav,5,train,1,calm,1,calm,0.9881002902984619
data/ravdess/audio/Actor_05/03-01-02-02-02-01-05.wav,03-01-02-02-02-01-05.wav,5,train,1,calm,1,calm,0.9880822896957397
data/ravdess/audio/Actor_05/03-01-02-02-02-02-05.wav,03-01-02-02-02-02-05.wav,5,train,1,calm,1,calm,0.9881960153579712
data/ravdess/audio/Actor_05/03-01-03-01-01-01-05.wav,03-01-03-01-01-01-05.wav,5,train,2,happy,2,happy,0.9887552857398987
data/ravdess/audio/Actor_05/03-01-03-01-01-02-05.wav,03-01-03-01-01-02-05.wav,5,train,2,happy,2,happy,0.988271176815033
data/ravdess/audio/Actor_05/03-01-03-01-02-01-05.wav,03-01-03-01-02-01-05.wav,5,train,2,happy,2,happy,0.988628089427948
data/ravdess/audio/Actor_05/03-01-03-01-02-02-05.wav,03-01-03-01-02-02-05.wav,5,train,2,happy,2,happy,0.9879091382026672
data/ravdess/audio/Actor_05/03-01-03-02-01-01-05.wav,03-01-03-02-01-01-05.wav,5,train,2,happy,2,happy,0.9883374571800232
data/ravdess/audio/Actor_05/03-01-03-02-01-02-05.wav,03-01-03-02-01-02-05.wav,5,train,2,happy,2,happy,0.988345742225647
data/ravdess/audio/Actor_05/03-01-03-02-02-01-05.wav,03-01-03-02-02-01-05.wav,5,train,2,happy,2,happy,0.9887883067131042
data/ravdess/audio/Actor_05/03-01-03-02-02-02-05.wav,03-01-03-02-02-02-05.wav,5,train,2,happy,2,happy,0.9885894060134888
data/ravdess/audio/Actor_05/03-01-04-01-01-01-05.wav,03-01-04-01-01-01-05.wav,5,train,3,sad,3,sad,0.5022704005241394
data/ravdess/audio/Actor_05/03-01-04-01-01-02-05.wav,03-01-04-01-01-02-05.wav,5,train,3,sad,3,sad,0.9862558245658875
data/ravdess/audio/Actor_05/03-01-04-01-02-01-05.wav,03-01-04-01-02-01-05.wav,5,train,3,sad,3,sad,0.9881054162979126
data/ravdess/audio/Actor_05/03-01-04-01-02-02-05.wav,03-01-04-01-02-02-05.wav,5,train,3,sad,3,sad,0.988248348236084
data/ravdess/audio/Actor_05/03-01-04-02-01-01-05.wav,03-01-04-02-01-01-05.wav,5,train,3,sad,3,sad,0.9880663156509399
data/ravdess/audio/Actor_05/03-01-04-02-01-02-05.wav,03-01-04-02-01-02-05.wav,5,train,3,sad,3,sad,0.9882925152778625
data/ravdess/audio/Actor_05/03-01-04-02-02-01-05.wav,03-01-04-02-02-01-05.wav,5,train,3,sad,3,sad,0.987941563129425
data/ravdess/audio/Actor_05/03-01-04-02-02-02-05.wav,03-01-04-02-02-02-05.wav,5,train,3,sad,3,sad,0.9879046082496643
data/ravdess/audio/Actor_05/03-01-05-01-01-01-05.wav,03-01-05-01-01-01-05.wav,5,train,4,angry,4,angry,0.9903342127799988
data/ravdess/audio/Actor_05/03-01-05-01-01-02-05.wav,03-01-05-01-01-02-05.wav,5,train,4,angry,4,angry,0.9903786182403564
data/ravdess/audio/Actor_05/03-01-05-01-02-01-05.wav,03-01-05-01-02-01-05.wav,5,train,4,angry,4,angry,0.9902284145355225
data/ravdess/audio/Actor_05/03-01-05-01-02-02-05.wav,03-01-05-01-02-02-05.wav,5,train,4,angry,4,angry,0.9901930093765259
data/ravdess/audio/Actor_05/03-01-05-02-01-01-05.wav,03-01-05-02-01-01-05.wav,5,train,4,angry,4,angry,0.9903627038002014
data/ravdess/audio/Actor_05/03-01-05-02-01-02-05.wav,03-01-05-02-01-02-05.wav,5,train,4,angry,4,angry,0.9904624819755554
data/ravdess/audio/Actor_05/03-01-05-02-02-01-05.wav,03-01-05-02-02-01-05.wav,5,train,4,angry,4,angry,0.9905015230178833
data/ravdess/audio/Actor_05/03-01-05-02-02-02-05.wav,03-01-05-02-02-02-05.wav,5,train,4,angry,4,angry,0.9903558492660522
data/ravdess/audio/Actor_05/03-01-06-01-01-01-05.wav,03-01-06-01-01-01-05.wav,5,train,5,fearful,5,fearful,0.9891437888145447
data/ravdess/audio/Actor_05/03-01-06-01-01-02-05.wav,03-01-06-01-01-02-05.wav,5,train,5,fearful,5,fearful,0.9892237186431885
data/ravdess/audio/Actor_05/03-01-06-01-02-01-05.wav,03-01-06-01-02-01-05.wav,5,train,5,fearful,5,fearful,0.9892187714576721
data/ravdess/audio/Actor_05/03-01-06-01-02-02-05.wav,03-01-06-01-02-02-05.wav,5,train,5,fearful,5,fearful,0.9868534803390503
data/ravdess/audio/Actor_05/03-01-06-02-01-01-05.wav,03-01-06-02-01-01-05.wav,5,train,5,fearful,5,fearful,0.9891981482505798
data/ravdess/audio/Actor_05/03-01-06-02-01-02-05.wav,03-01-06-02-01-02-05.wav,5,train,5,fearful,5,fearful,0.9889867305755615
data/ravdess/audio/Actor_05/03-01-06-02-02-01-05.wav,03-01-06-02-02-01-05.wav,5,train,5,fearful,5,fearful,0.9892190098762512
data/ravdess/audio/Actor_05/03-01-06-02-02-02-05.wav,03-01-06-02-02-02-05.wav,5,train,5,fearful,5,fearful,0.989267110824585
data/ravdess/audio/Actor_05/03-01-07-01-01-01-05.wav,03-01-07-01-01-01-05.wav,5,train,6,disgust,6,disgust,0.9879975318908691
data/ravdess/audio/Actor_05/03-01-07-01-01-02-05.wav,03-01-07-01-01-02-05.wav,5,train,6,disgust,6,disgust,0.9868916869163513
data/ravdess/audio/Actor_05/03-01-07-01-02-01-05.wav,03-01-07-01-02-01-05.wav,5,train,6,disgust,6,disgust,0.9882668852806091
data/ravdess/audio/Actor_05/03-01-07-01-02-02-05.wav,03-01-07-01-02-02-05.wav,5,train,6,disgust,6,disgust,0.9887596368789673
data/ravdess/audio/Actor_05/03-01-07-02-01-01-05.wav,03-01-07-02-01-01-05.wav,5,train,6,disgust,6,disgust,0.9885213375091553
data/ravdess/audio/Actor_05/03-01-07-02-01-02-05.wav,03-01-07-02-01-02-05.wav,5,train,6,disgust,6,disgust,0.9864740967750549
data/ravdess/audio/Actor_05/03-01-07-02-02-01-05.wav,03-01-07-02-02-01-05.wav,5,train,6,disgust,6,disgust,0.988512396812439
data/ravdess/audio/Actor_05/03-01-07-02-02-02-05.wav,03-01-07-02-02-02-05.wav,5,train,6,disgust,6,disgust,0.9884260892868042
data/ravdess/audio/Actor_05/03-01-08-01-01-01-05.wav,03-01-08-01-01-01-05.wav,5,train,7,surprised,7,surprised,0.988627016544342
data/ravdess/audio/Actor_05/03-01-08-01-01-02-05.wav,03-01-08-01-01-02-05.wav,5,train,7,surprised,7,surprised,0.9880288243293762
data/ravdess/audio/Actor_05/03-01-08-01-02-01-05.wav,03-01-08-01-02-01-05.wav,5,train,7,surprised,7,surprised,0.9884474873542786
data/ravdess/audio/Actor_05/03-01-08-01-02-02-05.wav,03-01-08-01-02-02-05.wav,5,train,7,surprised,7,surprised,0.9882701635360718
data/ravdess/audio/Actor_05/03-01-08-02-01-01-05.wav,03-01-08-02-01-01-05.wav,5,train,7,surprised,7,surprised,0.9886406660079956
data/ravdess/audio/Actor_05/03-01-08-02-01-02-05.wav,03-01-08-02-01-02-05.wav,5,train,7,surprised,7,surprised,0.9886854887008667
data/ravdess/audio/Actor_05/03-01-08-02-02-01-05.wav,03-01-08-02-02-01-05.wav,5,train,7,surprised,7,surprised,0.9887065887451172
data/ravdess/audio/Actor_05/03-01-08-02-02-02-05.wav,03-01-08-02-02-02-05.wav,5,train,7,surprised,7,surprised,0.9886564016342163
data/ravdess/audio/Actor_06/03-01-01-01-01-01-06.wav,03-01-01-01-01-01-06.wav,6,train,0,neutral,0,neutral,0.9807209968566895
data/ravdess/audio/Actor_06/03-01-01-01-01-02-06.wav,03-01-01-01-01-02-06.wav,6,train,0,neutral,0,neutral,0.980732798576355
data/ravdess/audio/Actor_06/03-01-01-01-02-01-06.wav,03-01-01-01-02-01-06.wav,6,train,0,neutral,0,neutral,0.9806790351867676
data/ravdess/audio/Actor_06/03-01-01-01-02-02-06.wav,03-01-01-01-02-02-06.wav,6,train,0,neutral,0,neutral,0.9805902242660522
data/ravdess/audio/Actor_06/03-01-02-01-01-01-06.wav,03-01-02-01-01-01-06.wav,6,train,1,calm,1,calm,0.9882944822311401
data/ravdess/audio/Actor_06/03-01-02-01-01-02-06.wav,03-01-02-01-01-02-06.wav,6,train,1,calm,1,calm,0.9882988929748535
data/ravdess/audio/Actor_06/03-01-02-01-02-01-06.wav,03-01-02-01-02-01-06.wav,6,train,1,calm,1,calm,0.9881166219711304
data/ravdess/audio/Actor_06/03-01-02-01-02-02-06.wav,03-01-02-01-02-02-06.wav,6,train,1,calm,1,calm,0.9879242181777954
data/ravdess/audio/Actor_06/03-01-02-02-01-01-06.wav,03-01-02-02-01-01-06.wav,6,train,1,calm,1,calm,0.9882568717002869
data/ravdess/audio/Actor_06/03-01-02-02-01-02-06.wav,03-01-02-02-01-02-06.wav,6,train,1,calm,1,calm,0.9881693124771118
data/ravdess/audio/Actor_06/03-01-02-02-02-01-06.wav,03-01-02-02-02-01-06.wav,6,train,1,calm,1,calm,0.9883158802986145
data/ravdess/audio/Actor_06/03-01-02-02-02-02-06.wav,03-01-02-02-02-02-06.wav,6,train,1,calm,1,calm,0.9882381558418274
data/ravdess/audio/Actor_06/03-01-03-01-01-01-06.wav,03-01-03-01-01-01-06.wav,6,train,2,happy,2,happy,0.9881933331489563
data/ravdess/audio/Actor_06/03-01-03-01-01-02-06.wav,03-01-03-01-01-02-06.wav,6,train,2,happy,2,happy,0.9884420037269592
data/ravdess/audio/Actor_06/03-01-03-01-02-01-06.wav,03-01-03-01-02-01-06.wav,6,train,2,happy,2,happy,0.9882640838623047
data/ravdess/audio/Actor_06/03-01-03-01-02-02-06.wav,03-01-03-01-02-02-06.wav,6,train,2,happy,2,happy,0.9883282780647278
data/ravdess/audio/Actor_06/03-01-03-02-01-01-06.wav,03-01-03-02-01-01-06.wav,6,train,2,happy,2,happy,0.9818905591964722
data/ravdess/audio/Actor_06/03-01-03-02-01-02-06.wav,03-01-03-02-01-02-06.wav,6,train,2,happy,2,happy,0.9876374006271362
data/ravdess/audio/Actor_06/03-01-03-02-02-01-06.wav,03-01-03-02-02-01-06.wav,6,train,2,happy,2,happy,0.9884518384933472
data/ravdess/audio/Actor_06/03-01-03-02-02-02-06.wav,03-01-03-02-02-02-06.wav,6,train,2,happy,2,happy,0.9879944324493408
data/ravdess/audio/Actor_06/03-01-04-01-01-01-06.wav,03-01-04-01-01-01-06.wav,6,train,3,sad,3,sad,0.9876177906990051
data/ravdess/audio/Actor_06/03-01-04-01-01-02-06.wav,03-01-04-01-01-02-06.wav,6,train,3,sad,3,sad,0.9881160259246826
data/ravdess/audio/Actor_06/03-01-04-01-02-01-06.wav,03-01-04-01-02-01-06.wav,6,train,3,sad,3,sad,0.988017201423645
data/ravdess/audio/Actor_06/03-01-04-01-02-02-06.wav,03-01-04-01-02-02-06.wav,6,train,3,sad,3,sad,0.9880301356315613
data/ravdess/audio/Actor_06/03-01-04-02-01-01-06.wav,03-01-04-02-01-01-06.wav,6,train,3,sad,3,sad,0.9857372045516968
data/ravdess/audio/Actor_06/03-01-04-02-01-02-06.wav,03-01-04-02-01-02-06.wav,6,train,3,sad,3,sad,0.9884614944458008
data/ravdess/audio/Actor_06/03-01-04-02-02-01-06.wav,03-01-04-02-02-01-06.wav,6,train,3,sad,3,sad,0.9879471659660339
data/ravdess/audio/Actor_06/03-01-04-02-02-02-06.wav,03-01-04-02-02-02-06.wav,6,train,3,sad,3,sad,0.9882099628448486
data/ravdess/audio/Actor_06/03-01-05-01-01-01-06.wav,03-01-05-01-01-01-06.wav,6,train,4,angry,4,angry,0.9902120232582092
data/ravdess/audio/Actor_06/03-01-05-01-01-02-06.wav,03-01-05-01-01-02-06.wav,6,train,4,angry,4,angry,0.9901538491249084
data/ravdess/audio/Actor_06/03-01-05-01-02-01-06.wav,03-01-05-01-02-01-06.wav,6,train,4,angry,4,angry,0.9902592897415161
data/ravdess/audio/Actor_06/03-01-05-01-02-02-06.wav,03-01-05-01-02-02-06.wav,6,train,4,angry,4,angry,0.9903486967086792
data/ravdess/audio/Actor_06/03-01-05-02-01-01-06.wav,03-01-05-02-01-01-06.wav,6,train,4,angry,4,angry,0.9903362989425659
data/ravdess/audio/Actor_06/03-01-05-02-01-02-06.wav,03-01-05-02-01-02-06.wav,6,train,4,angry,4,angry,0.9904069304466248
data/ravdess/audio/Actor_06/03-01-05-02-02-01-06.wav,03-01-05-02-02-01-06.wav,6,train,4,angry,4,angry,0.9904519319534302
data/ravdess/audio/Actor_06/03-01-05-02-02-02-06.wav,03-01-05-02-02-02-06.wav,6,train,4,angry,4,angry,0.9904564023017883
data/ravdess/audio/Actor_06/03-01-06-01-01-01-06.wav,03-01-06-01-01-01-06.wav,6,train,5,fearful,5,fearful,0.9891951084136963
data/ravdess/audio/Actor_06/03-01-06-01-01-02-06.wav,03-01-06-01-01-02-06.wav,6,train,5,fearful,5,fearful,0.9890605211257935
data/ravdess/audio/Actor_06/03-01-06-01-02-01-06.wav,03-01-06-01-02-01-06.wav,6,train,5,fearful,5,fearful,0.9890897870063782
data/ravdess/audio/Actor_06/03-01-06-01-02-02-06.wav,03-01-06-01-02-02-06.wav,6,train,5,fearful,5,fearful,0.9752893447875977
data/ravdess/audio/Actor_06/03-01-06-02-01-01-06.wav,03-01-06-02-01-01-06.wav,6,train,5,fearful,5,fearful,0.98915034532547
data/ravdess/audio/Actor_06/03-01-06-02-01-02-06.wav,03-01-06-02-01-02-06.wav,6,train,5,fearful,5,fearful,0.9888648986816406
data/ravdess/audio/Actor_06/03-01-06-02-02-01-06.wav,03-01-06-02-02-01-06.wav,6,train,5,fearful,5,fearful,0.9891018271446228
data/ravdess/audio/Actor_06/03-01-06-02-02-02-06.wav,03-01-06-02-02-02-06.wav,6,train,5,fearful,5,fearful,0.9890174865722656
data/ravdess/audio/Actor_06/03-01-07-01-01-01-06.wav,03-01-07-01-01-01-06.wav,6,train,6,disgust,6,disgust,0.9881755113601685
data/ravdess/audio/Actor_06/03-01-07-01-01-02-06.wav,03-01-07-01-01-02-06.wav,6,train,6,disgust,6,disgust,0.9883133172988892
data/ravdess/audio/Actor_06/03-01-07-01-02-01-06.wav,03-01-07-01-02-01-06.wav,6,train,6,disgust,6,disgust,0.9884105920791626
data/ravdess/audio/Actor_06/03-01-07-01-02-02-06.wav,03-01-07-01-02-02-06.wav,6,train,6,disgust,6,disgust,0.988334059715271
data/ravdess/audio/Actor_06/03-01-07-02-01-01-06.wav,03-01-07-02-01-01-06.wav,6,train,6,disgust,6,disgust,0.9883521199226379
data/ravdess/audio/Actor_06/03-01-07-02-01-02-06.wav,03-01-07-02-01-02-06.wav,6,train,6,disgust,6,disgust,0.9885517358779907
data/ravdess/audio/Actor_06/03-01-07-02-02-01-06.wav,03-01-07-02-02-01-06.wav,6,train,6,disgust,6,disgust,0.9881857633590698
data/ravdess/audio/Actor_06/03-01-07-02-02-02-06.wav,03-01-07-02-02-02-06.wav,6,train,6,disgust,6,disgust,0.9885547757148743
data/ravdess/audio/Actor_06/03-01-08-01-01-01-06.wav,03-01-08-01-01-01-06.wav,6,train,7,surprised,7,surprised,0.988596498966217
data/ravdess/audio/Actor_06/03-01-08-01-01-02-06.wav,03-01-08-01-01-02-06.wav,6,train,7,surprised,7,surprised,0.9882979989051819
data/ravdess/audio/Actor_06/03-01-08-01-02-01-06.wav,03-01-08-01-02-01-06.wav,6,train,7,surprised,7,surprised,0.9884312152862549
data/ravdess/audio/Actor_06/03-01-08-01-02-02-06.wav,03-01-08-01-02-02-06.wav,6,train,7,surprised,7,surprised,0.988537073135376
data/ravdess/audio/Actor_06/03-01-08-02-01-01-06.wav,03-01-08-02-01-01-06.wav,6,train,7,surprised,7,surprised,0.9884157180786133
data/ravdess/audio/Actor_06/03-01-08-02-01-02-06.wav,03-01-08-02-01-02-06.wav,6,train,7,surprised,7,surprised,0.9883736371994019
data/ravdess/audio/Actor_06/03-01-08-02-02-01-06.wav,03-01-08-02-02-01-06.wav,6,train,7,surprised,7,surprised,0.9884476065635681
data/ravdess/audio/Actor_06/03-01-08-02-02-02-06.wav,03-01-08-02-02-02-06.wav,6,train,7,surprised,7,surprised,0.9887169599533081
data/ravdess/audio/Actor_07/03-01-01-01-01-01-07.wav,03-01-01-01-01-01-07.wav,7,train,0,neutral,0,neutral,0.9813950657844543
data/ravdess/audio/Actor_07/03-01-01-01-01-02-07.wav,03-01-01-01-01-02-07.wav,7,train,0,neutral,0,neutral,0.9813371300697327
data/ravdess/audio/Actor_07/03-01-01-01-02-01-07.wav,03-01-01-01-02-01-07.wav,7,train,0,neutral,0,neutral,0.9812799692153931
data/ravdess/audio/Actor_07/03-01-01-01-02-02-07.wav,03-01-01-01-02-02-07.wav,7,train,0,neutral,0,neutral,0.9813809394836426
data/ravdess/audio/Actor_07/03-01-02-01-01-01-07.wav,03-01-02-01-01-01-07.wav,7,train,1,calm,1,calm,0.987848162651062
data/ravdess/audio/Actor_07/03-01-02-01-01-02-07.wav,03-01-02-01-01-02-07.wav,7,train,1,calm,1,calm,0.9878550171852112
data/ravdess/audio/Actor_07/03-01-02-01-02-01-07.wav,03-01-02-01-02-01-07.wav,7,train,1,calm,1,calm,0.9881312847137451
data/ravdess/audio/Actor_07/03-01-02-01-02-02-07.wav,03-01-02-01-02-02-07.wav,7,train,1,calm,1,calm,0.9877216219902039
data/ravdess/audio/Actor_07/03-01-02-02-01-01-07.wav,03-01-02-02-01-01-07.wav,7,train,1,calm,1,calm,0.9881561994552612
data/ravdess/audio/Actor_07/03-01-02-02-01-02-07.wav,03-01-02-02-01-02-07.wav,7,train,1,calm,1,calm,0.9879456758499146
data/ravdess/audio/Actor_07/03-01-02-02-02-01-07.wav,03-01-02-02-02-01-07.wav,7,train,1,calm,1,calm,0.9880913496017456
data/ravdess/audio/Actor_07/03-01-02-02-02-02-07.wav,03-01-02-02-02-02-07.wav,7,train,1,calm,1,calm,0.9878886342048645
data/ravdess/audio/Actor_07/03-01-03-01-01-01-07.wav,03-01-03-01-01-01-07.wav,7,train,2,happy,2,happy,0.988443911075592
data/ravdess/audio/Actor_07/03-01-03-01-01-02-07.wav,03-01-03-01-01-02-07.wav,7,train,2,happy,2,happy,0.9886065125465393
data/ravdess/audio/Actor_07/03-01-03-01-02-01-07.wav,03-01-03-01-02-01-07.wav,7,train,2,happy,2,happy,0.9886019825935364
data/ravdess/audio/Actor_07/03-01-03-01-02-02-07.wav,03-01-03-01-02-02-07.wav,7,train,2,happy,2,happy,0.9886019825935364
data/ravdess/audio/Actor_07/03-01-03-02-01-01-07.wav,03-01-03-02-01-01-07.wav,7,train,2,happy,2,happy,0.9887183904647827
data/ravdess/audio/Actor_07/03-01-03-02-01-02-07.wav,03-01-03-02-01-02-07.wav,7,train,2,happy,2,happy,0.9882526993751526
data/ravdess/audio/Actor_07/03-01-03-02-02-01-07.wav,03-01-03-02-02-01-07.wav,7,train,2,happy,2,happy,0.9874590635299683
data/ravdess/audio/Actor_07/03-01-03-02-02-02-07.wav,03-01-03-02-02-02-07.wav,7,train,2,happy,2,happy,0.9885281324386597
data/ravdess/audio/Actor_07/03-01-04-01-01-01-07.wav,03-01-04-01-01-01-07.wav,7,train,3,sad,3,sad,0.9878149032592773
data/ravdess/audio/Actor_07/03-01-04-01-01-02-07.wav,03-01-04-01-01-02-07.wav,7,train,3,sad,3,sad,0.98821622133255
data/ravdess/audio/Actor_07/03-01-04-01-02-01-07.wav,03-01-04-01-02-01-07.wav,7,train,3,sad,3,sad,0.9884114265441895
data/ravdess/audio/Actor_07/03-01-04-01-02-02-07.wav,03-01-04-01-02-02-07.wav,7,train,3,sad,3,sad,0.988218367099762
data/ravdess/audio/Actor_07/03-01-04-02-01-01-07.wav,03-01-04-02-01-01-07.wav,7,train,3,sad,3,sad,0.9882081151008606
data/ravdess/audio/Actor_07/03-01-04-02-01-02-07.wav,03-01-04-02-01-02-07.wav,7,train,3,sad,3,sad,0.988239049911499
data/ravdess/audio/Actor_07/03-01-04-02-02-01-07.wav,03-01-04-02-02-01-07.wav,7,train,3,sad,3,sad,0.9883415102958679
data/ravdess/audio/Actor_07/03-01-04-02-02-02-07.wav,03-01-04-02-02-02-07.wav,7,train,3,sad,3,sad,0.9885147213935852
data/ravdess/audio/Actor_07/03-01-05-01-01-01-07.wav,03-01-05-01-01-01-07.wav,7,train,4,angry,4,angry,0.9904775619506836
data/ravdess/audio/Actor_07/03-01-05-01-01-02-07.wav,03-01-05-01-01-02-07.wav,7,train,4,angry,4,angry,0.9903940558433533
data/ravdess/audio/Actor_07/03-01-05-01-02-01-07.wav,03-01-05-01-02-01-07.wav,7,train,4,angry,4,angry,0.9901731014251709
data/ravdess/audio/Actor_07/03-01-05-01-02-02-07.wav,03-01-05-01-02-02-07.wav,7,train,4,angry,4,angry,0.9902485013008118
data/ravdess/audio/Actor_07/03-01-05-02-01-01-07.wav,03-01-05-02-01-01-07.wav,7,train,4,angry,4,angry,0.9904188513755798
data/ravdess/audio/Actor_07/03-01-05-02-01-02-07.wav,03-01-05-02-01-02-07.wav,7,train,4,angry,4,angry,0.9903838634490967
data/ravdess/audio/Actor_07/03-01-05-02-02-01-07.wav,03-01-05-02-02-01-07.wav,7,train,4,angry,4,angry,0.9904214143753052
data/ravdess/audio/Actor_07/03-01-05-02-02-02-07.wav,03-01-05-02-02-02-07.wav,7,train,4,angry,4,angry,0.9904658794403076
data/ravdess/audio/Actor_07/03-01-06-01-01-01-07.wav,03-01-06-01-01-01-07.wav,7,train,5,fearful,5,fearful,0.9891130924224854
data/ravdess/audio/Actor_07/03-01-06-01-01-02-07.wav,03-01-06-01-01-02-07.wav,7,train,5,fearful,5,fearful,0.9892001152038574
data/ravdess/audio/Actor_07/03-01-06-01-02-01-07.wav,03-01-06-01-02-01-07.wav,7,train,5,fearful,5,fearful,0.9891663193702698
data/ravdess/audio/Actor_07/03-01-06-01-02-02-07.wav,03-01-06-01-02-02-07.wav,7,train,5,fearful,5,fearful,0.9890238046646118
data/ravdess/audio/Actor_07/03-01-06-02-01-01-07.wav,03-01-06-02-01-01-07.wav,7,train,5,fearful,5,fearful,0.9891869425773621
data/ravdess/audio/Actor_07/03-01-06-02-01-02-07.wav,03-01-06-02-01-02-07.wav,7,train,5,fearful,5,fearful,0.9892674088478088
data/ravdess/audio/Actor_07/03-01-06-02-02-01-07.wav,03-01-06-02-02-01-07.wav,7,train,5,fearful,5,fearful,0.9891497492790222
data/ravdess/audio/Actor_07/03-01-06-02-02-02-07.wav,03-01-06-02-02-02-07.wav,7,train,5,fearful,5,fearful,0.9889853000640869
data/ravdess/audio/Actor_07/03-01-07-01-01-01-07.wav,03-01-07-01-01-01-07.wav,7,train,6,disgust,6,disgust,0.9884979128837585
data/ravdess/audio/Actor_07/03-01-07-01-01-02-07.wav,03-01-07-01-01-02-07.wav,7,train,6,disgust,6,disgust,0.9876382350921631
data/ravdess/audio/Actor_07/03-01-07-01-02-01-07.wav,03-01-07-01-02-01-07.wav,7,train,6,disgust,6,disgust,0.9882700443267822
data/ravdess/audio/Actor_07/03-01-07-01-02-02-07.wav,03-01-07-01-02-02-07.wav,7,train,6,disgust,6,disgust,0.9878559708595276
data/ravdess/audio/Actor_07/03-01-07-02-01-01-07.wav,03-01-07-02-01-01-07.wav,7,train,6,disgust,6,disgust,0.9885317087173462
data/ravdess/audio/Actor_07/03-01-07-02-01-02-07.wav,03-01-07-02-01-02-07.wav,7,train,6,disgust,6,disgust,0.9885748028755188
data/ravdess/audio/Actor_07/03-01-07-02-02-01-07.wav,03-01-07-02-02-01-07.wav,7,train,6,disgust,6,disgust,0.9879645109176636
data/ravdess/audio/Actor_07/03-01-07-02-02-02-07.wav,03-01-07-02-02-02-07.wav,7,train,6,disgust,6,disgust,0.9885003566741943
data/ravdess/audio/Actor_07/03-01-08-01-01-01-07.wav,03-01-08-01-01-01-07.wav,7,train,7,surprised,7,surprised,0.9882721304893494
data/ravdess/audio/Actor_07/03-01-08-01-01-02-07.wav,03-01-08-01-01-02-07.wav,7,train,7,surprised,7,surprised,0.9884867668151855
data/ravdess/audio/Actor_07/03-01-08-01-02-01-07.wav,03-01-08-01-02-01-07.wav,7,train,7,surprised,7,surprised,0.9886072278022766
data/ravdess/audio/Actor_07/03-01-08-01-02-02-07.wav,03-01-08-01-02-02-07.wav,7,train,7,surprised,7,surprised,0.9887760877609253
data/ravdess/audio/Actor_07/03-01-08-02-01-01-07.wav,03-01-08-02-01-01-07.wav,7,train,7,surprised,7,surprised,0.9886511564254761
data/ravdess/audio/Actor_07/03-01-08-02-01-02-07.wav,03-01-08-02-01-02-07.wav,7,train,7,surprised,7,surprised,0.9882552623748779
data/ravdess/audio/Actor_07/03-01-08-02-02-01-07.wav,03-01-08-02-02-01-07.wav,7,train,7,surprised,7,surprised,0.9885905385017395
data/ravdess/audio/Actor_07/03-01-08-02-02-02-07.wav,03-01-08-02-02-02-07.wav,7,train,7,surprised,7,surprised,0.9887261986732483
data/ravdess/audio/Actor_08/03-01-01-01-01-01-08.wav,03-01-01-01-01-01-08.wav,8,train,0,neutral,0,neutral,0.9798744320869446
data/ravdess/audio/Actor_08/03-01-01-01-01-02-08.wav,03-01-01-01-01-02-08.wav,8,train,0,neutral,0,neutral,0.9805845022201538
data/ravdess/audio/Actor_08/03-01-01-01-02-01-08.wav,03-01-01-01-02-01-08.wav,8,train,0,neutral,0,neutral,0.9806156754493713
data/ravdess/audio/Actor_08/03-01-01-01-02-02-08.wav,03-01-01-01-02-02-08.wav,8,train,0,neutral,0,neutral,0.9805698990821838
data/ravdess/audio/Actor_08/03-01-02-01-01-01-08.wav,03-01-02-01-01-01-08.wav,8,train,1,calm,1,calm,0.9880746006965637
data/ravdess/audio/Actor_08/03-01-02-01-01-02-08.wav,03-01-02-01-01-02-08.wav,8,train,1,calm,1,calm,0.9881630539894104
data/ravdess/audio/Actor_08/03-01-02-01-02-01-08.wav,03-01-02-01-02-01-08.wav,8,train,1,calm,1,calm,0.9880595803260803
data/ravdess/audio/Actor_08/03-01-02-01-02-02-08.wav,03-01-02-01-02-02-08.wav,8,train,1,calm,1,calm,0.9881330132484436
data/ravdess/audio/Actor_08/03-01-02-02-01-01-08.wav,03-01-02-02-01-01-08.wav,8,train,1,calm,1,calm,0.9882633090019226
data/ravdess/audio/Actor_08/03-01-02-02-01-02-08.wav,03-01-02-02-01-02-08.wav,8,train,1,calm,1,calm,0.9881095290184021
data/ravdess/audio/Actor_08/03-01-02-02-02-01-08.wav,03-01-02-02-02-01-08.wav,8,train,1,calm,1,calm,0.9879248142242432
data/ravdess/audio/Actor_08/03-01-02-02-02-02-08.wav,03-01-02-02-02-02-08.wav,8,train,1,calm,1,calm,0.9879398345947266
data/ravdess/audio/Actor_08/03-01-03-01-01-01-08.wav,03-01-03-01-01-01-08.wav,8,train,2,happy,2,happy,0.9883507490158081
data/ravdess/audio/Actor_08/03-01-03-01-01-02-08.wav,03-01-03-01-01-02-08.wav,8,train,2,happy,2,happy,0.988459587097168
data/ravdess/audio/Actor_08/03-01-03-01-02-01-08.wav,03-01-03-01-02-01-08.wav,8,train,2,happy,2,happy,0.9885828495025635
data/ravdess/audio/Actor_08/03-01-03-01-02-02-08.wav,03-01-03-01-02-02-08.wav,8,train,2,happy,2,happy,0.9886166453361511
data/ravdess/audio/Actor_08/03-01-03-02-01-01-08.wav,03-01-03-02-01-01-08.wav,8,train,2,happy,2,happy,0.9887582063674927
data/ravdess/audio/Actor_08/03-01-03-02-01-02-08.wav,03-01-03-02-01-02-08.wav,8,train,2,happy,2,happy,0.988635778427124
data/ravdess/audio/Actor_08/03-01-03-02-02-01-08.wav,03-01-03-02-02-01-08.wav,8,train,2,happy,2,happy,0.9887115955352783
data/ravdess/audio/Actor_08/03-01-03-02-02-02-08.wav,03-01-03-02-02-02-08.wav,8,train,2,happy,2,happy,0.9887147545814514
data/ravdess/audio/Actor_08/03-01-04-01-01-01-08.wav,03-01-04-01-01-01-08.wav,8,train,3,sad,3,sad,0.9884986281394958
data/ravdess/audio/Actor_08/03-01-04-01-01-02-08.wav,03-01-04-01-01-02-08.wav,8,train,3,sad,3,sad,0.9877618551254272
data/ravdess/audio/Actor_08/03-01-04-01-02-01-08.wav,03-01-04-01-02-01-08.wav,8,train,3,sad,3,sad,0.9882623553276062
data/ravdess/audio/Actor_08/03-01-04-01-02-02-08.wav,03-01-04-01-02-02-08.wav,8,train,3,sad,3,sad,0.9882212281227112
data/ravdess/audio/Actor_08/03-01-04-02-01-01-08.wav,03-01-04-02-01-01-08.wav,8,train,3,sad,3,sad,0.9882296323776245
data/ravdess/audio/Actor_08/03-01-04-02-01-02-08.wav,03-01-04-02-01-02-08.wav,8,train,3,sad,3,sad,0.9882556200027466
data/ravdess/audio/Actor_08/03-01-04-02-02-01-08.wav,03-01-04-02-02-01-08.wav,8,train,3,sad,3,sad,0.9877346158027649
data/ravdess/audio/Actor_08/03-01-04-02-02-02-08.wav,03-01-04-02-02-02-08.wav,8,train,3,sad,3,sad,0.9883230328559875
data/ravdess/audio/Actor_08/03-01-05-01-01-01-08.wav,03-01-05-01-01-01-08.wav,8,train,4,angry,4,angry,0.9903606176376343
data/ravdess/audio/Actor_08/03-01-05-01-01-02-08.wav,03-01-05-01-01-02-08.wav,8,train,4,angry,4,angry,0.9903406500816345
data/ravdess/audio/Actor_08/03-01-05-01-02-01-08.wav,03-01-05-01-02-01-08.wav,8,train,4,angry,4,angry,0.9902434945106506
data/ravdess/audio/Actor_08/03-01-05-01-02-02-08.wav,03-01-05-01-02-02-08.wav,8,train,4,angry,4,angry,0.990301787853241
data/ravdess/audio/Actor_08/03-01-05-02-01-01-08.wav,03-01-05-02-01-01-08.wav,8,train,4,angry,4,angry,0.9903529286384583
data/ravdess/audio/Actor_08/03-01-05-02-01-02-08.wav,03-01-05-02-01-02-08.wav,8,train,4,angry,4,angry,0.9904358983039856
data/ravdess/audio/Actor_08/03-01-05-02-02-01-08.wav,03-01-05-02-02-01-08.wav,8,train,4,angry,4,angry,0.9901186227798462
data/ravdess/audio/Actor_08/03-01-05-02-02-02-08.wav,03-01-05-02-02-02-08.wav,8,train,4,angry,4,angry,0.9901114106178284
data/ravdess/audio/Actor_08/03-01-06-01-01-01-08.wav,03-01-06-01-01-01-08.wav,8,train,5,fearful,5,fearful,0.9891371130943298
data/ravdess/audio/Actor_08/03-01-06-01-01-02-08.wav,03-01-06-01-01-02-08.wav,8,train,5,fearful,5,fearful,0.988842248916626
data/ravdess/audio/Actor_08/03-01-06-01-02-01-08.wav,03-01-06-01-02-01-08.wav,8,train,5,fearful,5,fearful,0.9874272346496582
data/ravdess/audio/Actor_08/03-01-06-01-02-02-08.wav,03-01-06-01-02-02-08.wav,8,train,5,fearful,5,fearful,0.9889063835144043
data/ravdess/audio/Actor_08/03-01-06-02-01-01-08.wav,03-01-06-02-01-01-08.wav,8,train,5,fearful,5,fearful,0.9888866543769836
data/ravdess/audio/Actor_08/03-01-06-02-01-02-08.wav,03-01-06-02-01-02-08.wav,8,train,5,fearful,5,fearful,0.9892318844795227
data/ravdess/audio/Actor_08/03-01-06-02-02-01-08.wav,03-01-06-02-02-01-08.wav,8,train,5,fearful,5,fearful,0.9891797304153442
data/ravdess/audio/Actor_08/03-01-06-02-02-02-08.wav,03-01-06-02-02-02-08.wav,8,train,5,fearful,5,fearful,0.9891308546066284
data/ravdess/audio/Actor_08/03-01-07-01-01-01-08.wav,03-01-07-01-01-01-08.wav,8,train,6,disgust,6,disgust,0.9883501529693604
data/ravdess/audio/Actor_08/03-01-07-01-01-02-08.wav,03-01-07-01-01-02-08.wav,8,train,6,disgust,6,disgust,0.9884604215621948
data/ravdess/audio/Actor_08/03-01-07-01-02-01-08.wav,03-01-07-01-02-01-08.wav,8,train,6,disgust,6,disgust,0.9883956909179688
data/ravdess/audio/Actor_08/03-01-07-01-02-02-08.wav,03-01-07-01-02-02-08.wav,8,train,6,disgust,6,disgust,0.9885081648826599
data/ravdess/audio/Actor_08/03-01-07-02-01-01-08.wav,03-01-07-02-01-01-08.wav,8,train,6,disgust,6,disgust,0.9883041381835938
data/ravdess/audio/Actor_08/03-01-07-02-01-02-08.wav,03-01-07-02-01-02-08.wav,8,train,6,disgust,6,disgust,0.988477349281311
data/ravdess/audio/Actor_08/03-01-07-02-02-01-08.wav,03-01-07-02-02-01-08.wav,8,train,6,disgust,6,disgust,0.9877855777740479
data/ravdess/audio/Actor_08/03-01-07-02-02-02-08.wav,03-01-07-02-02-02-08.wav,8,train,6,disgust,6,disgust,0.9883695840835571
data/ravdess/audio/Actor_08/03-01-08-01-01-01-08.wav,03-01-08-01-01-01-08.wav,8,train,7,surprised,7,surprised,0.9886823892593384
data/ravdess/audio/Actor_08/03-01-08-01-01-02-08.wav,03-01-08-01-01-02-08.wav,8,train,7,surprised,7,surprised,0.9883910417556763
data/ravdess/audio/Actor_08/03-01-08-01-02-01-08.wav,03-01-08-01-02-01-08.wav,8,train,7,surprised,7,surprised,0.988774299621582
data/ravdess/audio/Actor_08/03-01-08-01-02-02-08.wav,03-01-08-01-02-02-08.wav,8,train,7,surprised,7,surprised,0.9875861406326294
data/ravdess/audio/Actor_08/03-01-08-02-01-01-08.wav,03-01-08-02-01-01-08.wav,8,train,7,surprised,7,surprised,0.9887457489967346
data/ravdess/audio/Actor_08/03-01-08-02-01-02-08.wav,03-01-08-02-01-02-08.wav,8,train,7,surprised,7,surprised,0.9887747764587402
data/ravdess/audio/Actor_08/03-01-08-02-02-01-08.wav,03-01-08-02-02-01-08.wav,8,train,7,surprised,7,surprised,0.9879907965660095
data/ravdess/audio/Actor_08/03-01-08-02-02-02-08.wav,03-01-08-02-02-02-08.wav,8,train,7,surprised,7,surprised,0.9886804819107056
data/ravdess/audio/Actor_09/03-01-01-01-01-01-09.wav,03-01-01-01-01-01-09.wav,9,train,0,neutral,0,neutral,0.98012375831604
data/ravdess/audio/Actor_09/03-01-01-01-01-02-09.wav,03-01-01-01-01-02-09.wav,9,train,0,neutral,0,neutral,0.980363667011261
data/ravdess/audio/Actor_09/03-01-01-01-02-01-09.wav,03-01-01-01-02-01-09.wav,9,train,0,neutral,0,neutral,0.9768199324607849
data/ravdess/audio/Actor_09/03-01-01-01-02-02-09.wav,03-01-01-01-02-02-09.wav,9,train,0,neutral,0,neutral,0.9801402688026428
data/ravdess/audio/Actor_09/03-01-02-01-01-01-09.wav,03-01-02-01-01-01-09.wav,9,train,1,calm,1,calm,0.9880807399749756
data/ravdess/audio/Actor_09/03-01-02-01-01-02-09.wav,03-01-02-01-01-02-09.wav,9,train,1,calm,1,calm,0.9881458282470703
data/ravdess/audio/Actor_09/03-01-02-01-02-01-09.wav,03-01-02-01-02-01-09.wav,9,train,1,calm,1,calm,0.9882760643959045
data/ravdess/audio/Actor_09/03-01-02-01-02-02-09.wav,03-01-02-01-02-02-09.wav,9,train,1,calm,1,calm,0.98832768201828
data/ravdess/audio/Actor_09/03-01-02-02-01-01-09.wav,03-01-02-02-01-01-09.wav,9,train,1,calm,1,calm,0.988237202167511
data/ravdess/audio/Actor_09/03-01-02-02-01-02-09.wav,03-01-02-02-01-02-09.wav,9,train,1,calm,1,calm,0.9881097078323364
data/ravdess/audio/Actor_09/03-01-02-02-02-01-09.wav,03-01-02-02-02-01-09.wav,9,train,1,calm,1,calm,0.9875978827476501
data/ravdess/audio/Actor_09/03-01-02-02-02-02-09.wav,03-01-02-02-02-02-09.wav,9,train,1,calm,1,calm,0.9874505996704102
data/ravdess/audio/Actor_09/03-01-03-01-01-01-09.wav,03-01-03-01-01-01-09.wav,9,train,2,happy,2,happy,0.9884971380233765
data/ravdess/audio/Actor_09/03-01-03-01-01-02-09.wav,03-01-03-01-01-02-09.wav,9,train,2,happy,2,happy,0.9884055852890015
data/ravdess/audio/Actor_09/03-01-03-01-02-01-09.wav,03-01-03-01-02-01-09.wav,9,train,2,happy,7,surprised,0.9770613312721252
data/ravdess/audio/Actor_09/03-01-03-01-02-02-09.wav,03-01-03-01-02-02-09.wav,9,train,2,happy,2,happy,0.9811254739761353
data/ravdess/audio/Actor_09/03-01-03-02-01-01-09.wav,03-01-03-02-01-01-09.wav,9,train,2,happy,2,happy,0.9881132245063782
data/ravdess/audio/Actor_09/03-01-03-02-01-02-09.wav,03-01-03-02-01-02-09.wav,9,train,2,happy,2,happy,0.9868677854537964
data/ravdess/audio/Actor_09/03-01-03-02-02-01-09.wav,03-01-03-02-02-01-09.wav,9,train,2,happy,2,happy,0.987216055393219
data/ravdess/audio/Actor_09/03-01-03-02-02-02-09.wav,03-01-03-02-02-02-09.wav,9,train,2,happy,2,happy,0.98861163854599
data/ravdess/audio/Actor_09/03-01-04-01-01-01-09.wav,03-01-04-01-01-01-09.wav,9,train,3,sad,0,neutral,0.9804558753967285
data/ravdess/audio/Actor_09/03-01-04-01-01-02-09.wav,03-01-04-01-01-02-09.wav,9,train,3,sad,3,sad,0.9869207143783569
data/ravdess/audio/Actor_09/03-01-04-01-02-01-09.wav,03-01-04-01-02-01-09.wav,9,train,3,sad,3,sad,0.9869621992111206
data/ravdess/audio/Actor_09/03-01-04-01-02-02-09.wav,03-01-04-01-02-02-09.wav,9,train,3,sad,3,sad,0.9881694316864014
data/ravdess/audio/Actor_09/03-01-04-02-01-01-09.wav,03-01-04-02-01-01-09.wav,9,train,3,sad,3,sad,0.988261878490448
data/ravdess/audio/Actor_09/03-01-04-02-01-02-09.wav,03-01-04-02-01-02-09.wav,9,train,3,sad,3,sad,0.988369345664978
data/ravdess/audio/Actor_09/03-01-04-02-02-01-09.wav,03-01-04-02-02-01-09.wav,9,train,3,sad,3,sad,0.9883407354354858
data/ravdess/audio/Actor_09/03-01-04-02-02-02-09.wav,03-01-04-02-02-02-09.wav,9,train,3,sad,3,sad,0.9882556200027466
data/ravdess/audio/Actor_09/03-01-05-01-01-01-09.wav,03-01-05-01-01-01-09.wav,9,train,4,angry,4,angry,0.9903466105461121
data/ravdess/audio/Actor_09/03-01-05-01-01-02-09.wav,03-01-05-01-01-02-09.wav,9,train,4,angry,4,angry,0.9904147386550903
data/ravdess/audio/Actor_09/03-01-05-01-02-01-09.wav,03-01-05-01-02-01-09.wav,9,train,4,angry,4,angry,0.990484356880188
data/ravdess/audio/Actor_09/03-01-05-01-02-02-09.wav,03-01-05-01-02-02-09.wav,9,train,4,angry,4,angry,0.9905014038085938
data/ravdess/audio/Actor_09/03-01-05-02-01-01-09.wav,03-01-05-02-01-01-09.wav,9,train,4,angry,4,angry,0.9902048110961914
data/ravdess/audio/Actor_09/03-01-05-02-01-02-09.wav,03-01-05-02-01-02-09.wav,9,train,4,angry,4,angry,0.9902912974357605
data/ravdess/audio/Actor_09/03-01-05-02-02-01-09.wav,03-01-05-02-02-01-09.wav,9,train,4,angry,4,angry,0.9904723167419434
data/ravdess/audio/Actor_09/03-01-05-02-02-02-09.wav,03-01-05-02-02-02-09.wav,9,train,4,angry,4,angry,0.9904569983482361
data/ravdess/audio/Actor_09/03-01-06-01-01-01-09.wav,03-01-06-01-01-01-09.wav,9,train,5,fearful,5,fearful,0.9888260364532471
data/ravdess/audio/Actor_09/03-01-06-01-01-02-09.wav,03-01-06-01-01-02-09.wav,9,train,5,fearful,5,fearful,0.9891603589057922
data/ravdess/audio/Actor_09/03-01-06-01-02-01-09.wav,03-01-06-01-02-01-09.wav,9,train,5,fearful,5,fearful,0.9888623356819153
data/ravdess/audio/Actor_09/03-01-06-01-02-02-09.wav,03-01-06-01-02-02-09.wav,9,train,5,fearful,5,fearful,0.9892316460609436
data/ravdess/audio/Actor_09/03-01-06-02-01-01-09.wav,03-01-06-02-01-01-09.wav,9,train,5,fearful,5,fearful,0.9891988635063171
data/ravdess/audio/Actor_09/03-01-06-02-01-02-09.wav,03-01-06-02-01-02-09.wav,9,train,5,fearful,5,fearful,0.9891997575759888
data/ravdess/audio/Actor_09/03-01-06-02-02-01-09.wav,03-01-06-02-02-01-09.wav,9,train,5,fearful,5,fearful,0.9892016649246216
data/ravdess/audio/Actor_09/03-01-06-02-02-02-09.wav,03-01-06-02-02-02-09.wav,9,train,5,fearful,5,fearful,0.9891955852508545
data/ravdess/audio/Actor_09/03-01-07-01-01-01-09.wav,03-01-07-01-01-01-09.wav,9,train,6,disgust,6,disgust,0.9847872853279114
data/ravdess/audio/Actor_09/03-01-07-01-01-02-09.wav,03-01-07-01-01-02-09.wav,9,train,6,disgust,6,disgust,0.6296708583831787
data/ravdess/audio/Actor_09/03-01-07-01-02-01-09.wav,03-01-07-01-02-01-09.wav,9,train,6,disgust,6,disgust,0.8712006211280823
data/ravdess/audio/Actor_09/03-01-07-01-02-02-09.wav,03-01-07-01-02-02-09.wav,9,train,6,disgust,6,disgust,0.9630718231201172
data/ravdess/audio/Actor_09/03-01-07-02-01-01-09.wav,03-01-07-02-01-01-09.wav,9,train,6,disgust,6,disgust,0.9078492522239685
data/ravdess/audio/Actor_09/03-01-07-02-01-02-09.wav,03-01-07-02-01-02-09.wav,9,train,6,disgust,6,disgust,0.9878079295158386
data/ravdess/audio/Actor_09/03-01-07-02-02-01-09.wav,03-01-07-02-02-01-09.wav,9,train,6,disgust,6,disgust,0.9884477257728577
data/ravdess/audio/Actor_09/03-01-07-02-02-02-09.wav,03-01-07-02-02-02-09.wav,9,train,6,disgust,6,disgust,0.9873972535133362
data/ravdess/audio/Actor_09/03-01-08-01-01-01-09.wav,03-01-08-01-01-01-09.wav,9,train,7,surprised,7,surprised,0.9879209995269775
data/ravdess/audio/Actor_09/03-01-08-01-01-02-09.wav,03-01-08-01-01-02-09.wav,9,train,7,surprised,7,surprised,0.9880747199058533
data/ravdess/audio/Actor_09/03-01-08-01-02-01-09.wav,03-01-08-01-02-01-09.wav,9,train,7,surprised,7,surprised,0.9883014559745789
data/ravdess/audio/Actor_09/03-01-08-01-02-02-09.wav,03-01-08-01-02-02-09.wav,9,train,7,surprised,7,surprised,0.9874655604362488
data/ravdess/audio/Actor_09/03-01-08-02-01-01-09.wav,03-01-08-02-01-01-09.wav,9,train,7,surprised,7,surprised,0.988425612449646
data/ravdess/audio/Actor_09/03-01-08-02-01-02-09.wav,03-01-08-02-01-02-09.wav,9,train,7,surprised,7,surprised,0.9880897402763367
data/ravdess/audio/Actor_09/03-01-08-02-02-01-09.wav,03-01-08-02-02-01-09.wav,9,train,7,surprised,7,surprised,0.988295316696167
data/ravdess/audio/Actor_09/03-01-08-02-02-02-09.wav,03-01-08-02-02-02-09.wav,9,train,7,surprised,7,surprised,0.9883288145065308
data/ravdess/audio/Actor_10/03-01-01-01-01-01-10.wav,03-01-01-01-01-01-10.wav,10,train,0,neutral,0,neutral,0.9810382723808289
data/ravdess/audio/Actor_10/03-01-01-01-01-02-10.wav,03-01-01-01-01-02-10.wav,10,train,0,neutral,0,neutral,0.9814320802688599
data/ravdess/audio/Actor_10/03-01-01-01-02-01-10.wav,03-01-01-01-02-01-10.wav,10,train,0,neutral,0,neutral,0.981412410736084
data/ravdess/audio/Actor_10/03-01-01-01-02-02-10.wav,03-01-01-01-02-02-10.wav,10,train,0,neutral,0,neutral,0.9810284972190857
data/ravdess/audio/Actor_10/03-01-02-01-01-01-10.wav,03-01-02-01-01-01-10.wav,10,train,1,calm,1,calm,0.9878379106521606
data/ravdess/audio/Actor_10/03-01-02-01-01-02-10.wav,03-01-02-01-01-02-10.wav,10,train,1,calm,1,calm,0.9878586530685425
data/ravdess/audio/Actor_10/03-01-02-01-02-01-10.wav,03-01-02-01-02-01-10.wav,10,train,1,calm,1,calm,0.987969160079956
data/ravdess/audio/Actor_10/03-01-02-01-02-02-10.wav,03-01-02-01-02-02-10.wav,10,train,1,calm,1,calm,0.9875525236129761
data/ravdess/audio/Actor_10/03-01-02-02-01-01-10.wav,03-01-02-02-01-01-10.wav,10,train,1,calm,1,calm,0.9877931475639343
data/ravdess/audio/Actor_10/03-01-02-02-01-02-10.wav,03-01-02-02-01-02-10.wav,10,train,1,calm,1,calm,0.9878565073013306
data/ravdess/audio/Actor_10/03-01-02-02-02-01-10.wav,03-01-02-02-02-01-10.wav,10,train,1,calm,1,calm,0.9878203272819519
data/ravdess/audio/Actor_10/03-01-02-02-02-02-10.wav,03-01-02-02-02-02-10.wav,10,train,1,calm,1,calm,0.9878325462341309
data/ravdess/audio/Actor_10/03-01-03-01-01-01-10.wav,03-01-03-01-01-01-10.wav,10,train,2,happy,2,happy,0.9876487851142883
data/ravdess/audio/Actor_10/03-01-03-01-01-02-10.wav,03-01-03-01-01-02-10.wav,10,train,2,happy,2,happy,0.9885749220848083
data/ravdess/audio/Actor_10/03-01-03-01-02-01-10.wav,03-01-03-01-02-01-10.wav,10,train,2,happy,2,happy,0.9887839555740356
data/ravdess/audio/Actor_10/03-01-03-01-02-02-10.wav,03-01-03-01-02-02-10.wav,10,train,2,happy,2,happy,0.9886489510536194
data/ravdess/audio/Actor_10/03-01-03-02-01-01-10.wav,03-01-03-02-01-01-10.wav,10,train,2,happy,2,happy,0.9886462688446045
data/ravdess/audio/Actor_10/03-01-03-02-01-02-10.wav,03-01-03-02-01-02-10.wav,10,train,2,happy,2,happy,0.9886839985847473
data/ravdess/audio/Actor_10/03-01-03-02-02-01-10.wav,03-01-03-02-02-01-10.wav,10,train,2,happy,2,happy,0.9886569380760193
data/ravdess/audio/Actor_10/03-01-03-02-02-02-10.wav,03-01-03-02-02-02-10.wav,10,train,2,happy,2,happy,0.9885141253471375
data/ravdess/audio/Actor_10/03-01-04-01-01-01-10.wav,03-01-04-01-01-01-10.wav,10,train,3,sad,3,sad,0.988205075263977
data/ravdess/audio/Actor_10/03-01-04-01-01-02-10.wav,03-01-04-01-01-02-10.wav,10,train,3,sad,3,sad,0.9863799214363098
data/ravdess/audio/Actor_10/03-01-04-01-02-01-10.wav,03-01-04-01-02-01-10.wav,10,train,3,sad,3,sad,0.9881519675254822
data/ravdess/audio/Actor_10/03-01-04-01-02-02-10.wav,03-01-04-01-02-02-10.wav,10,train,3,sad,3,sad,0.9778664708137512
data/ravdess/audio/Actor_10/03-01-04-02-01-01-10.wav,03-01-04-02-01-01-10.wav,10,train,3,sad,3,sad,0.9880419969558716
data/ravdess/audio/Actor_10/03-01-04-02-01-02-10.wav,03-01-04-02-01-02-10.wav,10,train,3,sad,3,sad,0.9883755445480347
data/ravdess/audio/Actor_10/03-01-04-02-02-01-10.wav,03-01-04-02-02-01-10.wav,10,train,3,sad,3,sad,0.9880144000053406
data/ravdess/audio/Actor_10/03-01-04-02-02-02-10.wav,03-01-04-02-02-02-10.wav,10,train,3,sad,3,sad,0.9883219599723816
data/ravdess/audio/Actor_10/03-01-05-01-01-01-10.wav,03-01-05-01-01-01-10.wav,10,train,4,angry,4,angry,0.9901940226554871
data/ravdess/audio/Actor_10/03-01-05-01-01-02-10.wav,03-01-05-01-01-02-10.wav,10,train,4,angry,4,angry,0.9903460144996643
data/ravdess/audio/Actor_10/03-01-05-01-02-01-10.wav,03-01-05-01-02-01-10.wav,10,train,4,angry,4,angry,0.9903889298439026
data/ravdess/audio/Actor_10/03-01-05-01-02-02-10.wav,03-01-05-01-02-02-10.wav,10,train,4,angry,4,angry,0.9902633428573608
data/ravdess/audio/Actor_10/03-01-05-02-01-01-10.wav,03-01-05-02-01-01-10.wav,10,train,4,angry,4,angry,0.9904200434684753
data/ravdess/audio/Actor_10/03-01-05-02-01-02-10.wav,03-01-05-02-01-02-10.wav,10,train,4,angry,4,angry,0.9904334545135498
data/ravdess/audio/Actor_10/03-01-05-02-02-01-10.wav,03-01-05-02-02-01-10.wav,10,train,4,angry,4,angry,0.990415096282959
data/ravdess/audio/Actor_10/03-01-05-02-02-02-10.wav,03-01-05-02-02-02-10.wav,10,train,4,angry,4,angry,0.9904943704605103
data/ravdess/audio/Actor_10/03-01-06-01-01-01-10.wav,03-01-06-01-01-01-10.wav,10,train,5,fearful,5,fearful,0.989158034324646
data/ravdess/audio/Actor_10/03-01-06-01-01-02-10.wav,03-01-06-01-01-02-10.wav,10,train,5,fearful,5,fearful,0.9891650080680847
data/ravdess/audio/Actor_10/03-01-06-01-02-01-10.wav,03-01-06-01-02-01-10.wav,10,train,5,fearful,5,fearful,0.9889476299285889
data/ravdess/audio/Actor_10/03-01-06-01-02-02-10.wav,03-01-06-01-02-02-10.wav,10,train,5,fearful,5,fearful,0.9889757633209229
data/ravdess/audio/Actor_10/03-01-06-02-01-01-10.wav,03-01-06-02-01-01-10.wav,10,train,5,fearful,5,fearful,0.9843621253967285
data/ravdess/audio/Actor_10/03-01-06-02-01-02-10.wav,03-01-06-02-01-02-10.wav,10,train,5,fearful,5,fearful,0.9892187714576721
data/ravdess/audio/Actor_10/03-01-06-02-02-01-10.wav,03-01-06-02-02-01-10.wav,10,train,5,fearful,5,fearful,0.9836196303367615
data/ravdess/audio/Actor_10/03-01-06-02-02-02-10.wav,03-01-06-02-02-02-10.wav,10,train,5,fearful,5,fearful,0.978710949420929
data/ravdess/audio/Actor_10/03-01-07-01-01-01-10.wav,03-01-07-01-01-01-10.wav,10,train,6,disgust,6,disgust,0.9879778623580933
data/ravdess/audio/Actor_10/03-01-07-01-01-02-10.wav,03-01-07-01-01-02-10.wav,10,train,6,disgust,6,disgust,0.9853227138519287
data/ravdess/audio/Actor_10/03-01-07-01-02-01-10.wav,03-01-07-01-02-01-10.wav,10,train,6,disgust,6,disgust,0.9878950119018555
data/ravdess/audio/Actor_10/03-01-07-01-02-02-10.wav,03-01-07-01-02-02-10.wav,10,train,6,disgust,6,disgust,0.9872717261314392
data/ravdess/audio/Actor_10/03-01-07-02-01-01-10.wav,03-01-07-02-01-01-10.wav,10,train,6,disgust,6,disgust,0.9878886342048645
data/ravdess/audio/Actor_10/03-01-07-02-01-02-10.wav,03-01-07-02-01-02-10.wav,10,train,6,disgust,6,disgust,0.984943151473999
data/ravdess/audio/Actor_10/03-01-07-02-02-01-10.wav,03-01-07-02-02-01-10.wav,10,train,6,disgust,6,disgust,0.9878306984901428
data/ravdess/audio/Actor_10/03-01-07-02-02-02-10.wav,03-01-07-02-02-02-10.wav,10,train,6,disgust,6,disgust,0.9876508116722107
data/ravdess/audio/Actor_10/03-01-08-01-01-01-10.wav,03-01-08-01-01-01-10.wav,10,train,7,surprised,7,surprised,0.9884635806083679
data/ravdess/audio/Actor_10/03-01-08-01-01-02-10.wav,03-01-08-01-01-02-10.wav,10,train,7,surprised,7,surprised,0.9873773455619812
data/ravdess/audio/Actor_10/03-01-08-01-02-01-10.wav,03-01-08-01-02-01-10.wav,10,train,7,surprised,7,surprised,0.9882241487503052
data/ravdess/audio/Actor_10/03-01-08-01-02-02-10.wav,03-01-08-01-02-02-10.wav,10,train,7,surprised,7,surprised,0.988502025604248
data/ravdess/audio/Actor_10/03-01-08-02-01-01-10.wav,03-01-08-02-01-01-10.wav,10,train,7,surprised,7,surprised,0.9877780079841614
data/ravdess/audio/Actor_10/03-01-08-02-01-02-10.wav,03-01-08-02-01-02-10.wav,10,train,7,surprised,7,surprised,0.9886179566383362
data/ravdess/audio/Actor_10/03-01-08-02-02-01-10.wav,03-01-08-02-02-01-10.wav,10,train,7,surprised,7,surprised,0.9881812334060669
data/ravdess/audio/Actor_10/03-01-08-02-02-02-10.wav,03-01-08-02-02-02-10.wav,10,train,7,surprised,7,surprised,0.9886041879653931
data/ravdess/audio/Actor_11/03-01-01-01-01-01-11.wav,03-01-01-01-01-01-11.wav,11,train,0,neutral,0,neutral,0.9808850288391113
data/ravdess/audio/Actor_11/03-01-01-01-01-02-11.wav,03-01-01-01-01-02-11.wav,11,train,0,neutral,0,neutral,0.9807386994361877
data/ravdess/audio/Actor_11/03-01-01-01-02-01-11.wav,03-01-01-01-02-01-11.wav,11,train,0,neutral,0,neutral,0.9801473617553711
data/ravdess/audio/Actor_11/03-01-01-01-02-02-11.wav,03-01-01-01-02-02-11.wav,11,train,0,neutral,0,neutral,0.9795941114425659
data/ravdess/audio/Actor_11/03-01-02-01-01-01-11.wav,03-01-02-01-01-01-11.wav,11,train,1,calm,1,calm,0.9881654977798462
data/ravdess/audio/Actor_11/03-01-02-01-01-02-11.wav,03-01-02-01-01-02-11.wav,11,train,1,calm,1,calm,0.9883437156677246
data/ravdess/audio/Actor_11/03-01-02-01-02-01-11.wav,03-01-02-01-02-01-11.wav,11,train,1,calm,1,calm,0.9835076332092285
data/ravdess/audio/Actor_11/03-01-02-01-02-02-11.wav,03-01-02-01-02-02-11.wav,11,train,1,calm,1,calm,0.9879187941551208
data/ravdess/audio/Actor_11/03-01-02-02-01-01-11.wav,03-01-02-02-01-01-11.wav,11,train,1,calm,1,calm,0.9883190393447876
data/ravdess/audio/Actor_11/03-01-02-02-01-02-11.wav,03-01-02-02-01-02-11.wav,11,train,1,calm,1,calm,0.9884636998176575
data/ravdess/audio/Actor_11/03-01-02-02-02-01-11.wav,03-01-02-02-02-01-11.wav,11,train,1,calm,1,calm,0.988079845905304
data/ravdess/audio/Actor_11/03-01-02-02-02-02-11.wav,03-01-02-02-02-02-11.wav,11,train,1,calm,1,calm,0.988212525844574
data/ravdess/audio/Actor_11/03-01-03-01-01-01-11.wav,03-01-03-01-01-01-11.wav,11,train,2,happy,2,happy,0.9874337315559387
data/ravdess/audio/Actor_11/03-01-03-01-01-02-11.wav,03-01-03-01-01-02-11.wav,11,train,2,happy,2,happy,0.9759742617607117
data/ravdess/audio/Actor_11/03-01-03-01-02-01-11.wav,03-01-03-01-02-01-11.wav,11,train,2,happy,2,happy,0.9886464476585388
data/ravdess/audio/Actor_11/03-01-03-01-02-02-11.wav,03-01-03-01-02-02-11.wav,11,train,2,happy,2,happy,0.9884191751480103
data/ravdess/audio/Actor_11/03-01-03-02-01-01-11.wav,03-01-03-02-01-01-11.wav,11,train,2,happy,2,happy,0.9884421229362488
data/ravdess/audio/Actor_11/03-01-03-02-01-02-11.wav,03-01-03-02-01-02-11.wav,11,train,2,happy,2,happy,0.988451361656189
data/ravdess/audio/Actor_11/03-01-03-02-02-01-11.wav,03-01-03-02-02-01-11.wav,11,train,2,happy,2,happy,0.9882312417030334
data/ravdess/audio/Actor_11/03-01-03-02-02-02-11.wav,03-01-03-02-02-02-11.wav,11,train,2,happy,2,happy,0.988393247127533
data/ravdess/audio/Actor_11/03-01-04-01-01-01-11.wav,03-01-04-01-01-01-11.wav,11,train,3,sad,3,sad,0.9883086681365967
data/ravdess/audio/Actor_11/03-01-04-01-01-02-11.wav,03-01-04-01-01-02-11.wav,11,train,3,sad,3,sad,0.9828376770019531
data/ravdess/audio/Actor_11/03-01-04-01-02-01-11.wav,03-01-04-01-02-01-11.wav,11,train,3,sad,3,sad,0.9872437119483948
data/ravdess/audio/Actor_11/03-01-04-01-02-02-11.wav,03-01-04-01-02-02-11.wav,11,train,3,sad,3,sad,0.9861090779304504
data/ravdess/audio/Actor_11/03-01-04-02-01-01-11.wav,03-01-04-02-01-01-11.wav,11,train,3,sad,3,sad,0.9885227680206299
data/ravdess/audio/Actor_11/03-01-04-02-01-02-11.wav,03-01-04-02-01-02-11.wav,11,train,3,sad,3,sad,0.9883028864860535
data/ravdess/audio/Actor_11/03-01-04-02-02-01-11.wav,03-01-04-02-02-01-11.wav,11,train,3,sad,3,sad,0.9884395599365234
data/ravdess/audio/Actor_11/03-01-04-02-02-02-11.wav,03-01-04-02-02-02-11.wav,11,train,3,sad,3,sad,0.9881787896156311
data/ravdess/audio/Actor_11/03-01-05-01-01-01-11.wav,03-01-05-01-01-01-11.wav,11,train,4,angry,4,angry,0.9903081059455872
data/ravdess/audio/Actor_11/03-01-05-01-01-02-11.wav,03-01-05-01-01-02-11.wav,11,train,4,angry,4,angry,0.9900636076927185
data/ravdess/audio/Actor_11/03-01-05-01-02-01-11.wav,03-01-05-01-02-01-11.wav,11,train,4,angry,4,angry,0.99036705493927
data/ravdess/audio/Actor_11/03-01-05-01-02-02-11.wav,03-01-05-01-02-02-11.wav,11,train,4,angry,4,angry,0.9903104901313782
data/ravdess/audio/Actor_11/03-01-05-02-01-01-11.wav,03-01-05-02-01-01-11.wav,11,train,4,angry,4,angry,0.9903648495674133
data/ravdess/audio/Actor_11/03-01-05-02-01-02-11.wav,03-01-05-02-01-02-11.wav,11,train,4,angry,4,angry,0.9903671741485596
data/ravdess/audio/Actor_11/03-01-05-02-02-01-11.wav,03-01-05-02-02-01-11.wav,11,train,4,angry,4,angry,0.9902616143226624
data/ravdess/audio/Actor_11/03-01-05-02-02-02-11.wav,03-01-05-02-02-02-11.wav,11,train,4,angry,4,angry,0.9903809428215027
data/ravdess/audio/Actor_11/03-01-06-01-01-01-11.wav,03-01-06-01-01-01-11.wav,11,train,5,fearful,5,fearful,0.9890310168266296
data/ravdess/audio/Actor_11/03-01-06-01-01-02-11.wav,03-01-06-01-01-02-11.wav,11,train,5,fearful,5,fearful,0.9891210198402405
data/ravdess/audio/Actor_11/03-01-06-01-02-01-11.wav,03-01-06-01-02-01-11.wav,11,train,5,fearful,5,fearful,0.9892581105232239
data/ravdess/audio/Actor_11/03-01-06-01-02-02-11.wav,03-01-06-01-02-02-11.wav,11,train,5,fearful,5,fearful,0.9891092777252197
data/ravdess/audio/Actor_11/03-01-06-02-01-01-11.wav,03-01-06-02-01-01-11.wav,11,train,5,fearful,5,fearful,0.9889177083969116
data/ravdess/audio/Actor_11/03-01-06-02-01-02-11.wav,03-01-06-02-01-02-11.wav,11,train,5,fearful,5,fearful,0.9890068769454956
data/ravdess/audio/Actor_11/03-01-06-02-02-01-11.wav,03-01-06-02-02-01-11.wav,11,train,5,fearful,5,fearful,0.9887723326683044
data/ravdess/audio/Actor_11/03-01-06-02-02-02-11.wav,03-01-06-02-02-02-11.wav,11,train,5,fearful,5,fearful,0.988774299621582
data/ravdess/audio/Actor_11/03-01-07-01-01-01-11.wav,03-01-07-01-01-01-11.wav,11,train,6,disgust,6,disgust,0.9884474873542786
data/ravdess/audio/Actor_11/03-01-07-01-01-02-11.wav,03-01-07-01-01-02-11.wav,11,train,6,disgust,6,disgust,0.9883968234062195
data/ravdess/audio/Actor_11/03-01-07-01-02-01-11.wav,03-01-07-01-02-01-11.wav,11,train,6,disgust,6,disgust,0.9886365532875061
data/ravdess/audio/Actor_11/03-01-07-01-02-02-11.wav,03-01-07-01-02-02-11.wav,11,train,6,disgust,6,disgust,0.9879767298698425
data/ravdess/audio/Actor_11/03-01-07-02-01-01-11.wav,03-01-07-02-01-01-11.wav,11,train,6,disgust,6,disgust,0.9885657429695129
data/ravdess/audio/Actor_11/03-01-07-02-01-02-11.wav,03-01-07-02-01-02-11.wav,11,train,6,disgust,6,disgust,0.9886507987976074
data/ravdess/audio/Actor_11/03-01-07-02-02-01-11.wav,03-01-07-02-02-01-11.wav,11,train,6,disgust,6,disgust,0.9886934161186218
data/ravdess/audio/Actor_11/03-01-07-02-02-02-11.wav,03-01-07-02-02-02-11.wav,11,train,6,disgust,6,disgust,0.9886808395385742
data/ravdess/audio/Actor_11/03-01-08-01-01-01-11.wav,03-01-08-01-01-01-11.wav,11,train,7,surprised,7,surprised,0.9884557723999023
data/ravdess/audio/Actor_11/03-01-08-01-01-02-11.wav,03-01-08-01-01-02-11.wav,11,train,7,surprised,7,surprised,0.9883644580841064
data/ravdess/audio/Actor_11/03-01-08-01-02-01-11.wav,03-01-08-01-02-01-11.wav,11,train,7,surprised,7,surprised,0.9880204796791077
data/ravdess/audio/Actor_11/03-01-08-01-02-02-11.wav,03-01-08-01-02-02-11.wav,11,train,7,surprised,7,surprised,0.9886267781257629
data/ravdess/audio/Actor_11/03-01-08-02-01-01-11.wav,03-01-08-02-01-01-11.wav,11,train,7,surprised,7,surprised,0.9885548949241638
data/ravdess/audio/Actor_11/03-01-08-02-01-02-11.wav,03-01-08-02-01-02-11.wav,11,train,7,surprised,7,surprised,0.9886743426322937
data/ravdess/audio/Actor_11/03-01-08-02-02-01-11.wav,03-01-08-02-02-01-11.wav,11,train,7,surprised,7,surprised,0.9885799288749695
data/ravdess/audio/Actor_11/03-01-08-02-02-02-11.wav,03-01-08-02-02-02-11.wav,11,train,7,surprised,7,surprised,0.9887365698814392
data/ravdess/audio/Actor_12/03-01-01-01-01-01-12.wav,03-01-01-01-01-01-12.wav,12,train,0,neutral,0,neutral,0.9811218976974487
data/ravdess/audio/Actor_12/03-01-01-01-01-02-12.wav,03-01-01-01-01-02-12.wav,12,train,0,neutral,0,neutral,0.9808130860328674
data/ravdess/audio/Actor_12/03-01-01-01-02-01-12.wav,03-01-01-01-02-01-12.wav,12,train,0,neutral,0,neutral,0.981191098690033
data/ravdess/audio/Actor_12/03-01-01-01-02-02-12.wav,03-01-01-01-02-02-12.wav,12,train,0,neutral,0,neutral,0.981153666973114
data/ravdess/audio/Actor_12/03-01-02-01-01-01-12.wav,03-01-02-01-01-01-12.wav,12,train,1,calm,1,calm,0.987902045249939
data/ravdess/audio/Actor_12/03-01-02-01-01-02-12.wav,03-01-02-01-01-02-12.wav,12,train,1,calm,1,calm,0.9881898164749146
data/ravdess/audio/Actor_12/03-01-02-01-02-01-12.wav,03-01-02-01-02-01-12.wav,12,train,1,calm,1,calm,0.9880487322807312
data/ravdess/audio/Actor_12/03-01-02-01-02-02-12.wav,03-01-02-01-02-02-12.wav,12,train,1,calm,1,calm,0.9882760643959045
data/ravdess/audio/Actor_12/03-01-02-02-01-01-12.wav,03-01-02-02-01-01-12.wav,12,train,1,calm,1,calm,0.9878615140914917
data/ravdess/audio/Actor_12/03-01-02-02-01-02-12.wav,03-01-02-02-01-02-12.wav,12,train,1,calm,1,calm,0.9883022904396057
data/ravdess/audio/Actor_12/03-01-02-02-02-01-12.wav,03-01-02-02-02-01-12.wav,12,train,1,calm,1,calm,0.9881536364555359
data/ravdess/audio/Actor_12/03-01-02-02-02-02-12.wav,03-01-02-02-02-02-12.wav,12,train,1,calm,1,calm,0.9882033467292786
data/ravdess/audio/Actor_12/03-01-03-01-01-01-12.wav,03-01-03-01-01-01-12.wav,12,train,2,happy,2,happy,0.9886338710784912
data/ravdess/audio/Actor_12/03-01-03-01-01-02-12.wav,03-01-03-01-01-02-12.wav,12,train,2,happy,2,happy,0.9884915351867676
data/ravdess/audio/Actor_12/03-01-03-01-02-01-12.wav,03-01-03-01-02-01-12.wav,12,train,2,happy,2,happy,0.9883947372436523
data/ravdess/audio/Actor_12/03-01-03-01-02-02-12.wav,03-01-03-01-02-02-12.wav,12,train,2,happy,2,happy,0.9867008328437805
data/ravdess/audio/Actor_12/03-01-03-02-01-01-12.wav,03-01-03-02-01-01-12.wav,12,train,2,happy,2,happy,0.9885826110839844
data/ravdess/audio/Actor_12/03-01-03-02-01-02-12.wav,03-01-03-02-01-02-12.wav,12,train,2,happy,2,happy,0.9884545803070068
data/ravdess/audio/Actor_12/03-01-03-02-02-01-12.wav,03-01-03-02-02-01-12.wav,12,train,2,happy,2,happy,0.9884541630744934
data/ravdess/audio/Actor_12/03-01-03-02-02-02-12.wav,03-01-03-02-02-02-12.wav,12,train,2,happy,2,happy,0.988564670085907
data/ravdess/audio/Actor_12/03-01-04-01-01-01-12.wav,03-01-04-01-01-01-12.wav,12,train,3,sad,3,sad,0.9875855445861816
data/ravdess/audio/Actor_12/03-01-04-01-01-02-12.wav,03-01-04-01-01-02-12.wav,12,train,3,sad,3,sad,0.985109806060791
data/ravdess/audio/Actor_12/03-01-04-01-02-01-12.wav,03-01-04-01-02-01-12.wav,12,train,3,sad,3,sad,0.9878202676773071
data/ravdess/audio/Actor_12/03-01-04-01-02-02-12.wav,03-01-04-01-02-02-12.wav,12,train,3,sad,1,calm,0.979320764541626
data/ravdess/audio/Actor_12/03-01-04-02-01-01-12.wav,03-01-04-02-01-01-12.wav,12,train,3,sad,3,sad,0.9881181120872498
data/ravdess/audio/Actor_12/03-01-04-02-01-02-12.wav,03-01-04-02-01-02-12.wav,12,train,3,sad,3,sad,0.9881560802459717
data/ravdess/audio/Actor_12/03-01-04-02-02-01-12.wav,03-01-04-02-02-01-12.wav,12,train,3,sad,3,sad,0.9850770831108093
data/ravdess/audio/Actor_12/03-01-04-02-02-02-12.wav,03-01-04-02-02-02-12.wav,12,train,3,sad,3,sad,0.9845905303955078
data/ravdess/audio/Actor_12/03-01-05-01-01-01-12.wav,03-01-05-01-01-01-12.wav,12,train,4,angry,4,angry,0.9903876185417175
data/ravdess/audio/Actor_12/03-01-05-01-01-02-12.wav,03-01-05-01-01-02-12.wav,12,train,4,angry,4,angry,0.9903822541236877
data/ravdess/audio/Actor_12/03-01-05-01-02-01-12.wav,03-01-05-01-02-01-12.wav,12,train,4,angry,4,angry,0.9900414347648621
data/ravdess/audio/Actor_12/03-01-05-01-02-02-12.wav,03-01-05-01-02-02-12.wav,12,train,4,angry,4,angry,0.9901935458183289
data/ravdess/audio/Actor_12/03-01-05-02-01-01-12.wav,03-01-05-02-01-01-12.wav,12,train,4,angry,4,angry,0.990240216255188
data/ravdess/audio/Actor_12/03-01-05-02-01-02-12.wav,03-01-05-02-01-02-12.wav,12,train,4,angry,4,angry,0.9903338551521301
data/ravdess/audio/Actor_12/03-01-05-02-02-01-12.wav,03-01-05-02-02-01-12.wav,12,train,4,angry,4,angry,0.9904434084892273
data/ravdess/audio/Actor_12/03-01-05-02-02-02-12.wav,03-01-05-02-02-02-12.wav,12,train,4,angry,4,angry,0.990394651889801
data/ravdess/audio/Actor_12/03-01-06-01-01-01-12.wav,03-01-06-01-01-01-12.wav,12,train,5,fearful,5,fearful,0.9890129566192627
data/ravdess/audio/Actor_12/03-01-06-01-01-02-12.wav,03-01-06-01-01-02-12.wav,12,train,5,fearful,5,fearful,0.9888688325881958
data/ravdess/audio/Actor_12/03-01-06-01-02-01-12.wav,03-01-06-01-02-01-12.wav,12,train,5,fearful,5,fearful,0.9889791011810303
data/ravdess/audio/Actor_12/03-01-06-01-02-02-12.wav,03-01-06-01-02-02-12.wav,12,train,5,fearful,5,fearful,0.9890176057815552
data/ravdess/audio/Actor_12/03-01-06-02-01-01-12.wav,03-01-06-02-01-01-12.wav,12,train,5,fearful,5,fearful,0.9891742467880249
data/ravdess/audio/Actor_12/03-01-06-02-01-02-12.wav,03-01-06-02-01-02-12.wav,12,train,5,fearful,5,fearful,0.9891273379325867
data/ravdess/audio/Actor_12/03-01-06-02-02-01-12.wav,03-01-06-02-02-01-12.wav,12,train,5,fearful,5,fearful,0.9884908199310303
data/ravdess/audio/Actor_12/03-01-06-02-02-02-12.wav,03-01-06-02-02-02-12.wav,12,train,5,fearful,5,fearful,0.98907870054245
data/ravdess/audio/Actor_12/03-01-07-01-01-01-12.wav,03-01-07-01-01-01-12.wav,12,train,6,disgust,6,disgust,0.9876800775527954
data/ravdess/audio/Actor_12/03-01-07-01-01-02-12.wav,03-01-07-01-01-02-12.wav,12,train,6,disgust,6,disgust,0.9876924157142639
data/ravdess/audio/Actor_12/03-01-07-01-02-01-12.wav,03-01-07-01-02-01-12.wav,12,train,6,disgust,6,disgust,0.9842012524604797
data/ravdess/audio/Actor_12/03-01-07-01-02-02-12.wav,03-01-07-01-02-02-12.wav,12,train,6,disgust,6,disgust,0.938157320022583
data/ravdess/audio/Actor_12/03-01-07-02-01-01-12.wav,03-01-07-02-01-01-12.wav,12,train,6,disgust,6,disgust,0.9881036877632141
data/ravdess/audio/Actor_12/03-01-07-02-01-02-12.wav,03-01-07-02-01-02-12.wav,12,train,6,disgust,6,disgust,0.9886493682861328
data/ravdess/audio/Actor_12/03-01-07-02-02-01-12.wav,03-01-07-02-02-01-12.wav,12,train,6,disgust,6,disgust,0.9871188402175903
data/ravdess/audio/Actor_12/03-01-07-02-02-02-12.wav,03-01-07-02-02-02-12.wav,12,train,6,disgust,6,disgust,0.9876564741134644
data/ravdess/audio/Actor_12/03-01-08-01-01-01-12.wav,03-01-08-01-01-01-12.wav,12,train,7,surprised,7,surprised,0.9887692928314209
data/ravdess/audio/Actor_12/03-01-08-01-01-02-12.wav,03-01-08-01-01-02-12.wav,12,train,7,surprised,7,surprised,0.9886304140090942
data/ravdess/audio/Actor_12/03-01-08-01-02-01-12.wav,03-01-08-01-02-01-12.wav,12,train,7,surprised,7,surprised,0.9883777499198914
data/ravdess/audio/Actor_12/03-01-08-01-02-02-12.wav,03-01-08-01-02-02-12.wav,12,train,7,surprised,7,surprised,0.9882940053939819
data/ravdess/audio/Actor_12/03-01-08-02-01-01-12.wav,03-01-08-02-01-01-12.wav,12,train,7,surprised,7,surprised,0.9885711073875427
data/ravdess/audio/Actor_12/03-01-08-02-01-02-12.wav,03-01-08-02-01-02-12.wav,12,train,7,surprised,7,surprised,0.9885759949684143
data/ravdess/audio/Actor_12/03-01-08-02-02-01-12.wav,03-01-08-02-02-01-12.wav,12,train,7,surprised,7,surprised,0.9885826110839844
data/ravdess/audio/Actor_12/03-01-08-02-02-02-12.wav,03-01-08-02-02-02-12.wav,12,train,7,surprised,7,surprised,0.9885270595550537
data/ravdess/audio/Actor_13/03-01-01-01-01-01-13.wav,03-01-01-01-01-01-13.wav,13,train,0,neutral,0,neutral,0.9806862473487854
data/ravdess/audio/Actor_13/03-01-01-01-01-02-13.wav,03-01-01-01-01-02-13.wav,13,train,0,neutral,0,neutral,0.9812182784080505
data/ravdess/audio/Actor_13/03-01-01-01-02-01-13.wav,03-01-01-01-02-01-13.wav,13,train,0,neutral,0,neutral,0.9806215167045593
data/ravdess/audio/Actor_13/03-01-01-01-02-02-13.wav,03-01-01-01-02-02-13.wav,13,train,0,neutral,0,neutral,0.9814280271530151
data/ravdess/audio/Actor_13/03-01-02-01-01-01-13.wav,03-01-02-01-01-01-13.wav,13,train,1,calm,1,calm,0.9879230856895447
data/ravdess/audio/Actor_13/03-01-02-01-01-02-13.wav,03-01-02-01-01-02-13.wav,13,train,1,calm,1,calm,0.9863839745521545
data/ravdess/audio/Actor_13/03-01-02-01-02-01-13.wav,03-01-02-01-02-01-13.wav,13,train,1,calm,1,calm,0.9877780079841614
data/ravdess/audio/Actor_13/03-01-02-01-02-02-13.wav,03-01-02-01-02-02-13.wav,13,train,1,calm,1,calm,0.9880081415176392
data/ravdess/audio/Actor_13/03-01-02-02-01-01-13.wav,03-01-02-02-01-01-13.wav,13,train,1,calm,1,calm,0.9874997735023499
data/ravdess/audio/Actor_13/03-01-02-02-01-02-13.wav,03-01-02-02-01-02-13.wav,13,train,1,calm,1,calm,0.6128739714622498
data/ravdess/audio/Actor_13/03-01-02-02-02-01-13.wav,03-01-02-02-02-01-13.wav,13,train,1,calm,1,calm,0.9879518151283264
data/ravdess/audio/Actor_13/03-01-02-02-02-02-13.wav,03-01-02-02-02-02-13.wav,13,train,1,calm,1,calm,0.9789075255393982
data/ravdess/audio/Actor_13/03-01-03-01-01-01-13.wav,03-01-03-01-01-01-13.wav,13,train,2,happy,2,happy,0.988342821598053
data/ravdess/audio/Actor_13/03-01-03-01-01-02-13.wav,03-01-03-01-01-02-13.wav,13,train,2,happy,2,happy,0.9886548519134521
data/ravdess/audio/Actor_13/03-01-03-01-02-01-13.wav,03-01-03-01-02-01-13.wav,13,train,2,happy,2,happy,0.9883153438568115
data/ravdess/audio/Actor_13/03-01-03-01-02-02-13.wav,03-01-03-01-02-02-13.wav,13,train,2,happy,2,happy,0.9876717329025269
data/ravdess/audio/Actor_13/03-01-03-02-01-01-13.wav,03-01-03-02-01-01-13.wav,13,train,2,happy,2,happy,0.98879075050354
data/ravdess/audio/Actor_13/03-01-03-02-01-02-13.wav,03-01-03-02-01-02-13.wav,13,train,2,happy,2,happy,0.9885269403457642
data/ravdess/audio/Actor_13/03-01-03-02-02-01-13.wav,03-01-03-02-02-01-13.wav,13,train,2,happy,2,happy,0.9875081181526184
data/ravdess/audio/Actor_13/03-01-03-02-02-02-13.wav,03-01-03-02-02-02-13.wav,13,train,2,happy,2,happy,0.9882503747940063
data/ravdess/audio/Actor_13/03-01-04-01-01-01-13.wav,03-01-04-01-01-01-13.wav,13,train,3,sad,3,sad,0.9878210425376892
data/ravdess/audio/Actor_13/03-01-04-01-01-02-13.wav,03-01-04-01-01-02-13.wav,13,train,3,sad,2,happy,0.6247279047966003
data/ravdess/audio/Actor_13/03-01-04-01-02-01-13.wav,03-01-04-01-02-01-13.wav,13,train,3,sad,3,sad,0.9869145750999451
data/ravdess/audio/Actor_13/03-01-04-01-02-02-13.wav,03-01-04-01-02-02-13.wav,13,train,3,sad,3,sad,0.9876638054847717
data/ravdess/audio/Actor_13/03-01-04-02-01-01-13.wav,03-01-04-02-01-01-13.wav,13,train,3,sad,3,sad,0.954506516456604
data/ravdess/audio/Actor_13/03-01-04-02-01-02-13.wav,03-01-04-02-01-02-13.wav,13,train,3,sad,3,sad,0.9875284433364868
data/ravdess/audio/Actor_13/03-01-04-02-02-01-13.wav,03-01-04-02-02-01-13.wav,13,train,3,sad,3,sad,0.9875801205635071
data/ravdess/audio/Actor_13/03-01-04-02-02-02-13.wav,03-01-04-02-02-02-13.wav,13,train,3,sad,3,sad,0.988075852394104
data/ravdess/audio/Actor_13/03-01-05-01-01-01-13.wav,03-01-05-01-01-01-13.wav,13,train,4,angry,4,angry,0.9898968935012817
data/ravdess/audio/Actor_13/03-01-05-01-01-02-13.wav,03-01-05-01-01-02-13.wav,13,train,4,angry,4,angry,0.9902140498161316
data/ravdess/audio/Actor_13/03-01-05-01-02-01-13.wav,03-01-05-01-02-01-13.wav,13,train,4,angry,4,angry,0.9896111488342285
data/ravdess/audio/Actor_13/03-01-05-01-02-02-13.wav,03-01-05-01-02-02-13.wav,13,train,4,angry,4,angry,0.9900769591331482
data/ravdess/audio/Actor_13/03-01-05-02-01-01-13.wav,03-01-05-02-01-01-13.wav,13,train,4,angry,4,angry,0.990330696105957
data/ravdess/audio/Actor_13/03-01-05-02-01-02-13.wav,03-01-05-02-01-02-13.wav,13,train,4,angry,4,angry,0.9903243780136108
data/ravdess/audio/Actor_13/03-01-05-02-02-01-13.wav,03-01-05-02-02-01-13.wav,13,train,4,angry,4,angry,0.9898959398269653
data/ravdess/audio/Actor_13/03-01-05-02-02-02-13.wav,03-01-05-02-02-02-13.wav,13,train,4,angry,4,angry,0.9902741312980652
data/ravdess/audio/Actor_13/03-01-06-01-01-01-13.wav,03-01-06-01-01-01-13.wav,13,train,5,fearful,5,fearful,0.9864050149917603
data/ravdess/audio/Actor_13/03-01-06-01-01-02-13.wav,03-01-06-01-01-02-13.wav,13,train,5,fearful,5,fearful,0.9833250045776367
data/ravdess/audio/Actor_13/03-01-06-01-02-01-13.wav,03-01-06-01-02-01-13.wav,13,train,5,fearful,5,fearful,0.9881159067153931
data/ravdess/audio/Actor_13/03-01-06-01-02-02-13.wav,03-01-06-01-02-02-13.wav,13,train,5,fearful,5,fearful,0.9881492853164673
data/ravdess/audio/Actor_13/03-01-06-02-01-01-13.wav,03-01-06-02-01-01-13.wav,13,train,5,fearful,5,fearful,0.9884118437767029
data/ravdess/audio/Actor_13/03-01-06-02-01-02-13.wav,03-01-06-02-01-02-13.wav,13,train,5,fearful,5,fearful,0.9875883460044861
data/ravdess/audio/Actor_13/03-01-06-02-02-01-13.wav,03-01-06-02-02-01-13.wav,13,train,5,fearful,5,fearful,0.9820594191551208
data/ravdess/audio/Actor_13/03-01-06-02-02-02-13.wav,03-01-06-02-02-02-13.wav,13,train,5,fearful,5,fearful,0.9860237836837769
data/ravdess/audio/Actor_13/03-01-07-01-01-01-13.wav,03-01-07-01-01-01-13.wav,13,train,6,disgust,6,disgust,0.9886640906333923
data/ravdess/audio/Actor_13/03-01-07-01-01-02-13.wav,03-01-07-01-01-02-13.wav,13,train,6,disgust,6,disgust,0.9878963232040405
data/ravdess/audio/Actor_13/03-01-07-01-02-01-13.wav,03-01-07-01-02-01-13.wav,13,train,6,disgust,6,disgust,0.9884302616119385
data/ravdess/audio/Actor_13/03-01-07-01-02-02-13.wav,03-01-07-01-02-02-13.wav,13,train,6,disgust,6,disgust,0.9884136319160461
data/ravdess/audio/Actor_13/03-01-07-02-01-01-13.wav,03-01-07-02-01-01-13.wav,13,train,6,disgust,6,disgust,0.9884599447250366
data/ravdess/audio/Actor_13/03-01-07-02-01-02-13.wav,03-01-07-02-01-02-13.wav,13,train,6,disgust,6,disgust,0.9884095191955566
data/ravdess/audio/Actor_13/03-01-07-02-02-01-13.wav,03-01-07-02-02-01-13.wav,13,train,6,disgust,6,disgust,0.9885080456733704
data/ravdess/audio/Actor_13/03-01-07-02-02-02-13.wav,03-01-07-02-02-02-13.wav,13,train,6,disgust,6,disgust,0.9882601499557495
data/ravdess/audio/Actor_13/03-01-08-01-01-01-13.wav,03-01-08-01-01-01-13.wav,13,train,7,surprised,7,surprised,0.9885298609733582
data/ravdess/audio/Actor_13/03-01-08-01-01-02-13.wav,03-01-08-01-01-02-13.wav,13,train,7,surprised,7,surprised,0.9884793162345886
data/ravdess/audio/Actor_13/03-01-08-01-02-01-13.wav,03-01-08-01-02-01-13.wav,13,train,7,surprised,7,surprised,0.988318145275116
data/ravdess/audio/Actor_13/03-01-08-01-02-02-13.wav,03-01-08-01-02-02-13.wav,13,train,7,surprised,7,surprised,0.9885562062263489
data/ravdess/audio/Actor_13/03-01-08-02-01-01-13.wav,03-01-08-02-01-01-13.wav,13,train,7,surprised,7,surprised,0.9881840944290161
data/ravdess/audio/Actor_13/03-01-08-02-01-02-13.wav,03-01-08-02-01-02-13.wav,13,train,7,surprised,7,surprised,0.9885821342468262
data/ravdess/audio/Actor_13/03-01-08-02-02-01-13.wav,03-01-08-02-02-01-13.wav,13,train,7,surprised,7,surprised,0.9880303740501404
data/ravdess/audio/Actor_13/03-01-08-02-02-02-13.wav,03-01-08-02-02-02-13.wav,13,train,7,surprised,7,surprised,0.9879167675971985
data/ravdess/audio/Actor_14/03-01-01-01-01-01-14.wav,03-01-01-01-01-01-14.wav,14,train,0,neutral,0,neutral,0.9808138012886047
data/ravdess/audio/Actor_14/03-01-01-01-01-02-14.wav,03-01-01-01-01-02-14.wav,14,train,0,neutral,0,neutral,0.9804279208183289
data/ravdess/audio/Actor_14/03-01-01-01-02-01-14.wav,03-01-01-01-02-01-14.wav,14,train,0,neutral,0,neutral,0.9811641573905945
data/ravdess/audio/Actor_14/03-01-01-01-02-02-14.wav,03-01-01-01-02-02-14.wav,14,train,0,neutral,0,neutral,0.9812816381454468
data/ravdess/audio/Actor_14/03-01-02-01-01-01-14.wav,03-01-02-01-01-01-14.wav,14,train,1,calm,1,calm,0.9882362484931946
data/ravdess/audio/Actor_14/03-01-02-01-01-02-14.wav,03-01-02-01-01-02-14.wav,14,train,1,calm,1,calm,0.9882533550262451
data/ravdess/audio/Actor_14/03-01-02-01-02-01-14.wav,03-01-02-01-02-01-14.wav,14,train,1,calm,1,calm,0.9883732199668884
data/ravdess/audio/Actor_14/03-01-02-01-02-02-14.wav,03-01-02-01-02-02-14.wav,14,train,1,calm,1,calm,0.9880716800689697
data/ravdess/audio/Actor_14/03-01-02-02-01-01-14.wav,03-01-02-02-01-01-14.wav,14,train,1,calm,1,calm,0.9880844950675964
data/ravdess/audio/Actor_14/03-01-02-02-01-02-14.wav,03-01-02-02-01-02-14.wav,14,train,1,calm,1,calm,0.9879343509674072
data/ravdess/audio/Actor_14/03-01-02-02-02-01-14.wav,03-01-02-02-02-01-14.wav,14,train,1,calm,1,calm,0.9882540702819824
data/ravdess/audio/Actor_14/03-01-02-02-02-02-14.wav,03-01-02-02-02-02-14.wav,14,train,1,calm,1,calm,0.9883558750152588
data/ravdess/audio/Actor_14/03-01-03-01-01-01-14.wav,03-01-03-01-01-01-14.wav,14,train,2,happy,2,happy,0.9886526465415955
data/ravdess/audio/Actor_14/03-01-03-01-01-02-14.wav,03-01-03-01-01-02-14.wav,14,train,2,happy,2,happy,0.9880192875862122
data/ravdess/audio/Actor_14/03-01-03-01-02-01-14.wav,03-01-03-01-02-01-14.wav,14,train,2,happy,2,happy,0.986689567565918
data/ravdess/audio/Actor_14/03-01-03-01-02-02-14.wav,03-01-03-01-02-02-14.wav,14,train,2,happy,2,happy,0.9885686635971069
data/ravdess/audio/Actor_14/03-01-03-02-01-01-14.wav,03-01-03-02-01-01-14.wav,14,train,2,happy,2,happy,0.9883916974067688
data/ravdess/audio/Actor_14/03-01-03-02-01-02-14.wav,03-01-03-02-01-02-14.wav,14,train,2,happy,2,happy,0.9885692596435547
data/ravdess/audio/Actor_14/03-01-03-02-02-01-14.wav,03-01-03-02-02-01-14.wav,14,train,2,happy,2,happy,0.9884125590324402
data/ravdess/audio/Actor_14/03-01-03-02-02-02-14.wav,03-01-03-02-02-02-14.wav,14,train,2,happy,2,happy,0.98395174741745
data/ravdess/audio/Actor_14/03-01-04-01-01-01-14.wav,03-01-04-01-01-01-14.wav,14,train,3,sad,3,sad,0.988243043422699
data/ravdess/audio/Actor_14/03-01-04-01-01-02-14.wav,03-01-04-01-01-02-14.wav,14,train,3,sad,3,sad,0.9864166975021362
data/ravdess/audio/Actor_14/03-01-04-01-02-01-14.wav,03-01-04-01-02-01-14.wav,14,train,3,sad,3,sad,0.9854282736778259
data/ravdess/audio/Actor_14/03-01-04-01-02-02-14.wav,03-01-04-01-02-02-14.wav,14,train,3,sad,3,sad,0.9874728918075562
data/ravdess/audio/Actor_14/03-01-04-02-01-01-14.wav,03-01-04-02-01-01-14.wav,14,train,3,sad,3,sad,0.9880900382995605
data/ravdess/audio/Actor_14/03-01-04-02-01-02-14.wav,03-01-04-02-01-02-14.wav,14,train,3,sad,3,sad,0.9882090091705322
data/ravdess/audio/Actor_14/03-01-04-02-02-01-14.wav,03-01-04-02-02-01-14.wav,14,train,3,sad,3,sad,0.9877656698226929
data/ravdess/audio/Actor_14/03-01-04-02-02-02-14.wav,03-01-04-02-02-02-14.wav,14,train,3,sad,3,sad,0.9872755408287048
data/ravdess/audio/Actor_14/03-01-05-01-01-01-14.wav,03-01-05-01-01-01-14.wav,14,train,4,angry,4,angry,0.9902267456054688
data/ravdess/audio/Actor_14/03-01-05-01-01-02-14.wav,03-01-05-01-01-02-14.wav,14,train,4,angry,4,angry,0.9902599453926086
data/ravdess/audio/Actor_14/03-01-05-01-02-01-14.wav,03-01-05-01-02-01-14.wav,14,train,4,angry,4,angry,0.9903049468994141
data/ravdess/audio/Actor_14/03-01-05-01-02-02-14.wav,03-01-05-01-02-02-14.wav,14,train,4,angry,4,angry,0.9903919696807861
data/ravdess/audio/Actor_14/03-01-05-02-01-01-14.wav,03-01-05-02-01-01-14.wav,14,train,4,angry,4,angry,0.990361213684082
data/ravdess/audio/Actor_14/03-01-05-02-01-02-14.wav,03-01-05-02-01-02-14.wav,14,train,4,angry,4,angry,0.9901766180992126
data/ravdess/audio/Actor_14/03-01-05-02-02-01-14.wav,03-01-05-02-02-01-14.wav,14,train,4,angry,4,angry,0.9902827739715576
data/ravdess/audio/Actor_14/03-01-05-02-02-02-14.wav,03-01-05-02-02-02-14.wav,14,train,4,angry,4,angry,0.9902980923652649
data/ravdess/audio/Actor_14/03-01-06-01-01-01-14.wav,03-01-06-01-01-01-14.wav,14,train,5,fearful,5,fearful,0.9891336560249329
data/ravdess/audio/Actor_14/03-01-06-01-01-02-14.wav,03-01-06-01-01-02-14.wav,14,train,5,fearful,5,fearful,0.9886095523834229
data/ravdess/audio/Actor_14/03-01-06-01-02-01-14.wav,03-01-06-01-02-01-14.wav,14,train,5,fearful,5,fearful,0.988797128200531
data/ravdess/audio/Actor_14/03-01-06-01-02-02-14.wav,03-01-06-01-02-02-14.wav,14,train,5,fearful,5,fearful,0.9889829754829407
data/ravdess/audio/Actor_14/03-01-06-02-01-01-14.wav,03-01-06-02-01-01-14.wav,14,train,5,fearful,5,fearful,0.9890363812446594
data/ravdess/audio/Actor_14/03-01-06-02-01-02-14.wav,03-01-06-02-01-02-14.wav,14,train,5,fearful,5,fearful,0.9885757565498352
data/ravdess/audio/Actor_14/03-01-06-02-02-01-14.wav,03-01-06-02-02-01-14.wav,14,train,5,fearful,5,fearful,0.9892047047615051
data/ravdess/audio/Actor_14/03-01-06-02-02-02-14.wav,03-01-06-02-02-02-14.wav,14,train,5,fearful,5,fearful,0.9891321063041687
data/ravdess/audio/Actor_14/03-01-07-01-01-01-14.wav,03-01-07-01-01-01-14.wav,14,train,6,disgust,6,disgust,0.9881750345230103
data/ravdess/audio/Actor_14/03-01-07-01-01-02-14.wav,03-01-07-01-01-02-14.wav,14,train,6,disgust,6,disgust,0.9881761074066162
data/ravdess/audio/Actor_14/03-01-07-01-02-01-14.wav,03-01-07-01-02-01-14.wav,14,train,6,disgust,6,disgust,0.988685131072998
data/ravdess/audio/Actor_14/03-01-07-01-02-02-14.wav,03-01-07-01-02-02-14.wav,14,train,6,disgust,6,disgust,0.9883660078048706
data/ravdess/audio/Actor_14/03-01-07-02-01-01-14.wav,03-01-07-02-01-01-14.wav,14,train,6,disgust,6,disgust,0.9884834885597229
data/ravdess/audio/Actor_14/03-01-07-02-01-02-14.wav,03-01-07-02-01-02-14.wav,14,train,6,disgust,6,disgust,0.9886341094970703
data/ravdess/audio/Actor_14/03-01-07-02-02-01-14.wav,03-01-07-02-02-01-14.wav,14,train,6,disgust,6,disgust,0.9880473613739014
data/ravdess/audio/Actor_14/03-01-07-02-02-02-14.wav,03-01-07-02-02-02-14.wav,14,train,6,disgust,6,disgust,0.9885436296463013
data/ravdess/audio/Actor_14/03-01-08-01-01-01-14.wav,03-01-08-01-01-01-14.wav,14,train,7,surprised,7,surprised,0.9885146021842957
data/ravdess/audio/Actor_14/03-01-08-01-01-02-14.wav,03-01-08-01-01-02-14.wav,14,train,7,surprised,7,surprised,0.9885023832321167
data/ravdess/audio/Actor_14/03-01-08-01-02-01-14.wav,03-01-08-01-02-01-14.wav,14,train,7,surprised,7,surprised,0.9886012673377991
data/ravdess/audio/Actor_14/03-01-08-01-02-02-14.wav,03-01-08-01-02-02-14.wav,14,train,7,surprised,7,surprised,0.988678514957428
data/ravdess/audio/Actor_14/03-01-08-02-01-01-14.wav,03-01-08-02-01-01-14.wav,14,train,7,surprised,7,surprised,0.9883524775505066
data/ravdess/audio/Actor_14/03-01-08-02-01-02-14.wav,03-01-08-02-01-02-14.wav,14,train,7,surprised,7,surprised,0.9885842800140381
data/ravdess/audio/Actor_14/03-01-08-02-02-01-14.wav,03-01-08-02-02-01-14.wav,14,train,7,surprised,7,surprised,0.9886981844902039
data/ravdess/audio/Actor_14/03-01-08-02-02-02-14.wav,03-01-08-02-02-02-14.wav,14,train,7,surprised,7,surprised,0.9886582493782043
data/ravdess/audio/Actor_15/03-01-01-01-01-01-15.wav,03-01-01-01-01-01-15.wav,15,train,0,neutral,0,neutral,0.9809544086456299
data/ravdess/audio/Actor_15/03-01-01-01-01-02-15.wav,03-01-01-01-01-02-15.wav,15,train,0,neutral,0,neutral,0.9806381464004517
data/ravdess/audio/Actor_15/03-01-01-01-02-01-15.wav,03-01-01-01-02-01-15.wav,15,train,0,neutral,0,neutral,0.9803169965744019
data/ravdess/audio/Actor_15/03-01-01-01-02-02-15.wav,03-01-01-01-02-02-15.wav,15,train,0,neutral,0,neutral,0.9809180498123169
data/ravdess/audio/Actor_15/03-01-02-01-01-01-15.wav,03-01-02-01-01-01-15.wav,15,train,1,calm,1,calm,0.9873999357223511
data/ravdess/audio/Actor_15/03-01-02-01-01-02-15.wav,03-01-02-01-01-02-15.wav,15,train,1,calm,1,calm,0.9880565404891968
data/ravdess/audio/Actor_15/03-01-02-01-02-01-15.wav,03-01-02-01-02-01-15.wav,15,train,1,calm,1,calm,0.9880309700965881
data/ravdess/audio/Actor_15/03-01-02-01-02-02-15.wav,03-01-02-01-02-02-15.wav,15,train,1,calm,1,calm,0.9878072142601013
data/ravdess/audio/Actor_15/03-01-02-02-01-01-15.wav,03-01-02-02-01-01-15.wav,15,train,1,calm,1,calm,0.9876206517219543
data/ravdess/audio/Actor_15/03-01-02-02-01-02-15.wav,03-01-02-02-01-02-15.wav,15,train,1,calm,1,calm,0.9879274964332581
data/ravdess/audio/Actor_15/03-01-02-02-02-01-15.wav,03-01-02-02-02-01-15.wav,15,train,1,calm,1,calm,0.9880629777908325
data/ravdess/audio/Actor_15/03-01-02-02-02-02-15.wav,03-01-02-02-02-02-15.wav,15,train,1,calm,1,calm,0.9882364869117737
data/ravdess/audio/Actor_15/03-01-03-01-01-01-15.wav,03-01-03-01-01-01-15.wav,15,train,2,happy,2,happy,0.9886342287063599
data/ravdess/audio/Actor_15/03-01-03-01-01-02-15.wav,03-01-03-01-01-02-15.wav,15,train,2,happy,2,happy,0.9885483980178833
data/ravdess/audio/Actor_15/03-01-03-01-02-01-15.wav,03-01-03-01-02-01-15.wav,15,train,2,happy,2,happy,0.9887036681175232
data/ravdess/audio/Actor_15/03-01-03-01-02-02-15.wav,03-01-03-01-02-02-15.wav,15,train,2,happy,2,happy,0.9858762621879578
data/ravdess/audio/Actor_15/03-01-03-02-01-01-15.wav,03-01-03-02-01-01-15.wav,15,train,2,happy,2,happy,0.98834627866745
data/ravdess/audio/Actor_15/03-01-03-02-01-02-15.wav,03-01-03-02-01-02-15.wav,15,train,2,happy,2,happy,0.9882213473320007
data/ravdess/audio/Actor_15/03-01-03-02-02-01-15.wav,03-01-03-02-02-01-15.wav,15,train,2,happy,2,happy,0.9878957271575928
data/ravdess/audio/Actor_15/03-01-03-02-02-02-15.wav,03-01-03-02-02-02-15.wav,15,train,2,happy,2,happy,0.9885717034339905
data/ravdess/audio/Actor_15/03-01-04-01-01-01-15.wav,03-01-04-01-01-01-15.wav,15,train,3,sad,3,sad,0.9882214665412903
data/ravdess/audio/Actor_15/03-01-04-01-01-02-15.wav,03-01-04-01-01-02-15.wav,15,train,3,sad,3,sad,0.9872913956642151
data/ravdess/audio/Actor_15/03-01-04-01-02-01-15.wav,03-01-04-01-02-01-15.wav,15,train,3,sad,3,sad,0.9804229736328125
data/ravdess/audio/Actor_15/03-01-04-01-02-02-15.wav,03-01-04-01-02-02-15.wav,15,train,3,sad,3,sad,0.840636670589447
data/ravdess/audio/Actor_15/03-01-04-02-01-01-15.wav,03-01-04-02-01-01-15.wav,15,train,3,sad,3,sad,0.988093912601471
data/ravdess/audio/Actor_15/03-01-04-02-01-02-15.wav,03-01-04-02-01-02-15.wav,15,train,3,sad,3,sad,0.9883852005004883
data/ravdess/audio/Actor_15/03-01-04-02-02-01-15.wav,03-01-04-02-02-01-15.wav,15,train,3,sad,3,sad,0.9884309768676758
data/ravdess/audio/Actor_15/03-01-04-02-02-02-15.wav,03-01-04-02-02-02-15.wav,15,train,3,sad,3,sad,0.9882910847663879
data/ravdess/audio/Actor_15/03-01-05-01-01-01-15.wav,03-01-05-01-01-01-15.wav,15,train,4,angry,4,angry,0.9904637336730957
data/ravdess/audio/Actor_15/03-01-05-01-01-02-15.wav,03-01-05-01-01-02-15.wav,15,train,4,angry,4,angry,0.9903790950775146
data/ravdess/audio/Actor_15/03-01-05-01-02-01-15.wav,03-01-05-01-02-01-15.wav,15,train,4,angry,4,angry,0.9901257753372192
data/ravdess/audio/Actor_15/03-01-05-01-02-02-15.wav,03-01-05-01-02-02-15.wav,15,train,4,angry,4,angry,0.990176260471344
data/ravdess/audio/Actor_15/03-01-05-02-01-01-15.wav,03-01-05-02-01-01-15.wav,15,train,4,angry,4,angry,0.9902464151382446
data/ravdess/audio/Actor_15/03-01-05-02-01-02-15.wav,03-01-05-02-01-02-15.wav,15,train,4,angry,4,angry,0.9903518557548523
data/ravdess/audio/Actor_15/03-01-05-02-02-01-15.wav,03-01-05-02-02-01-15.wav,15,train,4,angry,4,angry,0.9902899861335754
data/ravdess/audio/Actor_15/03-01-05-02-02-02-15.wav,03-01-05-02-02-02-15.wav,15,train,4,angry,4,angry,0.9902524948120117
data/ravdess/audio/Actor_15/03-01-06-01-01-01-15.wav,03-01-06-01-01-01-15.wav,15,train,5,fearful,5,fearful,0.988980770111084
data/ravdess/audio/Actor_15/03-01-06-01-01-02-15.wav,03-01-06-01-01-02-15.wav,15,train,5,fearful,5,fearful,0.9889966249465942
data/ravdess/audio/Actor_15/03-01-06-01-02-01-15.wav,03-01-06-01-02-01-15.wav,15,train,5,fearful,5,fearful,0.9891419410705566
data/ravdess/audio/Actor_15/03-01-06-01-02-02-15.wav,03-01-06-01-02-02-15.wav,15,train,5,fearful,5,fearful,0.9890095591545105
data/ravdess/audio/Actor_15/03-01-06-02-01-01-15.wav,03-01-06-02-01-01-15.wav,15,train,5,fearful,5,fearful,0.9885008335113525
data/ravdess/audio/Actor_15/03-01-06-02-01-02-15.wav,03-01-06-02-01-02-15.wav,15,train,5,fearful,5,fearful,0.9891173243522644
data/ravdess/audio/Actor_15/03-01-06-02-02-01-15.wav,03-01-06-02-02-01-15.wav,15,train,5,fearful,5,fearful,0.9889068603515625
data/ravdess/audio/Actor_15/03-01-06-02-02-02-15.wav,03-01-06-02-02-02-15.wav,15,train,5,fearful,5,fearful,0.9882636070251465
data/ravdess/audio/Actor_15/03-01-07-01-01-01-15.wav,03-01-07-01-01-01-15.wav,15,train,6,disgust,6,disgust,0.987449049949646
data/ravdess/audio/Actor_15/03-01-07-01-01-02-15.wav,03-01-07-01-01-02-15.wav,15,train,6,disgust,6,disgust,0.9882806539535522
data/ravdess/audio/Actor_15/03-01-07-01-02-01-15.wav,03-01-07-01-02-01-15.wav,15,train,6,disgust,6,disgust,0.988509476184845
data/ravdess/audio/Actor_15/03-01-07-01-02-02-15.wav,03-01-07-01-02-02-15.wav,15,train,6,disgust,6,disgust,0.98832768201828
data/ravdess/audio/Actor_15/03-01-07-02-01-01-15.wav,03-01-07-02-01-01-15.wav,15,train,6,disgust,6,disgust,0.987936794757843
data/ravdess/audio/Actor_15/03-01-07-02-01-02-15.wav,03-01-07-02-01-02-15.wav,15,train,6,disgust,6,disgust,0.9885737895965576
data/ravdess/audio/Actor_15/03-01-07-02-02-01-15.wav,03-01-07-02-02-01-15.wav,15,train,6,disgust,6,disgust,0.9885343909263611
data/ravdess/audio/Actor_15/03-01-07-02-02-02-15.wav,03-01-07-02-02-02-15.wav,15,train,6,disgust,6,disgust,0.9882931113243103
data/ravdess/audio/Actor_15/03-01-08-01-01-01-15.wav,03-01-08-01-01-01-15.wav,15,train,7,surprised,7,surprised,0.9886062741279602
data/ravdess/audio/Actor_15/03-01-08-01-01-02-15.wav,03-01-08-01-01-02-15.wav,15,train,7,surprised,7,surprised,0.988531231880188
data/ravdess/audio/Actor_15/03-01-08-01-02-01-15.wav,03-01-08-01-02-01-15.wav,15,train,7,surprised,7,surprised,0.988494336605072
data/ravdess/audio/Actor_15/03-01-08-01-02-02-15.wav,03-01-08-01-02-02-15.wav,15,train,7,surprised,7,surprised,0.9881598949432373
data/ravdess/audio/Actor_15/03-01-08-02-01-01-15.wav,03-01-08-02-01-01-15.wav,15,train,7,surprised,7,surprised,0.9882901906967163
data/ravdess/audio/Actor_15/03-01-08-02-01-02-15.wav,03-01-08-02-01-02-15.wav,15,train,7,surprised,7,surprised,0.9881122708320618
data/ravdess/audio/Actor_15/03-01-08-02-02-01-15.wav,03-01-08-02-02-01-15.wav,15,train,7,surprised,7,surprised,0.9886793494224548
data/ravdess/audio/Actor_15/03-01-08-02-02-02-15.wav,03-01-08-02-02-02-15.wav,15,train,7,surprised,7,surprised,0.9885699152946472
data/ravdess/audio/Actor_16/03-01-01-01-01-01-16.wav,03-01-01-01-01-01-16.wav,16,train,0,neutral,0,neutral,0.9812560677528381
data/ravdess/audio/Actor_16/03-01-01-01-01-02-16.wav,03-01-01-01-01-02-16.wav,16,train,0,neutral,0,neutral,0.9807790517807007
data/ravdess/audio/Actor_16/03-01-01-01-02-01-16.wav,03-01-01-01-02-01-16.wav,16,train,0,neutral,0,neutral,0.9809792041778564
data/ravdess/audio/Actor_16/03-01-01-01-02-02-16.wav,03-01-01-01-02-02-16.wav,16,train,0,neutral,0,neutral,0.9814412593841553
data/ravdess/audio/Actor_16/03-01-02-01-01-01-16.wav,03-01-02-01-01-01-16.wav,16,train,1,calm,1,calm,0.9877968430519104
data/ravdess/audio/Actor_16/03-01-02-01-01-02-16.wav,03-01-02-01-01-02-16.wav,16,train,1,calm,1,calm,0.9880258440971375
data/ravdess/audio/Actor_16/03-01-02-01-02-01-16.wav,03-01-02-01-02-01-16.wav,16,train,1,calm,1,calm,0.9881475567817688
data/ravdess/audio/Actor_16/03-01-02-01-02-02-16.wav,03-01-02-01-02-02-16.wav,16,train,1,calm,1,calm,0.9881445169448853
data/ravdess/audio/Actor_16/03-01-02-02-01-01-16.wav,03-01-02-02-01-01-16.wav,16,train,1,calm,1,calm,0.9883059859275818
data/ravdess/audio/Actor_16/03-01-02-02-01-02-16.wav,03-01-02-02-01-02-16.wav,16,train,1,calm,1,calm,0.987671971321106
data/ravdess/audio/Actor_16/03-01-02-02-02-01-16.wav,03-01-02-02-02-01-16.wav,16,train,1,calm,1,calm,0.9881504774093628
data/ravdess/audio/Actor_16/03-01-02-02-02-02-16.wav,03-01-02-02-02-02-16.wav,16,train,1,calm,1,calm,0.9882289171218872
data/ravdess/audio/Actor_16/03-01-03-01-01-01-16.wav,03-01-03-01-01-01-16.wav,16,train,2,happy,2,happy,0.9885957837104797
data/ravdess/audio/Actor_16/03-01-03-01-01-02-16.wav,03-01-03-01-01-02-16.wav,16,train,2,happy,2,happy,0.9885718822479248
data/ravdess/audio/Actor_16/03-01-03-01-02-01-16.wav,03-01-03-01-02-01-16.wav,16,train,2,happy,2,happy,0.9886291027069092
data/ravdess/audio/Actor_16/03-01-03-01-02-02-16.wav,03-01-03-01-02-02-16.wav,16,train,2,happy,2,happy,0.9886767864227295
data/ravdess/audio/Actor_16/03-01-03-02-01-01-16.wav,03-01-03-02-01-01-16.wav,16,train,2,happy,2,happy,0.9884501695632935
data/ravdess/audio/Actor_16/03-01-03-02-01-02-16.wav,03-01-03-02-01-02-16.wav,16,train,2,happy,2,happy,0.988605797290802
data/ravdess/audio/Actor_16/03-01-03-02-02-01-16.wav,03-01-03-02-02-01-16.wav,16,train,2,happy,2,happy,0.988488495349884
data/ravdess/audio/Actor_16/03-01-03-02-02-02-16.wav,03-01-03-02-02-02-16.wav,16,train,2,happy,2,happy,0.9879966378211975
data/ravdess/audio/Actor_16/03-01-04-01-01-01-16.wav,03-01-04-01-01-01-16.wav,16,train,3,sad,3,sad,0.9881759881973267
data/ravdess/audio/Actor_16/03-01-04-01-01-02-16.wav,03-01-04-01-01-02-16.wav,16,train,3,sad,3,sad,0.9883354902267456
data/ravdess/audio/Actor_16/03-01-04-01-02-01-16.wav,03-01-04-01-02-01-16.wav,16,train,3,sad,3,sad,0.9882457256317139
data/ravdess/audio/Actor_16/03-01-04-01-02-02-16.wav,03-01-04-01-02-02-16.wav,16,train,3,sad,3,sad,0.9882457256317139
data/ravdess/audio/Actor_16/03-01-04-02-01-01-16.wav,03-01-04-02-01-01-16.wav,16,train,3,sad,3,sad,0.9881314039230347
data/ravdess/audio/Actor_16/03-01-04-02-01-02-16.wav,03-01-04-02-01-02-16.wav,16,train,3,sad,3,sad,0.9884428381919861
data/ravdess/audio/Actor_16/03-01-04-02-02-01-16.wav,03-01-04-02-02-01-16.wav,16,train,3,sad,3,sad,0.9883787631988525
data/ravdess/audio/Actor_16/03-01-04-02-02-02-16.wav,03-01-04-02-02-02-16.wav,16,train,3,sad,3,sad,0.9883536100387573
data/ravdess/audio/Actor_16/03-01-05-01-01-01-16.wav,03-01-05-01-01-01-16.wav,16,train,4,angry,4,angry,0.9903430938720703
data/ravdess/audio/Actor_16/03-01-05-01-01-02-16.wav,03-01-05-01-01-02-16.wav,16,train,4,angry,4,angry,0.9902584552764893
data/ravdess/audio/Actor_16/03-01-05-01-02-01-16.wav,03-01-05-01-02-01-16.wav,16,train,4,angry,4,angry,0.9899729490280151
data/ravdess/audio/Actor_16/03-01-05-01-02-02-16.wav,03-01-05-01-02-02-16.wav,16,train,4,angry,4,angry,0.9904115796089172
data/ravdess/audio/Actor_16/03-01-05-02-01-01-16.wav,03-01-05-02-01-01-16.wav,16,train,4,angry,4,angry,0.9902085065841675
data/ravdess/audio/Actor_16/03-01-05-02-01-02-16.wav,03-01-05-02-01-02-16.wav,16,train,4,angry,4,angry,0.9904806017875671
data/ravdess/audio/Actor_16/03-01-05-02-02-01-16.wav,03-01-05-02-02-01-16.wav,16,train,4,angry,4,angry,0.9903531670570374
data/ravdess/audio/Actor_16/03-01-05-02-02-02-16.wav,03-01-05-02-02-02-16.wav,16,train,4,angry,4,angry,0.9903259873390198
data/ravdess/audio/Actor_16/03-01-06-01-01-01-16.wav,03-01-06-01-01-01-16.wav,16,train,5,fearful,5,fearful,0.9892051219940186
data/ravdess/audio/Actor_16/03-01-06-01-01-02-16.wav,03-01-06-01-01-02-16.wav,16,train,5,fearful,5,fearful,0.9889412522315979
data/ravdess/audio/Actor_16/03-01-06-01-02-01-16.wav,03-01-06-01-02-01-16.wav,16,train,5,fearful,5,fearful,0.9890645742416382
data/ravdess/audio/Actor_16/03-01-06-01-02-02-16.wav,03-01-06-01-02-02-16.wav,16,train,5,fearful,5,fearful,0.9892055988311768
data/ravdess/audio/Actor_16/03-01-06-02-01-01-16.wav,03-01-06-02-01-01-16.wav,16,train,5,fearful,5,fearful,0.9886364340782166
data/ravdess/audio/Actor_16/03-01-06-02-01-02-16.wav,03-01-06-02-01-02-16.wav,16,train,5,fearful,5,fearful,0.9892333745956421
data/ravdess/audio/Actor_16/03-01-06-02-02-01-16.wav,03-01-06-02-02-01-16.wav,16,train,5,fearful,5,fearful,0.989250659942627
data/ravdess/audio/Actor_16/03-01-06-02-02-02-16.wav,03-01-06-02-02-02-16.wav,16,train,5,fearful,5,fearful,0.9892832040786743
data/ravdess/audio/Actor_16/03-01-07-01-01-01-16.wav,03-01-07-01-01-01-16.wav,16,train,6,disgust,6,disgust,0.9884393215179443
data/ravdess/audio/Actor_16/03-01-07-01-01-02-16.wav,03-01-07-01-01-02-16.wav,16,train,6,disgust,6,disgust,0.9884467124938965
data/ravdess/audio/Actor_16/03-01-07-01-02-01-16.wav,03-01-07-01-02-01-16.wav,16,train,6,disgust,6,disgust,0.9885836839675903
data/ravdess/audio/Actor_16/03-01-07-01-02-02-16.wav,03-01-07-01-02-02-16.wav,16,train,6,disgust,6,disgust,0.9883452653884888
data/ravdess/audio/Actor_16/03-01-07-02-01-01-16.wav,03-01-07-02-01-01-16.wav,16,train,6,disgust,6,disgust,0.9884535670280457
data/ravdess/audio/Actor_16/03-01-07-02-01-02-16.wav,03-01-07-02-01-02-16.wav,16,train,6,disgust,6,disgust,0.9885608553886414
data/ravdess/audio/Actor_16/03-01-07-02-02-01-16.wav,03-01-07-02-02-01-16.wav,16,train,6,disgust,6,disgust,0.9886685013771057
data/ravdess/audio/Actor_16/03-01-07-02-02-02-16.wav,03-01-07-02-02-02-16.wav,16,train,6,disgust,6,disgust,0.9884877800941467
data/ravdess/audio/Actor_16/03-01-08-01-01-01-16.wav,03-01-08-01-01-01-16.wav,16,train,7,surprised,7,surprised,0.9882078766822815
data/ravdess/audio/Actor_16/03-01-08-01-01-02-16.wav,03-01-08-01-01-02-16.wav,16,train,7,surprised,7,surprised,0.9885579347610474
data/ravdess/audio/Actor_16/03-01-08-01-02-01-16.wav,03-01-08-01-02-01-16.wav,16,train,7,surprised,7,surprised,0.9888325929641724
data/ravdess/audio/Actor_16/03-01-08-01-02-02-16.wav,03-01-08-01-02-02-16.wav,16,train,7,surprised,7,surprised,0.9884206056594849
data/ravdess/audio/Actor_16/03-01-08-02-01-01-16.wav,03-01-08-02-01-01-16.wav,16,train,7,surprised,7,surprised,0.9886322617530823
data/ravdess/audio/Actor_16/03-01-08-02-01-02-16.wav,03-01-08-02-01-02-16.wav,16,train,7,surprised,7,surprised,0.9885575771331787
data/ravdess/audio/Actor_16/03-01-08-02-02-01-16.wav,03-01-08-02-02-01-16.wav,16,train,7,surprised,7,surprised,0.9885736703872681
data/ravdess/audio/Actor_16/03-01-08-02-02-02-16.wav,03-01-08-02-02-02-16.wav,16,train,7,surprised,7,surprised,0.9886088371276855
