filepath,filename,actor_id,split,true_label,true_emotion,predicted_label,predicted_emotion,confidence
data/cremad/audio/1001_DFA_ANG_XX.wav,1001_DFA_ANG_XX.wav,1001,train,3,angry,3,angry,0.1888168752193451
data/cremad/audio/1001_DFA_DIS_XX.wav,1001_DFA_DIS_XX.wav,1001,train,5,disgust,1,happy,0.18204469978809357
data/cremad/audio/1001_DFA_FEA_XX.wav,1001_DFA_FEA_XX.wav,1001,train,4,fearful,1,happy,0.18397147953510284
data/cremad/audio/1001_DFA_HAP_XX.wav,1001_DFA_HAP_XX.wav,1001,train,1,happy,1,happy,0.18587380647659302
data/cremad/audio/1001_DFA_NEU_XX.wav,1001_DFA_NEU_XX.wav,1001,train,0,neutral,1,happy,0.18456842005252838
data/cremad/audio/1001_DFA_SAD_XX.wav,1001_DFA_SAD_XX.wav,1001,train,2,sad,1,happy,0.18410000205039978
data/cremad/audio/1001_IEO_ANG_HI.wav,1001_IEO_ANG_HI.wav,1001,train,3,angry,1,happy,0.18445205688476562
data/cremad/audio/1001_IEO_ANG_LO.wav,1001_IEO_ANG_LO.wav,1001,train,3,angry,1,happy,0.1841132640838623
data/cremad/audio/1001_IEO_ANG_MD.wav,1001_IEO_ANG_MD.wav,1001,train,3,angry,3,angry,0.1841524839401245
data/cremad/audio/1001_IEO_DIS_HI.wav,1001_IEO_DIS_HI.wav,1001,train,5,disgust,1,happy,0.184832364320755
data/cremad/audio/1001_IEO_DIS_LO.wav,1001_IEO_DIS_LO.wav,1001,train,5,disgust,1,happy,0.18278157711029053
data/cremad/audio/1001_IEO_DIS_MD.wav,1001_IEO_DIS_MD.wav,1001,train,5,disgust,1,happy,0.18559402227401733
data/cremad/audio/1001_IEO_FEA_HI.wav,1001_IEO_FEA_HI.wav,1001,train,4,fearful,1,happy,0.1856677383184433
data/cremad/audio/1001_IEO_FEA_LO.wav,1001_IEO_FEA_LO.wav,1001,train,4,fearful,1,happy,0.18398910760879517
data/cremad/audio/1001_IEO_FEA_MD.wav,1001_IEO_FEA_MD.wav,1001,train,4,fearful,1,happy,0.18565115332603455
data/cremad/audio/1001_IEO_HAP_HI.wav,1001_IEO_HAP_HI.wav,1001,train,1,happy,1,happy,0.1862790584564209
data/cremad/audio/1001_IEO_HAP_LO.wav,1001_IEO_HAP_LO.wav,1001,train,1,happy,1,happy,0.1849846988916397
data/cremad/audio/1001_IEO_HAP_MD.wav,1001_IEO_HAP_MD.wav,1001,train,1,happy,1,happy,0.1849234402179718
data/cremad/audio/1001_IEO_NEU_XX.wav,1001_IEO_NEU_XX.wav,1001,train,0,neutral,1,happy,0.1858978271484375
data/cremad/audio/1001_IEO_SAD_HI.wav,1001_IEO_SAD_HI.wav,1001,train,2,sad,1,happy,0.18376117944717407
data/cremad/audio/1001_IEO_SAD_LO.wav,1001_IEO_SAD_LO.wav,1001,train,2,sad,1,happy,0.18257419764995575
data/cremad/audio/1001_IEO_SAD_MD.wav,1001_IEO_SAD_MD.wav,1001,train,2,sad,1,happy,0.18426725268363953
data/cremad/audio/1001_IOM_ANG_XX.wav,1001_IOM_ANG_XX.wav,1001,train,3,angry,3,angry,0.1856955587863922
data/cremad/audio/1001_IOM_DIS_XX.wav,1001_IOM_DIS_XX.wav,1001,train,5,disgust,1,happy,0.18425309658050537
data/cremad/audio/1001_IOM_FEA_XX.wav,1001_IOM_FEA_XX.wav,1001,train,4,fearful,3,angry,0.186515673995018
data/cremad/audio/1001_IOM_HAP_XX.wav,1001_IOM_HAP_XX.wav,1001,train,1,happy,1,happy,0.1844409555196762
data/cremad/audio/1001_IOM_NEU_XX.wav,1001_IOM_NEU_XX.wav,1001,train,0,neutral,1,happy,0.1826021522283554
data/cremad/audio/1001_IOM_SAD_XX.wav,1001_IOM_SAD_XX.wav,1001,train,2,sad,1,happy,0.1839926540851593
data/cremad/audio/1001_ITH_ANG_XX.wav,1001_ITH_ANG_XX.wav,1001,train,3,angry,1,happy,0.18449833989143372
data/cremad/audio/1001_ITH_DIS_XX.wav,1001_ITH_DIS_XX.wav,1001,train,5,disgust,1,happy,0.18521827459335327
data/cremad/audio/1001_ITH_FEA_XX.wav,1001_ITH_FEA_XX.wav,1001,train,4,fearful,1,happy,0.18539448082447052
data/cremad/audio/1001_ITH_HAP_XX.wav,1001_ITH_HAP_XX.wav,1001,train,1,happy,1,happy,0.18578119575977325
data/cremad/audio/1001_ITH_NEU_XX.wav,1001_ITH_NEU_XX.wav,1001,train,0,neutral,1,happy,0.18353447318077087
data/cremad/audio/1001_ITH_SAD_XX.wav,1001_ITH_SAD_XX.wav,1001,train,2,sad,1,happy,0.1827993094921112
data/cremad/audio/1001_ITS_ANG_XX.wav,1001_ITS_ANG_XX.wav,1001,train,3,angry,1,happy,0.18438518047332764
data/cremad/audio/1001_ITS_DIS_XX.wav,1001_ITS_DIS_XX.wav,1001,train,5,disgust,1,happy,0.18334123492240906
data/cremad/audio/1001_ITS_FEA_XX.wav,1001_ITS_FEA_XX.wav,1001,train,4,fearful,3,angry,0.1848103404045105
data/cremad/audio/1001_ITS_HAP_XX.wav,1001_ITS_HAP_XX.wav,1001,train,1,happy,3,angry,0.18687467277050018
data/cremad/audio/1001_ITS_NEU_XX.wav,1001_ITS_NEU_XX.wav,1001,train,0,neutral,1,happy,0.18357756733894348
data/cremad/audio/1001_ITS_SAD_XX.wav,1001_ITS_SAD_XX.wav,1001,train,2,sad,1,happy,0.18287484347820282
data/cremad/audio/1001_IWL_ANG_XX.wav,1001_IWL_ANG_XX.wav,1001,train,3,angry,3,angry,0.1846826821565628
data/cremad/audio/1001_IWL_DIS_XX.wav,1001_IWL_DIS_XX.wav,1001,train,5,disgust,1,happy,0.18370409309864044
data/cremad/audio/1001_IWL_FEA_XX.wav,1001_IWL_FEA_XX.wav,1001,train,4,fearful,1,happy,0.1852068156003952
data/cremad/audio/1001_IWL_HAP_XX.wav,1001_IWL_HAP_XX.wav,1001,train,1,happy,3,angry,0.18485718965530396
data/cremad/audio/1001_IWL_NEU_XX.wav,1001_IWL_NEU_XX.wav,1001,train,0,neutral,3,angry,0.18518278002738953
data/cremad/audio/1001_IWL_SAD_XX.wav,1001_IWL_SAD_XX.wav,1001,train,2,sad,1,happy,0.18275350332260132
data/cremad/audio/1001_IWW_ANG_XX.wav,1001_IWW_ANG_XX.wav,1001,train,3,angry,3,angry,0.18541428446769714
data/cremad/audio/1001_IWW_DIS_XX.wav,1001_IWW_DIS_XX.wav,1001,train,5,disgust,1,happy,0.18308629095554352
data/cremad/audio/1001_IWW_FEA_XX.wav,1001_IWW_FEA_XX.wav,1001,train,4,fearful,1,happy,0.18547135591506958
data/cremad/audio/1001_IWW_HAP_XX.wav,1001_IWW_HAP_XX.wav,1001,train,1,happy,1,happy,0.1851882040500641
data/cremad/audio/1001_IWW_NEU_XX.wav,1001_IWW_NEU_XX.wav,1001,train,0,neutral,1,happy,0.18482398986816406
data/cremad/audio/1001_IWW_SAD_XX.wav,1001_IWW_SAD_XX.wav,1001,train,2,sad,1,happy,0.18382567167282104
data/cremad/audio/1001_MTI_ANG_XX.wav,1001_MTI_ANG_XX.wav,1001,train,3,angry,3,angry,0.18795672059059143
data/cremad/audio/1001_MTI_DIS_XX.wav,1001_MTI_DIS_XX.wav,1001,train,5,disgust,3,angry,0.1858181357383728
data/cremad/audio/1001_MTI_FEA_XX.wav,1001_MTI_FEA_XX.wav,1001,train,4,fearful,3,angry,0.18491129577159882
data/cremad/audio/1001_MTI_HAP_XX.wav,1001_MTI_HAP_XX.wav,1001,train,1,happy,3,angry,0.1871107965707779
data/cremad/audio/1001_MTI_NEU_XX.wav,1001_MTI_NEU_XX.wav,1001,train,0,neutral,3,angry,0.1843608021736145
data/cremad/audio/1001_MTI_SAD_XX.wav,1001_MTI_SAD_XX.wav,1001,train,2,sad,1,happy,0.18410128355026245
data/cremad/audio/1001_TAI_ANG_XX.wav,1001_TAI_ANG_XX.wav,1001,train,3,angry,3,angry,0.18362823128700256
data/cremad/audio/1001_TAI_DIS_XX.wav,1001_TAI_DIS_XX.wav,1001,train,5,disgust,3,angry,0.18395599722862244
data/cremad/audio/1001_TAI_FEA_XX.wav,1001_TAI_FEA_XX.wav,1001,train,4,fearful,3,angry,0.1852947324514389
data/cremad/audio/1001_TAI_HAP_XX.wav,1001_TAI_HAP_XX.wav,1001,train,1,happy,1,happy,0.1849711686372757
data/cremad/audio/1001_TAI_NEU_XX.wav,1001_TAI_NEU_XX.wav,1001,train,0,neutral,1,happy,0.18356934189796448
data/cremad/audio/1001_TAI_SAD_XX.wav,1001_TAI_SAD_XX.wav,1001,train,2,sad,1,happy,0.18271462619304657
data/cremad/audio/1001_TIE_ANG_XX.wav,1001_TIE_ANG_XX.wav,1001,train,3,angry,3,angry,0.1846967339515686
data/cremad/audio/1001_TIE_DIS_XX.wav,1001_TIE_DIS_XX.wav,1001,train,5,disgust,1,happy,0.18510669469833374
data/cremad/audio/1001_TIE_FEA_XX.wav,1001_TIE_FEA_XX.wav,1001,train,4,fearful,1,happy,0.18449856340885162
data/cremad/audio/1001_TIE_HAP_XX.wav,1001_TIE_HAP_XX.wav,1001,train,1,happy,3,angry,0.18720197677612305
data/cremad/audio/1001_TIE_NEU_XX.wav,1001_TIE_NEU_XX.wav,1001,train,0,neutral,1,happy,0.18374007940292358
data/cremad/audio/1001_TIE_SAD_XX.wav,1001_TIE_SAD_XX.wav,1001,train,2,sad,1,happy,0.18238727748394012
data/cremad/audio/1001_TSI_ANG_XX.wav,1001_TSI_ANG_XX.wav,1001,train,3,angry,3,angry,0.18416953086853027
data/cremad/audio/1001_TSI_DIS_XX.wav,1001_TSI_DIS_XX.wav,1001,train,5,disgust,1,happy,0.1844850778579712
data/cremad/audio/1001_TSI_FEA_XX.wav,1001_TSI_FEA_XX.wav,1001,train,4,fearful,3,angry,0.18542897701263428
data/cremad/audio/1001_TSI_HAP_XX.wav,1001_TSI_HAP_XX.wav,1001,train,1,happy,3,angry,0.18434041738510132
data/cremad/audio/1001_TSI_NEU_XX.wav,1001_TSI_NEU_XX.wav,1001,train,0,neutral,1,happy,0.18255393207073212
data/cremad/audio/1001_TSI_SAD_XX.wav,1001_TSI_SAD_XX.wav,1001,train,2,sad,1,happy,0.1811991035938263
data/cremad/audio/1001_WSI_ANG_XX.wav,1001_WSI_ANG_XX.wav,1001,train,3,angry,3,angry,0.18447372317314148
data/cremad/audio/1001_WSI_DIS_XX.wav,1001_WSI_DIS_XX.wav,1001,train,5,disgust,1,happy,0.18261170387268066
data/cremad/audio/1001_WSI_FEA_XX.wav,1001_WSI_FEA_XX.wav,1001,train,4,fearful,3,angry,0.18770663440227509
data/cremad/audio/1001_WSI_HAP_XX.wav,1001_WSI_HAP_XX.wav,1001,train,1,happy,3,angry,0.18949070572853088
data/cremad/audio/1001_WSI_NEU_XX.wav,1001_WSI_NEU_XX.wav,1001,train,0,neutral,3,angry,0.18354946374893188
data/cremad/audio/1001_WSI_SAD_XX.wav,1001_WSI_SAD_XX.wav,1001,train,2,sad,1,happy,0.18484364449977875
data/cremad/audio/1002_DFA_ANG_XX.wav,1002_DFA_ANG_XX.wav,1002,train,3,angry,1,happy,0.18288977444171906
data/cremad/audio/1002_DFA_DIS_XX.wav,1002_DFA_DIS_XX.wav,1002,train,5,disgust,1,happy,0.18197961151599884
data/cremad/audio/1002_DFA_FEA_XX.wav,1002_DFA_FEA_XX.wav,1002,train,4,fearful,1,happy,0.18325385451316833
data/cremad/audio/1002_DFA_HAP_XX.wav,1002_DFA_HAP_XX.wav,1002,train,1,happy,1,happy,0.18491879105567932
data/cremad/audio/1002_DFA_NEU_XX.wav,1002_DFA_NEU_XX.wav,1002,train,0,neutral,1,happy,0.18233352899551392
data/cremad/audio/1002_DFA_SAD_XX.wav,1002_DFA_SAD_XX.wav,1002,train,2,sad,1,happy,0.18270209431648254
data/cremad/audio/1002_IEO_ANG_HI.wav,1002_IEO_ANG_HI.wav,1002,train,3,angry,3,angry,0.1842106729745865
data/cremad/audio/1002_IEO_ANG_LO.wav,1002_IEO_ANG_LO.wav,1002,train,3,angry,3,angry,0.18556325137615204
data/cremad/audio/1002_IEO_ANG_MD.wav,1002_IEO_ANG_MD.wav,1002,train,3,angry,3,angry,0.18344692885875702
data/cremad/audio/1002_IEO_DIS_HI.wav,1002_IEO_DIS_HI.wav,1002,train,5,disgust,1,happy,0.17852041125297546
data/cremad/audio/1002_IEO_DIS_LO.wav,1002_IEO_DIS_LO.wav,1002,train,5,disgust,3,angry,0.18362028896808624
data/cremad/audio/1002_IEO_DIS_MD.wav,1002_IEO_DIS_MD.wav,1002,train,5,disgust,3,angry,0.18420958518981934
data/cremad/audio/1002_IEO_FEA_HI.wav,1002_IEO_FEA_HI.wav,1002,train,4,fearful,3,angry,0.1850266307592392
data/cremad/audio/1002_IEO_FEA_LO.wav,1002_IEO_FEA_LO.wav,1002,train,4,fearful,1,happy,0.18179289996623993
data/cremad/audio/1002_IEO_FEA_MD.wav,1002_IEO_FEA_MD.wav,1002,train,4,fearful,1,happy,0.1831669956445694
data/cremad/audio/1002_IEO_HAP_HI.wav,1002_IEO_HAP_HI.wav,1002,train,1,happy,3,angry,0.185726135969162
data/cremad/audio/1002_IEO_HAP_LO.wav,1002_IEO_HAP_LO.wav,1002,train,1,happy,1,happy,0.18059448897838593
data/cremad/audio/1002_IEO_HAP_MD.wav,1002_IEO_HAP_MD.wav,1002,train,1,happy,1,happy,0.18211941421031952
data/cremad/audio/1002_IEO_NEU_XX.wav,1002_IEO_NEU_XX.wav,1002,train,0,neutral,1,happy,0.1811511367559433
data/cremad/audio/1002_IEO_SAD_HI.wav,1002_IEO_SAD_HI.wav,1002,train,2,sad,1,happy,0.18064656853675842
data/cremad/audio/1002_IEO_SAD_LO.wav,1002_IEO_SAD_LO.wav,1002,train,2,sad,1,happy,0.18163970112800598
data/cremad/audio/1002_IEO_SAD_MD.wav,1002_IEO_SAD_MD.wav,1002,train,2,sad,1,happy,0.1806209832429886
data/cremad/audio/1002_IOM_ANG_XX.wav,1002_IOM_ANG_XX.wav,1002,train,3,angry,3,angry,0.18833746016025543
data/cremad/audio/1002_IOM_DIS_XX.wav,1002_IOM_DIS_XX.wav,1002,train,5,disgust,1,happy,0.18270529806613922
data/cremad/audio/1002_IOM_FEA_XX.wav,1002_IOM_FEA_XX.wav,1002,train,4,fearful,1,happy,0.1822519153356552
data/cremad/audio/1002_IOM_HAP_XX.wav,1002_IOM_HAP_XX.wav,1002,train,1,happy,3,angry,0.1844489425420761
data/cremad/audio/1002_IOM_NEU_XX.wav,1002_IOM_NEU_XX.wav,1002,train,0,neutral,1,happy,0.18388904631137848
data/cremad/audio/1002_IOM_SAD_XX.wav,1002_IOM_SAD_XX.wav,1002,train,2,sad,1,happy,0.18304131925106049
data/cremad/audio/1002_ITH_ANG_XX.wav,1002_ITH_ANG_XX.wav,1002,train,3,angry,3,angry,0.18328914046287537
data/cremad/audio/1002_ITH_DIS_XX.wav,1002_ITH_DIS_XX.wav,1002,train,5,disgust,3,angry,0.18338820338249207
data/cremad/audio/1002_ITH_FEA_XX.wav,1002_ITH_FEA_XX.wav,1002,train,4,fearful,3,angry,0.1821928173303604
data/cremad/audio/1002_ITH_HAP_XX.wav,1002_ITH_HAP_XX.wav,1002,train,1,happy,1,happy,0.18403711915016174
data/cremad/audio/1002_ITH_NEU_XX.wav,1002_ITH_NEU_XX.wav,1002,train,0,neutral,1,happy,0.18332123756408691
data/cremad/audio/1002_ITH_SAD_XX.wav,1002_ITH_SAD_XX.wav,1002,train,2,sad,1,happy,0.1816655993461609
data/cremad/audio/1002_ITS_ANG_XX.wav,1002_ITS_ANG_XX.wav,1002,train,3,angry,1,happy,0.1837095469236374
data/cremad/audio/1002_ITS_DIS_XX.wav,1002_ITS_DIS_XX.wav,1002,train,5,disgust,1,happy,0.1817139834165573
data/cremad/audio/1002_ITS_FEA_XX.wav,1002_ITS_FEA_XX.wav,1002,train,4,fearful,1,happy,0.1832120418548584
data/cremad/audio/1002_ITS_HAP_XX.wav,1002_ITS_HAP_XX.wav,1002,train,1,happy,1,happy,0.1841406375169754
data/cremad/audio/1002_ITS_NEU_XX.wav,1002_ITS_NEU_XX.wav,1002,train,0,neutral,1,happy,0.18337807059288025
data/cremad/audio/1002_ITS_SAD_XX.wav,1002_ITS_SAD_XX.wav,1002,train,2,sad,1,happy,0.18253132700920105
data/cremad/audio/1002_IWL_ANG_XX.wav,1002_IWL_ANG_XX.wav,1002,train,3,angry,3,angry,0.18420462310314178
data/cremad/audio/1002_IWL_DIS_XX.wav,1002_IWL_DIS_XX.wav,1002,train,5,disgust,3,angry,0.1864204853773117
data/cremad/audio/1002_IWL_FEA_XX.wav,1002_IWL_FEA_XX.wav,1002,train,4,fearful,3,angry,0.1827176958322525
data/cremad/audio/1002_IWL_HAP_XX.wav,1002_IWL_HAP_XX.wav,1002,train,1,happy,1,happy,0.1839766800403595
data/cremad/audio/1002_IWL_NEU_XX.wav,1002_IWL_NEU_XX.wav,1002,train,0,neutral,1,happy,0.18332959711551666
data/cremad/audio/1002_IWL_SAD_XX.wav,1002_IWL_SAD_XX.wav,1002,train,2,sad,1,happy,0.18157050013542175
data/cremad/audio/1002_IWW_ANG_XX.wav,1002_IWW_ANG_XX.wav,1002,train,3,angry,1,happy,0.18500344455242157
data/cremad/audio/1002_IWW_DIS_XX.wav,1002_IWW_DIS_XX.wav,1002,train,5,disgust,1,happy,0.1831725835800171
data/cremad/audio/1002_IWW_FEA_XX.wav,1002_IWW_FEA_XX.wav,1002,train,4,fearful,1,happy,0.18366563320159912
data/cremad/audio/1002_IWW_HAP_XX.wav,1002_IWW_HAP_XX.wav,1002,train,1,happy,1,happy,0.18561579287052155
data/cremad/audio/1002_IWW_NEU_XX.wav,1002_IWW_NEU_XX.wav,1002,train,0,neutral,1,happy,0.18232648074626923
data/cremad/audio/1002_IWW_SAD_XX.wav,1002_IWW_SAD_XX.wav,1002,train,2,sad,1,happy,0.18295139074325562
data/cremad/audio/1002_MTI_ANG_XX.wav,1002_MTI_ANG_XX.wav,1002,train,3,angry,3,angry,0.18495576083660126
data/cremad/audio/1002_MTI_DIS_XX.wav,1002_MTI_DIS_XX.wav,1002,train,5,disgust,3,angry,0.18703919649124146
data/cremad/audio/1002_MTI_FEA_XX.wav,1002_MTI_FEA_XX.wav,1002,train,4,fearful,3,angry,0.18388421833515167
data/cremad/audio/1002_MTI_HAP_XX.wav,1002_MTI_HAP_XX.wav,1002,train,1,happy,3,angry,0.1838093101978302
data/cremad/audio/1002_MTI_NEU_XX.wav,1002_MTI_NEU_XX.wav,1002,train,0,neutral,1,happy,0.18181785941123962
data/cremad/audio/1002_MTI_SAD_XX.wav,1002_MTI_SAD_XX.wav,1002,train,2,sad,1,happy,0.1823471635580063
data/cremad/audio/1002_TAI_ANG_XX.wav,1002_TAI_ANG_XX.wav,1002,train,3,angry,1,happy,0.1835535168647766
data/cremad/audio/1002_TAI_DIS_XX.wav,1002_TAI_DIS_XX.wav,1002,train,5,disgust,3,angry,0.18286998569965363
data/cremad/audio/1002_TAI_FEA_XX.wav,1002_TAI_FEA_XX.wav,1002,train,4,fearful,1,happy,0.18417920172214508
data/cremad/audio/1002_TAI_HAP_XX.wav,1002_TAI_HAP_XX.wav,1002,train,1,happy,3,angry,0.18484371900558472
data/cremad/audio/1002_TAI_NEU_XX.wav,1002_TAI_NEU_XX.wav,1002,train,0,neutral,1,happy,0.1834561973810196
data/cremad/audio/1002_TAI_SAD_XX.wav,1002_TAI_SAD_XX.wav,1002,train,2,sad,1,happy,0.18292686343193054
data/cremad/audio/1002_TIE_ANG_XX.wav,1002_TIE_ANG_XX.wav,1002,train,3,angry,3,angry,0.18543310463428497
data/cremad/audio/1002_TIE_DIS_XX.wav,1002_TIE_DIS_XX.wav,1002,train,5,disgust,1,happy,0.18132877349853516
data/cremad/audio/1002_TIE_FEA_XX.wav,1002_TIE_FEA_XX.wav,1002,train,4,fearful,3,angry,0.18643389642238617
data/cremad/audio/1002_TIE_HAP_XX.wav,1002_TIE_HAP_XX.wav,1002,train,1,happy,3,angry,0.18672451376914978
data/cremad/audio/1002_TIE_SAD_XX.wav,1002_TIE_SAD_XX.wav,1002,train,2,sad,3,angry,0.18716269731521606
data/cremad/audio/1002_TSI_ANG_XX.wav,1002_TSI_ANG_XX.wav,1002,train,3,angry,1,happy,0.18136104941368103
data/cremad/audio/1002_TSI_DIS_XX.wav,1002_TSI_DIS_XX.wav,1002,train,5,disgust,3,angry,0.18176577985286713
data/cremad/audio/1002_TSI_FEA_XX.wav,1002_TSI_FEA_XX.wav,1002,train,4,fearful,1,happy,0.18192246556282043
data/cremad/audio/1002_TSI_HAP_XX.wav,1002_TSI_HAP_XX.wav,1002,train,1,happy,1,happy,0.18302872776985168
data/cremad/audio/1002_TSI_NEU_XX.wav,1002_TSI_NEU_XX.wav,1002,train,0,neutral,1,happy,0.18227891623973846
data/cremad/audio/1002_TSI_SAD_XX.wav,1002_TSI_SAD_XX.wav,1002,train,2,sad,1,happy,0.18164734542369843
data/cremad/audio/1002_WSI_ANG_XX.wav,1002_WSI_ANG_XX.wav,1002,train,3,angry,3,angry,0.18533489108085632
data/cremad/audio/1002_WSI_DIS_XX.wav,1002_WSI_DIS_XX.wav,1002,train,5,disgust,3,angry,0.18639342486858368
data/cremad/audio/1002_WSI_FEA_XX.wav,1002_WSI_FEA_XX.wav,1002,train,4,fearful,1,happy,0.1842861771583557
data/cremad/audio/1002_WSI_HAP_XX.wav,1002_WSI_HAP_XX.wav,1002,train,1,happy,1,happy,0.18274924159049988
data/cremad/audio/1002_WSI_NEU_XX.wav,1002_WSI_NEU_XX.wav,1002,train,0,neutral,1,happy,0.18250682950019836
data/cremad/audio/1002_WSI_SAD_XX.wav,1002_WSI_SAD_XX.wav,1002,train,2,sad,1,happy,0.18164202570915222
data/cremad/audio/1003_DFA_ANG_XX.wav,1003_DFA_ANG_XX.wav,1003,train,3,angry,3,angry,0.18677730858325958
data/cremad/audio/1003_DFA_DIS_XX.wav,1003_DFA_DIS_XX.wav,1003,train,5,disgust,1,happy,0.1793106198310852
data/cremad/audio/1003_DFA_FEA_XX.wav,1003_DFA_FEA_XX.wav,1003,train,4,fearful,1,happy,0.18126024305820465
data/cremad/audio/1003_DFA_HAP_XX.wav,1003_DFA_HAP_XX.wav,1003,train,1,happy,1,happy,0.18247303366661072
data/cremad/audio/1003_DFA_NEU_XX.wav,1003_DFA_NEU_XX.wav,1003,train,0,neutral,1,happy,0.18034237623214722
data/cremad/audio/1003_DFA_SAD_XX.wav,1003_DFA_SAD_XX.wav,1003,train,2,sad,1,happy,0.18217408657073975
data/cremad/audio/1003_IEO_ANG_HI.wav,1003_IEO_ANG_HI.wav,1003,train,3,angry,3,angry,0.18504036962985992
data/cremad/audio/1003_IEO_ANG_LO.wav,1003_IEO_ANG_LO.wav,1003,train,3,angry,3,angry,0.18740403652191162
data/cremad/audio/1003_IEO_ANG_MD.wav,1003_IEO_ANG_MD.wav,1003,train,3,angry,3,angry,0.1857539415359497
data/cremad/audio/1003_IEO_DIS_HI.wav,1003_IEO_DIS_HI.wav,1003,train,5,disgust,1,happy,0.18220843374729156
data/cremad/audio/1003_IEO_DIS_LO.wav,1003_IEO_DIS_LO.wav,1003,train,5,disgust,1,happy,0.18338917195796967
data/cremad/audio/1003_IEO_DIS_MD.wav,1003_IEO_DIS_MD.wav,1003,train,5,disgust,1,happy,0.18241208791732788
data/cremad/audio/1003_IEO_FEA_HI.wav,1003_IEO_FEA_HI.wav,1003,train,4,fearful,1,happy,0.18112535774707794
data/cremad/audio/1003_IEO_FEA_LO.wav,1003_IEO_FEA_LO.wav,1003,train,4,fearful,1,happy,0.1801600605249405
data/cremad/audio/1003_IEO_FEA_MD.wav,1003_IEO_FEA_MD.wav,1003,train,4,fearful,1,happy,0.18040722608566284
data/cremad/audio/1003_IEO_HAP_HI.wav,1003_IEO_HAP_HI.wav,1003,train,1,happy,1,happy,0.18535162508487701
data/cremad/audio/1003_IEO_HAP_LO.wav,1003_IEO_HAP_LO.wav,1003,train,1,happy,1,happy,0.1835896223783493
data/cremad/audio/1003_IEO_HAP_MD.wav,1003_IEO_HAP_MD.wav,1003,train,1,happy,1,happy,0.1820758581161499
data/cremad/audio/1003_IEO_NEU_XX.wav,1003_IEO_NEU_XX.wav,1003,train,0,neutral,1,happy,0.18274599313735962
data/cremad/audio/1003_IEO_SAD_HI.wav,1003_IEO_SAD_HI.wav,1003,train,2,sad,1,happy,0.18039818108081818
data/cremad/audio/1003_IEO_SAD_LO.wav,1003_IEO_SAD_LO.wav,1003,train,2,sad,1,happy,0.1820499151945114
data/cremad/audio/1003_IEO_SAD_MD.wav,1003_IEO_SAD_MD.wav,1003,train,2,sad,1,happy,0.18015170097351074
data/cremad/audio/1003_IOM_ANG_XX.wav,1003_IOM_ANG_XX.wav,1003,train,3,angry,3,angry,0.1862308531999588
data/cremad/audio/1003_IOM_DIS_XX.wav,1003_IOM_DIS_XX.wav,1003,train,5,disgust,3,angry,0.1846488118171692
data/cremad/audio/1003_IOM_FEA_XX.wav,1003_IOM_FEA_XX.wav,1003,train,4,fearful,1,happy,0.1827097237110138
data/cremad/audio/1003_IOM_HAP_XX.wav,1003_IOM_HAP_XX.wav,1003,train,1,happy,1,happy,0.18412788212299347
data/cremad/audio/1003_IOM_NEU_XX.wav,1003_IOM_NEU_XX.wav,1003,train,0,neutral,3,angry,0.18646632134914398
data/cremad/audio/1003_IOM_SAD_XX.wav,1003_IOM_SAD_XX.wav,1003,train,2,sad,1,happy,0.18240386247634888
data/cremad/audio/1003_ITH_ANG_XX.wav,1003_ITH_ANG_XX.wav,1003,train,3,angry,3,angry,0.18943148851394653
data/cremad/audio/1003_ITH_DIS_XX.wav,1003_ITH_DIS_XX.wav,1003,train,5,disgust,3,angry,0.18225808441638947
data/cremad/audio/1003_ITH_FEA_XX.wav,1003_ITH_FEA_XX.wav,1003,train,4,fearful,1,happy,0.18082116544246674
data/cremad/audio/1003_ITH_HAP_XX.wav,1003_ITH_HAP_XX.wav,1003,train,1,happy,1,happy,0.1825994849205017
data/cremad/audio/1003_ITH_NEU_XX.wav,1003_ITH_NEU_XX.wav,1003,train,0,neutral,3,angry,0.1849755346775055
data/cremad/audio/1003_ITH_SAD_XX.wav,1003_ITH_SAD_XX.wav,1003,train,2,sad,1,happy,0.18128575384616852
data/cremad/audio/1003_ITS_ANG_XX.wav,1003_ITS_ANG_XX.wav,1003,train,3,angry,3,angry,0.18865109980106354
data/cremad/audio/1003_ITS_DIS_XX.wav,1003_ITS_DIS_XX.wav,1003,train,5,disgust,1,happy,0.18127192556858063
data/cremad/audio/1003_ITS_FEA_XX.wav,1003_ITS_FEA_XX.wav,1003,train,4,fearful,1,happy,0.18242833018302917
data/cremad/audio/1003_ITS_HAP_XX.wav,1003_ITS_HAP_XX.wav,1003,train,1,happy,3,angry,0.18318267166614532
data/cremad/audio/1003_ITS_NEU_XX.wav,1003_ITS_NEU_XX.wav,1003,train,0,neutral,3,angry,0.18317830562591553
data/cremad/audio/1003_ITS_SAD_XX.wav,1003_ITS_SAD_XX.wav,1003,train,2,sad,1,happy,0.18000590801239014
data/cremad/audio/1003_IWL_ANG_XX.wav,1003_IWL_ANG_XX.wav,1003,train,3,angry,3,angry,0.1867457926273346
data/cremad/audio/1003_IWL_DIS_XX.wav,1003_IWL_DIS_XX.wav,1003,train,5,disgust,3,angry,0.1839839369058609
data/cremad/audio/1003_IWL_FEA_XX.wav,1003_IWL_FEA_XX.wav,1003,train,4,fearful,3,angry,0.18466638028621674
data/cremad/audio/1003_IWL_HAP_XX.wav,1003_IWL_HAP_XX.wav,1003,train,1,happy,3,angry,0.18731753528118134
data/cremad/audio/1003_IWL_NEU_XX.wav,1003_IWL_NEU_XX.wav,1003,train,0,neutral,3,angry,0.18580986559391022
data/cremad/audio/1003_IWL_SAD_XX.wav,1003_IWL_SAD_XX.wav,1003,train,2,sad,3,angry,0.18214601278305054
data/cremad/audio/1003_IWW_ANG_XX.wav,1003_IWW_ANG_XX.wav,1003,train,3,angry,3,angry,0.1875225454568863
data/cremad/audio/1003_IWW_DIS_XX.wav,1003_IWW_DIS_XX.wav,1003,train,5,disgust,3,angry,0.18063144385814667
data/cremad/audio/1003_IWW_FEA_XX.wav,1003_IWW_FEA_XX.wav,1003,train,4,fearful,1,happy,0.18321506679058075
data/cremad/audio/1003_IWW_HAP_XX.wav,1003_IWW_HAP_XX.wav,1003,train,1,happy,3,angry,0.183816596865654
data/cremad/audio/1003_IWW_NEU_XX.wav,1003_IWW_NEU_XX.wav,1003,train,0,neutral,1,happy,0.18152762949466705
data/cremad/audio/1003_IWW_SAD_XX.wav,1003_IWW_SAD_XX.wav,1003,train,2,sad,1,happy,0.18032562732696533
data/cremad/audio/1003_MTI_ANG_XX.wav,1003_MTI_ANG_XX.wav,1003,train,3,angry,3,angry,0.1834188848733902
data/cremad/audio/1003_MTI_DIS_XX.wav,1003_MTI_DIS_XX.wav,1003,train,5,disgust,3,angry,0.1825796216726303
data/cremad/audio/1003_MTI_FEA_XX.wav,1003_MTI_FEA_XX.wav,1003,train,4,fearful,3,angry,0.18236348032951355
data/cremad/audio/1003_MTI_HAP_XX.wav,1003_MTI_HAP_XX.wav,1003,train,1,happy,3,angry,0.18662548065185547
data/cremad/audio/1003_MTI_NEU_XX.wav,1003_MTI_NEU_XX.wav,1003,train,0,neutral,3,angry,0.18422673642635345
data/cremad/audio/1003_MTI_SAD_XX.wav,1003_MTI_SAD_XX.wav,1003,train,2,sad,3,angry,0.1827252209186554
data/cremad/audio/1003_TAI_ANG_XX.wav,1003_TAI_ANG_XX.wav,1003,train,3,angry,3,angry,0.18453580141067505
data/cremad/audio/1003_TAI_DIS_XX.wav,1003_TAI_DIS_XX.wav,1003,train,5,disgust,3,angry,0.18348751962184906
data/cremad/audio/1003_TAI_FEA_XX.wav,1003_TAI_FEA_XX.wav,1003,train,4,fearful,3,angry,0.18387550115585327
data/cremad/audio/1003_TAI_HAP_XX.wav,1003_TAI_HAP_XX.wav,1003,train,1,happy,3,angry,0.1852697730064392
data/cremad/audio/1003_TAI_NEU_XX.wav,1003_TAI_NEU_XX.wav,1003,train,0,neutral,3,angry,0.18471921980381012
data/cremad/audio/1003_TAI_SAD_XX.wav,1003_TAI_SAD_XX.wav,1003,train,2,sad,1,happy,0.1836649477481842
data/cremad/audio/1003_TIE_ANG_XX.wav,1003_TIE_ANG_XX.wav,1003,train,3,angry,3,angry,0.1864592581987381
data/cremad/audio/1003_TIE_DIS_XX.wav,1003_TIE_DIS_XX.wav,1003,train,5,disgust,1,happy,0.1811293661594391
data/cremad/audio/1003_TIE_FEA_XX.wav,1003_TIE_FEA_XX.wav,1003,train,4,fearful,3,angry,0.18482396006584167
data/cremad/audio/1003_TIE_HAP_XX.wav,1003_TIE_HAP_XX.wav,1003,train,1,happy,3,angry,0.18178106844425201
data/cremad/audio/1003_TIE_NEU_XX.wav,1003_TIE_NEU_XX.wav,1003,train,0,neutral,1,happy,0.1838657706975937
data/cremad/audio/1003_TIE_SAD_XX.wav,1003_TIE_SAD_XX.wav,1003,train,2,sad,3,angry,0.18071646988391876
data/cremad/audio/1003_TSI_ANG_XX.wav,1003_TSI_ANG_XX.wav,1003,train,3,angry,3,angry,0.1817748099565506
data/cremad/audio/1003_TSI_DIS_XX.wav,1003_TSI_DIS_XX.wav,1003,train,5,disgust,3,angry,0.17919306457042694
data/cremad/audio/1003_TSI_FEA_XX.wav,1003_TSI_FEA_XX.wav,1003,train,4,fearful,1,happy,0.17990459501743317
data/cremad/audio/1003_TSI_HAP_XX.wav,1003_TSI_HAP_XX.wav,1003,train,1,happy,3,angry,0.17927823960781097
data/cremad/audio/1003_TSI_NEU_XX.wav,1003_TSI_NEU_XX.wav,1003,train,0,neutral,3,angry,0.17989282310009003
data/cremad/audio/1003_TSI_SAD_XX.wav,1003_TSI_SAD_XX.wav,1003,train,2,sad,1,happy,0.18006852269172668
data/cremad/audio/1003_WSI_ANG_XX.wav,1003_WSI_ANG_XX.wav,1003,train,3,angry,3,angry,0.1863015592098236
data/cremad/audio/1003_WSI_DIS_XX.wav,1003_WSI_DIS_XX.wav,1003,train,5,disgust,3,angry,0.18071961402893066
data/cremad/audio/1003_WSI_FEA_XX.wav,1003_WSI_FEA_XX.wav,1003,train,4,fearful,1,happy,0.18012742698192596
data/cremad/audio/1003_WSI_HAP_XX.wav,1003_WSI_HAP_XX.wav,1003,train,1,happy,3,angry,0.18326076865196228
data/cremad/audio/1003_WSI_NEU_XX.wav,1003_WSI_NEU_XX.wav,1003,train,0,neutral,3,angry,0.18303723633289337
data/cremad/audio/1003_WSI_SAD_XX.wav,1003_WSI_SAD_XX.wav,1003,train,2,sad,1,happy,0.18007296323776245
data/cremad/audio/1004_DFA_ANG_XX.wav,1004_DFA_ANG_XX.wav,1004,train,3,angry,3,angry,0.1862383782863617
data/cremad/audio/1004_DFA_DIS_XX.wav,1004_DFA_DIS_XX.wav,1004,train,5,disgust,1,happy,0.18000581860542297
data/cremad/audio/1004_DFA_FEA_XX.wav,1004_DFA_FEA_XX.wav,1004,train,4,fearful,1,happy,0.18053680658340454
data/cremad/audio/1004_DFA_HAP_XX.wav,1004_DFA_HAP_XX.wav,1004,train,1,happy,3,angry,0.18437136709690094
data/cremad/audio/1004_DFA_NEU_XX.wav,1004_DFA_NEU_XX.wav,1004,train,0,neutral,1,happy,0.18214009702205658
data/cremad/audio/1004_DFA_SAD_XX.wav,1004_DFA_SAD_XX.wav,1004,train,2,sad,1,happy,0.1797505021095276
data/cremad/audio/1004_IEO_ANG_HI.wav,1004_IEO_ANG_HI.wav,1004,train,3,angry,3,angry,0.1884828358888626
data/cremad/audio/1004_IEO_ANG_LO.wav,1004_IEO_ANG_LO.wav,1004,train,3,angry,3,angry,0.1828627735376358
data/cremad/audio/1004_IEO_ANG_MD.wav,1004_IEO_ANG_MD.wav,1004,train,3,angry,3,angry,0.18674057722091675
data/cremad/audio/1004_IEO_DIS_HI.wav,1004_IEO_DIS_HI.wav,1004,train,5,disgust,1,happy,0.18023808300495148
data/cremad/audio/1004_IEO_DIS_LO.wav,1004_IEO_DIS_LO.wav,1004,train,5,disgust,1,happy,0.1809350550174713
data/cremad/audio/1004_IEO_DIS_MD.wav,1004_IEO_DIS_MD.wav,1004,train,5,disgust,3,angry,0.18360498547554016
data/cremad/audio/1004_IEO_FEA_HI.wav,1004_IEO_FEA_HI.wav,1004,train,4,fearful,1,happy,0.18012391030788422
data/cremad/audio/1004_IEO_FEA_LO.wav,1004_IEO_FEA_LO.wav,1004,train,4,fearful,3,angry,0.18229885399341583
data/cremad/audio/1004_IEO_FEA_MD.wav,1004_IEO_FEA_MD.wav,1004,train,4,fearful,1,happy,0.18193939328193665
data/cremad/audio/1004_IEO_HAP_HI.wav,1004_IEO_HAP_HI.wav,1004,train,1,happy,3,angry,0.1889001727104187
data/cremad/audio/1004_IEO_HAP_LO.wav,1004_IEO_HAP_LO.wav,1004,train,1,happy,1,happy,0.18118968605995178
data/cremad/audio/1004_IEO_HAP_MD.wav,1004_IEO_HAP_MD.wav,1004,train,1,happy,3,angry,0.18381375074386597
data/cremad/audio/1004_IEO_NEU_XX.wav,1004_IEO_NEU_XX.wav,1004,train,0,neutral,1,happy,0.1835242658853531
data/cremad/audio/1004_IEO_SAD_HI.wav,1004_IEO_SAD_HI.wav,1004,train,2,sad,1,happy,0.18029272556304932
data/cremad/audio/1004_IEO_SAD_LO.wav,1004_IEO_SAD_LO.wav,1004,train,2,sad,1,happy,0.18116700649261475
data/cremad/audio/1004_IEO_SAD_MD.wav,1004_IEO_SAD_MD.wav,1004,train,2,sad,1,happy,0.17816777527332306
data/cremad/audio/1004_IOM_ANG_XX.wav,1004_IOM_ANG_XX.wav,1004,train,3,angry,3,angry,0.18614906072616577
data/cremad/audio/1004_IOM_DIS_XX.wav,1004_IOM_DIS_XX.wav,1004,train,5,disgust,1,happy,0.18246637284755707
data/cremad/audio/1004_IOM_FEA_XX.wav,1004_IOM_FEA_XX.wav,1004,train,4,fearful,1,happy,0.18177393078804016
data/cremad/audio/1004_IOM_HAP_XX.wav,1004_IOM_HAP_XX.wav,1004,train,1,happy,1,happy,0.1835106760263443
data/cremad/audio/1004_IOM_NEU_XX.wav,1004_IOM_NEU_XX.wav,1004,train,0,neutral,1,happy,0.18101748824119568
data/cremad/audio/1004_IOM_SAD_XX.wav,1004_IOM_SAD_XX.wav,1004,train,2,sad,1,happy,0.18281690776348114
data/cremad/audio/1004_ITH_ANG_XX.wav,1004_ITH_ANG_XX.wav,1004,train,3,angry,3,angry,0.18461185693740845
data/cremad/audio/1004_ITH_DIS_XX.wav,1004_ITH_DIS_XX.wav,1004,train,5,disgust,3,angry,0.1806700974702835
data/cremad/audio/1004_ITH_FEA_XX.wav,1004_ITH_FEA_XX.wav,1004,train,4,fearful,1,happy,0.1809035688638687
data/cremad/audio/1004_ITH_HAP_XX.wav,1004_ITH_HAP_XX.wav,1004,train,1,happy,1,happy,0.18300163745880127
data/cremad/audio/1004_ITH_NEU_XX.wav,1004_ITH_NEU_XX.wav,1004,train,0,neutral,1,happy,0.1809101402759552
data/cremad/audio/1004_ITH_SAD_XX.wav,1004_ITH_SAD_XX.wav,1004,train,2,sad,1,happy,0.17938680946826935
data/cremad/audio/1004_ITS_ANG_XX.wav,1004_ITS_ANG_XX.wav,1004,train,3,angry,3,angry,0.18388737738132477
data/cremad/audio/1004_ITS_DIS_XX.wav,1004_ITS_DIS_XX.wav,1004,train,5,disgust,1,happy,0.18105527758598328
data/cremad/audio/1004_ITS_FEA_XX.wav,1004_ITS_FEA_XX.wav,1004,train,4,fearful,1,happy,0.18123915791511536
data/cremad/audio/1004_ITS_HAP_XX.wav,1004_ITS_HAP_XX.wav,1004,train,1,happy,1,happy,0.18366217613220215
data/cremad/audio/1004_ITS_NEU_XX.wav,1004_ITS_NEU_XX.wav,1004,train,0,neutral,1,happy,0.1825152039527893
data/cremad/audio/1004_ITS_SAD_XX.wav,1004_ITS_SAD_XX.wav,1004,train,2,sad,1,happy,0.1834554225206375
data/cremad/audio/1004_IWL_ANG_XX.wav,1004_IWL_ANG_XX.wav,1004,train,3,angry,3,angry,0.18365132808685303
data/cremad/audio/1004_IWL_DIS_XX.wav,1004_IWL_DIS_XX.wav,1004,train,5,disgust,1,happy,0.18453817069530487
data/cremad/audio/1004_IWL_FEA_XX.wav,1004_IWL_FEA_XX.wav,1004,train,4,fearful,1,happy,0.18169842660427094
data/cremad/audio/1004_IWL_HAP_XX.wav,1004_IWL_HAP_XX.wav,1004,train,1,happy,1,happy,0.1825549453496933
data/cremad/audio/1004_IWL_NEU_XX.wav,1004_IWL_NEU_XX.wav,1004,train,0,neutral,3,angry,0.18450726568698883
data/cremad/audio/1004_IWL_SAD_XX.wav,1004_IWL_SAD_XX.wav,1004,train,2,sad,3,angry,0.18419207632541656
data/cremad/audio/1004_IWW_ANG_XX.wav,1004_IWW_ANG_XX.wav,1004,train,3,angry,1,happy,0.182747483253479
data/cremad/audio/1004_IWW_DIS_XX.wav,1004_IWW_DIS_XX.wav,1004,train,5,disgust,1,happy,0.1813439130783081
data/cremad/audio/1004_IWW_FEA_XX.wav,1004_IWW_FEA_XX.wav,1004,train,4,fearful,1,happy,0.18328604102134705
data/cremad/audio/1004_IWW_HAP_XX.wav,1004_IWW_HAP_XX.wav,1004,train,1,happy,1,happy,0.1825810670852661
data/cremad/audio/1004_IWW_NEU_XX.wav,1004_IWW_NEU_XX.wav,1004,train,0,neutral,3,angry,0.18246234953403473
data/cremad/audio/1004_IWW_SAD_XX.wav,1004_IWW_SAD_XX.wav,1004,train,2,sad,1,happy,0.18164734542369843
data/cremad/audio/1004_MTI_ANG_XX.wav,1004_MTI_ANG_XX.wav,1004,train,3,angry,3,angry,0.18629348278045654
data/cremad/audio/1004_MTI_DIS_XX.wav,1004_MTI_DIS_XX.wav,1004,train,5,disgust,3,angry,0.18137957155704498
data/cremad/audio/1004_MTI_FEA_XX.wav,1004_MTI_FEA_XX.wav,1004,train,4,fearful,1,happy,0.18197813630104065
data/cremad/audio/1004_MTI_HAP_XX.wav,1004_MTI_HAP_XX.wav,1004,train,1,happy,1,happy,0.18194949626922607
data/cremad/audio/1004_MTI_NEU_XX.wav,1004_MTI_NEU_XX.wav,1004,train,0,neutral,3,angry,0.18557116389274597
data/cremad/audio/1004_MTI_SAD_XX.wav,1004_MTI_SAD_XX.wav,1004,train,2,sad,1,happy,0.18210890889167786
data/cremad/audio/1004_TAI_ANG_XX.wav,1004_TAI_ANG_XX.wav,1004,train,3,angry,3,angry,0.18325430154800415
data/cremad/audio/1004_TAI_DIS_XX.wav,1004_TAI_DIS_XX.wav,1004,train,5,disgust,3,angry,0.18197765946388245
data/cremad/audio/1004_TAI_FEA_XX.wav,1004_TAI_FEA_XX.wav,1004,train,4,fearful,1,happy,0.1834021359682083
data/cremad/audio/1004_TAI_HAP_XX.wav,1004_TAI_HAP_XX.wav,1004,train,1,happy,1,happy,0.18412940204143524
data/cremad/audio/1004_TAI_NEU_XX.wav,1004_TAI_NEU_XX.wav,1004,train,0,neutral,3,angry,0.18172290921211243
data/cremad/audio/1004_TAI_SAD_XX.wav,1004_TAI_SAD_XX.wav,1004,train,2,sad,1,happy,0.18074363470077515
data/cremad/audio/1004_TIE_ANG_XX.wav,1004_TIE_ANG_XX.wav,1004,train,3,angry,3,angry,0.18511292338371277
data/cremad/audio/1004_TIE_DIS_XX.wav,1004_TIE_DIS_XX.wav,1004,train,5,disgust,3,angry,0.18432612717151642
data/cremad/audio/1004_TIE_FEA_XX.wav,1004_TIE_FEA_XX.wav,1004,train,4,fearful,1,happy,0.18239767849445343
data/cremad/audio/1004_TIE_HAP_XX.wav,1004_TIE_HAP_XX.wav,1004,train,1,happy,3,angry,0.18396618962287903
data/cremad/audio/1004_TIE_NEU_XX.wav,1004_TIE_NEU_XX.wav,1004,train,0,neutral,1,happy,0.18215186893939972
data/cremad/audio/1004_TIE_SAD_XX.wav,1004_TIE_SAD_XX.wav,1004,train,2,sad,1,happy,0.18145012855529785
data/cremad/audio/1004_TSI_ANG_XX.wav,1004_TSI_ANG_XX.wav,1004,train,3,angry,3,angry,0.18170598149299622
data/cremad/audio/1004_TSI_DIS_XX.wav,1004_TSI_DIS_XX.wav,1004,train,5,disgust,3,angry,0.18136586248874664
data/cremad/audio/1004_TSI_FEA_XX.wav,1004_TSI_FEA_XX.wav,1004,train,4,fearful,3,angry,0.1809028685092926
data/cremad/audio/1004_TSI_HAP_XX.wav,1004_TSI_HAP_XX.wav,1004,train,1,happy,1,happy,0.18078993260860443
data/cremad/audio/1004_TSI_NEU_XX.wav,1004_TSI_NEU_XX.wav,1004,train,0,neutral,1,happy,0.1837310642004013
data/cremad/audio/1004_TSI_SAD_XX.wav,1004_TSI_SAD_XX.wav,1004,train,2,sad,1,happy,0.18208616971969604
data/cremad/audio/1004_WSI_ANG_XX.wav,1004_WSI_ANG_XX.wav,1004,train,3,angry,3,angry,0.18541373312473297
data/cremad/audio/1004_WSI_DIS_XX.wav,1004_WSI_DIS_XX.wav,1004,train,5,disgust,3,angry,0.18175603449344635
data/cremad/audio/1004_WSI_FEA_XX.wav,1004_WSI_FEA_XX.wav,1004,train,4,fearful,3,angry,0.18353991210460663
data/cremad/audio/1004_WSI_HAP_XX.wav,1004_WSI_HAP_XX.wav,1004,train,1,happy,1,happy,0.1845957487821579
data/cremad/audio/1004_WSI_NEU_XX.wav,1004_WSI_NEU_XX.wav,1004,train,0,neutral,3,angry,0.18486997485160828
data/cremad/audio/1004_WSI_SAD_XX.wav,1004_WSI_SAD_XX.wav,1004,train,2,sad,1,happy,0.18049933016300201
data/cremad/audio/1005_DFA_ANG_XX.wav,1005_DFA_ANG_XX.wav,1005,train,3,angry,3,angry,0.18648093938827515
data/cremad/audio/1005_DFA_DIS_XX.wav,1005_DFA_DIS_XX.wav,1005,train,5,disgust,3,angry,0.18453364074230194
data/cremad/audio/1005_DFA_FEA_XX.wav,1005_DFA_FEA_XX.wav,1005,train,4,fearful,1,happy,0.1834208220243454
data/cremad/audio/1005_DFA_HAP_XX.wav,1005_DFA_HAP_XX.wav,1005,train,1,happy,1,happy,0.18540914356708527
data/cremad/audio/1005_DFA_NEU_XX.wav,1005_DFA_NEU_XX.wav,1005,train,0,neutral,1,happy,0.1829284131526947
data/cremad/audio/1005_DFA_SAD_XX.wav,1005_DFA_SAD_XX.wav,1005,train,2,sad,1,happy,0.18160635232925415
data/cremad/audio/1005_IEO_ANG_HI.wav,1005_IEO_ANG_HI.wav,1005,train,3,angry,3,angry,0.18766596913337708
data/cremad/audio/1005_IEO_ANG_LO.wav,1005_IEO_ANG_LO.wav,1005,train,3,angry,1,happy,0.18204963207244873
data/cremad/audio/1005_IEO_ANG_MD.wav,1005_IEO_ANG_MD.wav,1005,train,3,angry,3,angry,0.1846657395362854
data/cremad/audio/1005_IEO_DIS_HI.wav,1005_IEO_DIS_HI.wav,1005,train,5,disgust,3,angry,0.18513259291648865
data/cremad/audio/1005_IEO_DIS_LO.wav,1005_IEO_DIS_LO.wav,1005,train,5,disgust,1,happy,0.18112210929393768
data/cremad/audio/1005_IEO_DIS_MD.wav,1005_IEO_DIS_MD.wav,1005,train,5,disgust,3,angry,0.18309755623340607
data/cremad/audio/1005_IEO_FEA_HI.wav,1005_IEO_FEA_HI.wav,1005,train,4,fearful,3,angry,0.18455620110034943
data/cremad/audio/1005_IEO_FEA_LO.wav,1005_IEO_FEA_LO.wav,1005,train,4,fearful,1,happy,0.18156251311302185
data/cremad/audio/1005_IEO_FEA_MD.wav,1005_IEO_FEA_MD.wav,1005,train,4,fearful,3,angry,0.18400618433952332
data/cremad/audio/1005_IEO_HAP_HI.wav,1005_IEO_HAP_HI.wav,1005,train,1,happy,3,angry,0.18603244423866272
data/cremad/audio/1005_IEO_HAP_LO.wav,1005_IEO_HAP_LO.wav,1005,train,1,happy,1,happy,0.1827070713043213
data/cremad/audio/1005_IEO_HAP_MD.wav,1005_IEO_HAP_MD.wav,1005,train,1,happy,1,happy,0.18476444482803345
data/cremad/audio/1005_IEO_NEU_XX.wav,1005_IEO_NEU_XX.wav,1005,train,0,neutral,1,happy,0.1842285692691803
data/cremad/audio/1005_IEO_SAD_HI.wav,1005_IEO_SAD_HI.wav,1005,train,2,sad,1,happy,0.18116004765033722
data/cremad/audio/1005_IEO_SAD_LO.wav,1005_IEO_SAD_LO.wav,1005,train,2,sad,1,happy,0.18200570344924927
data/cremad/audio/1005_IEO_SAD_MD.wav,1005_IEO_SAD_MD.wav,1005,train,2,sad,3,angry,0.17866027355194092
data/cremad/audio/1005_IOM_ANG_XX.wav,1005_IOM_ANG_XX.wav,1005,train,3,angry,3,angry,0.188747838139534
data/cremad/audio/1005_IOM_DIS_XX.wav,1005_IOM_DIS_XX.wav,1005,train,5,disgust,1,happy,0.18183864653110504
data/cremad/audio/1005_IOM_FEA_XX.wav,1005_IOM_FEA_XX.wav,1005,train,4,fearful,3,angry,0.1837233155965805
data/cremad/audio/1005_IOM_HAP_XX.wav,1005_IOM_HAP_XX.wav,1005,train,1,happy,3,angry,0.18837670981884003
data/cremad/audio/1005_IOM_NEU_XX.wav,1005_IOM_NEU_XX.wav,1005,train,0,neutral,1,happy,0.1832766979932785
data/cremad/audio/1005_IOM_SAD_XX.wav,1005_IOM_SAD_XX.wav,1005,train,2,sad,1,happy,0.1813008338212967
data/cremad/audio/1005_ITH_ANG_XX.wav,1005_ITH_ANG_XX.wav,1005,train,3,angry,3,angry,0.18685516715049744
data/cremad/audio/1005_ITH_DIS_XX.wav,1005_ITH_DIS_XX.wav,1005,train,5,disgust,3,angry,0.18573516607284546
data/cremad/audio/1005_ITH_FEA_XX.wav,1005_ITH_FEA_XX.wav,1005,train,4,fearful,3,angry,0.18452560901641846
data/cremad/audio/1005_ITH_HAP_XX.wav,1005_ITH_HAP_XX.wav,1005,train,1,happy,3,angry,0.185998797416687
data/cremad/audio/1005_ITH_NEU_XX.wav,1005_ITH_NEU_XX.wav,1005,train,0,neutral,1,happy,0.18255624175071716
data/cremad/audio/1005_ITH_SAD_XX.wav,1005_ITH_SAD_XX.wav,1005,train,2,sad,1,happy,0.18303215503692627
data/cremad/audio/1005_ITS_ANG_XX.wav,1005_ITS_ANG_XX.wav,1005,train,3,angry,3,angry,0.18770945072174072
data/cremad/audio/1005_ITS_DIS_XX.wav,1005_ITS_DIS_XX.wav,1005,train,5,disgust,1,happy,0.182303324341774
data/cremad/audio/1005_ITS_FEA_XX.wav,1005_ITS_FEA_XX.wav,1005,train,4,fearful,1,happy,0.1834883987903595
data/cremad/audio/1005_ITS_HAP_XX.wav,1005_ITS_HAP_XX.wav,1005,train,1,happy,1,happy,0.18285933136940002
data/cremad/audio/1005_ITS_NEU_XX.wav,1005_ITS_NEU_XX.wav,1005,train,0,neutral,3,angry,0.18337051570415497
data/cremad/audio/1005_ITS_SAD_XX.wav,1005_ITS_SAD_XX.wav,1005,train,2,sad,1,happy,0.1832023710012436
data/cremad/audio/1005_IWL_ANG_XX.wav,1005_IWL_ANG_XX.wav,1005,train,3,angry,3,angry,0.18767623603343964
data/cremad/audio/1005_IWL_DIS_XX.wav,1005_IWL_DIS_XX.wav,1005,train,5,disgust,1,happy,0.18338198959827423
data/cremad/audio/1005_IWL_FEA_XX.wav,1005_IWL_FEA_XX.wav,1005,train,4,fearful,3,angry,0.18427585065364838
data/cremad/audio/1005_IWL_HAP_XX.wav,1005_IWL_HAP_XX.wav,1005,train,1,happy,3,angry,0.18680468201637268
data/cremad/audio/1005_IWL_NEU_XX.wav,1005_IWL_NEU_XX.wav,1005,train,0,neutral,3,angry,0.18559284508228302
data/cremad/audio/1005_IWL_SAD_XX.wav,1005_IWL_SAD_XX.wav,1005,train,2,sad,3,angry,0.18371716141700745
data/cremad/audio/1005_IWW_ANG_XX.wav,1005_IWW_ANG_XX.wav,1005,train,3,angry,3,angry,0.1829979419708252
data/cremad/audio/1005_IWW_DIS_XX.wav,1005_IWW_DIS_XX.wav,1005,train,5,disgust,1,happy,0.1814965158700943
data/cremad/audio/1005_IWW_FEA_XX.wav,1005_IWW_FEA_XX.wav,1005,train,4,fearful,1,happy,0.1825464367866516
data/cremad/audio/1005_IWW_HAP_XX.wav,1005_IWW_HAP_XX.wav,1005,train,1,happy,1,happy,0.18340742588043213
data/cremad/audio/1005_IWW_NEU_XX.wav,1005_IWW_NEU_XX.wav,1005,train,0,neutral,1,happy,0.18260198831558228
data/cremad/audio/1005_IWW_SAD_XX.wav,1005_IWW_SAD_XX.wav,1005,train,2,sad,1,happy,0.1827583760023117
data/cremad/audio/1005_MTI_ANG_XX.wav,1005_MTI_ANG_XX.wav,1005,train,3,angry,3,angry,0.18841421604156494
data/cremad/audio/1005_MTI_DIS_XX.wav,1005_MTI_DIS_XX.wav,1005,train,5,disgust,3,angry,0.1850222647190094
data/cremad/audio/1005_MTI_FEA_XX.wav,1005_MTI_FEA_XX.wav,1005,train,4,fearful,3,angry,0.1826425939798355
data/cremad/audio/1005_MTI_HAP_XX.wav,1005_MTI_HAP_XX.wav,1005,train,1,happy,3,angry,0.1884842962026596
data/cremad/audio/1005_MTI_NEU_XX.wav,1005_MTI_NEU_XX.wav,1005,train,0,neutral,3,angry,0.18279561400413513
data/cremad/audio/1005_MTI_SAD_XX.wav,1005_MTI_SAD_XX.wav,1005,train,2,sad,3,angry,0.18656235933303833
data/cremad/audio/1005_TAI_ANG_XX.wav,1005_TAI_ANG_XX.wav,1005,train,3,angry,3,angry,0.18779578804969788
data/cremad/audio/1005_TAI_DIS_XX.wav,1005_TAI_DIS_XX.wav,1005,train,5,disgust,3,angry,0.18532420694828033
data/cremad/audio/1005_TAI_FEA_XX.wav,1005_TAI_FEA_XX.wav,1005,train,4,fearful,3,angry,0.1858789175748825
data/cremad/audio/1005_TAI_HAP_XX.wav,1005_TAI_HAP_XX.wav,1005,train,1,happy,1,happy,0.18190696835517883
data/cremad/audio/1005_TAI_NEU_XX.wav,1005_TAI_NEU_XX.wav,1005,train,0,neutral,1,happy,0.18117459118366241
data/cremad/audio/1005_TAI_SAD_XX.wav,1005_TAI_SAD_XX.wav,1005,train,2,sad,3,angry,0.18158525228500366
data/cremad/audio/1005_TIE_ANG_XX.wav,1005_TIE_ANG_XX.wav,1005,train,3,angry,3,angry,0.1870541125535965
data/cremad/audio/1005_TIE_DIS_XX.wav,1005_TIE_DIS_XX.wav,1005,train,5,disgust,3,angry,0.18636660277843475
data/cremad/audio/1005_TIE_FEA_XX.wav,1005_TIE_FEA_XX.wav,1005,train,4,fearful,3,angry,0.18407635390758514
data/cremad/audio/1005_TIE_HAP_XX.wav,1005_TIE_HAP_XX.wav,1005,train,1,happy,3,angry,0.18802115321159363
data/cremad/audio/1005_TIE_NEU_XX.wav,1005_TIE_NEU_XX.wav,1005,train,0,neutral,1,happy,0.18141864240169525
data/cremad/audio/1005_TIE_SAD_XX.wav,1005_TIE_SAD_XX.wav,1005,train,2,sad,3,angry,0.18425051867961884
data/cremad/audio/1005_TSI_ANG_XX.wav,1005_TSI_ANG_XX.wav,1005,train,3,angry,3,angry,0.18546485900878906
data/cremad/audio/1005_TSI_DIS_XX.wav,1005_TSI_DIS_XX.wav,1005,train,5,disgust,3,angry,0.18354694545269012
data/cremad/audio/1005_TSI_FEA_XX.wav,1005_TSI_FEA_XX.wav,1005,train,4,fearful,3,angry,0.18415218591690063
data/cremad/audio/1005_TSI_HAP_XX.wav,1005_TSI_HAP_XX.wav,1005,train,1,happy,3,angry,0.1860397756099701
data/cremad/audio/1005_TSI_NEU_XX.wav,1005_TSI_NEU_XX.wav,1005,train,0,neutral,3,angry,0.18190160393714905
data/cremad/audio/1005_TSI_SAD_XX.wav,1005_TSI_SAD_XX.wav,1005,train,2,sad,3,angry,0.1840088963508606
data/cremad/audio/1005_WSI_ANG_XX.wav,1005_WSI_ANG_XX.wav,1005,train,3,angry,3,angry,0.18904635310173035
data/cremad/audio/1005_WSI_DIS_XX.wav,1005_WSI_DIS_XX.wav,1005,train,5,disgust,3,angry,0.1849755346775055
data/cremad/audio/1005_WSI_FEA_XX.wav,1005_WSI_FEA_XX.wav,1005,train,4,fearful,1,happy,0.18370458483695984
data/cremad/audio/1005_WSI_HAP_XX.wav,1005_WSI_HAP_XX.wav,1005,train,1,happy,3,angry,0.18680906295776367
data/cremad/audio/1005_WSI_NEU_XX.wav,1005_WSI_NEU_XX.wav,1005,train,0,neutral,3,angry,0.18328896164894104
data/cremad/audio/1005_WSI_SAD_XX.wav,1005_WSI_SAD_XX.wav,1005,train,2,sad,1,happy,0.18351151049137115
data/cremad/audio/1006_DFA_ANG_XX.wav,1006_DFA_ANG_XX.wav,1006,train,3,angry,3,angry,0.185674250125885
data/cremad/audio/1006_DFA_DIS_XX.wav,1006_DFA_DIS_XX.wav,1006,train,5,disgust,1,happy,0.1816120445728302
data/cremad/audio/1006_DFA_FEA_XX.wav,1006_DFA_FEA_XX.wav,1006,train,4,fearful,1,happy,0.18151172995567322
data/cremad/audio/1006_DFA_HAP_XX.wav,1006_DFA_HAP_XX.wav,1006,train,1,happy,1,happy,0.18374711275100708
data/cremad/audio/1006_DFA_NEU_XX.wav,1006_DFA_NEU_XX.wav,1006,train,0,neutral,1,happy,0.18116728961467743
data/cremad/audio/1006_DFA_SAD_XX.wav,1006_DFA_SAD_XX.wav,1006,train,2,sad,1,happy,0.18197131156921387
data/cremad/audio/1006_IEO_ANG_HI.wav,1006_IEO_ANG_HI.wav,1006,train,3,angry,3,angry,0.1846342533826828
data/cremad/audio/1006_IEO_ANG_LO.wav,1006_IEO_ANG_LO.wav,1006,train,3,angry,1,happy,0.18130886554718018
data/cremad/audio/1006_IEO_ANG_MD.wav,1006_IEO_ANG_MD.wav,1006,train,3,angry,1,happy,0.184387668967247
data/cremad/audio/1006_IEO_DIS_HI.wav,1006_IEO_DIS_HI.wav,1006,train,5,disgust,3,angry,0.1846187263727188
data/cremad/audio/1006_IEO_DIS_LO.wav,1006_IEO_DIS_LO.wav,1006,train,5,disgust,1,happy,0.1827477663755417
data/cremad/audio/1006_IEO_DIS_MD.wav,1006_IEO_DIS_MD.wav,1006,train,5,disgust,3,angry,0.18256215751171112
data/cremad/audio/1006_IEO_FEA_HI.wav,1006_IEO_FEA_HI.wav,1006,train,4,fearful,1,happy,0.18278105556964874
data/cremad/audio/1006_IEO_FEA_LO.wav,1006_IEO_FEA_LO.wav,1006,train,4,fearful,1,happy,0.1801833063364029
data/cremad/audio/1006_IEO_FEA_MD.wav,1006_IEO_FEA_MD.wav,1006,train,4,fearful,1,happy,0.18206773698329926
data/cremad/audio/1006_IEO_HAP_HI.wav,1006_IEO_HAP_HI.wav,1006,train,1,happy,1,happy,0.18433703482151031
data/cremad/audio/1006_IEO_HAP_LO.wav,1006_IEO_HAP_LO.wav,1006,train,1,happy,1,happy,0.18532583117485046
data/cremad/audio/1006_IEO_HAP_MD.wav,1006_IEO_HAP_MD.wav,1006,train,1,happy,1,happy,0.18215690553188324
data/cremad/audio/1006_IEO_NEU_XX.wav,1006_IEO_NEU_XX.wav,1006,train,0,neutral,1,happy,0.18217243254184723
data/cremad/audio/1006_IEO_SAD_HI.wav,1006_IEO_SAD_HI.wav,1006,train,2,sad,1,happy,0.17951016128063202
data/cremad/audio/1006_IEO_SAD_LO.wav,1006_IEO_SAD_LO.wav,1006,train,2,sad,1,happy,0.18165373802185059
data/cremad/audio/1006_IEO_SAD_MD.wav,1006_IEO_SAD_MD.wav,1006,train,2,sad,1,happy,0.18394508957862854
data/cremad/audio/1006_IOM_ANG_XX.wav,1006_IOM_ANG_XX.wav,1006,train,3,angry,3,angry,0.1870521456003189
data/cremad/audio/1006_IOM_DIS_XX.wav,1006_IOM_DIS_XX.wav,1006,train,5,disgust,1,happy,0.18046711385250092
data/cremad/audio/1006_IOM_FEA_XX.wav,1006_IOM_FEA_XX.wav,1006,train,4,fearful,3,angry,0.18266744911670685
data/cremad/audio/1006_IOM_HAP_XX.wav,1006_IOM_HAP_XX.wav,1006,train,1,happy,1,happy,0.18250052630901337
data/cremad/audio/1006_IOM_NEU_XX.wav,1006_IOM_NEU_XX.wav,1006,train,0,neutral,1,happy,0.18215209245681763
data/cremad/audio/1006_IOM_SAD_XX.wav,1006_IOM_SAD_XX.wav,1006,train,2,sad,1,happy,0.18022498488426208
data/cremad/audio/1006_ITH_ANG_XX.wav,1006_ITH_ANG_XX.wav,1006,train,3,angry,3,angry,0.18721461296081543
data/cremad/audio/1006_ITH_DIS_XX.wav,1006_ITH_DIS_XX.wav,1006,train,5,disgust,1,happy,0.18101319670677185
data/cremad/audio/1006_ITH_FEA_XX.wav,1006_ITH_FEA_XX.wav,1006,train,4,fearful,1,happy,0.18058866262435913
data/cremad/audio/1006_ITH_HAP_XX.wav,1006_ITH_HAP_XX.wav,1006,train,1,happy,1,happy,0.1816900074481964
data/cremad/audio/1006_ITH_NEU_XX.wav,1006_ITH_NEU_XX.wav,1006,train,0,neutral,1,happy,0.18071094155311584
data/cremad/audio/1006_ITH_SAD_XX.wav,1006_ITH_SAD_XX.wav,1006,train,2,sad,1,happy,0.1801702380180359
data/cremad/audio/1006_ITS_ANG_XX.wav,1006_ITS_ANG_XX.wav,1006,train,3,angry,3,angry,0.1848728060722351
data/cremad/audio/1006_ITS_DIS_XX.wav,1006_ITS_DIS_XX.wav,1006,train,5,disgust,1,happy,0.18237274885177612
data/cremad/audio/1006_ITS_FEA_XX.wav,1006_ITS_FEA_XX.wav,1006,train,4,fearful,1,happy,0.18159236013889313
data/cremad/audio/1006_ITS_HAP_XX.wav,1006_ITS_HAP_XX.wav,1006,train,1,happy,1,happy,0.18344539403915405
data/cremad/audio/1006_ITS_NEU_XX.wav,1006_ITS_NEU_XX.wav,1006,train,0,neutral,1,happy,0.1821279227733612
data/cremad/audio/1006_ITS_SAD_XX.wav,1006_ITS_SAD_XX.wav,1006,train,2,sad,1,happy,0.1794649213552475
data/cremad/audio/1006_IWL_ANG_XX.wav,1006_IWL_ANG_XX.wav,1006,train,3,angry,1,happy,0.18288469314575195
data/cremad/audio/1006_IWL_DIS_XX.wav,1006_IWL_DIS_XX.wav,1006,train,5,disgust,3,angry,0.18154175579547882
data/cremad/audio/1006_IWL_FEA_XX.wav,1006_IWL_FEA_XX.wav,1006,train,4,fearful,1,happy,0.1829291135072708
data/cremad/audio/1006_IWL_HAP_XX.wav,1006_IWL_HAP_XX.wav,1006,train,1,happy,3,angry,0.18256132304668427
data/cremad/audio/1006_IWL_NEU_XX.wav,1006_IWL_NEU_XX.wav,1006,train,0,neutral,1,happy,0.18227915465831757
data/cremad/audio/1006_IWL_SAD_XX.wav,1006_IWL_SAD_XX.wav,1006,train,2,sad,3,angry,0.18255791068077087
data/cremad/audio/1006_IWW_ANG_XX.wav,1006_IWW_ANG_XX.wav,1006,train,3,angry,1,happy,0.181632399559021
data/cremad/audio/1006_IWW_DIS_XX.wav,1006_IWW_DIS_XX.wav,1006,train,5,disgust,1,happy,0.1796950250864029
data/cremad/audio/1006_IWW_FEA_XX.wav,1006_IWW_FEA_XX.wav,1006,train,4,fearful,1,happy,0.1808762103319168
data/cremad/audio/1006_IWW_HAP_XX.wav,1006_IWW_HAP_XX.wav,1006,train,1,happy,1,happy,0.1829572319984436
data/cremad/audio/1006_IWW_NEU_XX.wav,1006_IWW_NEU_XX.wav,1006,train,0,neutral,1,happy,0.18130825459957123
data/cremad/audio/1006_IWW_SAD_XX.wav,1006_IWW_SAD_XX.wav,1006,train,2,sad,1,happy,0.18143220245838165
data/cremad/audio/1006_MTI_ANG_XX.wav,1006_MTI_ANG_XX.wav,1006,train,3,angry,3,angry,0.18664182722568512
data/cremad/audio/1006_MTI_DIS_XX.wav,1006_MTI_DIS_XX.wav,1006,train,5,disgust,3,angry,0.18139149248600006
data/cremad/audio/1006_MTI_FEA_XX.wav,1006_MTI_FEA_XX.wav,1006,train,4,fearful,3,angry,0.18315066397190094
data/cremad/audio/1006_MTI_HAP_XX.wav,1006_MTI_HAP_XX.wav,1006,train,1,happy,3,angry,0.1801365613937378
data/cremad/audio/1006_MTI_NEU_XX.wav,1006_MTI_NEU_XX.wav,1006,train,0,neutral,3,angry,0.18055327236652374
data/cremad/audio/1006_MTI_SAD_XX.wav,1006_MTI_SAD_XX.wav,1006,train,2,sad,3,angry,0.1817527562379837
data/cremad/audio/1006_TAI_ANG_XX.wav,1006_TAI_ANG_XX.wav,1006,train,3,angry,3,angry,0.18556620180606842
data/cremad/audio/1006_TAI_DIS_XX.wav,1006_TAI_DIS_XX.wav,1006,train,5,disgust,3,angry,0.18269415199756622
data/cremad/audio/1006_TAI_FEA_XX.wav,1006_TAI_FEA_XX.wav,1006,train,4,fearful,1,happy,0.1819252073764801
data/cremad/audio/1006_TAI_HAP_XX.wav,1006_TAI_HAP_XX.wav,1006,train,1,happy,3,angry,0.18317261338233948
data/cremad/audio/1006_TAI_NEU_XX.wav,1006_TAI_NEU_XX.wav,1006,train,0,neutral,1,happy,0.18069139122962952
data/cremad/audio/1006_TAI_SAD_XX.wav,1006_TAI_SAD_XX.wav,1006,train,2,sad,1,happy,0.18061694502830505
data/cremad/audio/1006_TIE_ANG_XX.wav,1006_TIE_ANG_XX.wav,1006,train,3,angry,1,happy,0.18184730410575867
data/cremad/audio/1006_TIE_DIS_XX.wav,1006_TIE_DIS_XX.wav,1006,train,5,disgust,3,angry,0.18611302971839905
data/cremad/audio/1006_TIE_FEA_XX.wav,1006_TIE_FEA_XX.wav,1006,train,4,fearful,3,angry,0.18506939709186554
data/cremad/audio/1006_TIE_HAP_XX.wav,1006_TIE_HAP_XX.wav,1006,train,1,happy,1,happy,0.1826130449771881
data/cremad/audio/1006_TIE_NEU_XX.wav,1006_TIE_NEU_XX.wav,1006,train,0,neutral,1,happy,0.1826130449771881
data/cremad/audio/1006_TIE_SAD_XX.wav,1006_TIE_SAD_XX.wav,1006,train,2,sad,1,happy,0.18106256425380707
data/cremad/audio/1006_TSI_ANG_XX.wav,1006_TSI_ANG_XX.wav,1006,train,3,angry,1,happy,0.1824948489665985
data/cremad/audio/1006_TSI_DIS_XX.wav,1006_TSI_DIS_XX.wav,1006,train,5,disgust,1,happy,0.17959877848625183
data/cremad/audio/1006_TSI_FEA_XX.wav,1006_TSI_FEA_XX.wav,1006,train,4,fearful,1,happy,0.1812071055173874
data/cremad/audio/1006_TSI_HAP_XX.wav,1006_TSI_HAP_XX.wav,1006,train,1,happy,1,happy,0.18245738744735718
data/cremad/audio/1006_TSI_NEU_XX.wav,1006_TSI_NEU_XX.wav,1006,train,0,neutral,1,happy,0.1801002323627472
data/cremad/audio/1006_TSI_SAD_XX.wav,1006_TSI_SAD_XX.wav,1006,train,2,sad,1,happy,0.17892588675022125
data/cremad/audio/1006_WSI_ANG_XX.wav,1006_WSI_ANG_XX.wav,1006,train,3,angry,3,angry,0.18361255526542664
data/cremad/audio/1006_WSI_DIS_XX.wav,1006_WSI_DIS_XX.wav,1006,train,5,disgust,1,happy,0.18085457384586334
data/cremad/audio/1006_WSI_FEA_XX.wav,1006_WSI_FEA_XX.wav,1006,train,4,fearful,1,happy,0.1802055388689041
data/cremad/audio/1006_WSI_HAP_XX.wav,1006_WSI_HAP_XX.wav,1006,train,1,happy,1,happy,0.18324582278728485
data/cremad/audio/1006_WSI_NEU_XX.wav,1006_WSI_NEU_XX.wav,1006,train,0,neutral,1,happy,0.18161608278751373
data/cremad/audio/1006_WSI_SAD_XX.wav,1006_WSI_SAD_XX.wav,1006,train,2,sad,1,happy,0.1792825609445572
data/cremad/audio/1008_DFA_ANG_XX.wav,1008_DFA_ANG_XX.wav,1008,train,3,angry,3,angry,0.18445296585559845
data/cremad/audio/1008_DFA_DIS_XX.wav,1008_DFA_DIS_XX.wav,1008,train,5,disgust,3,angry,0.18361201882362366
data/cremad/audio/1008_DFA_FEA_XX.wav,1008_DFA_FEA_XX.wav,1008,train,4,fearful,3,angry,0.1838618665933609
data/cremad/audio/1008_DFA_HAP_XX.wav,1008_DFA_HAP_XX.wav,1008,train,1,happy,3,angry,0.1837729960680008
data/cremad/audio/1008_DFA_NEU_XX.wav,1008_DFA_NEU_XX.wav,1008,train,0,neutral,1,happy,0.1821931153535843
data/cremad/audio/1008_DFA_SAD_XX.wav,1008_DFA_SAD_XX.wav,1008,train,2,sad,3,angry,0.1825123131275177
data/cremad/audio/1008_IEO_ANG_HI.wav,1008_IEO_ANG_HI.wav,1008,train,3,angry,1,happy,0.1841491162776947
data/cremad/audio/1008_IEO_ANG_LO.wav,1008_IEO_ANG_LO.wav,1008,train,3,angry,1,happy,0.18328137695789337
data/cremad/audio/1008_IEO_ANG_MD.wav,1008_IEO_ANG_MD.wav,1008,train,3,angry,3,angry,0.18445053696632385
data/cremad/audio/1008_IEO_DIS_HI.wav,1008_IEO_DIS_HI.wav,1008,train,5,disgust,3,angry,0.18391956388950348
data/cremad/audio/1008_IEO_DIS_LO.wav,1008_IEO_DIS_LO.wav,1008,train,5,disgust,1,happy,0.1809980422258377
data/cremad/audio/1008_IEO_DIS_MD.wav,1008_IEO_DIS_MD.wav,1008,train,5,disgust,3,angry,0.18328291177749634
data/cremad/audio/1008_IEO_FEA_HI.wav,1008_IEO_FEA_HI.wav,1008,train,4,fearful,3,angry,0.18641397356987
data/cremad/audio/1008_IEO_FEA_LO.wav,1008_IEO_FEA_LO.wav,1008,train,4,fearful,3,angry,0.18315023183822632
data/cremad/audio/1008_IEO_FEA_MD.wav,1008_IEO_FEA_MD.wav,1008,train,4,fearful,1,happy,0.18492400646209717
data/cremad/audio/1008_IEO_HAP_HI.wav,1008_IEO_HAP_HI.wav,1008,train,1,happy,3,angry,0.18624059855937958
data/cremad/audio/1008_IEO_HAP_LO.wav,1008_IEO_HAP_LO.wav,1008,train,1,happy,1,happy,0.18218132853507996
data/cremad/audio/1008_IEO_HAP_MD.wav,1008_IEO_HAP_MD.wav,1008,train,1,happy,1,happy,0.18217968940734863
data/cremad/audio/1008_IEO_NEU_XX.wav,1008_IEO_NEU_XX.wav,1008,train,0,neutral,1,happy,0.18394285440444946
data/cremad/audio/1008_IEO_SAD_HI.wav,1008_IEO_SAD_HI.wav,1008,train,2,sad,3,angry,0.18097330629825592
data/cremad/audio/1008_IEO_SAD_LO.wav,1008_IEO_SAD_LO.wav,1008,train,2,sad,1,happy,0.18297989666461945
data/cremad/audio/1008_IEO_SAD_MD.wav,1008_IEO_SAD_MD.wav,1008,train,2,sad,1,happy,0.1837509125471115
data/cremad/audio/1008_IOM_ANG_XX.wav,1008_IOM_ANG_XX.wav,1008,train,3,angry,3,angry,0.18732987344264984
data/cremad/audio/1008_IOM_DIS_XX.wav,1008_IOM_DIS_XX.wav,1008,train,5,disgust,3,angry,0.18539126217365265
data/cremad/audio/1008_IOM_FEA_XX.wav,1008_IOM_FEA_XX.wav,1008,train,4,fearful,3,angry,0.1851598024368286
data/cremad/audio/1008_IOM_HAP_XX.wav,1008_IOM_HAP_XX.wav,1008,train,1,happy,3,angry,0.18610906600952148
data/cremad/audio/1008_IOM_NEU_XX.wav,1008_IOM_NEU_XX.wav,1008,train,0,neutral,3,angry,0.18328545987606049
data/cremad/audio/1008_IOM_SAD_XX.wav,1008_IOM_SAD_XX.wav,1008,train,2,sad,3,angry,0.18423974514007568
data/cremad/audio/1008_ITH_ANG_XX.wav,1008_ITH_ANG_XX.wav,1008,train,3,angry,3,angry,0.18484830856323242
data/cremad/audio/1008_ITH_DIS_XX.wav,1008_ITH_DIS_XX.wav,1008,train,5,disgust,3,angry,0.18193268775939941
data/cremad/audio/1008_ITH_FEA_XX.wav,1008_ITH_FEA_XX.wav,1008,train,4,fearful,3,angry,0.18377047777175903
data/cremad/audio/1008_ITH_HAP_XX.wav,1008_ITH_HAP_XX.wav,1008,train,1,happy,1,happy,0.18375666439533234
data/cremad/audio/1008_ITH_NEU_XX.wav,1008_ITH_NEU_XX.wav,1008,train,0,neutral,1,happy,0.18327559530735016
data/cremad/audio/1008_ITH_SAD_XX.wav,1008_ITH_SAD_XX.wav,1008,train,2,sad,1,happy,0.18142755329608917
data/cremad/audio/1008_ITS_ANG_XX.wav,1008_ITS_ANG_XX.wav,1008,train,3,angry,1,happy,0.18318064510822296
data/cremad/audio/1008_ITS_DIS_XX.wav,1008_ITS_DIS_XX.wav,1008,train,5,disgust,3,angry,0.18431612849235535
data/cremad/audio/1008_ITS_FEA_XX.wav,1008_ITS_FEA_XX.wav,1008,train,4,fearful,3,angry,0.1842343658208847
data/cremad/audio/1008_ITS_HAP_XX.wav,1008_ITS_HAP_XX.wav,1008,train,1,happy,3,angry,0.18476442992687225
data/cremad/audio/1008_ITS_NEU_XX.wav,1008_ITS_NEU_XX.wav,1008,train,0,neutral,1,happy,0.18292202055454254
data/cremad/audio/1008_ITS_SAD_XX.wav,1008_ITS_SAD_XX.wav,1008,train,2,sad,3,angry,0.18215741217136383
data/cremad/audio/1008_IWL_ANG_XX.wav,1008_IWL_ANG_XX.wav,1008,train,3,angry,3,angry,0.1870746910572052
data/cremad/audio/1008_IWL_DIS_XX.wav,1008_IWL_DIS_XX.wav,1008,train,5,disgust,3,angry,0.1845996081829071
data/cremad/audio/1008_IWL_FEA_XX.wav,1008_IWL_FEA_XX.wav,1008,train,4,fearful,3,angry,0.186015322804451
data/cremad/audio/1008_IWL_HAP_XX.wav,1008_IWL_HAP_XX.wav,1008,train,1,happy,3,angry,0.18636295199394226
data/cremad/audio/1008_IWL_NEU_XX.wav,1008_IWL_NEU_XX.wav,1008,train,0,neutral,1,happy,0.18390285968780518
data/cremad/audio/1008_IWL_SAD_XX.wav,1008_IWL_SAD_XX.wav,1008,train,2,sad,3,angry,0.18351547420024872
data/cremad/audio/1008_IWW_ANG_XX.wav,1008_IWW_ANG_XX.wav,1008,train,3,angry,3,angry,0.1866043359041214
data/cremad/audio/1008_IWW_DIS_XX.wav,1008_IWW_DIS_XX.wav,1008,train,5,disgust,3,angry,0.18372637033462524
data/cremad/audio/1008_IWW_FEA_XX.wav,1008_IWW_FEA_XX.wav,1008,train,4,fearful,3,angry,0.18375042080879211
data/cremad/audio/1008_IWW_HAP_XX.wav,1008_IWW_HAP_XX.wav,1008,train,1,happy,3,angry,0.18756091594696045
data/cremad/audio/1008_IWW_NEU_XX.wav,1008_IWW_NEU_XX.wav,1008,train,0,neutral,1,happy,0.1835182011127472
data/cremad/audio/1008_IWW_SAD_XX.wav,1008_IWW_SAD_XX.wav,1008,train,2,sad,3,angry,0.18455088138580322
data/cremad/audio/1008_MTI_ANG_XX.wav,1008_MTI_ANG_XX.wav,1008,train,3,angry,3,angry,0.18629127740859985
data/cremad/audio/1008_MTI_DIS_XX.wav,1008_MTI_DIS_XX.wav,1008,train,5,disgust,3,angry,0.18587639927864075
data/cremad/audio/1008_MTI_FEA_XX.wav,1008_MTI_FEA_XX.wav,1008,train,4,fearful,3,angry,0.18465083837509155
data/cremad/audio/1008_MTI_HAP_XX.wav,1008_MTI_HAP_XX.wav,1008,train,1,happy,3,angry,0.18564029037952423
data/cremad/audio/1008_MTI_NEU_XX.wav,1008_MTI_NEU_XX.wav,1008,train,0,neutral,3,angry,0.18093803524971008
data/cremad/audio/1008_MTI_SAD_XX.wav,1008_MTI_SAD_XX.wav,1008,train,2,sad,3,angry,0.18361343443393707
data/cremad/audio/1008_TAI_ANG_XX.wav,1008_TAI_ANG_XX.wav,1008,train,3,angry,3,angry,0.1869882345199585
data/cremad/audio/1008_TAI_DIS_XX.wav,1008_TAI_DIS_XX.wav,1008,train,5,disgust,3,angry,0.18565979599952698
data/cremad/audio/1008_TAI_FEA_XX.wav,1008_TAI_FEA_XX.wav,1008,train,4,fearful,3,angry,0.18243303894996643
data/cremad/audio/1008_TAI_HAP_XX.wav,1008_TAI_HAP_XX.wav,1008,train,1,happy,3,angry,0.18739506602287292
data/cremad/audio/1008_TAI_NEU_XX.wav,1008_TAI_NEU_XX.wav,1008,train,0,neutral,3,angry,0.1828829050064087
data/cremad/audio/1008_TAI_SAD_XX.wav,1008_TAI_SAD_XX.wav,1008,train,2,sad,3,angry,0.18577231466770172
data/cremad/audio/1008_TIE_ANG_XX.wav,1008_TIE_ANG_XX.wav,1008,train,3,angry,3,angry,0.18656089901924133
data/cremad/audio/1008_TIE_DIS_XX.wav,1008_TIE_DIS_XX.wav,1008,train,5,disgust,3,angry,0.18470562994480133
data/cremad/audio/1008_TIE_FEA_XX.wav,1008_TIE_FEA_XX.wav,1008,train,4,fearful,3,angry,0.18761669099330902
data/cremad/audio/1008_TIE_HAP_XX.wav,1008_TIE_HAP_XX.wav,1008,train,1,happy,3,angry,0.18488571047782898
data/cremad/audio/1008_TIE_NEU_XX.wav,1008_TIE_NEU_XX.wav,1008,train,0,neutral,1,happy,0.18089984357357025
data/cremad/audio/1008_TIE_SAD_XX.wav,1008_TIE_SAD_XX.wav,1008,train,2,sad,3,angry,0.18241217732429504
data/cremad/audio/1008_TSI_ANG_XX.wav,1008_TSI_ANG_XX.wav,1008,train,3,angry,3,angry,0.18291695415973663
data/cremad/audio/1008_TSI_DIS_XX.wav,1008_TSI_DIS_XX.wav,1008,train,5,disgust,3,angry,0.18148913979530334
data/cremad/audio/1008_TSI_FEA_XX.wav,1008_TSI_FEA_XX.wav,1008,train,4,fearful,3,angry,0.18457883596420288
data/cremad/audio/1008_TSI_HAP_XX.wav,1008_TSI_HAP_XX.wav,1008,train,1,happy,3,angry,0.18268565833568573
data/cremad/audio/1008_TSI_NEU_XX.wav,1008_TSI_NEU_XX.wav,1008,train,0,neutral,3,angry,0.18204951286315918
data/cremad/audio/1008_TSI_SAD_XX.wav,1008_TSI_SAD_XX.wav,1008,train,2,sad,1,happy,0.1806451976299286
data/cremad/audio/1010_DFA_ANG_XX.wav,1010_DFA_ANG_XX.wav,1010,train,3,angry,3,angry,0.18508180975914001
data/cremad/audio/1010_DFA_DIS_XX.wav,1010_DFA_DIS_XX.wav,1010,train,5,disgust,1,happy,0.18000826239585876
data/cremad/audio/1010_DFA_FEA_XX.wav,1010_DFA_FEA_XX.wav,1010,train,4,fearful,1,happy,0.18309472501277924
data/cremad/audio/1010_DFA_HAP_XX.wav,1010_DFA_HAP_XX.wav,1010,train,1,happy,1,happy,0.18199215829372406
data/cremad/audio/1010_DFA_NEU_XX.wav,1010_DFA_NEU_XX.wav,1010,train,0,neutral,1,happy,0.18043093383312225
data/cremad/audio/1010_DFA_SAD_XX.wav,1010_DFA_SAD_XX.wav,1010,train,2,sad,1,happy,0.1816595494747162
data/cremad/audio/1010_IEO_ANG_HI.wav,1010_IEO_ANG_HI.wav,1010,train,3,angry,1,happy,0.1843794733285904
data/cremad/audio/1010_IEO_ANG_LO.wav,1010_IEO_ANG_LO.wav,1010,train,3,angry,3,angry,0.18298108875751495
data/cremad/audio/1010_IEO_ANG_MD.wav,1010_IEO_ANG_MD.wav,1010,train,3,angry,1,happy,0.18405210971832275
data/cremad/audio/1010_IEO_DIS_HI.wav,1010_IEO_DIS_HI.wav,1010,train,5,disgust,3,angry,0.18498095870018005
data/cremad/audio/1010_IEO_DIS_LO.wav,1010_IEO_DIS_LO.wav,1010,train,5,disgust,1,happy,0.17969508469104767
data/cremad/audio/1010_IEO_DIS_MD.wav,1010_IEO_DIS_MD.wav,1010,train,5,disgust,3,angry,0.1807180792093277
data/cremad/audio/1010_IEO_FEA_HI.wav,1010_IEO_FEA_HI.wav,1010,train,4,fearful,3,angry,0.18646664917469025
data/cremad/audio/1010_IEO_FEA_LO.wav,1010_IEO_FEA_LO.wav,1010,train,4,fearful,3,angry,0.18202076852321625
data/cremad/audio/1010_IEO_FEA_MD.wav,1010_IEO_FEA_MD.wav,1010,train,4,fearful,1,happy,0.18182650208473206
data/cremad/audio/1010_IEO_HAP_HI.wav,1010_IEO_HAP_HI.wav,1010,train,1,happy,1,happy,0.18386070430278778
data/cremad/audio/1010_IEO_HAP_LO.wav,1010_IEO_HAP_LO.wav,1010,train,1,happy,1,happy,0.1815561056137085
data/cremad/audio/1010_IEO_HAP_MD.wav,1010_IEO_HAP_MD.wav,1010,train,1,happy,1,happy,0.18056534230709076
data/cremad/audio/1010_IEO_NEU_XX.wav,1010_IEO_NEU_XX.wav,1010,train,0,neutral,1,happy,0.18293794989585876
data/cremad/audio/1010_IEO_SAD_HI.wav,1010_IEO_SAD_HI.wav,1010,train,2,sad,3,angry,0.18354055285453796
data/cremad/audio/1010_IEO_SAD_LO.wav,1010_IEO_SAD_LO.wav,1010,train,2,sad,1,happy,0.18312063813209534
data/cremad/audio/1010_IEO_SAD_MD.wav,1010_IEO_SAD_MD.wav,1010,train,2,sad,1,happy,0.17994727194309235
data/cremad/audio/1010_IOM_ANG_XX.wav,1010_IOM_ANG_XX.wav,1010,train,3,angry,3,angry,0.18402649462223053
data/cremad/audio/1010_IOM_DIS_XX.wav,1010_IOM_DIS_XX.wav,1010,train,5,disgust,1,happy,0.18069280683994293
data/cremad/audio/1010_IOM_FEA_XX.wav,1010_IOM_FEA_XX.wav,1010,train,4,fearful,1,happy,0.1831628829240799
data/cremad/audio/1010_IOM_HAP_XX.wav,1010_IOM_HAP_XX.wav,1010,train,1,happy,1,happy,0.18389305472373962
data/cremad/audio/1010_IOM_NEU_XX.wav,1010_IOM_NEU_XX.wav,1010,train,0,neutral,1,happy,0.1813194453716278
data/cremad/audio/1010_IOM_SAD_XX.wav,1010_IOM_SAD_XX.wav,1010,train,2,sad,1,happy,0.18252058327198029
data/cremad/audio/1010_ITH_ANG_XX.wav,1010_ITH_ANG_XX.wav,1010,train,3,angry,3,angry,0.18537095189094543
data/cremad/audio/1010_ITH_DIS_XX.wav,1010_ITH_DIS_XX.wav,1010,train,5,disgust,1,happy,0.18121503293514252
data/cremad/audio/1010_ITH_FEA_XX.wav,1010_ITH_FEA_XX.wav,1010,train,4,fearful,3,angry,0.18444299697875977
data/cremad/audio/1010_ITH_HAP_XX.wav,1010_ITH_HAP_XX.wav,1010,train,1,happy,3,angry,0.18528303503990173
data/cremad/audio/1010_ITH_NEU_XX.wav,1010_ITH_NEU_XX.wav,1010,train,0,neutral,1,happy,0.18203216791152954
data/cremad/audio/1010_ITH_SAD_XX.wav,1010_ITH_SAD_XX.wav,1010,train,2,sad,1,happy,0.18209390342235565
data/cremad/audio/1010_ITS_ANG_XX.wav,1010_ITS_ANG_XX.wav,1010,train,3,angry,1,happy,0.18343383073806763
data/cremad/audio/1010_ITS_DIS_XX.wav,1010_ITS_DIS_XX.wav,1010,train,5,disgust,1,happy,0.18145747482776642
data/cremad/audio/1010_ITS_FEA_XX.wav,1010_ITS_FEA_XX.wav,1010,train,4,fearful,3,angry,0.18369922041893005
data/cremad/audio/1010_ITS_HAP_XX.wav,1010_ITS_HAP_XX.wav,1010,train,1,happy,1,happy,0.18301796913146973
data/cremad/audio/1010_ITS_NEU_XX.wav,1010_ITS_NEU_XX.wav,1010,train,0,neutral,1,happy,0.1820056438446045
data/cremad/audio/1010_ITS_SAD_XX.wav,1010_ITS_SAD_XX.wav,1010,train,2,sad,1,happy,0.17879244685173035
data/cremad/audio/1010_IWL_ANG_XX.wav,1010_IWL_ANG_XX.wav,1010,train,3,angry,3,angry,0.187410369515419
data/cremad/audio/1010_IWL_DIS_XX.wav,1010_IWL_DIS_XX.wav,1010,train,5,disgust,1,happy,0.18216851353645325
data/cremad/audio/1010_IWL_FEA_XX.wav,1010_IWL_FEA_XX.wav,1010,train,4,fearful,3,angry,0.18402084708213806
data/cremad/audio/1010_IWL_HAP_XX.wav,1010_IWL_HAP_XX.wav,1010,train,1,happy,1,happy,0.18270067870616913
data/cremad/audio/1010_IWL_NEU_XX.wav,1010_IWL_NEU_XX.wav,1010,train,0,neutral,3,angry,0.18267181515693665
data/cremad/audio/1010_IWL_SAD_XX.wav,1010_IWL_SAD_XX.wav,1010,train,2,sad,1,happy,0.18317273259162903
data/cremad/audio/1010_IWW_ANG_XX.wav,1010_IWW_ANG_XX.wav,1010,train,3,angry,3,angry,0.1896081268787384
data/cremad/audio/1010_IWW_DIS_XX.wav,1010_IWW_DIS_XX.wav,1010,train,5,disgust,1,happy,0.18224725127220154
data/cremad/audio/1010_IWW_FEA_XX.wav,1010_IWW_FEA_XX.wav,1010,train,4,fearful,1,happy,0.1814858615398407
data/cremad/audio/1010_IWW_HAP_XX.wav,1010_IWW_HAP_XX.wav,1010,train,1,happy,3,angry,0.18256519734859467
data/cremad/audio/1010_IWW_NEU_XX.wav,1010_IWW_NEU_XX.wav,1010,train,0,neutral,1,happy,0.18121591210365295
data/cremad/audio/1010_IWW_SAD_XX.wav,1010_IWW_SAD_XX.wav,1010,train,2,sad,1,happy,0.18022768199443817
data/cremad/audio/1010_MTI_ANG_XX.wav,1010_MTI_ANG_XX.wav,1010,train,3,angry,3,angry,0.1863008588552475
data/cremad/audio/1010_MTI_DIS_XX.wav,1010_MTI_DIS_XX.wav,1010,train,5,disgust,3,angry,0.18428519368171692
data/cremad/audio/1010_MTI_FEA_XX.wav,1010_MTI_FEA_XX.wav,1010,train,4,fearful,3,angry,0.18221217393875122
data/cremad/audio/1010_MTI_HAP_XX.wav,1010_MTI_HAP_XX.wav,1010,train,1,happy,1,happy,0.183506578207016
data/cremad/audio/1010_MTI_NEU_XX.wav,1010_MTI_NEU_XX.wav,1010,train,0,neutral,3,angry,0.1832420974969864
data/cremad/audio/1010_MTI_SAD_XX.wav,1010_MTI_SAD_XX.wav,1010,train,2,sad,1,happy,0.18225695192813873
data/cremad/audio/1010_TAI_ANG_XX.wav,1010_TAI_ANG_XX.wav,1010,train,3,angry,3,angry,0.18349996209144592
data/cremad/audio/1010_TAI_DIS_XX.wav,1010_TAI_DIS_XX.wav,1010,train,5,disgust,1,happy,0.1811051219701767
data/cremad/audio/1010_TAI_FEA_XX.wav,1010_TAI_FEA_XX.wav,1010,train,4,fearful,3,angry,0.18451035022735596
data/cremad/audio/1010_TAI_HAP_XX.wav,1010_TAI_HAP_XX.wav,1010,train,1,happy,1,happy,0.18316519260406494
data/cremad/audio/1010_TAI_NEU_XX.wav,1010_TAI_NEU_XX.wav,1010,train,0,neutral,1,happy,0.18091049790382385
data/cremad/audio/1010_TAI_SAD_XX.wav,1010_TAI_SAD_XX.wav,1010,train,2,sad,1,happy,0.1814730316400528
data/cremad/audio/1010_TIE_ANG_XX.wav,1010_TIE_ANG_XX.wav,1010,train,3,angry,3,angry,0.18259978294372559
data/cremad/audio/1010_TIE_DIS_XX.wav,1010_TIE_DIS_XX.wav,1010,train,5,disgust,1,happy,0.17951995134353638
data/cremad/audio/1010_TIE_FEA_XX.wav,1010_TIE_FEA_XX.wav,1010,train,4,fearful,1,happy,0.18156015872955322
data/cremad/audio/1010_TIE_HAP_XX.wav,1010_TIE_HAP_XX.wav,1010,train,1,happy,1,happy,0.1819504052400589
data/cremad/audio/1010_TIE_NEU_XX.wav,1010_TIE_NEU_XX.wav,1010,train,0,neutral,1,happy,0.18122591078281403
data/cremad/audio/1010_TIE_SAD_XX.wav,1010_TIE_SAD_XX.wav,1010,train,2,sad,1,happy,0.17996235191822052
data/cremad/audio/1010_TSI_ANG_XX.wav,1010_TSI_ANG_XX.wav,1010,train,3,angry,3,angry,0.18265943229198456
data/cremad/audio/1010_TSI_DIS_XX.wav,1010_TSI_DIS_XX.wav,1010,train,5,disgust,1,happy,0.18037177622318268
data/cremad/audio/1010_TSI_FEA_XX.wav,1010_TSI_FEA_XX.wav,1010,train,4,fearful,1,happy,0.18237362802028656
data/cremad/audio/1010_TSI_HAP_XX.wav,1010_TSI_HAP_XX.wav,1010,train,1,happy,1,happy,0.1829933524131775
data/cremad/audio/1010_TSI_NEU_XX.wav,1010_TSI_NEU_XX.wav,1010,train,0,neutral,1,happy,0.18073605000972748
data/cremad/audio/1010_TSI_SAD_XX.wav,1010_TSI_SAD_XX.wav,1010,train,2,sad,3,angry,0.1829151064157486
data/cremad/audio/1010_WSI_ANG_XX.wav,1010_WSI_ANG_XX.wav,1010,train,3,angry,3,angry,0.18315747380256653
data/cremad/audio/1010_WSI_DIS_XX.wav,1010_WSI_DIS_XX.wav,1010,train,5,disgust,1,happy,0.18123896420001984
data/cremad/audio/1010_WSI_FEA_XX.wav,1010_WSI_FEA_XX.wav,1010,train,4,fearful,3,angry,0.18263477087020874
data/cremad/audio/1010_WSI_HAP_XX.wav,1010_WSI_HAP_XX.wav,1010,train,1,happy,1,happy,0.18347305059432983
data/cremad/audio/1010_WSI_NEU_XX.wav,1010_WSI_NEU_XX.wav,1010,train,0,neutral,1,happy,0.1817653626203537
data/cremad/audio/1010_WSI_SAD_XX.wav,1010_WSI_SAD_XX.wav,1010,train,2,sad,1,happy,0.18224091827869415
data/cremad/audio/1011_DFA_ANG_XX.wav,1011_DFA_ANG_XX.wav,1011,train,3,angry,3,angry,0.18482664227485657
data/cremad/audio/1011_DFA_DIS_XX.wav,1011_DFA_DIS_XX.wav,1011,train,5,disgust,1,happy,0.18047888576984406
data/cremad/audio/1011_DFA_FEA_XX.wav,1011_DFA_FEA_XX.wav,1011,train,4,fearful,1,happy,0.18182212114334106
data/cremad/audio/1011_DFA_HAP_XX.wav,1011_DFA_HAP_XX.wav,1011,train,1,happy,1,happy,0.1822187602519989
data/cremad/audio/1011_DFA_NEU_XX.wav,1011_DFA_NEU_XX.wav,1011,train,0,neutral,1,happy,0.17966727912425995
data/cremad/audio/1011_DFA_SAD_XX.wav,1011_DFA_SAD_XX.wav,1011,train,2,sad,1,happy,0.17963546514511108
data/cremad/audio/1011_IEO_ANG_HI.wav,1011_IEO_ANG_HI.wav,1011,train,3,angry,3,angry,0.18868182599544525
data/cremad/audio/1011_IEO_ANG_LO.wav,1011_IEO_ANG_LO.wav,1011,train,3,angry,3,angry,0.18522194027900696
data/cremad/audio/1011_IEO_ANG_MD.wav,1011_IEO_ANG_MD.wav,1011,train,3,angry,3,angry,0.1873403936624527
data/cremad/audio/1011_IEO_DIS_HI.wav,1011_IEO_DIS_HI.wav,1011,train,5,disgust,3,angry,0.18696008622646332
data/cremad/audio/1011_IEO_DIS_LO.wav,1011_IEO_DIS_LO.wav,1011,train,5,disgust,1,happy,0.1812877058982849
data/cremad/audio/1011_IEO_DIS_MD.wav,1011_IEO_DIS_MD.wav,1011,train,5,disgust,3,angry,0.18543536961078644
data/cremad/audio/1011_IEO_FEA_HI.wav,1011_IEO_FEA_HI.wav,1011,train,4,fearful,3,angry,0.18631769716739655
data/cremad/audio/1011_IEO_FEA_LO.wav,1011_IEO_FEA_LO.wav,1011,train,4,fearful,1,happy,0.18116973340511322
data/cremad/audio/1011_IEO_FEA_MD.wav,1011_IEO_FEA_MD.wav,1011,train,4,fearful,1,happy,0.18070200085639954
data/cremad/audio/1011_IEO_HAP_HI.wav,1011_IEO_HAP_HI.wav,1011,train,1,happy,1,happy,0.18356622755527496
data/cremad/audio/1011_IEO_HAP_LO.wav,1011_IEO_HAP_LO.wav,1011,train,1,happy,1,happy,0.18279322981834412
data/cremad/audio/1011_IEO_HAP_MD.wav,1011_IEO_HAP_MD.wav,1011,train,1,happy,1,happy,0.18195416033267975
data/cremad/audio/1011_IEO_NEU_XX.wav,1011_IEO_NEU_XX.wav,1011,train,0,neutral,1,happy,0.18207573890686035
data/cremad/audio/1011_IEO_SAD_HI.wav,1011_IEO_SAD_HI.wav,1011,train,2,sad,3,angry,0.18275395035743713
data/cremad/audio/1011_IEO_SAD_LO.wav,1011_IEO_SAD_LO.wav,1011,train,2,sad,1,happy,0.18177302181720734
data/cremad/audio/1011_IEO_SAD_MD.wav,1011_IEO_SAD_MD.wav,1011,train,2,sad,1,happy,0.1808372586965561
data/cremad/audio/1011_IOM_ANG_XX.wav,1011_IOM_ANG_XX.wav,1011,train,3,angry,3,angry,0.18441079556941986
data/cremad/audio/1011_IOM_DIS_XX.wav,1011_IOM_DIS_XX.wav,1011,train,5,disgust,3,angry,0.1866038292646408
data/cremad/audio/1011_IOM_FEA_XX.wav,1011_IOM_FEA_XX.wav,1011,train,4,fearful,1,happy,0.18276885151863098
data/cremad/audio/1011_IOM_HAP_XX.wav,1011_IOM_HAP_XX.wav,1011,train,1,happy,1,happy,0.18235035240650177
data/cremad/audio/1011_IOM_NEU_XX.wav,1011_IOM_NEU_XX.wav,1011,train,0,neutral,1,happy,0.18264302611351013
data/cremad/audio/1011_IOM_SAD_XX.wav,1011_IOM_SAD_XX.wav,1011,train,2,sad,1,happy,0.17905573546886444
data/cremad/audio/1011_ITH_ANG_XX.wav,1011_ITH_ANG_XX.wav,1011,train,3,angry,3,angry,0.1872662454843521
data/cremad/audio/1011_ITH_DIS_XX.wav,1011_ITH_DIS_XX.wav,1011,train,5,disgust,1,happy,0.1817028820514679
data/cremad/audio/1011_ITH_FEA_XX.wav,1011_ITH_FEA_XX.wav,1011,train,4,fearful,1,happy,0.18281862139701843
data/cremad/audio/1011_ITH_HAP_XX.wav,1011_ITH_HAP_XX.wav,1011,train,1,happy,1,happy,0.18348576128482819
data/cremad/audio/1011_ITH_NEU_XX.wav,1011_ITH_NEU_XX.wav,1011,train,0,neutral,1,happy,0.1803341805934906
data/cremad/audio/1011_ITH_SAD_XX.wav,1011_ITH_SAD_XX.wav,1011,train,2,sad,1,happy,0.18138277530670166
data/cremad/audio/1011_ITS_ANG_XX.wav,1011_ITS_ANG_XX.wav,1011,train,3,angry,1,happy,0.18262030184268951
data/cremad/audio/1011_ITS_DIS_XX.wav,1011_ITS_DIS_XX.wav,1011,train,5,disgust,1,happy,0.1823299080133438
data/cremad/audio/1011_ITS_FEA_XX.wav,1011_ITS_FEA_XX.wav,1011,train,4,fearful,1,happy,0.18381333351135254
data/cremad/audio/1011_ITS_HAP_XX.wav,1011_ITS_HAP_XX.wav,1011,train,1,happy,1,happy,0.18200136721134186
data/cremad/audio/1011_ITS_NEU_XX.wav,1011_ITS_NEU_XX.wav,1011,train,0,neutral,1,happy,0.18252697587013245
data/cremad/audio/1011_ITS_SAD_XX.wav,1011_ITS_SAD_XX.wav,1011,train,2,sad,1,happy,0.18011881411075592
data/cremad/audio/1011_IWL_ANG_XX.wav,1011_IWL_ANG_XX.wav,1011,train,3,angry,3,angry,0.1859770566225052
data/cremad/audio/1011_IWL_DIS_XX.wav,1011_IWL_DIS_XX.wav,1011,train,5,disgust,1,happy,0.184160053730011
data/cremad/audio/1011_IWL_FEA_XX.wav,1011_IWL_FEA_XX.wav,1011,train,4,fearful,1,happy,0.18300028145313263
data/cremad/audio/1011_IWL_HAP_XX.wav,1011_IWL_HAP_XX.wav,1011,train,1,happy,3,angry,0.1834266185760498
data/cremad/audio/1011_IWL_NEU_XX.wav,1011_IWL_NEU_XX.wav,1011,train,0,neutral,1,happy,0.18307171761989594
data/cremad/audio/1011_IWL_SAD_XX.wav,1011_IWL_SAD_XX.wav,1011,train,2,sad,1,happy,0.18097127974033356
data/cremad/audio/1011_IWW_ANG_XX.wav,1011_IWW_ANG_XX.wav,1011,train,3,angry,3,angry,0.1823757290840149
data/cremad/audio/1011_IWW_DIS_XX.wav,1011_IWW_DIS_XX.wav,1011,train,5,disgust,3,angry,0.18370701372623444
data/cremad/audio/1011_IWW_FEA_XX.wav,1011_IWW_FEA_XX.wav,1011,train,4,fearful,1,happy,0.1819784790277481
data/cremad/audio/1011_IWW_HAP_XX.wav,1011_IWW_HAP_XX.wav,1011,train,1,happy,1,happy,0.18234431743621826
data/cremad/audio/1011_IWW_NEU_XX.wav,1011_IWW_NEU_XX.wav,1011,train,0,neutral,1,happy,0.18084493279457092
data/cremad/audio/1011_IWW_SAD_XX.wav,1011_IWW_SAD_XX.wav,1011,train,2,sad,1,happy,0.17860527336597443
data/cremad/audio/1011_MTI_ANG_XX.wav,1011_MTI_ANG_XX.wav,1011,train,3,angry,3,angry,0.18678854405879974
data/cremad/audio/1011_MTI_DIS_XX.wav,1011_MTI_DIS_XX.wav,1011,train,5,disgust,1,happy,0.18129409849643707
data/cremad/audio/1011_MTI_FEA_XX.wav,1011_MTI_FEA_XX.wav,1011,train,4,fearful,1,happy,0.18195615708827972
data/cremad/audio/1011_MTI_HAP_XX.wav,1011_MTI_HAP_XX.wav,1011,train,1,happy,1,happy,0.1816266030073166
data/cremad/audio/1011_MTI_NEU_XX.wav,1011_MTI_NEU_XX.wav,1011,train,0,neutral,1,happy,0.181288942694664
data/cremad/audio/1011_MTI_SAD_XX.wav,1011_MTI_SAD_XX.wav,1011,train,2,sad,1,happy,0.18064256012439728
data/cremad/audio/1011_TAI_ANG_XX.wav,1011_TAI_ANG_XX.wav,1011,train,3,angry,3,angry,0.186414435505867
data/cremad/audio/1011_TAI_DIS_XX.wav,1011_TAI_DIS_XX.wav,1011,train,5,disgust,1,happy,0.18169909715652466
data/cremad/audio/1011_TAI_FEA_XX.wav,1011_TAI_FEA_XX.wav,1011,train,4,fearful,1,happy,0.18085668981075287
data/cremad/audio/1011_TAI_HAP_XX.wav,1011_TAI_HAP_XX.wav,1011,train,1,happy,1,happy,0.18494339287281036
data/cremad/audio/1011_TAI_NEU_XX.wav,1011_TAI_NEU_XX.wav,1011,train,0,neutral,1,happy,0.18110603094100952
data/cremad/audio/1011_TAI_SAD_XX.wav,1011_TAI_SAD_XX.wav,1011,train,2,sad,1,happy,0.18165463209152222
data/cremad/audio/1011_TIE_ANG_XX.wav,1011_TIE_ANG_XX.wav,1011,train,3,angry,3,angry,0.1841491460800171
data/cremad/audio/1011_TIE_DIS_XX.wav,1011_TIE_DIS_XX.wav,1011,train,5,disgust,3,angry,0.1830911785364151
data/cremad/audio/1011_TIE_FEA_XX.wav,1011_TIE_FEA_XX.wav,1011,train,4,fearful,1,happy,0.1811656355857849
data/cremad/audio/1011_TIE_HAP_XX.wav,1011_TIE_HAP_XX.wav,1011,train,1,happy,1,happy,0.18190737068653107
data/cremad/audio/1011_TIE_NEU_XX.wav,1011_TIE_NEU_XX.wav,1011,train,0,neutral,3,angry,0.1830989122390747
data/cremad/audio/1011_TIE_SAD_XX.wav,1011_TIE_SAD_XX.wav,1011,train,2,sad,1,happy,0.17807944118976593
data/cremad/audio/1011_TSI_ANG_XX.wav,1011_TSI_ANG_XX.wav,1011,train,3,angry,3,angry,0.1850624680519104
data/cremad/audio/1011_TSI_DIS_XX.wav,1011_TSI_DIS_XX.wav,1011,train,5,disgust,1,happy,0.1807452142238617
data/cremad/audio/1011_TSI_FEA_XX.wav,1011_TSI_FEA_XX.wav,1011,train,4,fearful,1,happy,0.1828475445508957
data/cremad/audio/1011_TSI_HAP_XX.wav,1011_TSI_HAP_XX.wav,1011,train,1,happy,1,happy,0.1809028685092926
data/cremad/audio/1011_TSI_NEU_XX.wav,1011_TSI_NEU_XX.wav,1011,train,0,neutral,1,happy,0.17955781519412994
data/cremad/audio/1011_TSI_SAD_XX.wav,1011_TSI_SAD_XX.wav,1011,train,2,sad,1,happy,0.18082278966903687
data/cremad/audio/1011_WSI_ANG_XX.wav,1011_WSI_ANG_XX.wav,1011,train,3,angry,3,angry,0.18323495984077454
data/cremad/audio/1011_WSI_DIS_XX.wav,1011_WSI_DIS_XX.wav,1011,train,5,disgust,1,happy,0.18183961510658264
data/cremad/audio/1011_WSI_FEA_XX.wav,1011_WSI_FEA_XX.wav,1011,train,4,fearful,1,happy,0.18317539989948273
data/cremad/audio/1011_WSI_HAP_XX.wav,1011_WSI_HAP_XX.wav,1011,train,1,happy,1,happy,0.18235746026039124
data/cremad/audio/1011_WSI_NEU_XX.wav,1011_WSI_NEU_XX.wav,1011,train,0,neutral,1,happy,0.18185721337795258
data/cremad/audio/1011_WSI_SAD_XX.wav,1011_WSI_SAD_XX.wav,1011,train,2,sad,1,happy,0.18111900985240936
data/cremad/audio/1016_DFA_ANG_XX.wav,1016_DFA_ANG_XX.wav,1016,train,3,angry,3,angry,0.1846948117017746
data/cremad/audio/1016_DFA_DIS_XX.wav,1016_DFA_DIS_XX.wav,1016,train,5,disgust,3,angry,0.1841036081314087
data/cremad/audio/1016_DFA_FEA_XX.wav,1016_DFA_FEA_XX.wav,1016,train,4,fearful,1,happy,0.18086566030979156
data/cremad/audio/1016_DFA_HAP_XX.wav,1016_DFA_HAP_XX.wav,1016,train,1,happy,1,happy,0.18410466611385345
data/cremad/audio/1016_DFA_NEU_XX.wav,1016_DFA_NEU_XX.wav,1016,train,0,neutral,1,happy,0.18297775089740753
data/cremad/audio/1016_DFA_SAD_XX.wav,1016_DFA_SAD_XX.wav,1016,train,2,sad,1,happy,0.18356703221797943
data/cremad/audio/1016_IEO_ANG_HI.wav,1016_IEO_ANG_HI.wav,1016,train,3,angry,3,angry,0.18723709881305695
data/cremad/audio/1016_IEO_ANG_LO.wav,1016_IEO_ANG_LO.wav,1016,train,3,angry,1,happy,0.1821306347846985
data/cremad/audio/1016_IEO_ANG_MD.wav,1016_IEO_ANG_MD.wav,1016,train,3,angry,1,happy,0.1827104538679123
data/cremad/audio/1016_IEO_DIS_HI.wav,1016_IEO_DIS_HI.wav,1016,train,5,disgust,1,happy,0.18149255216121674
data/cremad/audio/1016_IEO_DIS_LO.wav,1016_IEO_DIS_LO.wav,1016,train,5,disgust,1,happy,0.18097321689128876
data/cremad/audio/1016_IEO_DIS_MD.wav,1016_IEO_DIS_MD.wav,1016,train,5,disgust,3,angry,0.18491114675998688
data/cremad/audio/1016_IEO_FEA_HI.wav,1016_IEO_FEA_HI.wav,1016,train,4,fearful,1,happy,0.182802215218544
data/cremad/audio/1016_IEO_FEA_LO.wav,1016_IEO_FEA_LO.wav,1016,train,4,fearful,1,happy,0.18115270137786865
data/cremad/audio/1016_IEO_FEA_MD.wav,1016_IEO_FEA_MD.wav,1016,train,4,fearful,1,happy,0.18145735561847687
data/cremad/audio/1016_IEO_HAP_HI.wav,1016_IEO_HAP_HI.wav,1016,train,1,happy,1,happy,0.18288251757621765
data/cremad/audio/1016_IEO_HAP_LO.wav,1016_IEO_HAP_LO.wav,1016,train,1,happy,1,happy,0.1834770292043686
data/cremad/audio/1016_IEO_HAP_MD.wav,1016_IEO_HAP_MD.wav,1016,train,1,happy,1,happy,0.18297307193279266
data/cremad/audio/1016_IEO_NEU_XX.wav,1016_IEO_NEU_XX.wav,1016,train,0,neutral,1,happy,0.18438054621219635
data/cremad/audio/1016_IEO_SAD_HI.wav,1016_IEO_SAD_HI.wav,1016,train,2,sad,1,happy,0.17941829562187195
data/cremad/audio/1016_IEO_SAD_LO.wav,1016_IEO_SAD_LO.wav,1016,train,2,sad,1,happy,0.18207187950611115
data/cremad/audio/1016_IEO_SAD_MD.wav,1016_IEO_SAD_MD.wav,1016,train,2,sad,1,happy,0.18017759919166565
data/cremad/audio/1016_IOM_ANG_XX.wav,1016_IOM_ANG_XX.wav,1016,train,3,angry,1,happy,0.1835976243019104
data/cremad/audio/1016_IOM_DIS_XX.wav,1016_IOM_DIS_XX.wav,1016,train,5,disgust,3,angry,0.18086618185043335
data/cremad/audio/1016_IOM_FEA_XX.wav,1016_IOM_FEA_XX.wav,1016,train,4,fearful,3,angry,0.18837647140026093
data/cremad/audio/1016_IOM_HAP_XX.wav,1016_IOM_HAP_XX.wav,1016,train,1,happy,3,angry,0.1826092004776001
data/cremad/audio/1016_IOM_NEU_XX.wav,1016_IOM_NEU_XX.wav,1016,train,0,neutral,1,happy,0.18379589915275574
data/cremad/audio/1016_IOM_SAD_XX.wav,1016_IOM_SAD_XX.wav,1016,train,2,sad,1,happy,0.18118025362491608
data/cremad/audio/1016_ITH_ANG_XX.wav,1016_ITH_ANG_XX.wav,1016,train,3,angry,3,angry,0.18425817787647247
data/cremad/audio/1016_ITH_DIS_XX.wav,1016_ITH_DIS_XX.wav,1016,train,5,disgust,1,happy,0.1799970120191574
data/cremad/audio/1016_ITH_FEA_XX.wav,1016_ITH_FEA_XX.wav,1016,train,4,fearful,1,happy,0.18518228828907013
data/cremad/audio/1016_ITH_HAP_XX.wav,1016_ITH_HAP_XX.wav,1016,train,1,happy,1,happy,0.18371382355690002
data/cremad/audio/1016_ITH_NEU_XX.wav,1016_ITH_NEU_XX.wav,1016,train,0,neutral,1,happy,0.1838177740573883
data/cremad/audio/1016_ITH_SAD_XX.wav,1016_ITH_SAD_XX.wav,1016,train,2,sad,1,happy,0.1818346083164215
data/cremad/audio/1016_ITS_ANG_XX.wav,1016_ITS_ANG_XX.wav,1016,train,3,angry,3,angry,0.18615643680095673
data/cremad/audio/1016_ITS_DIS_XX.wav,1016_ITS_DIS_XX.wav,1016,train,5,disgust,3,angry,0.183738574385643
data/cremad/audio/1016_ITS_FEA_XX.wav,1016_ITS_FEA_XX.wav,1016,train,4,fearful,1,happy,0.18175865709781647
data/cremad/audio/1016_ITS_HAP_XX.wav,1016_ITS_HAP_XX.wav,1016,train,1,happy,1,happy,0.18254198133945465
data/cremad/audio/1016_ITS_NEU_XX.wav,1016_ITS_NEU_XX.wav,1016,train,0,neutral,1,happy,0.1848970502614975
data/cremad/audio/1016_ITS_SAD_XX.wav,1016_ITS_SAD_XX.wav,1016,train,2,sad,1,happy,0.1813146471977234
data/cremad/audio/1016_IWL_ANG_XX.wav,1016_IWL_ANG_XX.wav,1016,train,3,angry,3,angry,0.18645469844341278
data/cremad/audio/1016_IWL_DIS_XX.wav,1016_IWL_DIS_XX.wav,1016,train,5,disgust,3,angry,0.18470004200935364
data/cremad/audio/1016_IWL_FEA_XX.wav,1016_IWL_FEA_XX.wav,1016,train,4,fearful,3,angry,0.18793843686580658
data/cremad/audio/1016_IWL_HAP_XX.wav,1016_IWL_HAP_XX.wav,1016,train,1,happy,1,happy,0.18267162144184113
data/cremad/audio/1016_IWL_NEU_XX.wav,1016_IWL_NEU_XX.wav,1016,train,0,neutral,3,angry,0.1840697079896927
data/cremad/audio/1016_IWL_SAD_XX.wav,1016_IWL_SAD_XX.wav,1016,train,2,sad,3,angry,0.18380187451839447
data/cremad/audio/1016_IWW_ANG_XX.wav,1016_IWW_ANG_XX.wav,1016,train,3,angry,3,angry,0.1845080703496933
data/cremad/audio/1016_IWW_DIS_XX.wav,1016_IWW_DIS_XX.wav,1016,train,5,disgust,1,happy,0.1804187297821045
data/cremad/audio/1016_IWW_FEA_XX.wav,1016_IWW_FEA_XX.wav,1016,train,4,fearful,1,happy,0.1814570128917694
data/cremad/audio/1016_IWW_HAP_XX.wav,1016_IWW_HAP_XX.wav,1016,train,1,happy,3,angry,0.18869026005268097
data/cremad/audio/1016_IWW_NEU_XX.wav,1016_IWW_NEU_XX.wav,1016,train,0,neutral,1,happy,0.1835421919822693
data/cremad/audio/1016_IWW_SAD_XX.wav,1016_IWW_SAD_XX.wav,1016,train,2,sad,1,happy,0.1798512488603592
data/cremad/audio/1016_MTI_ANG_XX.wav,1016_MTI_ANG_XX.wav,1016,train,3,angry,3,angry,0.18751634657382965
data/cremad/audio/1016_MTI_DIS_XX.wav,1016_MTI_DIS_XX.wav,1016,train,5,disgust,3,angry,0.18576277792453766
data/cremad/audio/1016_MTI_FEA_XX.wav,1016_MTI_FEA_XX.wav,1016,train,4,fearful,3,angry,0.18480031192302704
data/cremad/audio/1016_MTI_HAP_XX.wav,1016_MTI_HAP_XX.wav,1016,train,1,happy,3,angry,0.18411080539226532
data/cremad/audio/1016_MTI_NEU_XX.wav,1016_MTI_NEU_XX.wav,1016,train,0,neutral,1,happy,0.1837979108095169
data/cremad/audio/1016_MTI_SAD_XX.wav,1016_MTI_SAD_XX.wav,1016,train,2,sad,3,angry,0.18168701231479645
data/cremad/audio/1016_TAI_ANG_XX.wav,1016_TAI_ANG_XX.wav,1016,train,3,angry,3,angry,0.18353183567523956
data/cremad/audio/1016_TAI_DIS_XX.wav,1016_TAI_DIS_XX.wav,1016,train,5,disgust,3,angry,0.18482249975204468
data/cremad/audio/1016_TAI_FEA_XX.wav,1016_TAI_FEA_XX.wav,1016,train,4,fearful,3,angry,0.1820540577173233
data/cremad/audio/1016_TAI_HAP_XX.wav,1016_TAI_HAP_XX.wav,1016,train,1,happy,3,angry,0.1832243949174881
data/cremad/audio/1016_TAI_NEU_XX.wav,1016_TAI_NEU_XX.wav,1016,train,0,neutral,1,happy,0.18137292563915253
data/cremad/audio/1016_TAI_SAD_XX.wav,1016_TAI_SAD_XX.wav,1016,train,2,sad,3,angry,0.18361736834049225
data/cremad/audio/1016_TIE_ANG_XX.wav,1016_TIE_ANG_XX.wav,1016,train,3,angry,3,angry,0.18773417174816132
data/cremad/audio/1016_TIE_DIS_XX.wav,1016_TIE_DIS_XX.wav,1016,train,5,disgust,3,angry,0.18320021033287048
data/cremad/audio/1016_TIE_FEA_XX.wav,1016_TIE_FEA_XX.wav,1016,train,4,fearful,3,angry,0.18479770421981812
data/cremad/audio/1016_TIE_HAP_XX.wav,1016_TIE_HAP_XX.wav,1016,train,1,happy,3,angry,0.1847183257341385
data/cremad/audio/1016_TIE_NEU_XX.wav,1016_TIE_NEU_XX.wav,1016,train,0,neutral,1,happy,0.18334706127643585
data/cremad/audio/1016_TIE_SAD_XX.wav,1016_TIE_SAD_XX.wav,1016,train,2,sad,1,happy,0.1809188276529312
data/cremad/audio/1016_TSI_ANG_XX.wav,1016_TSI_ANG_XX.wav,1016,train,3,angry,3,angry,0.18493899703025818
data/cremad/audio/1016_TSI_DIS_XX.wav,1016_TSI_DIS_XX.wav,1016,train,5,disgust,3,angry,0.18394538760185242
data/cremad/audio/1016_TSI_FEA_XX.wav,1016_TSI_FEA_XX.wav,1016,train,4,fearful,1,happy,0.18224573135375977
data/cremad/audio/1016_TSI_HAP_XX.wav,1016_TSI_HAP_XX.wav,1016,train,1,happy,1,happy,0.1829889714717865
data/cremad/audio/1016_TSI_NEU_XX.wav,1016_TSI_NEU_XX.wav,1016,train,0,neutral,1,happy,0.18271507322788239
data/cremad/audio/1016_TSI_SAD_XX.wav,1016_TSI_SAD_XX.wav,1016,train,2,sad,1,happy,0.1824260652065277
data/cremad/audio/1016_WSI_ANG_XX.wav,1016_WSI_ANG_XX.wav,1016,train,3,angry,3,angry,0.18583452701568604
data/cremad/audio/1016_WSI_DIS_XX.wav,1016_WSI_DIS_XX.wav,1016,train,5,disgust,3,angry,0.18494726717472076
data/cremad/audio/1016_WSI_FEA_XX.wav,1016_WSI_FEA_XX.wav,1016,train,4,fearful,1,happy,0.18325592577457428
data/cremad/audio/1016_WSI_HAP_XX.wav,1016_WSI_HAP_XX.wav,1016,train,1,happy,3,angry,0.18594984710216522
data/cremad/audio/1016_WSI_NEU_XX.wav,1016_WSI_NEU_XX.wav,1016,train,0,neutral,1,happy,0.18378572165966034
data/cremad/audio/1016_WSI_SAD_XX.wav,1016_WSI_SAD_XX.wav,1016,train,2,sad,1,happy,0.18284082412719727
data/cremad/audio/1017_DFA_ANG_XX.wav,1017_DFA_ANG_XX.wav,1017,train,3,angry,1,happy,0.18478187918663025
data/cremad/audio/1017_DFA_DIS_XX.wav,1017_DFA_DIS_XX.wav,1017,train,5,disgust,1,happy,0.18430279195308685
data/cremad/audio/1017_DFA_FEA_XX.wav,1017_DFA_FEA_XX.wav,1017,train,4,fearful,1,happy,0.18484942615032196
data/cremad/audio/1017_DFA_HAP_XX.wav,1017_DFA_HAP_XX.wav,1017,train,1,happy,1,happy,0.1838243454694748
data/cremad/audio/1017_DFA_NEU_XX.wav,1017_DFA_NEU_XX.wav,1017,train,0,neutral,1,happy,0.1831456422805786
data/cremad/audio/1017_DFA_SAD_XX.wav,1017_DFA_SAD_XX.wav,1017,train,2,sad,1,happy,0.18385308980941772
data/cremad/audio/1017_IEO_ANG_HI.wav,1017_IEO_ANG_HI.wav,1017,train,3,angry,3,angry,0.18257282674312592
data/cremad/audio/1017_IEO_ANG_LO.wav,1017_IEO_ANG_LO.wav,1017,train,3,angry,1,happy,0.18455377221107483
data/cremad/audio/1017_IEO_ANG_MD.wav,1017_IEO_ANG_MD.wav,1017,train,3,angry,3,angry,0.1835823953151703
data/cremad/audio/1017_IEO_DIS_HI.wav,1017_IEO_DIS_HI.wav,1017,train,5,disgust,1,happy,0.18094241619110107
data/cremad/audio/1017_IEO_DIS_LO.wav,1017_IEO_DIS_LO.wav,1017,train,5,disgust,1,happy,0.18159104883670807
data/cremad/audio/1017_IEO_DIS_MD.wav,1017_IEO_DIS_MD.wav,1017,train,5,disgust,1,happy,0.18196791410446167
data/cremad/audio/1017_IEO_FEA_HI.wav,1017_IEO_FEA_HI.wav,1017,train,4,fearful,1,happy,0.1825013905763626
data/cremad/audio/1017_IEO_FEA_LO.wav,1017_IEO_FEA_LO.wav,1017,train,4,fearful,1,happy,0.1824648678302765
data/cremad/audio/1017_IEO_FEA_MD.wav,1017_IEO_FEA_MD.wav,1017,train,4,fearful,1,happy,0.18203122913837433
data/cremad/audio/1017_IEO_HAP_HI.wav,1017_IEO_HAP_HI.wav,1017,train,1,happy,1,happy,0.18284860253334045
data/cremad/audio/1017_IEO_HAP_LO.wav,1017_IEO_HAP_LO.wav,1017,train,1,happy,1,happy,0.18426606059074402
data/cremad/audio/1017_IEO_HAP_MD.wav,1017_IEO_HAP_MD.wav,1017,train,1,happy,1,happy,0.18268424272537231
data/cremad/audio/1017_IEO_NEU_XX.wav,1017_IEO_NEU_XX.wav,1017,train,0,neutral,1,happy,0.18382857739925385
data/cremad/audio/1017_IEO_SAD_HI.wav,1017_IEO_SAD_HI.wav,1017,train,2,sad,1,happy,0.18258295953273773
data/cremad/audio/1017_IEO_SAD_LO.wav,1017_IEO_SAD_LO.wav,1017,train,2,sad,1,happy,0.18461930751800537
data/cremad/audio/1017_IEO_SAD_MD.wav,1017_IEO_SAD_MD.wav,1017,train,2,sad,1,happy,0.18260781466960907
data/cremad/audio/1017_IOM_ANG_XX.wav,1017_IOM_ANG_XX.wav,1017,train,3,angry,1,happy,0.181934654712677
data/cremad/audio/1017_IOM_DIS_XX.wav,1017_IOM_DIS_XX.wav,1017,train,5,disgust,1,happy,0.18102438747882843
data/cremad/audio/1017_IOM_FEA_XX.wav,1017_IOM_FEA_XX.wav,1017,train,4,fearful,1,happy,0.18164721131324768
data/cremad/audio/1017_IOM_HAP_XX.wav,1017_IOM_HAP_XX.wav,1017,train,1,happy,1,happy,0.1823468804359436
data/cremad/audio/1017_IOM_NEU_XX.wav,1017_IOM_NEU_XX.wav,1017,train,0,neutral,1,happy,0.18310268223285675
data/cremad/audio/1017_IOM_SAD_XX.wav,1017_IOM_SAD_XX.wav,1017,train,2,sad,1,happy,0.18169766664505005
data/cremad/audio/1017_ITH_ANG_XX.wav,1017_ITH_ANG_XX.wav,1017,train,3,angry,3,angry,0.17976823449134827
data/cremad/audio/1017_ITH_DIS_XX.wav,1017_ITH_DIS_XX.wav,1017,train,5,disgust,1,happy,0.18085706233978271
data/cremad/audio/1017_ITH_FEA_XX.wav,1017_ITH_FEA_XX.wav,1017,train,4,fearful,3,angry,0.1836482733488083
data/cremad/audio/1017_ITH_HAP_XX.wav,1017_ITH_HAP_XX.wav,1017,train,1,happy,1,happy,0.1844215989112854
data/cremad/audio/1017_ITH_NEU_XX.wav,1017_ITH_NEU_XX.wav,1017,train,0,neutral,1,happy,0.18369515240192413
data/cremad/audio/1017_ITH_SAD_XX.wav,1017_ITH_SAD_XX.wav,1017,train,2,sad,1,happy,0.18267622590065002
data/cremad/audio/1017_ITS_ANG_XX.wav,1017_ITS_ANG_XX.wav,1017,train,3,angry,1,happy,0.18188275396823883
data/cremad/audio/1017_ITS_DIS_XX.wav,1017_ITS_DIS_XX.wav,1017,train,5,disgust,1,happy,0.18287858366966248
data/cremad/audio/1017_ITS_FEA_XX.wav,1017_ITS_FEA_XX.wav,1017,train,4,fearful,1,happy,0.18500934541225433
data/cremad/audio/1017_ITS_HAP_XX.wav,1017_ITS_HAP_XX.wav,1017,train,1,happy,1,happy,0.18487787246704102
data/cremad/audio/1017_ITS_NEU_XX.wav,1017_ITS_NEU_XX.wav,1017,train,0,neutral,1,happy,0.1831275373697281
data/cremad/audio/1017_ITS_SAD_XX.wav,1017_ITS_SAD_XX.wav,1017,train,2,sad,1,happy,0.18326148390769958
data/cremad/audio/1017_IWL_ANG_XX.wav,1017_IWL_ANG_XX.wav,1017,train,3,angry,1,happy,0.18429748713970184
data/cremad/audio/1017_IWL_DIS_XX.wav,1017_IWL_DIS_XX.wav,1017,train,5,disgust,1,happy,0.18210726976394653
data/cremad/audio/1017_IWL_FEA_XX.wav,1017_IWL_FEA_XX.wav,1017,train,4,fearful,1,happy,0.18239450454711914
data/cremad/audio/1017_IWL_HAP_XX.wav,1017_IWL_HAP_XX.wav,1017,train,1,happy,1,happy,0.18491457402706146
data/cremad/audio/1017_IWL_NEU_XX.wav,1017_IWL_NEU_XX.wav,1017,train,0,neutral,1,happy,0.18332497775554657
data/cremad/audio/1017_IWL_SAD_XX.wav,1017_IWL_SAD_XX.wav,1017,train,2,sad,1,happy,0.1838531345129013
data/cremad/audio/1017_IWW_ANG_XX.wav,1017_IWW_ANG_XX.wav,1017,train,3,angry,1,happy,0.18166109919548035
data/cremad/audio/1017_IWW_DIS_XX.wav,1017_IWW_DIS_XX.wav,1017,train,5,disgust,1,happy,0.18238507211208344
data/cremad/audio/1017_IWW_FEA_XX.wav,1017_IWW_FEA_XX.wav,1017,train,4,fearful,1,happy,0.18166109919548035
data/cremad/audio/1017_IWW_HAP_XX.wav,1017_IWW_HAP_XX.wav,1017,train,1,happy,1,happy,0.18470942974090576
data/cremad/audio/1017_IWW_NEU_XX.wav,1017_IWW_NEU_XX.wav,1017,train,0,neutral,1,happy,0.18313255906105042
data/cremad/audio/1017_IWW_SAD_XX.wav,1017_IWW_SAD_XX.wav,1017,train,2,sad,1,happy,0.18286006152629852
data/cremad/audio/1017_MTI_ANG_XX.wav,1017_MTI_ANG_XX.wav,1017,train,3,angry,3,angry,0.18414811789989471
data/cremad/audio/1017_MTI_DIS_XX.wav,1017_MTI_DIS_XX.wav,1017,train,5,disgust,1,happy,0.18123213946819305
data/cremad/audio/1017_MTI_FEA_XX.wav,1017_MTI_FEA_XX.wav,1017,train,4,fearful,1,happy,0.18294669687747955
data/cremad/audio/1017_MTI_HAP_XX.wav,1017_MTI_HAP_XX.wav,1017,train,1,happy,3,angry,0.18447193503379822
data/cremad/audio/1017_MTI_NEU_XX.wav,1017_MTI_NEU_XX.wav,1017,train,0,neutral,1,happy,0.18352562189102173
data/cremad/audio/1017_MTI_SAD_XX.wav,1017_MTI_SAD_XX.wav,1017,train,2,sad,1,happy,0.18205319344997406
data/cremad/audio/1017_TAI_ANG_XX.wav,1017_TAI_ANG_XX.wav,1017,train,3,angry,1,happy,0.18368393182754517
data/cremad/audio/1017_TAI_DIS_XX.wav,1017_TAI_DIS_XX.wav,1017,train,5,disgust,1,happy,0.18281914293766022
data/cremad/audio/1017_TAI_FEA_XX.wav,1017_TAI_FEA_XX.wav,1017,train,4,fearful,1,happy,0.18223260343074799
data/cremad/audio/1017_TAI_HAP_XX.wav,1017_TAI_HAP_XX.wav,1017,train,1,happy,1,happy,0.1822662055492401
data/cremad/audio/1017_TAI_NEU_XX.wav,1017_TAI_NEU_XX.wav,1017,train,0,neutral,1,happy,0.18154433369636536
data/cremad/audio/1017_TAI_SAD_XX.wav,1017_TAI_SAD_XX.wav,1017,train,2,sad,1,happy,0.18321985006332397
data/cremad/audio/1017_TIE_ANG_XX.wav,1017_TIE_ANG_XX.wav,1017,train,3,angry,1,happy,0.1788492649793625
data/cremad/audio/1017_TIE_DIS_XX.wav,1017_TIE_DIS_XX.wav,1017,train,5,disgust,1,happy,0.18136560916900635
data/cremad/audio/1017_TIE_FEA_XX.wav,1017_TIE_FEA_XX.wav,1017,train,4,fearful,1,happy,0.18145160377025604
data/cremad/audio/1017_TIE_HAP_XX.wav,1017_TIE_HAP_XX.wav,1017,train,1,happy,1,happy,0.18211349844932556
data/cremad/audio/1017_TIE_NEU_XX.wav,1017_TIE_NEU_XX.wav,1017,train,0,neutral,1,happy,0.1826726347208023
data/cremad/audio/1017_TIE_SAD_XX.wav,1017_TIE_SAD_XX.wav,1017,train,2,sad,1,happy,0.18160440027713776
data/cremad/audio/1017_TSI_ANG_XX.wav,1017_TSI_ANG_XX.wav,1017,train,3,angry,1,happy,0.1812659502029419
data/cremad/audio/1017_TSI_DIS_XX.wav,1017_TSI_DIS_XX.wav,1017,train,5,disgust,3,angry,0.1813073605298996
data/cremad/audio/1017_TSI_FEA_XX.wav,1017_TSI_FEA_XX.wav,1017,train,4,fearful,1,happy,0.18075864017009735
data/cremad/audio/1017_TSI_HAP_XX.wav,1017_TSI_HAP_XX.wav,1017,train,1,happy,1,happy,0.18371877074241638
data/cremad/audio/1017_TSI_NEU_XX.wav,1017_TSI_NEU_XX.wav,1017,train,0,neutral,1,happy,0.1845788210630417
data/cremad/audio/1017_TSI_SAD_XX.wav,1017_TSI_SAD_XX.wav,1017,train,2,sad,1,happy,0.18169528245925903
data/cremad/audio/1017_WSI_ANG_XX.wav,1017_WSI_ANG_XX.wav,1017,train,3,angry,1,happy,0.18285121023654938
data/cremad/audio/1017_WSI_DIS_XX.wav,1017_WSI_DIS_XX.wav,1017,train,5,disgust,1,happy,0.18424195051193237
data/cremad/audio/1017_WSI_FEA_XX.wav,1017_WSI_FEA_XX.wav,1017,train,4,fearful,1,happy,0.1843073070049286
data/cremad/audio/1017_WSI_HAP_XX.wav,1017_WSI_HAP_XX.wav,1017,train,1,happy,1,happy,0.18604637682437897
data/cremad/audio/1017_WSI_NEU_XX.wav,1017_WSI_NEU_XX.wav,1017,train,0,neutral,1,happy,0.18348580598831177
data/cremad/audio/1017_WSI_SAD_XX.wav,1017_WSI_SAD_XX.wav,1017,train,2,sad,1,happy,0.18367643654346466
data/cremad/audio/1018_DFA_ANG_XX.wav,1018_DFA_ANG_XX.wav,1018,train,3,angry,1,happy,0.18506763875484467
data/cremad/audio/1018_DFA_DIS_XX.wav,1018_DFA_DIS_XX.wav,1018,train,5,disgust,1,happy,0.1819232851266861
data/cremad/audio/1018_DFA_FEA_XX.wav,1018_DFA_FEA_XX.wav,1018,train,4,fearful,1,happy,0.18324197828769684
data/cremad/audio/1018_DFA_HAP_XX.wav,1018_DFA_HAP_XX.wav,1018,train,1,happy,1,happy,0.1853889375925064
data/cremad/audio/1018_DFA_NEU_XX.wav,1018_DFA_NEU_XX.wav,1018,train,0,neutral,1,happy,0.18285498023033142
data/cremad/audio/1018_DFA_SAD_XX.wav,1018_DFA_SAD_XX.wav,1018,train,2,sad,1,happy,0.18396331369876862
data/cremad/audio/1018_IEO_ANG_HI.wav,1018_IEO_ANG_HI.wav,1018,train,3,angry,3,angry,0.18580006062984467
data/cremad/audio/1018_IEO_ANG_LO.wav,1018_IEO_ANG_LO.wav,1018,train,3,angry,1,happy,0.18251517415046692
data/cremad/audio/1018_IEO_ANG_MD.wav,1018_IEO_ANG_MD.wav,1018,train,3,angry,1,happy,0.18530985713005066
data/cremad/audio/1018_IEO_DIS_HI.wav,1018_IEO_DIS_HI.wav,1018,train,5,disgust,3,angry,0.18291065096855164
data/cremad/audio/1018_IEO_DIS_LO.wav,1018_IEO_DIS_LO.wav,1018,train,5,disgust,1,happy,0.18296217918395996
data/cremad/audio/1018_IEO_DIS_MD.wav,1018_IEO_DIS_MD.wav,1018,train,5,disgust,1,happy,0.1819862723350525
data/cremad/audio/1018_IEO_FEA_HI.wav,1018_IEO_FEA_HI.wav,1018,train,4,fearful,3,angry,0.1830572634935379
data/cremad/audio/1018_IEO_FEA_LO.wav,1018_IEO_FEA_LO.wav,1018,train,4,fearful,1,happy,0.18323364853858948
data/cremad/audio/1018_IEO_FEA_MD.wav,1018_IEO_FEA_MD.wav,1018,train,4,fearful,1,happy,0.1805112212896347
data/cremad/audio/1018_IEO_HAP_HI.wav,1018_IEO_HAP_HI.wav,1018,train,1,happy,3,angry,0.18549562990665436
data/cremad/audio/1018_IEO_HAP_LO.wav,1018_IEO_HAP_LO.wav,1018,train,1,happy,1,happy,0.183990940451622
data/cremad/audio/1018_IEO_HAP_MD.wav,1018_IEO_HAP_MD.wav,1018,train,1,happy,1,happy,0.18378707766532898
data/cremad/audio/1018_IEO_NEU_XX.wav,1018_IEO_NEU_XX.wav,1018,train,0,neutral,1,happy,0.1827865093946457
data/cremad/audio/1018_IEO_SAD_HI.wav,1018_IEO_SAD_HI.wav,1018,train,2,sad,1,happy,0.18274655938148499
data/cremad/audio/1018_IEO_SAD_LO.wav,1018_IEO_SAD_LO.wav,1018,train,2,sad,1,happy,0.18037450313568115
data/cremad/audio/1018_IEO_SAD_MD.wav,1018_IEO_SAD_MD.wav,1018,train,2,sad,1,happy,0.17999453842639923
data/cremad/audio/1018_IOM_ANG_XX.wav,1018_IOM_ANG_XX.wav,1018,train,3,angry,1,happy,0.18563368916511536
data/cremad/audio/1018_IOM_DIS_XX.wav,1018_IOM_DIS_XX.wav,1018,train,5,disgust,1,happy,0.17965728044509888
data/cremad/audio/1018_IOM_FEA_XX.wav,1018_IOM_FEA_XX.wav,1018,train,4,fearful,1,happy,0.18114319443702698
data/cremad/audio/1018_IOM_HAP_XX.wav,1018_IOM_HAP_XX.wav,1018,train,1,happy,1,happy,0.18294653296470642
data/cremad/audio/1018_IOM_NEU_XX.wav,1018_IOM_NEU_XX.wav,1018,train,0,neutral,1,happy,0.18401119112968445
data/cremad/audio/1018_IOM_SAD_XX.wav,1018_IOM_SAD_XX.wav,1018,train,2,sad,1,happy,0.1815103441476822
data/cremad/audio/1018_ITH_ANG_XX.wav,1018_ITH_ANG_XX.wav,1018,train,3,angry,3,angry,0.18507011234760284
data/cremad/audio/1018_ITH_DIS_XX.wav,1018_ITH_DIS_XX.wav,1018,train,5,disgust,1,happy,0.18174725770950317
data/cremad/audio/1018_ITH_FEA_XX.wav,1018_ITH_FEA_XX.wav,1018,train,4,fearful,1,happy,0.1833903193473816
data/cremad/audio/1018_ITH_HAP_XX.wav,1018_ITH_HAP_XX.wav,1018,train,1,happy,1,happy,0.185598224401474
data/cremad/audio/1018_ITH_NEU_XX.wav,1018_ITH_NEU_XX.wav,1018,train,0,neutral,1,happy,0.18370887637138367
data/cremad/audio/1018_ITH_SAD_XX.wav,1018_ITH_SAD_XX.wav,1018,train,2,sad,1,happy,0.1831815391778946
data/cremad/audio/1018_ITS_ANG_XX.wav,1018_ITS_ANG_XX.wav,1018,train,3,angry,3,angry,0.185153529047966
data/cremad/audio/1018_ITS_DIS_XX.wav,1018_ITS_DIS_XX.wav,1018,train,5,disgust,1,happy,0.18389983475208282
data/cremad/audio/1018_ITS_FEA_XX.wav,1018_ITS_FEA_XX.wav,1018,train,4,fearful,1,happy,0.18429403007030487
data/cremad/audio/1018_ITS_HAP_XX.wav,1018_ITS_HAP_XX.wav,1018,train,1,happy,1,happy,0.18397007882595062
data/cremad/audio/1018_ITS_NEU_XX.wav,1018_ITS_NEU_XX.wav,1018,train,0,neutral,1,happy,0.18165220320224762
data/cremad/audio/1018_ITS_SAD_XX.wav,1018_ITS_SAD_XX.wav,1018,train,2,sad,1,happy,0.18218576908111572
data/cremad/audio/1018_IWL_ANG_XX.wav,1018_IWL_ANG_XX.wav,1018,train,3,angry,3,angry,0.18441876769065857
data/cremad/audio/1018_IWL_DIS_XX.wav,1018_IWL_DIS_XX.wav,1018,train,5,disgust,1,happy,0.1818448007106781
data/cremad/audio/1018_IWL_FEA_XX.wav,1018_IWL_FEA_XX.wav,1018,train,4,fearful,1,happy,0.18424081802368164
data/cremad/audio/1018_IWL_HAP_XX.wav,1018_IWL_HAP_XX.wav,1018,train,1,happy,1,happy,0.1833614706993103
data/cremad/audio/1018_IWL_NEU_XX.wav,1018_IWL_NEU_XX.wav,1018,train,0,neutral,1,happy,0.1842844933271408
data/cremad/audio/1018_IWL_SAD_XX.wav,1018_IWL_SAD_XX.wav,1018,train,2,sad,3,angry,0.18178385496139526
data/cremad/audio/1018_IWW_ANG_XX.wav,1018_IWW_ANG_XX.wav,1018,train,3,angry,3,angry,0.18482621014118195
data/cremad/audio/1018_IWW_DIS_XX.wav,1018_IWW_DIS_XX.wav,1018,train,5,disgust,1,happy,0.18257635831832886
data/cremad/audio/1018_IWW_FEA_XX.wav,1018_IWW_FEA_XX.wav,1018,train,4,fearful,3,angry,0.1839236617088318
data/cremad/audio/1018_IWW_HAP_XX.wav,1018_IWW_HAP_XX.wav,1018,train,1,happy,1,happy,0.18517708778381348
data/cremad/audio/1018_IWW_NEU_XX.wav,1018_IWW_NEU_XX.wav,1018,train,0,neutral,3,angry,0.18347758054733276
data/cremad/audio/1018_IWW_SAD_XX.wav,1018_IWW_SAD_XX.wav,1018,train,2,sad,1,happy,0.18052974343299866
data/cremad/audio/1018_MTI_ANG_XX.wav,1018_MTI_ANG_XX.wav,1018,train,3,angry,3,angry,0.18583518266677856
data/cremad/audio/1018_MTI_DIS_XX.wav,1018_MTI_DIS_XX.wav,1018,train,5,disgust,1,happy,0.18348653614521027
data/cremad/audio/1018_MTI_FEA_XX.wav,1018_MTI_FEA_XX.wav,1018,train,4,fearful,1,happy,0.18451659381389618
data/cremad/audio/1018_MTI_HAP_XX.wav,1018_MTI_HAP_XX.wav,1018,train,1,happy,1,happy,0.1847289502620697
data/cremad/audio/1018_MTI_NEU_XX.wav,1018_MTI_NEU_XX.wav,1018,train,0,neutral,3,angry,0.18544717133045197
data/cremad/audio/1018_MTI_SAD_XX.wav,1018_MTI_SAD_XX.wav,1018,train,2,sad,1,happy,0.18207810819149017
data/cremad/audio/1018_TAI_ANG_XX.wav,1018_TAI_ANG_XX.wav,1018,train,3,angry,1,happy,0.18317076563835144
data/cremad/audio/1018_TAI_DIS_XX.wav,1018_TAI_DIS_XX.wav,1018,train,5,disgust,3,angry,0.18353776633739471
data/cremad/audio/1018_TAI_FEA_XX.wav,1018_TAI_FEA_XX.wav,1018,train,4,fearful,1,happy,0.1848093718290329
data/cremad/audio/1018_TAI_HAP_XX.wav,1018_TAI_HAP_XX.wav,1018,train,1,happy,1,happy,0.1848018765449524
data/cremad/audio/1018_TAI_NEU_XX.wav,1018_TAI_NEU_XX.wav,1018,train,0,neutral,1,happy,0.18233545124530792
data/cremad/audio/1018_TAI_SAD_XX.wav,1018_TAI_SAD_XX.wav,1018,train,2,sad,1,happy,0.18093876540660858
data/cremad/audio/1018_TIE_ANG_XX.wav,1018_TIE_ANG_XX.wav,1018,train,3,angry,3,angry,0.18439200520515442
data/cremad/audio/1018_TIE_DIS_XX.wav,1018_TIE_DIS_XX.wav,1018,train,5,disgust,3,angry,0.1815590262413025
data/cremad/audio/1018_TIE_FEA_XX.wav,1018_TIE_FEA_XX.wav,1018,train,4,fearful,3,angry,0.18329547345638275
data/cremad/audio/1018_TIE_HAP_XX.wav,1018_TIE_HAP_XX.wav,1018,train,1,happy,1,happy,0.18340833485126495
data/cremad/audio/1018_TIE_NEU_XX.wav,1018_TIE_NEU_XX.wav,1018,train,0,neutral,1,happy,0.18119074404239655
data/cremad/audio/1018_TIE_SAD_XX.wav,1018_TIE_SAD_XX.wav,1018,train,2,sad,1,happy,0.17975768446922302
data/cremad/audio/1018_TSI_ANG_XX.wav,1018_TSI_ANG_XX.wav,1018,train,3,angry,1,happy,0.18380485475063324
data/cremad/audio/1018_TSI_DIS_XX.wav,1018_TSI_DIS_XX.wav,1018,train,5,disgust,1,happy,0.18014320731163025
data/cremad/audio/1018_TSI_FEA_XX.wav,1018_TSI_FEA_XX.wav,1018,train,4,fearful,1,happy,0.18483024835586548
data/cremad/audio/1018_TSI_HAP_XX.wav,1018_TSI_HAP_XX.wav,1018,train,1,happy,1,happy,0.1847202479839325
data/cremad/audio/1018_TSI_NEU_XX.wav,1018_TSI_NEU_XX.wav,1018,train,0,neutral,1,happy,0.183745875954628
data/cremad/audio/1018_TSI_SAD_XX.wav,1018_TSI_SAD_XX.wav,1018,train,2,sad,1,happy,0.18230952322483063
data/cremad/audio/1018_WSI_ANG_XX.wav,1018_WSI_ANG_XX.wav,1018,train,3,angry,3,angry,0.18451833724975586
data/cremad/audio/1018_WSI_DIS_XX.wav,1018_WSI_DIS_XX.wav,1018,train,5,disgust,1,happy,0.18270613253116608
data/cremad/audio/1018_WSI_FEA_XX.wav,1018_WSI_FEA_XX.wav,1018,train,4,fearful,1,happy,0.18316927552223206
data/cremad/audio/1018_WSI_HAP_XX.wav,1018_WSI_HAP_XX.wav,1018,train,1,happy,1,happy,0.1836051195859909
data/cremad/audio/1018_WSI_NEU_XX.wav,1018_WSI_NEU_XX.wav,1018,train,0,neutral,1,happy,0.1820627748966217
data/cremad/audio/1018_WSI_SAD_XX.wav,1018_WSI_SAD_XX.wav,1018,train,2,sad,1,happy,0.18150189518928528
data/cremad/audio/1019_DFA_ANG_XX.wav,1019_DFA_ANG_XX.wav,1019,train,3,angry,1,happy,0.1838725209236145
data/cremad/audio/1019_DFA_DIS_XX.wav,1019_DFA_DIS_XX.wav,1019,train,5,disgust,1,happy,0.18322455883026123
data/cremad/audio/1019_DFA_FEA_XX.wav,1019_DFA_FEA_XX.wav,1019,train,4,fearful,1,happy,0.18289008736610413
data/cremad/audio/1019_DFA_HAP_XX.wav,1019_DFA_HAP_XX.wav,1019,train,1,happy,3,angry,0.18304802477359772
data/cremad/audio/1019_DFA_NEU_XX.wav,1019_DFA_NEU_XX.wav,1019,train,0,neutral,1,happy,0.18513880670070648
data/cremad/audio/1019_DFA_SAD_XX.wav,1019_DFA_SAD_XX.wav,1019,train,2,sad,1,happy,0.18232347071170807
data/cremad/audio/1019_IEO_ANG_HI.wav,1019_IEO_ANG_HI.wav,1019,train,3,angry,3,angry,0.18592268228530884
data/cremad/audio/1019_IEO_ANG_LO.wav,1019_IEO_ANG_LO.wav,1019,train,3,angry,1,happy,0.18380413949489594
data/cremad/audio/1019_IEO_ANG_MD.wav,1019_IEO_ANG_MD.wav,1019,train,3,angry,1,happy,0.18294377624988556
data/cremad/audio/1019_IEO_DIS_HI.wav,1019_IEO_DIS_HI.wav,1019,train,5,disgust,1,happy,0.18162097036838531
data/cremad/audio/1019_IEO_DIS_LO.wav,1019_IEO_DIS_LO.wav,1019,train,5,disgust,3,angry,0.18455064296722412
data/cremad/audio/1019_IEO_DIS_MD.wav,1019_IEO_DIS_MD.wav,1019,train,5,disgust,1,happy,0.18271519243717194
data/cremad/audio/1019_IEO_FEA_HI.wav,1019_IEO_FEA_HI.wav,1019,train,4,fearful,3,angry,0.1830064058303833
data/cremad/audio/1019_IEO_FEA_LO.wav,1019_IEO_FEA_LO.wav,1019,train,4,fearful,1,happy,0.18314635753631592
data/cremad/audio/1019_IEO_FEA_MD.wav,1019_IEO_FEA_MD.wav,1019,train,4,fearful,1,happy,0.18215276300907135
data/cremad/audio/1019_IEO_HAP_HI.wav,1019_IEO_HAP_HI.wav,1019,train,1,happy,3,angry,0.1838725358247757
data/cremad/audio/1019_IEO_HAP_LO.wav,1019_IEO_HAP_LO.wav,1019,train,1,happy,1,happy,0.182508647441864
data/cremad/audio/1019_IEO_HAP_MD.wav,1019_IEO_HAP_MD.wav,1019,train,1,happy,1,happy,0.18358124792575836
data/cremad/audio/1019_IEO_NEU_XX.wav,1019_IEO_NEU_XX.wav,1019,train,0,neutral,1,happy,0.18343321979045868
data/cremad/audio/1019_IEO_SAD_HI.wav,1019_IEO_SAD_HI.wav,1019,train,2,sad,1,happy,0.18403294682502747
data/cremad/audio/1019_IEO_SAD_LO.wav,1019_IEO_SAD_LO.wav,1019,train,2,sad,1,happy,0.18235595524311066
data/cremad/audio/1019_IEO_SAD_MD.wav,1019_IEO_SAD_MD.wav,1019,train,2,sad,1,happy,0.1817847043275833
data/cremad/audio/1019_IOM_ANG_XX.wav,1019_IOM_ANG_XX.wav,1019,train,3,angry,3,angry,0.18428507447242737
data/cremad/audio/1019_IOM_DIS_XX.wav,1019_IOM_DIS_XX.wav,1019,train,5,disgust,3,angry,0.18484611809253693
data/cremad/audio/1019_IOM_FEA_XX.wav,1019_IOM_FEA_XX.wav,1019,train,4,fearful,3,angry,0.18243779242038727
data/cremad/audio/1019_IOM_HAP_XX.wav,1019_IOM_HAP_XX.wav,1019,train,1,happy,3,angry,0.18222932517528534
data/cremad/audio/1019_IOM_NEU_XX.wav,1019_IOM_NEU_XX.wav,1019,train,0,neutral,1,happy,0.18348060548305511
data/cremad/audio/1019_IOM_SAD_XX.wav,1019_IOM_SAD_XX.wav,1019,train,2,sad,1,happy,0.1827874332666397
data/cremad/audio/1019_ITS_ANG_XX.wav,1019_ITS_ANG_XX.wav,1019,train,3,angry,1,happy,0.18256601691246033
data/cremad/audio/1019_ITS_DIS_XX.wav,1019_ITS_DIS_XX.wav,1019,train,5,disgust,1,happy,0.18204934895038605
data/cremad/audio/1019_ITS_FEA_XX.wav,1019_ITS_FEA_XX.wav,1019,train,4,fearful,1,happy,0.18224309384822845
data/cremad/audio/1019_ITS_HAP_XX.wav,1019_ITS_HAP_XX.wav,1019,train,1,happy,1,happy,0.18236109614372253
data/cremad/audio/1019_ITS_NEU_XX.wav,1019_ITS_NEU_XX.wav,1019,train,0,neutral,1,happy,0.18455751240253448
data/cremad/audio/1019_ITS_SAD_XX.wav,1019_ITS_SAD_XX.wav,1019,train,2,sad,1,happy,0.1815296709537506
data/cremad/audio/1019_IWL_ANG_XX.wav,1019_IWL_ANG_XX.wav,1019,train,3,angry,3,angry,0.1869504302740097
data/cremad/audio/1019_IWL_DIS_XX.wav,1019_IWL_DIS_XX.wav,1019,train,5,disgust,1,happy,0.18170060217380524
data/cremad/audio/1019_IWL_FEA_XX.wav,1019_IWL_FEA_XX.wav,1019,train,4,fearful,1,happy,0.1836521476507187
data/cremad/audio/1019_IWL_HAP_XX.wav,1019_IWL_HAP_XX.wav,1019,train,1,happy,1,happy,0.18365615606307983
data/cremad/audio/1019_IWL_NEU_XX.wav,1019_IWL_NEU_XX.wav,1019,train,0,neutral,1,happy,0.1826312243938446
data/cremad/audio/1019_IWL_SAD_XX.wav,1019_IWL_SAD_XX.wav,1019,train,2,sad,1,happy,0.18240466713905334
data/cremad/audio/1019_IWW_ANG_XX.wav,1019_IWW_ANG_XX.wav,1019,train,3,angry,3,angry,0.18424922227859497
data/cremad/audio/1019_IWW_DIS_XX.wav,1019_IWW_DIS_XX.wav,1019,train,5,disgust,1,happy,0.1817702054977417
data/cremad/audio/1019_IWW_FEA_XX.wav,1019_IWW_FEA_XX.wav,1019,train,4,fearful,1,happy,0.18311819434165955
data/cremad/audio/1019_IWW_HAP_XX.wav,1019_IWW_HAP_XX.wav,1019,train,1,happy,1,happy,0.182595893740654
data/cremad/audio/1019_IWW_NEU_XX.wav,1019_IWW_NEU_XX.wav,1019,train,0,neutral,1,happy,0.1830350011587143
data/cremad/audio/1019_IWW_SAD_XX.wav,1019_IWW_SAD_XX.wav,1019,train,2,sad,1,happy,0.18149548768997192
data/cremad/audio/1019_MTI_ANG_XX.wav,1019_MTI_ANG_XX.wav,1019,train,3,angry,3,angry,0.18661804497241974
data/cremad/audio/1019_MTI_DIS_XX.wav,1019_MTI_DIS_XX.wav,1019,train,5,disgust,3,angry,0.18276455998420715
data/cremad/audio/1019_MTI_FEA_XX.wav,1019_MTI_FEA_XX.wav,1019,train,4,fearful,1,happy,0.18282605707645416
data/cremad/audio/1019_MTI_HAP_XX.wav,1019_MTI_HAP_XX.wav,1019,train,1,happy,3,angry,0.1832454949617386
data/cremad/audio/1019_MTI_NEU_XX.wav,1019_MTI_NEU_XX.wav,1019,train,0,neutral,1,happy,0.1837235391139984
data/cremad/audio/1019_MTI_SAD_XX.wav,1019_MTI_SAD_XX.wav,1019,train,2,sad,1,happy,0.18205422163009644
data/cremad/audio/1019_TAI_ANG_XX.wav,1019_TAI_ANG_XX.wav,1019,train,3,angry,3,angry,0.18389618396759033
data/cremad/audio/1019_TAI_DIS_XX.wav,1019_TAI_DIS_XX.wav,1019,train,5,disgust,3,angry,0.1836429387331009
data/cremad/audio/1019_TAI_FEA_XX.wav,1019_TAI_FEA_XX.wav,1019,train,4,fearful,1,happy,0.1851145178079605
data/cremad/audio/1019_TAI_HAP_XX.wav,1019_TAI_HAP_XX.wav,1019,train,1,happy,3,angry,0.18252688646316528
data/cremad/audio/1019_TAI_NEU_XX.wav,1019_TAI_NEU_XX.wav,1019,train,0,neutral,1,happy,0.18222865462303162
data/cremad/audio/1019_TAI_SAD_XX.wav,1019_TAI_SAD_XX.wav,1019,train,2,sad,1,happy,0.18219129741191864
data/cremad/audio/1019_TIE_ANG_XX.wav,1019_TIE_ANG_XX.wav,1019,train,3,angry,3,angry,0.18490412831306458
data/cremad/audio/1019_TIE_DIS_XX.wav,1019_TIE_DIS_XX.wav,1019,train,5,disgust,3,angry,0.1827579289674759
data/cremad/audio/1019_TIE_FEA_XX.wav,1019_TIE_FEA_XX.wav,1019,train,4,fearful,1,happy,0.18149971961975098
data/cremad/audio/1019_TIE_HAP_XX.wav,1019_TIE_HAP_XX.wav,1019,train,1,happy,1,happy,0.18164154887199402
data/cremad/audio/1019_TIE_NEU_XX.wav,1019_TIE_NEU_XX.wav,1019,train,0,neutral,1,happy,0.1831846386194229
data/cremad/audio/1019_TIE_SAD_XX.wav,1019_TIE_SAD_XX.wav,1019,train,2,sad,1,happy,0.18090452253818512
data/cremad/audio/1019_TSI_ANG_XX.wav,1019_TSI_ANG_XX.wav,1019,train,3,angry,3,angry,0.18528056144714355
data/cremad/audio/1019_TSI_DIS_XX.wav,1019_TSI_DIS_XX.wav,1019,train,5,disgust,1,happy,0.18150857090950012
data/cremad/audio/1019_TSI_FEA_XX.wav,1019_TSI_FEA_XX.wav,1019,train,4,fearful,1,happy,0.18158239126205444
data/cremad/audio/1019_TSI_HAP_XX.wav,1019_TSI_HAP_XX.wav,1019,train,1,happy,1,happy,0.18366487324237823
data/cremad/audio/1019_TSI_NEU_XX.wav,1019_TSI_NEU_XX.wav,1019,train,0,neutral,1,happy,0.18281833827495575
data/cremad/audio/1019_TSI_SAD_XX.wav,1019_TSI_SAD_XX.wav,1019,train,2,sad,1,happy,0.18247555196285248
data/cremad/audio/1019_WSI_ANG_XX.wav,1019_WSI_ANG_XX.wav,1019,train,3,angry,3,angry,0.1832299679517746
data/cremad/audio/1019_WSI_DIS_XX.wav,1019_WSI_DIS_XX.wav,1019,train,5,disgust,1,happy,0.1829238086938858
data/cremad/audio/1019_WSI_FEA_XX.wav,1019_WSI_FEA_XX.wav,1019,train,4,fearful,1,happy,0.1829519122838974
data/cremad/audio/1019_WSI_HAP_XX.wav,1019_WSI_HAP_XX.wav,1019,train,1,happy,1,happy,0.1833077073097229
data/cremad/audio/1019_WSI_NEU_XX.wav,1019_WSI_NEU_XX.wav,1019,train,0,neutral,3,angry,0.18468646705150604
data/cremad/audio/1019_WSI_SAD_XX.wav,1019_WSI_SAD_XX.wav,1019,train,2,sad,1,happy,0.18256980180740356
data/cremad/audio/1021_DFA_ANG_XX.wav,1021_DFA_ANG_XX.wav,1021,train,3,angry,1,happy,0.1817312389612198
data/cremad/audio/1021_DFA_DIS_XX.wav,1021_DFA_DIS_XX.wav,1021,train,5,disgust,1,happy,0.1792973279953003
data/cremad/audio/1021_DFA_FEA_XX.wav,1021_DFA_FEA_XX.wav,1021,train,4,fearful,1,happy,0.17885586619377136
data/cremad/audio/1021_DFA_HAP_XX.wav,1021_DFA_HAP_XX.wav,1021,train,1,happy,1,happy,0.18225345015525818
data/cremad/audio/1021_DFA_NEU_XX.wav,1021_DFA_NEU_XX.wav,1021,train,0,neutral,1,happy,0.17995616793632507
data/cremad/audio/1021_DFA_SAD_XX.wav,1021_DFA_SAD_XX.wav,1021,train,2,sad,1,happy,0.18013343214988708
data/cremad/audio/1021_IEO_ANG_HI.wav,1021_IEO_ANG_HI.wav,1021,train,3,angry,3,angry,0.18476830422878265
data/cremad/audio/1021_IEO_ANG_LO.wav,1021_IEO_ANG_LO.wav,1021,train,3,angry,1,happy,0.18149010837078094
data/cremad/audio/1021_IEO_ANG_MD.wav,1021_IEO_ANG_MD.wav,1021,train,3,angry,1,happy,0.1824156641960144
data/cremad/audio/1021_IEO_DIS_HI.wav,1021_IEO_DIS_HI.wav,1021,train,5,disgust,1,happy,0.18005846440792084
data/cremad/audio/1021_IEO_DIS_LO.wav,1021_IEO_DIS_LO.wav,1021,train,5,disgust,1,happy,0.1821710169315338
data/cremad/audio/1021_IEO_DIS_MD.wav,1021_IEO_DIS_MD.wav,1021,train,5,disgust,1,happy,0.1809622198343277
data/cremad/audio/1021_IEO_FEA_HI.wav,1021_IEO_FEA_HI.wav,1021,train,4,fearful,1,happy,0.1809995472431183
data/cremad/audio/1021_IEO_FEA_LO.wav,1021_IEO_FEA_LO.wav,1021,train,4,fearful,1,happy,0.18048535287380219
data/cremad/audio/1021_IEO_FEA_MD.wav,1021_IEO_FEA_MD.wav,1021,train,4,fearful,1,happy,0.18158769607543945
data/cremad/audio/1021_IEO_HAP_HI.wav,1021_IEO_HAP_HI.wav,1021,train,1,happy,1,happy,0.1820269376039505
data/cremad/audio/1021_IEO_HAP_LO.wav,1021_IEO_HAP_LO.wav,1021,train,1,happy,1,happy,0.18409466743469238
data/cremad/audio/1021_IEO_HAP_MD.wav,1021_IEO_HAP_MD.wav,1021,train,1,happy,1,happy,0.18216738104820251
data/cremad/audio/1021_IEO_NEU_XX.wav,1021_IEO_NEU_XX.wav,1021,train,0,neutral,1,happy,0.18333539366722107
data/cremad/audio/1021_IEO_SAD_HI.wav,1021_IEO_SAD_HI.wav,1021,train,2,sad,1,happy,0.17916956543922424
data/cremad/audio/1021_IEO_SAD_LO.wav,1021_IEO_SAD_LO.wav,1021,train,2,sad,1,happy,0.1781185269355774
data/cremad/audio/1021_IEO_SAD_MD.wav,1021_IEO_SAD_MD.wav,1021,train,2,sad,3,angry,0.18258334696292877
data/cremad/audio/1021_IOM_ANG_XX.wav,1021_IOM_ANG_XX.wav,1021,train,3,angry,3,angry,0.18587630987167358
data/cremad/audio/1021_IOM_DIS_XX.wav,1021_IOM_DIS_XX.wav,1021,train,5,disgust,1,happy,0.18157055974006653
data/cremad/audio/1021_IOM_FEA_XX.wav,1021_IOM_FEA_XX.wav,1021,train,4,fearful,3,angry,0.18217997252941132
data/cremad/audio/1021_IOM_HAP_XX.wav,1021_IOM_HAP_XX.wav,1021,train,1,happy,1,happy,0.18371611833572388
data/cremad/audio/1021_IOM_NEU_XX.wav,1021_IOM_NEU_XX.wav,1021,train,0,neutral,1,happy,0.18469136953353882
data/cremad/audio/1021_IOM_SAD_XX.wav,1021_IOM_SAD_XX.wav,1021,train,2,sad,1,happy,0.17983373999595642
data/cremad/audio/1021_ITH_ANG_XX.wav,1021_ITH_ANG_XX.wav,1021,train,3,angry,1,happy,0.18273311853408813
data/cremad/audio/1021_ITH_DIS_XX.wav,1021_ITH_DIS_XX.wav,1021,train,5,disgust,1,happy,0.18104203045368195
data/cremad/audio/1021_ITH_FEA_XX.wav,1021_ITH_FEA_XX.wav,1021,train,4,fearful,1,happy,0.18064406514167786
data/cremad/audio/1021_ITH_HAP_XX.wav,1021_ITH_HAP_XX.wav,1021,train,1,happy,1,happy,0.1808735877275467
data/cremad/audio/1021_ITH_NEU_XX.wav,1021_ITH_NEU_XX.wav,1021,train,0,neutral,1,happy,0.18321825563907623
data/cremad/audio/1021_ITH_SAD_XX.wav,1021_ITH_SAD_XX.wav,1021,train,2,sad,1,happy,0.18234935402870178
data/cremad/audio/1021_ITS_ANG_XX.wav,1021_ITS_ANG_XX.wav,1021,train,3,angry,1,happy,0.18118315935134888
data/cremad/audio/1021_ITS_DIS_XX.wav,1021_ITS_DIS_XX.wav,1021,train,5,disgust,1,happy,0.18144850432872772
data/cremad/audio/1021_ITS_FEA_XX.wav,1021_ITS_FEA_XX.wav,1021,train,4,fearful,1,happy,0.1809212863445282
data/cremad/audio/1021_ITS_HAP_XX.wav,1021_ITS_HAP_XX.wav,1021,train,1,happy,1,happy,0.18310563266277313
data/cremad/audio/1021_ITS_NEU_XX.wav,1021_ITS_NEU_XX.wav,1021,train,0,neutral,1,happy,0.1822306364774704
data/cremad/audio/1021_ITS_SAD_XX.wav,1021_ITS_SAD_XX.wav,1021,train,2,sad,1,happy,0.18117737770080566
data/cremad/audio/1021_IWL_ANG_XX.wav,1021_IWL_ANG_XX.wav,1021,train,3,angry,1,happy,0.1841871589422226
data/cremad/audio/1021_IWL_DIS_XX.wav,1021_IWL_DIS_XX.wav,1021,train,5,disgust,1,happy,0.1815987080335617
data/cremad/audio/1021_IWL_FEA_XX.wav,1021_IWL_FEA_XX.wav,1021,train,4,fearful,1,happy,0.18304762244224548
data/cremad/audio/1021_IWL_HAP_XX.wav,1021_IWL_HAP_XX.wav,1021,train,1,happy,3,angry,0.1845272034406662
data/cremad/audio/1021_IWL_NEU_XX.wav,1021_IWL_NEU_XX.wav,1021,train,0,neutral,1,happy,0.18352645635604858
data/cremad/audio/1021_IWL_SAD_XX.wav,1021_IWL_SAD_XX.wav,1021,train,2,sad,1,happy,0.18026816844940186
data/cremad/audio/1021_IWW_ANG_XX.wav,1021_IWW_ANG_XX.wav,1021,train,3,angry,1,happy,0.18316425383090973
data/cremad/audio/1021_IWW_DIS_XX.wav,1021_IWW_DIS_XX.wav,1021,train,5,disgust,1,happy,0.18022003769874573
data/cremad/audio/1021_IWW_FEA_XX.wav,1021_IWW_FEA_XX.wav,1021,train,4,fearful,1,happy,0.18175578117370605
data/cremad/audio/1021_IWW_HAP_XX.wav,1021_IWW_HAP_XX.wav,1021,train,1,happy,1,happy,0.18093770742416382
data/cremad/audio/1021_IWW_NEU_XX.wav,1021_IWW_NEU_XX.wav,1021,train,0,neutral,1,happy,0.18104201555252075
data/cremad/audio/1021_IWW_SAD_XX.wav,1021_IWW_SAD_XX.wav,1021,train,2,sad,1,happy,0.18163444101810455
data/cremad/audio/1021_MTI_ANG_XX.wav,1021_MTI_ANG_XX.wav,1021,train,3,angry,3,angry,0.18262028694152832
data/cremad/audio/1021_MTI_DIS_XX.wav,1021_MTI_DIS_XX.wav,1021,train,5,disgust,1,happy,0.18110637366771698
data/cremad/audio/1021_MTI_FEA_XX.wav,1021_MTI_FEA_XX.wav,1021,train,4,fearful,1,happy,0.18005195260047913
data/cremad/audio/1021_MTI_HAP_XX.wav,1021_MTI_HAP_XX.wav,1021,train,1,happy,1,happy,0.18139660358428955
data/cremad/audio/1021_MTI_NEU_XX.wav,1021_MTI_NEU_XX.wav,1021,train,0,neutral,1,happy,0.18025915324687958
data/cremad/audio/1021_MTI_SAD_XX.wav,1021_MTI_SAD_XX.wav,1021,train,2,sad,3,angry,0.18176960945129395
data/cremad/audio/1021_TAI_ANG_XX.wav,1021_TAI_ANG_XX.wav,1021,train,3,angry,3,angry,0.18248844146728516
data/cremad/audio/1021_TAI_DIS_XX.wav,1021_TAI_DIS_XX.wav,1021,train,5,disgust,1,happy,0.18023337423801422
data/cremad/audio/1021_TAI_FEA_XX.wav,1021_TAI_FEA_XX.wav,1021,train,4,fearful,1,happy,0.18075904250144958
data/cremad/audio/1021_TAI_HAP_XX.wav,1021_TAI_HAP_XX.wav,1021,train,1,happy,1,happy,0.18181847035884857
data/cremad/audio/1021_TAI_NEU_XX.wav,1021_TAI_NEU_XX.wav,1021,train,0,neutral,3,angry,0.18079204857349396
data/cremad/audio/1021_TAI_SAD_XX.wav,1021_TAI_SAD_XX.wav,1021,train,2,sad,1,happy,0.18224190175533295
data/cremad/audio/1021_TIE_ANG_XX.wav,1021_TIE_ANG_XX.wav,1021,train,3,angry,3,angry,0.18166731297969818
data/cremad/audio/1021_TIE_DIS_XX.wav,1021_TIE_DIS_XX.wav,1021,train,5,disgust,3,angry,0.17828604578971863
data/cremad/audio/1021_TIE_FEA_XX.wav,1021_TIE_FEA_XX.wav,1021,train,4,fearful,1,happy,0.18079780042171478
data/cremad/audio/1021_TIE_HAP_XX.wav,1021_TIE_HAP_XX.wav,1021,train,1,happy,1,happy,0.1809491515159607
data/cremad/audio/1021_TIE_NEU_XX.wav,1021_TIE_NEU_XX.wav,1021,train,0,neutral,1,happy,0.1814776360988617
data/cremad/audio/1021_TIE_SAD_XX.wav,1021_TIE_SAD_XX.wav,1021,train,2,sad,1,happy,0.18075917661190033
data/cremad/audio/1021_TSI_ANG_XX.wav,1021_TSI_ANG_XX.wav,1021,train,3,angry,3,angry,0.18219314515590668
data/cremad/audio/1021_TSI_DIS_XX.wav,1021_TSI_DIS_XX.wav,1021,train,5,disgust,1,happy,0.1791943460702896
data/cremad/audio/1021_TSI_FEA_XX.wav,1021_TSI_FEA_XX.wav,1021,train,4,fearful,1,happy,0.18058431148529053
data/cremad/audio/1021_TSI_HAP_XX.wav,1021_TSI_HAP_XX.wav,1021,train,1,happy,1,happy,0.18016715347766876
data/cremad/audio/1021_TSI_NEU_XX.wav,1021_TSI_NEU_XX.wav,1021,train,0,neutral,1,happy,0.1807255893945694
data/cremad/audio/1021_TSI_SAD_XX.wav,1021_TSI_SAD_XX.wav,1021,train,2,sad,1,happy,0.17819857597351074
data/cremad/audio/1021_WSI_ANG_XX.wav,1021_WSI_ANG_XX.wav,1021,train,3,angry,3,angry,0.18559445440769196
data/cremad/audio/1021_WSI_DIS_XX.wav,1021_WSI_DIS_XX.wav,1021,train,5,disgust,1,happy,0.1804175078868866
data/cremad/audio/1021_WSI_FEA_XX.wav,1021_WSI_FEA_XX.wav,1021,train,4,fearful,1,happy,0.17959512770175934
data/cremad/audio/1021_WSI_HAP_XX.wav,1021_WSI_HAP_XX.wav,1021,train,1,happy,1,happy,0.18253107368946075
data/cremad/audio/1021_WSI_NEU_XX.wav,1021_WSI_NEU_XX.wav,1021,train,0,neutral,1,happy,0.18255703151226044
data/cremad/audio/1021_WSI_SAD_XX.wav,1021_WSI_SAD_XX.wav,1021,train,2,sad,1,happy,0.1824169158935547
data/cremad/audio/1022_DFA_ANG_XX.wav,1022_DFA_ANG_XX.wav,1022,train,3,angry,3,angry,0.18689458072185516
data/cremad/audio/1022_DFA_DIS_XX.wav,1022_DFA_DIS_XX.wav,1022,train,5,disgust,3,angry,0.18275585770606995
data/cremad/audio/1022_DFA_FEA_XX.wav,1022_DFA_FEA_XX.wav,1022,train,4,fearful,1,happy,0.18307945132255554
data/cremad/audio/1022_DFA_HAP_XX.wav,1022_DFA_HAP_XX.wav,1022,train,1,happy,1,happy,0.18243363499641418
data/cremad/audio/1022_DFA_NEU_XX.wav,1022_DFA_NEU_XX.wav,1022,train,0,neutral,3,angry,0.18496091663837433
data/cremad/audio/1022_DFA_SAD_XX.wav,1022_DFA_SAD_XX.wav,1022,train,2,sad,1,happy,0.181841641664505
data/cremad/audio/1022_IEO_ANG_HI.wav,1022_IEO_ANG_HI.wav,1022,train,3,angry,3,angry,0.18712756037712097
data/cremad/audio/1022_IEO_ANG_LO.wav,1022_IEO_ANG_LO.wav,1022,train,3,angry,3,angry,0.18667173385620117
data/cremad/audio/1022_IEO_ANG_MD.wav,1022_IEO_ANG_MD.wav,1022,train,3,angry,3,angry,0.1864333152770996
data/cremad/audio/1022_IEO_DIS_HI.wav,1022_IEO_DIS_HI.wav,1022,train,5,disgust,1,happy,0.18424512445926666
data/cremad/audio/1022_IEO_DIS_LO.wav,1022_IEO_DIS_LO.wav,1022,train,5,disgust,1,happy,0.18333883583545685
data/cremad/audio/1022_IEO_DIS_MD.wav,1022_IEO_DIS_MD.wav,1022,train,5,disgust,1,happy,0.1846112757921219
data/cremad/audio/1022_IEO_FEA_HI.wav,1022_IEO_FEA_HI.wav,1022,train,4,fearful,1,happy,0.18501801788806915
data/cremad/audio/1022_IEO_FEA_LO.wav,1022_IEO_FEA_LO.wav,1022,train,4,fearful,1,happy,0.18416981399059296
data/cremad/audio/1022_IEO_FEA_MD.wav,1022_IEO_FEA_MD.wav,1022,train,4,fearful,1,happy,0.18247488141059875
data/cremad/audio/1022_IEO_HAP_HI.wav,1022_IEO_HAP_HI.wav,1022,train,1,happy,1,happy,0.1851498782634735
data/cremad/audio/1022_IEO_HAP_LO.wav,1022_IEO_HAP_LO.wav,1022,train,1,happy,1,happy,0.1841472089290619
data/cremad/audio/1022_IEO_HAP_MD.wav,1022_IEO_HAP_MD.wav,1022,train,1,happy,1,happy,0.18266843259334564
data/cremad/audio/1022_IEO_NEU_XX.wav,1022_IEO_NEU_XX.wav,1022,train,0,neutral,1,happy,0.1849602609872818
data/cremad/audio/1022_IEO_SAD_HI.wav,1022_IEO_SAD_HI.wav,1022,train,2,sad,3,angry,0.1829836368560791
data/cremad/audio/1022_IEO_SAD_LO.wav,1022_IEO_SAD_LO.wav,1022,train,2,sad,1,happy,0.18280884623527527
data/cremad/audio/1022_IEO_SAD_MD.wav,1022_IEO_SAD_MD.wav,1022,train,2,sad,1,happy,0.181853249669075
data/cremad/audio/1022_IOM_ANG_XX.wav,1022_IOM_ANG_XX.wav,1022,train,3,angry,3,angry,0.18769823014736176
data/cremad/audio/1022_IOM_DIS_XX.wav,1022_IOM_DIS_XX.wav,1022,train,5,disgust,3,angry,0.18238118290901184
data/cremad/audio/1022_IOM_FEA_XX.wav,1022_IOM_FEA_XX.wav,1022,train,4,fearful,1,happy,0.1825534999370575
data/cremad/audio/1022_IOM_HAP_XX.wav,1022_IOM_HAP_XX.wav,1022,train,1,happy,1,happy,0.1833692491054535
data/cremad/audio/1022_IOM_NEU_XX.wav,1022_IOM_NEU_XX.wav,1022,train,0,neutral,1,happy,0.18436311185359955
data/cremad/audio/1022_IOM_SAD_XX.wav,1022_IOM_SAD_XX.wav,1022,train,2,sad,1,happy,0.18315626680850983
data/cremad/audio/1022_ITH_ANG_XX.wav,1022_ITH_ANG_XX.wav,1022,train,3,angry,3,angry,0.19073785841464996
data/cremad/audio/1022_ITH_DIS_XX.wav,1022_ITH_DIS_XX.wav,1022,train,5,disgust,1,happy,0.18212924897670746
data/cremad/audio/1022_ITH_FEA_XX.wav,1022_ITH_FEA_XX.wav,1022,train,4,fearful,3,angry,0.18359863758087158
data/cremad/audio/1022_ITH_HAP_XX.wav,1022_ITH_HAP_XX.wav,1022,train,1,happy,1,happy,0.18466967344284058
data/cremad/audio/1022_ITH_NEU_XX.wav,1022_ITH_NEU_XX.wav,1022,train,0,neutral,3,angry,0.18473179638385773
data/cremad/audio/1022_ITH_SAD_XX.wav,1022_ITH_SAD_XX.wav,1022,train,2,sad,1,happy,0.18244272470474243
data/cremad/audio/1022_ITS_ANG_XX.wav,1022_ITS_ANG_XX.wav,1022,train,3,angry,3,angry,0.1873154491186142
data/cremad/audio/1022_ITS_DIS_XX.wav,1022_ITS_DIS_XX.wav,1022,train,5,disgust,1,happy,0.18300677835941315
data/cremad/audio/1022_ITS_FEA_XX.wav,1022_ITS_FEA_XX.wav,1022,train,4,fearful,1,happy,0.18176525831222534
data/cremad/audio/1022_ITS_HAP_XX.wav,1022_ITS_HAP_XX.wav,1022,train,1,happy,1,happy,0.18341343104839325
data/cremad/audio/1022_ITS_NEU_XX.wav,1022_ITS_NEU_XX.wav,1022,train,0,neutral,1,happy,0.18233618140220642
data/cremad/audio/1022_ITS_SAD_XX.wav,1022_ITS_SAD_XX.wav,1022,train,2,sad,1,happy,0.1824273318052292
data/cremad/audio/1022_IWL_ANG_XX.wav,1022_IWL_ANG_XX.wav,1022,train,3,angry,3,angry,0.18888342380523682
data/cremad/audio/1022_IWL_DIS_XX.wav,1022_IWL_DIS_XX.wav,1022,train,5,disgust,1,happy,0.1845838874578476
data/cremad/audio/1022_IWL_FEA_XX.wav,1022_IWL_FEA_XX.wav,1022,train,4,fearful,1,happy,0.18344111740589142
data/cremad/audio/1022_IWL_HAP_XX.wav,1022_IWL_HAP_XX.wav,1022,train,1,happy,3,angry,0.18412424623966217
data/cremad/audio/1022_IWL_NEU_XX.wav,1022_IWL_NEU_XX.wav,1022,train,0,neutral,1,happy,0.1844549924135208
data/cremad/audio/1022_IWL_SAD_XX.wav,1022_IWL_SAD_XX.wav,1022,train,2,sad,1,happy,0.1847204566001892
data/cremad/audio/1022_IWW_ANG_XX.wav,1022_IWW_ANG_XX.wav,1022,train,3,angry,3,angry,0.18618135154247284
data/cremad/audio/1022_IWW_DIS_XX.wav,1022_IWW_DIS_XX.wav,1022,train,5,disgust,3,angry,0.18459190428256989
data/cremad/audio/1022_IWW_FEA_XX.wav,1022_IWW_FEA_XX.wav,1022,train,4,fearful,1,happy,0.18270796537399292
data/cremad/audio/1022_IWW_HAP_XX.wav,1022_IWW_HAP_XX.wav,1022,train,1,happy,1,happy,0.18342813849449158
data/cremad/audio/1022_IWW_NEU_XX.wav,1022_IWW_NEU_XX.wav,1022,train,0,neutral,1,happy,0.18459324538707733
data/cremad/audio/1022_IWW_SAD_XX.wav,1022_IWW_SAD_XX.wav,1022,train,2,sad,1,happy,0.18420211970806122
data/cremad/audio/1022_MTI_ANG_XX.wav,1022_MTI_ANG_XX.wav,1022,train,3,angry,3,angry,0.18420349061489105
data/cremad/audio/1022_MTI_DIS_XX.wav,1022_MTI_DIS_XX.wav,1022,train,5,disgust,3,angry,0.18347375094890594
data/cremad/audio/1022_MTI_FEA_XX.wav,1022_MTI_FEA_XX.wav,1022,train,4,fearful,3,angry,0.18552693724632263
data/cremad/audio/1022_MTI_HAP_XX.wav,1022_MTI_HAP_XX.wav,1022,train,1,happy,3,angry,0.18399538099765778
data/cremad/audio/1022_MTI_NEU_XX.wav,1022_MTI_NEU_XX.wav,1022,train,0,neutral,1,happy,0.1837848424911499
data/cremad/audio/1022_MTI_SAD_XX.wav,1022_MTI_SAD_XX.wav,1022,train,2,sad,3,angry,0.1840500831604004
data/cremad/audio/1022_TAI_ANG_XX.wav,1022_TAI_ANG_XX.wav,1022,train,3,angry,3,angry,0.18672558665275574
data/cremad/audio/1022_TAI_DIS_XX.wav,1022_TAI_DIS_XX.wav,1022,train,5,disgust,3,angry,0.18447193503379822
data/cremad/audio/1022_TAI_FEA_XX.wav,1022_TAI_FEA_XX.wav,1022,train,4,fearful,3,angry,0.1841410994529724
data/cremad/audio/1022_TAI_HAP_XX.wav,1022_TAI_HAP_XX.wav,1022,train,1,happy,3,angry,0.18308527767658234
data/cremad/audio/1022_TAI_NEU_XX.wav,1022_TAI_NEU_XX.wav,1022,train,0,neutral,1,happy,0.18253494799137115
data/cremad/audio/1022_TAI_SAD_XX.wav,1022_TAI_SAD_XX.wav,1022,train,2,sad,1,happy,0.18226401507854462
data/cremad/audio/1022_TIE_ANG_XX.wav,1022_TIE_ANG_XX.wav,1022,train,3,angry,3,angry,0.18998834490776062
data/cremad/audio/1022_TIE_DIS_XX.wav,1022_TIE_DIS_XX.wav,1022,train,5,disgust,3,angry,0.18455463647842407
data/cremad/audio/1022_TIE_FEA_XX.wav,1022_TIE_FEA_XX.wav,1022,train,4,fearful,1,happy,0.1807742863893509
data/cremad/audio/1022_TIE_HAP_XX.wav,1022_TIE_HAP_XX.wav,1022,train,1,happy,3,angry,0.18513889610767365
data/cremad/audio/1022_TIE_NEU_XX.wav,1022_TIE_NEU_XX.wav,1022,train,0,neutral,3,angry,0.1836348921060562
data/cremad/audio/1022_TIE_SAD_XX.wav,1022_TIE_SAD_XX.wav,1022,train,2,sad,3,angry,0.18230901658535004
data/cremad/audio/1022_TSI_ANG_XX.wav,1022_TSI_ANG_XX.wav,1022,train,3,angry,3,angry,0.18520398437976837
data/cremad/audio/1022_TSI_DIS_XX.wav,1022_TSI_DIS_XX.wav,1022,train,5,disgust,3,angry,0.18360131978988647
data/cremad/audio/1022_TSI_FEA_XX.wav,1022_TSI_FEA_XX.wav,1022,train,4,fearful,1,happy,0.1828620284795761
data/cremad/audio/1022_TSI_HAP_XX.wav,1022_TSI_HAP_XX.wav,1022,train,1,happy,3,angry,0.18633463978767395
data/cremad/audio/1022_TSI_NEU_XX.wav,1022_TSI_NEU_XX.wav,1022,train,0,neutral,1,happy,0.18213708698749542
data/cremad/audio/1022_TSI_SAD_XX.wav,1022_TSI_SAD_XX.wav,1022,train,2,sad,1,happy,0.18028627336025238
data/cremad/audio/1022_WSI_ANG_XX.wav,1022_WSI_ANG_XX.wav,1022,train,3,angry,1,happy,0.18468327820301056
data/cremad/audio/1022_WSI_DIS_XX.wav,1022_WSI_DIS_XX.wav,1022,train,5,disgust,1,happy,0.18331415951251984
data/cremad/audio/1022_WSI_FEA_XX.wav,1022_WSI_FEA_XX.wav,1022,train,4,fearful,1,happy,0.18187838792800903
data/cremad/audio/1022_WSI_HAP_XX.wav,1022_WSI_HAP_XX.wav,1022,train,1,happy,1,happy,0.18295352160930634
data/cremad/audio/1022_WSI_NEU_XX.wav,1022_WSI_NEU_XX.wav,1022,train,0,neutral,3,angry,0.1829228550195694
data/cremad/audio/1022_WSI_SAD_XX.wav,1022_WSI_SAD_XX.wav,1022,train,2,sad,1,happy,0.1816430389881134
data/cremad/audio/1024_DFA_ANG_XX.wav,1024_DFA_ANG_XX.wav,1024,train,3,angry,1,happy,0.18237519264221191
data/cremad/audio/1024_DFA_DIS_XX.wav,1024_DFA_DIS_XX.wav,1024,train,5,disgust,1,happy,0.1802835464477539
data/cremad/audio/1024_DFA_FEA_XX.wav,1024_DFA_FEA_XX.wav,1024,train,4,fearful,1,happy,0.18100333213806152
data/cremad/audio/1024_DFA_HAP_XX.wav,1024_DFA_HAP_XX.wav,1024,train,1,happy,1,happy,0.18286262452602386
data/cremad/audio/1024_DFA_NEU_XX.wav,1024_DFA_NEU_XX.wav,1024,train,0,neutral,1,happy,0.18200963735580444
data/cremad/audio/1024_DFA_SAD_XX.wav,1024_DFA_SAD_XX.wav,1024,train,2,sad,1,happy,0.1815241426229477
data/cremad/audio/1024_IEO_ANG_HI.wav,1024_IEO_ANG_HI.wav,1024,train,3,angry,3,angry,0.18516671657562256
data/cremad/audio/1024_IEO_ANG_LO.wav,1024_IEO_ANG_LO.wav,1024,train,3,angry,1,happy,0.18309585750102997
data/cremad/audio/1024_IEO_ANG_MD.wav,1024_IEO_ANG_MD.wav,1024,train,3,angry,1,happy,0.18357208371162415
data/cremad/audio/1024_IEO_DIS_HI.wav,1024_IEO_DIS_HI.wav,1024,train,5,disgust,3,angry,0.18214623630046844
data/cremad/audio/1024_IEO_DIS_LO.wav,1024_IEO_DIS_LO.wav,1024,train,5,disgust,1,happy,0.18182790279388428
data/cremad/audio/1024_IEO_DIS_MD.wav,1024_IEO_DIS_MD.wav,1024,train,5,disgust,3,angry,0.18282818794250488
data/cremad/audio/1024_IEO_FEA_HI.wav,1024_IEO_FEA_HI.wav,1024,train,4,fearful,3,angry,0.18477602303028107
data/cremad/audio/1024_IEO_FEA_LO.wav,1024_IEO_FEA_LO.wav,1024,train,4,fearful,1,happy,0.18145230412483215
data/cremad/audio/1024_IEO_FEA_MD.wav,1024_IEO_FEA_MD.wav,1024,train,4,fearful,1,happy,0.17945531010627747
data/cremad/audio/1024_IEO_HAP_HI.wav,1024_IEO_HAP_HI.wav,1024,train,1,happy,1,happy,0.18242387473583221
data/cremad/audio/1024_IEO_HAP_LO.wav,1024_IEO_HAP_LO.wav,1024,train,1,happy,1,happy,0.18233834207057953
data/cremad/audio/1024_IEO_HAP_MD.wav,1024_IEO_HAP_MD.wav,1024,train,1,happy,1,happy,0.18374387919902802
data/cremad/audio/1024_IEO_NEU_XX.wav,1024_IEO_NEU_XX.wav,1024,train,0,neutral,1,happy,0.18185481429100037
data/cremad/audio/1024_IEO_SAD_HI.wav,1024_IEO_SAD_HI.wav,1024,train,2,sad,1,happy,0.1820734292268753
data/cremad/audio/1024_IEO_SAD_LO.wav,1024_IEO_SAD_LO.wav,1024,train,2,sad,1,happy,0.1818494349718094
data/cremad/audio/1024_IEO_SAD_MD.wav,1024_IEO_SAD_MD.wav,1024,train,2,sad,1,happy,0.18025369942188263
data/cremad/audio/1024_IOM_ANG_XX.wav,1024_IOM_ANG_XX.wav,1024,train,3,angry,1,happy,0.1832829713821411
data/cremad/audio/1024_IOM_DIS_XX.wav,1024_IOM_DIS_XX.wav,1024,train,5,disgust,1,happy,0.18236355483531952
data/cremad/audio/1024_IOM_FEA_XX.wav,1024_IOM_FEA_XX.wav,1024,train,4,fearful,1,happy,0.1821713149547577
data/cremad/audio/1024_IOM_HAP_XX.wav,1024_IOM_HAP_XX.wav,1024,train,1,happy,1,happy,0.1832411140203476
data/cremad/audio/1024_IOM_NEU_XX.wav,1024_IOM_NEU_XX.wav,1024,train,0,neutral,1,happy,0.1836187094449997
data/cremad/audio/1024_IOM_SAD_XX.wav,1024_IOM_SAD_XX.wav,1024,train,2,sad,1,happy,0.18258723616600037
data/cremad/audio/1024_ITH_ANG_XX.wav,1024_ITH_ANG_XX.wav,1024,train,3,angry,1,happy,0.18310074508190155
data/cremad/audio/1024_ITH_DIS_XX.wav,1024_ITH_DIS_XX.wav,1024,train,5,disgust,1,happy,0.1819206029176712
data/cremad/audio/1024_ITH_FEA_XX.wav,1024_ITH_FEA_XX.wav,1024,train,4,fearful,1,happy,0.18064911663532257
data/cremad/audio/1024_ITH_HAP_XX.wav,1024_ITH_HAP_XX.wav,1024,train,1,happy,1,happy,0.18395085632801056
data/cremad/audio/1024_ITH_NEU_XX.wav,1024_ITH_NEU_XX.wav,1024,train,0,neutral,1,happy,0.18209724128246307
data/cremad/audio/1024_ITH_SAD_XX.wav,1024_ITH_SAD_XX.wav,1024,train,2,sad,1,happy,0.18221482634544373
data/cremad/audio/1024_ITS_ANG_XX.wav,1024_ITS_ANG_XX.wav,1024,train,3,angry,1,happy,0.18362241983413696
data/cremad/audio/1024_ITS_DIS_XX.wav,1024_ITS_DIS_XX.wav,1024,train,5,disgust,1,happy,0.18238601088523865
data/cremad/audio/1024_ITS_FEA_XX.wav,1024_ITS_FEA_XX.wav,1024,train,4,fearful,1,happy,0.18303033709526062
data/cremad/audio/1024_ITS_HAP_XX.wav,1024_ITS_HAP_XX.wav,1024,train,1,happy,1,happy,0.18386447429656982
data/cremad/audio/1024_ITS_NEU_XX.wav,1024_ITS_NEU_XX.wav,1024,train,0,neutral,1,happy,0.18490047752857208
data/cremad/audio/1024_ITS_SAD_XX.wav,1024_ITS_SAD_XX.wav,1024,train,2,sad,1,happy,0.18263503909111023
data/cremad/audio/1024_IWL_ANG_XX.wav,1024_IWL_ANG_XX.wav,1024,train,3,angry,3,angry,0.18501147627830505
data/cremad/audio/1024_IWL_DIS_XX.wav,1024_IWL_DIS_XX.wav,1024,train,5,disgust,1,happy,0.18221472203731537
data/cremad/audio/1024_IWL_FEA_XX.wav,1024_IWL_FEA_XX.wav,1024,train,4,fearful,1,happy,0.18316976726055145
data/cremad/audio/1024_IWL_HAP_XX.wav,1024_IWL_HAP_XX.wav,1024,train,1,happy,1,happy,0.18399427831172943
data/cremad/audio/1024_IWL_NEU_XX.wav,1024_IWL_NEU_XX.wav,1024,train,0,neutral,1,happy,0.18369339406490326
data/cremad/audio/1024_IWL_SAD_XX.wav,1024_IWL_SAD_XX.wav,1024,train,2,sad,1,happy,0.18190905451774597
data/cremad/audio/1024_IWW_ANG_XX.wav,1024_IWW_ANG_XX.wav,1024,train,3,angry,1,happy,0.18299151957035065
data/cremad/audio/1024_IWW_DIS_XX.wav,1024_IWW_DIS_XX.wav,1024,train,5,disgust,1,happy,0.18269631266593933
data/cremad/audio/1024_IWW_FEA_XX.wav,1024_IWW_FEA_XX.wav,1024,train,4,fearful,1,happy,0.18355584144592285
data/cremad/audio/1024_IWW_HAP_XX.wav,1024_IWW_HAP_XX.wav,1024,train,1,happy,1,happy,0.1847497671842575
data/cremad/audio/1024_IWW_NEU_XX.wav,1024_IWW_NEU_XX.wav,1024,train,0,neutral,1,happy,0.18235068023204803
data/cremad/audio/1024_IWW_SAD_XX.wav,1024_IWW_SAD_XX.wav,1024,train,2,sad,1,happy,0.1815512478351593
data/cremad/audio/1024_MTI_ANG_XX.wav,1024_MTI_ANG_XX.wav,1024,train,3,angry,3,angry,0.18352940678596497
data/cremad/audio/1024_MTI_DIS_XX.wav,1024_MTI_DIS_XX.wav,1024,train,5,disgust,3,angry,0.18058669567108154
data/cremad/audio/1024_MTI_FEA_XX.wav,1024_MTI_FEA_XX.wav,1024,train,4,fearful,1,happy,0.18193461000919342
data/cremad/audio/1024_MTI_HAP_XX.wav,1024_MTI_HAP_XX.wav,1024,train,1,happy,1,happy,0.18295395374298096
data/cremad/audio/1024_MTI_NEU_XX.wav,1024_MTI_NEU_XX.wav,1024,train,0,neutral,1,happy,0.1823846399784088
data/cremad/audio/1024_MTI_SAD_XX.wav,1024_MTI_SAD_XX.wav,1024,train,2,sad,1,happy,0.18163235485553741
data/cremad/audio/1024_TAI_ANG_XX.wav,1024_TAI_ANG_XX.wav,1024,train,3,angry,1,happy,0.18372106552124023
data/cremad/audio/1024_TAI_DIS_XX.wav,1024_TAI_DIS_XX.wav,1024,train,5,disgust,1,happy,0.1821039617061615
data/cremad/audio/1024_TAI_FEA_XX.wav,1024_TAI_FEA_XX.wav,1024,train,4,fearful,1,happy,0.1818220019340515
data/cremad/audio/1024_TAI_HAP_XX.wav,1024_TAI_HAP_XX.wav,1024,train,1,happy,1,happy,0.183695986866951
data/cremad/audio/1024_TAI_NEU_XX.wav,1024_TAI_NEU_XX.wav,1024,train,0,neutral,1,happy,0.1838071048259735
data/cremad/audio/1024_TAI_SAD_XX.wav,1024_TAI_SAD_XX.wav,1024,train,2,sad,1,happy,0.18249228596687317
data/cremad/audio/1024_TIE_ANG_XX.wav,1024_TIE_ANG_XX.wav,1024,train,3,angry,1,happy,0.18130028247833252
data/cremad/audio/1024_TIE_DIS_XX.wav,1024_TIE_DIS_XX.wav,1024,train,5,disgust,1,happy,0.17943543195724487
data/cremad/audio/1024_TIE_FEA_XX.wav,1024_TIE_FEA_XX.wav,1024,train,4,fearful,1,happy,0.1814308613538742
data/cremad/audio/1024_TIE_HAP_XX.wav,1024_TIE_HAP_XX.wav,1024,train,1,happy,1,happy,0.18183095753192902
data/cremad/audio/1024_TIE_NEU_XX.wav,1024_TIE_NEU_XX.wav,1024,train,0,neutral,1,happy,0.1801510751247406
data/cremad/audio/1024_TIE_SAD_XX.wav,1024_TIE_SAD_XX.wav,1024,train,2,sad,1,happy,0.17952214181423187
data/cremad/audio/1024_TSI_ANG_XX.wav,1024_TSI_ANG_XX.wav,1024,train,3,angry,3,angry,0.18232537806034088
data/cremad/audio/1024_TSI_DIS_XX.wav,1024_TSI_DIS_XX.wav,1024,train,5,disgust,1,happy,0.17986594140529633
data/cremad/audio/1024_TSI_FEA_XX.wav,1024_TSI_FEA_XX.wav,1024,train,4,fearful,1,happy,0.18196123838424683
data/cremad/audio/1024_TSI_HAP_XX.wav,1024_TSI_HAP_XX.wav,1024,train,1,happy,1,happy,0.18092244863510132
data/cremad/audio/1024_TSI_NEU_XX.wav,1024_TSI_NEU_XX.wav,1024,train,0,neutral,1,happy,0.18213313817977905
data/cremad/audio/1024_TSI_SAD_XX.wav,1024_TSI_SAD_XX.wav,1024,train,2,sad,1,happy,0.1794438511133194
data/cremad/audio/1024_WSI_ANG_XX.wav,1024_WSI_ANG_XX.wav,1024,train,3,angry,1,happy,0.18405058979988098
data/cremad/audio/1024_WSI_DIS_XX.wav,1024_WSI_DIS_XX.wav,1024,train,5,disgust,1,happy,0.18134647607803345
data/cremad/audio/1024_WSI_FEA_XX.wav,1024_WSI_FEA_XX.wav,1024,train,4,fearful,1,happy,0.18325355648994446
data/cremad/audio/1024_WSI_HAP_XX.wav,1024_WSI_HAP_XX.wav,1024,train,1,happy,1,happy,0.18354088068008423
data/cremad/audio/1024_WSI_NEU_XX.wav,1024_WSI_NEU_XX.wav,1024,train,0,neutral,1,happy,0.18475018441677094
data/cremad/audio/1024_WSI_SAD_XX.wav,1024_WSI_SAD_XX.wav,1024,train,2,sad,1,happy,0.1807652860879898
data/cremad/audio/1025_DFA_ANG_XX.wav,1025_DFA_ANG_XX.wav,1025,train,3,angry,1,happy,0.1822681725025177
data/cremad/audio/1025_DFA_DIS_XX.wav,1025_DFA_DIS_XX.wav,1025,train,5,disgust,1,happy,0.17796553671360016
data/cremad/audio/1025_DFA_FEA_XX.wav,1025_DFA_FEA_XX.wav,1025,train,4,fearful,1,happy,0.17943663895130157
data/cremad/audio/1025_DFA_HAP_XX.wav,1025_DFA_HAP_XX.wav,1025,train,1,happy,1,happy,0.18550774455070496
data/cremad/audio/1025_DFA_NEU_XX.wav,1025_DFA_NEU_XX.wav,1025,train,0,neutral,1,happy,0.18112273514270782
data/cremad/audio/1025_DFA_SAD_XX.wav,1025_DFA_SAD_XX.wav,1025,train,2,sad,1,happy,0.18146228790283203
data/cremad/audio/1025_IEO_ANG_HI.wav,1025_IEO_ANG_HI.wav,1025,train,3,angry,3,angry,0.18592630326747894
data/cremad/audio/1025_IEO_ANG_LO.wav,1025_IEO_ANG_LO.wav,1025,train,3,angry,1,happy,0.18353122472763062
data/cremad/audio/1025_IEO_ANG_MD.wav,1025_IEO_ANG_MD.wav,1025,train,3,angry,3,angry,0.18302102386951447
data/cremad/audio/1025_IEO_DIS_HI.wav,1025_IEO_DIS_HI.wav,1025,train,5,disgust,1,happy,0.18068861961364746
data/cremad/audio/1025_IEO_DIS_LO.wav,1025_IEO_DIS_LO.wav,1025,train,5,disgust,1,happy,0.1809910535812378
data/cremad/audio/1025_IEO_DIS_MD.wav,1025_IEO_DIS_MD.wav,1025,train,5,disgust,1,happy,0.18006283044815063
data/cremad/audio/1025_IEO_FEA_HI.wav,1025_IEO_FEA_HI.wav,1025,train,4,fearful,1,happy,0.182101309299469
data/cremad/audio/1025_IEO_FEA_LO.wav,1025_IEO_FEA_LO.wav,1025,train,4,fearful,1,happy,0.17901629209518433
data/cremad/audio/1025_IEO_FEA_MD.wav,1025_IEO_FEA_MD.wav,1025,train,4,fearful,1,happy,0.17975595593452454
data/cremad/audio/1025_IEO_HAP_HI.wav,1025_IEO_HAP_HI.wav,1025,train,1,happy,1,happy,0.18371246755123138
data/cremad/audio/1025_IEO_HAP_LO.wav,1025_IEO_HAP_LO.wav,1025,train,1,happy,1,happy,0.18300512433052063
data/cremad/audio/1025_IEO_HAP_MD.wav,1025_IEO_HAP_MD.wav,1025,train,1,happy,1,happy,0.18323257565498352
data/cremad/audio/1025_IEO_NEU_XX.wav,1025_IEO_NEU_XX.wav,1025,train,0,neutral,1,happy,0.18274535238742828
data/cremad/audio/1025_IEO_SAD_HI.wav,1025_IEO_SAD_HI.wav,1025,train,2,sad,1,happy,0.1784963756799698
data/cremad/audio/1025_IEO_SAD_LO.wav,1025_IEO_SAD_LO.wav,1025,train,2,sad,1,happy,0.18102510273456573
data/cremad/audio/1025_IEO_SAD_MD.wav,1025_IEO_SAD_MD.wav,1025,train,2,sad,1,happy,0.17865149676799774
data/cremad/audio/1025_IOM_ANG_XX.wav,1025_IOM_ANG_XX.wav,1025,train,3,angry,1,happy,0.18523021042346954
data/cremad/audio/1025_IOM_DIS_XX.wav,1025_IOM_DIS_XX.wav,1025,train,5,disgust,1,happy,0.17977100610733032
data/cremad/audio/1025_IOM_FEA_XX.wav,1025_IOM_FEA_XX.wav,1025,train,4,fearful,1,happy,0.18152150511741638
data/cremad/audio/1025_IOM_HAP_XX.wav,1025_IOM_HAP_XX.wav,1025,train,1,happy,1,happy,0.18127061426639557
data/cremad/audio/1025_IOM_NEU_XX.wav,1025_IOM_NEU_XX.wav,1025,train,0,neutral,1,happy,0.182456836104393
data/cremad/audio/1025_IOM_SAD_XX.wav,1025_IOM_SAD_XX.wav,1025,train,2,sad,1,happy,0.1831667572259903
data/cremad/audio/1025_ITH_ANG_XX.wav,1025_ITH_ANG_XX.wav,1025,train,3,angry,3,angry,0.18637657165527344
data/cremad/audio/1025_ITH_DIS_XX.wav,1025_ITH_DIS_XX.wav,1025,train,5,disgust,1,happy,0.17964023351669312
data/cremad/audio/1025_ITH_FEA_XX.wav,1025_ITH_FEA_XX.wav,1025,train,4,fearful,1,happy,0.18057088553905487
data/cremad/audio/1025_ITH_HAP_XX.wav,1025_ITH_HAP_XX.wav,1025,train,1,happy,1,happy,0.18374745547771454
data/cremad/audio/1025_ITH_NEU_XX.wav,1025_ITH_NEU_XX.wav,1025,train,0,neutral,1,happy,0.18312859535217285
data/cremad/audio/1025_ITH_SAD_XX.wav,1025_ITH_SAD_XX.wav,1025,train,2,sad,1,happy,0.18104583024978638
data/cremad/audio/1025_ITS_ANG_XX.wav,1025_ITS_ANG_XX.wav,1025,train,3,angry,1,happy,0.184736430644989
data/cremad/audio/1025_ITS_DIS_XX.wav,1025_ITS_DIS_XX.wav,1025,train,5,disgust,1,happy,0.18154412508010864
data/cremad/audio/1025_ITS_FEA_XX.wav,1025_ITS_FEA_XX.wav,1025,train,4,fearful,1,happy,0.18091054260730743
data/cremad/audio/1025_ITS_HAP_XX.wav,1025_ITS_HAP_XX.wav,1025,train,1,happy,1,happy,0.18337109684944153
data/cremad/audio/1025_ITS_NEU_XX.wav,1025_ITS_NEU_XX.wav,1025,train,0,neutral,1,happy,0.18291568756103516
data/cremad/audio/1025_ITS_SAD_XX.wav,1025_ITS_SAD_XX.wav,1025,train,2,sad,1,happy,0.18133901059627533
data/cremad/audio/1025_IWL_ANG_XX.wav,1025_IWL_ANG_XX.wav,1025,train,3,angry,3,angry,0.18635991215705872
data/cremad/audio/1025_IWL_DIS_XX.wav,1025_IWL_DIS_XX.wav,1025,train,5,disgust,1,happy,0.17941029369831085
data/cremad/audio/1025_IWL_FEA_XX.wav,1025_IWL_FEA_XX.wav,1025,train,4,fearful,1,happy,0.1814441680908203
data/cremad/audio/1025_IWL_HAP_XX.wav,1025_IWL_HAP_XX.wav,1025,train,1,happy,3,angry,0.18674157559871674
data/cremad/audio/1025_IWL_NEU_XX.wav,1025_IWL_NEU_XX.wav,1025,train,0,neutral,1,happy,0.1829349249601364
data/cremad/audio/1025_IWL_SAD_XX.wav,1025_IWL_SAD_XX.wav,1025,train,2,sad,1,happy,0.17922759056091309
data/cremad/audio/1025_IWW_ANG_XX.wav,1025_IWW_ANG_XX.wav,1025,train,3,angry,1,happy,0.1850326955318451
data/cremad/audio/1025_IWW_DIS_XX.wav,1025_IWW_DIS_XX.wav,1025,train,5,disgust,1,happy,0.18059784173965454
data/cremad/audio/1025_IWW_FEA_XX.wav,1025_IWW_FEA_XX.wav,1025,train,4,fearful,1,happy,0.18210504949092865
data/cremad/audio/1025_IWW_HAP_XX.wav,1025_IWW_HAP_XX.wav,1025,train,1,happy,1,happy,0.1841190755367279
data/cremad/audio/1025_IWW_NEU_XX.wav,1025_IWW_NEU_XX.wav,1025,train,0,neutral,1,happy,0.17998358607292175
data/cremad/audio/1025_IWW_SAD_XX.wav,1025_IWW_SAD_XX.wav,1025,train,2,sad,1,happy,0.18251363933086395
data/cremad/audio/1025_MTI_ANG_XX.wav,1025_MTI_ANG_XX.wav,1025,train,3,angry,1,happy,0.18279877305030823
data/cremad/audio/1025_MTI_DIS_XX.wav,1025_MTI_DIS_XX.wav,1025,train,5,disgust,1,happy,0.18169137835502625
data/cremad/audio/1025_MTI_FEA_XX.wav,1025_MTI_FEA_XX.wav,1025,train,4,fearful,1,happy,0.1818390041589737
data/cremad/audio/1025_MTI_HAP_XX.wav,1025_MTI_HAP_XX.wav,1025,train,1,happy,1,happy,0.18106034398078918
data/cremad/audio/1025_MTI_NEU_XX.wav,1025_MTI_NEU_XX.wav,1025,train,0,neutral,3,angry,0.18198610842227936
data/cremad/audio/1025_MTI_SAD_XX.wav,1025_MTI_SAD_XX.wav,1025,train,2,sad,1,happy,0.18104852735996246
data/cremad/audio/1025_TAI_ANG_XX.wav,1025_TAI_ANG_XX.wav,1025,train,3,angry,1,happy,0.18268804252147675
data/cremad/audio/1025_TAI_DIS_XX.wav,1025_TAI_DIS_XX.wav,1025,train,5,disgust,3,angry,0.17980438470840454
data/cremad/audio/1025_TAI_FEA_XX.wav,1025_TAI_FEA_XX.wav,1025,train,4,fearful,1,happy,0.18136852979660034
data/cremad/audio/1025_TAI_HAP_XX.wav,1025_TAI_HAP_XX.wav,1025,train,1,happy,3,angry,0.18393094837665558
data/cremad/audio/1025_TAI_NEU_XX.wav,1025_TAI_NEU_XX.wav,1025,train,0,neutral,1,happy,0.18098999559879303
data/cremad/audio/1025_TAI_SAD_XX.wav,1025_TAI_SAD_XX.wav,1025,train,2,sad,1,happy,0.17983688414096832
data/cremad/audio/1025_TIE_ANG_XX.wav,1025_TIE_ANG_XX.wav,1025,train,3,angry,3,angry,0.18130740523338318
data/cremad/audio/1025_TIE_DIS_XX.wav,1025_TIE_DIS_XX.wav,1025,train,5,disgust,1,happy,0.17801621556282043
data/cremad/audio/1025_TIE_FEA_XX.wav,1025_TIE_FEA_XX.wav,1025,train,4,fearful,1,happy,0.18160505592823029
data/cremad/audio/1025_TIE_HAP_XX.wav,1025_TIE_HAP_XX.wav,1025,train,1,happy,1,happy,0.18157939612865448
data/cremad/audio/1025_TIE_NEU_XX.wav,1025_TIE_NEU_XX.wav,1025,train,0,neutral,1,happy,0.1796361356973648
data/cremad/audio/1025_TIE_SAD_XX.wav,1025_TIE_SAD_XX.wav,1025,train,2,sad,1,happy,0.17885105311870575
data/cremad/audio/1025_TSI_ANG_XX.wav,1025_TSI_ANG_XX.wav,1025,train,3,angry,1,happy,0.1839280128479004
data/cremad/audio/1025_TSI_DIS_XX.wav,1025_TSI_DIS_XX.wav,1025,train,5,disgust,1,happy,0.17935636639595032
data/cremad/audio/1025_TSI_FEA_XX.wav,1025_TSI_FEA_XX.wav,1025,train,4,fearful,1,happy,0.18121397495269775
data/cremad/audio/1025_TSI_HAP_XX.wav,1025_TSI_HAP_XX.wav,1025,train,1,happy,1,happy,0.180273175239563
data/cremad/audio/1025_TSI_NEU_XX.wav,1025_TSI_NEU_XX.wav,1025,train,0,neutral,1,happy,0.17953453958034515
data/cremad/audio/1025_TSI_SAD_XX.wav,1025_TSI_SAD_XX.wav,1025,train,2,sad,1,happy,0.1798911839723587
data/cremad/audio/1025_WSI_ANG_XX.wav,1025_WSI_ANG_XX.wav,1025,train,3,angry,1,happy,0.18401484191417694
data/cremad/audio/1025_WSI_DIS_XX.wav,1025_WSI_DIS_XX.wav,1025,train,5,disgust,1,happy,0.1820826381444931
data/cremad/audio/1025_WSI_FEA_XX.wav,1025_WSI_FEA_XX.wav,1025,train,4,fearful,1,happy,0.18356169760227203
data/cremad/audio/1025_WSI_HAP_XX.wav,1025_WSI_HAP_XX.wav,1025,train,1,happy,1,happy,0.18332648277282715
data/cremad/audio/1025_WSI_NEU_XX.wav,1025_WSI_NEU_XX.wav,1025,train,0,neutral,1,happy,0.18147780001163483
data/cremad/audio/1025_WSI_SAD_XX.wav,1025_WSI_SAD_XX.wav,1025,train,2,sad,1,happy,0.18188326060771942
data/cremad/audio/1026_DFA_ANG_XX.wav,1026_DFA_ANG_XX.wav,1026,train,3,angry,3,angry,0.18365700542926788
data/cremad/audio/1026_DFA_DIS_XX.wav,1026_DFA_DIS_XX.wav,1026,train,5,disgust,1,happy,0.18217140436172485
data/cremad/audio/1026_DFA_FEA_XX.wav,1026_DFA_FEA_XX.wav,1026,train,4,fearful,1,happy,0.1840914934873581
data/cremad/audio/1026_DFA_HAP_XX.wav,1026_DFA_HAP_XX.wav,1026,train,1,happy,1,happy,0.18446899950504303
data/cremad/audio/1026_DFA_NEU_XX.wav,1026_DFA_NEU_XX.wav,1026,train,0,neutral,1,happy,0.18316563963890076
data/cremad/audio/1026_DFA_SAD_XX.wav,1026_DFA_SAD_XX.wav,1026,train,2,sad,1,happy,0.18429602682590485
data/cremad/audio/1026_IEO_ANG_HI.wav,1026_IEO_ANG_HI.wav,1026,train,3,angry,3,angry,0.1857948899269104
data/cremad/audio/1026_IEO_ANG_LO.wav,1026_IEO_ANG_LO.wav,1026,train,3,angry,1,happy,0.1833505928516388
data/cremad/audio/1026_IEO_ANG_MD.wav,1026_IEO_ANG_MD.wav,1026,train,3,angry,3,angry,0.1842639297246933
data/cremad/audio/1026_IEO_DIS_HI.wav,1026_IEO_DIS_HI.wav,1026,train,5,disgust,1,happy,0.1834118515253067
data/cremad/audio/1026_IEO_DIS_LO.wav,1026_IEO_DIS_LO.wav,1026,train,5,disgust,1,happy,0.18204577267169952
data/cremad/audio/1026_IEO_DIS_MD.wav,1026_IEO_DIS_MD.wav,1026,train,5,disgust,1,happy,0.18405647575855255
data/cremad/audio/1026_IEO_FEA_HI.wav,1026_IEO_FEA_HI.wav,1026,train,4,fearful,3,angry,0.18591763079166412
data/cremad/audio/1026_IEO_FEA_LO.wav,1026_IEO_FEA_LO.wav,1026,train,4,fearful,1,happy,0.18207694590091705
data/cremad/audio/1026_IEO_FEA_MD.wav,1026_IEO_FEA_MD.wav,1026,train,4,fearful,1,happy,0.18355491757392883
data/cremad/audio/1026_IEO_HAP_HI.wav,1026_IEO_HAP_HI.wav,1026,train,1,happy,3,angry,0.185196653008461
data/cremad/audio/1026_IEO_HAP_LO.wav,1026_IEO_HAP_LO.wav,1026,train,1,happy,1,happy,0.18399815261363983
data/cremad/audio/1026_IEO_HAP_MD.wav,1026_IEO_HAP_MD.wav,1026,train,1,happy,1,happy,0.1842826008796692
data/cremad/audio/1026_IEO_NEU_XX.wav,1026_IEO_NEU_XX.wav,1026,train,0,neutral,1,happy,0.18201588094234467
data/cremad/audio/1026_IEO_SAD_HI.wav,1026_IEO_SAD_HI.wav,1026,train,2,sad,1,happy,0.18288280069828033
data/cremad/audio/1026_IEO_SAD_LO.wav,1026_IEO_SAD_LO.wav,1026,train,2,sad,1,happy,0.18189463019371033
data/cremad/audio/1026_IEO_SAD_MD.wav,1026_IEO_SAD_MD.wav,1026,train,2,sad,1,happy,0.1814989447593689
data/cremad/audio/1026_IOM_ANG_XX.wav,1026_IOM_ANG_XX.wav,1026,train,3,angry,3,angry,0.18637196719646454
data/cremad/audio/1026_IOM_DIS_XX.wav,1026_IOM_DIS_XX.wav,1026,train,5,disgust,1,happy,0.1820290982723236
data/cremad/audio/1026_IOM_FEA_XX.wav,1026_IOM_FEA_XX.wav,1026,train,4,fearful,1,happy,0.18279743194580078
data/cremad/audio/1026_IOM_HAP_XX.wav,1026_IOM_HAP_XX.wav,1026,train,1,happy,1,happy,0.18386322259902954
data/cremad/audio/1026_IOM_NEU_XX.wav,1026_IOM_NEU_XX.wav,1026,train,0,neutral,1,happy,0.18196561932563782
data/cremad/audio/1026_IOM_SAD_XX.wav,1026_IOM_SAD_XX.wav,1026,train,2,sad,1,happy,0.18037627637386322
data/cremad/audio/1026_ITH_ANG_XX.wav,1026_ITH_ANG_XX.wav,1026,train,3,angry,3,angry,0.18607547879219055
data/cremad/audio/1026_ITH_DIS_XX.wav,1026_ITH_DIS_XX.wav,1026,train,5,disgust,1,happy,0.1832699477672577
data/cremad/audio/1026_ITH_FEA_XX.wav,1026_ITH_FEA_XX.wav,1026,train,4,fearful,1,happy,0.1835453361272812
data/cremad/audio/1026_ITH_HAP_XX.wav,1026_ITH_HAP_XX.wav,1026,train,1,happy,3,angry,0.18462421000003815
data/cremad/audio/1026_ITH_NEU_XX.wav,1026_ITH_NEU_XX.wav,1026,train,0,neutral,3,angry,0.18304377794265747
data/cremad/audio/1026_ITH_SAD_XX.wav,1026_ITH_SAD_XX.wav,1026,train,2,sad,1,happy,0.18250983953475952
data/cremad/audio/1026_ITS_ANG_XX.wav,1026_ITS_ANG_XX.wav,1026,train,3,angry,3,angry,0.18370917439460754
data/cremad/audio/1026_ITS_DIS_XX.wav,1026_ITS_DIS_XX.wav,1026,train,5,disgust,1,happy,0.18235133588314056
data/cremad/audio/1026_ITS_FEA_XX.wav,1026_ITS_FEA_XX.wav,1026,train,4,fearful,1,happy,0.18213921785354614
data/cremad/audio/1026_ITS_HAP_XX.wav,1026_ITS_HAP_XX.wav,1026,train,1,happy,1,happy,0.18478383123874664
data/cremad/audio/1026_ITS_NEU_XX.wav,1026_ITS_NEU_XX.wav,1026,train,0,neutral,1,happy,0.18274562060832977
data/cremad/audio/1026_ITS_SAD_XX.wav,1026_ITS_SAD_XX.wav,1026,train,2,sad,1,happy,0.18312929570674896
data/cremad/audio/1026_IWL_ANG_XX.wav,1026_IWL_ANG_XX.wav,1026,train,3,angry,3,angry,0.18796972930431366
data/cremad/audio/1026_IWL_DIS_XX.wav,1026_IWL_DIS_XX.wav,1026,train,5,disgust,1,happy,0.1851045787334442
data/cremad/audio/1026_IWL_FEA_XX.wav,1026_IWL_FEA_XX.wav,1026,train,4,fearful,1,happy,0.18378746509552002
data/cremad/audio/1026_IWL_HAP_XX.wav,1026_IWL_HAP_XX.wav,1026,train,1,happy,1,happy,0.1846482902765274
data/cremad/audio/1026_IWL_NEU_XX.wav,1026_IWL_NEU_XX.wav,1026,train,0,neutral,1,happy,0.18299417197704315
data/cremad/audio/1026_IWL_SAD_XX.wav,1026_IWL_SAD_XX.wav,1026,train,2,sad,1,happy,0.18227384984493256
data/cremad/audio/1026_IWW_ANG_XX.wav,1026_IWW_ANG_XX.wav,1026,train,3,angry,1,happy,0.18612325191497803
data/cremad/audio/1026_IWW_DIS_XX.wav,1026_IWW_DIS_XX.wav,1026,train,5,disgust,1,happy,0.18241192400455475
data/cremad/audio/1026_IWW_FEA_XX.wav,1026_IWW_FEA_XX.wav,1026,train,4,fearful,1,happy,0.18427765369415283
data/cremad/audio/1026_IWW_HAP_XX.wav,1026_IWW_HAP_XX.wav,1026,train,1,happy,1,happy,0.18430162966251373
data/cremad/audio/1026_IWW_NEU_XX.wav,1026_IWW_NEU_XX.wav,1026,train,0,neutral,1,happy,0.18312908709049225
data/cremad/audio/1026_IWW_SAD_XX.wav,1026_IWW_SAD_XX.wav,1026,train,2,sad,1,happy,0.18154749274253845
data/cremad/audio/1026_MTI_ANG_XX.wav,1026_MTI_ANG_XX.wav,1026,train,3,angry,3,angry,0.18782125413417816
data/cremad/audio/1026_MTI_DIS_XX.wav,1026_MTI_DIS_XX.wav,1026,train,5,disgust,3,angry,0.1849064975976944
data/cremad/audio/1026_MTI_FEA_XX.wav,1026_MTI_FEA_XX.wav,1026,train,4,fearful,1,happy,0.18346907198429108
data/cremad/audio/1026_MTI_HAP_XX.wav,1026_MTI_HAP_XX.wav,1026,train,1,happy,3,angry,0.18720142543315887
data/cremad/audio/1026_MTI_NEU_XX.wav,1026_MTI_NEU_XX.wav,1026,train,0,neutral,3,angry,0.18252678215503693
data/cremad/audio/1026_MTI_SAD_XX.wav,1026_MTI_SAD_XX.wav,1026,train,2,sad,1,happy,0.18162134289741516
data/cremad/audio/1026_TAI_ANG_XX.wav,1026_TAI_ANG_XX.wav,1026,train,3,angry,3,angry,0.187922403216362
data/cremad/audio/1026_TAI_DIS_XX.wav,1026_TAI_DIS_XX.wav,1026,train,5,disgust,3,angry,0.18652395904064178
data/cremad/audio/1026_TAI_FEA_XX.wav,1026_TAI_FEA_XX.wav,1026,train,4,fearful,3,angry,0.18467481434345245
data/cremad/audio/1026_TAI_HAP_XX.wav,1026_TAI_HAP_XX.wav,1026,train,1,happy,3,angry,0.1828906536102295
data/cremad/audio/1026_TAI_NEU_XX.wav,1026_TAI_NEU_XX.wav,1026,train,0,neutral,1,happy,0.18208685517311096
data/cremad/audio/1026_TAI_SAD_XX.wav,1026_TAI_SAD_XX.wav,1026,train,2,sad,1,happy,0.17941786348819733
data/cremad/audio/1026_TIE_ANG_XX.wav,1026_TIE_ANG_XX.wav,1026,train,3,angry,3,angry,0.18879763782024384
data/cremad/audio/1026_TIE_DIS_XX.wav,1026_TIE_DIS_XX.wav,1026,train,5,disgust,3,angry,0.185273677110672
data/cremad/audio/1026_TIE_FEA_XX.wav,1026_TIE_FEA_XX.wav,1026,train,4,fearful,3,angry,0.1882711797952652
data/cremad/audio/1026_TIE_HAP_XX.wav,1026_TIE_HAP_XX.wav,1026,train,1,happy,3,angry,0.18728625774383545
data/cremad/audio/1026_TIE_NEU_XX.wav,1026_TIE_NEU_XX.wav,1026,train,0,neutral,1,happy,0.18089312314987183
data/cremad/audio/1026_TIE_SAD_XX.wav,1026_TIE_SAD_XX.wav,1026,train,2,sad,1,happy,0.17854031920433044
data/cremad/audio/1026_TSI_ANG_XX.wav,1026_TSI_ANG_XX.wav,1026,train,3,angry,1,happy,0.18322208523750305
data/cremad/audio/1026_TSI_DIS_XX.wav,1026_TSI_DIS_XX.wav,1026,train,5,disgust,1,happy,0.1837105005979538
data/cremad/audio/1026_TSI_FEA_XX.wav,1026_TSI_FEA_XX.wav,1026,train,4,fearful,1,happy,0.18420106172561646
data/cremad/audio/1026_TSI_HAP_XX.wav,1026_TSI_HAP_XX.wav,1026,train,1,happy,1,happy,0.18438826501369476
data/cremad/audio/1026_TSI_NEU_XX.wav,1026_TSI_NEU_XX.wav,1026,train,0,neutral,1,happy,0.1814388483762741
data/cremad/audio/1026_TSI_SAD_XX.wav,1026_TSI_SAD_XX.wav,1026,train,2,sad,1,happy,0.18198905885219574
data/cremad/audio/1026_WSI_ANG_XX.wav,1026_WSI_ANG_XX.wav,1026,train,3,angry,3,angry,0.1909240335226059
data/cremad/audio/1026_WSI_DIS_XX.wav,1026_WSI_DIS_XX.wav,1026,train,5,disgust,1,happy,0.18506917357444763
data/cremad/audio/1026_WSI_FEA_XX.wav,1026_WSI_FEA_XX.wav,1026,train,4,fearful,1,happy,0.18381214141845703
data/cremad/audio/1026_WSI_HAP_XX.wav,1026_WSI_HAP_XX.wav,1026,train,1,happy,1,happy,0.18362650275230408
data/cremad/audio/1026_WSI_NEU_XX.wav,1026_WSI_NEU_XX.wav,1026,train,0,neutral,3,angry,0.18643414974212646
data/cremad/audio/1026_WSI_SAD_XX.wav,1026_WSI_SAD_XX.wav,1026,train,2,sad,1,happy,0.18068739771842957
data/cremad/audio/1027_DFA_ANG_XX.wav,1027_DFA_ANG_XX.wav,1027,train,3,angry,3,angry,0.18674948811531067
data/cremad/audio/1027_DFA_DIS_XX.wav,1027_DFA_DIS_XX.wav,1027,train,5,disgust,1,happy,0.18053984642028809
data/cremad/audio/1027_DFA_FEA_XX.wav,1027_DFA_FEA_XX.wav,1027,train,4,fearful,1,happy,0.18343620002269745
data/cremad/audio/1027_DFA_HAP_XX.wav,1027_DFA_HAP_XX.wav,1027,train,1,happy,1,happy,0.18374909460544586
data/cremad/audio/1027_DFA_NEU_XX.wav,1027_DFA_NEU_XX.wav,1027,train,0,neutral,1,happy,0.18276117742061615
data/cremad/audio/1027_DFA_SAD_XX.wav,1027_DFA_SAD_XX.wav,1027,train,2,sad,1,happy,0.18011637032032013
data/cremad/audio/1027_IEO_ANG_HI.wav,1027_IEO_ANG_HI.wav,1027,train,3,angry,3,angry,0.18727213144302368
data/cremad/audio/1027_IEO_ANG_LO.wav,1027_IEO_ANG_LO.wav,1027,train,3,angry,1,happy,0.18192043900489807
data/cremad/audio/1027_IEO_ANG_MD.wav,1027_IEO_ANG_MD.wav,1027,train,3,angry,1,happy,0.18470965325832367
data/cremad/audio/1027_IEO_DIS_HI.wav,1027_IEO_DIS_HI.wav,1027,train,5,disgust,1,happy,0.18257565796375275
data/cremad/audio/1027_IEO_DIS_LO.wav,1027_IEO_DIS_LO.wav,1027,train,5,disgust,1,happy,0.1836249828338623
data/cremad/audio/1027_IEO_DIS_MD.wav,1027_IEO_DIS_MD.wav,1027,train,5,disgust,3,angry,0.19168490171432495
data/cremad/audio/1027_IEO_FEA_HI.wav,1027_IEO_FEA_HI.wav,1027,train,4,fearful,3,angry,0.18776698410511017
data/cremad/audio/1027_IEO_FEA_LO.wav,1027_IEO_FEA_LO.wav,1027,train,4,fearful,1,happy,0.1807892620563507
data/cremad/audio/1027_IEO_FEA_MD.wav,1027_IEO_FEA_MD.wav,1027,train,4,fearful,1,happy,0.17999368906021118
data/cremad/audio/1027_IEO_HAP_HI.wav,1027_IEO_HAP_HI.wav,1027,train,1,happy,1,happy,0.18124161660671234
data/cremad/audio/1027_IEO_HAP_LO.wav,1027_IEO_HAP_LO.wav,1027,train,1,happy,1,happy,0.1829630434513092
data/cremad/audio/1027_IEO_HAP_MD.wav,1027_IEO_HAP_MD.wav,1027,train,1,happy,1,happy,0.18223422765731812
data/cremad/audio/1027_IEO_NEU_XX.wav,1027_IEO_NEU_XX.wav,1027,train,0,neutral,1,happy,0.1805633306503296
data/cremad/audio/1027_IEO_SAD_HI.wav,1027_IEO_SAD_HI.wav,1027,train,2,sad,4,fearful,0.17871952056884766
data/cremad/audio/1027_IEO_SAD_LO.wav,1027_IEO_SAD_LO.wav,1027,train,2,sad,1,happy,0.18135347962379456
data/cremad/audio/1027_IEO_SAD_MD.wav,1027_IEO_SAD_MD.wav,1027,train,2,sad,1,happy,0.1798204779624939
data/cremad/audio/1027_IOM_ANG_XX.wav,1027_IOM_ANG_XX.wav,1027,train,3,angry,3,angry,0.18576490879058838
data/cremad/audio/1027_IOM_DIS_XX.wav,1027_IOM_DIS_XX.wav,1027,train,5,disgust,1,happy,0.18326352536678314
data/cremad/audio/1027_IOM_FEA_XX.wav,1027_IOM_FEA_XX.wav,1027,train,4,fearful,3,angry,0.18478158116340637
data/cremad/audio/1027_IOM_HAP_XX.wav,1027_IOM_HAP_XX.wav,1027,train,1,happy,3,angry,0.1834222972393036
data/cremad/audio/1027_IOM_NEU_XX.wav,1027_IOM_NEU_XX.wav,1027,train,0,neutral,3,angry,0.18523332476615906
data/cremad/audio/1027_IOM_SAD_XX.wav,1027_IOM_SAD_XX.wav,1027,train,2,sad,1,happy,0.18263369798660278
data/cremad/audio/1027_ITH_ANG_XX.wav,1027_ITH_ANG_XX.wav,1027,train,3,angry,3,angry,0.18742182850837708
data/cremad/audio/1027_ITH_DIS_XX.wav,1027_ITH_DIS_XX.wav,1027,train,5,disgust,1,happy,0.18136347830295563
data/cremad/audio/1027_ITH_FEA_XX.wav,1027_ITH_FEA_XX.wav,1027,train,4,fearful,3,angry,0.18404383957386017
data/cremad/audio/1027_ITH_HAP_XX.wav,1027_ITH_HAP_XX.wav,1027,train,1,happy,3,angry,0.18273919820785522
data/cremad/audio/1027_ITH_NEU_XX.wav,1027_ITH_NEU_XX.wav,1027,train,0,neutral,1,happy,0.18277180194854736
data/cremad/audio/1027_ITH_SAD_XX.wav,1027_ITH_SAD_XX.wav,1027,train,2,sad,1,happy,0.18196651339530945
data/cremad/audio/1027_ITS_ANG_XX.wav,1027_ITS_ANG_XX.wav,1027,train,3,angry,3,angry,0.18734972178936005
data/cremad/audio/1027_ITS_DIS_XX.wav,1027_ITS_DIS_XX.wav,1027,train,5,disgust,1,happy,0.1813337206840515
data/cremad/audio/1027_ITS_FEA_XX.wav,1027_ITS_FEA_XX.wav,1027,train,4,fearful,1,happy,0.18229062855243683
data/cremad/audio/1027_ITS_HAP_XX.wav,1027_ITS_HAP_XX.wav,1027,train,1,happy,1,happy,0.1837894171476364
data/cremad/audio/1027_ITS_NEU_XX.wav,1027_ITS_NEU_XX.wav,1027,train,0,neutral,1,happy,0.18401573598384857
data/cremad/audio/1027_ITS_SAD_XX.wav,1027_ITS_SAD_XX.wav,1027,train,2,sad,1,happy,0.18167150020599365
data/cremad/audio/1027_IWL_ANG_XX.wav,1027_IWL_ANG_XX.wav,1027,train,3,angry,3,angry,0.1831841617822647
data/cremad/audio/1027_IWL_DIS_XX.wav,1027_IWL_DIS_XX.wav,1027,train,5,disgust,1,happy,0.1814681887626648
data/cremad/audio/1027_IWL_FEA_XX.wav,1027_IWL_FEA_XX.wav,1027,train,4,fearful,1,happy,0.18168945610523224
data/cremad/audio/1027_IWL_HAP_XX.wav,1027_IWL_HAP_XX.wav,1027,train,1,happy,1,happy,0.18417370319366455
data/cremad/audio/1027_IWL_NEU_XX.wav,1027_IWL_NEU_XX.wav,1027,train,0,neutral,1,happy,0.18421900272369385
data/cremad/audio/1027_IWL_SAD_XX.wav,1027_IWL_SAD_XX.wav,1027,train,2,sad,1,happy,0.1824888437986374
data/cremad/audio/1027_IWW_ANG_XX.wav,1027_IWW_ANG_XX.wav,1027,train,3,angry,1,happy,0.18429230153560638
data/cremad/audio/1027_IWW_DIS_XX.wav,1027_IWW_DIS_XX.wav,1027,train,5,disgust,1,happy,0.18138337135314941
data/cremad/audio/1027_IWW_FEA_XX.wav,1027_IWW_FEA_XX.wav,1027,train,4,fearful,1,happy,0.18329750001430511
data/cremad/audio/1027_IWW_HAP_XX.wav,1027_IWW_HAP_XX.wav,1027,train,1,happy,1,happy,0.18252228200435638
data/cremad/audio/1027_IWW_NEU_XX.wav,1027_IWW_NEU_XX.wav,1027,train,0,neutral,1,happy,0.18180523812770844
data/cremad/audio/1027_IWW_SAD_XX.wav,1027_IWW_SAD_XX.wav,1027,train,2,sad,1,happy,0.18201366066932678
data/cremad/audio/1027_MTI_ANG_XX.wav,1027_MTI_ANG_XX.wav,1027,train,3,angry,3,angry,0.18737463653087616
data/cremad/audio/1027_MTI_DIS_XX.wav,1027_MTI_DIS_XX.wav,1027,train,5,disgust,1,happy,0.18024075031280518
data/cremad/audio/1027_MTI_FEA_XX.wav,1027_MTI_FEA_XX.wav,1027,train,4,fearful,1,happy,0.182954803109169
data/cremad/audio/1027_MTI_HAP_XX.wav,1027_MTI_HAP_XX.wav,1027,train,1,happy,1,happy,0.18285417556762695
data/cremad/audio/1027_MTI_NEU_XX.wav,1027_MTI_NEU_XX.wav,1027,train,0,neutral,1,happy,0.183359757065773
data/cremad/audio/1027_MTI_SAD_XX.wav,1027_MTI_SAD_XX.wav,1027,train,2,sad,1,happy,0.18286941945552826
data/cremad/audio/1027_TAI_ANG_XX.wav,1027_TAI_ANG_XX.wav,1027,train,3,angry,3,angry,0.1880398839712143
data/cremad/audio/1027_TAI_DIS_XX.wav,1027_TAI_DIS_XX.wav,1027,train,5,disgust,1,happy,0.18164706230163574
data/cremad/audio/1027_TAI_FEA_XX.wav,1027_TAI_FEA_XX.wav,1027,train,4,fearful,3,angry,0.1855081021785736
data/cremad/audio/1027_TAI_HAP_XX.wav,1027_TAI_HAP_XX.wav,1027,train,1,happy,3,angry,0.18435505032539368
data/cremad/audio/1027_TAI_NEU_XX.wav,1027_TAI_NEU_XX.wav,1027,train,0,neutral,1,happy,0.18288883566856384
data/cremad/audio/1027_TAI_SAD_XX.wav,1027_TAI_SAD_XX.wav,1027,train,2,sad,1,happy,0.18162529170513153
data/cremad/audio/1027_TIE_ANG_XX.wav,1027_TIE_ANG_XX.wav,1027,train,3,angry,3,angry,0.18769332766532898
data/cremad/audio/1027_TIE_DIS_XX.wav,1027_TIE_DIS_XX.wav,1027,train,5,disgust,3,angry,0.18416588008403778
data/cremad/audio/1027_TIE_FEA_XX.wav,1027_TIE_FEA_XX.wav,1027,train,4,fearful,1,happy,0.18087460100650787
data/cremad/audio/1027_TIE_HAP_XX.wav,1027_TIE_HAP_XX.wav,1027,train,1,happy,1,happy,0.1799001693725586
data/cremad/audio/1027_TIE_NEU_XX.wav,1027_TIE_NEU_XX.wav,1027,train,0,neutral,1,happy,0.18140919506549835
data/cremad/audio/1027_TIE_SAD_XX.wav,1027_TIE_SAD_XX.wav,1027,train,2,sad,1,happy,0.1799858808517456
data/cremad/audio/1027_TSI_ANG_XX.wav,1027_TSI_ANG_XX.wav,1027,train,3,angry,3,angry,0.1877007782459259
data/cremad/audio/1027_TSI_DIS_XX.wav,1027_TSI_DIS_XX.wav,1027,train,5,disgust,1,happy,0.1800469607114792
data/cremad/audio/1027_TSI_FEA_XX.wav,1027_TSI_FEA_XX.wav,1027,train,4,fearful,1,happy,0.1811806857585907
data/cremad/audio/1027_TSI_HAP_XX.wav,1027_TSI_HAP_XX.wav,1027,train,1,happy,3,angry,0.18376387655735016
data/cremad/audio/1027_TSI_NEU_XX.wav,1027_TSI_NEU_XX.wav,1027,train,0,neutral,1,happy,0.18028736114501953
data/cremad/audio/1027_TSI_SAD_XX.wav,1027_TSI_SAD_XX.wav,1027,train,2,sad,1,happy,0.17994338274002075
data/cremad/audio/1027_WSI_ANG_XX.wav,1027_WSI_ANG_XX.wav,1027,train,3,angry,3,angry,0.18789765238761902
data/cremad/audio/1027_WSI_DIS_XX.wav,1027_WSI_DIS_XX.wav,1027,train,5,disgust,1,happy,0.18477357923984528
data/cremad/audio/1027_WSI_FEA_XX.wav,1027_WSI_FEA_XX.wav,1027,train,4,fearful,1,happy,0.18279702961444855
data/cremad/audio/1027_WSI_HAP_XX.wav,1027_WSI_HAP_XX.wav,1027,train,1,happy,1,happy,0.18367089331150055
data/cremad/audio/1027_WSI_NEU_XX.wav,1027_WSI_NEU_XX.wav,1027,train,0,neutral,1,happy,0.1833166480064392
data/cremad/audio/1027_WSI_SAD_XX.wav,1027_WSI_SAD_XX.wav,1027,train,2,sad,1,happy,0.18248821794986725
data/cremad/audio/1028_DFA_ANG_XX.wav,1028_DFA_ANG_XX.wav,1028,train,3,angry,3,angry,0.18507426977157593
data/cremad/audio/1028_DFA_DIS_XX.wav,1028_DFA_DIS_XX.wav,1028,train,5,disgust,1,happy,0.18171972036361694
data/cremad/audio/1028_DFA_FEA_XX.wav,1028_DFA_FEA_XX.wav,1028,train,4,fearful,1,happy,0.18102514743804932
data/cremad/audio/1028_DFA_HAP_XX.wav,1028_DFA_HAP_XX.wav,1028,train,1,happy,1,happy,0.18365557491779327
data/cremad/audio/1028_DFA_NEU_XX.wav,1028_DFA_NEU_XX.wav,1028,train,0,neutral,1,happy,0.18179476261138916
data/cremad/audio/1028_DFA_SAD_XX.wav,1028_DFA_SAD_XX.wav,1028,train,2,sad,1,happy,0.18152274191379547
data/cremad/audio/1028_IEO_ANG_HI.wav,1028_IEO_ANG_HI.wav,1028,train,3,angry,1,happy,0.18458332121372223
data/cremad/audio/1028_IEO_ANG_LO.wav,1028_IEO_ANG_LO.wav,1028,train,3,angry,1,happy,0.18465057015419006
data/cremad/audio/1028_IEO_ANG_MD.wav,1028_IEO_ANG_MD.wav,1028,train,3,angry,1,happy,0.1827945113182068
data/cremad/audio/1028_IEO_DIS_HI.wav,1028_IEO_DIS_HI.wav,1028,train,5,disgust,1,happy,0.1833675056695938
data/cremad/audio/1028_IEO_DIS_LO.wav,1028_IEO_DIS_LO.wav,1028,train,5,disgust,1,happy,0.183856800198555
data/cremad/audio/1028_IEO_DIS_MD.wav,1028_IEO_DIS_MD.wav,1028,train,5,disgust,1,happy,0.182801753282547
data/cremad/audio/1028_IEO_FEA_HI.wav,1028_IEO_FEA_HI.wav,1028,train,4,fearful,1,happy,0.1851482093334198
data/cremad/audio/1028_IEO_FEA_LO.wav,1028_IEO_FEA_LO.wav,1028,train,4,fearful,1,happy,0.1835136115550995
data/cremad/audio/1028_IEO_FEA_MD.wav,1028_IEO_FEA_MD.wav,1028,train,4,fearful,1,happy,0.18191754817962646
data/cremad/audio/1028_IEO_HAP_HI.wav,1028_IEO_HAP_HI.wav,1028,train,1,happy,1,happy,0.1833731085062027
data/cremad/audio/1028_IEO_HAP_LO.wav,1028_IEO_HAP_LO.wav,1028,train,1,happy,1,happy,0.18316414952278137
data/cremad/audio/1028_IEO_HAP_MD.wav,1028_IEO_HAP_MD.wav,1028,train,1,happy,1,happy,0.18375137448310852
data/cremad/audio/1028_IEO_NEU_XX.wav,1028_IEO_NEU_XX.wav,1028,train,0,neutral,1,happy,0.18364585936069489
data/cremad/audio/1028_IEO_SAD_HI.wav,1028_IEO_SAD_HI.wav,1028,train,2,sad,1,happy,0.17978471517562866
data/cremad/audio/1028_IEO_SAD_LO.wav,1028_IEO_SAD_LO.wav,1028,train,2,sad,1,happy,0.18151980638504028
data/cremad/audio/1028_IEO_SAD_MD.wav,1028_IEO_SAD_MD.wav,1028,train,2,sad,1,happy,0.1811109185218811
data/cremad/audio/1028_IOM_ANG_XX.wav,1028_IOM_ANG_XX.wav,1028,train,3,angry,3,angry,0.1862415075302124
data/cremad/audio/1028_IOM_DIS_XX.wav,1028_IOM_DIS_XX.wav,1028,train,5,disgust,1,happy,0.18345113098621368
data/cremad/audio/1028_IOM_FEA_XX.wav,1028_IOM_FEA_XX.wav,1028,train,4,fearful,1,happy,0.18387089669704437
data/cremad/audio/1028_IOM_HAP_XX.wav,1028_IOM_HAP_XX.wav,1028,train,1,happy,1,happy,0.18417201936244965
data/cremad/audio/1028_IOM_NEU_XX.wav,1028_IOM_NEU_XX.wav,1028,train,0,neutral,1,happy,0.18243151903152466
data/cremad/audio/1028_IOM_SAD_XX.wav,1028_IOM_SAD_XX.wav,1028,train,2,sad,1,happy,0.1827746480703354
data/cremad/audio/1028_ITH_ANG_XX.wav,1028_ITH_ANG_XX.wav,1028,train,3,angry,3,angry,0.18492856621742249
data/cremad/audio/1028_ITH_DIS_XX.wav,1028_ITH_DIS_XX.wav,1028,train,5,disgust,1,happy,0.18058530986309052
data/cremad/audio/1028_ITH_FEA_XX.wav,1028_ITH_FEA_XX.wav,1028,train,4,fearful,1,happy,0.18215984106063843
data/cremad/audio/1028_ITH_HAP_XX.wav,1028_ITH_HAP_XX.wav,1028,train,1,happy,1,happy,0.18331296741962433
data/cremad/audio/1028_ITH_NEU_XX.wav,1028_ITH_NEU_XX.wav,1028,train,0,neutral,1,happy,0.18112686276435852
data/cremad/audio/1028_ITH_SAD_XX.wav,1028_ITH_SAD_XX.wav,1028,train,2,sad,1,happy,0.18257950246334076
data/cremad/audio/1028_ITS_ANG_XX.wav,1028_ITS_ANG_XX.wav,1028,train,3,angry,3,angry,0.18466778099536896
data/cremad/audio/1028_ITS_DIS_XX.wav,1028_ITS_DIS_XX.wav,1028,train,5,disgust,1,happy,0.18124714493751526
data/cremad/audio/1028_ITS_FEA_XX.wav,1028_ITS_FEA_XX.wav,1028,train,4,fearful,1,happy,0.18318957090377808
data/cremad/audio/1028_ITS_HAP_XX.wav,1028_ITS_HAP_XX.wav,1028,train,1,happy,1,happy,0.1844867765903473
data/cremad/audio/1028_ITS_NEU_XX.wav,1028_ITS_NEU_XX.wav,1028,train,0,neutral,1,happy,0.1825025975704193
data/cremad/audio/1028_ITS_SAD_XX.wav,1028_ITS_SAD_XX.wav,1028,train,2,sad,1,happy,0.1811673939228058
data/cremad/audio/1028_IWL_ANG_XX.wav,1028_IWL_ANG_XX.wav,1028,train,3,angry,3,angry,0.18494939804077148
data/cremad/audio/1028_IWL_DIS_XX.wav,1028_IWL_DIS_XX.wav,1028,train,5,disgust,1,happy,0.18227307498455048
data/cremad/audio/1028_IWL_FEA_XX.wav,1028_IWL_FEA_XX.wav,1028,train,4,fearful,1,happy,0.1805301159620285
data/cremad/audio/1028_IWL_HAP_XX.wav,1028_IWL_HAP_XX.wav,1028,train,1,happy,1,happy,0.1848258227109909
data/cremad/audio/1028_IWL_NEU_XX.wav,1028_IWL_NEU_XX.wav,1028,train,0,neutral,1,happy,0.18219658732414246
data/cremad/audio/1028_IWL_SAD_XX.wav,1028_IWL_SAD_XX.wav,1028,train,2,sad,1,happy,0.18136006593704224
data/cremad/audio/1028_IWW_ANG_XX.wav,1028_IWW_ANG_XX.wav,1028,train,3,angry,3,angry,0.18597722053527832
data/cremad/audio/1028_IWW_DIS_XX.wav,1028_IWW_DIS_XX.wav,1028,train,5,disgust,1,happy,0.1815628558397293
data/cremad/audio/1028_IWW_FEA_XX.wav,1028_IWW_FEA_XX.wav,1028,train,4,fearful,1,happy,0.18238741159439087
data/cremad/audio/1028_IWW_HAP_XX.wav,1028_IWW_HAP_XX.wav,1028,train,1,happy,1,happy,0.18465380370616913
data/cremad/audio/1028_IWW_NEU_XX.wav,1028_IWW_NEU_XX.wav,1028,train,0,neutral,1,happy,0.18316388130187988
data/cremad/audio/1028_IWW_SAD_XX.wav,1028_IWW_SAD_XX.wav,1028,train,2,sad,1,happy,0.18124237656593323
data/cremad/audio/1028_MTI_ANG_XX.wav,1028_MTI_ANG_XX.wav,1028,train,3,angry,3,angry,0.18675272166728973
data/cremad/audio/1028_MTI_DIS_XX.wav,1028_MTI_DIS_XX.wav,1028,train,5,disgust,1,happy,0.1810864806175232
data/cremad/audio/1028_MTI_FEA_XX.wav,1028_MTI_FEA_XX.wav,1028,train,4,fearful,1,happy,0.1819867491722107
data/cremad/audio/1028_MTI_HAP_XX.wav,1028_MTI_HAP_XX.wav,1028,train,1,happy,3,angry,0.18438631296157837
data/cremad/audio/1028_MTI_NEU_XX.wav,1028_MTI_NEU_XX.wav,1028,train,0,neutral,1,happy,0.1811935305595398
data/cremad/audio/1028_MTI_SAD_XX.wav,1028_MTI_SAD_XX.wav,1028,train,2,sad,3,angry,0.18120622634887695
data/cremad/audio/1028_TAI_ANG_XX.wav,1028_TAI_ANG_XX.wav,1028,train,3,angry,3,angry,0.18684513866901398
data/cremad/audio/1028_TAI_DIS_XX.wav,1028_TAI_DIS_XX.wav,1028,train,5,disgust,1,happy,0.1816108226776123
data/cremad/audio/1028_TAI_FEA_XX.wav,1028_TAI_FEA_XX.wav,1028,train,4,fearful,1,happy,0.18336422741413116
data/cremad/audio/1028_TAI_HAP_XX.wav,1028_TAI_HAP_XX.wav,1028,train,1,happy,1,happy,0.18409986793994904
data/cremad/audio/1028_TAI_NEU_XX.wav,1028_TAI_NEU_XX.wav,1028,train,0,neutral,1,happy,0.18077053129673004
data/cremad/audio/1028_TAI_SAD_XX.wav,1028_TAI_SAD_XX.wav,1028,train,2,sad,1,happy,0.18302062153816223
data/cremad/audio/1028_TIE_ANG_XX.wav,1028_TIE_ANG_XX.wav,1028,train,3,angry,3,angry,0.18385152518749237
data/cremad/audio/1028_TIE_DIS_XX.wav,1028_TIE_DIS_XX.wav,1028,train,5,disgust,1,happy,0.17967596650123596
data/cremad/audio/1028_TIE_FEA_XX.wav,1028_TIE_FEA_XX.wav,1028,train,4,fearful,1,happy,0.18211890757083893
data/cremad/audio/1028_TIE_HAP_XX.wav,1028_TIE_HAP_XX.wav,1028,train,1,happy,1,happy,0.18213829398155212
data/cremad/audio/1028_TIE_NEU_XX.wav,1028_TIE_NEU_XX.wav,1028,train,0,neutral,1,happy,0.18054644763469696
data/cremad/audio/1028_TIE_SAD_XX.wav,1028_TIE_SAD_XX.wav,1028,train,2,sad,1,happy,0.17930524051189423
data/cremad/audio/1028_TSI_ANG_XX.wav,1028_TSI_ANG_XX.wav,1028,train,3,angry,3,angry,0.18259097635746002
data/cremad/audio/1028_TSI_DIS_XX.wav,1028_TSI_DIS_XX.wav,1028,train,5,disgust,1,happy,0.18189342319965363
data/cremad/audio/1028_TSI_FEA_XX.wav,1028_TSI_FEA_XX.wav,1028,train,4,fearful,1,happy,0.18187099695205688
data/cremad/audio/1028_TSI_HAP_XX.wav,1028_TSI_HAP_XX.wav,1028,train,1,happy,1,happy,0.18256719410419464
data/cremad/audio/1028_TSI_NEU_XX.wav,1028_TSI_NEU_XX.wav,1028,train,0,neutral,1,happy,0.18143858015537262
data/cremad/audio/1028_TSI_SAD_XX.wav,1028_TSI_SAD_XX.wav,1028,train,2,sad,1,happy,0.18151022493839264
data/cremad/audio/1028_WSI_ANG_XX.wav,1028_WSI_ANG_XX.wav,1028,train,3,angry,3,angry,0.18599236011505127
data/cremad/audio/1028_WSI_DIS_XX.wav,1028_WSI_DIS_XX.wav,1028,train,5,disgust,1,happy,0.18145813047885895
data/cremad/audio/1028_WSI_FEA_XX.wav,1028_WSI_FEA_XX.wav,1028,train,4,fearful,1,happy,0.18236935138702393
data/cremad/audio/1028_WSI_HAP_XX.wav,1028_WSI_HAP_XX.wav,1028,train,1,happy,1,happy,0.18476934731006622
data/cremad/audio/1028_WSI_NEU_XX.wav,1028_WSI_NEU_XX.wav,1028,train,0,neutral,1,happy,0.1822628378868103
data/cremad/audio/1028_WSI_SAD_XX.wav,1028_WSI_SAD_XX.wav,1028,train,2,sad,1,happy,0.18277870118618011
data/cremad/audio/1029_DFA_ANG_XX.wav,1029_DFA_ANG_XX.wav,1029,train,3,angry,3,angry,0.18761007487773895
data/cremad/audio/1029_DFA_DIS_XX.wav,1029_DFA_DIS_XX.wav,1029,train,5,disgust,1,happy,0.18546338379383087
data/cremad/audio/1029_DFA_FEA_XX.wav,1029_DFA_FEA_XX.wav,1029,train,4,fearful,3,angry,0.1870419681072235
data/cremad/audio/1029_DFA_HAP_XX.wav,1029_DFA_HAP_XX.wav,1029,train,1,happy,3,angry,0.18527786433696747
data/cremad/audio/1029_DFA_NEU_XX.wav,1029_DFA_NEU_XX.wav,1029,train,0,neutral,3,angry,0.18319232761859894
data/cremad/audio/1029_DFA_SAD_XX.wav,1029_DFA_SAD_XX.wav,1029,train,2,sad,1,happy,0.18489331007003784
data/cremad/audio/1029_IEO_ANG_HI.wav,1029_IEO_ANG_HI.wav,1029,train,3,angry,3,angry,0.18559691309928894
data/cremad/audio/1029_IEO_ANG_LO.wav,1029_IEO_ANG_LO.wav,1029,train,3,angry,3,angry,0.18434178829193115
data/cremad/audio/1029_IEO_ANG_MD.wav,1029_IEO_ANG_MD.wav,1029,train,3,angry,1,happy,0.1854928731918335
data/cremad/audio/1029_IEO_DIS_HI.wav,1029_IEO_DIS_HI.wav,1029,train,5,disgust,1,happy,0.1851021647453308
data/cremad/audio/1029_IEO_DIS_LO.wav,1029_IEO_DIS_LO.wav,1029,train,5,disgust,1,happy,0.18172821402549744
data/cremad/audio/1029_IEO_DIS_MD.wav,1029_IEO_DIS_MD.wav,1029,train,5,disgust,1,happy,0.18425250053405762
data/cremad/audio/1029_IEO_FEA_HI.wav,1029_IEO_FEA_HI.wav,1029,train,4,fearful,1,happy,0.18457315862178802
data/cremad/audio/1029_IEO_FEA_LO.wav,1029_IEO_FEA_LO.wav,1029,train,4,fearful,1,happy,0.18438194692134857
data/cremad/audio/1029_IEO_FEA_MD.wav,1029_IEO_FEA_MD.wav,1029,train,4,fearful,1,happy,0.18450649082660675
data/cremad/audio/1029_IEO_HAP_HI.wav,1029_IEO_HAP_HI.wav,1029,train,1,happy,1,happy,0.18346790969371796
data/cremad/audio/1029_IEO_HAP_LO.wav,1029_IEO_HAP_LO.wav,1029,train,1,happy,1,happy,0.1844504326581955
data/cremad/audio/1029_IEO_HAP_MD.wav,1029_IEO_HAP_MD.wav,1029,train,1,happy,3,angry,0.18475370109081268
data/cremad/audio/1029_IEO_NEU_XX.wav,1029_IEO_NEU_XX.wav,1029,train,0,neutral,1,happy,0.18196584284305573
data/cremad/audio/1029_IEO_SAD_HI.wav,1029_IEO_SAD_HI.wav,1029,train,2,sad,3,angry,0.18660369515419006
data/cremad/audio/1029_IEO_SAD_LO.wav,1029_IEO_SAD_LO.wav,1029,train,2,sad,1,happy,0.18381863832473755
data/cremad/audio/1029_IEO_SAD_MD.wav,1029_IEO_SAD_MD.wav,1029,train,2,sad,1,happy,0.18184800446033478
data/cremad/audio/1029_IOM_ANG_XX.wav,1029_IOM_ANG_XX.wav,1029,train,3,angry,1,happy,0.18460215628147125
data/cremad/audio/1029_IOM_DIS_XX.wav,1029_IOM_DIS_XX.wav,1029,train,5,disgust,3,angry,0.1855640858411789
data/cremad/audio/1029_IOM_FEA_XX.wav,1029_IOM_FEA_XX.wav,1029,train,4,fearful,1,happy,0.18464066088199615
data/cremad/audio/1029_IOM_HAP_XX.wav,1029_IOM_HAP_XX.wav,1029,train,1,happy,1,happy,0.18450209498405457
data/cremad/audio/1029_IOM_NEU_XX.wav,1029_IOM_NEU_XX.wav,1029,train,0,neutral,1,happy,0.18371985852718353
data/cremad/audio/1029_IOM_SAD_XX.wav,1029_IOM_SAD_XX.wav,1029,train,2,sad,1,happy,0.18234579265117645
data/cremad/audio/1029_ITH_ANG_XX.wav,1029_ITH_ANG_XX.wav,1029,train,3,angry,3,angry,0.18771715462207794
data/cremad/audio/1029_ITH_DIS_XX.wav,1029_ITH_DIS_XX.wav,1029,train,5,disgust,1,happy,0.1839117407798767
data/cremad/audio/1029_ITH_FEA_XX.wav,1029_ITH_FEA_XX.wav,1029,train,4,fearful,3,angry,0.18432211875915527
data/cremad/audio/1029_ITH_HAP_XX.wav,1029_ITH_HAP_XX.wav,1029,train,1,happy,3,angry,0.18578864634037018
data/cremad/audio/1029_ITH_NEU_XX.wav,1029_ITH_NEU_XX.wav,1029,train,0,neutral,1,happy,0.18382872641086578
data/cremad/audio/1029_ITH_SAD_XX.wav,1029_ITH_SAD_XX.wav,1029,train,2,sad,1,happy,0.1813434362411499
data/cremad/audio/1029_ITS_ANG_XX.wav,1029_ITS_ANG_XX.wav,1029,train,3,angry,1,happy,0.1851751208305359
data/cremad/audio/1029_ITS_DIS_XX.wav,1029_ITS_DIS_XX.wav,1029,train,5,disgust,3,angry,0.1876101791858673
data/cremad/audio/1029_ITS_FEA_XX.wav,1029_ITS_FEA_XX.wav,1029,train,4,fearful,3,angry,0.1885383427143097
data/cremad/audio/1029_ITS_HAP_XX.wav,1029_ITS_HAP_XX.wav,1029,train,1,happy,1,happy,0.18391212821006775
data/cremad/audio/1029_ITS_NEU_XX.wav,1029_ITS_NEU_XX.wav,1029,train,0,neutral,1,happy,0.18556402623653412
data/cremad/audio/1029_ITS_SAD_XX.wav,1029_ITS_SAD_XX.wav,1029,train,2,sad,1,happy,0.18295466899871826
data/cremad/audio/1029_IWL_ANG_XX.wav,1029_IWL_ANG_XX.wav,1029,train,3,angry,3,angry,0.18578095734119415
data/cremad/audio/1029_IWL_DIS_XX.wav,1029_IWL_DIS_XX.wav,1029,train,5,disgust,1,happy,0.18466804921627045
data/cremad/audio/1029_IWL_FEA_XX.wav,1029_IWL_FEA_XX.wav,1029,train,4,fearful,3,angry,0.18723495304584503
data/cremad/audio/1029_IWL_HAP_XX.wav,1029_IWL_HAP_XX.wav,1029,train,1,happy,3,angry,0.18824373185634613
data/cremad/audio/1029_IWL_NEU_XX.wav,1029_IWL_NEU_XX.wav,1029,train,0,neutral,1,happy,0.1847275346517563
data/cremad/audio/1029_IWL_SAD_XX.wav,1029_IWL_SAD_XX.wav,1029,train,2,sad,1,happy,0.18286973237991333
data/cremad/audio/1029_IWW_ANG_XX.wav,1029_IWW_ANG_XX.wav,1029,train,3,angry,3,angry,0.18523627519607544
data/cremad/audio/1029_IWW_DIS_XX.wav,1029_IWW_DIS_XX.wav,1029,train,5,disgust,1,happy,0.18380135297775269
data/cremad/audio/1029_IWW_FEA_XX.wav,1029_IWW_FEA_XX.wav,1029,train,4,fearful,1,happy,0.18377427756786346
data/cremad/audio/1029_IWW_HAP_XX.wav,1029_IWW_HAP_XX.wav,1029,train,1,happy,3,angry,0.18684212863445282
data/cremad/audio/1029_IWW_NEU_XX.wav,1029_IWW_NEU_XX.wav,1029,train,0,neutral,1,happy,0.18396341800689697
data/cremad/audio/1029_IWW_SAD_XX.wav,1029_IWW_SAD_XX.wav,1029,train,2,sad,1,happy,0.18399757146835327
data/cremad/audio/1029_MTI_ANG_XX.wav,1029_MTI_ANG_XX.wav,1029,train,3,angry,3,angry,0.18791693449020386
data/cremad/audio/1029_MTI_DIS_XX.wav,1029_MTI_DIS_XX.wav,1029,train,5,disgust,3,angry,0.18666765093803406
data/cremad/audio/1029_MTI_FEA_XX.wav,1029_MTI_FEA_XX.wav,1029,train,4,fearful,3,angry,0.18701611459255219
data/cremad/audio/1029_MTI_HAP_XX.wav,1029_MTI_HAP_XX.wav,1029,train,1,happy,3,angry,0.18651792407035828
data/cremad/audio/1029_MTI_NEU_XX.wav,1029_MTI_NEU_XX.wav,1029,train,0,neutral,1,happy,0.18477852642536163
data/cremad/audio/1029_MTI_SAD_XX.wav,1029_MTI_SAD_XX.wav,1029,train,2,sad,3,angry,0.18612292408943176
data/cremad/audio/1029_TAI_ANG_XX.wav,1029_TAI_ANG_XX.wav,1029,train,3,angry,3,angry,0.18700653314590454
data/cremad/audio/1029_TAI_DIS_XX.wav,1029_TAI_DIS_XX.wav,1029,train,5,disgust,1,happy,0.18284505605697632
data/cremad/audio/1029_TAI_FEA_XX.wav,1029_TAI_FEA_XX.wav,1029,train,4,fearful,3,angry,0.18282392621040344
data/cremad/audio/1029_TAI_HAP_XX.wav,1029_TAI_HAP_XX.wav,1029,train,1,happy,3,angry,0.18575334548950195
data/cremad/audio/1029_TAI_NEU_XX.wav,1029_TAI_NEU_XX.wav,1029,train,0,neutral,1,happy,0.18405263125896454
data/cremad/audio/1029_TAI_SAD_XX.wav,1029_TAI_SAD_XX.wav,1029,train,2,sad,1,happy,0.18374577164649963
data/cremad/audio/1029_TIE_ANG_XX.wav,1029_TIE_ANG_XX.wav,1029,train,3,angry,3,angry,0.18614234030246735
data/cremad/audio/1029_TIE_DIS_XX.wav,1029_TIE_DIS_XX.wav,1029,train,5,disgust,1,happy,0.18336977064609528
data/cremad/audio/1029_TIE_FEA_XX.wav,1029_TIE_FEA_XX.wav,1029,train,4,fearful,1,happy,0.1831657588481903
data/cremad/audio/1029_TIE_HAP_XX.wav,1029_TIE_HAP_XX.wav,1029,train,1,happy,3,angry,0.1840747445821762
data/cremad/audio/1029_TIE_NEU_XX.wav,1029_TIE_NEU_XX.wav,1029,train,0,neutral,1,happy,0.18236108124256134
data/cremad/audio/1029_TIE_SAD_XX.wav,1029_TIE_SAD_XX.wav,1029,train,2,sad,1,happy,0.18006838858127594
data/cremad/audio/1029_TSI_ANG_XX.wav,1029_TSI_ANG_XX.wav,1029,train,3,angry,3,angry,0.18522843718528748
data/cremad/audio/1029_TSI_DIS_XX.wav,1029_TSI_DIS_XX.wav,1029,train,5,disgust,1,happy,0.18331564962863922
data/cremad/audio/1029_TSI_FEA_XX.wav,1029_TSI_FEA_XX.wav,1029,train,4,fearful,3,angry,0.18524806201457977
data/cremad/audio/1029_TSI_HAP_XX.wav,1029_TSI_HAP_XX.wav,1029,train,1,happy,1,happy,0.18268148601055145
data/cremad/audio/1029_TSI_NEU_XX.wav,1029_TSI_NEU_XX.wav,1029,train,0,neutral,1,happy,0.1831069141626358
data/cremad/audio/1029_TSI_SAD_XX.wav,1029_TSI_SAD_XX.wav,1029,train,2,sad,1,happy,0.1821715533733368
data/cremad/audio/1029_WSI_ANG_XX.wav,1029_WSI_ANG_XX.wav,1029,train,3,angry,3,angry,0.1858239769935608
data/cremad/audio/1029_WSI_DIS_XX.wav,1029_WSI_DIS_XX.wav,1029,train,5,disgust,3,angry,0.18432888388633728
data/cremad/audio/1029_WSI_FEA_XX.wav,1029_WSI_FEA_XX.wav,1029,train,4,fearful,1,happy,0.18407492339611053
data/cremad/audio/1029_WSI_HAP_XX.wav,1029_WSI_HAP_XX.wav,1029,train,1,happy,1,happy,0.18454334139823914
data/cremad/audio/1029_WSI_NEU_XX.wav,1029_WSI_NEU_XX.wav,1029,train,0,neutral,3,angry,0.18344277143478394
data/cremad/audio/1029_WSI_SAD_XX.wav,1029_WSI_SAD_XX.wav,1029,train,2,sad,1,happy,0.18214170634746552
data/cremad/audio/1030_DFA_ANG_XX.wav,1030_DFA_ANG_XX.wav,1030,train,3,angry,3,angry,0.18469156324863434
data/cremad/audio/1030_DFA_DIS_XX.wav,1030_DFA_DIS_XX.wav,1030,train,5,disgust,1,happy,0.18074290454387665
data/cremad/audio/1030_DFA_FEA_XX.wav,1030_DFA_FEA_XX.wav,1030,train,4,fearful,3,angry,0.1840749830007553
data/cremad/audio/1030_DFA_HAP_XX.wav,1030_DFA_HAP_XX.wav,1030,train,1,happy,3,angry,0.18572571873664856
data/cremad/audio/1030_DFA_NEU_XX.wav,1030_DFA_NEU_XX.wav,1030,train,0,neutral,1,happy,0.18188002705574036
data/cremad/audio/1030_DFA_SAD_XX.wav,1030_DFA_SAD_XX.wav,1030,train,2,sad,1,happy,0.18087933957576752
data/cremad/audio/1030_IEO_ANG_HI.wav,1030_IEO_ANG_HI.wav,1030,train,3,angry,3,angry,0.18470486998558044
data/cremad/audio/1030_IEO_ANG_LO.wav,1030_IEO_ANG_LO.wav,1030,train,3,angry,1,happy,0.1844504028558731
data/cremad/audio/1030_IEO_ANG_MD.wav,1030_IEO_ANG_MD.wav,1030,train,3,angry,3,angry,0.18397541344165802
data/cremad/audio/1030_IEO_DIS_HI.wav,1030_IEO_DIS_HI.wav,1030,train,5,disgust,1,happy,0.18446020781993866
data/cremad/audio/1030_IEO_DIS_LO.wav,1030_IEO_DIS_LO.wav,1030,train,5,disgust,1,happy,0.18420103192329407
data/cremad/audio/1030_IEO_DIS_MD.wav,1030_IEO_DIS_MD.wav,1030,train,5,disgust,1,happy,0.18370553851127625
data/cremad/audio/1030_IEO_FEA_HI.wav,1030_IEO_FEA_HI.wav,1030,train,4,fearful,3,angry,0.1849730908870697
data/cremad/audio/1030_IEO_FEA_LO.wav,1030_IEO_FEA_LO.wav,1030,train,4,fearful,1,happy,0.1834835410118103
data/cremad/audio/1030_IEO_FEA_MD.wav,1030_IEO_FEA_MD.wav,1030,train,4,fearful,1,happy,0.18226075172424316
data/cremad/audio/1030_IEO_HAP_HI.wav,1030_IEO_HAP_HI.wav,1030,train,1,happy,3,angry,0.18691183626651764
data/cremad/audio/1030_IEO_HAP_LO.wav,1030_IEO_HAP_LO.wav,1030,train,1,happy,1,happy,0.18403440713882446
data/cremad/audio/1030_IEO_HAP_MD.wav,1030_IEO_HAP_MD.wav,1030,train,1,happy,1,happy,0.1848212033510208
data/cremad/audio/1030_IEO_NEU_XX.wav,1030_IEO_NEU_XX.wav,1030,train,0,neutral,1,happy,0.183694988489151
data/cremad/audio/1030_IEO_SAD_HI.wav,1030_IEO_SAD_HI.wav,1030,train,2,sad,1,happy,0.18004630506038666
data/cremad/audio/1030_IEO_SAD_LO.wav,1030_IEO_SAD_LO.wav,1030,train,2,sad,1,happy,0.18233631551265717
data/cremad/audio/1030_IEO_SAD_MD.wav,1030_IEO_SAD_MD.wav,1030,train,2,sad,1,happy,0.18177902698516846
data/cremad/audio/1030_IOM_ANG_XX.wav,1030_IOM_ANG_XX.wav,1030,train,3,angry,3,angry,0.18617567420005798
data/cremad/audio/1030_IOM_DIS_XX.wav,1030_IOM_DIS_XX.wav,1030,train,5,disgust,1,happy,0.1811571568250656
data/cremad/audio/1030_IOM_FEA_XX.wav,1030_IOM_FEA_XX.wav,1030,train,4,fearful,1,happy,0.1815916895866394
data/cremad/audio/1030_IOM_HAP_XX.wav,1030_IOM_HAP_XX.wav,1030,train,1,happy,1,happy,0.18345583975315094
data/cremad/audio/1030_IOM_NEU_XX.wav,1030_IOM_NEU_XX.wav,1030,train,0,neutral,1,happy,0.18234354257583618
data/cremad/audio/1030_IOM_SAD_XX.wav,1030_IOM_SAD_XX.wav,1030,train,2,sad,3,angry,0.17950083315372467
data/cremad/audio/1030_ITH_ANG_XX.wav,1030_ITH_ANG_XX.wav,1030,train,3,angry,1,happy,0.18287266790866852
data/cremad/audio/1030_ITH_DIS_XX.wav,1030_ITH_DIS_XX.wav,1030,train,5,disgust,1,happy,0.18082574009895325
data/cremad/audio/1030_ITH_FEA_XX.wav,1030_ITH_FEA_XX.wav,1030,train,4,fearful,3,angry,0.18608932197093964
data/cremad/audio/1030_ITH_HAP_XX.wav,1030_ITH_HAP_XX.wav,1030,train,1,happy,3,angry,0.184446319937706
data/cremad/audio/1030_ITH_NEU_XX.wav,1030_ITH_NEU_XX.wav,1030,train,0,neutral,1,happy,0.18244658410549164
data/cremad/audio/1030_ITH_SAD_XX.wav,1030_ITH_SAD_XX.wav,1030,train,2,sad,1,happy,0.18021473288536072
data/cremad/audio/1030_ITS_ANG_XX.wav,1030_ITS_ANG_XX.wav,1030,train,3,angry,3,angry,0.18595458567142487
data/cremad/audio/1030_ITS_DIS_XX.wav,1030_ITS_DIS_XX.wav,1030,train,5,disgust,1,happy,0.18198129534721375
data/cremad/audio/1030_ITS_FEA_XX.wav,1030_ITS_FEA_XX.wav,1030,train,4,fearful,3,angry,0.18606364727020264
data/cremad/audio/1030_ITS_HAP_XX.wav,1030_ITS_HAP_XX.wav,1030,train,1,happy,1,happy,0.18511441349983215
data/cremad/audio/1030_ITS_NEU_XX.wav,1030_ITS_NEU_XX.wav,1030,train,0,neutral,1,happy,0.18332253396511078
data/cremad/audio/1030_ITS_SAD_XX.wav,1030_ITS_SAD_XX.wav,1030,train,2,sad,1,happy,0.18118977546691895
data/cremad/audio/1030_IWL_ANG_XX.wav,1030_IWL_ANG_XX.wav,1030,train,3,angry,3,angry,0.18729208409786224
data/cremad/audio/1030_IWL_DIS_XX.wav,1030_IWL_DIS_XX.wav,1030,train,5,disgust,1,happy,0.1824859231710434
data/cremad/audio/1030_IWL_FEA_XX.wav,1030_IWL_FEA_XX.wav,1030,train,4,fearful,3,angry,0.18736392259597778
data/cremad/audio/1030_IWL_HAP_XX.wav,1030_IWL_HAP_XX.wav,1030,train,1,happy,1,happy,0.18412047624588013
data/cremad/audio/1030_IWL_NEU_XX.wav,1030_IWL_NEU_XX.wav,1030,train,0,neutral,1,happy,0.18515242636203766
data/cremad/audio/1030_IWL_SAD_XX.wav,1030_IWL_SAD_XX.wav,1030,train,2,sad,3,angry,0.18150261044502258
data/cremad/audio/1030_IWW_ANG_XX.wav,1030_IWW_ANG_XX.wav,1030,train,3,angry,1,happy,0.18299682438373566
data/cremad/audio/1030_IWW_DIS_XX.wav,1030_IWW_DIS_XX.wav,1030,train,5,disgust,1,happy,0.1811922788619995
data/cremad/audio/1030_IWW_FEA_XX.wav,1030_IWW_FEA_XX.wav,1030,train,4,fearful,1,happy,0.18143750727176666
data/cremad/audio/1030_IWW_HAP_XX.wav,1030_IWW_HAP_XX.wav,1030,train,1,happy,1,happy,0.18364141881465912
data/cremad/audio/1030_IWW_NEU_XX.wav,1030_IWW_NEU_XX.wav,1030,train,0,neutral,1,happy,0.18275566399097443
data/cremad/audio/1030_IWW_SAD_XX.wav,1030_IWW_SAD_XX.wav,1030,train,2,sad,1,happy,0.18028180301189423
data/cremad/audio/1030_MTI_ANG_XX.wav,1030_MTI_ANG_XX.wav,1030,train,3,angry,1,happy,0.18333466351032257
data/cremad/audio/1030_MTI_DIS_XX.wav,1030_MTI_DIS_XX.wav,1030,train,5,disgust,1,happy,0.1803412288427353
data/cremad/audio/1030_MTI_FEA_XX.wav,1030_MTI_FEA_XX.wav,1030,train,4,fearful,3,angry,0.18792448937892914
data/cremad/audio/1030_MTI_HAP_XX.wav,1030_MTI_HAP_XX.wav,1030,train,1,happy,3,angry,0.18390235304832458
data/cremad/audio/1030_MTI_NEU_XX.wav,1030_MTI_NEU_XX.wav,1030,train,0,neutral,1,happy,0.1831788718700409
data/cremad/audio/1030_MTI_SAD_XX.wav,1030_MTI_SAD_XX.wav,1030,train,2,sad,1,happy,0.17930938303470612
data/cremad/audio/1030_TAI_ANG_XX.wav,1030_TAI_ANG_XX.wav,1030,train,3,angry,1,happy,0.18359887599945068
data/cremad/audio/1030_TAI_DIS_XX.wav,1030_TAI_DIS_XX.wav,1030,train,5,disgust,3,angry,0.18667548894882202
data/cremad/audio/1030_TAI_FEA_XX.wav,1030_TAI_FEA_XX.wav,1030,train,4,fearful,3,angry,0.18548016250133514
data/cremad/audio/1030_TAI_HAP_XX.wav,1030_TAI_HAP_XX.wav,1030,train,1,happy,3,angry,0.1840299814939499
data/cremad/audio/1030_TAI_NEU_XX.wav,1030_TAI_NEU_XX.wav,1030,train,0,neutral,1,happy,0.18281686305999756
data/cremad/audio/1030_TAI_SAD_XX.wav,1030_TAI_SAD_XX.wav,1030,train,2,sad,3,angry,0.1829775720834732
data/cremad/audio/1030_TIE_ANG_XX.wav,1030_TIE_ANG_XX.wav,1030,train,3,angry,3,angry,0.18487630784511566
data/cremad/audio/1030_TIE_DIS_XX.wav,1030_TIE_DIS_XX.wav,1030,train,5,disgust,3,angry,0.18406496942043304
data/cremad/audio/1030_TIE_FEA_XX.wav,1030_TIE_FEA_XX.wav,1030,train,4,fearful,3,angry,0.18550807237625122
data/cremad/audio/1030_TIE_HAP_XX.wav,1030_TIE_HAP_XX.wav,1030,train,1,happy,1,happy,0.18160590529441833
data/cremad/audio/1030_TIE_NEU_XX.wav,1030_TIE_NEU_XX.wav,1030,train,0,neutral,1,happy,0.1809941828250885
data/cremad/audio/1030_TIE_SAD_XX.wav,1030_TIE_SAD_XX.wav,1030,train,2,sad,1,happy,0.17975370585918427
data/cremad/audio/1030_TSI_ANG_XX.wav,1030_TSI_ANG_XX.wav,1030,train,3,angry,3,angry,0.1854572743177414
data/cremad/audio/1030_TSI_DIS_XX.wav,1030_TSI_DIS_XX.wav,1030,train,5,disgust,1,happy,0.18031230568885803
data/cremad/audio/1030_TSI_FEA_XX.wav,1030_TSI_FEA_XX.wav,1030,train,4,fearful,1,happy,0.18404735624790192
data/cremad/audio/1030_TSI_HAP_XX.wav,1030_TSI_HAP_XX.wav,1030,train,1,happy,3,angry,0.18530899286270142
data/cremad/audio/1030_TSI_NEU_XX.wav,1030_TSI_NEU_XX.wav,1030,train,0,neutral,1,happy,0.18061885237693787
data/cremad/audio/1030_TSI_SAD_XX.wav,1030_TSI_SAD_XX.wav,1030,train,2,sad,1,happy,0.18094313144683838
data/cremad/audio/1030_WSI_ANG_XX.wav,1030_WSI_ANG_XX.wav,1030,train,3,angry,3,angry,0.18454758822917938
data/cremad/audio/1030_WSI_DIS_XX.wav,1030_WSI_DIS_XX.wav,1030,train,5,disgust,3,angry,0.1857195943593979
data/cremad/audio/1030_WSI_FEA_XX.wav,1030_WSI_FEA_XX.wav,1030,train,4,fearful,3,angry,0.18651175498962402
data/cremad/audio/1030_WSI_HAP_XX.wav,1030_WSI_HAP_XX.wav,1030,train,1,happy,3,angry,0.18682964146137238
data/cremad/audio/1030_WSI_NEU_XX.wav,1030_WSI_NEU_XX.wav,1030,train,0,neutral,1,happy,0.18451723456382751
data/cremad/audio/1030_WSI_SAD_XX.wav,1030_WSI_SAD_XX.wav,1030,train,2,sad,1,happy,0.18240703642368317
data/cremad/audio/1032_DFA_ANG_XX.wav,1032_DFA_ANG_XX.wav,1032,train,3,angry,3,angry,0.1838628351688385
data/cremad/audio/1032_DFA_DIS_XX.wav,1032_DFA_DIS_XX.wav,1032,train,5,disgust,1,happy,0.1811738908290863
data/cremad/audio/1032_DFA_FEA_XX.wav,1032_DFA_FEA_XX.wav,1032,train,4,fearful,1,happy,0.1819862723350525
data/cremad/audio/1032_DFA_HAP_XX.wav,1032_DFA_HAP_XX.wav,1032,train,1,happy,1,happy,0.18314363062381744
data/cremad/audio/1032_DFA_NEU_XX.wav,1032_DFA_NEU_XX.wav,1032,train,0,neutral,1,happy,0.1834867298603058
data/cremad/audio/1032_DFA_SAD_XX.wav,1032_DFA_SAD_XX.wav,1032,train,2,sad,1,happy,0.1826123595237732
data/cremad/audio/1032_IEO_ANG_HI.wav,1032_IEO_ANG_HI.wav,1032,train,3,angry,3,angry,0.18593770265579224
data/cremad/audio/1032_IEO_ANG_LO.wav,1032_IEO_ANG_LO.wav,1032,train,3,angry,3,angry,0.18569213151931763
data/cremad/audio/1032_IEO_ANG_MD.wav,1032_IEO_ANG_MD.wav,1032,train,3,angry,3,angry,0.1892816424369812
data/cremad/audio/1032_IEO_DIS_HI.wav,1032_IEO_DIS_HI.wav,1032,train,5,disgust,3,angry,0.18411947786808014
data/cremad/audio/1032_IEO_DIS_LO.wav,1032_IEO_DIS_LO.wav,1032,train,5,disgust,1,happy,0.18329168856143951
data/cremad/audio/1032_IEO_DIS_MD.wav,1032_IEO_DIS_MD.wav,1032,train,5,disgust,1,happy,0.18228185176849365
data/cremad/audio/1032_IEO_FEA_HI.wav,1032_IEO_FEA_HI.wav,1032,train,4,fearful,3,angry,0.18367375433444977
data/cremad/audio/1032_IEO_FEA_LO.wav,1032_IEO_FEA_LO.wav,1032,train,4,fearful,1,happy,0.18358688056468964
data/cremad/audio/1032_IEO_FEA_MD.wav,1032_IEO_FEA_MD.wav,1032,train,4,fearful,1,happy,0.1837405413389206
data/cremad/audio/1032_IEO_HAP_HI.wav,1032_IEO_HAP_HI.wav,1032,train,1,happy,1,happy,0.18357573449611664
data/cremad/audio/1032_IEO_HAP_LO.wav,1032_IEO_HAP_LO.wav,1032,train,1,happy,1,happy,0.18284407258033752
data/cremad/audio/1032_IEO_HAP_MD.wav,1032_IEO_HAP_MD.wav,1032,train,1,happy,1,happy,0.18224073946475983
data/cremad/audio/1032_IEO_NEU_XX.wav,1032_IEO_NEU_XX.wav,1032,train,0,neutral,1,happy,0.18372491002082825
data/cremad/audio/1032_IEO_SAD_HI.wav,1032_IEO_SAD_HI.wav,1032,train,2,sad,1,happy,0.18371914327144623
data/cremad/audio/1032_IEO_SAD_LO.wav,1032_IEO_SAD_LO.wav,1032,train,2,sad,1,happy,0.18243931233882904
data/cremad/audio/1032_IEO_SAD_MD.wav,1032_IEO_SAD_MD.wav,1032,train,2,sad,1,happy,0.18146657943725586
data/cremad/audio/1032_IOM_ANG_XX.wav,1032_IOM_ANG_XX.wav,1032,train,3,angry,1,happy,0.18319988250732422
data/cremad/audio/1032_IOM_DIS_XX.wav,1032_IOM_DIS_XX.wav,1032,train,5,disgust,1,happy,0.18051637709140778
data/cremad/audio/1032_IOM_FEA_XX.wav,1032_IOM_FEA_XX.wav,1032,train,4,fearful,1,happy,0.18127703666687012
data/cremad/audio/1032_IOM_HAP_XX.wav,1032_IOM_HAP_XX.wav,1032,train,1,happy,1,happy,0.18464918434619904
data/cremad/audio/1032_IOM_NEU_XX.wav,1032_IOM_NEU_XX.wav,1032,train,0,neutral,1,happy,0.1842641979455948
data/cremad/audio/1032_IOM_SAD_XX.wav,1032_IOM_SAD_XX.wav,1032,train,2,sad,1,happy,0.1828329712152481
data/cremad/audio/1032_ITH_ANG_XX.wav,1032_ITH_ANG_XX.wav,1032,train,3,angry,3,angry,0.18596525490283966
data/cremad/audio/1032_ITH_DIS_XX.wav,1032_ITH_DIS_XX.wav,1032,train,5,disgust,1,happy,0.17882683873176575
data/cremad/audio/1032_ITH_FEA_XX.wav,1032_ITH_FEA_XX.wav,1032,train,4,fearful,1,happy,0.18171420693397522
data/cremad/audio/1032_ITH_HAP_XX.wav,1032_ITH_HAP_XX.wav,1032,train,1,happy,3,angry,0.18461716175079346
data/cremad/audio/1032_ITH_NEU_XX.wav,1032_ITH_NEU_XX.wav,1032,train,0,neutral,1,happy,0.18581293523311615
data/cremad/audio/1032_ITH_SAD_XX.wav,1032_ITH_SAD_XX.wav,1032,train,2,sad,1,happy,0.18192170560359955
data/cremad/audio/1032_ITS_ANG_XX.wav,1032_ITS_ANG_XX.wav,1032,train,3,angry,3,angry,0.1845848560333252
data/cremad/audio/1032_ITS_DIS_XX.wav,1032_ITS_DIS_XX.wav,1032,train,5,disgust,3,angry,0.18343402445316315
data/cremad/audio/1032_ITS_FEA_XX.wav,1032_ITS_FEA_XX.wav,1032,train,4,fearful,1,happy,0.1819363385438919
data/cremad/audio/1032_ITS_HAP_XX.wav,1032_ITS_HAP_XX.wav,1032,train,1,happy,1,happy,0.1824604868888855
data/cremad/audio/1032_ITS_NEU_XX.wav,1032_ITS_NEU_XX.wav,1032,train,0,neutral,1,happy,0.1841660588979721
data/cremad/audio/1032_ITS_SAD_XX.wav,1032_ITS_SAD_XX.wav,1032,train,2,sad,1,happy,0.1822553426027298
data/cremad/audio/1032_IWL_ANG_XX.wav,1032_IWL_ANG_XX.wav,1032,train,3,angry,3,angry,0.1862507313489914
data/cremad/audio/1032_IWL_DIS_XX.wav,1032_IWL_DIS_XX.wav,1032,train,5,disgust,3,angry,0.18496331572532654
data/cremad/audio/1032_IWL_FEA_XX.wav,1032_IWL_FEA_XX.wav,1032,train,4,fearful,3,angry,0.18347735702991486
data/cremad/audio/1032_IWL_HAP_XX.wav,1032_IWL_HAP_XX.wav,1032,train,1,happy,3,angry,0.1851859837770462
data/cremad/audio/1032_IWL_NEU_XX.wav,1032_IWL_NEU_XX.wav,1032,train,0,neutral,1,happy,0.18451645970344543
data/cremad/audio/1032_IWL_SAD_XX.wav,1032_IWL_SAD_XX.wav,1032,train,2,sad,3,angry,0.18375304341316223
data/cremad/audio/1032_IWW_ANG_XX.wav,1032_IWW_ANG_XX.wav,1032,train,3,angry,3,angry,0.18645277619361877
data/cremad/audio/1032_IWW_DIS_XX.wav,1032_IWW_DIS_XX.wav,1032,train,5,disgust,1,happy,0.1832471638917923
data/cremad/audio/1032_IWW_FEA_XX.wav,1032_IWW_FEA_XX.wav,1032,train,4,fearful,1,happy,0.18046802282333374
data/cremad/audio/1032_IWW_HAP_XX.wav,1032_IWW_HAP_XX.wav,1032,train,1,happy,1,happy,0.1825869083404541
data/cremad/audio/1032_IWW_NEU_XX.wav,1032_IWW_NEU_XX.wav,1032,train,0,neutral,1,happy,0.18313927948474884
data/cremad/audio/1032_IWW_SAD_XX.wav,1032_IWW_SAD_XX.wav,1032,train,2,sad,1,happy,0.18179315328598022
data/cremad/audio/1032_MTI_ANG_XX.wav,1032_MTI_ANG_XX.wav,1032,train,3,angry,3,angry,0.18253841996192932
data/cremad/audio/1032_MTI_DIS_XX.wav,1032_MTI_DIS_XX.wav,1032,train,5,disgust,3,angry,0.18138349056243896
data/cremad/audio/1032_MTI_FEA_XX.wav,1032_MTI_FEA_XX.wav,1032,train,4,fearful,1,happy,0.1812390685081482
data/cremad/audio/1032_MTI_HAP_XX.wav,1032_MTI_HAP_XX.wav,1032,train,1,happy,1,happy,0.1828237771987915
data/cremad/audio/1032_MTI_NEU_XX.wav,1032_MTI_NEU_XX.wav,1032,train,0,neutral,1,happy,0.18174712359905243
data/cremad/audio/1032_MTI_SAD_XX.wav,1032_MTI_SAD_XX.wav,1032,train,2,sad,1,happy,0.18044109642505646
data/cremad/audio/1032_TAI_ANG_XX.wav,1032_TAI_ANG_XX.wav,1032,train,3,angry,3,angry,0.18367865681648254
data/cremad/audio/1032_TAI_DIS_XX.wav,1032_TAI_DIS_XX.wav,1032,train,5,disgust,1,happy,0.17957785725593567
data/cremad/audio/1032_TAI_FEA_XX.wav,1032_TAI_FEA_XX.wav,1032,train,4,fearful,1,happy,0.1800292432308197
data/cremad/audio/1032_TAI_HAP_XX.wav,1032_TAI_HAP_XX.wav,1032,train,1,happy,1,happy,0.18321430683135986
data/cremad/audio/1032_TAI_NEU_XX.wav,1032_TAI_NEU_XX.wav,1032,train,0,neutral,3,angry,0.18210884928703308
data/cremad/audio/1032_TAI_SAD_XX.wav,1032_TAI_SAD_XX.wav,1032,train,2,sad,1,happy,0.18117357790470123
data/cremad/audio/1032_TIE_ANG_XX.wav,1032_TIE_ANG_XX.wav,1032,train,3,angry,3,angry,0.1839149445295334
data/cremad/audio/1032_TIE_DIS_XX.wav,1032_TIE_DIS_XX.wav,1032,train,5,disgust,1,happy,0.1810276359319687
data/cremad/audio/1032_TIE_FEA_XX.wav,1032_TIE_FEA_XX.wav,1032,train,4,fearful,1,happy,0.18036213517189026
data/cremad/audio/1032_TIE_HAP_XX.wav,1032_TIE_HAP_XX.wav,1032,train,1,happy,3,angry,0.18240481615066528
data/cremad/audio/1032_TIE_NEU_XX.wav,1032_TIE_NEU_XX.wav,1032,train,0,neutral,1,happy,0.18314199149608612
data/cremad/audio/1032_TIE_SAD_XX.wav,1032_TIE_SAD_XX.wav,1032,train,2,sad,3,angry,0.1809472292661667
data/cremad/audio/1032_TSI_ANG_XX.wav,1032_TSI_ANG_XX.wav,1032,train,3,angry,3,angry,0.18316444754600525
data/cremad/audio/1032_TSI_DIS_XX.wav,1032_TSI_DIS_XX.wav,1032,train,5,disgust,1,happy,0.1811452955007553
data/cremad/audio/1032_TSI_FEA_XX.wav,1032_TSI_FEA_XX.wav,1032,train,4,fearful,1,happy,0.18300051987171173
data/cremad/audio/1032_TSI_HAP_XX.wav,1032_TSI_HAP_XX.wav,1032,train,1,happy,3,angry,0.1840633600950241
data/cremad/audio/1032_TSI_NEU_XX.wav,1032_TSI_NEU_XX.wav,1032,train,0,neutral,1,happy,0.18179233372211456
data/cremad/audio/1032_TSI_SAD_XX.wav,1032_TSI_SAD_XX.wav,1032,train,2,sad,1,happy,0.18161725997924805
data/cremad/audio/1032_WSI_ANG_XX.wav,1032_WSI_ANG_XX.wav,1032,train,3,angry,3,angry,0.1847674399614334
data/cremad/audio/1032_WSI_DIS_XX.wav,1032_WSI_DIS_XX.wav,1032,train,5,disgust,3,angry,0.18181045353412628
data/cremad/audio/1032_WSI_FEA_XX.wav,1032_WSI_FEA_XX.wav,1032,train,4,fearful,1,happy,0.18220750987529755
data/cremad/audio/1032_WSI_HAP_XX.wav,1032_WSI_HAP_XX.wav,1032,train,1,happy,1,happy,0.18440616130828857
data/cremad/audio/1032_WSI_NEU_XX.wav,1032_WSI_NEU_XX.wav,1032,train,0,neutral,3,angry,0.18457475304603577
data/cremad/audio/1032_WSI_SAD_XX.wav,1032_WSI_SAD_XX.wav,1032,train,2,sad,1,happy,0.1821282058954239
data/cremad/audio/1033_DFA_ANG_XX.wav,1033_DFA_ANG_XX.wav,1033,train,3,angry,3,angry,0.18804223835468292
data/cremad/audio/1033_DFA_DIS_XX.wav,1033_DFA_DIS_XX.wav,1033,train,5,disgust,1,happy,0.18217895925045013
data/cremad/audio/1033_DFA_FEA_XX.wav,1033_DFA_FEA_XX.wav,1033,train,4,fearful,3,angry,0.1880687177181244
data/cremad/audio/1033_DFA_HAP_XX.wav,1033_DFA_HAP_XX.wav,1033,train,1,happy,3,angry,0.1798245906829834
data/cremad/audio/1033_DFA_NEU_XX.wav,1033_DFA_NEU_XX.wav,1033,train,0,neutral,1,happy,0.18169426918029785
data/cremad/audio/1033_DFA_SAD_XX.wav,1033_DFA_SAD_XX.wav,1033,train,2,sad,1,happy,0.18247085809707642
data/cremad/audio/1033_IEO_ANG_HI.wav,1033_IEO_ANG_HI.wav,1033,train,3,angry,3,angry,0.18637855350971222
data/cremad/audio/1033_IEO_ANG_LO.wav,1033_IEO_ANG_LO.wav,1033,train,3,angry,1,happy,0.1840057075023651
data/cremad/audio/1033_IEO_ANG_MD.wav,1033_IEO_ANG_MD.wav,1033,train,3,angry,3,angry,0.1865309327840805
data/cremad/audio/1033_IEO_DIS_HI.wav,1033_IEO_DIS_HI.wav,1033,train,5,disgust,3,angry,0.18499864637851715
data/cremad/audio/1033_IEO_DIS_LO.wav,1033_IEO_DIS_LO.wav,1033,train,5,disgust,1,happy,0.18140113353729248
data/cremad/audio/1033_IEO_DIS_MD.wav,1033_IEO_DIS_MD.wav,1033,train,5,disgust,1,happy,0.1828048974275589
data/cremad/audio/1033_IEO_FEA_HI.wav,1033_IEO_FEA_HI.wav,1033,train,4,fearful,3,angry,0.1863739788532257
data/cremad/audio/1033_IEO_FEA_LO.wav,1033_IEO_FEA_LO.wav,1033,train,4,fearful,1,happy,0.18302588164806366
data/cremad/audio/1033_IEO_FEA_MD.wav,1033_IEO_FEA_MD.wav,1033,train,4,fearful,1,happy,0.1828160434961319
data/cremad/audio/1033_IEO_HAP_HI.wav,1033_IEO_HAP_HI.wav,1033,train,1,happy,1,happy,0.18459099531173706
data/cremad/audio/1033_IEO_HAP_LO.wav,1033_IEO_HAP_LO.wav,1033,train,1,happy,1,happy,0.18361251056194305
data/cremad/audio/1033_IEO_HAP_MD.wav,1033_IEO_HAP_MD.wav,1033,train,1,happy,1,happy,0.18362733721733093
data/cremad/audio/1033_IEO_NEU_XX.wav,1033_IEO_NEU_XX.wav,1033,train,0,neutral,1,happy,0.18396897614002228
data/cremad/audio/1033_IEO_SAD_HI.wav,1033_IEO_SAD_HI.wav,1033,train,2,sad,1,happy,0.18074975907802582
data/cremad/audio/1033_IEO_SAD_LO.wav,1033_IEO_SAD_LO.wav,1033,train,2,sad,1,happy,0.18021292984485626
data/cremad/audio/1033_IEO_SAD_MD.wav,1033_IEO_SAD_MD.wav,1033,train,2,sad,1,happy,0.18037311732769012
data/cremad/audio/1033_IOM_ANG_XX.wav,1033_IOM_ANG_XX.wav,1033,train,3,angry,3,angry,0.18318776786327362
data/cremad/audio/1033_IOM_DIS_XX.wav,1033_IOM_DIS_XX.wav,1033,train,5,disgust,1,happy,0.18323300778865814
data/cremad/audio/1033_IOM_FEA_XX.wav,1033_IOM_FEA_XX.wav,1033,train,4,fearful,1,happy,0.1817619949579239
data/cremad/audio/1033_IOM_HAP_XX.wav,1033_IOM_HAP_XX.wav,1033,train,1,happy,3,angry,0.1839003562927246
data/cremad/audio/1033_IOM_NEU_XX.wav,1033_IOM_NEU_XX.wav,1033,train,0,neutral,1,happy,0.18362341821193695
data/cremad/audio/1033_IOM_SAD_XX.wav,1033_IOM_SAD_XX.wav,1033,train,2,sad,1,happy,0.1831108033657074
data/cremad/audio/1033_ITH_ANG_XX.wav,1033_ITH_ANG_XX.wav,1033,train,3,angry,3,angry,0.18435116112232208
data/cremad/audio/1033_ITH_DIS_XX.wav,1033_ITH_DIS_XX.wav,1033,train,5,disgust,3,angry,0.18176910281181335
data/cremad/audio/1033_ITH_FEA_XX.wav,1033_ITH_FEA_XX.wav,1033,train,4,fearful,1,happy,0.1822548359632492
data/cremad/audio/1033_ITH_HAP_XX.wav,1033_ITH_HAP_XX.wav,1033,train,1,happy,1,happy,0.18360720574855804
data/cremad/audio/1033_ITH_NEU_XX.wav,1033_ITH_NEU_XX.wav,1033,train,0,neutral,3,angry,0.18472552299499512
data/cremad/audio/1033_ITH_SAD_XX.wav,1033_ITH_SAD_XX.wav,1033,train,2,sad,3,angry,0.18421529233455658
data/cremad/audio/1033_ITS_ANG_XX.wav,1033_ITS_ANG_XX.wav,1033,train,3,angry,3,angry,0.18442276120185852
data/cremad/audio/1033_ITS_DIS_XX.wav,1033_ITS_DIS_XX.wav,1033,train,5,disgust,3,angry,0.1817389726638794
data/cremad/audio/1033_ITS_FEA_XX.wav,1033_ITS_FEA_XX.wav,1033,train,4,fearful,1,happy,0.18335340917110443
data/cremad/audio/1033_ITS_HAP_XX.wav,1033_ITS_HAP_XX.wav,1033,train,1,happy,3,angry,0.18363751471042633
data/cremad/audio/1033_ITS_NEU_XX.wav,1033_ITS_NEU_XX.wav,1033,train,0,neutral,1,happy,0.18345928192138672
data/cremad/audio/1033_ITS_SAD_XX.wav,1033_ITS_SAD_XX.wav,1033,train,2,sad,1,happy,0.18130196630954742
data/cremad/audio/1033_IWL_ANG_XX.wav,1033_IWL_ANG_XX.wav,1033,train,3,angry,3,angry,0.18793940544128418
data/cremad/audio/1033_IWL_DIS_XX.wav,1033_IWL_DIS_XX.wav,1033,train,5,disgust,3,angry,0.18278589844703674
data/cremad/audio/1033_IWL_FEA_XX.wav,1033_IWL_FEA_XX.wav,1033,train,4,fearful,3,angry,0.1836293339729309
data/cremad/audio/1033_IWL_HAP_XX.wav,1033_IWL_HAP_XX.wav,1033,train,1,happy,3,angry,0.18569062650203705
data/cremad/audio/1033_IWL_NEU_XX.wav,1033_IWL_NEU_XX.wav,1033,train,0,neutral,1,happy,0.18283003568649292
data/cremad/audio/1033_IWL_SAD_XX.wav,1033_IWL_SAD_XX.wav,1033,train,2,sad,1,happy,0.18323566019535065
data/cremad/audio/1033_IWW_ANG_XX.wav,1033_IWW_ANG_XX.wav,1033,train,3,angry,3,angry,0.18423298001289368
data/cremad/audio/1033_IWW_DIS_XX.wav,1033_IWW_DIS_XX.wav,1033,train,5,disgust,1,happy,0.18286751210689545
data/cremad/audio/1033_IWW_FEA_XX.wav,1033_IWW_FEA_XX.wav,1033,train,4,fearful,1,happy,0.1819840520620346
data/cremad/audio/1033_IWW_HAP_XX.wav,1033_IWW_HAP_XX.wav,1033,train,1,happy,3,angry,0.185099259018898
data/cremad/audio/1033_IWW_NEU_XX.wav,1033_IWW_NEU_XX.wav,1033,train,0,neutral,1,happy,0.1840810328722
data/cremad/audio/1033_IWW_SAD_XX.wav,1033_IWW_SAD_XX.wav,1033,train,2,sad,1,happy,0.18306653201580048
data/cremad/audio/1033_MTI_ANG_XX.wav,1033_MTI_ANG_XX.wav,1033,train,3,angry,3,angry,0.18486417829990387
data/cremad/audio/1033_MTI_DIS_XX.wav,1033_MTI_DIS_XX.wav,1033,train,5,disgust,1,happy,0.1826884150505066
data/cremad/audio/1033_MTI_FEA_XX.wav,1033_MTI_FEA_XX.wav,1033,train,4,fearful,3,angry,0.18676622211933136
data/cremad/audio/1033_MTI_HAP_XX.wav,1033_MTI_HAP_XX.wav,1033,train,1,happy,1,happy,0.18262434005737305
data/cremad/audio/1033_MTI_NEU_XX.wav,1033_MTI_NEU_XX.wav,1033,train,0,neutral,1,happy,0.18361978232860565
data/cremad/audio/1033_MTI_SAD_XX.wav,1033_MTI_SAD_XX.wav,1033,train,2,sad,1,happy,0.18231898546218872
data/cremad/audio/1033_TAI_ANG_XX.wav,1033_TAI_ANG_XX.wav,1033,train,3,angry,3,angry,0.18488509953022003
data/cremad/audio/1033_TAI_DIS_XX.wav,1033_TAI_DIS_XX.wav,1033,train,5,disgust,3,angry,0.18799589574337006
data/cremad/audio/1033_TAI_FEA_XX.wav,1033_TAI_FEA_XX.wav,1033,train,4,fearful,3,angry,0.18421423435211182
data/cremad/audio/1033_TAI_HAP_XX.wav,1033_TAI_HAP_XX.wav,1033,train,1,happy,3,angry,0.1875726580619812
data/cremad/audio/1033_TAI_NEU_XX.wav,1033_TAI_NEU_XX.wav,1033,train,0,neutral,1,happy,0.18334533274173737
data/cremad/audio/1033_TAI_SAD_XX.wav,1033_TAI_SAD_XX.wav,1033,train,2,sad,1,happy,0.18211093544960022
data/cremad/audio/1033_TIE_ANG_XX.wav,1033_TIE_ANG_XX.wav,1033,train,3,angry,3,angry,0.1871042549610138
data/cremad/audio/1033_TIE_DIS_XX.wav,1033_TIE_DIS_XX.wav,1033,train,5,disgust,3,angry,0.18301452696323395
data/cremad/audio/1033_TIE_FEA_XX.wav,1033_TIE_FEA_XX.wav,1033,train,4,fearful,1,happy,0.18132326006889343
data/cremad/audio/1033_TIE_HAP_XX.wav,1033_TIE_HAP_XX.wav,1033,train,1,happy,3,angry,0.18555334210395813
data/cremad/audio/1033_TIE_NEU_XX.wav,1033_TIE_NEU_XX.wav,1033,train,0,neutral,1,happy,0.1817084401845932
data/cremad/audio/1033_TIE_SAD_XX.wav,1033_TIE_SAD_XX.wav,1033,train,2,sad,1,happy,0.179046168923378
data/cremad/audio/1033_TSI_ANG_XX.wav,1033_TSI_ANG_XX.wav,1033,train,3,angry,3,angry,0.18533290922641754
data/cremad/audio/1033_TSI_DIS_XX.wav,1033_TSI_DIS_XX.wav,1033,train,5,disgust,1,happy,0.18318408727645874
data/cremad/audio/1033_TSI_FEA_XX.wav,1033_TSI_FEA_XX.wav,1033,train,4,fearful,3,angry,0.1854725033044815
data/cremad/audio/1033_TSI_HAP_XX.wav,1033_TSI_HAP_XX.wav,1033,train,1,happy,3,angry,0.18593688309192657
data/cremad/audio/1033_TSI_NEU_XX.wav,1033_TSI_NEU_XX.wav,1033,train,0,neutral,1,happy,0.18228159844875336
data/cremad/audio/1033_TSI_SAD_XX.wav,1033_TSI_SAD_XX.wav,1033,train,2,sad,1,happy,0.18091842532157898
data/cremad/audio/1033_WSI_ANG_XX.wav,1033_WSI_ANG_XX.wav,1033,train,3,angry,1,happy,0.18341925740242004
data/cremad/audio/1033_WSI_DIS_XX.wav,1033_WSI_DIS_XX.wav,1033,train,5,disgust,3,angry,0.18473732471466064
data/cremad/audio/1033_WSI_FEA_XX.wav,1033_WSI_FEA_XX.wav,1033,train,4,fearful,3,angry,0.1846836507320404
data/cremad/audio/1033_WSI_HAP_XX.wav,1033_WSI_HAP_XX.wav,1033,train,1,happy,1,happy,0.18446694314479828
data/cremad/audio/1033_WSI_NEU_XX.wav,1033_WSI_NEU_XX.wav,1033,train,0,neutral,1,happy,0.18484942615032196
data/cremad/audio/1033_WSI_SAD_XX.wav,1033_WSI_SAD_XX.wav,1033,train,2,sad,3,angry,0.18321511149406433
data/cremad/audio/1034_DFA_ANG_XX.wav,1034_DFA_ANG_XX.wav,1034,train,3,angry,3,angry,0.18556033074855804
data/cremad/audio/1034_DFA_DIS_XX.wav,1034_DFA_DIS_XX.wav,1034,train,5,disgust,1,happy,0.18282656371593475
data/cremad/audio/1034_DFA_FEA_XX.wav,1034_DFA_FEA_XX.wav,1034,train,4,fearful,1,happy,0.18395723402500153
data/cremad/audio/1034_DFA_HAP_XX.wav,1034_DFA_HAP_XX.wav,1034,train,1,happy,1,happy,0.18331800401210785
data/cremad/audio/1034_DFA_NEU_XX.wav,1034_DFA_NEU_XX.wav,1034,train,0,neutral,1,happy,0.18490713834762573
data/cremad/audio/1034_DFA_SAD_XX.wav,1034_DFA_SAD_XX.wav,1034,train,2,sad,1,happy,0.18063993752002716
data/cremad/audio/1034_IEO_ANG_HI.wav,1034_IEO_ANG_HI.wav,1034,train,3,angry,1,happy,0.18413494527339935
data/cremad/audio/1034_IEO_ANG_LO.wav,1034_IEO_ANG_LO.wav,1034,train,3,angry,1,happy,0.18296784162521362
data/cremad/audio/1034_IEO_ANG_MD.wav,1034_IEO_ANG_MD.wav,1034,train,3,angry,1,happy,0.18425211310386658
data/cremad/audio/1034_IEO_DIS_HI.wav,1034_IEO_DIS_HI.wav,1034,train,5,disgust,3,angry,0.18872098624706268
data/cremad/audio/1034_IEO_DIS_LO.wav,1034_IEO_DIS_LO.wav,1034,train,5,disgust,1,happy,0.18141651153564453
data/cremad/audio/1034_IEO_DIS_MD.wav,1034_IEO_DIS_MD.wav,1034,train,5,disgust,3,angry,0.18596431612968445
data/cremad/audio/1034_IEO_FEA_HI.wav,1034_IEO_FEA_HI.wav,1034,train,4,fearful,3,angry,0.1845971643924713
data/cremad/audio/1034_IEO_FEA_LO.wav,1034_IEO_FEA_LO.wav,1034,train,4,fearful,1,happy,0.1814011186361313
data/cremad/audio/1034_IEO_FEA_MD.wav,1034_IEO_FEA_MD.wav,1034,train,4,fearful,1,happy,0.18434718251228333
data/cremad/audio/1034_IEO_HAP_HI.wav,1034_IEO_HAP_HI.wav,1034,train,1,happy,3,angry,0.1869087517261505
data/cremad/audio/1034_IEO_HAP_LO.wav,1034_IEO_HAP_LO.wav,1034,train,1,happy,1,happy,0.1827400028705597
data/cremad/audio/1034_IEO_HAP_MD.wav,1034_IEO_HAP_MD.wav,1034,train,1,happy,1,happy,0.18469052016735077
data/cremad/audio/1034_IEO_NEU_XX.wav,1034_IEO_NEU_XX.wav,1034,train,0,neutral,1,happy,0.18263788521289825
data/cremad/audio/1034_IEO_SAD_HI.wav,1034_IEO_SAD_HI.wav,1034,train,2,sad,1,happy,0.18230405449867249
data/cremad/audio/1034_IEO_SAD_LO.wav,1034_IEO_SAD_LO.wav,1034,train,2,sad,1,happy,0.1808978170156479
data/cremad/audio/1034_IEO_SAD_MD.wav,1034_IEO_SAD_MD.wav,1034,train,2,sad,3,angry,0.1848849058151245
data/cremad/audio/1034_IOM_ANG_XX.wav,1034_IOM_ANG_XX.wav,1034,train,3,angry,3,angry,0.18630369007587433
data/cremad/audio/1034_IOM_DIS_XX.wav,1034_IOM_DIS_XX.wav,1034,train,5,disgust,3,angry,0.1815463900566101
data/cremad/audio/1034_IOM_FEA_XX.wav,1034_IOM_FEA_XX.wav,1034,train,4,fearful,1,happy,0.18280912935733795
data/cremad/audio/1034_IOM_HAP_XX.wav,1034_IOM_HAP_XX.wav,1034,train,1,happy,3,angry,0.18392306566238403
data/cremad/audio/1034_IOM_NEU_XX.wav,1034_IOM_NEU_XX.wav,1034,train,0,neutral,1,happy,0.18245388567447662
data/cremad/audio/1034_IOM_SAD_XX.wav,1034_IOM_SAD_XX.wav,1034,train,2,sad,1,happy,0.18171219527721405
data/cremad/audio/1034_ITH_ANG_XX.wav,1034_ITH_ANG_XX.wav,1034,train,3,angry,3,angry,0.18665502965450287
data/cremad/audio/1034_ITH_DIS_XX.wav,1034_ITH_DIS_XX.wav,1034,train,5,disgust,3,angry,0.18387483060359955
data/cremad/audio/1034_ITH_FEA_XX.wav,1034_ITH_FEA_XX.wav,1034,train,4,fearful,1,happy,0.1827598214149475
data/cremad/audio/1034_ITH_HAP_XX.wav,1034_ITH_HAP_XX.wav,1034,train,1,happy,3,angry,0.18523336946964264
data/cremad/audio/1034_ITH_NEU_XX.wav,1034_ITH_NEU_XX.wav,1034,train,0,neutral,1,happy,0.18251948058605194
data/cremad/audio/1034_ITH_SAD_XX.wav,1034_ITH_SAD_XX.wav,1034,train,2,sad,1,happy,0.18309199810028076
data/cremad/audio/1034_ITS_ANG_XX.wav,1034_ITS_ANG_XX.wav,1034,train,3,angry,3,angry,0.18547676503658295
data/cremad/audio/1034_ITS_DIS_XX.wav,1034_ITS_DIS_XX.wav,1034,train,5,disgust,1,happy,0.18108105659484863
data/cremad/audio/1034_ITS_FEA_XX.wav,1034_ITS_FEA_XX.wav,1034,train,4,fearful,1,happy,0.18242932856082916
data/cremad/audio/1034_ITS_HAP_XX.wav,1034_ITS_HAP_XX.wav,1034,train,1,happy,1,happy,0.18436461687088013
data/cremad/audio/1034_ITS_NEU_XX.wav,1034_ITS_NEU_XX.wav,1034,train,0,neutral,1,happy,0.18433184921741486
data/cremad/audio/1034_ITS_SAD_XX.wav,1034_ITS_SAD_XX.wav,1034,train,2,sad,1,happy,0.18204595148563385
data/cremad/audio/1034_IWL_ANG_XX.wav,1034_IWL_ANG_XX.wav,1034,train,3,angry,3,angry,0.18769444525241852
data/cremad/audio/1034_IWL_DIS_XX.wav,1034_IWL_DIS_XX.wav,1034,train,5,disgust,1,happy,0.1807384341955185
data/cremad/audio/1034_IWL_FEA_XX.wav,1034_IWL_FEA_XX.wav,1034,train,4,fearful,1,happy,0.1832665055990219
data/cremad/audio/1034_IWL_HAP_XX.wav,1034_IWL_HAP_XX.wav,1034,train,1,happy,1,happy,0.18316848576068878
data/cremad/audio/1034_IWL_NEU_XX.wav,1034_IWL_NEU_XX.wav,1034,train,0,neutral,1,happy,0.1834765076637268
data/cremad/audio/1034_IWL_SAD_XX.wav,1034_IWL_SAD_XX.wav,1034,train,2,sad,1,happy,0.1809176653623581
data/cremad/audio/1034_IWW_ANG_XX.wav,1034_IWW_ANG_XX.wav,1034,train,3,angry,1,happy,0.18309386074543
data/cremad/audio/1034_IWW_DIS_XX.wav,1034_IWW_DIS_XX.wav,1034,train,5,disgust,1,happy,0.18067187070846558
data/cremad/audio/1034_IWW_FEA_XX.wav,1034_IWW_FEA_XX.wav,1034,train,4,fearful,1,happy,0.18170852959156036
data/cremad/audio/1034_IWW_HAP_XX.wav,1034_IWW_HAP_XX.wav,1034,train,1,happy,1,happy,0.18324917554855347
data/cremad/audio/1034_IWW_NEU_XX.wav,1034_IWW_NEU_XX.wav,1034,train,0,neutral,1,happy,0.1828785389661789
data/cremad/audio/1034_IWW_SAD_XX.wav,1034_IWW_SAD_XX.wav,1034,train,2,sad,1,happy,0.18091155588626862
data/cremad/audio/1034_MTI_ANG_XX.wav,1034_MTI_ANG_XX.wav,1034,train,3,angry,3,angry,0.18613961338996887
data/cremad/audio/1034_MTI_DIS_XX.wav,1034_MTI_DIS_XX.wav,1034,train,5,disgust,3,angry,0.18005508184432983
data/cremad/audio/1034_MTI_FEA_XX.wav,1034_MTI_FEA_XX.wav,1034,train,4,fearful,3,angry,0.18349052965641022
data/cremad/audio/1034_MTI_HAP_XX.wav,1034_MTI_HAP_XX.wav,1034,train,1,happy,3,angry,0.18168659508228302
data/cremad/audio/1034_MTI_NEU_XX.wav,1034_MTI_NEU_XX.wav,1034,train,0,neutral,1,happy,0.18259261548519135
data/cremad/audio/1034_MTI_SAD_XX.wav,1034_MTI_SAD_XX.wav,1034,train,2,sad,1,happy,0.1809297502040863
data/cremad/audio/1034_TAI_ANG_XX.wav,1034_TAI_ANG_XX.wav,1034,train,3,angry,1,happy,0.18397067487239838
data/cremad/audio/1034_TAI_DIS_XX.wav,1034_TAI_DIS_XX.wav,1034,train,5,disgust,1,happy,0.18179838359355927
data/cremad/audio/1034_TAI_FEA_XX.wav,1034_TAI_FEA_XX.wav,1034,train,4,fearful,1,happy,0.18282607197761536
data/cremad/audio/1034_TAI_HAP_XX.wav,1034_TAI_HAP_XX.wav,1034,train,1,happy,1,happy,0.18184809386730194
data/cremad/audio/1034_TAI_NEU_XX.wav,1034_TAI_NEU_XX.wav,1034,train,0,neutral,1,happy,0.18318818509578705
data/cremad/audio/1034_TAI_SAD_XX.wav,1034_TAI_SAD_XX.wav,1034,train,2,sad,1,happy,0.18221914768218994
data/cremad/audio/1034_TIE_ANG_XX.wav,1034_TIE_ANG_XX.wav,1034,train,3,angry,3,angry,0.18432077765464783
data/cremad/audio/1034_TIE_DIS_XX.wav,1034_TIE_DIS_XX.wav,1034,train,5,disgust,1,happy,0.18275496363639832
data/cremad/audio/1034_TIE_FEA_XX.wav,1034_TIE_FEA_XX.wav,1034,train,4,fearful,1,happy,0.18385742604732513
data/cremad/audio/1034_TIE_HAP_XX.wav,1034_TIE_HAP_XX.wav,1034,train,1,happy,1,happy,0.18335051834583282
data/cremad/audio/1034_TIE_NEU_XX.wav,1034_TIE_NEU_XX.wav,1034,train,0,neutral,1,happy,0.18186773359775543
data/cremad/audio/1034_TIE_SAD_XX.wav,1034_TIE_SAD_XX.wav,1034,train,2,sad,1,happy,0.18220899999141693
data/cremad/audio/1034_TSI_ANG_XX.wav,1034_TSI_ANG_XX.wav,1034,train,3,angry,1,happy,0.1823090761899948
data/cremad/audio/1034_TSI_DIS_XX.wav,1034_TSI_DIS_XX.wav,1034,train,5,disgust,1,happy,0.18128013610839844
data/cremad/audio/1034_TSI_FEA_XX.wav,1034_TSI_FEA_XX.wav,1034,train,4,fearful,1,happy,0.18230675160884857
data/cremad/audio/1034_TSI_HAP_XX.wav,1034_TSI_HAP_XX.wav,1034,train,1,happy,1,happy,0.18230023980140686
data/cremad/audio/1034_TSI_NEU_XX.wav,1034_TSI_NEU_XX.wav,1034,train,0,neutral,1,happy,0.18220002949237823
data/cremad/audio/1034_TSI_SAD_XX.wav,1034_TSI_SAD_XX.wav,1034,train,2,sad,1,happy,0.18102538585662842
data/cremad/audio/1034_WSI_ANG_XX.wav,1034_WSI_ANG_XX.wav,1034,train,3,angry,1,happy,0.17941707372665405
data/cremad/audio/1034_WSI_DIS_XX.wav,1034_WSI_DIS_XX.wav,1034,train,5,disgust,1,happy,0.18035587668418884
data/cremad/audio/1034_WSI_FEA_XX.wav,1034_WSI_FEA_XX.wav,1034,train,4,fearful,1,happy,0.18078555166721344
data/cremad/audio/1034_WSI_HAP_XX.wav,1034_WSI_HAP_XX.wav,1034,train,1,happy,1,happy,0.1838216930627823
data/cremad/audio/1034_WSI_NEU_XX.wav,1034_WSI_NEU_XX.wav,1034,train,0,neutral,1,happy,0.1836700141429901
data/cremad/audio/1034_WSI_SAD_XX.wav,1034_WSI_SAD_XX.wav,1034,train,2,sad,1,happy,0.1814148724079132
data/cremad/audio/1038_DFA_ANG_XX.wav,1038_DFA_ANG_XX.wav,1038,train,3,angry,3,angry,0.1851755529642105
data/cremad/audio/1038_DFA_DIS_XX.wav,1038_DFA_DIS_XX.wav,1038,train,5,disgust,3,angry,0.1823747307062149
data/cremad/audio/1038_DFA_FEA_XX.wav,1038_DFA_FEA_XX.wav,1038,train,4,fearful,1,happy,0.18346339464187622
data/cremad/audio/1038_DFA_HAP_XX.wav,1038_DFA_HAP_XX.wav,1038,train,1,happy,1,happy,0.18519757688045502
data/cremad/audio/1038_DFA_NEU_XX.wav,1038_DFA_NEU_XX.wav,1038,train,0,neutral,1,happy,0.18362489342689514
data/cremad/audio/1038_DFA_SAD_XX.wav,1038_DFA_SAD_XX.wav,1038,train,2,sad,1,happy,0.18101254105567932
data/cremad/audio/1038_IEO_ANG_HI.wav,1038_IEO_ANG_HI.wav,1038,train,3,angry,3,angry,0.18785683810710907
data/cremad/audio/1038_IEO_ANG_LO.wav,1038_IEO_ANG_LO.wav,1038,train,3,angry,3,angry,0.183738574385643
data/cremad/audio/1038_IEO_ANG_MD.wav,1038_IEO_ANG_MD.wav,1038,train,3,angry,3,angry,0.18508221209049225
data/cremad/audio/1038_IEO_DIS_HI.wav,1038_IEO_DIS_HI.wav,1038,train,5,disgust,3,angry,0.1843581646680832
data/cremad/audio/1038_IEO_DIS_LO.wav,1038_IEO_DIS_LO.wav,1038,train,5,disgust,1,happy,0.18143735826015472
data/cremad/audio/1038_IEO_DIS_MD.wav,1038_IEO_DIS_MD.wav,1038,train,5,disgust,3,angry,0.18409380316734314
data/cremad/audio/1038_IEO_FEA_HI.wav,1038_IEO_FEA_HI.wav,1038,train,4,fearful,1,happy,0.18469472229480743
data/cremad/audio/1038_IEO_FEA_LO.wav,1038_IEO_FEA_LO.wav,1038,train,4,fearful,1,happy,0.18143321573734283
data/cremad/audio/1038_IEO_FEA_MD.wav,1038_IEO_FEA_MD.wav,1038,train,4,fearful,1,happy,0.1805391013622284
data/cremad/audio/1038_IEO_HAP_HI.wav,1038_IEO_HAP_HI.wav,1038,train,1,happy,3,angry,0.18554562330245972
data/cremad/audio/1038_IEO_HAP_LO.wav,1038_IEO_HAP_LO.wav,1038,train,1,happy,1,happy,0.18221361935138702
data/cremad/audio/1038_IEO_HAP_MD.wav,1038_IEO_HAP_MD.wav,1038,train,1,happy,3,angry,0.18362313508987427
data/cremad/audio/1038_IEO_NEU_XX.wav,1038_IEO_NEU_XX.wav,1038,train,0,neutral,1,happy,0.18206064403057098
data/cremad/audio/1038_IEO_SAD_HI.wav,1038_IEO_SAD_HI.wav,1038,train,2,sad,1,happy,0.18102726340293884
data/cremad/audio/1038_IEO_SAD_LO.wav,1038_IEO_SAD_LO.wav,1038,train,2,sad,1,happy,0.1802210658788681
data/cremad/audio/1038_IEO_SAD_MD.wav,1038_IEO_SAD_MD.wav,1038,train,2,sad,1,happy,0.1804303675889969
data/cremad/audio/1038_IOM_ANG_XX.wav,1038_IOM_ANG_XX.wav,1038,train,3,angry,3,angry,0.18713022768497467
data/cremad/audio/1038_IOM_DIS_XX.wav,1038_IOM_DIS_XX.wav,1038,train,5,disgust,3,angry,0.1844225823879242
data/cremad/audio/1038_IOM_FEA_XX.wav,1038_IOM_FEA_XX.wav,1038,train,4,fearful,3,angry,0.18441177904605865
data/cremad/audio/1038_IOM_HAP_XX.wav,1038_IOM_HAP_XX.wav,1038,train,1,happy,3,angry,0.1844692826271057
data/cremad/audio/1038_IOM_NEU_XX.wav,1038_IOM_NEU_XX.wav,1038,train,0,neutral,1,happy,0.1821543127298355
data/cremad/audio/1038_IOM_SAD_XX.wav,1038_IOM_SAD_XX.wav,1038,train,2,sad,1,happy,0.1805754154920578
data/cremad/audio/1038_ITH_ANG_XX.wav,1038_ITH_ANG_XX.wav,1038,train,3,angry,1,happy,0.18369421362876892
data/cremad/audio/1038_ITH_DIS_XX.wav,1038_ITH_DIS_XX.wav,1038,train,5,disgust,3,angry,0.18260221183300018
data/cremad/audio/1038_ITH_FEA_XX.wav,1038_ITH_FEA_XX.wav,1038,train,4,fearful,3,angry,0.18655653297901154
data/cremad/audio/1038_ITH_HAP_XX.wav,1038_ITH_HAP_XX.wav,1038,train,1,happy,1,happy,0.18418310582637787
data/cremad/audio/1038_ITH_NEU_XX.wav,1038_ITH_NEU_XX.wav,1038,train,0,neutral,1,happy,0.18054282665252686
data/cremad/audio/1038_ITH_SAD_XX.wav,1038_ITH_SAD_XX.wav,1038,train,2,sad,1,happy,0.18173788487911224
data/cremad/audio/1038_ITS_ANG_XX.wav,1038_ITS_ANG_XX.wav,1038,train,3,angry,3,angry,0.18629296123981476
data/cremad/audio/1038_ITS_DIS_XX.wav,1038_ITS_DIS_XX.wav,1038,train,5,disgust,3,angry,0.18471264839172363
data/cremad/audio/1038_ITS_FEA_XX.wav,1038_ITS_FEA_XX.wav,1038,train,4,fearful,1,happy,0.18356367945671082
data/cremad/audio/1038_ITS_HAP_XX.wav,1038_ITS_HAP_XX.wav,1038,train,1,happy,3,angry,0.1874150037765503
data/cremad/audio/1038_ITS_NEU_XX.wav,1038_ITS_NEU_XX.wav,1038,train,0,neutral,1,happy,0.1831907480955124
data/cremad/audio/1038_ITS_SAD_XX.wav,1038_ITS_SAD_XX.wav,1038,train,2,sad,1,happy,0.1820434182882309
data/cremad/audio/1038_IWL_ANG_XX.wav,1038_IWL_ANG_XX.wav,1038,train,3,angry,1,happy,0.18429803848266602
data/cremad/audio/1038_IWL_DIS_XX.wav,1038_IWL_DIS_XX.wav,1038,train,5,disgust,3,angry,0.18565452098846436
data/cremad/audio/1038_IWL_FEA_XX.wav,1038_IWL_FEA_XX.wav,1038,train,4,fearful,3,angry,0.1863701045513153
data/cremad/audio/1038_IWL_HAP_XX.wav,1038_IWL_HAP_XX.wav,1038,train,1,happy,3,angry,0.18565066158771515
data/cremad/audio/1038_IWL_NEU_XX.wav,1038_IWL_NEU_XX.wav,1038,train,0,neutral,1,happy,0.18129418790340424
data/cremad/audio/1038_IWL_SAD_XX.wav,1038_IWL_SAD_XX.wav,1038,train,2,sad,1,happy,0.18075217306613922
data/cremad/audio/1038_IWW_ANG_XX.wav,1038_IWW_ANG_XX.wav,1038,train,3,angry,1,happy,0.18403922021389008
data/cremad/audio/1038_IWW_DIS_XX.wav,1038_IWW_DIS_XX.wav,1038,train,5,disgust,3,angry,0.18638372421264648
data/cremad/audio/1038_IWW_FEA_XX.wav,1038_IWW_FEA_XX.wav,1038,train,4,fearful,3,angry,0.18384717404842377
data/cremad/audio/1038_IWW_HAP_XX.wav,1038_IWW_HAP_XX.wav,1038,train,1,happy,1,happy,0.18418142199516296
data/cremad/audio/1038_IWW_NEU_XX.wav,1038_IWW_NEU_XX.wav,1038,train,0,neutral,1,happy,0.18094642460346222
data/cremad/audio/1038_IWW_SAD_XX.wav,1038_IWW_SAD_XX.wav,1038,train,2,sad,1,happy,0.18219861388206482
data/cremad/audio/1038_MTI_ANG_XX.wav,1038_MTI_ANG_XX.wav,1038,train,3,angry,3,angry,0.18668663501739502
data/cremad/audio/1038_MTI_DIS_XX.wav,1038_MTI_DIS_XX.wav,1038,train,5,disgust,3,angry,0.1862802654504776
data/cremad/audio/1038_MTI_FEA_XX.wav,1038_MTI_FEA_XX.wav,1038,train,4,fearful,3,angry,0.18498781323432922
data/cremad/audio/1038_MTI_HAP_XX.wav,1038_MTI_HAP_XX.wav,1038,train,1,happy,3,angry,0.18496032059192657
data/cremad/audio/1038_MTI_NEU_XX.wav,1038_MTI_NEU_XX.wav,1038,train,0,neutral,3,angry,0.1847512423992157
data/cremad/audio/1038_MTI_SAD_XX.wav,1038_MTI_SAD_XX.wav,1038,train,2,sad,3,angry,0.18193493783473969
data/cremad/audio/1038_TAI_ANG_XX.wav,1038_TAI_ANG_XX.wav,1038,train,3,angry,1,happy,0.18213404715061188
data/cremad/audio/1038_TAI_DIS_XX.wav,1038_TAI_DIS_XX.wav,1038,train,5,disgust,3,angry,0.1839739978313446
data/cremad/audio/1038_TAI_FEA_XX.wav,1038_TAI_FEA_XX.wav,1038,train,4,fearful,3,angry,0.1843537986278534
data/cremad/audio/1038_TAI_HAP_XX.wav,1038_TAI_HAP_XX.wav,1038,train,1,happy,3,angry,0.18526659905910492
data/cremad/audio/1038_TAI_NEU_XX.wav,1038_TAI_NEU_XX.wav,1038,train,0,neutral,1,happy,0.18305575847625732
data/cremad/audio/1038_TAI_SAD_XX.wav,1038_TAI_SAD_XX.wav,1038,train,2,sad,1,happy,0.1808309406042099
data/cremad/audio/1038_TIE_ANG_XX.wav,1038_TIE_ANG_XX.wav,1038,train,3,angry,3,angry,0.1864147186279297
data/cremad/audio/1038_TIE_DIS_XX.wav,1038_TIE_DIS_XX.wav,1038,train,5,disgust,3,angry,0.1833736151456833
data/cremad/audio/1038_TIE_FEA_XX.wav,1038_TIE_FEA_XX.wav,1038,train,4,fearful,1,happy,0.181640163064003
data/cremad/audio/1038_TIE_HAP_XX.wav,1038_TIE_HAP_XX.wav,1038,train,1,happy,3,angry,0.186319500207901
data/cremad/audio/1038_TIE_NEU_XX.wav,1038_TIE_NEU_XX.wav,1038,train,0,neutral,1,happy,0.18138012290000916
data/cremad/audio/1038_TIE_SAD_XX.wav,1038_TIE_SAD_XX.wav,1038,train,2,sad,1,happy,0.18130572140216827
data/cremad/audio/1038_TSI_ANG_XX.wav,1038_TSI_ANG_XX.wav,1038,train,3,angry,3,angry,0.18351197242736816
data/cremad/audio/1038_TSI_DIS_XX.wav,1038_TSI_DIS_XX.wav,1038,train,5,disgust,3,angry,0.1829221546649933
data/cremad/audio/1038_TSI_FEA_XX.wav,1038_TSI_FEA_XX.wav,1038,train,4,fearful,3,angry,0.1836586892604828
data/cremad/audio/1038_TSI_HAP_XX.wav,1038_TSI_HAP_XX.wav,1038,train,1,happy,1,happy,0.1821088045835495
data/cremad/audio/1038_TSI_NEU_XX.wav,1038_TSI_NEU_XX.wav,1038,train,0,neutral,1,happy,0.1795709729194641
data/cremad/audio/1038_TSI_SAD_XX.wav,1038_TSI_SAD_XX.wav,1038,train,2,sad,1,happy,0.18010304868221283
data/cremad/audio/1038_WSI_ANG_XX.wav,1038_WSI_ANG_XX.wav,1038,train,3,angry,3,angry,0.18701861798763275
data/cremad/audio/1038_WSI_DIS_XX.wav,1038_WSI_DIS_XX.wav,1038,train,5,disgust,3,angry,0.1833704710006714
data/cremad/audio/1038_WSI_FEA_XX.wav,1038_WSI_FEA_XX.wav,1038,train,4,fearful,1,happy,0.18305324018001556
data/cremad/audio/1038_WSI_HAP_XX.wav,1038_WSI_HAP_XX.wav,1038,train,1,happy,1,happy,0.18474970757961273
data/cremad/audio/1038_WSI_NEU_XX.wav,1038_WSI_NEU_XX.wav,1038,train,0,neutral,3,angry,0.18260736763477325
data/cremad/audio/1038_WSI_SAD_XX.wav,1038_WSI_SAD_XX.wav,1038,train,2,sad,1,happy,0.18150919675827026
data/cremad/audio/1039_DFA_ANG_XX.wav,1039_DFA_ANG_XX.wav,1039,train,3,angry,3,angry,0.18503957986831665
data/cremad/audio/1039_DFA_DIS_XX.wav,1039_DFA_DIS_XX.wav,1039,train,5,disgust,1,happy,0.18282532691955566
data/cremad/audio/1039_DFA_FEA_XX.wav,1039_DFA_FEA_XX.wav,1039,train,4,fearful,1,happy,0.1831008940935135
data/cremad/audio/1039_DFA_HAP_XX.wav,1039_DFA_HAP_XX.wav,1039,train,1,happy,1,happy,0.1837625950574875
data/cremad/audio/1039_DFA_NEU_XX.wav,1039_DFA_NEU_XX.wav,1039,train,0,neutral,1,happy,0.18285484611988068
data/cremad/audio/1039_DFA_SAD_XX.wav,1039_DFA_SAD_XX.wav,1039,train,2,sad,1,happy,0.18168403208255768
data/cremad/audio/1039_IEO_ANG_HI.wav,1039_IEO_ANG_HI.wav,1039,train,3,angry,3,angry,0.18973349034786224
data/cremad/audio/1039_IEO_ANG_LO.wav,1039_IEO_ANG_LO.wav,1039,train,3,angry,1,happy,0.18170194327831268
data/cremad/audio/1039_IEO_ANG_MD.wav,1039_IEO_ANG_MD.wav,1039,train,3,angry,1,happy,0.18302617967128754
data/cremad/audio/1039_IEO_DIS_HI.wav,1039_IEO_DIS_HI.wav,1039,train,5,disgust,3,angry,0.1858091503381729
data/cremad/audio/1039_IEO_DIS_LO.wav,1039_IEO_DIS_LO.wav,1039,train,5,disgust,1,happy,0.18119581043720245
data/cremad/audio/1039_IEO_DIS_MD.wav,1039_IEO_DIS_MD.wav,1039,train,5,disgust,1,happy,0.1813524067401886
data/cremad/audio/1039_IEO_FEA_HI.wav,1039_IEO_FEA_HI.wav,1039,train,4,fearful,3,angry,0.18571452796459198
data/cremad/audio/1039_IEO_FEA_LO.wav,1039_IEO_FEA_LO.wav,1039,train,4,fearful,1,happy,0.1821262091398239
data/cremad/audio/1039_IEO_FEA_MD.wav,1039_IEO_FEA_MD.wav,1039,train,4,fearful,3,angry,0.18283571302890778
data/cremad/audio/1039_IEO_HAP_HI.wav,1039_IEO_HAP_HI.wav,1039,train,1,happy,3,angry,0.18540379405021667
data/cremad/audio/1039_IEO_HAP_LO.wav,1039_IEO_HAP_LO.wav,1039,train,1,happy,1,happy,0.18224723637104034
data/cremad/audio/1039_IEO_HAP_MD.wav,1039_IEO_HAP_MD.wav,1039,train,1,happy,3,angry,0.18200980126857758
data/cremad/audio/1039_IEO_NEU_XX.wav,1039_IEO_NEU_XX.wav,1039,train,0,neutral,1,happy,0.18160367012023926
data/cremad/audio/1039_IEO_SAD_HI.wav,1039_IEO_SAD_HI.wav,1039,train,2,sad,1,happy,0.18070045113563538
data/cremad/audio/1039_IEO_SAD_LO.wav,1039_IEO_SAD_LO.wav,1039,train,2,sad,1,happy,0.1814676821231842
data/cremad/audio/1039_IEO_SAD_MD.wav,1039_IEO_SAD_MD.wav,1039,train,2,sad,1,happy,0.1827264428138733
data/cremad/audio/1039_IOM_ANG_XX.wav,1039_IOM_ANG_XX.wav,1039,train,3,angry,3,angry,0.1877850890159607
data/cremad/audio/1039_IOM_DIS_XX.wav,1039_IOM_DIS_XX.wav,1039,train,5,disgust,1,happy,0.18077050149440765
data/cremad/audio/1039_IOM_FEA_XX.wav,1039_IOM_FEA_XX.wav,1039,train,4,fearful,1,happy,0.1828146129846573
data/cremad/audio/1039_IOM_HAP_XX.wav,1039_IOM_HAP_XX.wav,1039,train,1,happy,3,angry,0.1853872388601303
data/cremad/audio/1039_IOM_NEU_XX.wav,1039_IOM_NEU_XX.wav,1039,train,0,neutral,1,happy,0.18421246111392975
data/cremad/audio/1039_IOM_SAD_XX.wav,1039_IOM_SAD_XX.wav,1039,train,2,sad,1,happy,0.18236595392227173
data/cremad/audio/1039_ITH_ANG_XX.wav,1039_ITH_ANG_XX.wav,1039,train,3,angry,1,happy,0.18434400856494904
data/cremad/audio/1039_ITH_DIS_XX.wav,1039_ITH_DIS_XX.wav,1039,train,5,disgust,3,angry,0.1832350194454193
data/cremad/audio/1039_ITH_FEA_XX.wav,1039_ITH_FEA_XX.wav,1039,train,4,fearful,1,happy,0.18234656751155853
data/cremad/audio/1039_ITH_HAP_XX.wav,1039_ITH_HAP_XX.wav,1039,train,1,happy,1,happy,0.18428553640842438
data/cremad/audio/1039_ITH_NEU_XX.wav,1039_ITH_NEU_XX.wav,1039,train,0,neutral,1,happy,0.1837145835161209
data/cremad/audio/1039_ITH_SAD_XX.wav,1039_ITH_SAD_XX.wav,1039,train,2,sad,1,happy,0.18342982232570648
data/cremad/audio/1039_ITS_ANG_XX.wav,1039_ITS_ANG_XX.wav,1039,train,3,angry,3,angry,0.18565616011619568
data/cremad/audio/1039_ITS_DIS_XX.wav,1039_ITS_DIS_XX.wav,1039,train,5,disgust,1,happy,0.18175974488258362
data/cremad/audio/1039_ITS_FEA_XX.wav,1039_ITS_FEA_XX.wav,1039,train,4,fearful,1,happy,0.18222276866436005
data/cremad/audio/1039_ITS_HAP_XX.wav,1039_ITS_HAP_XX.wav,1039,train,1,happy,3,angry,0.1858145147562027
data/cremad/audio/1039_ITS_NEU_XX.wav,1039_ITS_NEU_XX.wav,1039,train,0,neutral,1,happy,0.182663694024086
data/cremad/audio/1039_ITS_SAD_XX.wav,1039_ITS_SAD_XX.wav,1039,train,2,sad,1,happy,0.18099135160446167
data/cremad/audio/1039_IWL_ANG_XX.wav,1039_IWL_ANG_XX.wav,1039,train,3,angry,3,angry,0.1883971244096756
data/cremad/audio/1039_IWL_DIS_XX.wav,1039_IWL_DIS_XX.wav,1039,train,5,disgust,3,angry,0.18376398086547852
data/cremad/audio/1039_IWL_FEA_XX.wav,1039_IWL_FEA_XX.wav,1039,train,4,fearful,1,happy,0.18192875385284424
data/cremad/audio/1039_IWL_HAP_XX.wav,1039_IWL_HAP_XX.wav,1039,train,1,happy,3,angry,0.19024120271205902
data/cremad/audio/1039_IWL_NEU_XX.wav,1039_IWL_NEU_XX.wav,1039,train,0,neutral,1,happy,0.1816178262233734
data/cremad/audio/1039_IWL_SAD_XX.wav,1039_IWL_SAD_XX.wav,1039,train,2,sad,1,happy,0.18234851956367493
data/cremad/audio/1039_IWW_ANG_XX.wav,1039_IWW_ANG_XX.wav,1039,train,3,angry,3,angry,0.18328693509101868
data/cremad/audio/1039_IWW_DIS_XX.wav,1039_IWW_DIS_XX.wav,1039,train,5,disgust,1,happy,0.18212975561618805
data/cremad/audio/1039_IWW_FEA_XX.wav,1039_IWW_FEA_XX.wav,1039,train,4,fearful,1,happy,0.1829317957162857
data/cremad/audio/1039_IWW_HAP_XX.wav,1039_IWW_HAP_XX.wav,1039,train,1,happy,3,angry,0.18643832206726074
data/cremad/audio/1039_IWW_NEU_XX.wav,1039_IWW_NEU_XX.wav,1039,train,0,neutral,1,happy,0.18263712525367737
data/cremad/audio/1039_IWW_SAD_XX.wav,1039_IWW_SAD_XX.wav,1039,train,2,sad,1,happy,0.18107415735721588
data/cremad/audio/1039_MTI_ANG_XX.wav,1039_MTI_ANG_XX.wav,1039,train,3,angry,3,angry,0.18718074262142181
data/cremad/audio/1039_MTI_DIS_XX.wav,1039_MTI_DIS_XX.wav,1039,train,5,disgust,3,angry,0.18755130469799042
data/cremad/audio/1039_MTI_FEA_XX.wav,1039_MTI_FEA_XX.wav,1039,train,4,fearful,1,happy,0.18210498988628387
data/cremad/audio/1039_MTI_HAP_XX.wav,1039_MTI_HAP_XX.wav,1039,train,1,happy,3,angry,0.18403315544128418
data/cremad/audio/1039_MTI_NEU_XX.wav,1039_MTI_NEU_XX.wav,1039,train,0,neutral,1,happy,0.18388721346855164
data/cremad/audio/1039_MTI_SAD_XX.wav,1039_MTI_SAD_XX.wav,1039,train,2,sad,1,happy,0.18230338394641876
data/cremad/audio/1039_TAI_ANG_XX.wav,1039_TAI_ANG_XX.wav,1039,train,3,angry,3,angry,0.18389542400836945
data/cremad/audio/1039_TAI_DIS_XX.wav,1039_TAI_DIS_XX.wav,1039,train,5,disgust,3,angry,0.1836310625076294
data/cremad/audio/1039_TAI_FEA_XX.wav,1039_TAI_FEA_XX.wav,1039,train,4,fearful,3,angry,0.1817624866962433
data/cremad/audio/1039_TAI_HAP_XX.wav,1039_TAI_HAP_XX.wav,1039,train,1,happy,3,angry,0.18788708746433258
data/cremad/audio/1039_TAI_NEU_XX.wav,1039_TAI_NEU_XX.wav,1039,train,0,neutral,1,happy,0.18432395160198212
data/cremad/audio/1039_TAI_SAD_XX.wav,1039_TAI_SAD_XX.wav,1039,train,2,sad,1,happy,0.18121309578418732
data/cremad/audio/1039_TIE_ANG_XX.wav,1039_TIE_ANG_XX.wav,1039,train,3,angry,3,angry,0.18707479536533356
data/cremad/audio/1039_TIE_DIS_XX.wav,1039_TIE_DIS_XX.wav,1039,train,5,disgust,3,angry,0.1856900006532669
data/cremad/audio/1039_TIE_FEA_XX.wav,1039_TIE_FEA_XX.wav,1039,train,4,fearful,1,happy,0.184104323387146
data/cremad/audio/1039_TIE_HAP_XX.wav,1039_TIE_HAP_XX.wav,1039,train,1,happy,3,angry,0.18521162867546082
data/cremad/audio/1039_TIE_NEU_XX.wav,1039_TIE_NEU_XX.wav,1039,train,0,neutral,3,angry,0.18490321934223175
data/cremad/audio/1039_TIE_SAD_XX.wav,1039_TIE_SAD_XX.wav,1039,train,2,sad,1,happy,0.18205076456069946
data/cremad/audio/1039_TSI_ANG_XX.wav,1039_TSI_ANG_XX.wav,1039,train,3,angry,3,angry,0.18311484158039093
data/cremad/audio/1039_TSI_DIS_XX.wav,1039_TSI_DIS_XX.wav,1039,train,5,disgust,1,happy,0.18189002573490143
data/cremad/audio/1039_TSI_FEA_XX.wav,1039_TSI_FEA_XX.wav,1039,train,4,fearful,1,happy,0.18318572640419006
data/cremad/audio/1039_TSI_HAP_XX.wav,1039_TSI_HAP_XX.wav,1039,train,1,happy,3,angry,0.18776649236679077
data/cremad/audio/1039_TSI_NEU_XX.wav,1039_TSI_NEU_XX.wav,1039,train,0,neutral,1,happy,0.18346428871154785
data/cremad/audio/1039_TSI_SAD_XX.wav,1039_TSI_SAD_XX.wav,1039,train,2,sad,1,happy,0.18267065286636353
data/cremad/audio/1039_WSI_ANG_XX.wav,1039_WSI_ANG_XX.wav,1039,train,3,angry,3,angry,0.18692156672477722
data/cremad/audio/1039_WSI_DIS_XX.wav,1039_WSI_DIS_XX.wav,1039,train,5,disgust,3,angry,0.1835506111383438
data/cremad/audio/1039_WSI_FEA_XX.wav,1039_WSI_FEA_XX.wav,1039,train,4,fearful,1,happy,0.18196654319763184
data/cremad/audio/1039_WSI_HAP_XX.wav,1039_WSI_HAP_XX.wav,1039,train,1,happy,3,angry,0.18390753865242004
data/cremad/audio/1039_WSI_NEU_XX.wav,1039_WSI_NEU_XX.wav,1039,train,0,neutral,3,angry,0.18211369216442108
data/cremad/audio/1039_WSI_SAD_XX.wav,1039_WSI_SAD_XX.wav,1039,train,2,sad,1,happy,0.18268689513206482
data/cremad/audio/1040_DFA_ANG_XX.wav,1040_DFA_ANG_XX.wav,1040,train,3,angry,3,angry,0.18701158463954926
data/cremad/audio/1040_DFA_DIS_XX.wav,1040_DFA_DIS_XX.wav,1040,train,5,disgust,1,happy,0.17988871037960052
data/cremad/audio/1040_DFA_FEA_XX.wav,1040_DFA_FEA_XX.wav,1040,train,4,fearful,1,happy,0.1797785609960556
data/cremad/audio/1040_DFA_HAP_XX.wav,1040_DFA_HAP_XX.wav,1040,train,1,happy,1,happy,0.18280860781669617
data/cremad/audio/1040_DFA_NEU_XX.wav,1040_DFA_NEU_XX.wav,1040,train,0,neutral,1,happy,0.18328219652175903
data/cremad/audio/1040_DFA_SAD_XX.wav,1040_DFA_SAD_XX.wav,1040,train,2,sad,1,happy,0.18220125138759613
data/cremad/audio/1040_IEO_ANG_HI.wav,1040_IEO_ANG_HI.wav,1040,train,3,angry,3,angry,0.18652541935443878
data/cremad/audio/1040_IEO_ANG_LO.wav,1040_IEO_ANG_LO.wav,1040,train,3,angry,1,happy,0.18372611701488495
data/cremad/audio/1040_IEO_ANG_MD.wav,1040_IEO_ANG_MD.wav,1040,train,3,angry,3,angry,0.18489369750022888
data/cremad/audio/1040_IEO_DIS_HI.wav,1040_IEO_DIS_HI.wav,1040,train,5,disgust,1,happy,0.1803232580423355
data/cremad/audio/1040_IEO_DIS_LO.wav,1040_IEO_DIS_LO.wav,1040,train,5,disgust,1,happy,0.1831766664981842
data/cremad/audio/1040_IEO_DIS_MD.wav,1040_IEO_DIS_MD.wav,1040,train,5,disgust,1,happy,0.1824306696653366
data/cremad/audio/1040_IEO_FEA_HI.wav,1040_IEO_FEA_HI.wav,1040,train,4,fearful,3,angry,0.1863856464624405
data/cremad/audio/1040_IEO_FEA_LO.wav,1040_IEO_FEA_LO.wav,1040,train,4,fearful,1,happy,0.18265478312969208
data/cremad/audio/1040_IEO_FEA_MD.wav,1040_IEO_FEA_MD.wav,1040,train,4,fearful,1,happy,0.18142136931419373
data/cremad/audio/1040_IEO_HAP_HI.wav,1040_IEO_HAP_HI.wav,1040,train,1,happy,3,angry,0.18260732293128967
data/cremad/audio/1040_IEO_HAP_LO.wav,1040_IEO_HAP_LO.wav,1040,train,1,happy,1,happy,0.18305695056915283
data/cremad/audio/1040_IEO_HAP_MD.wav,1040_IEO_HAP_MD.wav,1040,train,1,happy,3,angry,0.18492953479290009
data/cremad/audio/1040_IEO_NEU_XX.wav,1040_IEO_NEU_XX.wav,1040,train,0,neutral,1,happy,0.18230171501636505
data/cremad/audio/1040_IEO_SAD_HI.wav,1040_IEO_SAD_HI.wav,1040,train,2,sad,1,happy,0.1811789572238922
data/cremad/audio/1040_IEO_SAD_LO.wav,1040_IEO_SAD_LO.wav,1040,train,2,sad,1,happy,0.18039141595363617
data/cremad/audio/1040_IEO_SAD_MD.wav,1040_IEO_SAD_MD.wav,1040,train,2,sad,1,happy,0.18137359619140625
data/cremad/audio/1040_IOM_ANG_XX.wav,1040_IOM_ANG_XX.wav,1040,train,3,angry,3,angry,0.1834656447172165
data/cremad/audio/1040_IOM_DIS_XX.wav,1040_IOM_DIS_XX.wav,1040,train,5,disgust,1,happy,0.18175911903381348
data/cremad/audio/1040_IOM_FEA_XX.wav,1040_IOM_FEA_XX.wav,1040,train,4,fearful,1,happy,0.18264225125312805
data/cremad/audio/1040_IOM_HAP_XX.wav,1040_IOM_HAP_XX.wav,1040,train,1,happy,1,happy,0.1836056113243103
data/cremad/audio/1040_IOM_NEU_XX.wav,1040_IOM_NEU_XX.wav,1040,train,0,neutral,1,happy,0.18178224563598633
data/cremad/audio/1040_IOM_SAD_XX.wav,1040_IOM_SAD_XX.wav,1040,train,2,sad,1,happy,0.18080765008926392
data/cremad/audio/1040_ITH_ANG_XX.wav,1040_ITH_ANG_XX.wav,1040,train,3,angry,3,angry,0.185759037733078
data/cremad/audio/1040_ITH_DIS_XX.wav,1040_ITH_DIS_XX.wav,1040,train,5,disgust,1,happy,0.1806977093219757
data/cremad/audio/1040_ITH_FEA_XX.wav,1040_ITH_FEA_XX.wav,1040,train,4,fearful,1,happy,0.1833481788635254
data/cremad/audio/1040_ITH_HAP_XX.wav,1040_ITH_HAP_XX.wav,1040,train,1,happy,1,happy,0.18287523090839386
data/cremad/audio/1040_ITH_NEU_XX.wav,1040_ITH_NEU_XX.wav,1040,train,0,neutral,1,happy,0.18182358145713806
data/cremad/audio/1040_ITH_SAD_X.wav,1040_ITH_SAD_X.wav,1040,train,2,sad,1,happy,0.18251365423202515
data/cremad/audio/1040_ITS_ANG_XX.wav,1040_ITS_ANG_XX.wav,1040,train,3,angry,1,happy,0.1826958954334259
data/cremad/audio/1040_ITS_DIS_XX.wav,1040_ITS_DIS_XX.wav,1040,train,5,disgust,1,happy,0.18031398952007294
data/cremad/audio/1040_ITS_FEA_XX.wav,1040_ITS_FEA_XX.wav,1040,train,4,fearful,1,happy,0.1817687302827835
data/cremad/audio/1040_ITS_HAP_XX.wav,1040_ITS_HAP_XX.wav,1040,train,1,happy,1,happy,0.18039189279079437
data/cremad/audio/1040_ITS_NEU_XX.wav,1040_ITS_NEU_XX.wav,1040,train,0,neutral,1,happy,0.18396002054214478
data/cremad/audio/1040_ITS_SAD_XX.wav,1040_ITS_SAD_XX.wav,1040,train,2,sad,1,happy,0.18196651339530945
data/cremad/audio/1040_IWL_ANG_XX.wav,1040_IWL_ANG_XX.wav,1040,train,3,angry,3,angry,0.1870153844356537
data/cremad/audio/1040_IWL_DIS_XX.wav,1040_IWL_DIS_XX.wav,1040,train,5,disgust,1,happy,0.18117347359657288
data/cremad/audio/1040_IWL_FEA_XX.wav,1040_IWL_FEA_XX.wav,1040,train,4,fearful,1,happy,0.18288522958755493
data/cremad/audio/1040_IWL_HAP_XX.wav,1040_IWL_HAP_XX.wav,1040,train,1,happy,1,happy,0.18424475193023682
data/cremad/audio/1040_IWL_NEU_XX.wav,1040_IWL_NEU_XX.wav,1040,train,0,neutral,1,happy,0.18121449649333954
data/cremad/audio/1040_IWL_SAD_XX.wav,1040_IWL_SAD_XX.wav,1040,train,2,sad,1,happy,0.1812080293893814
data/cremad/audio/1040_IWW_ANG_XX.wav,1040_IWW_ANG_XX.wav,1040,train,3,angry,3,angry,0.18322734534740448
data/cremad/audio/1040_IWW_DIS_XX.wav,1040_IWW_DIS_XX.wav,1040,train,5,disgust,1,happy,0.18193194270133972
data/cremad/audio/1040_IWW_FEA_XX.wav,1040_IWW_FEA_XX.wav,1040,train,4,fearful,1,happy,0.1808842420578003
data/cremad/audio/1040_IWW_HAP_XX.wav,1040_IWW_HAP_XX.wav,1040,train,1,happy,1,happy,0.1829116940498352
data/cremad/audio/1040_IWW_NEU_XX.wav,1040_IWW_NEU_XX.wav,1040,train,0,neutral,1,happy,0.18192677199840546
data/cremad/audio/1040_IWW_SAD_XX.wav,1040_IWW_SAD_XX.wav,1040,train,2,sad,1,happy,0.18087106943130493
data/cremad/audio/1040_MTI_ANG_XX.wav,1040_MTI_ANG_XX.wav,1040,train,3,angry,3,angry,0.1876477599143982
data/cremad/audio/1040_MTI_DIS_XX.wav,1040_MTI_DIS_XX.wav,1040,train,5,disgust,1,happy,0.1797066330909729
data/cremad/audio/1040_MTI_FEA_XX.wav,1040_MTI_FEA_XX.wav,1040,train,4,fearful,1,happy,0.18323493003845215
data/cremad/audio/1040_MTI_HAP_XX.wav,1040_MTI_HAP_XX.wav,1040,train,1,happy,1,happy,0.18254221975803375
data/cremad/audio/1040_MTI_NEU_XX.wav,1040_MTI_NEU_XX.wav,1040,train,0,neutral,1,happy,0.18148678541183472
data/cremad/audio/1040_MTI_SAD_XX.wav,1040_MTI_SAD_XX.wav,1040,train,2,sad,1,happy,0.1809968650341034
data/cremad/audio/1040_TAI_ANG_XX.wav,1040_TAI_ANG_XX.wav,1040,train,3,angry,3,angry,0.1850077211856842
data/cremad/audio/1040_TAI_DIS_XX.wav,1040_TAI_DIS_XX.wav,1040,train,5,disgust,1,happy,0.1818605661392212
data/cremad/audio/1040_TAI_FEA_XX.wav,1040_TAI_FEA_XX.wav,1040,train,4,fearful,1,happy,0.18104061484336853
data/cremad/audio/1040_TAI_HAP_XX.wav,1040_TAI_HAP_XX.wav,1040,train,1,happy,1,happy,0.1822419911623001
data/cremad/audio/1040_TAI_NEU_XX.wav,1040_TAI_NEU_XX.wav,1040,train,0,neutral,1,happy,0.18285271525382996
data/cremad/audio/1040_TAI_SAD_XX.wav,1040_TAI_SAD_XX.wav,1040,train,2,sad,1,happy,0.18119046092033386
data/cremad/audio/1040_TIE_ANG_XX.wav,1040_TIE_ANG_XX.wav,1040,train,3,angry,3,angry,0.18282952904701233
data/cremad/audio/1040_TIE_DIS_XX.wav,1040_TIE_DIS_XX.wav,1040,train,5,disgust,1,happy,0.18016847968101501
data/cremad/audio/1040_TIE_FEA_XX.wav,1040_TIE_FEA_XX.wav,1040,train,4,fearful,3,angry,0.18376390635967255
data/cremad/audio/1040_TIE_HAP_XX.wav,1040_TIE_HAP_XX.wav,1040,train,1,happy,3,angry,0.1826181709766388
data/cremad/audio/1040_TIE_NEU_XX.wav,1040_TIE_NEU_XX.wav,1040,train,0,neutral,1,happy,0.18034660816192627
data/cremad/audio/1040_TIE_SAD_XX.wav,1040_TIE_SAD_XX.wav,1040,train,2,sad,1,happy,0.17959071695804596
data/cremad/audio/1040_TSI_ANG_XX.wav,1040_TSI_ANG_XX.wav,1040,train,3,angry,1,happy,0.18090465664863586
data/cremad/audio/1040_TSI_DIS_XX.wav,1040_TSI_DIS_XX.wav,1040,train,5,disgust,1,happy,0.18080177903175354
data/cremad/audio/1040_TSI_FEA_XX.wav,1040_TSI_FEA_XX.wav,1040,train,4,fearful,1,happy,0.18112827837467194
data/cremad/audio/1040_TSI_HAP_XX.wav,1040_TSI_HAP_XX.wav,1040,train,1,happy,1,happy,0.1816762089729309
data/cremad/audio/1040_TSI_NEU_XX.wav,1040_TSI_NEU_XX.wav,1040,train,0,neutral,3,angry,0.1795847862958908
data/cremad/audio/1040_TSI_SAD_XX.wav,1040_TSI_SAD_XX.wav,1040,train,2,sad,1,happy,0.1807987540960312
data/cremad/audio/1040_WSI_ANG_XX.wav,1040_WSI_ANG_XX.wav,1040,train,3,angry,3,angry,0.1842612475156784
data/cremad/audio/1040_WSI_DIS_XX.wav,1040_WSI_DIS_XX.wav,1040,train,5,disgust,1,happy,0.180293470621109
data/cremad/audio/1040_WSI_FEA_XX.wav,1040_WSI_FEA_XX.wav,1040,train,4,fearful,3,angry,0.18553656339645386
data/cremad/audio/1040_WSI_HAP_XX.wav,1040_WSI_HAP_XX.wav,1040,train,1,happy,1,happy,0.18343955278396606
data/cremad/audio/1040_WSI_NEU_XX.wav,1040_WSI_NEU_XX.wav,1040,train,0,neutral,1,happy,0.1815030574798584
data/cremad/audio/1040_WSI_SAD_XX.wav,1040_WSI_SAD_XX.wav,1040,train,2,sad,1,happy,0.18050695955753326
data/cremad/audio/1041_DFA_ANG_XX.wav,1041_DFA_ANG_XX.wav,1041,train,3,angry,3,angry,0.18584921956062317
data/cremad/audio/1041_DFA_DIS_XX.wav,1041_DFA_DIS_XX.wav,1041,train,5,disgust,1,happy,0.18081006407737732
data/cremad/audio/1041_DFA_FEA_XX.wav,1041_DFA_FEA_XX.wav,1041,train,4,fearful,1,happy,0.1813148707151413
data/cremad/audio/1041_DFA_HAP_XX.wav,1041_DFA_HAP_XX.wav,1041,train,1,happy,1,happy,0.1827789545059204
data/cremad/audio/1041_DFA_NEU_XX.wav,1041_DFA_NEU_XX.wav,1041,train,0,neutral,1,happy,0.18416205048561096
data/cremad/audio/1041_DFA_SAD_XX.wav,1041_DFA_SAD_XX.wav,1041,train,2,sad,1,happy,0.18182355165481567
data/cremad/audio/1041_IEO_ANG_HI.wav,1041_IEO_ANG_HI.wav,1041,train,3,angry,3,angry,0.18281397223472595
data/cremad/audio/1041_IEO_ANG_LO.wav,1041_IEO_ANG_LO.wav,1041,train,3,angry,1,happy,0.183024063706398
data/cremad/audio/1041_IEO_ANG_MD.wav,1041_IEO_ANG_MD.wav,1041,train,3,angry,3,angry,0.18442383408546448
data/cremad/audio/1041_IEO_DIS_HI.wav,1041_IEO_DIS_HI.wav,1041,train,5,disgust,1,happy,0.18078626692295074
data/cremad/audio/1041_IEO_DIS_LO.wav,1041_IEO_DIS_LO.wav,1041,train,5,disgust,1,happy,0.17973555624485016
data/cremad/audio/1041_IEO_DIS_MD.wav,1041_IEO_DIS_MD.wav,1041,train,5,disgust,1,happy,0.18146474659442902
data/cremad/audio/1041_IEO_FEA_HI.wav,1041_IEO_FEA_HI.wav,1041,train,4,fearful,1,happy,0.18386302888393402
data/cremad/audio/1041_IEO_FEA_LO.wav,1041_IEO_FEA_LO.wav,1041,train,4,fearful,1,happy,0.18002142012119293
data/cremad/audio/1041_IEO_FEA_MD.wav,1041_IEO_FEA_MD.wav,1041,train,4,fearful,1,happy,0.18227162957191467
data/cremad/audio/1041_IEO_HAP_HI.wav,1041_IEO_HAP_HI.wav,1041,train,1,happy,1,happy,0.183028444647789
data/cremad/audio/1041_IEO_HAP_LO.wav,1041_IEO_HAP_LO.wav,1041,train,1,happy,1,happy,0.18154893815517426
data/cremad/audio/1041_IEO_HAP_MD.wav,1041_IEO_HAP_MD.wav,1041,train,1,happy,1,happy,0.18201372027397156
data/cremad/audio/1041_IEO_NEU_XX.wav,1041_IEO_NEU_XX.wav,1041,train,0,neutral,1,happy,0.18134252727031708
data/cremad/audio/1041_IEO_SAD_HI.wav,1041_IEO_SAD_HI.wav,1041,train,2,sad,1,happy,0.1800624132156372
data/cremad/audio/1041_IEO_SAD_LO.wav,1041_IEO_SAD_LO.wav,1041,train,2,sad,1,happy,0.18295302987098694
data/cremad/audio/1041_IEO_SAD_MD.wav,1041_IEO_SAD_MD.wav,1041,train,2,sad,1,happy,0.18287253379821777
data/cremad/audio/1041_IOM_ANG_XX.wav,1041_IOM_ANG_XX.wav,1041,train,3,angry,3,angry,0.18574513494968414
data/cremad/audio/1041_IOM_DIS_XX.wav,1041_IOM_DIS_XX.wav,1041,train,5,disgust,1,happy,0.18308280408382416
data/cremad/audio/1041_IOM_FEA_XX.wav,1041_IOM_FEA_XX.wav,1041,train,4,fearful,1,happy,0.18285232782363892
data/cremad/audio/1041_IOM_HAP_XX.wav,1041_IOM_HAP_XX.wav,1041,train,1,happy,1,happy,0.18385232985019684
data/cremad/audio/1041_IOM_NEU_XX.wav,1041_IOM_NEU_XX.wav,1041,train,0,neutral,1,happy,0.18313409388065338
data/cremad/audio/1041_IOM_SAD_XX.wav,1041_IOM_SAD_XX.wav,1041,train,2,sad,1,happy,0.1821862757205963
data/cremad/audio/1041_ITH_ANG_XX.wav,1041_ITH_ANG_XX.wav,1041,train,3,angry,1,happy,0.18348588049411774
data/cremad/audio/1041_ITH_DIS_XX.wav,1041_ITH_DIS_XX.wav,1041,train,5,disgust,1,happy,0.1818256378173828
data/cremad/audio/1041_ITH_FEA_XX.wav,1041_ITH_FEA_XX.wav,1041,train,4,fearful,1,happy,0.18268851935863495
data/cremad/audio/1041_ITH_HAP_XX.wav,1041_ITH_HAP_XX.wav,1041,train,1,happy,1,happy,0.1836373209953308
data/cremad/audio/1041_ITH_NEU_XX.wav,1041_ITH_NEU_XX.wav,1041,train,0,neutral,1,happy,0.18172453343868256
data/cremad/audio/1041_ITH_SAD_XX.wav,1041_ITH_SAD_XX.wav,1041,train,2,sad,1,happy,0.18202753365039825
data/cremad/audio/1041_ITS_ANG_XX.wav,1041_ITS_ANG_XX.wav,1041,train,3,angry,3,angry,0.18790973722934723
data/cremad/audio/1041_ITS_DIS_XX.wav,1041_ITS_DIS_XX.wav,1041,train,5,disgust,1,happy,0.1814780831336975
data/cremad/audio/1041_ITS_FEA_XX.wav,1041_ITS_FEA_XX.wav,1041,train,4,fearful,1,happy,0.18042118847370148
data/cremad/audio/1041_ITS_HAP_XX.wav,1041_ITS_HAP_XX.wav,1041,train,1,happy,1,happy,0.18380418419837952
data/cremad/audio/1041_ITS_NEU_XX.wav,1041_ITS_NEU_XX.wav,1041,train,0,neutral,1,happy,0.18254996836185455
data/cremad/audio/1041_ITS_SAD_XX.wav,1041_ITS_SAD_XX.wav,1041,train,2,sad,1,happy,0.17972567677497864
data/cremad/audio/1041_IWL_ANG_XX.wav,1041_IWL_ANG_XX.wav,1041,train,3,angry,3,angry,0.1896190643310547
data/cremad/audio/1041_IWL_DIS_XX.wav,1041_IWL_DIS_XX.wav,1041,train,5,disgust,3,angry,0.1825874000787735
data/cremad/audio/1041_IWL_FEA_XX.wav,1041_IWL_FEA_XX.wav,1041,train,4,fearful,1,happy,0.1838085651397705
data/cremad/audio/1041_IWL_HAP_XX.wav,1041_IWL_HAP_XX.wav,1041,train,1,happy,3,angry,0.1836521327495575
data/cremad/audio/1041_IWL_NEU_XX.wav,1041_IWL_NEU_XX.wav,1041,train,0,neutral,1,happy,0.18281346559524536
data/cremad/audio/1041_IWL_SAD_XX.wav,1041_IWL_SAD_XX.wav,1041,train,2,sad,1,happy,0.1815674602985382
data/cremad/audio/1041_IWW_ANG_XX.wav,1041_IWW_ANG_XX.wav,1041,train,3,angry,1,happy,0.18386609852313995
data/cremad/audio/1041_IWW_DIS_XX.wav,1041_IWW_DIS_XX.wav,1041,train,5,disgust,1,happy,0.1802135854959488
data/cremad/audio/1041_IWW_FEA_XX.wav,1041_IWW_FEA_XX.wav,1041,train,4,fearful,1,happy,0.18124154210090637
data/cremad/audio/1041_IWW_HAP_XX.wav,1041_IWW_HAP_XX.wav,1041,train,1,happy,1,happy,0.18357469141483307
data/cremad/audio/1041_IWW_NEU_XX.wav,1041_IWW_NEU_XX.wav,1041,train,0,neutral,1,happy,0.18150877952575684
data/cremad/audio/1041_IWW_SAD_XX.wav,1041_IWW_SAD_XX.wav,1041,train,2,sad,1,happy,0.1808803379535675
data/cremad/audio/1041_MTI_ANG_XX.wav,1041_MTI_ANG_XX.wav,1041,train,3,angry,3,angry,0.18383903801441193
data/cremad/audio/1041_MTI_DIS_XX.wav,1041_MTI_DIS_XX.wav,1041,train,5,disgust,1,happy,0.18165414035320282
data/cremad/audio/1041_MTI_FEA_XX.wav,1041_MTI_FEA_XX.wav,1041,train,4,fearful,1,happy,0.18195220828056335
data/cremad/audio/1041_MTI_HAP_XX.wav,1041_MTI_HAP_XX.wav,1041,train,1,happy,1,happy,0.18464019894599915
data/cremad/audio/1041_MTI_NEU_XX.wav,1041_MTI_NEU_XX.wav,1041,train,0,neutral,3,angry,0.18602365255355835
data/cremad/audio/1041_MTI_SAD_XX.wav,1041_MTI_SAD_XX.wav,1041,train,2,sad,1,happy,0.18132556974887848
data/cremad/audio/1041_TAI_ANG_XX.wav,1041_TAI_ANG_XX.wav,1041,train,3,angry,3,angry,0.18792328238487244
data/cremad/audio/1041_TAI_DIS_XX.wav,1041_TAI_DIS_XX.wav,1041,train,5,disgust,1,happy,0.18057893216609955
data/cremad/audio/1041_TAI_FEA_XX.wav,1041_TAI_FEA_XX.wav,1041,train,4,fearful,1,happy,0.1822507232427597
data/cremad/audio/1041_TAI_HAP_XX.wav,1041_TAI_HAP_XX.wav,1041,train,1,happy,3,angry,0.1849813461303711
data/cremad/audio/1041_TAI_NEU_XX.wav,1041_TAI_NEU_XX.wav,1041,train,0,neutral,1,happy,0.18353022634983063
data/cremad/audio/1041_TAI_SAD_XX.wav,1041_TAI_SAD_XX.wav,1041,train,2,sad,1,happy,0.1840229481458664
data/cremad/audio/1041_TIE_ANG_XX.wav,1041_TIE_ANG_XX.wav,1041,train,3,angry,3,angry,0.1872357577085495
data/cremad/audio/1041_TIE_DIS_XX.wav,1041_TIE_DIS_XX.wav,1041,train,5,disgust,1,happy,0.1796867549419403
data/cremad/audio/1041_TIE_FEA_XX.wav,1041_TIE_FEA_XX.wav,1041,train,4,fearful,1,happy,0.18156971037387848
data/cremad/audio/1041_TIE_HAP_XX.wav,1041_TIE_HAP_XX.wav,1041,train,1,happy,1,happy,0.1816035509109497
data/cremad/audio/1041_TIE_NEU_XX.wav,1041_TIE_NEU_XX.wav,1041,train,0,neutral,1,happy,0.18241427838802338
data/cremad/audio/1041_TIE_SAD_XX.wav,1041_TIE_SAD_XX.wav,1041,train,2,sad,1,happy,0.18023018538951874
data/cremad/audio/1041_TSI_ANG_XX.wav,1041_TSI_ANG_XX.wav,1041,train,3,angry,3,angry,0.18614916503429413
data/cremad/audio/1041_TSI_DIS_XX.wav,1041_TSI_DIS_XX.wav,1041,train,5,disgust,3,angry,0.18033750355243683
data/cremad/audio/1041_TSI_FEA_XX.wav,1041_TSI_FEA_XX.wav,1041,train,4,fearful,1,happy,0.17890243232250214
data/cremad/audio/1041_TSI_HAP_XX.wav,1041_TSI_HAP_XX.wav,1041,train,1,happy,3,angry,0.1829717457294464
data/cremad/audio/1041_TSI_NEU_XX.wav,1041_TSI_NEU_XX.wav,1041,train,0,neutral,1,happy,0.18069013953208923
data/cremad/audio/1041_TSI_SAD_XX.wav,1041_TSI_SAD_XX.wav,1041,train,2,sad,1,happy,0.18044976890087128
data/cremad/audio/1041_WSI_ANG_XX.wav,1041_WSI_ANG_XX.wav,1041,train,3,angry,3,angry,0.18656305968761444
data/cremad/audio/1041_WSI_DIS_XX.wav,1041_WSI_DIS_XX.wav,1041,train,5,disgust,1,happy,0.1810895800590515
data/cremad/audio/1041_WSI_FEA_XX.wav,1041_WSI_FEA_XX.wav,1041,train,4,fearful,1,happy,0.18060901761054993
data/cremad/audio/1041_WSI_HAP_XX.wav,1041_WSI_HAP_XX.wav,1041,train,1,happy,1,happy,0.18429498374462128
data/cremad/audio/1041_WSI_NEU_XX.wav,1041_WSI_NEU_XX.wav,1041,train,0,neutral,1,happy,0.1822855919599533
data/cremad/audio/1041_WSI_SAD_XX.wav,1041_WSI_SAD_XX.wav,1041,train,2,sad,1,happy,0.18054616451263428
data/cremad/audio/1043_DFA_ANG_XX.wav,1043_DFA_ANG_XX.wav,1043,train,3,angry,1,happy,0.18465033173561096
data/cremad/audio/1043_DFA_DIS_XX.wav,1043_DFA_DIS_XX.wav,1043,train,5,disgust,1,happy,0.1832779496908188
data/cremad/audio/1043_DFA_FEA_XX.wav,1043_DFA_FEA_XX.wav,1043,train,4,fearful,1,happy,0.18315649032592773
data/cremad/audio/1043_DFA_HAP_XX.wav,1043_DFA_HAP_XX.wav,1043,train,1,happy,1,happy,0.18409670889377594
data/cremad/audio/1043_DFA_NEU_XX.wav,1043_DFA_NEU_XX.wav,1043,train,0,neutral,1,happy,0.1846359223127365
data/cremad/audio/1043_DFA_SAD_XX.wav,1043_DFA_SAD_XX.wav,1043,train,2,sad,3,angry,0.1824396699666977
data/cremad/audio/1043_IEO_ANG_HI.wav,1043_IEO_ANG_HI.wav,1043,train,3,angry,3,angry,0.18695735931396484
data/cremad/audio/1043_IEO_ANG_LO.wav,1043_IEO_ANG_LO.wav,1043,train,3,angry,1,happy,0.18299813568592072
data/cremad/audio/1043_IEO_ANG_MD.wav,1043_IEO_ANG_MD.wav,1043,train,3,angry,1,happy,0.18310920894145966
data/cremad/audio/1043_IEO_DIS_HI.wav,1043_IEO_DIS_HI.wav,1043,train,5,disgust,1,happy,0.18345962464809418
data/cremad/audio/1043_IEO_DIS_LO.wav,1043_IEO_DIS_LO.wav,1043,train,5,disgust,1,happy,0.1811583787202835
data/cremad/audio/1043_IEO_DIS_MD.wav,1043_IEO_DIS_MD.wav,1043,train,5,disgust,1,happy,0.183099165558815
data/cremad/audio/1043_IEO_FEA_HI.wav,1043_IEO_FEA_HI.wav,1043,train,4,fearful,1,happy,0.18413250148296356
data/cremad/audio/1043_IEO_FEA_LO.wav,1043_IEO_FEA_LO.wav,1043,train,4,fearful,1,happy,0.18141230940818787
data/cremad/audio/1043_IEO_FEA_MD.wav,1043_IEO_FEA_MD.wav,1043,train,4,fearful,1,happy,0.18304981291294098
data/cremad/audio/1043_IEO_HAP_HI.wav,1043_IEO_HAP_HI.wav,1043,train,1,happy,1,happy,0.1836952120065689
data/cremad/audio/1043_IEO_HAP_LO.wav,1043_IEO_HAP_LO.wav,1043,train,1,happy,1,happy,0.1837465912103653
data/cremad/audio/1043_IEO_HAP_MD.wav,1043_IEO_HAP_MD.wav,1043,train,1,happy,1,happy,0.18508458137512207
data/cremad/audio/1043_IEO_NEU_XX.wav,1043_IEO_NEU_XX.wav,1043,train,0,neutral,1,happy,0.1824491322040558
data/cremad/audio/1043_IEO_SAD_HI.wav,1043_IEO_SAD_HI.wav,1043,train,2,sad,1,happy,0.1813575029373169
data/cremad/audio/1043_IEO_SAD_LO.wav,1043_IEO_SAD_LO.wav,1043,train,2,sad,1,happy,0.18146640062332153
data/cremad/audio/1043_IEO_SAD_MD.wav,1043_IEO_SAD_MD.wav,1043,train,2,sad,1,happy,0.18115375936031342
data/cremad/audio/1043_IOM_ANG_XX.wav,1043_IOM_ANG_XX.wav,1043,train,3,angry,1,happy,0.18401527404785156
data/cremad/audio/1043_IOM_DIS_XX.wav,1043_IOM_DIS_XX.wav,1043,train,5,disgust,1,happy,0.18216492235660553
data/cremad/audio/1043_IOM_FEA_XX.wav,1043_IOM_FEA_XX.wav,1043,train,4,fearful,1,happy,0.1836705058813095
data/cremad/audio/1043_IOM_HAP_XX.wav,1043_IOM_HAP_XX.wav,1043,train,1,happy,1,happy,0.1848641037940979
data/cremad/audio/1043_IOM_NEU_XX.wav,1043_IOM_NEU_XX.wav,1043,train,0,neutral,1,happy,0.18407496809959412
data/cremad/audio/1043_IOM_SAD_XX.wav,1043_IOM_SAD_XX.wav,1043,train,2,sad,1,happy,0.18337397277355194
data/cremad/audio/1043_ITH_ANG_XX.wav,1043_ITH_ANG_XX.wav,1043,train,3,angry,3,angry,0.18420268595218658
data/cremad/audio/1043_ITH_DIS_XX.wav,1043_ITH_DIS_XX.wav,1043,train,5,disgust,1,happy,0.18123483657836914
data/cremad/audio/1043_ITH_FEA_XX.wav,1043_ITH_FEA_XX.wav,1043,train,4,fearful,1,happy,0.18272146582603455
data/cremad/audio/1043_ITH_HAP_XX.wav,1043_ITH_HAP_XX.wav,1043,train,1,happy,1,happy,0.18347427248954773
data/cremad/audio/1043_ITH_NEU_XX.wav,1043_ITH_NEU_XX.wav,1043,train,0,neutral,1,happy,0.18404287099838257
data/cremad/audio/1043_ITH_SAD_XX.wav,1043_ITH_SAD_XX.wav,1043,train,2,sad,1,happy,0.18305636942386627
data/cremad/audio/1043_ITS_ANG_XX.wav,1043_ITS_ANG_XX.wav,1043,train,3,angry,1,happy,0.18646132946014404
data/cremad/audio/1043_ITS_DIS_XX.wav,1043_ITS_DIS_XX.wav,1043,train,5,disgust,1,happy,0.18110108375549316
data/cremad/audio/1043_ITS_FEA_XX.wav,1043_ITS_FEA_XX.wav,1043,train,4,fearful,1,happy,0.18437165021896362
data/cremad/audio/1043_ITS_HAP_XX.wav,1043_ITS_HAP_XX.wav,1043,train,1,happy,1,happy,0.18702061474323273
data/cremad/audio/1043_ITS_NEU_XX.wav,1043_ITS_NEU_XX.wav,1043,train,0,neutral,1,happy,0.18493126332759857
data/cremad/audio/1043_ITS_SAD_XX.wav,1043_ITS_SAD_XX.wav,1043,train,2,sad,1,happy,0.1847672015428543
data/cremad/audio/1043_IWL_ANG_XX.wav,1043_IWL_ANG_XX.wav,1043,train,3,angry,1,happy,0.18445420265197754
data/cremad/audio/1043_IWL_DIS_XX.wav,1043_IWL_DIS_XX.wav,1043,train,5,disgust,1,happy,0.18193432688713074
data/cremad/audio/1043_IWL_FEA_XX.wav,1043_IWL_FEA_XX.wav,1043,train,4,fearful,1,happy,0.18310342729091644
data/cremad/audio/1043_IWL_HAP_XX.wav,1043_IWL_HAP_XX.wav,1043,train,1,happy,1,happy,0.18431785702705383
data/cremad/audio/1043_IWL_NEU_XX.wav,1043_IWL_NEU_XX.wav,1043,train,0,neutral,1,happy,0.18384166061878204
data/cremad/audio/1043_IWL_SAD_XX.wav,1043_IWL_SAD_XX.wav,1043,train,2,sad,1,happy,0.18351058661937714
data/cremad/audio/1043_IWW_ANG_XX.wav,1043_IWW_ANG_XX.wav,1043,train,3,angry,3,angry,0.1855202466249466
data/cremad/audio/1043_IWW_DIS_XX.wav,1043_IWW_DIS_XX.wav,1043,train,5,disgust,1,happy,0.1813764125108719
data/cremad/audio/1043_IWW_FEA_XX.wav,1043_IWW_FEA_XX.wav,1043,train,4,fearful,3,angry,0.18478110432624817
data/cremad/audio/1043_IWW_HAP_XX.wav,1043_IWW_HAP_XX.wav,1043,train,1,happy,1,happy,0.18481744825839996
data/cremad/audio/1043_IWW_NEU_XX.wav,1043_IWW_NEU_XX.wav,1043,train,0,neutral,1,happy,0.1847878098487854
data/cremad/audio/1043_IWW_SAD_XX.wav,1043_IWW_SAD_XX.wav,1043,train,2,sad,1,happy,0.18410517275333405
data/cremad/audio/1043_MTI_ANG_XX.wav,1043_MTI_ANG_XX.wav,1043,train,3,angry,3,angry,0.18596552312374115
data/cremad/audio/1043_MTI_DIS_XX.wav,1043_MTI_DIS_XX.wav,1043,train,5,disgust,1,happy,0.1834993064403534
data/cremad/audio/1043_MTI_FEA_XX.wav,1043_MTI_FEA_XX.wav,1043,train,4,fearful,1,happy,0.18324121832847595
data/cremad/audio/1043_MTI_HAP_XX.wav,1043_MTI_HAP_XX.wav,1043,train,1,happy,1,happy,0.18424567580223083
data/cremad/audio/1043_MTI_NEU_XX.wav,1043_MTI_NEU_XX.wav,1043,train,0,neutral,1,happy,0.1836264282464981
data/cremad/audio/1043_MTI_SAD_XX.wav,1043_MTI_SAD_XX.wav,1043,train,2,sad,1,happy,0.18368402123451233
data/cremad/audio/1043_TAI_ANG_XX.wav,1043_TAI_ANG_XX.wav,1043,train,3,angry,1,happy,0.18331266939640045
data/cremad/audio/1043_TAI_DIS_XX.wav,1043_TAI_DIS_XX.wav,1043,train,5,disgust,1,happy,0.18056517839431763
data/cremad/audio/1043_TAI_FEA_XX.wav,1043_TAI_FEA_XX.wav,1043,train,4,fearful,1,happy,0.18158423900604248
data/cremad/audio/1043_TAI_HAP_XX.wav,1043_TAI_HAP_XX.wav,1043,train,1,happy,1,happy,0.18410450220108032
data/cremad/audio/1043_TAI_NEU_XX.wav,1043_TAI_NEU_XX.wav,1043,train,0,neutral,1,happy,0.18373367190361023
data/cremad/audio/1043_TAI_SAD_XX.wav,1043_TAI_SAD_XX.wav,1043,train,2,sad,1,happy,0.18352188169956207
data/cremad/audio/1043_TIE_ANG_XX.wav,1043_TIE_ANG_XX.wav,1043,train,3,angry,1,happy,0.18282197415828705
data/cremad/audio/1043_TIE_DIS_XX.wav,1043_TIE_DIS_XX.wav,1043,train,5,disgust,3,angry,0.18163613975048065
data/cremad/audio/1043_TIE_FEA_XX.wav,1043_TIE_FEA_XX.wav,1043,train,4,fearful,3,angry,0.18309712409973145
data/cremad/audio/1043_TIE_HAP_XX.wav,1043_TIE_HAP_XX.wav,1043,train,1,happy,1,happy,0.18332313001155853
data/cremad/audio/1043_TIE_NEU_XX.wav,1043_TIE_NEU_XX.wav,1043,train,0,neutral,1,happy,0.18300193548202515
data/cremad/audio/1043_TIE_SAD_XX.wav,1043_TIE_SAD_XX.wav,1043,train,2,sad,1,happy,0.18067467212677002
data/cremad/audio/1043_TSI_ANG_XX.wav,1043_TSI_ANG_XX.wav,1043,train,3,angry,1,happy,0.18379737436771393
data/cremad/audio/1043_TSI_DIS_XX.wav,1043_TSI_DIS_XX.wav,1043,train,5,disgust,1,happy,0.180785670876503
data/cremad/audio/1043_TSI_FEA_XX.wav,1043_TSI_FEA_XX.wav,1043,train,4,fearful,3,angry,0.18289433419704437
data/cremad/audio/1043_TSI_HAP_XX.wav,1043_TSI_HAP_XX.wav,1043,train,1,happy,1,happy,0.1842283308506012
data/cremad/audio/1043_TSI_NEU_XX.wav,1043_TSI_NEU_XX.wav,1043,train,0,neutral,1,happy,0.1824396848678589
data/cremad/audio/1043_TSI_SAD_XX.wav,1043_TSI_SAD_XX.wav,1043,train,2,sad,1,happy,0.18159127235412598
data/cremad/audio/1043_WSI_ANG_XX.wav,1043_WSI_ANG_XX.wav,1043,train,3,angry,3,angry,0.18480516970157623
data/cremad/audio/1043_WSI_DIS_XX.wav,1043_WSI_DIS_XX.wav,1043,train,5,disgust,1,happy,0.18069665133953094
data/cremad/audio/1043_WSI_FEA_XX.wav,1043_WSI_FEA_XX.wav,1043,train,4,fearful,1,happy,0.18295030295848846
data/cremad/audio/1043_WSI_HAP_XX.wav,1043_WSI_HAP_XX.wav,1043,train,1,happy,3,angry,0.1845698207616806
data/cremad/audio/1043_WSI_NEU_XX.wav,1043_WSI_NEU_XX.wav,1043,train,0,neutral,1,happy,0.1838027387857437
data/cremad/audio/1043_WSI_SAD_XX.wav,1043_WSI_SAD_XX.wav,1043,train,2,sad,1,happy,0.1824607104063034
data/cremad/audio/1044_DFA_ANG_XX.wav,1044_DFA_ANG_XX.wav,1044,train,3,angry,1,happy,0.18299199640750885
data/cremad/audio/1044_DFA_DIS_XX.wav,1044_DFA_DIS_XX.wav,1044,train,5,disgust,3,angry,0.1861887276172638
data/cremad/audio/1044_DFA_FEA_XX.wav,1044_DFA_FEA_XX.wav,1044,train,4,fearful,3,angry,0.1884637475013733
data/cremad/audio/1044_DFA_HAP_XX.wav,1044_DFA_HAP_XX.wav,1044,train,1,happy,1,happy,0.18334484100341797
data/cremad/audio/1044_DFA_NEU_XX.wav,1044_DFA_NEU_XX.wav,1044,train,0,neutral,1,happy,0.1830744743347168
data/cremad/audio/1044_DFA_SAD_XX.wav,1044_DFA_SAD_XX.wav,1044,train,2,sad,1,happy,0.1817394345998764
data/cremad/audio/1044_IEO_ANG_HI.wav,1044_IEO_ANG_HI.wav,1044,train,3,angry,3,angry,0.18443109095096588
data/cremad/audio/1044_IEO_ANG_LO.wav,1044_IEO_ANG_LO.wav,1044,train,3,angry,3,angry,0.1827341765165329
data/cremad/audio/1044_IEO_ANG_MD.wav,1044_IEO_ANG_MD.wav,1044,train,3,angry,3,angry,0.1841408759355545
data/cremad/audio/1044_IEO_DIS_HI.wav,1044_IEO_DIS_HI.wav,1044,train,5,disgust,3,angry,0.1896713376045227
data/cremad/audio/1044_IEO_DIS_LO.wav,1044_IEO_DIS_LO.wav,1044,train,5,disgust,3,angry,0.1825903207063675
data/cremad/audio/1044_IEO_DIS_MD.wav,1044_IEO_DIS_MD.wav,1044,train,5,disgust,3,angry,0.19005562365055084
data/cremad/audio/1044_IEO_FEA_HI.wav,1044_IEO_FEA_HI.wav,1044,train,4,fearful,3,angry,0.18813855946063995
data/cremad/audio/1044_IEO_FEA_LO.wav,1044_IEO_FEA_LO.wav,1044,train,4,fearful,3,angry,0.17976610362529755
data/cremad/audio/1044_IEO_FEA_MD.wav,1044_IEO_FEA_MD.wav,1044,train,4,fearful,3,angry,0.17927850782871246
data/cremad/audio/1044_IEO_HAP_HI.wav,1044_IEO_HAP_HI.wav,1044,train,1,happy,3,angry,0.18614017963409424
data/cremad/audio/1044_IEO_HAP_LO.wav,1044_IEO_HAP_LO.wav,1044,train,1,happy,1,happy,0.1838712841272354
data/cremad/audio/1044_IEO_HAP_MD.wav,1044_IEO_HAP_MD.wav,1044,train,1,happy,1,happy,0.1816769540309906
data/cremad/audio/1044_IEO_NEU_XX.wav,1044_IEO_NEU_XX.wav,1044,train,0,neutral,1,happy,0.18366460502147675
data/cremad/audio/1044_IEO_SAD_HI.wav,1044_IEO_SAD_HI.wav,1044,train,2,sad,1,happy,0.17905555665493011
data/cremad/audio/1044_IEO_SAD_LO.wav,1044_IEO_SAD_LO.wav,1044,train,2,sad,1,happy,0.17925594747066498
data/cremad/audio/1044_IEO_SAD_MD.wav,1044_IEO_SAD_MD.wav,1044,train,2,sad,1,happy,0.18033811450004578
data/cremad/audio/1044_IOM_ANG_XX.wav,1044_IOM_ANG_XX.wav,1044,train,3,angry,3,angry,0.18511992692947388
data/cremad/audio/1044_IOM_DIS_XX.wav,1044_IOM_DIS_XX.wav,1044,train,5,disgust,3,angry,0.18481698632240295
data/cremad/audio/1044_IOM_FEA_XX.wav,1044_IOM_FEA_XX.wav,1044,train,4,fearful,1,happy,0.1831069141626358
data/cremad/audio/1044_IOM_HAP_XX.wav,1044_IOM_HAP_XX.wav,1044,train,1,happy,1,happy,0.18515518307685852
data/cremad/audio/1044_IOM_NEU_XX.wav,1044_IOM_NEU_XX.wav,1044,train,0,neutral,1,happy,0.18251781165599823
data/cremad/audio/1044_IOM_SAD_XX.wav,1044_IOM_SAD_XX.wav,1044,train,2,sad,1,happy,0.18172955513000488
data/cremad/audio/1044_ITH_ANG_XX.wav,1044_ITH_ANG_XX.wav,1044,train,3,angry,3,angry,0.18699978291988373
data/cremad/audio/1044_ITH_DIS_XX.wav,1044_ITH_DIS_XX.wav,1044,train,5,disgust,3,angry,0.18437691032886505
data/cremad/audio/1044_ITH_FEA_XX.wav,1044_ITH_FEA_XX.wav,1044,train,4,fearful,1,happy,0.18170461058616638
data/cremad/audio/1044_ITH_HAP_XX.wav,1044_ITH_HAP_XX.wav,1044,train,1,happy,1,happy,0.18311193585395813
data/cremad/audio/1044_ITH_NEU_XX.wav,1044_ITH_NEU_XX.wav,1044,train,0,neutral,3,angry,0.1837856024503708
data/cremad/audio/1044_ITH_SAD_XX.wav,1044_ITH_SAD_XX.wav,1044,train,2,sad,1,happy,0.1816694289445877
data/cremad/audio/1044_ITS_ANG_XX.wav,1044_ITS_ANG_XX.wav,1044,train,3,angry,3,angry,0.1864006221294403
data/cremad/audio/1044_ITS_DIS_XX.wav,1044_ITS_DIS_XX.wav,1044,train,5,disgust,3,angry,0.1855737566947937
data/cremad/audio/1044_ITS_FEA_XX.wav,1044_ITS_FEA_XX.wav,1044,train,4,fearful,3,angry,0.1863810420036316
data/cremad/audio/1044_ITS_HAP_XX.wav,1044_ITS_HAP_XX.wav,1044,train,1,happy,1,happy,0.18469402194023132
data/cremad/audio/1044_ITS_NEU_XX.wav,1044_ITS_NEU_XX.wav,1044,train,0,neutral,1,happy,0.1840369701385498
data/cremad/audio/1044_ITS_SAD_XX.wav,1044_ITS_SAD_XX.wav,1044,train,2,sad,1,happy,0.18173399567604065
data/cremad/audio/1044_IWL_ANG_XX.wav,1044_IWL_ANG_XX.wav,1044,train,3,angry,3,angry,0.1871044784784317
data/cremad/audio/1044_IWL_DIS_XX.wav,1044_IWL_DIS_XX.wav,1044,train,5,disgust,3,angry,0.18881821632385254
data/cremad/audio/1044_IWL_FEA_XX.wav,1044_IWL_FEA_XX.wav,1044,train,4,fearful,3,angry,0.1862470954656601
data/cremad/audio/1044_IWL_HAP_XX.wav,1044_IWL_HAP_XX.wav,1044,train,1,happy,3,angry,0.18581362068653107
data/cremad/audio/1044_IWL_NEU_XX.wav,1044_IWL_NEU_XX.wav,1044,train,0,neutral,3,angry,0.18439799547195435
data/cremad/audio/1044_IWL_SAD_XX.wav,1044_IWL_SAD_XX.wav,1044,train,2,sad,1,happy,0.1825133115053177
data/cremad/audio/1044_IWW_ANG_XX.wav,1044_IWW_ANG_XX.wav,1044,train,3,angry,1,happy,0.18328341841697693
data/cremad/audio/1044_IWW_DIS_XX.wav,1044_IWW_DIS_XX.wav,1044,train,5,disgust,3,angry,0.18665558099746704
data/cremad/audio/1044_IWW_FEA_XX.wav,1044_IWW_FEA_XX.wav,1044,train,4,fearful,3,angry,0.18577787280082703
data/cremad/audio/1044_IWW_HAP_XX.wav,1044_IWW_HAP_XX.wav,1044,train,1,happy,3,angry,0.1840023696422577
data/cremad/audio/1044_IWW_NEU_XX.wav,1044_IWW_NEU_XX.wav,1044,train,0,neutral,3,angry,0.1851506382226944
data/cremad/audio/1044_IWW_SAD_XX.wav,1044_IWW_SAD_XX.wav,1044,train,2,sad,1,happy,0.18134337663650513
data/cremad/audio/1044_MTI_ANG_XX.wav,1044_MTI_ANG_XX.wav,1044,train,3,angry,3,angry,0.18814565241336823
data/cremad/audio/1044_MTI_DIS_XX.wav,1044_MTI_DIS_XX.wav,1044,train,5,disgust,3,angry,0.18443527817726135
data/cremad/audio/1044_MTI_FEA_XX.wav,1044_MTI_FEA_XX.wav,1044,train,4,fearful,3,angry,0.18549497425556183
data/cremad/audio/1044_MTI_HAP_XX.wav,1044_MTI_HAP_XX.wav,1044,train,1,happy,3,angry,0.18462756276130676
data/cremad/audio/1044_MTI_NEU_XX.wav,1044_MTI_NEU_XX.wav,1044,train,0,neutral,1,happy,0.1827775537967682
data/cremad/audio/1044_MTI_SAD_XX.wav,1044_MTI_SAD_XX.wav,1044,train,2,sad,1,happy,0.1815231293439865
data/cremad/audio/1044_TAI_ANG_XX.wav,1044_TAI_ANG_XX.wav,1044,train,3,angry,3,angry,0.1855696737766266
data/cremad/audio/1044_TAI_DIS_XX.wav,1044_TAI_DIS_XX.wav,1044,train,5,disgust,3,angry,0.1863933950662613
data/cremad/audio/1044_TAI_FEA_XX.wav,1044_TAI_FEA_XX.wav,1044,train,4,fearful,1,happy,0.183539018034935
data/cremad/audio/1044_TAI_HAP_XX.wav,1044_TAI_HAP_XX.wav,1044,train,1,happy,3,angry,0.1853007823228836
data/cremad/audio/1044_TAI_NEU_XX.wav,1044_TAI_NEU_XX.wav,1044,train,0,neutral,3,angry,0.18438242375850677
data/cremad/audio/1044_TAI_SAD_XX.wav,1044_TAI_SAD_XX.wav,1044,train,2,sad,1,happy,0.18057918548583984
data/cremad/audio/1044_TIE_ANG_XX.wav,1044_TIE_ANG_XX.wav,1044,train,3,angry,3,angry,0.18673941493034363
data/cremad/audio/1044_TIE_DIS_XX.wav,1044_TIE_DIS_XX.wav,1044,train,5,disgust,3,angry,0.18857377767562866
data/cremad/audio/1044_TIE_FEA_XX.wav,1044_TIE_FEA_XX.wav,1044,train,4,fearful,3,angry,0.18403670191764832
data/cremad/audio/1044_TIE_HAP_XX.wav,1044_TIE_HAP_XX.wav,1044,train,1,happy,1,happy,0.18474331498146057
data/cremad/audio/1044_TIE_NEU_XX.wav,1044_TIE_NEU_XX.wav,1044,train,0,neutral,1,happy,0.1826983094215393
data/cremad/audio/1044_TIE_SAD_XX.wav,1044_TIE_SAD_XX.wav,1044,train,2,sad,1,happy,0.18217463791370392
data/cremad/audio/1044_TSI_ANG_XX.wav,1044_TSI_ANG_XX.wav,1044,train,3,angry,3,angry,0.18688365817070007
data/cremad/audio/1044_TSI_DIS_XX.wav,1044_TSI_DIS_XX.wav,1044,train,5,disgust,3,angry,0.18533959984779358
data/cremad/audio/1044_TSI_FEA_XX.wav,1044_TSI_FEA_XX.wav,1044,train,4,fearful,3,angry,0.18639236688613892
data/cremad/audio/1044_TSI_HAP_XX.wav,1044_TSI_HAP_XX.wav,1044,train,1,happy,3,angry,0.1826520413160324
data/cremad/audio/1044_TSI_NEU_XX.wav,1044_TSI_NEU_XX.wav,1044,train,0,neutral,3,angry,0.18197527527809143
data/cremad/audio/1044_TSI_SAD_XX.wav,1044_TSI_SAD_XX.wav,1044,train,2,sad,1,happy,0.18179380893707275
data/cremad/audio/1044_WSI_ANG_XX.wav,1044_WSI_ANG_XX.wav,1044,train,3,angry,1,happy,0.1848667412996292
data/cremad/audio/1044_WSI_DIS_XX.wav,1044_WSI_DIS_XX.wav,1044,train,5,disgust,3,angry,0.186738520860672
data/cremad/audio/1044_WSI_FEA_XX.wav,1044_WSI_FEA_XX.wav,1044,train,4,fearful,1,happy,0.1850617527961731
data/cremad/audio/1044_WSI_HAP_XX.wav,1044_WSI_HAP_XX.wav,1044,train,1,happy,1,happy,0.18369990587234497
data/cremad/audio/1044_WSI_NEU_XX.wav,1044_WSI_NEU_XX.wav,1044,train,0,neutral,1,happy,0.18279241025447845
data/cremad/audio/1044_WSI_SAD_XX.wav,1044_WSI_SAD_XX.wav,1044,train,2,sad,1,happy,0.18096324801445007
data/cremad/audio/1046_DFA_ANG_XX.wav,1046_DFA_ANG_XX.wav,1046,train,3,angry,3,angry,0.1855728030204773
data/cremad/audio/1046_DFA_DIS_XX.wav,1046_DFA_DIS_XX.wav,1046,train,5,disgust,1,happy,0.1810089349746704
data/cremad/audio/1046_DFA_FEA_XX.wav,1046_DFA_FEA_XX.wav,1046,train,4,fearful,1,happy,0.18308700621128082
data/cremad/audio/1046_DFA_HAP_XX.wav,1046_DFA_HAP_XX.wav,1046,train,1,happy,1,happy,0.1818590611219406
data/cremad/audio/1046_DFA_NEU_XX.wav,1046_DFA_NEU_XX.wav,1046,train,0,neutral,1,happy,0.18297073245048523
data/cremad/audio/1046_DFA_SAD_XX.wav,1046_DFA_SAD_XX.wav,1046,train,2,sad,1,happy,0.18298858404159546
data/cremad/audio/1046_IEO_ANG_HI.wav,1046_IEO_ANG_HI.wav,1046,train,3,angry,3,angry,0.18720081448554993
data/cremad/audio/1046_IEO_ANG_LO.wav,1046_IEO_ANG_LO.wav,1046,train,3,angry,1,happy,0.183397114276886
data/cremad/audio/1046_IEO_ANG_MD.wav,1046_IEO_ANG_MD.wav,1046,train,3,angry,1,happy,0.18333546817302704
data/cremad/audio/1046_IEO_DIS_HI.wav,1046_IEO_DIS_HI.wav,1046,train,5,disgust,1,happy,0.18433400988578796
data/cremad/audio/1046_IEO_DIS_LO.wav,1046_IEO_DIS_LO.wav,1046,train,5,disgust,1,happy,0.18448437750339508
data/cremad/audio/1046_IEO_DIS_MD.wav,1046_IEO_DIS_MD.wav,1046,train,5,disgust,1,happy,0.1836024671792984
data/cremad/audio/1046_IEO_FEA_HI.wav,1046_IEO_FEA_HI.wav,1046,train,4,fearful,1,happy,0.18473269045352936
data/cremad/audio/1046_IEO_FEA_LO.wav,1046_IEO_FEA_LO.wav,1046,train,4,fearful,1,happy,0.18306973576545715
data/cremad/audio/1046_IEO_FEA_MD.wav,1046_IEO_FEA_MD.wav,1046,train,4,fearful,1,happy,0.1843673437833786
data/cremad/audio/1046_IEO_HAP_HI.wav,1046_IEO_HAP_HI.wav,1046,train,1,happy,1,happy,0.18463680148124695
data/cremad/audio/1046_IEO_HAP_LO.wav,1046_IEO_HAP_LO.wav,1046,train,1,happy,1,happy,0.1828194558620453
data/cremad/audio/1046_IEO_HAP_MD.wav,1046_IEO_HAP_MD.wav,1046,train,1,happy,1,happy,0.1826288253068924
data/cremad/audio/1046_IEO_NEU_XX.wav,1046_IEO_NEU_XX.wav,1046,train,0,neutral,1,happy,0.1835641711950302
data/cremad/audio/1046_IEO_SAD_HI.wav,1046_IEO_SAD_HI.wav,1046,train,2,sad,1,happy,0.18128402531147003
data/cremad/audio/1046_IEO_SAD_LO.wav,1046_IEO_SAD_LO.wav,1046,train,2,sad,1,happy,0.18288135528564453
data/cremad/audio/1046_IEO_SAD_MD.wav,1046_IEO_SAD_MD.wav,1046,train,2,sad,1,happy,0.18078462779521942
data/cremad/audio/1046_IOM_ANG_XX.wav,1046_IOM_ANG_XX.wav,1046,train,3,angry,3,angry,0.18448930978775024
data/cremad/audio/1046_IOM_DIS_XX.wav,1046_IOM_DIS_XX.wav,1046,train,5,disgust,1,happy,0.18160274624824524
data/cremad/audio/1046_IOM_FEA_XX.wav,1046_IOM_FEA_XX.wav,1046,train,4,fearful,1,happy,0.18076249957084656
data/cremad/audio/1046_IOM_HAP_XX.wav,1046_IOM_HAP_XX.wav,1046,train,1,happy,1,happy,0.18304066359996796
data/cremad/audio/1046_IOM_NEU_XX.wav,1046_IOM_NEU_XX.wav,1046,train,0,neutral,1,happy,0.18330882489681244
data/cremad/audio/1046_IOM_SAD_XX.wav,1046_IOM_SAD_XX.wav,1046,train,2,sad,1,happy,0.1834661215543747
data/cremad/audio/1046_ITH_ANG_XX.wav,1046_ITH_ANG_XX.wav,1046,train,3,angry,1,happy,0.18512660264968872
data/cremad/audio/1046_ITH_DIS_XX.wav,1046_ITH_DIS_XX.wav,1046,train,5,disgust,1,happy,0.18183492124080658
data/cremad/audio/1046_ITH_FEA_XX.wav,1046_ITH_FEA_XX.wav,1046,train,4,fearful,3,angry,0.18613329529762268
data/cremad/audio/1046_ITH_HAP_XX.wav,1046_ITH_HAP_XX.wav,1046,train,1,happy,1,happy,0.18478037416934967
data/cremad/audio/1046_ITH_NEU_XX.wav,1046_ITH_NEU_XX.wav,1046,train,0,neutral,1,happy,0.18417145311832428
data/cremad/audio/1046_ITH_SAD_XX.wav,1046_ITH_SAD_XX.wav,1046,train,2,sad,1,happy,0.183370903134346
data/cremad/audio/1046_ITS_ANG_XX.wav,1046_ITS_ANG_XX.wav,1046,train,3,angry,1,happy,0.18422038853168488
data/cremad/audio/1046_ITS_DIS_XX.wav,1046_ITS_DIS_XX.wav,1046,train,5,disgust,1,happy,0.1835237592458725
data/cremad/audio/1046_ITS_FEA_XX.wav,1046_ITS_FEA_XX.wav,1046,train,4,fearful,1,happy,0.1843884438276291
data/cremad/audio/1046_ITS_HAP_XX.wav,1046_ITS_HAP_XX.wav,1046,train,1,happy,1,happy,0.18489283323287964
data/cremad/audio/1046_ITS_NEU_XX.wav,1046_ITS_NEU_XX.wav,1046,train,0,neutral,1,happy,0.18406124413013458
data/cremad/audio/1046_ITS_SAD_XX.wav,1046_ITS_SAD_XX.wav,1046,train,2,sad,1,happy,0.18183830380439758
data/cremad/audio/1046_IWL_ANG_XX.wav,1046_IWL_ANG_XX.wav,1046,train,3,angry,3,angry,0.18497171998023987
data/cremad/audio/1046_IWL_DIS_XX.wav,1046_IWL_DIS_XX.wav,1046,train,5,disgust,1,happy,0.18283016979694366
data/cremad/audio/1046_IWL_FEA_XX.wav,1046_IWL_FEA_XX.wav,1046,train,4,fearful,1,happy,0.18331709504127502
data/cremad/audio/1046_IWL_HAP_XX.wav,1046_IWL_HAP_XX.wav,1046,train,1,happy,3,angry,0.18355046212673187
data/cremad/audio/1046_IWL_NEU_XX.wav,1046_IWL_NEU_XX.wav,1046,train,0,neutral,1,happy,0.18340937793254852
data/cremad/audio/1046_IWL_SAD_XX.wav,1046_IWL_SAD_XX.wav,1046,train,2,sad,3,angry,0.184353768825531
data/cremad/audio/1046_IWW_ANG_XX.wav,1046_IWW_ANG_XX.wav,1046,train,3,angry,1,happy,0.18430554866790771
data/cremad/audio/1046_IWW_DIS_XX.wav,1046_IWW_DIS_XX.wav,1046,train,5,disgust,1,happy,0.18572969734668732
data/cremad/audio/1046_IWW_FEA_XX.wav,1046_IWW_FEA_XX.wav,1046,train,4,fearful,1,happy,0.18166673183441162
data/cremad/audio/1046_IWW_HAP_XX.wav,1046_IWW_HAP_XX.wav,1046,train,1,happy,1,happy,0.1840677708387375
data/cremad/audio/1046_IWW_NEU_XX.wav,1046_IWW_NEU_XX.wav,1046,train,0,neutral,3,angry,0.1820998191833496
data/cremad/audio/1046_IWW_SAD_XX.wav,1046_IWW_SAD_XX.wav,1046,train,2,sad,1,happy,0.18253618478775024
data/cremad/audio/1046_MTI_ANG_XX.wav,1046_MTI_ANG_XX.wav,1046,train,3,angry,1,happy,0.1832508146762848
data/cremad/audio/1046_MTI_DIS_XX.wav,1046_MTI_DIS_XX.wav,1046,train,5,disgust,1,happy,0.18255122005939484
data/cremad/audio/1046_MTI_FEA_XX.wav,1046_MTI_FEA_XX.wav,1046,train,4,fearful,3,angry,0.18607264757156372
data/cremad/audio/1046_MTI_HAP_XX.wav,1046_MTI_HAP_XX.wav,1046,train,1,happy,1,happy,0.1845882683992386
data/cremad/audio/1046_MTI_NEU_XX.wav,1046_MTI_NEU_XX.wav,1046,train,0,neutral,1,happy,0.18454137444496155
data/cremad/audio/1046_MTI_SAD_XX.wav,1046_MTI_SAD_XX.wav,1046,train,2,sad,1,happy,0.18259301781654358
data/cremad/audio/1046_TAI_ANG_XX.wav,1046_TAI_ANG_XX.wav,1046,train,3,angry,1,happy,0.1839030236005783
data/cremad/audio/1046_TAI_DIS_XX.wav,1046_TAI_DIS_XX.wav,1046,train,5,disgust,1,happy,0.183187335729599
data/cremad/audio/1046_TAI_FEA_XX.wav,1046_TAI_FEA_XX.wav,1046,train,4,fearful,1,happy,0.18441300094127655
data/cremad/audio/1046_TAI_HAP_XX.wav,1046_TAI_HAP_XX.wav,1046,train,1,happy,1,happy,0.1838393360376358
data/cremad/audio/1046_TAI_NEU_XX.wav,1046_TAI_NEU_XX.wav,1046,train,0,neutral,1,happy,0.1832728236913681
data/cremad/audio/1046_TAI_SAD_XX.wav,1046_TAI_SAD_XX.wav,1046,train,2,sad,1,happy,0.18230637907981873
data/cremad/audio/1046_TIE_ANG_XX.wav,1046_TIE_ANG_XX.wav,1046,train,3,angry,3,angry,0.18741117417812347
data/cremad/audio/1046_TIE_DIS_XX.wav,1046_TIE_DIS_XX.wav,1046,train,5,disgust,1,happy,0.1836787462234497
data/cremad/audio/1046_TIE_FEA_XX.wav,1046_TIE_FEA_XX.wav,1046,train,4,fearful,1,happy,0.18249393999576569
data/cremad/audio/1046_TIE_HAP_XX.wav,1046_TIE_HAP_XX.wav,1046,train,1,happy,1,happy,0.18254594504833221
data/cremad/audio/1046_TIE_NEU_XX.wav,1046_TIE_NEU_XX.wav,1046,train,0,neutral,1,happy,0.18250411748886108
data/cremad/audio/1046_TIE_SAD_XX.wav,1046_TIE_SAD_XX.wav,1046,train,2,sad,1,happy,0.18236659467220306
data/cremad/audio/1046_TSI_ANG_XX.wav,1046_TSI_ANG_XX.wav,1046,train,3,angry,1,happy,0.18259809911251068
data/cremad/audio/1046_TSI_DIS_XX.wav,1046_TSI_DIS_XX.wav,1046,train,5,disgust,1,happy,0.1803332418203354
data/cremad/audio/1046_TSI_FEA_XX.wav,1046_TSI_FEA_XX.wav,1046,train,4,fearful,3,angry,0.1838368922472
data/cremad/audio/1046_TSI_HAP_XX.wav,1046_TSI_HAP_XX.wav,1046,train,1,happy,1,happy,0.18398427963256836
data/cremad/audio/1046_TSI_NEU_XX.wav,1046_TSI_NEU_XX.wav,1046,train,0,neutral,1,happy,0.18091928958892822
data/cremad/audio/1046_TSI_SAD_XX.wav,1046_TSI_SAD_XX.wav,1046,train,2,sad,1,happy,0.18196633458137512
data/cremad/audio/1046_WSI_ANG_XX.wav,1046_WSI_ANG_XX.wav,1046,train,3,angry,1,happy,0.18419431149959564
data/cremad/audio/1046_WSI_DIS_XX.wav,1046_WSI_DIS_XX.wav,1046,train,5,disgust,3,angry,0.18415279686450958
data/cremad/audio/1046_WSI_FEA_XX.wav,1046_WSI_FEA_XX.wav,1046,train,4,fearful,1,happy,0.18532806634902954
data/cremad/audio/1046_WSI_HAP_XX.wav,1046_WSI_HAP_XX.wav,1046,train,1,happy,1,happy,0.18476898968219757
data/cremad/audio/1046_WSI_NEU_XX.wav,1046_WSI_NEU_XX.wav,1046,train,0,neutral,1,happy,0.185359388589859
data/cremad/audio/1046_WSI_SAD_XX.wav,1046_WSI_SAD_XX.wav,1046,train,2,sad,1,happy,0.18254558742046356
data/cremad/audio/1047_DFA_ANG_XX.wav,1047_DFA_ANG_XX.wav,1047,train,3,angry,1,happy,0.18415431678295135
data/cremad/audio/1047_DFA_DIS_XX.wav,1047_DFA_DIS_XX.wav,1047,train,5,disgust,1,happy,0.18211579322814941
data/cremad/audio/1047_DFA_FEA_XX.wav,1047_DFA_FEA_XX.wav,1047,train,4,fearful,1,happy,0.1851923018693924
data/cremad/audio/1047_DFA_HAP_XX.wav,1047_DFA_HAP_XX.wav,1047,train,1,happy,1,happy,0.18460533022880554
data/cremad/audio/1047_DFA_NEU_XX.wav,1047_DFA_NEU_XX.wav,1047,train,0,neutral,1,happy,0.1824541687965393
data/cremad/audio/1047_DFA_SAD_XX.wav,1047_DFA_SAD_XX.wav,1047,train,2,sad,1,happy,0.18216896057128906
data/cremad/audio/1047_IEO_ANG_HI.wav,1047_IEO_ANG_HI.wav,1047,train,3,angry,3,angry,0.18695029616355896
data/cremad/audio/1047_IEO_ANG_LO.wav,1047_IEO_ANG_LO.wav,1047,train,3,angry,1,happy,0.1838861107826233
data/cremad/audio/1047_IEO_ANG_MD.wav,1047_IEO_ANG_MD.wav,1047,train,3,angry,1,happy,0.18177658319473267
data/cremad/audio/1047_IEO_DIS_HI.wav,1047_IEO_DIS_HI.wav,1047,train,5,disgust,1,happy,0.18122045695781708
data/cremad/audio/1047_IEO_DIS_LO.wav,1047_IEO_DIS_LO.wav,1047,train,5,disgust,1,happy,0.18298321962356567
data/cremad/audio/1047_IEO_DIS_MD.wav,1047_IEO_DIS_MD.wav,1047,train,5,disgust,1,happy,0.18237443268299103
data/cremad/audio/1047_IEO_FEA_HI.wav,1047_IEO_FEA_HI.wav,1047,train,4,fearful,1,happy,0.1854175329208374
data/cremad/audio/1047_IEO_FEA_LO.wav,1047_IEO_FEA_LO.wav,1047,train,4,fearful,1,happy,0.17980511486530304
data/cremad/audio/1047_IEO_FEA_MD.wav,1047_IEO_FEA_MD.wav,1047,train,4,fearful,1,happy,0.18412235379219055
data/cremad/audio/1047_IEO_HAP_HI.wav,1047_IEO_HAP_HI.wav,1047,train,1,happy,1,happy,0.1848534494638443
data/cremad/audio/1047_IEO_HAP_LO.wav,1047_IEO_HAP_LO.wav,1047,train,1,happy,1,happy,0.1839943677186966
data/cremad/audio/1047_IEO_HAP_MD.wav,1047_IEO_HAP_MD.wav,1047,train,1,happy,1,happy,0.18424399197101593
data/cremad/audio/1047_IEO_NEU_XX.wav,1047_IEO_NEU_XX.wav,1047,train,0,neutral,1,happy,0.1826586276292801
data/cremad/audio/1047_IEO_SAD_HI.wav,1047_IEO_SAD_HI.wav,1047,train,2,sad,1,happy,0.18242011964321136
data/cremad/audio/1047_IEO_SAD_LO.wav,1047_IEO_SAD_LO.wav,1047,train,2,sad,1,happy,0.18353165686130524
data/cremad/audio/1047_IEO_SAD_MD.wav,1047_IEO_SAD_MD.wav,1047,train,2,sad,1,happy,0.18138039112091064
data/cremad/audio/1047_IOM_ANG_XX.wav,1047_IOM_ANG_XX.wav,1047,train,3,angry,1,happy,0.1829068660736084
data/cremad/audio/1047_IOM_DIS_XX.wav,1047_IOM_DIS_XX.wav,1047,train,5,disgust,1,happy,0.18493691086769104
data/cremad/audio/1047_IOM_FEA_XX.wav,1047_IOM_FEA_XX.wav,1047,train,4,fearful,1,happy,0.18437106907367706
data/cremad/audio/1047_IOM_HAP_XX.wav,1047_IOM_HAP_XX.wav,1047,train,1,happy,1,happy,0.18473604321479797
data/cremad/audio/1047_IOM_NEU_XX.wav,1047_IOM_NEU_XX.wav,1047,train,0,neutral,1,happy,0.18370866775512695
data/cremad/audio/1047_IOM_SAD_XX.wav,1047_IOM_SAD_XX.wav,1047,train,2,sad,1,happy,0.18305879831314087
data/cremad/audio/1047_ITH_ANG_XX.wav,1047_ITH_ANG_XX.wav,1047,train,3,angry,3,angry,0.18423987925052643
data/cremad/audio/1047_ITH_DIS_XX.wav,1047_ITH_DIS_XX.wav,1047,train,5,disgust,1,happy,0.18285350501537323
data/cremad/audio/1047_ITH_FEA_XX.wav,1047_ITH_FEA_XX.wav,1047,train,4,fearful,1,happy,0.18168124556541443
data/cremad/audio/1047_ITH_HAP_XX.wav,1047_ITH_HAP_XX.wav,1047,train,1,happy,1,happy,0.18365655839443207
data/cremad/audio/1047_ITH_NEU_XX.wav,1047_ITH_NEU_XX.wav,1047,train,0,neutral,1,happy,0.18302620947360992
data/cremad/audio/1047_ITH_SAD_XX.wav,1047_ITH_SAD_XX.wav,1047,train,2,sad,1,happy,0.1831306666135788
data/cremad/audio/1047_ITS_ANG_XX.wav,1047_ITS_ANG_XX.wav,1047,train,3,angry,3,angry,0.18411150574684143
data/cremad/audio/1047_ITS_DIS_XX.wav,1047_ITS_DIS_XX.wav,1047,train,5,disgust,1,happy,0.1815687119960785
data/cremad/audio/1047_ITS_FEA_XX.wav,1047_ITS_FEA_XX.wav,1047,train,4,fearful,1,happy,0.18358319997787476
data/cremad/audio/1047_ITS_HAP_XX.wav,1047_ITS_HAP_XX.wav,1047,train,1,happy,1,happy,0.18469516932964325
data/cremad/audio/1047_ITS_NEU_XX.wav,1047_ITS_NEU_XX.wav,1047,train,0,neutral,1,happy,0.18395069241523743
data/cremad/audio/1047_ITS_SAD_XX.wav,1047_ITS_SAD_XX.wav,1047,train,2,sad,1,happy,0.1823240965604782
data/cremad/audio/1047_IWL_ANG_XX.wav,1047_IWL_ANG_XX.wav,1047,train,3,angry,3,angry,0.18387138843536377
data/cremad/audio/1047_IWL_DIS_XX.wav,1047_IWL_DIS_XX.wav,1047,train,5,disgust,1,happy,0.1829693615436554
data/cremad/audio/1047_IWL_FEA_XX.wav,1047_IWL_FEA_XX.wav,1047,train,4,fearful,1,happy,0.1843327283859253
data/cremad/audio/1047_IWL_HAP_XX.wav,1047_IWL_HAP_XX.wav,1047,train,1,happy,3,angry,0.18558290600776672
data/cremad/audio/1047_IWL_NEU_XX.wav,1047_IWL_NEU_XX.wav,1047,train,0,neutral,1,happy,0.18447652459144592
data/cremad/audio/1047_IWL_SAD_XX.wav,1047_IWL_SAD_XX.wav,1047,train,2,sad,1,happy,0.18255896866321564
data/cremad/audio/1047_IWW_ANG_XX.wav,1047_IWW_ANG_XX.wav,1047,train,3,angry,1,happy,0.1838149130344391
data/cremad/audio/1047_IWW_DIS_XX.wav,1047_IWW_DIS_XX.wav,1047,train,5,disgust,1,happy,0.18111997842788696
data/cremad/audio/1047_IWW_FEA_XX.wav,1047_IWW_FEA_XX.wav,1047,train,4,fearful,1,happy,0.18392588198184967
data/cremad/audio/1047_IWW_HAP_XX.wav,1047_IWW_HAP_XX.wav,1047,train,1,happy,1,happy,0.1830219328403473
data/cremad/audio/1047_IWW_NEU_XX.wav,1047_IWW_NEU_XX.wav,1047,train,0,neutral,1,happy,0.1834855079650879
data/cremad/audio/1047_IWW_SAD_XX.wav,1047_IWW_SAD_XX.wav,1047,train,2,sad,1,happy,0.18348079919815063
data/cremad/audio/1047_MTI_ANG_XX.wav,1047_MTI_ANG_XX.wav,1047,train,3,angry,3,angry,0.18672019243240356
data/cremad/audio/1047_MTI_DIS_XX.wav,1047_MTI_DIS_XX.wav,1047,train,5,disgust,3,angry,0.1844886988401413
data/cremad/audio/1047_MTI_FEA_XX.wav,1047_MTI_FEA_XX.wav,1047,train,4,fearful,3,angry,0.18442687392234802
data/cremad/audio/1047_MTI_HAP_XX.wav,1047_MTI_HAP_XX.wav,1047,train,1,happy,3,angry,0.18572549521923065
data/cremad/audio/1047_MTI_NEU_XX.wav,1047_MTI_NEU_XX.wav,1047,train,0,neutral,1,happy,0.18396973609924316
data/cremad/audio/1047_MTI_SAD_XX.wav,1047_MTI_SAD_XX.wav,1047,train,2,sad,3,angry,0.18680651485919952
data/cremad/audio/1047_TAI_ANG_XX.wav,1047_TAI_ANG_XX.wav,1047,train,3,angry,1,happy,0.18311160802841187
data/cremad/audio/1047_TAI_DIS_XX.wav,1047_TAI_DIS_XX.wav,1047,train,5,disgust,1,happy,0.18150773644447327
data/cremad/audio/1047_TAI_FEA_XX.wav,1047_TAI_FEA_XX.wav,1047,train,4,fearful,1,happy,0.1826530545949936
data/cremad/audio/1047_TAI_HAP_XX.wav,1047_TAI_HAP_XX.wav,1047,train,1,happy,1,happy,0.18477924168109894
data/cremad/audio/1047_TAI_NEU_XX.wav,1047_TAI_NEU_XX.wav,1047,train,0,neutral,1,happy,0.1829061359167099
data/cremad/audio/1047_TAI_SAD_XX.wav,1047_TAI_SAD_XX.wav,1047,train,2,sad,1,happy,0.18145892024040222
data/cremad/audio/1047_TIE_ANG_XX.wav,1047_TIE_ANG_XX.wav,1047,train,3,angry,3,angry,0.18590250611305237
data/cremad/audio/1047_TIE_DIS_XX.wav,1047_TIE_DIS_XX.wav,1047,train,5,disgust,3,angry,0.18517188727855682
data/cremad/audio/1047_TIE_FEA_XX.wav,1047_TIE_FEA_XX.wav,1047,train,4,fearful,3,angry,0.18870918452739716
data/cremad/audio/1047_TIE_HAP_XX.wav,1047_TIE_HAP_XX.wav,1047,train,1,happy,3,angry,0.18791338801383972
data/cremad/audio/1047_TIE_NEU_XX.wav,1047_TIE_NEU_XX.wav,1047,train,0,neutral,1,happy,0.18172115087509155
data/cremad/audio/1047_TIE_SAD_XX.wav,1047_TIE_SAD_XX.wav,1047,train,2,sad,1,happy,0.1802045702934265
data/cremad/audio/1047_TSI_ANG_XX.wav,1047_TSI_ANG_XX.wav,1047,train,3,angry,3,angry,0.1894003450870514
data/cremad/audio/1047_TSI_DIS_XX.wav,1047_TSI_DIS_XX.wav,1047,train,5,disgust,1,happy,0.18195243179798126
data/cremad/audio/1047_TSI_FEA_XX.wav,1047_TSI_FEA_XX.wav,1047,train,4,fearful,1,happy,0.1822609007358551
data/cremad/audio/1047_TSI_HAP_XX.wav,1047_TSI_HAP_XX.wav,1047,train,1,happy,1,happy,0.18253262341022491
data/cremad/audio/1047_TSI_NEU_XX.wav,1047_TSI_NEU_XX.wav,1047,train,0,neutral,1,happy,0.1818898469209671
data/cremad/audio/1047_TSI_SAD_XX.wav,1047_TSI_SAD_XX.wav,1047,train,2,sad,1,happy,0.18150286376476288
data/cremad/audio/1047_WSI_ANG_XX.wav,1047_WSI_ANG_XX.wav,1047,train,3,angry,3,angry,0.1840144842863083
data/cremad/audio/1047_WSI_DIS_XX.wav,1047_WSI_DIS_XX.wav,1047,train,5,disgust,1,happy,0.18075932562351227
data/cremad/audio/1047_WSI_FEA_XX.wav,1047_WSI_FEA_XX.wav,1047,train,4,fearful,1,happy,0.18254028260707855
data/cremad/audio/1047_WSI_HAP_XX.wav,1047_WSI_HAP_XX.wav,1047,train,1,happy,1,happy,0.1845853179693222
data/cremad/audio/1047_WSI_NEU_XX.wav,1047_WSI_NEU_XX.wav,1047,train,0,neutral,1,happy,0.18409855663776398
data/cremad/audio/1047_WSI_SAD_XX.wav,1047_WSI_SAD_XX.wav,1047,train,2,sad,1,happy,0.1835048943758011
data/cremad/audio/1049_DFA_ANG_XX.wav,1049_DFA_ANG_XX.wav,1049,train,3,angry,3,angry,0.18548154830932617
data/cremad/audio/1049_DFA_DIS_XX.wav,1049_DFA_DIS_XX.wav,1049,train,5,disgust,3,angry,0.18262545764446259
data/cremad/audio/1049_DFA_FEA_XX.wav,1049_DFA_FEA_XX.wav,1049,train,4,fearful,1,happy,0.18235105276107788
data/cremad/audio/1049_DFA_HAP_XX.wav,1049_DFA_HAP_XX.wav,1049,train,1,happy,1,happy,0.18503475189208984
data/cremad/audio/1049_DFA_NEU_XX.wav,1049_DFA_NEU_XX.wav,1049,train,0,neutral,1,happy,0.1842123419046402
data/cremad/audio/1049_DFA_SAD_XX.wav,1049_DFA_SAD_XX.wav,1049,train,2,sad,1,happy,0.1831626296043396
data/cremad/audio/1049_IEO_ANG_HI.wav,1049_IEO_ANG_HI.wav,1049,train,3,angry,3,angry,0.18517689406871796
data/cremad/audio/1049_IEO_ANG_LO.wav,1049_IEO_ANG_LO.wav,1049,train,3,angry,1,happy,0.18323107063770294
data/cremad/audio/1049_IEO_ANG_MD.wav,1049_IEO_ANG_MD.wav,1049,train,3,angry,3,angry,0.18484628200531006
data/cremad/audio/1049_IEO_DIS_HI.wav,1049_IEO_DIS_HI.wav,1049,train,5,disgust,1,happy,0.18107350170612335
data/cremad/audio/1049_IEO_DIS_LO.wav,1049_IEO_DIS_LO.wav,1049,train,5,disgust,3,angry,0.18342532217502594
data/cremad/audio/1049_IEO_DIS_MD.wav,1049_IEO_DIS_MD.wav,1049,train,5,disgust,1,happy,0.1850491315126419
data/cremad/audio/1049_IEO_FEA_HI.wav,1049_IEO_FEA_HI.wav,1049,train,4,fearful,1,happy,0.18472009897232056
data/cremad/audio/1049_IEO_FEA_LO.wav,1049_IEO_FEA_LO.wav,1049,train,4,fearful,1,happy,0.18281696736812592
data/cremad/audio/1049_IEO_FEA_MD.wav,1049_IEO_FEA_MD.wav,1049,train,4,fearful,3,angry,0.18543455004692078
data/cremad/audio/1049_IEO_HAP_HI.wav,1049_IEO_HAP_HI.wav,1049,train,1,happy,1,happy,0.18450888991355896
data/cremad/audio/1049_IEO_HAP_LO.wav,1049_IEO_HAP_LO.wav,1049,train,1,happy,1,happy,0.18295709788799286
data/cremad/audio/1049_IEO_HAP_MD.wav,1049_IEO_HAP_MD.wav,1049,train,1,happy,1,happy,0.18546226620674133
data/cremad/audio/1049_IEO_NEU_XX.wav,1049_IEO_NEU_XX.wav,1049,train,0,neutral,1,happy,0.18415433168411255
data/cremad/audio/1049_IEO_SAD_HI.wav,1049_IEO_SAD_HI.wav,1049,train,2,sad,1,happy,0.18083404004573822
data/cremad/audio/1049_IEO_SAD_LO.wav,1049_IEO_SAD_LO.wav,1049,train,2,sad,1,happy,0.18169650435447693
data/cremad/audio/1049_IEO_SAD_MD.wav,1049_IEO_SAD_MD.wav,1049,train,2,sad,1,happy,0.17983616888523102
data/cremad/audio/1049_IOM_ANG_XX.wav,1049_IOM_ANG_XX.wav,1049,train,3,angry,3,angry,0.1863834261894226
data/cremad/audio/1049_IOM_DIS_XX.wav,1049_IOM_DIS_XX.wav,1049,train,5,disgust,1,happy,0.18446817994117737
data/cremad/audio/1049_IOM_FEA_XX.wav,1049_IOM_FEA_XX.wav,1049,train,4,fearful,1,happy,0.1828869879245758
data/cremad/audio/1049_IOM_HAP_XX.wav,1049_IOM_HAP_XX.wav,1049,train,1,happy,1,happy,0.18374571204185486
data/cremad/audio/1049_IOM_NEU_XX.wav,1049_IOM_NEU_XX.wav,1049,train,0,neutral,3,angry,0.18332697451114655
data/cremad/audio/1049_IOM_SAD_XX.wav,1049_IOM_SAD_XX.wav,1049,train,2,sad,1,happy,0.18216033279895782
data/cremad/audio/1049_ITH_ANG_XX.wav,1049_ITH_ANG_XX.wav,1049,train,3,angry,3,angry,0.1876285821199417
data/cremad/audio/1049_ITH_DIS_XX.wav,1049_ITH_DIS_XX.wav,1049,train,5,disgust,1,happy,0.18239544332027435
data/cremad/audio/1049_ITH_FEA_XX.wav,1049_ITH_FEA_XX.wav,1049,train,4,fearful,1,happy,0.18199162185192108
data/cremad/audio/1049_ITH_HAP_XX.wav,1049_ITH_HAP_XX.wav,1049,train,1,happy,3,angry,0.183806374669075
data/cremad/audio/1049_ITH_NEU_XX.wav,1049_ITH_NEU_XX.wav,1049,train,0,neutral,1,happy,0.183611199259758
data/cremad/audio/1049_ITH_SAD_XX.wav,1049_ITH_SAD_XX.wav,1049,train,2,sad,1,happy,0.1833631843328476
data/cremad/audio/1049_ITS_ANG_XX.wav,1049_ITS_ANG_XX.wav,1049,train,3,angry,3,angry,0.18706433475017548
data/cremad/audio/1049_ITS_DIS_XX.wav,1049_ITS_DIS_XX.wav,1049,train,5,disgust,1,happy,0.18135547637939453
data/cremad/audio/1049_ITS_FEA_XX.wav,1049_ITS_FEA_XX.wav,1049,train,4,fearful,1,happy,0.18427491188049316
data/cremad/audio/1049_ITS_HAP_XX.wav,1049_ITS_HAP_XX.wav,1049,train,1,happy,3,angry,0.1839628368616104
data/cremad/audio/1049_ITS_NEU_XX.wav,1049_ITS_NEU_XX.wav,1049,train,0,neutral,1,happy,0.1836296170949936
data/cremad/audio/1049_ITS_SAD_XX.wav,1049_ITS_SAD_XX.wav,1049,train,2,sad,1,happy,0.18339599668979645
data/cremad/audio/1049_IWL_ANG_XX.wav,1049_IWL_ANG_XX.wav,1049,train,3,angry,3,angry,0.18675026297569275
data/cremad/audio/1049_IWL_DIS_XX.wav,1049_IWL_DIS_XX.wav,1049,train,5,disgust,3,angry,0.18800289928913116
data/cremad/audio/1049_IWL_FEA_XX.wav,1049_IWL_FEA_XX.wav,1049,train,4,fearful,3,angry,0.18503043055534363
data/cremad/audio/1049_IWL_HAP_XX.wav,1049_IWL_HAP_XX.wav,1049,train,1,happy,1,happy,0.18595483899116516
data/cremad/audio/1049_IWL_NEU_XX.wav,1049_IWL_NEU_XX.wav,1049,train,0,neutral,1,happy,0.1838795393705368
data/cremad/audio/1049_IWL_SAD_XX.wav,1049_IWL_SAD_XX.wav,1049,train,2,sad,3,angry,0.18283811211585999
data/cremad/audio/1049_IWW_ANG_XX.wav,1049_IWW_ANG_XX.wav,1049,train,3,angry,3,angry,0.18438033759593964
data/cremad/audio/1049_IWW_DIS_XX.wav,1049_IWW_DIS_XX.wav,1049,train,5,disgust,3,angry,0.1852790117263794
data/cremad/audio/1049_IWW_FEA_XX.wav,1049_IWW_FEA_XX.wav,1049,train,4,fearful,1,happy,0.18250447511672974
data/cremad/audio/1049_IWW_HAP_XX.wav,1049_IWW_HAP_XX.wav,1049,train,1,happy,3,angry,0.18590329587459564
data/cremad/audio/1049_IWW_NEU_XX.wav,1049_IWW_NEU_XX.wav,1049,train,0,neutral,1,happy,0.18385890126228333
data/cremad/audio/1049_IWW_SAD_XX.wav,1049_IWW_SAD_XX.wav,1049,train,2,sad,1,happy,0.1834316998720169
data/cremad/audio/1049_MTI_ANG_XX.wav,1049_MTI_ANG_XX.wav,1049,train,3,angry,3,angry,0.1848141849040985
data/cremad/audio/1049_MTI_DIS_XX.wav,1049_MTI_DIS_XX.wav,1049,train,5,disgust,3,angry,0.1839645802974701
data/cremad/audio/1049_MTI_FEA_XX.wav,1049_MTI_FEA_XX.wav,1049,train,4,fearful,3,angry,0.182694673538208
data/cremad/audio/1049_MTI_HAP_XX.wav,1049_MTI_HAP_XX.wav,1049,train,1,happy,3,angry,0.1876717358827591
data/cremad/audio/1049_MTI_NEU_XX.wav,1049_MTI_NEU_XX.wav,1049,train,0,neutral,1,happy,0.18456950783729553
data/cremad/audio/1049_MTI_SAD_XX.wav,1049_MTI_SAD_XX.wav,1049,train,2,sad,3,angry,0.18342719972133636
data/cremad/audio/1049_TAI_ANG_XX.wav,1049_TAI_ANG_XX.wav,1049,train,3,angry,3,angry,0.18421036005020142
data/cremad/audio/1049_TAI_DIS_XX.wav,1049_TAI_DIS_XX.wav,1049,train,5,disgust,3,angry,0.18787498772144318
data/cremad/audio/1049_TAI_FEA_XX.wav,1049_TAI_FEA_XX.wav,1049,train,4,fearful,1,happy,0.18550780415534973
data/cremad/audio/1049_TAI_HAP_XX.wav,1049_TAI_HAP_XX.wav,1049,train,1,happy,1,happy,0.1848965436220169
data/cremad/audio/1049_TAI_NEU_XX.wav,1049_TAI_NEU_XX.wav,1049,train,0,neutral,1,happy,0.18488919734954834
data/cremad/audio/1049_TAI_SAD_XX.wav,1049_TAI_SAD_XX.wav,1049,train,2,sad,1,happy,0.18359306454658508
data/cremad/audio/1049_TIE_ANG_XX.wav,1049_TIE_ANG_XX.wav,1049,train,3,angry,3,angry,0.1848968267440796
data/cremad/audio/1049_TIE_DIS_XX.wav,1049_TIE_DIS_XX.wav,1049,train,5,disgust,1,happy,0.18125729262828827
data/cremad/audio/1049_TIE_FEA_XX.wav,1049_TIE_FEA_XX.wav,1049,train,4,fearful,1,happy,0.18125265836715698
data/cremad/audio/1049_TIE_HAP_XX.wav,1049_TIE_HAP_XX.wav,1049,train,1,happy,1,happy,0.1841025948524475
data/cremad/audio/1049_TIE_NEU_XX.wav,1049_TIE_NEU_XX.wav,1049,train,0,neutral,1,happy,0.18183395266532898
data/cremad/audio/1049_TIE_SAD_XX.wav,1049_TIE_SAD_XX.wav,1049,train,2,sad,1,happy,0.1789788454771042
data/cremad/audio/1049_TSI_ANG_XX.wav,1049_TSI_ANG_XX.wav,1049,train,3,angry,1,happy,0.18287934362888336
data/cremad/audio/1049_TSI_DIS_XX.wav,1049_TSI_DIS_XX.wav,1049,train,5,disgust,3,angry,0.18488462269306183
data/cremad/audio/1049_TSI_FEA_XX.wav,1049_TSI_FEA_XX.wav,1049,train,4,fearful,1,happy,0.1816776841878891
data/cremad/audio/1049_TSI_HAP_XX.wav,1049_TSI_HAP_XX.wav,1049,train,1,happy,3,angry,0.18540841341018677
data/cremad/audio/1049_TSI_NEU_XX.wav,1049_TSI_NEU_XX.wav,1049,train,0,neutral,1,happy,0.18322238326072693
data/cremad/audio/1049_TSI_SAD_XX.wav,1049_TSI_SAD_XX.wav,1049,train,2,sad,1,happy,0.18058617413043976
data/cremad/audio/1049_WSI_ANG_XX.wav,1049_WSI_ANG_XX.wav,1049,train,3,angry,1,happy,0.18373480439186096
data/cremad/audio/1049_WSI_DIS_XX.wav,1049_WSI_DIS_XX.wav,1049,train,5,disgust,3,angry,0.18435366451740265
data/cremad/audio/1049_WSI_FEA_XX.wav,1049_WSI_FEA_XX.wav,1049,train,4,fearful,1,happy,0.182805135846138
data/cremad/audio/1049_WSI_HAP_XX.wav,1049_WSI_HAP_XX.wav,1049,train,1,happy,3,angry,0.1855364739894867
data/cremad/audio/1049_WSI_NEU_XX.wav,1049_WSI_NEU_XX.wav,1049,train,0,neutral,3,angry,0.1848641037940979
data/cremad/audio/1049_WSI_SAD_XX.wav,1049_WSI_SAD_XX.wav,1049,train,2,sad,1,happy,0.18193620443344116
data/cremad/audio/1051_DFA_ANG_XX.wav,1051_DFA_ANG_XX.wav,1051,train,3,angry,1,happy,0.18493260443210602
data/cremad/audio/1051_DFA_DIS_XX.wav,1051_DFA_DIS_XX.wav,1051,train,5,disgust,1,happy,0.18185384571552277
data/cremad/audio/1051_DFA_FEA_XX.wav,1051_DFA_FEA_XX.wav,1051,train,4,fearful,3,angry,0.18541674315929413
data/cremad/audio/1051_DFA_HAP_XX.wav,1051_DFA_HAP_XX.wav,1051,train,1,happy,1,happy,0.1844147890806198
data/cremad/audio/1051_DFA_NEU_XX.wav,1051_DFA_NEU_XX.wav,1051,train,0,neutral,1,happy,0.1840778887271881
data/cremad/audio/1051_DFA_SAD_XX.wav,1051_DFA_SAD_XX.wav,1051,train,2,sad,1,happy,0.18172290921211243
data/cremad/audio/1051_IEO_ANG_HI.wav,1051_IEO_ANG_HI.wav,1051,train,3,angry,1,happy,0.18531644344329834
data/cremad/audio/1051_IEO_ANG_LO.wav,1051_IEO_ANG_LO.wav,1051,train,3,angry,1,happy,0.18365107476711273
data/cremad/audio/1051_IEO_ANG_MD.wav,1051_IEO_ANG_MD.wav,1051,train,3,angry,1,happy,0.184227854013443
data/cremad/audio/1051_IEO_DIS_HI.wav,1051_IEO_DIS_HI.wav,1051,train,5,disgust,3,angry,0.18460680544376373
data/cremad/audio/1051_IEO_DIS_LO.wav,1051_IEO_DIS_LO.wav,1051,train,5,disgust,1,happy,0.18331196904182434
data/cremad/audio/1051_IEO_DIS_MD.wav,1051_IEO_DIS_MD.wav,1051,train,5,disgust,1,happy,0.18124395608901978
data/cremad/audio/1051_IEO_FEA_HI.wav,1051_IEO_FEA_HI.wav,1051,train,4,fearful,1,happy,0.18412797152996063
data/cremad/audio/1051_IEO_FEA_LO.wav,1051_IEO_FEA_LO.wav,1051,train,4,fearful,1,happy,0.1819479763507843
data/cremad/audio/1051_IEO_FEA_MD.wav,1051_IEO_FEA_MD.wav,1051,train,4,fearful,1,happy,0.17862388491630554
data/cremad/audio/1051_IEO_HAP_HI.wav,1051_IEO_HAP_HI.wav,1051,train,1,happy,3,angry,0.1838596761226654
data/cremad/audio/1051_IEO_HAP_LO.wav,1051_IEO_HAP_LO.wav,1051,train,1,happy,1,happy,0.1842614859342575
data/cremad/audio/1051_IEO_HAP_MD.wav,1051_IEO_HAP_MD.wav,1051,train,1,happy,1,happy,0.18309828639030457
data/cremad/audio/1051_IEO_NEU_XX.wav,1051_IEO_NEU_XX.wav,1051,train,0,neutral,1,happy,0.18241754174232483
data/cremad/audio/1051_IEO_SAD_HI.wav,1051_IEO_SAD_HI.wav,1051,train,2,sad,1,happy,0.18009844422340393
data/cremad/audio/1051_IEO_SAD_LO.wav,1051_IEO_SAD_LO.wav,1051,train,2,sad,1,happy,0.18124352395534515
data/cremad/audio/1051_IEO_SAD_MD.wav,1051_IEO_SAD_MD.wav,1051,train,2,sad,1,happy,0.18407990038394928
data/cremad/audio/1051_IOM_ANG_XX.wav,1051_IOM_ANG_XX.wav,1051,train,3,angry,3,angry,0.18670736253261566
data/cremad/audio/1051_IOM_DIS_XX.wav,1051_IOM_DIS_XX.wav,1051,train,5,disgust,3,angry,0.18658795952796936
data/cremad/audio/1051_IOM_FEA_XX.wav,1051_IOM_FEA_XX.wav,1051,train,4,fearful,1,happy,0.1842370629310608
data/cremad/audio/1051_IOM_HAP_XX.wav,1051_IOM_HAP_XX.wav,1051,train,1,happy,1,happy,0.18385513126850128
data/cremad/audio/1051_IOM_NEU_XX.wav,1051_IOM_NEU_XX.wav,1051,train,0,neutral,1,happy,0.18272754549980164
data/cremad/audio/1051_IOM_SAD_XX.wav,1051_IOM_SAD_XX.wav,1051,train,2,sad,1,happy,0.18189053237438202
data/cremad/audio/1051_ITH_ANG_XX.wav,1051_ITH_ANG_XX.wav,1051,train,3,angry,3,angry,0.18727721273899078
data/cremad/audio/1051_ITH_DIS_XX.wav,1051_ITH_DIS_XX.wav,1051,train,5,disgust,1,happy,0.17969907820224762
data/cremad/audio/1051_ITH_FEA_XX.wav,1051_ITH_FEA_XX.wav,1051,train,4,fearful,1,happy,0.18338006734848022
data/cremad/audio/1051_ITH_HAP_XX.wav,1051_ITH_HAP_XX.wav,1051,train,1,happy,1,happy,0.1848512589931488
data/cremad/audio/1051_ITH_NEU_XX.wav,1051_ITH_NEU_XX.wav,1051,train,0,neutral,1,happy,0.1829037368297577
data/cremad/audio/1051_ITH_SAD_XX.wav,1051_ITH_SAD_XX.wav,1051,train,2,sad,1,happy,0.18178130686283112
data/cremad/audio/1051_ITS_ANG_XX.wav,1051_ITS_ANG_XX.wav,1051,train,3,angry,1,happy,0.1836501657962799
data/cremad/audio/1051_ITS_DIS_XX.wav,1051_ITS_DIS_XX.wav,1051,train,5,disgust,1,happy,0.17963044345378876
data/cremad/audio/1051_ITS_FEA_XX.wav,1051_ITS_FEA_XX.wav,1051,train,4,fearful,1,happy,0.1823548972606659
data/cremad/audio/1051_ITS_HAP_XX.wav,1051_ITS_HAP_XX.wav,1051,train,1,happy,3,angry,0.18464651703834534
data/cremad/audio/1051_ITS_NEU_XX.wav,1051_ITS_NEU_XX.wav,1051,train,0,neutral,1,happy,0.18181969225406647
data/cremad/audio/1051_ITS_SAD_XX.wav,1051_ITS_SAD_XX.wav,1051,train,2,sad,1,happy,0.1811332404613495
data/cremad/audio/1051_IWL_ANG_XX.wav,1051_IWL_ANG_XX.wav,1051,train,3,angry,3,angry,0.18473686277866364
data/cremad/audio/1051_IWL_DIS_XX.wav,1051_IWL_DIS_XX.wav,1051,train,5,disgust,1,happy,0.18091820180416107
data/cremad/audio/1051_IWL_FEA_XX.wav,1051_IWL_FEA_XX.wav,1051,train,4,fearful,1,happy,0.1833907812833786
data/cremad/audio/1051_IWL_HAP_XX.wav,1051_IWL_HAP_XX.wav,1051,train,1,happy,3,angry,0.18586762249469757
data/cremad/audio/1051_IWL_NEU_XX.wav,1051_IWL_NEU_XX.wav,1051,train,0,neutral,1,happy,0.18374957144260406
data/cremad/audio/1051_IWL_SAD_XX.wav,1051_IWL_SAD_XX.wav,1051,train,2,sad,1,happy,0.18077631294727325
data/cremad/audio/1051_IWW_ANG_XX.wav,1051_IWW_ANG_XX.wav,1051,train,3,angry,1,happy,0.18359492719173431
data/cremad/audio/1051_IWW_DIS_XX.wav,1051_IWW_DIS_XX.wav,1051,train,5,disgust,1,happy,0.18045403063297272
data/cremad/audio/1051_IWW_FEA_XX.wav,1051_IWW_FEA_XX.wav,1051,train,4,fearful,3,angry,0.18510839343070984
data/cremad/audio/1051_IWW_HAP_XX.wav,1051_IWW_HAP_XX.wav,1051,train,1,happy,1,happy,0.18406684696674347
data/cremad/audio/1051_IWW_NEU_XX.wav,1051_IWW_NEU_XX.wav,1051,train,0,neutral,1,happy,0.183563232421875
data/cremad/audio/1051_IWW_SAD_XX.wav,1051_IWW_SAD_XX.wav,1051,train,2,sad,1,happy,0.18077394366264343
data/cremad/audio/1051_MTI_ANG_XX.wav,1051_MTI_ANG_XX.wav,1051,train,3,angry,3,angry,0.18378226459026337
data/cremad/audio/1051_MTI_DIS_XX.wav,1051_MTI_DIS_XX.wav,1051,train,5,disgust,1,happy,0.18067313730716705
data/cremad/audio/1051_MTI_FEA_XX.wav,1051_MTI_FEA_XX.wav,1051,train,4,fearful,3,angry,0.18755586445331573
data/cremad/audio/1051_MTI_HAP_XX.wav,1051_MTI_HAP_XX.wav,1051,train,1,happy,3,angry,0.1875302940607071
data/cremad/audio/1051_MTI_NEU_XX.wav,1051_MTI_NEU_XX.wav,1051,train,0,neutral,3,angry,0.18322215974330902
data/cremad/audio/1051_MTI_SAD_XX.wav,1051_MTI_SAD_XX.wav,1051,train,2,sad,3,angry,0.18346422910690308
data/cremad/audio/1051_TAI_ANG_XX.wav,1051_TAI_ANG_XX.wav,1051,train,3,angry,3,angry,0.18692085146903992
data/cremad/audio/1051_TAI_DIS_XX.wav,1051_TAI_DIS_XX.wav,1051,train,5,disgust,1,happy,0.18313920497894287
data/cremad/audio/1051_TAI_FEA_XX.wav,1051_TAI_FEA_XX.wav,1051,train,4,fearful,3,angry,0.1892699897289276
data/cremad/audio/1051_TAI_HAP_XX.wav,1051_TAI_HAP_XX.wav,1051,train,1,happy,3,angry,0.18581673502922058
data/cremad/audio/1051_TAI_NEU_XX.wav,1051_TAI_NEU_XX.wav,1051,train,0,neutral,1,happy,0.18341925740242004
data/cremad/audio/1051_TAI_SAD_XX.wav,1051_TAI_SAD_XX.wav,1051,train,2,sad,1,happy,0.1824583262205124
data/cremad/audio/1051_TIE_ANG_XX.wav,1051_TIE_ANG_XX.wav,1051,train,3,angry,3,angry,0.1845630556344986
data/cremad/audio/1051_TIE_DIS_XX.wav,1051_TIE_DIS_XX.wav,1051,train,5,disgust,1,happy,0.1834012269973755
data/cremad/audio/1051_TIE_FEA_XX.wav,1051_TIE_FEA_XX.wav,1051,train,4,fearful,3,angry,0.1843448132276535
data/cremad/audio/1051_TIE_HAP_XX.wav,1051_TIE_HAP_XX.wav,1051,train,1,happy,3,angry,0.1829812079668045
data/cremad/audio/1051_TIE_NEU_XX.wav,1051_TIE_NEU_XX.wav,1051,train,0,neutral,1,happy,0.18207009136676788
data/cremad/audio/1051_TIE_SAD_XX.wav,1051_TIE_SAD_XX.wav,1051,train,2,sad,1,happy,0.18080280721187592
data/cremad/audio/1051_TSI_ANG_XX.wav,1051_TSI_ANG_XX.wav,1051,train,3,angry,1,happy,0.18223810195922852
data/cremad/audio/1051_TSI_DIS_XX.wav,1051_TSI_DIS_XX.wav,1051,train,5,disgust,1,happy,0.18008916079998016
data/cremad/audio/1051_TSI_FEA_XX.wav,1051_TSI_FEA_XX.wav,1051,train,4,fearful,3,angry,0.18675139546394348
data/cremad/audio/1051_TSI_HAP_XX.wav,1051_TSI_HAP_XX.wav,1051,train,1,happy,3,angry,0.1828075498342514
data/cremad/audio/1051_TSI_NEU_XX.wav,1051_TSI_NEU_XX.wav,1051,train,0,neutral,1,happy,0.18142925202846527
data/cremad/audio/1051_TSI_SAD_XX.wav,1051_TSI_SAD_XX.wav,1051,train,2,sad,1,happy,0.1811283379793167
data/cremad/audio/1051_WSI_ANG_XX.wav,1051_WSI_ANG_XX.wav,1051,train,3,angry,3,angry,0.18825800716876984
data/cremad/audio/1051_WSI_DIS_XX.wav,1051_WSI_DIS_XX.wav,1051,train,5,disgust,1,happy,0.18179409205913544
data/cremad/audio/1051_WSI_FEA_XX.wav,1051_WSI_FEA_XX.wav,1051,train,4,fearful,3,angry,0.18625037372112274
data/cremad/audio/1051_WSI_HAP_XX.wav,1051_WSI_HAP_XX.wav,1051,train,1,happy,3,angry,0.18449710309505463
data/cremad/audio/1051_WSI_NEU_XX.wav,1051_WSI_NEU_XX.wav,1051,train,0,neutral,1,happy,0.18254193663597107
data/cremad/audio/1051_WSI_SAD_XX.wav,1051_WSI_SAD_XX.wav,1051,train,2,sad,1,happy,0.18303550779819489
data/cremad/audio/1052_DFA_ANG_XX.wav,1052_DFA_ANG_XX.wav,1052,train,3,angry,3,angry,0.18913018703460693
data/cremad/audio/1052_DFA_DIS_XX.wav,1052_DFA_DIS_XX.wav,1052,train,5,disgust,1,happy,0.18244552612304688
data/cremad/audio/1052_DFA_FEA_XX.wav,1052_DFA_FEA_XX.wav,1052,train,4,fearful,1,happy,0.1809978038072586
data/cremad/audio/1052_DFA_HAP_XX.wav,1052_DFA_HAP_XX.wav,1052,train,1,happy,1,happy,0.18439500033855438
data/cremad/audio/1052_DFA_NEU_XX.wav,1052_DFA_NEU_XX.wav,1052,train,0,neutral,1,happy,0.18161818385124207
data/cremad/audio/1052_DFA_SAD_XX.wav,1052_DFA_SAD_XX.wav,1052,train,2,sad,1,happy,0.1822451949119568
data/cremad/audio/1052_IEO_ANG_HI.wav,1052_IEO_ANG_HI.wav,1052,train,3,angry,3,angry,0.18581102788448334
data/cremad/audio/1052_IEO_ANG_LO.wav,1052_IEO_ANG_LO.wav,1052,train,3,angry,1,happy,0.18410806357860565
data/cremad/audio/1052_IEO_ANG_MD.wav,1052_IEO_ANG_MD.wav,1052,train,3,angry,3,angry,0.18706446886062622
data/cremad/audio/1052_IEO_DIS_HI.wav,1052_IEO_DIS_HI.wav,1052,train,5,disgust,1,happy,0.18153876066207886
data/cremad/audio/1052_IEO_DIS_LO.wav,1052_IEO_DIS_LO.wav,1052,train,5,disgust,1,happy,0.1807190179824829
data/cremad/audio/1052_IEO_DIS_MD.wav,1052_IEO_DIS_MD.wav,1052,train,5,disgust,1,happy,0.181558296084404
data/cremad/audio/1052_IEO_FEA_HI.wav,1052_IEO_FEA_HI.wav,1052,train,4,fearful,3,angry,0.18841032683849335
data/cremad/audio/1052_IEO_FEA_LO.wav,1052_IEO_FEA_LO.wav,1052,train,4,fearful,1,happy,0.18008272349834442
data/cremad/audio/1052_IEO_FEA_MD.wav,1052_IEO_FEA_MD.wav,1052,train,4,fearful,1,happy,0.18084174394607544
data/cremad/audio/1052_IEO_HAP_HI.wav,1052_IEO_HAP_HI.wav,1052,train,1,happy,1,happy,0.1856965869665146
data/cremad/audio/1052_IEO_HAP_LO.wav,1052_IEO_HAP_LO.wav,1052,train,1,happy,1,happy,0.1831563264131546
data/cremad/audio/1052_IEO_HAP_MD.wav,1052_IEO_HAP_MD.wav,1052,train,1,happy,1,happy,0.18445685505867004
data/cremad/audio/1052_IEO_NEU_XX.wav,1052_IEO_NEU_XX.wav,1052,train,0,neutral,1,happy,0.179873526096344
data/cremad/audio/1052_IEO_SAD_HI.wav,1052_IEO_SAD_HI.wav,1052,train,2,sad,4,fearful,0.17873318493366241
data/cremad/audio/1052_IEO_SAD_LO.wav,1052_IEO_SAD_LO.wav,1052,train,2,sad,1,happy,0.18195147812366486
data/cremad/audio/1052_IEO_SAD_MD.wav,1052_IEO_SAD_MD.wav,1052,train,2,sad,1,happy,0.18050433695316315
data/cremad/audio/1052_IOM_ANG_XX.wav,1052_IOM_ANG_XX.wav,1052,train,3,angry,3,angry,0.18751010298728943
data/cremad/audio/1052_IOM_DIS_XX.wav,1052_IOM_DIS_XX.wav,1052,train,5,disgust,1,happy,0.18296214938163757
data/cremad/audio/1052_IOM_FEA_XX.wav,1052_IOM_FEA_XX.wav,1052,train,4,fearful,1,happy,0.1827734261751175
data/cremad/audio/1052_IOM_HAP_XX.wav,1052_IOM_HAP_XX.wav,1052,train,1,happy,3,angry,0.18638527393341064
data/cremad/audio/1052_IOM_NEU_XX.wav,1052_IOM_NEU_XX.wav,1052,train,0,neutral,1,happy,0.18069027364253998
data/cremad/audio/1052_IOM_SAD_XX.wav,1052_IOM_SAD_XX.wav,1052,train,2,sad,1,happy,0.1811514049768448
data/cremad/audio/1052_ITH_ANG_XX.wav,1052_ITH_ANG_XX.wav,1052,train,3,angry,1,happy,0.1847335547208786
data/cremad/audio/1052_ITH_DIS_XX.wav,1052_ITH_DIS_XX.wav,1052,train,5,disgust,1,happy,0.18083623051643372
data/cremad/audio/1052_ITH_FEA_XX.wav,1052_ITH_FEA_XX.wav,1052,train,4,fearful,3,angry,0.18393999338150024
data/cremad/audio/1052_ITH_HAP_XX.wav,1052_ITH_HAP_XX.wav,1052,train,1,happy,3,angry,0.18539787828922272
data/cremad/audio/1052_ITH_NEU_XX.wav,1052_ITH_NEU_XX.wav,1052,train,0,neutral,1,happy,0.18364620208740234
data/cremad/audio/1052_ITH_SAD_XX.wav,1052_ITH_SAD_XX.wav,1052,train,2,sad,3,angry,0.18198458850383759
data/cremad/audio/1052_ITS_ANG_XX.wav,1052_ITS_ANG_XX.wav,1052,train,3,angry,3,angry,0.187388613820076
data/cremad/audio/1052_ITS_DIS_XX.wav,1052_ITS_DIS_XX.wav,1052,train,5,disgust,1,happy,0.18094152212142944
data/cremad/audio/1052_ITS_FEA_XX.wav,1052_ITS_FEA_XX.wav,1052,train,4,fearful,1,happy,0.18361231684684753
data/cremad/audio/1052_ITS_HAP_XX.wav,1052_ITS_HAP_XX.wav,1052,train,1,happy,3,angry,0.188094362616539
data/cremad/audio/1052_ITS_NEU_XX.wav,1052_ITS_NEU_XX.wav,1052,train,0,neutral,1,happy,0.18347026407718658
data/cremad/audio/1052_ITS_SAD_XX.wav,1052_ITS_SAD_XX.wav,1052,train,2,sad,1,happy,0.1813529133796692
data/cremad/audio/1052_IWL_ANG_XX.wav,1052_IWL_ANG_XX.wav,1052,train,3,angry,3,angry,0.18873360753059387
data/cremad/audio/1052_IWL_DIS_XX.wav,1052_IWL_DIS_XX.wav,1052,train,5,disgust,1,happy,0.18315066397190094
data/cremad/audio/1052_IWL_FEA_XX.wav,1052_IWL_FEA_XX.wav,1052,train,4,fearful,3,angry,0.1847810000181198
data/cremad/audio/1052_IWL_HAP_XX.wav,1052_IWL_HAP_XX.wav,1052,train,1,happy,3,angry,0.18611496686935425
data/cremad/audio/1052_IWL_NEU_XX.wav,1052_IWL_NEU_XX.wav,1052,train,0,neutral,1,happy,0.1815987080335617
data/cremad/audio/1052_IWL_SAD_XX.wav,1052_IWL_SAD_XX.wav,1052,train,2,sad,3,angry,0.1847958117723465
data/cremad/audio/1052_IWW_ANG_XX.wav,1052_IWW_ANG_XX.wav,1052,train,3,angry,3,angry,0.18458005785942078
data/cremad/audio/1052_IWW_DIS_XX.wav,1052_IWW_DIS_XX.wav,1052,train,5,disgust,1,happy,0.18081867694854736
data/cremad/audio/1052_IWW_FEA_XX.wav,1052_IWW_FEA_XX.wav,1052,train,4,fearful,3,angry,0.1840124875307083
data/cremad/audio/1052_IWW_HAP_XX.wav,1052_IWW_HAP_XX.wav,1052,train,1,happy,1,happy,0.18521283566951752
data/cremad/audio/1052_IWW_NEU_XX.wav,1052_IWW_NEU_XX.wav,1052,train,0,neutral,3,angry,0.18334616720676422
data/cremad/audio/1052_IWW_SAD_XX.wav,1052_IWW_SAD_XX.wav,1052,train,2,sad,1,happy,0.1822221428155899
data/cremad/audio/1052_MTI_ANG_XX.wav,1052_MTI_ANG_XX.wav,1052,train,3,angry,3,angry,0.1870143562555313
data/cremad/audio/1052_MTI_DIS_XX.wav,1052_MTI_DIS_XX.wav,1052,train,5,disgust,3,angry,0.18315334618091583
data/cremad/audio/1052_MTI_FEA_XX.wav,1052_MTI_FEA_XX.wav,1052,train,4,fearful,3,angry,0.1864294558763504
data/cremad/audio/1052_MTI_HAP_XX.wav,1052_MTI_HAP_XX.wav,1052,train,1,happy,3,angry,0.18751978874206543
data/cremad/audio/1052_MTI_NEU_XX.wav,1052_MTI_NEU_XX.wav,1052,train,0,neutral,3,angry,0.18354132771492004
data/cremad/audio/1052_MTI_SAD_XX.wav,1052_MTI_SAD_XX.wav,1052,train,2,sad,3,angry,0.18640439212322235
data/cremad/audio/1052_TAI_ANG_XX.wav,1052_TAI_ANG_XX.wav,1052,train,3,angry,3,angry,0.18815284967422485
data/cremad/audio/1052_TAI_DIS_XX.wav,1052_TAI_DIS_XX.wav,1052,train,5,disgust,3,angry,0.18420501053333282
data/cremad/audio/1052_TAI_FEA_XX.wav,1052_TAI_FEA_XX.wav,1052,train,4,fearful,1,happy,0.1849871724843979
data/cremad/audio/1052_TAI_HAP_XX.wav,1052_TAI_HAP_XX.wav,1052,train,1,happy,1,happy,0.18510311841964722
data/cremad/audio/1052_TAI_NEU_XX.wav,1052_TAI_NEU_XX.wav,1052,train,0,neutral,3,angry,0.18358226120471954
data/cremad/audio/1052_TAI_SAD_XX.wav,1052_TAI_SAD_XX.wav,1052,train,2,sad,3,angry,0.1856468766927719
data/cremad/audio/1052_TIE_ANG_XX.wav,1052_TIE_ANG_XX.wav,1052,train,3,angry,3,angry,0.18765372037887573
data/cremad/audio/1052_TIE_DIS_XX.wav,1052_TIE_DIS_XX.wav,1052,train,5,disgust,1,happy,0.18103258311748505
data/cremad/audio/1052_TIE_FEA_XX.wav,1052_TIE_FEA_XX.wav,1052,train,4,fearful,3,angry,0.1829872727394104
data/cremad/audio/1052_TIE_HAP_XX.wav,1052_TIE_HAP_XX.wav,1052,train,1,happy,1,happy,0.18390685319900513
data/cremad/audio/1052_TIE_NEU_XX.wav,1052_TIE_NEU_XX.wav,1052,train,0,neutral,1,happy,0.18193677067756653
data/cremad/audio/1052_TIE_SAD_XX.wav,1052_TIE_SAD_XX.wav,1052,train,2,sad,1,happy,0.17960019409656525
data/cremad/audio/1052_TSI_ANG_XX.wav,1052_TSI_ANG_XX.wav,1052,train,3,angry,3,angry,0.18624326586723328
data/cremad/audio/1052_TSI_DIS_XX.wav,1052_TSI_DIS_XX.wav,1052,train,5,disgust,1,happy,0.1800384521484375
data/cremad/audio/1052_TSI_FEA_XX.wav,1052_TSI_FEA_XX.wav,1052,train,4,fearful,3,angry,0.18279102444648743
data/cremad/audio/1052_TSI_HAP_XX.wav,1052_TSI_HAP_XX.wav,1052,train,1,happy,1,happy,0.18460024893283844
data/cremad/audio/1052_TSI_NEU_XX.wav,1052_TSI_NEU_XX.wav,1052,train,0,neutral,1,happy,0.18039891123771667
data/cremad/audio/1052_TSI_SAD_XX.wav,1052_TSI_SAD_XX.wav,1052,train,2,sad,3,angry,0.1835678368806839
data/cremad/audio/1052_WSI_ANG_XX.wav,1052_WSI_ANG_XX.wav,1052,train,3,angry,3,angry,0.1855894923210144
data/cremad/audio/1052_WSI_DIS_XX.wav,1052_WSI_DIS_XX.wav,1052,train,5,disgust,1,happy,0.1821218729019165
data/cremad/audio/1052_WSI_FEA_XX.wav,1052_WSI_FEA_XX.wav,1052,train,4,fearful,3,angry,0.1830911785364151
data/cremad/audio/1052_WSI_HAP_XX.wav,1052_WSI_HAP_XX.wav,1052,train,1,happy,1,happy,0.1853521764278412
data/cremad/audio/1052_WSI_NEU_XX.wav,1052_WSI_NEU_XX.wav,1052,train,0,neutral,1,happy,0.18220239877700806
data/cremad/audio/1052_WSI_SAD_XX.wav,1052_WSI_SAD_XX.wav,1052,train,2,sad,1,happy,0.17969335615634918
data/cremad/audio/1053_DFA_ANG_XX.wav,1053_DFA_ANG_XX.wav,1053,train,3,angry,3,angry,0.18642204999923706
data/cremad/audio/1053_DFA_DIS_XX.wav,1053_DFA_DIS_XX.wav,1053,train,5,disgust,1,happy,0.18487779796123505
data/cremad/audio/1053_DFA_FEA_XX.wav,1053_DFA_FEA_XX.wav,1053,train,4,fearful,3,angry,0.18563851714134216
data/cremad/audio/1053_DFA_HAP_XX.wav,1053_DFA_HAP_XX.wav,1053,train,1,happy,3,angry,0.1851862519979477
data/cremad/audio/1053_DFA_NEU_XX.wav,1053_DFA_NEU_XX.wav,1053,train,0,neutral,1,happy,0.1834653913974762
data/cremad/audio/1053_DFA_SAD_XX.wav,1053_DFA_SAD_XX.wav,1053,train,2,sad,1,happy,0.18336255848407745
data/cremad/audio/1053_IEO_ANG_HI.wav,1053_IEO_ANG_HI.wav,1053,train,3,angry,3,angry,0.1819487065076828
data/cremad/audio/1053_IEO_ANG_LO.wav,1053_IEO_ANG_LO.wav,1053,train,3,angry,1,happy,0.18203683197498322
data/cremad/audio/1053_IEO_ANG_MD.wav,1053_IEO_ANG_MD.wav,1053,train,3,angry,1,happy,0.1843392252922058
data/cremad/audio/1053_IEO_DIS_HI.wav,1053_IEO_DIS_HI.wav,1053,train,5,disgust,1,happy,0.18480736017227173
data/cremad/audio/1053_IEO_DIS_LO.wav,1053_IEO_DIS_LO.wav,1053,train,5,disgust,1,happy,0.18262137472629547
data/cremad/audio/1053_IEO_DIS_MD.wav,1053_IEO_DIS_MD.wav,1053,train,5,disgust,1,happy,0.18309056758880615
data/cremad/audio/1053_IEO_FEA_HI.wav,1053_IEO_FEA_HI.wav,1053,train,4,fearful,1,happy,0.1840910166501999
data/cremad/audio/1053_IEO_FEA_LO.wav,1053_IEO_FEA_LO.wav,1053,train,4,fearful,1,happy,0.180387482047081
data/cremad/audio/1053_IEO_FEA_MD.wav,1053_IEO_FEA_MD.wav,1053,train,4,fearful,1,happy,0.18107002973556519
data/cremad/audio/1053_IEO_HAP_HI.wav,1053_IEO_HAP_HI.wav,1053,train,1,happy,1,happy,0.18417799472808838
data/cremad/audio/1053_IEO_HAP_LO.wav,1053_IEO_HAP_LO.wav,1053,train,1,happy,1,happy,0.18404006958007812
data/cremad/audio/1053_IEO_HAP_MD.wav,1053_IEO_HAP_MD.wav,1053,train,1,happy,3,angry,0.18472422659397125
data/cremad/audio/1053_IEO_NEU_XX.wav,1053_IEO_NEU_XX.wav,1053,train,0,neutral,1,happy,0.18336954712867737
data/cremad/audio/1053_IEO_SAD_HI.wav,1053_IEO_SAD_HI.wav,1053,train,2,sad,1,happy,0.18061946332454681
data/cremad/audio/1053_IEO_SAD_LO.wav,1053_IEO_SAD_LO.wav,1053,train,2,sad,1,happy,0.18239359557628632
data/cremad/audio/1053_IEO_SAD_MD.wav,1053_IEO_SAD_MD.wav,1053,train,2,sad,1,happy,0.1809873878955841
data/cremad/audio/1053_IOM_ANG_XX.wav,1053_IOM_ANG_XX.wav,1053,train,3,angry,3,angry,0.185478076338768
data/cremad/audio/1053_IOM_DIS_XX.wav,1053_IOM_DIS_XX.wav,1053,train,5,disgust,1,happy,0.18349118530750275
data/cremad/audio/1053_IOM_FEA_XX.wav,1053_IOM_FEA_XX.wav,1053,train,4,fearful,1,happy,0.18436193466186523
data/cremad/audio/1053_IOM_HAP_XX.wav,1053_IOM_HAP_XX.wav,1053,train,1,happy,1,happy,0.1846352368593216
data/cremad/audio/1053_IOM_NEU_XX.wav,1053_IOM_NEU_XX.wav,1053,train,0,neutral,1,happy,0.18415765464305878
data/cremad/audio/1053_IOM_SAD_XX.wav,1053_IOM_SAD_XX.wav,1053,train,2,sad,1,happy,0.18324097990989685
data/cremad/audio/1053_ITH_ANG_XX.wav,1053_ITH_ANG_XX.wav,1053,train,3,angry,3,angry,0.1854323446750641
data/cremad/audio/1053_ITH_DIS_XX.wav,1053_ITH_DIS_XX.wav,1053,train,5,disgust,1,happy,0.18386824429035187
data/cremad/audio/1053_ITH_FEA_XX.wav,1053_ITH_FEA_XX.wav,1053,train,4,fearful,1,happy,0.1843261420726776
data/cremad/audio/1053_ITH_HAP_XX.wav,1053_ITH_HAP_XX.wav,1053,train,1,happy,1,happy,0.18453846871852875
data/cremad/audio/1053_ITH_NEU_XX.wav,1053_ITH_NEU_XX.wav,1053,train,0,neutral,3,angry,0.1847410798072815
data/cremad/audio/1053_ITH_SAD_XX.wav,1053_ITH_SAD_XX.wav,1053,train,2,sad,1,happy,0.1827172189950943
data/cremad/audio/1053_ITS_ANG_XX.wav,1053_ITS_ANG_XX.wav,1053,train,3,angry,3,angry,0.18468807637691498
data/cremad/audio/1053_ITS_DIS_XX.wav,1053_ITS_DIS_XX.wav,1053,train,5,disgust,1,happy,0.1840103417634964
data/cremad/audio/1053_ITS_FEA_XX.wav,1053_ITS_FEA_XX.wav,1053,train,4,fearful,1,happy,0.18473690748214722
data/cremad/audio/1053_ITS_HAP_XX.wav,1053_ITS_HAP_XX.wav,1053,train,1,happy,1,happy,0.1847744584083557
data/cremad/audio/1053_ITS_NEU_XX.wav,1053_ITS_NEU_XX.wav,1053,train,0,neutral,1,happy,0.1862521916627884
data/cremad/audio/1053_ITS_SAD_XX.wav,1053_ITS_SAD_XX.wav,1053,train,2,sad,1,happy,0.18274912238121033
data/cremad/audio/1053_IWL_ANG_XX.wav,1053_IWL_ANG_XX.wav,1053,train,3,angry,1,happy,0.1851777732372284
data/cremad/audio/1053_IWL_DIS_XX.wav,1053_IWL_DIS_XX.wav,1053,train,5,disgust,3,angry,0.18640431761741638
data/cremad/audio/1053_IWL_FEA_XX.wav,1053_IWL_FEA_XX.wav,1053,train,4,fearful,3,angry,0.18623733520507812
data/cremad/audio/1053_IWL_HAP_XX.wav,1053_IWL_HAP_XX.wav,1053,train,1,happy,1,happy,0.1856844276189804
data/cremad/audio/1053_IWL_NEU_XX.wav,1053_IWL_NEU_XX.wav,1053,train,0,neutral,1,happy,0.18492017686367035
data/cremad/audio/1053_IWL_SAD_XX.wav,1053_IWL_SAD_XX.wav,1053,train,2,sad,1,happy,0.18256157636642456
data/cremad/audio/1053_IWW_ANG_XX.wav,1053_IWW_ANG_XX.wav,1053,train,3,angry,1,happy,0.18489184975624084
data/cremad/audio/1053_IWW_DIS_XX.wav,1053_IWW_DIS_XX.wav,1053,train,5,disgust,1,happy,0.18273873627185822
data/cremad/audio/1053_IWW_FEA_XX.wav,1053_IWW_FEA_XX.wav,1053,train,4,fearful,1,happy,0.18500125408172607
data/cremad/audio/1053_IWW_HAP_XX.wav,1053_IWW_HAP_XX.wav,1053,train,1,happy,1,happy,0.18390145897865295
data/cremad/audio/1053_IWW_NEU_XX.wav,1053_IWW_NEU_XX.wav,1053,train,0,neutral,1,happy,0.1847240924835205
data/cremad/audio/1053_IWW_SAD_XX.wav,1053_IWW_SAD_XX.wav,1053,train,2,sad,1,happy,0.18427686393260956
data/cremad/audio/1053_MTI_ANG_XX.wav,1053_MTI_ANG_XX.wav,1053,train,3,angry,3,angry,0.1865168809890747
data/cremad/audio/1053_MTI_DIS_XX.wav,1053_MTI_DIS_XX.wav,1053,train,5,disgust,3,angry,0.18480171263217926
data/cremad/audio/1053_MTI_FEA_XX.wav,1053_MTI_FEA_XX.wav,1053,train,4,fearful,3,angry,0.18642961978912354
data/cremad/audio/1053_MTI_HAP_XX.wav,1053_MTI_HAP_XX.wav,1053,train,1,happy,3,angry,0.18493466079235077
data/cremad/audio/1053_MTI_NEU_XX.wav,1053_MTI_NEU_XX.wav,1053,train,0,neutral,3,angry,0.18519894778728485
data/cremad/audio/1053_MTI_SAD_XX.wav,1053_MTI_SAD_XX.wav,1053,train,2,sad,1,happy,0.1840621680021286
data/cremad/audio/1053_TAI_ANG_XX.wav,1053_TAI_ANG_XX.wav,1053,train,3,angry,3,angry,0.18539848923683167
data/cremad/audio/1053_TAI_DIS_XX.wav,1053_TAI_DIS_XX.wav,1053,train,5,disgust,1,happy,0.1840699464082718
data/cremad/audio/1053_TAI_FEA_XX.wav,1053_TAI_FEA_XX.wav,1053,train,4,fearful,3,angry,0.18687184154987335
data/cremad/audio/1053_TAI_HAP_XX.wav,1053_TAI_HAP_XX.wav,1053,train,1,happy,3,angry,0.18559451401233673
data/cremad/audio/1053_TAI_NEU_XX.wav,1053_TAI_NEU_XX.wav,1053,train,0,neutral,1,happy,0.18335983157157898
data/cremad/audio/1053_TAI_SAD_XX.wav,1053_TAI_SAD_XX.wav,1053,train,2,sad,1,happy,0.18429744243621826
data/cremad/audio/1053_TIE_ANG_XX.wav,1053_TIE_ANG_XX.wav,1053,train,3,angry,3,angry,0.18665030598640442
data/cremad/audio/1053_TIE_DIS_XX.wav,1053_TIE_DIS_XX.wav,1053,train,5,disgust,1,happy,0.18225115537643433
data/cremad/audio/1053_TIE_FEA_XX.wav,1053_TIE_FEA_XX.wav,1053,train,4,fearful,3,angry,0.18712110817432404
data/cremad/audio/1053_TIE_HAP_XX.wav,1053_TIE_HAP_XX.wav,1053,train,1,happy,3,angry,0.18415233492851257
data/cremad/audio/1053_TIE_NEU_XX.wav,1053_TIE_NEU_XX.wav,1053,train,0,neutral,1,happy,0.18247519433498383
data/cremad/audio/1053_TIE_SAD_XX.wav,1053_TIE_SAD_XX.wav,1053,train,2,sad,1,happy,0.178816556930542
data/cremad/audio/1053_TSI_ANG_XX.wav,1053_TSI_ANG_XX.wav,1053,train,3,angry,1,happy,0.18397009372711182
data/cremad/audio/1053_TSI_DIS_XX.wav,1053_TSI_DIS_XX.wav,1053,train,5,disgust,1,happy,0.18335722386837006
data/cremad/audio/1053_TSI_FEA_XX.wav,1053_TSI_FEA_XX.wav,1053,train,4,fearful,1,happy,0.18384820222854614
data/cremad/audio/1053_TSI_HAP_XX.wav,1053_TSI_HAP_XX.wav,1053,train,1,happy,3,angry,0.18273381888866425
data/cremad/audio/1053_TSI_NEU_XX.wav,1053_TSI_NEU_XX.wav,1053,train,0,neutral,1,happy,0.18222104012966156
data/cremad/audio/1053_TSI_SAD_XX.wav,1053_TSI_SAD_XX.wav,1053,train,2,sad,1,happy,0.18396034836769104
data/cremad/audio/1053_WSI_ANG_XX.wav,1053_WSI_ANG_XX.wav,1053,train,3,angry,3,angry,0.18497537076473236
data/cremad/audio/1053_WSI_DIS_XX.wav,1053_WSI_DIS_XX.wav,1053,train,5,disgust,1,happy,0.1825789362192154
data/cremad/audio/1053_WSI_FEA_XX.wav,1053_WSI_FEA_XX.wav,1053,train,4,fearful,1,happy,0.18414117395877838
data/cremad/audio/1053_WSI_HAP_XX.wav,1053_WSI_HAP_XX.wav,1053,train,1,happy,1,happy,0.1842421144247055
data/cremad/audio/1053_WSI_NEU_XX.wav,1053_WSI_NEU_XX.wav,1053,train,0,neutral,3,angry,0.1851239651441574
data/cremad/audio/1053_WSI_SAD_XX.wav,1053_WSI_SAD_XX.wav,1053,train,2,sad,1,happy,0.18294331431388855
data/cremad/audio/1056_DFA_ANG_XX.wav,1056_DFA_ANG_XX.wav,1056,train,3,angry,3,angry,0.18653292953968048
data/cremad/audio/1056_DFA_DIS_XX.wav,1056_DFA_DIS_XX.wav,1056,train,5,disgust,3,angry,0.185665100812912
data/cremad/audio/1056_DFA_FEA_XX.wav,1056_DFA_FEA_XX.wav,1056,train,4,fearful,3,angry,0.1887180507183075
data/cremad/audio/1056_DFA_HAP_XX.wav,1056_DFA_HAP_XX.wav,1056,train,1,happy,3,angry,0.1855669766664505
data/cremad/audio/1056_DFA_NEU_XX.wav,1056_DFA_NEU_XX.wav,1056,train,0,neutral,1,happy,0.1844358891248703
data/cremad/audio/1056_DFA_SAD_XX.wav,1056_DFA_SAD_XX.wav,1056,train,2,sad,1,happy,0.18169426918029785
data/cremad/audio/1056_IEO_ANG_HI.wav,1056_IEO_ANG_HI.wav,1056,train,3,angry,3,angry,0.18980565667152405
data/cremad/audio/1056_IEO_ANG_LO.wav,1056_IEO_ANG_LO.wav,1056,train,3,angry,3,angry,0.18622450530529022
data/cremad/audio/1056_IEO_ANG_MD.wav,1056_IEO_ANG_MD.wav,1056,train,3,angry,3,angry,0.18965058028697968
data/cremad/audio/1056_IEO_DIS_HI.wav,1056_IEO_DIS_HI.wav,1056,train,5,disgust,3,angry,0.18186359107494354
data/cremad/audio/1056_IEO_DIS_LO.wav,1056_IEO_DIS_LO.wav,1056,train,5,disgust,1,happy,0.18243882060050964
data/cremad/audio/1056_IEO_DIS_MD.wav,1056_IEO_DIS_MD.wav,1056,train,5,disgust,1,happy,0.1849142163991928
data/cremad/audio/1056_IEO_FEA_HI.wav,1056_IEO_FEA_HI.wav,1056,train,4,fearful,3,angry,0.1859229952096939
data/cremad/audio/1056_IEO_FEA_LO.wav,1056_IEO_FEA_LO.wav,1056,train,4,fearful,1,happy,0.18316397070884705
data/cremad/audio/1056_IEO_FEA_MD.wav,1056_IEO_FEA_MD.wav,1056,train,4,fearful,1,happy,0.18470269441604614
data/cremad/audio/1056_IEO_HAP_HI.wav,1056_IEO_HAP_HI.wav,1056,train,1,happy,1,happy,0.18468961119651794
data/cremad/audio/1056_IEO_HAP_LO.wav,1056_IEO_HAP_LO.wav,1056,train,1,happy,1,happy,0.18437206745147705
data/cremad/audio/1056_IEO_HAP_MD.wav,1056_IEO_HAP_MD.wav,1056,train,1,happy,1,happy,0.18397748470306396
data/cremad/audio/1056_IEO_NEU_XX.wav,1056_IEO_NEU_XX.wav,1056,train,0,neutral,1,happy,0.18424168229103088
data/cremad/audio/1056_IEO_SAD_HI.wav,1056_IEO_SAD_HI.wav,1056,train,2,sad,1,happy,0.18196123838424683
data/cremad/audio/1056_IEO_SAD_LO.wav,1056_IEO_SAD_LO.wav,1056,train,2,sad,1,happy,0.18314458429813385
data/cremad/audio/1056_IEO_SAD_MD.wav,1056_IEO_SAD_MD.wav,1056,train,2,sad,1,happy,0.17835275828838348
data/cremad/audio/1056_IOM_ANG_XX.wav,1056_IOM_ANG_XX.wav,1056,train,3,angry,3,angry,0.18677271902561188
data/cremad/audio/1056_IOM_DIS_XX.wav,1056_IOM_DIS_XX.wav,1056,train,5,disgust,1,happy,0.1856725662946701
data/cremad/audio/1056_IOM_FEA_XX.wav,1056_IOM_FEA_XX.wav,1056,train,4,fearful,1,happy,0.18359261751174927
data/cremad/audio/1056_IOM_HAP_XX.wav,1056_IOM_HAP_XX.wav,1056,train,1,happy,1,happy,0.18452486395835876
data/cremad/audio/1056_IOM_NEU_XX.wav,1056_IOM_NEU_XX.wav,1056,train,0,neutral,1,happy,0.18613265454769135
data/cremad/audio/1056_IOM_SAD_XX.wav,1056_IOM_SAD_XX.wav,1056,train,2,sad,1,happy,0.18389399349689484
data/cremad/audio/1056_ITH_ANG_XX.wav,1056_ITH_ANG_XX.wav,1056,train,3,angry,1,happy,0.18490315973758698
data/cremad/audio/1056_ITH_DIS_XX.wav,1056_ITH_DIS_XX.wav,1056,train,5,disgust,1,happy,0.18452483415603638
data/cremad/audio/1056_ITH_FEA_XX.wav,1056_ITH_FEA_XX.wav,1056,train,4,fearful,1,happy,0.1837034821510315
data/cremad/audio/1056_ITH_HAP_XX.wav,1056_ITH_HAP_XX.wav,1056,train,1,happy,3,angry,0.18525877594947815
data/cremad/audio/1056_ITH_NEU_XX.wav,1056_ITH_NEU_XX.wav,1056,train,0,neutral,1,happy,0.18293754756450653
data/cremad/audio/1056_ITH_SAD_XX.wav,1056_ITH_SAD_XX.wav,1056,train,2,sad,1,happy,0.18327179551124573
data/cremad/audio/1056_ITS_ANG_XX.wav,1056_ITS_ANG_XX.wav,1056,train,3,angry,3,angry,0.18737879395484924
data/cremad/audio/1056_ITS_DIS_XX.wav,1056_ITS_DIS_XX.wav,1056,train,5,disgust,3,angry,0.18416088819503784
data/cremad/audio/1056_ITS_FEA_XX.wav,1056_ITS_FEA_XX.wav,1056,train,4,fearful,3,angry,0.18585726618766785
data/cremad/audio/1056_ITS_HAP_XX.wav,1056_ITS_HAP_XX.wav,1056,train,1,happy,3,angry,0.1860138326883316
data/cremad/audio/1056_ITS_NEU_XX.wav,1056_ITS_NEU_XX.wav,1056,train,0,neutral,1,happy,0.18329252302646637
data/cremad/audio/1056_ITS_SAD_XX.wav,1056_ITS_SAD_XX.wav,1056,train,2,sad,1,happy,0.18349935114383698
data/cremad/audio/1056_IWL_ANG_XX.wav,1056_IWL_ANG_XX.wav,1056,train,3,angry,3,angry,0.186249777674675
data/cremad/audio/1056_IWL_DIS_XX.wav,1056_IWL_DIS_XX.wav,1056,train,5,disgust,3,angry,0.1857093870639801
data/cremad/audio/1056_IWL_FEA_XX.wav,1056_IWL_FEA_XX.wav,1056,train,4,fearful,1,happy,0.1838068813085556
data/cremad/audio/1056_IWL_HAP_XX.wav,1056_IWL_HAP_XX.wav,1056,train,1,happy,3,angry,0.18593500554561615
data/cremad/audio/1056_IWL_NEU_XX.wav,1056_IWL_NEU_XX.wav,1056,train,0,neutral,1,happy,0.18430893123149872
data/cremad/audio/1056_IWL_SAD_XX.wav,1056_IWL_SAD_XX.wav,1056,train,2,sad,1,happy,0.1842247098684311
data/cremad/audio/1056_IWW_ANG_XX.wav,1056_IWW_ANG_XX.wav,1056,train,3,angry,1,happy,0.18568934500217438
data/cremad/audio/1056_IWW_DIS_XX.wav,1056_IWW_DIS_XX.wav,1056,train,5,disgust,1,happy,0.18397216498851776
data/cremad/audio/1056_IWW_FEA_XX.wav,1056_IWW_FEA_XX.wav,1056,train,4,fearful,3,angry,0.1835971623659134
data/cremad/audio/1056_IWW_HAP_XX.wav,1056_IWW_HAP_XX.wav,1056,train,1,happy,1,happy,0.1848161667585373
data/cremad/audio/1056_IWW_NEU_XX.wav,1056_IWW_NEU_XX.wav,1056,train,0,neutral,1,happy,0.185339093208313
data/cremad/audio/1056_IWW_SAD_XX.wav,1056_IWW_SAD_XX.wav,1056,train,2,sad,1,happy,0.1827094405889511
data/cremad/audio/1056_MTI_ANG_XX.wav,1056_MTI_ANG_XX.wav,1056,train,3,angry,3,angry,0.18817013502120972
data/cremad/audio/1056_MTI_DIS_XX.wav,1056_MTI_DIS_XX.wav,1056,train,5,disgust,1,happy,0.18489418923854828
data/cremad/audio/1056_MTI_FEA_XX.wav,1056_MTI_FEA_XX.wav,1056,train,4,fearful,3,angry,0.18361860513687134
data/cremad/audio/1056_MTI_HAP_XX.wav,1056_MTI_HAP_XX.wav,1056,train,1,happy,3,angry,0.18859432637691498
data/cremad/audio/1056_MTI_NEU_XX.wav,1056_MTI_NEU_XX.wav,1056,train,0,neutral,3,angry,0.18422460556030273
data/cremad/audio/1056_MTI_SAD_XX.wav,1056_MTI_SAD_XX.wav,1056,train,2,sad,1,happy,0.18326714634895325
data/cremad/audio/1056_TAI_ANG_XX.wav,1056_TAI_ANG_XX.wav,1056,train,3,angry,1,happy,0.1856594979763031
data/cremad/audio/1056_TAI_DIS_XX.wav,1056_TAI_DIS_XX.wav,1056,train,5,disgust,3,angry,0.18480417132377625
data/cremad/audio/1056_TAI_FEA_XX.wav,1056_TAI_FEA_XX.wav,1056,train,4,fearful,1,happy,0.18353083729743958
data/cremad/audio/1056_TAI_HAP_XX.wav,1056_TAI_HAP_XX.wav,1056,train,1,happy,1,happy,0.18520508706569672
data/cremad/audio/1056_TAI_NEU_XX.wav,1056_TAI_NEU_XX.wav,1056,train,0,neutral,1,happy,0.18314039707183838
data/cremad/audio/1056_TAI_SAD_XX.wav,1056_TAI_SAD_XX.wav,1056,train,2,sad,1,happy,0.1849103718996048
data/cremad/audio/1056_TIE_ANG_XX.wav,1056_TIE_ANG_XX.wav,1056,train,3,angry,3,angry,0.18784278631210327
data/cremad/audio/1056_TIE_DIS_XX.wav,1056_TIE_DIS_XX.wav,1056,train,5,disgust,3,angry,0.1870022416114807
data/cremad/audio/1056_TIE_FEA_XX.wav,1056_TIE_FEA_XX.wav,1056,train,4,fearful,3,angry,0.18345795571804047
data/cremad/audio/1056_TIE_HAP_XX.wav,1056_TIE_HAP_XX.wav,1056,train,1,happy,1,happy,0.18258216977119446
data/cremad/audio/1056_TIE_NEU_XX.wav,1056_TIE_NEU_XX.wav,1056,train,0,neutral,1,happy,0.1814713031053543
data/cremad/audio/1056_TIE_SAD_XX.wav,1056_TIE_SAD_XX.wav,1056,train,2,sad,1,happy,0.18031653761863708
data/cremad/audio/1056_TSI_ANG_XX.wav,1056_TSI_ANG_XX.wav,1056,train,3,angry,3,angry,0.19004572927951813
data/cremad/audio/1056_TSI_DIS_XX.wav,1056_TSI_DIS_XX.wav,1056,train,5,disgust,1,happy,0.1830960512161255
data/cremad/audio/1056_TSI_FEA_XX.wav,1056_TSI_FEA_XX.wav,1056,train,4,fearful,1,happy,0.1844310313463211
data/cremad/audio/1056_TSI_HAP_XX.wav,1056_TSI_HAP_XX.wav,1056,train,1,happy,1,happy,0.18448977172374725
data/cremad/audio/1056_TSI_NEU_XX.wav,1056_TSI_NEU_XX.wav,1056,train,0,neutral,1,happy,0.1833636611700058
data/cremad/audio/1056_TSI_SAD_XX.wav,1056_TSI_SAD_XX.wav,1056,train,2,sad,1,happy,0.18225106596946716
data/cremad/audio/1056_WSI_ANG_XX.wav,1056_WSI_ANG_XX.wav,1056,train,3,angry,1,happy,0.18551403284072876
data/cremad/audio/1056_WSI_DIS_XX.wav,1056_WSI_DIS_XX.wav,1056,train,5,disgust,1,happy,0.1830151230096817
data/cremad/audio/1056_WSI_FEA_XX.wav,1056_WSI_FEA_XX.wav,1056,train,4,fearful,3,angry,0.1860809326171875
data/cremad/audio/1056_WSI_HAP_XX.wav,1056_WSI_HAP_XX.wav,1056,train,1,happy,3,angry,0.18856248259544373
data/cremad/audio/1056_WSI_NEU_XX.wav,1056_WSI_NEU_XX.wav,1056,train,0,neutral,1,happy,0.18312296271324158
data/cremad/audio/1056_WSI_SAD_XX.wav,1056_WSI_SAD_XX.wav,1056,train,2,sad,1,happy,0.18299053609371185
data/cremad/audio/1057_DFA_ANG_XX.wav,1057_DFA_ANG_XX.wav,1057,train,3,angry,3,angry,0.18836970627307892
data/cremad/audio/1057_DFA_DIS_XX.wav,1057_DFA_DIS_XX.wav,1057,train,5,disgust,1,happy,0.18227700889110565
data/cremad/audio/1057_DFA_FEA_XX.wav,1057_DFA_FEA_XX.wav,1057,train,4,fearful,1,happy,0.181998148560524
data/cremad/audio/1057_DFA_HAP_XX.wav,1057_DFA_HAP_XX.wav,1057,train,1,happy,1,happy,0.1836872696876526
data/cremad/audio/1057_DFA_NEU_XX.wav,1057_DFA_NEU_XX.wav,1057,train,0,neutral,1,happy,0.18400469422340393
data/cremad/audio/1057_DFA_SAD_XX.wav,1057_DFA_SAD_XX.wav,1057,train,2,sad,1,happy,0.1816449761390686
data/cremad/audio/1057_IEO_ANG_HI.wav,1057_IEO_ANG_HI.wav,1057,train,3,angry,3,angry,0.18812690675258636
data/cremad/audio/1057_IEO_ANG_LO.wav,1057_IEO_ANG_LO.wav,1057,train,3,angry,1,happy,0.18401439487934113
data/cremad/audio/1057_IEO_ANG_MD.wav,1057_IEO_ANG_MD.wav,1057,train,3,angry,3,angry,0.190010204911232
data/cremad/audio/1057_IEO_DIS_HI.wav,1057_IEO_DIS_HI.wav,1057,train,5,disgust,3,angry,0.18676911294460297
data/cremad/audio/1057_IEO_DIS_LO.wav,1057_IEO_DIS_LO.wav,1057,train,5,disgust,1,happy,0.18268023431301117
data/cremad/audio/1057_IEO_DIS_MD.wav,1057_IEO_DIS_MD.wav,1057,train,5,disgust,3,angry,0.18499833345413208
data/cremad/audio/1057_IEO_FEA_HI.wav,1057_IEO_FEA_HI.wav,1057,train,4,fearful,1,happy,0.18440963327884674
data/cremad/audio/1057_IEO_FEA_LO.wav,1057_IEO_FEA_LO.wav,1057,train,4,fearful,1,happy,0.18079189956188202
data/cremad/audio/1057_IEO_FEA_MD.wav,1057_IEO_FEA_MD.wav,1057,train,4,fearful,1,happy,0.18047480285167694
data/cremad/audio/1057_IEO_HAP_HI.wav,1057_IEO_HAP_HI.wav,1057,train,1,happy,1,happy,0.18447817862033844
data/cremad/audio/1057_IEO_HAP_LO.wav,1057_IEO_HAP_LO.wav,1057,train,1,happy,1,happy,0.1831015944480896
data/cremad/audio/1057_IEO_HAP_MD.wav,1057_IEO_HAP_MD.wav,1057,train,1,happy,3,angry,0.18097668886184692
data/cremad/audio/1057_IEO_NEU_XX.wav,1057_IEO_NEU_XX.wav,1057,train,0,neutral,1,happy,0.1830340325832367
data/cremad/audio/1057_IEO_SAD_HI.wav,1057_IEO_SAD_HI.wav,1057,train,2,sad,1,happy,0.17956995964050293
data/cremad/audio/1057_IEO_SAD_LO.wav,1057_IEO_SAD_LO.wav,1057,train,2,sad,1,happy,0.1831052303314209
data/cremad/audio/1057_IEO_SAD_MD.wav,1057_IEO_SAD_MD.wav,1057,train,2,sad,1,happy,0.18134722113609314
data/cremad/audio/1057_IOM_ANG_XX.wav,1057_IOM_ANG_XX.wav,1057,train,3,angry,3,angry,0.18741586804389954
data/cremad/audio/1057_IOM_DIS_XX.wav,1057_IOM_DIS_XX.wav,1057,train,5,disgust,3,angry,0.18452274799346924
data/cremad/audio/1057_IOM_FEA_XX.wav,1057_IOM_FEA_XX.wav,1057,train,4,fearful,1,happy,0.18392883241176605
data/cremad/audio/1057_IOM_HAP_XX.wav,1057_IOM_HAP_XX.wav,1057,train,1,happy,3,angry,0.1868782341480255
data/cremad/audio/1057_IOM_NEU_XX.wav,1057_IOM_NEU_XX.wav,1057,train,0,neutral,1,happy,0.1849806159734726
data/cremad/audio/1057_IOM_SAD_XX.wav,1057_IOM_SAD_XX.wav,1057,train,2,sad,1,happy,0.18285392224788666
data/cremad/audio/1057_ITH_ANG_XX.wav,1057_ITH_ANG_XX.wav,1057,train,3,angry,1,happy,0.1847437024116516
data/cremad/audio/1057_ITH_DIS_XX.wav,1057_ITH_DIS_XX.wav,1057,train,5,disgust,1,happy,0.18004252016544342
data/cremad/audio/1057_ITH_FEA_XX.wav,1057_ITH_FEA_XX.wav,1057,train,4,fearful,1,happy,0.180624321103096
data/cremad/audio/1057_ITH_HAP_XX.wav,1057_ITH_HAP_XX.wav,1057,train,1,happy,1,happy,0.18378852307796478
data/cremad/audio/1057_ITH_NEU_XX.wav,1057_ITH_NEU_XX.wav,1057,train,0,neutral,1,happy,0.18305687606334686
data/cremad/audio/1057_ITH_SAD_XX.wav,1057_ITH_SAD_XX.wav,1057,train,2,sad,1,happy,0.18241700530052185
data/cremad/audio/1057_ITS_ANG_XX.wav,1057_ITS_ANG_XX.wav,1057,train,3,angry,1,happy,0.1843903660774231
data/cremad/audio/1057_ITS_DIS_XX.wav,1057_ITS_DIS_XX.wav,1057,train,5,disgust,1,happy,0.18364447355270386
data/cremad/audio/1057_ITS_FEA_XX.wav,1057_ITS_FEA_XX.wav,1057,train,4,fearful,1,happy,0.1825990229845047
data/cremad/audio/1057_ITS_HAP_XX.wav,1057_ITS_HAP_XX.wav,1057,train,1,happy,1,happy,0.1847868263721466
data/cremad/audio/1057_ITS_NEU_XX.wav,1057_ITS_NEU_XX.wav,1057,train,0,neutral,1,happy,0.18246088922023773
data/cremad/audio/1057_ITS_SAD_XX.wav,1057_ITS_SAD_XX.wav,1057,train,2,sad,1,happy,0.18247517943382263
data/cremad/audio/1057_IWL_ANG_XX.wav,1057_IWL_ANG_XX.wav,1057,train,3,angry,3,angry,0.18423591554164886
data/cremad/audio/1057_IWL_DIS_XX.wav,1057_IWL_DIS_XX.wav,1057,train,5,disgust,3,angry,0.18736593425273895
data/cremad/audio/1057_IWL_FEA_XX.wav,1057_IWL_FEA_XX.wav,1057,train,4,fearful,3,angry,0.18221555650234222
data/cremad/audio/1057_IWL_HAP_XX.wav,1057_IWL_HAP_XX.wav,1057,train,1,happy,3,angry,0.18723377585411072
data/cremad/audio/1057_IWL_NEU_XX.wav,1057_IWL_NEU_XX.wav,1057,train,0,neutral,1,happy,0.1825927048921585
data/cremad/audio/1057_IWL_SAD_XX.wav,1057_IWL_SAD_XX.wav,1057,train,2,sad,1,happy,0.1829879879951477
data/cremad/audio/1057_IWW_ANG_XX.wav,1057_IWW_ANG_XX.wav,1057,train,3,angry,3,angry,0.18514877557754517
data/cremad/audio/1057_IWW_DIS_XX.wav,1057_IWW_DIS_XX.wav,1057,train,5,disgust,1,happy,0.183471217751503
data/cremad/audio/1057_IWW_FEA_XX.wav,1057_IWW_FEA_XX.wav,1057,train,4,fearful,1,happy,0.18271732330322266
data/cremad/audio/1057_IWW_HAP_XX.wav,1057_IWW_HAP_XX.wav,1057,train,1,happy,3,angry,0.18556484580039978
data/cremad/audio/1057_IWW_NEU_XX.wav,1057_IWW_NEU_XX.wav,1057,train,0,neutral,3,angry,0.1825864613056183
data/cremad/audio/1057_IWW_SAD_XX.wav,1057_IWW_SAD_XX.wav,1057,train,2,sad,1,happy,0.18292336165905
data/cremad/audio/1057_MTI_ANG_XX.wav,1057_MTI_ANG_XX.wav,1057,train,3,angry,3,angry,0.18311114609241486
data/cremad/audio/1057_MTI_DIS_XX.wav,1057_MTI_DIS_XX.wav,1057,train,5,disgust,3,angry,0.18688248097896576
data/cremad/audio/1057_MTI_FEA_XX.wav,1057_MTI_FEA_XX.wav,1057,train,4,fearful,1,happy,0.1820136308670044
data/cremad/audio/1057_MTI_HAP_XX.wav,1057_MTI_HAP_XX.wav,1057,train,1,happy,3,angry,0.1855407953262329
data/cremad/audio/1057_MTI_NEU_XX.wav,1057_MTI_NEU_XX.wav,1057,train,0,neutral,3,angry,0.1843046396970749
data/cremad/audio/1057_MTI_SAD_XX.wav,1057_MTI_SAD_XX.wav,1057,train,2,sad,1,happy,0.1822042316198349
data/cremad/audio/1057_TAI_ANG_XX.wav,1057_TAI_ANG_XX.wav,1057,train,3,angry,3,angry,0.18501588702201843
data/cremad/audio/1057_TAI_DIS_XX.wav,1057_TAI_DIS_XX.wav,1057,train,5,disgust,3,angry,0.18389366567134857
data/cremad/audio/1057_TAI_FEA_XX.wav,1057_TAI_FEA_XX.wav,1057,train,4,fearful,1,happy,0.18236567080020905
data/cremad/audio/1057_TAI_HAP_XX.wav,1057_TAI_HAP_XX.wav,1057,train,1,happy,1,happy,0.18380659818649292
data/cremad/audio/1057_TAI_NEU_XX.wav,1057_TAI_NEU_XX.wav,1057,train,0,neutral,1,happy,0.18286371231079102
data/cremad/audio/1057_TAI_SAD_XX.wav,1057_TAI_SAD_XX.wav,1057,train,2,sad,1,happy,0.18104852735996246
data/cremad/audio/1057_TIE_ANG_XX.wav,1057_TIE_ANG_XX.wav,1057,train,3,angry,3,angry,0.18819858133792877
data/cremad/audio/1057_TIE_DIS_XX.wav,1057_TIE_DIS_XX.wav,1057,train,5,disgust,1,happy,0.17998696863651276
data/cremad/audio/1057_TIE_FEA_XX.wav,1057_TIE_FEA_XX.wav,1057,train,4,fearful,3,angry,0.1835809201002121
data/cremad/audio/1057_TIE_HAP_XX.wav,1057_TIE_HAP_XX.wav,1057,train,1,happy,1,happy,0.1841101050376892
data/cremad/audio/1057_TIE_NEU_XX.wav,1057_TIE_NEU_XX.wav,1057,train,0,neutral,1,happy,0.18233761191368103
data/cremad/audio/1057_TIE_SAD_XX.wav,1057_TIE_SAD_XX.wav,1057,train,2,sad,1,happy,0.18090595304965973
data/cremad/audio/1057_TSI_ANG_XX.wav,1057_TSI_ANG_XX.wav,1057,train,3,angry,3,angry,0.1873079538345337
data/cremad/audio/1057_TSI_DIS_XX.wav,1057_TSI_DIS_XX.wav,1057,train,5,disgust,3,angry,0.1834750473499298
data/cremad/audio/1057_TSI_FEA_XX.wav,1057_TSI_FEA_XX.wav,1057,train,4,fearful,3,angry,0.18327166140079498
data/cremad/audio/1057_TSI_HAP_XX.wav,1057_TSI_HAP_XX.wav,1057,train,1,happy,3,angry,0.1854408085346222
data/cremad/audio/1057_TSI_NEU_XX.wav,1057_TSI_NEU_XX.wav,1057,train,0,neutral,1,happy,0.1825677454471588
data/cremad/audio/1057_TSI_SAD_XX.wav,1057_TSI_SAD_XX.wav,1057,train,2,sad,1,happy,0.1819363832473755
data/cremad/audio/1057_WSI_ANG_XX.wav,1057_WSI_ANG_XX.wav,1057,train,3,angry,3,angry,0.18658103048801422
data/cremad/audio/1057_WSI_DIS_XX.wav,1057_WSI_DIS_XX.wav,1057,train,5,disgust,1,happy,0.1820964217185974
data/cremad/audio/1057_WSI_FEA_XX.wav,1057_WSI_FEA_XX.wav,1057,train,4,fearful,1,happy,0.1833498179912567
data/cremad/audio/1057_WSI_HAP_XX.wav,1057_WSI_HAP_XX.wav,1057,train,1,happy,1,happy,0.18549805879592896
data/cremad/audio/1057_WSI_NEU_XX.wav,1057_WSI_NEU_XX.wav,1057,train,0,neutral,1,happy,0.18273407220840454
data/cremad/audio/1057_WSI_SAD_XX.wav,1057_WSI_SAD_XX.wav,1057,train,2,sad,1,happy,0.18149125576019287
data/cremad/audio/1058_DFA_ANG_XX.wav,1058_DFA_ANG_XX.wav,1058,train,3,angry,1,happy,0.18404105305671692
data/cremad/audio/1058_DFA_DIS_XX.wav,1058_DFA_DIS_XX.wav,1058,train,5,disgust,1,happy,0.1811075061559677
data/cremad/audio/1058_DFA_FEA_XX.wav,1058_DFA_FEA_XX.wav,1058,train,4,fearful,1,happy,0.18465033173561096
data/cremad/audio/1058_DFA_HAP_XX.wav,1058_DFA_HAP_XX.wav,1058,train,1,happy,1,happy,0.18469959497451782
data/cremad/audio/1058_DFA_NEU_XX.wav,1058_DFA_NEU_XX.wav,1058,train,0,neutral,1,happy,0.1813233643770218
data/cremad/audio/1058_DFA_SAD_XX.wav,1058_DFA_SAD_XX.wav,1058,train,2,sad,1,happy,0.18080437183380127
data/cremad/audio/1058_IEO_ANG_HI.wav,1058_IEO_ANG_HI.wav,1058,train,3,angry,1,happy,0.183908149600029
data/cremad/audio/1058_IEO_ANG_LO.wav,1058_IEO_ANG_LO.wav,1058,train,3,angry,1,happy,0.1825990229845047
data/cremad/audio/1058_IEO_ANG_MD.wav,1058_IEO_ANG_MD.wav,1058,train,3,angry,3,angry,0.18477195501327515
data/cremad/audio/1058_IEO_DIS_HI.wav,1058_IEO_DIS_HI.wav,1058,train,5,disgust,3,angry,0.18541598320007324
data/cremad/audio/1058_IEO_DIS_LO.wav,1058_IEO_DIS_LO.wav,1058,train,5,disgust,1,happy,0.18314935266971588
data/cremad/audio/1058_IEO_DIS_MD.wav,1058_IEO_DIS_MD.wav,1058,train,5,disgust,1,happy,0.18199998140335083
data/cremad/audio/1058_IEO_FEA_HI.wav,1058_IEO_FEA_HI.wav,1058,train,4,fearful,1,happy,0.18506759405136108
data/cremad/audio/1058_IEO_FEA_LO.wav,1058_IEO_FEA_LO.wav,1058,train,4,fearful,1,happy,0.18128107488155365
data/cremad/audio/1058_IEO_FEA_MD.wav,1058_IEO_FEA_MD.wav,1058,train,4,fearful,1,happy,0.182823047041893
data/cremad/audio/1058_IEO_HAP_HI.wav,1058_IEO_HAP_HI.wav,1058,train,1,happy,1,happy,0.18488796055316925
data/cremad/audio/1058_IEO_HAP_LO.wav,1058_IEO_HAP_LO.wav,1058,train,1,happy,1,happy,0.1822720319032669
data/cremad/audio/1058_IEO_HAP_MD.wav,1058_IEO_HAP_MD.wav,1058,train,1,happy,1,happy,0.1840289831161499
data/cremad/audio/1058_IEO_NEU_XX.wav,1058_IEO_NEU_XX.wav,1058,train,0,neutral,1,happy,0.18250682950019836
data/cremad/audio/1058_IEO_SAD_HI.wav,1058_IEO_SAD_HI.wav,1058,train,2,sad,1,happy,0.18357279896736145
data/cremad/audio/1058_IEO_SAD_LO.wav,1058_IEO_SAD_LO.wav,1058,train,2,sad,1,happy,0.1822338104248047
data/cremad/audio/1058_IEO_SAD_MD.wav,1058_IEO_SAD_MD.wav,1058,train,2,sad,1,happy,0.1807401031255722
data/cremad/audio/1058_IOM_ANG_XX.wav,1058_IOM_ANG_XX.wav,1058,train,3,angry,3,angry,0.18609841167926788
data/cremad/audio/1058_IOM_DIS_XX.wav,1058_IOM_DIS_XX.wav,1058,train,5,disgust,1,happy,0.18192145228385925
data/cremad/audio/1058_IOM_FEA_XX.wav,1058_IOM_FEA_XX.wav,1058,train,4,fearful,1,happy,0.1840798407793045
data/cremad/audio/1058_IOM_HAP_XX.wav,1058_IOM_HAP_XX.wav,1058,train,1,happy,3,angry,0.18480612337589264
data/cremad/audio/1058_IOM_NEU_XX.wav,1058_IOM_NEU_XX.wav,1058,train,0,neutral,3,angry,0.18336735665798187
data/cremad/audio/1058_IOM_SAD_XX.wav,1058_IOM_SAD_XX.wav,1058,train,2,sad,1,happy,0.18251390755176544
data/cremad/audio/1058_ITH_ANG_XX.wav,1058_ITH_ANG_XX.wav,1058,train,3,angry,3,angry,0.1858101487159729
data/cremad/audio/1058_ITH_DIS_XX.wav,1058_ITH_DIS_XX.wav,1058,train,5,disgust,3,angry,0.18026961386203766
data/cremad/audio/1058_ITH_FEA_XX.wav,1058_ITH_FEA_XX.wav,1058,train,4,fearful,1,happy,0.18384847044944763
data/cremad/audio/1058_ITH_HAP_XX.wav,1058_ITH_HAP_XX.wav,1058,train,1,happy,1,happy,0.18388953804969788
data/cremad/audio/1058_ITH_NEU_XX.wav,1058_ITH_NEU_XX.wav,1058,train,0,neutral,1,happy,0.1823754459619522
data/cremad/audio/1058_ITH_SAD_XX.wav,1058_ITH_SAD_XX.wav,1058,train,2,sad,1,happy,0.18048308789730072
data/cremad/audio/1058_ITS_ANG_XX.wav,1058_ITS_ANG_XX.wav,1058,train,3,angry,3,angry,0.18464447557926178
data/cremad/audio/1058_ITS_DIS_XX.wav,1058_ITS_DIS_XX.wav,1058,train,5,disgust,1,happy,0.18125663697719574
data/cremad/audio/1058_ITS_FEA_XX.wav,1058_ITS_FEA_XX.wav,1058,train,4,fearful,1,happy,0.18269465863704681
data/cremad/audio/1058_ITS_HAP_XX.wav,1058_ITS_HAP_XX.wav,1058,train,1,happy,3,angry,0.18692253530025482
data/cremad/audio/1058_ITS_NEU_XX.wav,1058_ITS_NEU_XX.wav,1058,train,0,neutral,1,happy,0.18203836679458618
data/cremad/audio/1058_ITS_SAD_XX.wav,1058_ITS_SAD_XX.wav,1058,train,2,sad,1,happy,0.18052034080028534
data/cremad/audio/1058_IWL_ANG_XX.wav,1058_IWL_ANG_XX.wav,1058,train,3,angry,1,happy,0.1835772544145584
data/cremad/audio/1058_IWL_DIS_XX.wav,1058_IWL_DIS_XX.wav,1058,train,5,disgust,1,happy,0.18300962448120117
data/cremad/audio/1058_IWL_FEA_XX.wav,1058_IWL_FEA_XX.wav,1058,train,4,fearful,1,happy,0.18591365218162537
data/cremad/audio/1058_IWL_HAP_XX.wav,1058_IWL_HAP_XX.wav,1058,train,1,happy,1,happy,0.1856083869934082
data/cremad/audio/1058_IWL_NEU_XX.wav,1058_IWL_NEU_XX.wav,1058,train,0,neutral,3,angry,0.18161912262439728
data/cremad/audio/1058_IWL_SAD_XX.wav,1058_IWL_SAD_XX.wav,1058,train,2,sad,1,happy,0.18164117634296417
data/cremad/audio/1058_IWW_ANG_XX.wav,1058_IWW_ANG_XX.wav,1058,train,3,angry,1,happy,0.18521630764007568
data/cremad/audio/1058_IWW_DIS_XX.wav,1058_IWW_DIS_XX.wav,1058,train,5,disgust,1,happy,0.1833486706018448
data/cremad/audio/1058_IWW_FEA_XX.wav,1058_IWW_FEA_XX.wav,1058,train,4,fearful,1,happy,0.18430496752262115
data/cremad/audio/1058_IWW_HAP_XX.wav,1058_IWW_HAP_XX.wav,1058,train,1,happy,3,angry,0.1847958117723465
data/cremad/audio/1058_IWW_NEU_XX.wav,1058_IWW_NEU_XX.wav,1058,train,0,neutral,1,happy,0.1837945133447647
data/cremad/audio/1058_IWW_SAD_XX.wav,1058_IWW_SAD_XX.wav,1058,train,2,sad,1,happy,0.18050557374954224
data/cremad/audio/1058_MTI_ANG_XX.wav,1058_MTI_ANG_XX.wav,1058,train,3,angry,1,happy,0.18619133532047272
data/cremad/audio/1058_MTI_DIS_XX.wav,1058_MTI_DIS_XX.wav,1058,train,5,disgust,3,angry,0.18137766420841217
data/cremad/audio/1058_MTI_FEA_XX.wav,1058_MTI_FEA_XX.wav,1058,train,4,fearful,3,angry,0.18706700205802917
data/cremad/audio/1058_MTI_HAP_XX.wav,1058_MTI_HAP_XX.wav,1058,train,1,happy,3,angry,0.18688422441482544
data/cremad/audio/1058_MTI_NEU_XX.wav,1058_MTI_NEU_XX.wav,1058,train,0,neutral,3,angry,0.18422941863536835
data/cremad/audio/1058_MTI_SAD_XX.wav,1058_MTI_SAD_XX.wav,1058,train,2,sad,1,happy,0.18247075378894806
data/cremad/audio/1058_TAI_ANG_XX.wav,1058_TAI_ANG_XX.wav,1058,train,3,angry,1,happy,0.18332107365131378
data/cremad/audio/1058_TAI_DIS_XX.wav,1058_TAI_DIS_XX.wav,1058,train,5,disgust,1,happy,0.18093903362751007
data/cremad/audio/1058_TAI_FEA_XX.wav,1058_TAI_FEA_XX.wav,1058,train,4,fearful,1,happy,0.18362444639205933
data/cremad/audio/1058_TAI_HAP_XX.wav,1058_TAI_HAP_XX.wav,1058,train,1,happy,1,happy,0.183907613158226
data/cremad/audio/1058_TAI_NEU_XX.wav,1058_TAI_NEU_XX.wav,1058,train,0,neutral,3,angry,0.1833478957414627
data/cremad/audio/1058_TAI_SAD_XX.wav,1058_TAI_SAD_XX.wav,1058,train,2,sad,1,happy,0.18094010651111603
data/cremad/audio/1058_TIE_ANG_XX.wav,1058_TIE_ANG_XX.wav,1058,train,3,angry,3,angry,0.18636856973171234
data/cremad/audio/1058_TIE_DIS_XX.wav,1058_TIE_DIS_XX.wav,1058,train,5,disgust,1,happy,0.17962229251861572
data/cremad/audio/1058_TIE_FEA_XX.wav,1058_TIE_FEA_XX.wav,1058,train,4,fearful,1,happy,0.18308459222316742
data/cremad/audio/1058_TIE_HAP_XX.wav,1058_TIE_HAP_XX.wav,1058,train,1,happy,3,angry,0.18499009311199188
data/cremad/audio/1058_TIE_NEU_XX.wav,1058_TIE_NEU_XX.wav,1058,train,0,neutral,3,angry,0.18161745369434357
data/cremad/audio/1058_TIE_SAD_XX.wav,1058_TIE_SAD_XX.wav,1058,train,2,sad,1,happy,0.18072065711021423
data/cremad/audio/1058_TSI_ANG_XX.wav,1058_TSI_ANG_XX.wav,1058,train,3,angry,1,happy,0.18327201902866364
data/cremad/audio/1058_TSI_DIS_XX.wav,1058_TSI_DIS_XX.wav,1058,train,5,disgust,1,happy,0.17950133979320526
data/cremad/audio/1058_TSI_FEA_XX.wav,1058_TSI_FEA_XX.wav,1058,train,4,fearful,1,happy,0.1853935718536377
data/cremad/audio/1058_TSI_HAP_XX.wav,1058_TSI_HAP_XX.wav,1058,train,1,happy,1,happy,0.18390324711799622
data/cremad/audio/1058_TSI_NEU_XX.wav,1058_TSI_NEU_XX.wav,1058,train,0,neutral,1,happy,0.1824890673160553
data/cremad/audio/1058_TSI_SAD_XX.wav,1058_TSI_SAD_XX.wav,1058,train,2,sad,1,happy,0.18009163439273834
data/cremad/audio/1058_WSI_ANG_XX.wav,1058_WSI_ANG_XX.wav,1058,train,3,angry,3,angry,0.1867832988500595
data/cremad/audio/1058_WSI_DIS_XX.wav,1058_WSI_DIS_XX.wav,1058,train,5,disgust,1,happy,0.18142688274383545
data/cremad/audio/1058_WSI_FEA_XX.wav,1058_WSI_FEA_XX.wav,1058,train,4,fearful,3,angry,0.18491746485233307
data/cremad/audio/1058_WSI_HAP_XX.wav,1058_WSI_HAP_XX.wav,1058,train,1,happy,3,angry,0.1886192262172699
data/cremad/audio/1058_WSI_NEU_XX.wav,1058_WSI_NEU_XX.wav,1058,train,0,neutral,1,happy,0.18451623618602753
data/cremad/audio/1058_WSI_SAD_XX.wav,1058_WSI_SAD_XX.wav,1058,train,2,sad,1,happy,0.17992794513702393
data/cremad/audio/1060_DFA_ANG_XX.wav,1060_DFA_ANG_XX.wav,1060,train,3,angry,3,angry,0.18556863069534302
data/cremad/audio/1060_DFA_DIS_XX.wav,1060_DFA_DIS_XX.wav,1060,train,5,disgust,1,happy,0.18228179216384888
data/cremad/audio/1060_DFA_FEA_XX.wav,1060_DFA_FEA_XX.wav,1060,train,4,fearful,3,angry,0.1808304339647293
data/cremad/audio/1060_DFA_HAP_XX.wav,1060_DFA_HAP_XX.wav,1060,train,1,happy,1,happy,0.1827564686536789
data/cremad/audio/1060_DFA_NEU_XX.wav,1060_DFA_NEU_XX.wav,1060,train,0,neutral,1,happy,0.18129006028175354
data/cremad/audio/1060_DFA_SAD_XX.wav,1060_DFA_SAD_XX.wav,1060,train,2,sad,1,happy,0.18174520134925842
data/cremad/audio/1060_IEO_ANG_HI.wav,1060_IEO_ANG_HI.wav,1060,train,3,angry,1,happy,0.18480850756168365
data/cremad/audio/1060_IEO_ANG_LO.wav,1060_IEO_ANG_LO.wav,1060,train,3,angry,1,happy,0.18503278493881226
data/cremad/audio/1060_IEO_ANG_MD.wav,1060_IEO_ANG_MD.wav,1060,train,3,angry,1,happy,0.18357019126415253
data/cremad/audio/1060_IEO_DIS_HI.wav,1060_IEO_DIS_HI.wav,1060,train,5,disgust,1,happy,0.1819441318511963
data/cremad/audio/1060_IEO_DIS_LO.wav,1060_IEO_DIS_LO.wav,1060,train,5,disgust,1,happy,0.18201862275600433
data/cremad/audio/1060_IEO_DIS_MD.wav,1060_IEO_DIS_MD.wav,1060,train,5,disgust,1,happy,0.18567702174186707
data/cremad/audio/1060_IEO_FEA_HI.wav,1060_IEO_FEA_HI.wav,1060,train,4,fearful,1,happy,0.18451672792434692
data/cremad/audio/1060_IEO_FEA_LO.wav,1060_IEO_FEA_LO.wav,1060,train,4,fearful,1,happy,0.18074633181095123
data/cremad/audio/1060_IEO_FEA_MD.wav,1060_IEO_FEA_MD.wav,1060,train,4,fearful,1,happy,0.18077927827835083
data/cremad/audio/1060_IEO_HAP_HI.wav,1060_IEO_HAP_HI.wav,1060,train,1,happy,3,angry,0.184282585978508
data/cremad/audio/1060_IEO_HAP_LO.wav,1060_IEO_HAP_LO.wav,1060,train,1,happy,1,happy,0.18477778136730194
data/cremad/audio/1060_IEO_HAP_MD.wav,1060_IEO_HAP_MD.wav,1060,train,1,happy,3,angry,0.1833704710006714
data/cremad/audio/1060_IEO_NEU_XX.wav,1060_IEO_NEU_XX.wav,1060,train,0,neutral,1,happy,0.18082977831363678
data/cremad/audio/1060_IEO_SAD_HI.wav,1060_IEO_SAD_HI.wav,1060,train,2,sad,1,happy,0.18239349126815796
data/cremad/audio/1060_IEO_SAD_LO.wav,1060_IEO_SAD_LO.wav,1060,train,2,sad,1,happy,0.18095603585243225
data/cremad/audio/1060_IEO_SAD_MD.wav,1060_IEO_SAD_MD.wav,1060,train,2,sad,1,happy,0.1811477541923523
data/cremad/audio/1060_IOM_ANG_XX.wav,1060_IOM_ANG_XX.wav,1060,train,3,angry,3,angry,0.18551521003246307
data/cremad/audio/1060_IOM_DIS_XX.wav,1060_IOM_DIS_XX.wav,1060,train,5,disgust,1,happy,0.1828702688217163
data/cremad/audio/1060_IOM_FEA_XX.wav,1060_IOM_FEA_XX.wav,1060,train,4,fearful,1,happy,0.18359072506427765
data/cremad/audio/1060_IOM_HAP_XX.wav,1060_IOM_HAP_XX.wav,1060,train,1,happy,3,angry,0.1864142119884491
data/cremad/audio/1060_IOM_NEU_XX.wav,1060_IOM_NEU_XX.wav,1060,train,0,neutral,1,happy,0.18452908098697662
data/cremad/audio/1060_IOM_SAD_XX.wav,1060_IOM_SAD_XX.wav,1060,train,2,sad,1,happy,0.184962198138237
data/cremad/audio/1060_ITH_ANG_XX.wav,1060_ITH_ANG_XX.wav,1060,train,3,angry,3,angry,0.1840454339981079
data/cremad/audio/1060_ITH_DIS_XX.wav,1060_ITH_DIS_XX.wav,1060,train,5,disgust,1,happy,0.18050208687782288
data/cremad/audio/1060_ITH_FEA_XX.wav,1060_ITH_FEA_XX.wav,1060,train,4,fearful,1,happy,0.1834338903427124
data/cremad/audio/1060_ITH_HAP_XX.wav,1060_ITH_HAP_XX.wav,1060,train,1,happy,1,happy,0.18437866866588593
data/cremad/audio/1060_ITH_NEU_XX.wav,1060_ITH_NEU_XX.wav,1060,train,0,neutral,1,happy,0.18253205716609955
data/cremad/audio/1060_ITH_SAD_XX.wav,1060_ITH_SAD_XX.wav,1060,train,2,sad,1,happy,0.18310041725635529
data/cremad/audio/1060_ITS_ANG_XX.wav,1060_ITS_ANG_XX.wav,1060,train,3,angry,1,happy,0.18516838550567627
data/cremad/audio/1060_ITS_DIS_XX.wav,1060_ITS_DIS_XX.wav,1060,train,5,disgust,1,happy,0.1829667091369629
data/cremad/audio/1060_ITS_FEA_XX.wav,1060_ITS_FEA_XX.wav,1060,train,4,fearful,1,happy,0.1826326996088028
data/cremad/audio/1060_ITS_HAP_XX.wav,1060_ITS_HAP_XX.wav,1060,train,1,happy,1,happy,0.1839550882577896
data/cremad/audio/1060_ITS_NEU_XX.wav,1060_ITS_NEU_XX.wav,1060,train,0,neutral,1,happy,0.18270482122898102
data/cremad/audio/1060_ITS_SAD_XX.wav,1060_ITS_SAD_XX.wav,1060,train,2,sad,1,happy,0.18223094940185547
data/cremad/audio/1060_IWL_ANG_XX.wav,1060_IWL_ANG_XX.wav,1060,train,3,angry,3,angry,0.18633002042770386
data/cremad/audio/1060_IWL_DIS_XX.wav,1060_IWL_DIS_XX.wav,1060,train,5,disgust,1,happy,0.1821720004081726
data/cremad/audio/1060_IWL_FEA_XX.wav,1060_IWL_FEA_XX.wav,1060,train,4,fearful,1,happy,0.1832915097475052
data/cremad/audio/1060_IWL_HAP_XX.wav,1060_IWL_HAP_XX.wav,1060,train,1,happy,3,angry,0.18596722185611725
data/cremad/audio/1060_IWL_NEU_XX.wav,1060_IWL_NEU_XX.wav,1060,train,0,neutral,1,happy,0.18361856043338776
data/cremad/audio/1060_IWL_SAD_XX.wav,1060_IWL_SAD_XX.wav,1060,train,2,sad,1,happy,0.1831955909729004
data/cremad/audio/1060_IWW_ANG_XX.wav,1060_IWW_ANG_XX.wav,1060,train,3,angry,3,angry,0.185743048787117
data/cremad/audio/1060_IWW_DIS_XX.wav,1060_IWW_DIS_XX.wav,1060,train,5,disgust,1,happy,0.18382225930690765
data/cremad/audio/1060_IWW_FEA_XX.wav,1060_IWW_FEA_XX.wav,1060,train,4,fearful,1,happy,0.18424464762210846
data/cremad/audio/1060_IWW_HAP_XX.wav,1060_IWW_HAP_XX.wav,1060,train,1,happy,1,happy,0.1836692839860916
data/cremad/audio/1060_IWW_NEU_XX.wav,1060_IWW_NEU_XX.wav,1060,train,0,neutral,1,happy,0.18310995399951935
data/cremad/audio/1060_IWW_SAD_XX.wav,1060_IWW_SAD_XX.wav,1060,train,2,sad,1,happy,0.18256692588329315
data/cremad/audio/1060_MTI_ANG_XX.wav,1060_MTI_ANG_XX.wav,1060,train,3,angry,3,angry,0.1861133575439453
data/cremad/audio/1060_MTI_DIS_XX.wav,1060_MTI_DIS_XX.wav,1060,train,5,disgust,3,angry,0.18340951204299927
data/cremad/audio/1060_MTI_FEA_XX.wav,1060_MTI_FEA_XX.wav,1060,train,4,fearful,3,angry,0.18377579748630524
data/cremad/audio/1060_MTI_HAP_XX.wav,1060_MTI_HAP_XX.wav,1060,train,1,happy,1,happy,0.18342921137809753
data/cremad/audio/1060_MTI_NEU_XX.wav,1060_MTI_NEU_XX.wav,1060,train,0,neutral,1,happy,0.18342208862304688
data/cremad/audio/1060_MTI_SAD_XX.wav,1060_MTI_SAD_XX.wav,1060,train,2,sad,1,happy,0.18185575306415558
data/cremad/audio/1060_TAI_ANG_XX.wav,1060_TAI_ANG_XX.wav,1060,train,3,angry,1,happy,0.18468670547008514
data/cremad/audio/1060_TAI_DIS_XX.wav,1060_TAI_DIS_XX.wav,1060,train,5,disgust,1,happy,0.18507173657417297
data/cremad/audio/1060_TAI_FEA_XX.wav,1060_TAI_FEA_XX.wav,1060,train,4,fearful,1,happy,0.18350598216056824
data/cremad/audio/1060_TAI_HAP_XX.wav,1060_TAI_HAP_XX.wav,1060,train,1,happy,1,happy,0.18404659628868103
data/cremad/audio/1060_TAI_NEU_XX.wav,1060_TAI_NEU_XX.wav,1060,train,0,neutral,1,happy,0.18317408859729767
data/cremad/audio/1060_TAI_SAD_XX.wav,1060_TAI_SAD_XX.wav,1060,train,2,sad,1,happy,0.18445150554180145
data/cremad/audio/1060_TIE_ANG_XX.wav,1060_TIE_ANG_XX.wav,1060,train,3,angry,3,angry,0.18402628600597382
data/cremad/audio/1060_TIE_DIS_XX.wav,1060_TIE_DIS_XX.wav,1060,train,5,disgust,1,happy,0.17945317924022675
data/cremad/audio/1060_TIE_FEA_XX.wav,1060_TIE_FEA_XX.wav,1060,train,4,fearful,1,happy,0.18110871315002441
data/cremad/audio/1060_TIE_HAP_XX.wav,1060_TIE_HAP_XX.wav,1060,train,1,happy,3,angry,0.18223753571510315
data/cremad/audio/1060_TIE_NEU_XX.wav,1060_TIE_NEU_XX.wav,1060,train,0,neutral,1,happy,0.1827569156885147
data/cremad/audio/1060_TIE_SAD_XX.wav,1060_TIE_SAD_XX.wav,1060,train,2,sad,1,happy,0.18045273423194885
data/cremad/audio/1060_TSI_ANG_XX.wav,1060_TSI_ANG_XX.wav,1060,train,3,angry,3,angry,0.18460018932819366
data/cremad/audio/1060_TSI_DIS_XX.wav,1060_TSI_DIS_XX.wav,1060,train,5,disgust,1,happy,0.18163694441318512
data/cremad/audio/1060_TSI_FEA_XX.wav,1060_TSI_FEA_XX.wav,1060,train,4,fearful,1,happy,0.1824442446231842
data/cremad/audio/1060_TSI_HAP_XX.wav,1060_TSI_HAP_XX.wav,1060,train,1,happy,3,angry,0.18390895426273346
data/cremad/audio/1060_TSI_NEU_XX.wav,1060_TSI_NEU_XX.wav,1060,train,0,neutral,1,happy,0.18104401230812073
data/cremad/audio/1060_TSI_SAD_XX.wav,1060_TSI_SAD_XX.wav,1060,train,2,sad,1,happy,0.18346157670021057
data/cremad/audio/1060_WSI_ANG_XX.wav,1060_WSI_ANG_XX.wav,1060,train,3,angry,3,angry,0.18482986092567444
data/cremad/audio/1060_WSI_DIS_XX.wav,1060_WSI_DIS_XX.wav,1060,train,5,disgust,1,happy,0.1827627718448639
data/cremad/audio/1060_WSI_FEA_XX.wav,1060_WSI_FEA_XX.wav,1060,train,4,fearful,1,happy,0.18333576619625092
data/cremad/audio/1060_WSI_HAP_XX.wav,1060_WSI_HAP_XX.wav,1060,train,1,happy,1,happy,0.1842011958360672
data/cremad/audio/1060_WSI_NEU_XX.wav,1060_WSI_NEU_XX.wav,1060,train,0,neutral,1,happy,0.18379831314086914
data/cremad/audio/1060_WSI_SAD_XX.wav,1060_WSI_SAD_XX.wav,1060,train,2,sad,1,happy,0.18441832065582275
data/cremad/audio/1061_DFA_ANG_XX.wav,1061_DFA_ANG_XX.wav,1061,train,3,angry,1,happy,0.1851566582918167
data/cremad/audio/1061_DFA_DIS_XX.wav,1061_DFA_DIS_XX.wav,1061,train,5,disgust,1,happy,0.18180793523788452
data/cremad/audio/1061_DFA_FEA_XX.wav,1061_DFA_FEA_XX.wav,1061,train,4,fearful,1,happy,0.18342331051826477
data/cremad/audio/1061_DFA_HAP_XX.wav,1061_DFA_HAP_XX.wav,1061,train,1,happy,1,happy,0.18480068445205688
data/cremad/audio/1061_DFA_NEU_XX.wav,1061_DFA_NEU_XX.wav,1061,train,0,neutral,1,happy,0.18421687185764313
data/cremad/audio/1061_DFA_SAD_XX.wav,1061_DFA_SAD_XX.wav,1061,train,2,sad,1,happy,0.17956635355949402
data/cremad/audio/1061_IEO_ANG_HI.wav,1061_IEO_ANG_HI.wav,1061,train,3,angry,1,happy,0.1845485270023346
data/cremad/audio/1061_IEO_ANG_LO.wav,1061_IEO_ANG_LO.wav,1061,train,3,angry,1,happy,0.18316759169101715
data/cremad/audio/1061_IEO_ANG_MD.wav,1061_IEO_ANG_MD.wav,1061,train,3,angry,1,happy,0.1841021329164505
data/cremad/audio/1061_IEO_DIS_HI.wav,1061_IEO_DIS_HI.wav,1061,train,5,disgust,1,happy,0.18157678842544556
data/cremad/audio/1061_IEO_DIS_LO.wav,1061_IEO_DIS_LO.wav,1061,train,5,disgust,1,happy,0.1827833652496338
data/cremad/audio/1061_IEO_DIS_MD.wav,1061_IEO_DIS_MD.wav,1061,train,5,disgust,1,happy,0.18206369876861572
data/cremad/audio/1061_IEO_FEA_HI.wav,1061_IEO_FEA_HI.wav,1061,train,4,fearful,3,angry,0.18805019557476044
data/cremad/audio/1061_IEO_FEA_LO.wav,1061_IEO_FEA_LO.wav,1061,train,4,fearful,1,happy,0.18344779312610626
data/cremad/audio/1061_IEO_FEA_MD.wav,1061_IEO_FEA_MD.wav,1061,train,4,fearful,1,happy,0.1802663505077362
data/cremad/audio/1061_IEO_HAP_HI.wav,1061_IEO_HAP_HI.wav,1061,train,1,happy,1,happy,0.18519337475299835
data/cremad/audio/1061_IEO_HAP_LO.wav,1061_IEO_HAP_LO.wav,1061,train,1,happy,1,happy,0.18488655984401703
data/cremad/audio/1061_IEO_HAP_MD.wav,1061_IEO_HAP_MD.wav,1061,train,1,happy,1,happy,0.18431897461414337
data/cremad/audio/1061_IEO_NEU_XX.wav,1061_IEO_NEU_XX.wav,1061,train,0,neutral,1,happy,0.18155761063098907
data/cremad/audio/1061_IEO_SAD_HI.wav,1061_IEO_SAD_HI.wav,1061,train,2,sad,1,happy,0.1821664720773697
data/cremad/audio/1061_IEO_SAD_LO.wav,1061_IEO_SAD_LO.wav,1061,train,2,sad,1,happy,0.1810501217842102
data/cremad/audio/1061_IEO_SAD_MD.wav,1061_IEO_SAD_MD.wav,1061,train,2,sad,1,happy,0.18105247616767883
data/cremad/audio/1061_IOM_ANG_XX.wav,1061_IOM_ANG_XX.wav,1061,train,3,angry,3,angry,0.18431241810321808
data/cremad/audio/1061_IOM_DIS_XX.wav,1061_IOM_DIS_XX.wav,1061,train,5,disgust,1,happy,0.1838555485010147
data/cremad/audio/1061_IOM_FEA_XX.wav,1061_IOM_FEA_XX.wav,1061,train,4,fearful,1,happy,0.18173259496688843
data/cremad/audio/1061_IOM_HAP_XX.wav,1061_IOM_HAP_XX.wav,1061,train,1,happy,1,happy,0.18282169103622437
data/cremad/audio/1061_IOM_NEU_XX.wav,1061_IOM_NEU_XX.wav,1061,train,0,neutral,1,happy,0.18370454013347626
data/cremad/audio/1061_IOM_SAD_XX.wav,1061_IOM_SAD_XX.wav,1061,train,2,sad,1,happy,0.18043239414691925
data/cremad/audio/1061_ITH_ANG_XX.wav,1061_ITH_ANG_XX.wav,1061,train,3,angry,3,angry,0.1841566115617752
data/cremad/audio/1061_ITH_DIS_XX.wav,1061_ITH_DIS_XX.wav,1061,train,5,disgust,1,happy,0.18225319683551788
data/cremad/audio/1061_ITH_FEA_XX.wav,1061_ITH_FEA_XX.wav,1061,train,4,fearful,1,happy,0.18114806711673737
data/cremad/audio/1061_ITH_HAP_XX.wav,1061_ITH_HAP_XX.wav,1061,train,1,happy,1,happy,0.1832508146762848
data/cremad/audio/1061_ITH_NEU_XX.wav,1061_ITH_NEU_XX.wav,1061,train,0,neutral,1,happy,0.18324457108974457
data/cremad/audio/1061_ITH_SAD_XX.wav,1061_ITH_SAD_XX.wav,1061,train,2,sad,1,happy,0.17981870472431183
data/cremad/audio/1061_ITS_ANG_XX.wav,1061_ITS_ANG_XX.wav,1061,train,3,angry,1,happy,0.18431131541728973
data/cremad/audio/1061_ITS_DIS_XX.wav,1061_ITS_DIS_XX.wav,1061,train,5,disgust,1,happy,0.18234780430793762
data/cremad/audio/1061_ITS_FEA_XX.wav,1061_ITS_FEA_XX.wav,1061,train,4,fearful,1,happy,0.18123123049736023
data/cremad/audio/1061_ITS_HAP_XX.wav,1061_ITS_HAP_XX.wav,1061,train,1,happy,1,happy,0.18366728723049164
data/cremad/audio/1061_ITS_NEU_XX.wav,1061_ITS_NEU_XX.wav,1061,train,0,neutral,1,happy,0.18356698751449585
data/cremad/audio/1061_ITS_SAD_XX.wav,1061_ITS_SAD_XX.wav,1061,train,2,sad,1,happy,0.18278220295906067
data/cremad/audio/1061_IWL_ANG_XX.wav,1061_IWL_ANG_XX.wav,1061,train,3,angry,3,angry,0.18382374942302704
data/cremad/audio/1061_IWL_DIS_XX.wav,1061_IWL_DIS_XX.wav,1061,train,5,disgust,1,happy,0.18127772212028503
data/cremad/audio/1061_IWL_FEA_XX.wav,1061_IWL_FEA_XX.wav,1061,train,4,fearful,1,happy,0.18145418167114258
data/cremad/audio/1061_IWL_HAP_XX.wav,1061_IWL_HAP_XX.wav,1061,train,1,happy,1,happy,0.18366630375385284
data/cremad/audio/1061_IWL_NEU_XX.wav,1061_IWL_NEU_XX.wav,1061,train,0,neutral,1,happy,0.18414129316806793
data/cremad/audio/1061_IWL_SAD_XX.wav,1061_IWL_SAD_XX.wav,1061,train,2,sad,1,happy,0.1836012303829193
data/cremad/audio/1061_IWW_ANG_XX.wav,1061_IWW_ANG_XX.wav,1061,train,3,angry,1,happy,0.18462321162223816
data/cremad/audio/1061_IWW_DIS_XX.wav,1061_IWW_DIS_XX.wav,1061,train,5,disgust,1,happy,0.18432991206645966
data/cremad/audio/1061_IWW_FEA_XX.wav,1061_IWW_FEA_XX.wav,1061,train,4,fearful,1,happy,0.18406528234481812
data/cremad/audio/1061_IWW_HAP_XX.wav,1061_IWW_HAP_XX.wav,1061,train,1,happy,1,happy,0.1845170110464096
data/cremad/audio/1061_IWW_NEU_XX.wav,1061_IWW_NEU_XX.wav,1061,train,0,neutral,1,happy,0.18244075775146484
data/cremad/audio/1061_IWW_SAD_XX.wav,1061_IWW_SAD_XX.wav,1061,train,2,sad,1,happy,0.18235982954502106
data/cremad/audio/1061_MTI_ANG_XX.wav,1061_MTI_ANG_XX.wav,1061,train,3,angry,3,angry,0.18494637310504913
data/cremad/audio/1061_MTI_DIS_XX.wav,1061_MTI_DIS_XX.wav,1061,train,5,disgust,3,angry,0.18190278112888336
data/cremad/audio/1061_MTI_FEA_XX.wav,1061_MTI_FEA_XX.wav,1061,train,4,fearful,3,angry,0.1834326833486557
data/cremad/audio/1061_MTI_HAP_XX.wav,1061_MTI_HAP_XX.wav,1061,train,1,happy,1,happy,0.18472601473331451
data/cremad/audio/1061_MTI_NEU_XX.wav,1061_MTI_NEU_XX.wav,1061,train,0,neutral,1,happy,0.18247419595718384
data/cremad/audio/1061_MTI_SAD_XX.wav,1061_MTI_SAD_XX.wav,1061,train,2,sad,1,happy,0.1815614104270935
data/cremad/audio/1061_TAI_ANG_XX.wav,1061_TAI_ANG_XX.wav,1061,train,3,angry,1,happy,0.18489578366279602
data/cremad/audio/1061_TAI_DIS_XX.wav,1061_TAI_DIS_XX.wav,1061,train,5,disgust,1,happy,0.18103989958763123
data/cremad/audio/1061_TAI_FEA_XX.wav,1061_TAI_FEA_XX.wav,1061,train,4,fearful,1,happy,0.1827867329120636
data/cremad/audio/1061_TAI_HAP_XX.wav,1061_TAI_HAP_XX.wav,1061,train,1,happy,1,happy,0.1841771900653839
data/cremad/audio/1061_TAI_NEU_XX.wav,1061_TAI_NEU_XX.wav,1061,train,0,neutral,1,happy,0.18114931881427765
data/cremad/audio/1061_TAI_SAD_XX.wav,1061_TAI_SAD_XX.wav,1061,train,2,sad,1,happy,0.18249578773975372
data/cremad/audio/1061_TIE_ANG_XX.wav,1061_TIE_ANG_XX.wav,1061,train,3,angry,3,angry,0.1838768869638443
data/cremad/audio/1061_TIE_DIS_XX.wav,1061_TIE_DIS_XX.wav,1061,train,5,disgust,3,angry,0.1806657761335373
data/cremad/audio/1061_TIE_FEA_XX.wav,1061_TIE_FEA_XX.wav,1061,train,4,fearful,1,happy,0.18248850107192993
data/cremad/audio/1061_TIE_HAP_XX.wav,1061_TIE_HAP_XX.wav,1061,train,1,happy,1,happy,0.18221059441566467
data/cremad/audio/1061_TIE_NEU_XX.wav,1061_TIE_NEU_XX.wav,1061,train,0,neutral,1,happy,0.18137046694755554
data/cremad/audio/1061_TIE_SAD_XX.wav,1061_TIE_SAD_XX.wav,1061,train,2,sad,1,happy,0.1816057562828064
data/cremad/audio/1061_TSI_ANG_XX.wav,1061_TSI_ANG_XX.wav,1061,train,3,angry,3,angry,0.1836683601140976
data/cremad/audio/1061_TSI_DIS_XX.wav,1061_TSI_DIS_XX.wav,1061,train,5,disgust,1,happy,0.18162713944911957
data/cremad/audio/1061_TSI_FEA_XX.wav,1061_TSI_FEA_XX.wav,1061,train,4,fearful,1,happy,0.1812804788351059
data/cremad/audio/1061_TSI_HAP_XX.wav,1061_TSI_HAP_XX.wav,1061,train,1,happy,1,happy,0.18326838314533234
data/cremad/audio/1061_TSI_NEU_XX.wav,1061_TSI_NEU_XX.wav,1061,train,0,neutral,1,happy,0.1815732717514038
data/cremad/audio/1061_TSI_SAD_XX.wav,1061_TSI_SAD_XX.wav,1061,train,2,sad,1,happy,0.1802184283733368
data/cremad/audio/1061_WSI_ANG_XX.wav,1061_WSI_ANG_XX.wav,1061,train,3,angry,3,angry,0.18503379821777344
data/cremad/audio/1061_WSI_DIS_XX.wav,1061_WSI_DIS_XX.wav,1061,train,5,disgust,1,happy,0.18226823210716248
data/cremad/audio/1061_WSI_FEA_XX.wav,1061_WSI_FEA_XX.wav,1061,train,4,fearful,1,happy,0.18394792079925537
data/cremad/audio/1061_WSI_HAP_XX.wav,1061_WSI_HAP_XX.wav,1061,train,1,happy,1,happy,0.18408562242984772
data/cremad/audio/1061_WSI_NEU_XX.wav,1061_WSI_NEU_XX.wav,1061,train,0,neutral,1,happy,0.18281760811805725
data/cremad/audio/1061_WSI_SAD_XX.wav,1061_WSI_SAD_XX.wav,1061,train,2,sad,1,happy,0.18229325115680695
data/cremad/audio/1062_DFA_ANG_XX.wav,1062_DFA_ANG_XX.wav,1062,train,3,angry,3,angry,0.18733245134353638
data/cremad/audio/1062_DFA_DIS_XX.wav,1062_DFA_DIS_XX.wav,1062,train,5,disgust,1,happy,0.18457739055156708
data/cremad/audio/1062_DFA_FEA_XX.wav,1062_DFA_FEA_XX.wav,1062,train,4,fearful,1,happy,0.18290434777736664
data/cremad/audio/1062_DFA_HAP_XX.wav,1062_DFA_HAP_XX.wav,1062,train,1,happy,1,happy,0.18471740186214447
data/cremad/audio/1062_DFA_NEU_XX.wav,1062_DFA_NEU_XX.wav,1062,train,0,neutral,1,happy,0.1843419373035431
data/cremad/audio/1062_DFA_SAD_XX.wav,1062_DFA_SAD_XX.wav,1062,train,2,sad,1,happy,0.18352201581001282
data/cremad/audio/1062_IEO_ANG_HI.wav,1062_IEO_ANG_HI.wav,1062,train,3,angry,3,angry,0.18691064417362213
data/cremad/audio/1062_IEO_ANG_LO.wav,1062_IEO_ANG_LO.wav,1062,train,3,angry,3,angry,0.18373094499111176
data/cremad/audio/1062_IEO_ANG_MD.wav,1062_IEO_ANG_MD.wav,1062,train,3,angry,1,happy,0.184263676404953
data/cremad/audio/1062_IEO_DIS_HI.wav,1062_IEO_DIS_HI.wav,1062,train,5,disgust,1,happy,0.18250754475593567
data/cremad/audio/1062_IEO_DIS_LO.wav,1062_IEO_DIS_LO.wav,1062,train,5,disgust,1,happy,0.1823960691690445
data/cremad/audio/1062_IEO_DIS_MD.wav,1062_IEO_DIS_MD.wav,1062,train,5,disgust,1,happy,0.1833595335483551
data/cremad/audio/1062_IEO_FEA_HI.wav,1062_IEO_FEA_HI.wav,1062,train,4,fearful,3,angry,0.18565136194229126
data/cremad/audio/1062_IEO_FEA_LO.wav,1062_IEO_FEA_LO.wav,1062,train,4,fearful,1,happy,0.18185186386108398
data/cremad/audio/1062_IEO_FEA_MD.wav,1062_IEO_FEA_MD.wav,1062,train,4,fearful,1,happy,0.18191100656986237
data/cremad/audio/1062_IEO_HAP_HI.wav,1062_IEO_HAP_HI.wav,1062,train,1,happy,1,happy,0.18334868550300598
data/cremad/audio/1062_IEO_HAP_LO.wav,1062_IEO_HAP_LO.wav,1062,train,1,happy,1,happy,0.18418166041374207
data/cremad/audio/1062_IEO_HAP_MD.wav,1062_IEO_HAP_MD.wav,1062,train,1,happy,1,happy,0.18289850652217865
data/cremad/audio/1062_IEO_NEU_XX.wav,1062_IEO_NEU_XX.wav,1062,train,0,neutral,1,happy,0.18295753002166748
data/cremad/audio/1062_IEO_SAD_HI.wav,1062_IEO_SAD_HI.wav,1062,train,2,sad,1,happy,0.18253329396247864
data/cremad/audio/1062_IEO_SAD_LO.wav,1062_IEO_SAD_LO.wav,1062,train,2,sad,1,happy,0.1817411184310913
data/cremad/audio/1062_IEO_SAD_MD.wav,1062_IEO_SAD_MD.wav,1062,train,2,sad,1,happy,0.18058431148529053
data/cremad/audio/1062_IOM_ANG_XX.wav,1062_IOM_ANG_XX.wav,1062,train,3,angry,3,angry,0.1864715963602066
data/cremad/audio/1062_IOM_DIS_XX.wav,1062_IOM_DIS_XX.wav,1062,train,5,disgust,1,happy,0.18340623378753662
data/cremad/audio/1062_IOM_FEA_XX.wav,1062_IOM_FEA_XX.wav,1062,train,4,fearful,1,happy,0.18342645466327667
data/cremad/audio/1062_IOM_HAP_XX.wav,1062_IOM_HAP_XX.wav,1062,train,1,happy,1,happy,0.1849759966135025
data/cremad/audio/1062_IOM_NEU_XX.wav,1062_IOM_NEU_XX.wav,1062,train,0,neutral,3,angry,0.1835043877363205
data/cremad/audio/1062_IOM_SAD_XX.wav,1062_IOM_SAD_XX.wav,1062,train,2,sad,1,happy,0.18356196582317352
data/cremad/audio/1062_ITH_ANG_XX.wav,1062_ITH_ANG_XX.wav,1062,train,3,angry,1,happy,0.18340718746185303
data/cremad/audio/1062_ITH_DIS_XX.wav,1062_ITH_DIS_XX.wav,1062,train,5,disgust,3,angry,0.18432438373565674
data/cremad/audio/1062_ITH_FEA_XX.wav,1062_ITH_FEA_XX.wav,1062,train,4,fearful,1,happy,0.1807585209608078
data/cremad/audio/1062_ITH_HAP_XX.wav,1062_ITH_HAP_XX.wav,1062,train,1,happy,1,happy,0.18406988680362701
data/cremad/audio/1062_ITH_NEU_XX.wav,1062_ITH_NEU_XX.wav,1062,train,0,neutral,1,happy,0.18321245908737183
data/cremad/audio/1062_ITH_SAD_XX.wav,1062_ITH_SAD_XX.wav,1062,train,2,sad,1,happy,0.1815074235200882
data/cremad/audio/1062_ITS_ANG_XX.wav,1062_ITS_ANG_XX.wav,1062,train,3,angry,1,happy,0.1839751899242401
data/cremad/audio/1062_ITS_DIS_XX.wav,1062_ITS_DIS_XX.wav,1062,train,5,disgust,1,happy,0.18242599070072174
data/cremad/audio/1062_ITS_FEA_XX.wav,1062_ITS_FEA_XX.wav,1062,train,4,fearful,1,happy,0.18138907849788666
data/cremad/audio/1062_ITS_HAP_XX.wav,1062_ITS_HAP_XX.wav,1062,train,1,happy,1,happy,0.1856991946697235
data/cremad/audio/1062_ITS_NEU_XX.wav,1062_ITS_NEU_XX.wav,1062,train,0,neutral,1,happy,0.183290496468544
data/cremad/audio/1062_ITS_SAD_XX.wav,1062_ITS_SAD_XX.wav,1062,train,2,sad,1,happy,0.18358103930950165
data/cremad/audio/1062_IWL_ANG_XX.wav,1062_IWL_ANG_XX.wav,1062,train,3,angry,3,angry,0.18630048632621765
data/cremad/audio/1062_IWL_DIS_XX.wav,1062_IWL_DIS_XX.wav,1062,train,5,disgust,1,happy,0.18269988894462585
data/cremad/audio/1062_IWL_FEA_XX.wav,1062_IWL_FEA_XX.wav,1062,train,4,fearful,1,happy,0.18149778246879578
data/cremad/audio/1062_IWL_HAP_XX.wav,1062_IWL_HAP_XX.wav,1062,train,1,happy,1,happy,0.18389514088630676
data/cremad/audio/1062_IWL_NEU_XX.wav,1062_IWL_NEU_XX.wav,1062,train,0,neutral,1,happy,0.18440119922161102
data/cremad/audio/1062_IWL_SAD_XX.wav,1062_IWL_SAD_XX.wav,1062,train,2,sad,1,happy,0.18410539627075195
data/cremad/audio/1062_IWW_ANG_XX.wav,1062_IWW_ANG_XX.wav,1062,train,3,angry,1,happy,0.18467894196510315
data/cremad/audio/1062_IWW_DIS_XX.wav,1062_IWW_DIS_XX.wav,1062,train,5,disgust,1,happy,0.1838361769914627
data/cremad/audio/1062_IWW_FEA_XX.wav,1062_IWW_FEA_XX.wav,1062,train,4,fearful,1,happy,0.18324194848537445
data/cremad/audio/1062_IWW_HAP_XX.wav,1062_IWW_HAP_XX.wav,1062,train,1,happy,1,happy,0.1849416047334671
data/cremad/audio/1062_IWW_NEU_XX.wav,1062_IWW_NEU_XX.wav,1062,train,0,neutral,1,happy,0.18547876179218292
data/cremad/audio/1062_IWW_SAD_XX.wav,1062_IWW_SAD_XX.wav,1062,train,2,sad,1,happy,0.18377701938152313
data/cremad/audio/1062_MTI_ANG_XX.wav,1062_MTI_ANG_XX.wav,1062,train,3,angry,3,angry,0.19183449447155
data/cremad/audio/1062_MTI_DIS_XX.wav,1062_MTI_DIS_XX.wav,1062,train,5,disgust,1,happy,0.18262426555156708
data/cremad/audio/1062_MTI_FEA_XX.wav,1062_MTI_FEA_XX.wav,1062,train,4,fearful,1,happy,0.18345122039318085
data/cremad/audio/1062_MTI_HAP_XX.wav,1062_MTI_HAP_XX.wav,1062,train,1,happy,1,happy,0.18294896185398102
data/cremad/audio/1062_MTI_NEU_XX.wav,1062_MTI_NEU_XX.wav,1062,train,0,neutral,3,angry,0.1842150092124939
data/cremad/audio/1062_MTI_SAD_XX.wav,1062_MTI_SAD_XX.wav,1062,train,2,sad,1,happy,0.18349312245845795
data/cremad/audio/1062_TAI_ANG_XX.wav,1062_TAI_ANG_XX.wav,1062,train,3,angry,3,angry,0.18642021715641022
data/cremad/audio/1062_TAI_DIS_XX.wav,1062_TAI_DIS_XX.wav,1062,train,5,disgust,1,happy,0.18325042724609375
data/cremad/audio/1062_TAI_FEA_XX.wav,1062_TAI_FEA_XX.wav,1062,train,4,fearful,1,happy,0.18187318742275238
data/cremad/audio/1062_TAI_HAP_XX.wav,1062_TAI_HAP_XX.wav,1062,train,1,happy,1,happy,0.1849064826965332
data/cremad/audio/1062_TAI_NEU_XX.wav,1062_TAI_NEU_XX.wav,1062,train,0,neutral,1,happy,0.18407531082630157
data/cremad/audio/1062_TAI_SAD_XX.wav,1062_TAI_SAD_XX.wav,1062,train,2,sad,1,happy,0.1840440034866333
data/cremad/audio/1062_TIE_ANG_XX.wav,1062_TIE_ANG_XX.wav,1062,train,3,angry,3,angry,0.18446478247642517
data/cremad/audio/1062_TIE_DIS_XX.wav,1062_TIE_DIS_XX.wav,1062,train,5,disgust,1,happy,0.17996330559253693
data/cremad/audio/1062_TIE_FEA_XX.wav,1062_TIE_FEA_XX.wav,1062,train,4,fearful,1,happy,0.1812601238489151
data/cremad/audio/1062_TIE_HAP_XX.wav,1062_TIE_HAP_XX.wav,1062,train,1,happy,1,happy,0.18352863192558289
data/cremad/audio/1062_TIE_NEU_XX.wav,1062_TIE_NEU_XX.wav,1062,train,0,neutral,1,happy,0.18276657164096832
data/cremad/audio/1062_TIE_SAD_XX.wav,1062_TIE_SAD_XX.wav,1062,train,2,sad,1,happy,0.18305020034313202
data/cremad/audio/1062_TSI_ANG_XX.wav,1062_TSI_ANG_XX.wav,1062,train,3,angry,1,happy,0.18246684968471527
data/cremad/audio/1062_TSI_DIS_XX.wav,1062_TSI_DIS_XX.wav,1062,train,5,disgust,1,happy,0.18261876702308655
data/cremad/audio/1062_TSI_FEA_XX.wav,1062_TSI_FEA_XX.wav,1062,train,4,fearful,1,happy,0.18277205526828766
data/cremad/audio/1062_TSI_HAP_XX.wav,1062_TSI_HAP_XX.wav,1062,train,1,happy,1,happy,0.18089139461517334
data/cremad/audio/1062_TSI_NEU_XX.wav,1062_TSI_NEU_XX.wav,1062,train,0,neutral,1,happy,0.18207402527332306
data/cremad/audio/1062_TSI_SAD_XX.wav,1062_TSI_SAD_XX.wav,1062,train,2,sad,1,happy,0.18083800375461578
data/cremad/audio/1062_WSI_ANG_XX.wav,1062_WSI_ANG_XX.wav,1062,train,3,angry,3,angry,0.18618479371070862
data/cremad/audio/1062_WSI_DIS_XX.wav,1062_WSI_DIS_XX.wav,1062,train,5,disgust,1,happy,0.18344220519065857
data/cremad/audio/1062_WSI_FEA_XX.wav,1062_WSI_FEA_XX.wav,1062,train,4,fearful,1,happy,0.1825626939535141
data/cremad/audio/1062_WSI_HAP_XX.wav,1062_WSI_HAP_XX.wav,1062,train,1,happy,1,happy,0.18461202085018158
data/cremad/audio/1062_WSI_NEU_XX.wav,1062_WSI_NEU_XX.wav,1062,train,0,neutral,3,angry,0.18396344780921936
data/cremad/audio/1062_WSI_SAD_XX.wav,1062_WSI_SAD_XX.wav,1062,train,2,sad,3,angry,0.18499697744846344
data/cremad/audio/1063_DFA_ANG_XX.wav,1063_DFA_ANG_XX.wav,1063,train,3,angry,1,happy,0.1846698373556137
data/cremad/audio/1063_DFA_DIS_XX.wav,1063_DFA_DIS_XX.wav,1063,train,5,disgust,1,happy,0.18242093920707703
data/cremad/audio/1063_DFA_FEA_XX.wav,1063_DFA_FEA_XX.wav,1063,train,4,fearful,1,happy,0.18326057493686676
data/cremad/audio/1063_DFA_HAP_XX.wav,1063_DFA_HAP_XX.wav,1063,train,1,happy,1,happy,0.1860988438129425
data/cremad/audio/1063_DFA_NEU_XX.wav,1063_DFA_NEU_XX.wav,1063,train,0,neutral,1,happy,0.18337973952293396
data/cremad/audio/1063_DFA_SAD_XX.wav,1063_DFA_SAD_XX.wav,1063,train,2,sad,1,happy,0.18411429226398468
data/cremad/audio/1063_IEO_ANG_HI.wav,1063_IEO_ANG_HI.wav,1063,train,3,angry,3,angry,0.1874680072069168
data/cremad/audio/1063_IEO_ANG_LO.wav,1063_IEO_ANG_LO.wav,1063,train,3,angry,1,happy,0.18323463201522827
data/cremad/audio/1063_IEO_ANG_MD.wav,1063_IEO_ANG_MD.wav,1063,train,3,angry,1,happy,0.18497498333454132
data/cremad/audio/1063_IEO_DIS_HI.wav,1063_IEO_DIS_HI.wav,1063,train,5,disgust,1,happy,0.18305055797100067
data/cremad/audio/1063_IEO_DIS_LO.wav,1063_IEO_DIS_LO.wav,1063,train,5,disgust,1,happy,0.18323621153831482
data/cremad/audio/1063_IEO_DIS_MD.wav,1063_IEO_DIS_MD.wav,1063,train,5,disgust,1,happy,0.18558864295482635
data/cremad/audio/1063_IEO_FEA_HI.wav,1063_IEO_FEA_HI.wav,1063,train,4,fearful,1,happy,0.18562711775302887
data/cremad/audio/1063_IEO_FEA_LO.wav,1063_IEO_FEA_LO.wav,1063,train,4,fearful,1,happy,0.18564938008785248
data/cremad/audio/1063_IEO_FEA_MD.wav,1063_IEO_FEA_MD.wav,1063,train,4,fearful,1,happy,0.18169035017490387
data/cremad/audio/1063_IEO_HAP_HI.wav,1063_IEO_HAP_HI.wav,1063,train,1,happy,3,angry,0.1860799342393875
data/cremad/audio/1063_IEO_HAP_LO.wav,1063_IEO_HAP_LO.wav,1063,train,1,happy,1,happy,0.18427930772304535
data/cremad/audio/1063_IEO_HAP_MD.wav,1063_IEO_HAP_MD.wav,1063,train,1,happy,1,happy,0.18657973408699036
data/cremad/audio/1063_IEO_NEU_XX.wav,1063_IEO_NEU_XX.wav,1063,train,0,neutral,1,happy,0.1833358108997345
data/cremad/audio/1063_IEO_SAD_HI.wav,1063_IEO_SAD_HI.wav,1063,train,2,sad,1,happy,0.18251946568489075
data/cremad/audio/1063_IEO_SAD_LO.wav,1063_IEO_SAD_LO.wav,1063,train,2,sad,1,happy,0.18327561020851135
data/cremad/audio/1063_IEO_SAD_MD.wav,1063_IEO_SAD_MD.wav,1063,train,2,sad,1,happy,0.182608500123024
data/cremad/audio/1063_IOM_ANG_XX.wav,1063_IOM_ANG_XX.wav,1063,train,3,angry,3,angry,0.1851755529642105
data/cremad/audio/1063_IOM_DIS_XX.wav,1063_IOM_DIS_XX.wav,1063,train,5,disgust,1,happy,0.18289309740066528
data/cremad/audio/1063_IOM_FEA_XX.wav,1063_IOM_FEA_XX.wav,1063,train,4,fearful,1,happy,0.1831950843334198
data/cremad/audio/1063_IOM_HAP_XX.wav,1063_IOM_HAP_XX.wav,1063,train,1,happy,1,happy,0.18554051220417023
data/cremad/audio/1063_IOM_NEU_XX.wav,1063_IOM_NEU_XX.wav,1063,train,0,neutral,1,happy,0.18277506530284882
data/cremad/audio/1063_IOM_SAD_XX.wav,1063_IOM_SAD_XX.wav,1063,train,2,sad,1,happy,0.18316714465618134
data/cremad/audio/1063_ITH_ANG_XX.wav,1063_ITH_ANG_XX.wav,1063,train,3,angry,3,angry,0.18616165220737457
data/cremad/audio/1063_ITH_DIS_XX.wav,1063_ITH_DIS_XX.wav,1063,train,5,disgust,1,happy,0.18153035640716553
data/cremad/audio/1063_ITH_FEA_XX.wav,1063_ITH_FEA_XX.wav,1063,train,4,fearful,1,happy,0.18141882121562958
data/cremad/audio/1063_ITH_HAP_XX.wav,1063_ITH_HAP_XX.wav,1063,train,1,happy,1,happy,0.18183167278766632
data/cremad/audio/1063_ITH_NEU_XX.wav,1063_ITH_NEU_XX.wav,1063,train,0,neutral,1,happy,0.18280252814292908
data/cremad/audio/1063_ITH_SAD_XX.wav,1063_ITH_SAD_XX.wav,1063,train,2,sad,1,happy,0.18121206760406494
data/cremad/audio/1063_ITS_ANG_XX.wav,1063_ITS_ANG_XX.wav,1063,train,3,angry,1,happy,0.1846645474433899
data/cremad/audio/1063_ITS_DIS_XX.wav,1063_ITS_DIS_XX.wav,1063,train,5,disgust,1,happy,0.182877317070961
data/cremad/audio/1063_ITS_FEA_XX.wav,1063_ITS_FEA_XX.wav,1063,train,4,fearful,1,happy,0.1841636300086975
data/cremad/audio/1063_ITS_HAP_XX.wav,1063_ITS_HAP_XX.wav,1063,train,1,happy,1,happy,0.18452602624893188
data/cremad/audio/1063_ITS_NEU_XX.wav,1063_ITS_NEU_XX.wav,1063,train,0,neutral,1,happy,0.18467694520950317
data/cremad/audio/1063_ITS_SAD_XX.wav,1063_ITS_SAD_XX.wav,1063,train,2,sad,1,happy,0.1840553730726242
data/cremad/audio/1063_IWL_ANG_XX.wav,1063_IWL_ANG_XX.wav,1063,train,3,angry,3,angry,0.1854247897863388
data/cremad/audio/1063_IWL_DIS_XX.wav,1063_IWL_DIS_XX.wav,1063,train,5,disgust,3,angry,0.18472686409950256
data/cremad/audio/1063_IWL_FEA_XX.wav,1063_IWL_FEA_XX.wav,1063,train,4,fearful,1,happy,0.18471737205982208
data/cremad/audio/1063_IWL_HAP_XX.wav,1063_IWL_HAP_XX.wav,1063,train,1,happy,1,happy,0.1832272857427597
data/cremad/audio/1063_IWL_NEU_XX.wav,1063_IWL_NEU_XX.wav,1063,train,0,neutral,1,happy,0.18357603251934052
data/cremad/audio/1063_IWL_SAD_XX.wav,1063_IWL_SAD_XX.wav,1063,train,2,sad,1,happy,0.18169766664505005
data/cremad/audio/1063_IWW_ANG_XX.wav,1063_IWW_ANG_XX.wav,1063,train,3,angry,1,happy,0.18446584045886993
data/cremad/audio/1063_IWW_DIS_XX.wav,1063_IWW_DIS_XX.wav,1063,train,5,disgust,1,happy,0.18391917645931244
data/cremad/audio/1063_IWW_FEA_XX.wav,1063_IWW_FEA_XX.wav,1063,train,4,fearful,1,happy,0.18173223733901978
data/cremad/audio/1063_IWW_HAP_XX.wav,1063_IWW_HAP_XX.wav,1063,train,1,happy,1,happy,0.1849004477262497
data/cremad/audio/1063_IWW_NEU_XX.wav,1063_IWW_NEU_XX.wav,1063,train,0,neutral,1,happy,0.18299078941345215
data/cremad/audio/1063_IWW_SAD_XX.wav,1063_IWW_SAD_XX.wav,1063,train,2,sad,1,happy,0.18329332768917084
data/cremad/audio/1063_MTI_ANG_XX.wav,1063_MTI_ANG_XX.wav,1063,train,3,angry,3,angry,0.18421688675880432
data/cremad/audio/1063_MTI_DIS_XX.wav,1063_MTI_DIS_XX.wav,1063,train,5,disgust,3,angry,0.18261407315731049
data/cremad/audio/1063_MTI_FEA_XX.wav,1063_MTI_FEA_XX.wav,1063,train,4,fearful,1,happy,0.18266667425632477
data/cremad/audio/1063_MTI_HAP_XX.wav,1063_MTI_HAP_XX.wav,1063,train,1,happy,1,happy,0.18412771821022034
data/cremad/audio/1063_MTI_NEU_XX.wav,1063_MTI_NEU_XX.wav,1063,train,0,neutral,1,happy,0.18257705867290497
data/cremad/audio/1063_MTI_SAD_XX.wav,1063_MTI_SAD_XX.wav,1063,train,2,sad,1,happy,0.1822786182165146
data/cremad/audio/1063_TAI_ANG_XX.wav,1063_TAI_ANG_XX.wav,1063,train,3,angry,1,happy,0.1838218867778778
data/cremad/audio/1063_TAI_DIS_XX.wav,1063_TAI_DIS_XX.wav,1063,train,5,disgust,1,happy,0.18260468542575836
data/cremad/audio/1063_TAI_FEA_XX.wav,1063_TAI_FEA_XX.wav,1063,train,4,fearful,1,happy,0.18365538120269775
data/cremad/audio/1063_TAI_HAP_XX.wav,1063_TAI_HAP_XX.wav,1063,train,1,happy,1,happy,0.18557356297969818
data/cremad/audio/1063_TAI_NEU_XX.wav,1063_TAI_NEU_XX.wav,1063,train,0,neutral,1,happy,0.18308572471141815
data/cremad/audio/1063_TAI_SAD_XX.wav,1063_TAI_SAD_XX.wav,1063,train,2,sad,1,happy,0.18394051492214203
data/cremad/audio/1063_TIE_ANG_XX.wav,1063_TIE_ANG_XX.wav,1063,train,3,angry,3,angry,0.18552075326442719
data/cremad/audio/1063_TIE_DIS_XX.wav,1063_TIE_DIS_XX.wav,1063,train,5,disgust,3,angry,0.18117915093898773
data/cremad/audio/1063_TIE_FEA_XX.wav,1063_TIE_FEA_XX.wav,1063,train,4,fearful,1,happy,0.18078194558620453
data/cremad/audio/1063_TIE_HAP_XX.wav,1063_TIE_HAP_XX.wav,1063,train,1,happy,1,happy,0.1825074404478073
data/cremad/audio/1063_TIE_NEU_XX.wav,1063_TIE_NEU_XX.wav,1063,train,0,neutral,1,happy,0.1837700754404068
data/cremad/audio/1063_TIE_SAD_XX.wav,1063_TIE_SAD_XX.wav,1063,train,2,sad,1,happy,0.17939960956573486
data/cremad/audio/1063_TSI_ANG_XX.wav,1063_TSI_ANG_XX.wav,1063,train,3,angry,3,angry,0.18288874626159668
data/cremad/audio/1063_TSI_DIS_XX.wav,1063_TSI_DIS_XX.wav,1063,train,5,disgust,1,happy,0.1797856092453003
data/cremad/audio/1063_TSI_FEA_XX.wav,1063_TSI_FEA_XX.wav,1063,train,4,fearful,1,happy,0.18418733775615692
data/cremad/audio/1063_TSI_HAP_XX.wav,1063_TSI_HAP_XX.wav,1063,train,1,happy,1,happy,0.1848587840795517
data/cremad/audio/1063_TSI_NEU_XX.wav,1063_TSI_NEU_XX.wav,1063,train,0,neutral,1,happy,0.18359467387199402
data/cremad/audio/1063_TSI_SAD_XX.wav,1063_TSI_SAD_XX.wav,1063,train,2,sad,1,happy,0.18417903780937195
data/cremad/audio/1063_WSI_ANG_XX.wav,1063_WSI_ANG_XX.wav,1063,train,3,angry,1,happy,0.18452419340610504
data/cremad/audio/1063_WSI_DIS_XX.wav,1063_WSI_DIS_XX.wav,1063,train,5,disgust,1,happy,0.1816594898700714
data/cremad/audio/1063_WSI_FEA_XX.wav,1063_WSI_FEA_XX.wav,1063,train,4,fearful,1,happy,0.18580259382724762
data/cremad/audio/1063_WSI_HAP_XX.wav,1063_WSI_HAP_XX.wav,1063,train,1,happy,1,happy,0.18511414527893066
data/cremad/audio/1063_WSI_NEU_XX.wav,1063_WSI_NEU_XX.wav,1063,train,0,neutral,1,happy,0.18263079226016998
data/cremad/audio/1063_WSI_SAD_XX.wav,1063_WSI_SAD_XX.wav,1063,train,2,sad,1,happy,0.1826244294643402
data/cremad/audio/1064_DFA_ANG_XX.wav,1064_DFA_ANG_XX.wav,1064,train,3,angry,3,angry,0.18549378216266632
data/cremad/audio/1064_DFA_DIS_XX.wav,1064_DFA_DIS_XX.wav,1064,train,5,disgust,3,angry,0.18377338349819183
data/cremad/audio/1064_DFA_FEA_XX.wav,1064_DFA_FEA_XX.wav,1064,train,4,fearful,3,angry,0.1868901550769806
data/cremad/audio/1064_DFA_HAP_XX.wav,1064_DFA_HAP_XX.wav,1064,train,1,happy,1,happy,0.18315939605236053
data/cremad/audio/1064_DFA_NEU_XX.wav,1064_DFA_NEU_XX.wav,1064,train,0,neutral,1,happy,0.1824367195367813
data/cremad/audio/1064_DFA_SAD_XX.wav,1064_DFA_SAD_XX.wav,1064,train,2,sad,1,happy,0.1810995191335678
data/cremad/audio/1064_IEO_ANG_HI.wav,1064_IEO_ANG_HI.wav,1064,train,3,angry,3,angry,0.18713127076625824
data/cremad/audio/1064_IEO_ANG_LO.wav,1064_IEO_ANG_LO.wav,1064,train,3,angry,3,angry,0.18322409689426422
data/cremad/audio/1064_IEO_ANG_MD.wav,1064_IEO_ANG_MD.wav,1064,train,3,angry,3,angry,0.18802747130393982
data/cremad/audio/1064_IEO_DIS_HI.wav,1064_IEO_DIS_HI.wav,1064,train,5,disgust,3,angry,0.18887412548065186
data/cremad/audio/1064_IEO_DIS_LO.wav,1064_IEO_DIS_LO.wav,1064,train,5,disgust,1,happy,0.18024276196956635
data/cremad/audio/1064_IEO_DIS_MD.wav,1064_IEO_DIS_MD.wav,1064,train,5,disgust,3,angry,0.18647968769073486
data/cremad/audio/1064_IEO_FEA_HI.wav,1064_IEO_FEA_HI.wav,1064,train,4,fearful,3,angry,0.18799611926078796
data/cremad/audio/1064_IEO_FEA_LO.wav,1064_IEO_FEA_LO.wav,1064,train,4,fearful,1,happy,0.18268288671970367
data/cremad/audio/1064_IEO_FEA_MD.wav,1064_IEO_FEA_MD.wav,1064,train,4,fearful,1,happy,0.1825607419013977
data/cremad/audio/1064_IEO_HAP_HI.wav,1064_IEO_HAP_HI.wav,1064,train,1,happy,3,angry,0.189504936337471
data/cremad/audio/1064_IEO_HAP_LO.wav,1064_IEO_HAP_LO.wav,1064,train,1,happy,1,happy,0.18246807157993317
data/cremad/audio/1064_IEO_HAP_MD.wav,1064_IEO_HAP_MD.wav,1064,train,1,happy,3,angry,0.18430832028388977
data/cremad/audio/1064_IEO_NEU_XX.wav,1064_IEO_NEU_XX.wav,1064,train,0,neutral,1,happy,0.18164367973804474
data/cremad/audio/1064_IEO_SAD_HI.wav,1064_IEO_SAD_HI.wav,1064,train,2,sad,1,happy,0.17923638224601746
data/cremad/audio/1064_IEO_SAD_LO.wav,1064_IEO_SAD_LO.wav,1064,train,2,sad,1,happy,0.18342629075050354
data/cremad/audio/1064_IEO_SAD_MD.wav,1064_IEO_SAD_MD.wav,1064,train,2,sad,1,happy,0.18043090403079987
data/cremad/audio/1064_IOM_ANG_XX.wav,1064_IOM_ANG_XX.wav,1064,train,3,angry,3,angry,0.1883259266614914
data/cremad/audio/1064_IOM_DIS_XX.wav,1064_IOM_DIS_XX.wav,1064,train,5,disgust,3,angry,0.18301600217819214
data/cremad/audio/1064_IOM_FEA_XX.wav,1064_IOM_FEA_XX.wav,1064,train,4,fearful,3,angry,0.18592029809951782
data/cremad/audio/1064_IOM_HAP_XX.wav,1064_IOM_HAP_XX.wav,1064,train,1,happy,1,happy,0.18175143003463745
data/cremad/audio/1064_IOM_NEU_XX.wav,1064_IOM_NEU_XX.wav,1064,train,0,neutral,3,angry,0.18367353081703186
data/cremad/audio/1064_IOM_SAD_XX.wav,1064_IOM_SAD_XX.wav,1064,train,2,sad,1,happy,0.17944885790348053
data/cremad/audio/1064_ITH_ANG_XX.wav,1064_ITH_ANG_XX.wav,1064,train,3,angry,3,angry,0.18766792118549347
data/cremad/audio/1064_ITH_DIS_XX.wav,1064_ITH_DIS_XX.wav,1064,train,5,disgust,1,happy,0.1800345629453659
data/cremad/audio/1064_ITH_FEA_XX.wav,1064_ITH_FEA_XX.wav,1064,train,4,fearful,3,angry,0.18520408868789673
data/cremad/audio/1064_ITH_HAP_XX.wav,1064_ITH_HAP_XX.wav,1064,train,1,happy,3,angry,0.1838332712650299
data/cremad/audio/1064_ITH_NEU_XX.wav,1064_ITH_NEU_XX.wav,1064,train,0,neutral,3,angry,0.18303444981575012
data/cremad/audio/1064_ITH_SAD_XX.wav,1064_ITH_SAD_XX.wav,1064,train,2,sad,1,happy,0.18188337981700897
data/cremad/audio/1064_ITS_ANG_XX.wav,1064_ITS_ANG_XX.wav,1064,train,3,angry,3,angry,0.18720215559005737
data/cremad/audio/1064_ITS_DIS_XX.wav,1064_ITS_DIS_XX.wav,1064,train,5,disgust,3,angry,0.18382079899311066
data/cremad/audio/1064_ITS_FEA_XX.wav,1064_ITS_FEA_XX.wav,1064,train,4,fearful,1,happy,0.18181714415550232
data/cremad/audio/1064_ITS_HAP_XX.wav,1064_ITS_HAP_XX.wav,1064,train,1,happy,3,angry,0.1840144842863083
data/cremad/audio/1064_ITS_NEU_XX.wav,1064_ITS_NEU_XX.wav,1064,train,0,neutral,1,happy,0.1843765676021576
data/cremad/audio/1064_ITS_SAD_XX.wav,1064_ITS_SAD_XX.wav,1064,train,2,sad,1,happy,0.1817549765110016
data/cremad/audio/1064_IWL_ANG_XX.wav,1064_IWL_ANG_XX.wav,1064,train,3,angry,3,angry,0.18468736112117767
data/cremad/audio/1064_IWL_DIS_XX.wav,1064_IWL_DIS_XX.wav,1064,train,5,disgust,3,angry,0.1855267584323883
data/cremad/audio/1064_IWL_FEA_XX.wav,1064_IWL_FEA_XX.wav,1064,train,4,fearful,3,angry,0.18382324278354645
data/cremad/audio/1064_IWL_HAP_XX.wav,1064_IWL_HAP_XX.wav,1064,train,1,happy,1,happy,0.18134021759033203
data/cremad/audio/1064_IWL_NEU_XX.wav,1064_IWL_NEU_XX.wav,1064,train,0,neutral,1,happy,0.1829269677400589
data/cremad/audio/1064_IWL_SAD_XX.wav,1064_IWL_SAD_XX.wav,1064,train,2,sad,1,happy,0.1814672350883484
data/cremad/audio/1064_IWW_ANG_XX.wav,1064_IWW_ANG_XX.wav,1064,train,3,angry,3,angry,0.18720895051956177
data/cremad/audio/1064_IWW_DIS_XX.wav,1064_IWW_DIS_XX.wav,1064,train,5,disgust,3,angry,0.18571114540100098
data/cremad/audio/1064_IWW_FEA_XX.wav,1064_IWW_FEA_XX.wav,1064,train,4,fearful,1,happy,0.18441393971443176
data/cremad/audio/1064_IWW_HAP_XX.wav,1064_IWW_HAP_XX.wav,1064,train,1,happy,1,happy,0.18032515048980713
data/cremad/audio/1064_IWW_NEU_XX.wav,1064_IWW_NEU_XX.wav,1064,train,0,neutral,1,happy,0.18387240171432495
data/cremad/audio/1064_IWW_SAD_XX.wav,1064_IWW_SAD_XX.wav,1064,train,2,sad,3,angry,0.18091526627540588
data/cremad/audio/1064_MTI_ANG_XX.wav,1064_MTI_ANG_XX.wav,1064,train,3,angry,3,angry,0.18460610508918762
data/cremad/audio/1064_MTI_DIS_XX.wav,1064_MTI_DIS_XX.wav,1064,train,5,disgust,3,angry,0.18565356731414795
data/cremad/audio/1064_MTI_FEA_XX.wav,1064_MTI_FEA_XX.wav,1064,train,4,fearful,3,angry,0.18452945351600647
data/cremad/audio/1064_MTI_HAP_XX.wav,1064_MTI_HAP_XX.wav,1064,train,1,happy,3,angry,0.1840628832578659
data/cremad/audio/1064_MTI_NEU_XX.wav,1064_MTI_NEU_XX.wav,1064,train,0,neutral,1,happy,0.18401286005973816
data/cremad/audio/1064_MTI_SAD_XX.wav,1064_MTI_SAD_XX.wav,1064,train,2,sad,1,happy,0.17912009358406067
data/cremad/audio/1064_TAI_ANG_XX.wav,1064_TAI_ANG_XX.wav,1064,train,3,angry,3,angry,0.18755397200584412
data/cremad/audio/1064_TAI_DIS_XX.wav,1064_TAI_DIS_XX.wav,1064,train,5,disgust,3,angry,0.1857132464647293
data/cremad/audio/1064_TAI_FEA_XX.wav,1064_TAI_FEA_XX.wav,1064,train,4,fearful,3,angry,0.18682831525802612
data/cremad/audio/1064_TAI_HAP_XX.wav,1064_TAI_HAP_XX.wav,1064,train,1,happy,1,happy,0.18338006734848022
data/cremad/audio/1064_TAI_NEU_XX.wav,1064_TAI_NEU_XX.wav,1064,train,0,neutral,1,happy,0.1833517849445343
data/cremad/audio/1064_TAI_SAD_XX.wav,1064_TAI_SAD_XX.wav,1064,train,2,sad,3,angry,0.18208838999271393
data/cremad/audio/1064_TIE_ANG_XX.wav,1064_TIE_ANG_XX.wav,1064,train,3,angry,3,angry,0.1882035881280899
data/cremad/audio/1064_TIE_DIS_XX.wav,1064_TIE_DIS_XX.wav,1064,train,5,disgust,3,angry,0.18600994348526
data/cremad/audio/1064_TIE_FEA_XX.wav,1064_TIE_FEA_XX.wav,1064,train,4,fearful,3,angry,0.18737904727458954
data/cremad/audio/1064_TIE_HAP_XX.wav,1064_TIE_HAP_XX.wav,1064,train,1,happy,3,angry,0.18396370112895966
data/cremad/audio/1064_TIE_NEU_XX.wav,1064_TIE_NEU_XX.wav,1064,train,0,neutral,1,happy,0.1824546456336975
data/cremad/audio/1064_TIE_SAD_XX.wav,1064_TIE_SAD_XX.wav,1064,train,2,sad,3,angry,0.18521592020988464
data/cremad/audio/1064_TSI_ANG_XX.wav,1064_TSI_ANG_XX.wav,1064,train,3,angry,3,angry,0.18603689968585968
data/cremad/audio/1064_TSI_DIS_XX.wav,1064_TSI_DIS_XX.wav,1064,train,5,disgust,1,happy,0.1808469146490097
data/cremad/audio/1064_TSI_FEA_XX.wav,1064_TSI_FEA_XX.wav,1064,train,4,fearful,3,angry,0.18551738560199738
data/cremad/audio/1064_TSI_HAP_XX.wav,1064_TSI_HAP_XX.wav,1064,train,1,happy,1,happy,0.1818639636039734
data/cremad/audio/1064_TSI_NEU_XX.wav,1064_TSI_NEU_XX.wav,1064,train,0,neutral,1,happy,0.18265247344970703
data/cremad/audio/1064_TSI_SAD_XX.wav,1064_TSI_SAD_XX.wav,1064,train,2,sad,1,happy,0.1804114431142807
data/cremad/audio/1064_WSI_ANG_XX.wav,1064_WSI_ANG_XX.wav,1064,train,3,angry,3,angry,0.1859288066625595
data/cremad/audio/1064_WSI_DIS_XX.wav,1064_WSI_DIS_XX.wav,1064,train,5,disgust,3,angry,0.18352104723453522
data/cremad/audio/1064_WSI_FEA_XX.wav,1064_WSI_FEA_XX.wav,1064,train,4,fearful,1,happy,0.18403099477291107
data/cremad/audio/1064_WSI_HAP_XX.wav,1064_WSI_HAP_XX.wav,1064,train,1,happy,1,happy,0.18180841207504272
data/cremad/audio/1064_WSI_NEU_XX.wav,1064_WSI_NEU_XX.wav,1064,train,0,neutral,1,happy,0.1845923364162445
data/cremad/audio/1064_WSI_SAD_XX.wav,1064_WSI_SAD_XX.wav,1064,train,2,sad,1,happy,0.1821121871471405
data/cremad/audio/1068_DFA_ANG_XX.wav,1068_DFA_ANG_XX.wav,1068,train,3,angry,1,happy,0.183924600481987
data/cremad/audio/1068_DFA_DIS_XX.wav,1068_DFA_DIS_XX.wav,1068,train,5,disgust,1,happy,0.1838056594133377
data/cremad/audio/1068_DFA_FEA_XX.wav,1068_DFA_FEA_XX.wav,1068,train,4,fearful,1,happy,0.18096677958965302
data/cremad/audio/1068_DFA_HAP_XX.wav,1068_DFA_HAP_XX.wav,1068,train,1,happy,3,angry,0.18579962849617004
data/cremad/audio/1068_DFA_NEU_XX.wav,1068_DFA_NEU_XX.wav,1068,train,0,neutral,1,happy,0.1818554550409317
data/cremad/audio/1068_DFA_SAD_XX.wav,1068_DFA_SAD_XX.wav,1068,train,2,sad,1,happy,0.1785389930009842
data/cremad/audio/1068_IEO_ANG_HI.wav,1068_IEO_ANG_HI.wav,1068,train,3,angry,3,angry,0.18746596574783325
data/cremad/audio/1068_IEO_ANG_LO.wav,1068_IEO_ANG_LO.wav,1068,train,3,angry,3,angry,0.18456850945949554
data/cremad/audio/1068_IEO_ANG_MD.wav,1068_IEO_ANG_MD.wav,1068,train,3,angry,3,angry,0.1878225952386856
data/cremad/audio/1068_IEO_DIS_HI.wav,1068_IEO_DIS_HI.wav,1068,train,5,disgust,3,angry,0.18811753392219543
data/cremad/audio/1068_IEO_DIS_LO.wav,1068_IEO_DIS_LO.wav,1068,train,5,disgust,1,happy,0.17886793613433838
data/cremad/audio/1068_IEO_DIS_MD.wav,1068_IEO_DIS_MD.wav,1068,train,5,disgust,1,happy,0.18237456679344177
data/cremad/audio/1068_IEO_FEA_HI.wav,1068_IEO_FEA_HI.wav,1068,train,4,fearful,1,happy,0.1834557056427002
data/cremad/audio/1068_IEO_FEA_LO.wav,1068_IEO_FEA_LO.wav,1068,train,4,fearful,1,happy,0.17965497076511383
data/cremad/audio/1068_IEO_FEA_MD.wav,1068_IEO_FEA_MD.wav,1068,train,4,fearful,1,happy,0.18161679804325104
data/cremad/audio/1068_IEO_HAP_HI.wav,1068_IEO_HAP_HI.wav,1068,train,1,happy,1,happy,0.18368160724639893
data/cremad/audio/1068_IEO_HAP_LO.wav,1068_IEO_HAP_LO.wav,1068,train,1,happy,1,happy,0.18101342022418976
data/cremad/audio/1068_IEO_HAP_MD.wav,1068_IEO_HAP_MD.wav,1068,train,1,happy,3,angry,0.18284821510314941
data/cremad/audio/1068_IEO_NEU_XX.wav,1068_IEO_NEU_XX.wav,1068,train,0,neutral,1,happy,0.1800096482038498
data/cremad/audio/1068_IEO_SAD_HI.wav,1068_IEO_SAD_HI.wav,1068,train,2,sad,4,fearful,0.17629779875278473
data/cremad/audio/1068_IEO_SAD_LO.wav,1068_IEO_SAD_LO.wav,1068,train,2,sad,1,happy,0.1801043003797531
data/cremad/audio/1068_IEO_SAD_MD.wav,1068_IEO_SAD_MD.wav,1068,train,2,sad,1,happy,0.1811605840921402
data/cremad/audio/1068_IOM_ANG_XX.wav,1068_IOM_ANG_XX.wav,1068,train,3,angry,1,happy,0.1839611679315567
data/cremad/audio/1068_IOM_DIS_XX.wav,1068_IOM_DIS_XX.wav,1068,train,5,disgust,1,happy,0.1834457367658615
data/cremad/audio/1068_IOM_FEA_XX.wav,1068_IOM_FEA_XX.wav,1068,train,4,fearful,1,happy,0.18172261118888855
data/cremad/audio/1068_IOM_HAP_XX.wav,1068_IOM_HAP_XX.wav,1068,train,1,happy,1,happy,0.18344031274318695
data/cremad/audio/1068_IOM_NEU_XX.wav,1068_IOM_NEU_XX.wav,1068,train,0,neutral,1,happy,0.1820318102836609
data/cremad/audio/1068_IOM_SAD_XX.wav,1068_IOM_SAD_XX.wav,1068,train,2,sad,1,happy,0.18163910508155823
data/cremad/audio/1068_ITH_ANG_XX.wav,1068_ITH_ANG_XX.wav,1068,train,3,angry,1,happy,0.1838250607252121
data/cremad/audio/1068_ITH_DIS_XX.wav,1068_ITH_DIS_XX.wav,1068,train,5,disgust,1,happy,0.1827126294374466
data/cremad/audio/1068_ITH_FEA_XX.wav,1068_ITH_FEA_XX.wav,1068,train,4,fearful,1,happy,0.1807021200656891
data/cremad/audio/1068_ITH_HAP_XX.wav,1068_ITH_HAP_XX.wav,1068,train,1,happy,1,happy,0.1823454052209854
data/cremad/audio/1068_ITH_NEU_XX.wav,1068_ITH_NEU_XX.wav,1068,train,0,neutral,1,happy,0.18171997368335724
data/cremad/audio/1068_ITH_SAD_XX.wav,1068_ITH_SAD_XX.wav,1068,train,2,sad,1,happy,0.1795845776796341
data/cremad/audio/1068_ITS_ANG_XX.wav,1068_ITS_ANG_XX.wav,1068,train,3,angry,1,happy,0.1840410679578781
data/cremad/audio/1068_ITS_DIS_XX.wav,1068_ITS_DIS_XX.wav,1068,train,5,disgust,3,angry,0.18398839235305786
data/cremad/audio/1068_ITS_FEA_XX.wav,1068_ITS_FEA_XX.wav,1068,train,4,fearful,1,happy,0.18260036408901215
data/cremad/audio/1068_ITS_HAP_XX.wav,1068_ITS_HAP_XX.wav,1068,train,1,happy,3,angry,0.184665709733963
data/cremad/audio/1068_ITS_NEU_XX.wav,1068_ITS_NEU_XX.wav,1068,train,0,neutral,1,happy,0.18334831297397614
data/cremad/audio/1068_ITS_SAD_XX.wav,1068_ITS_SAD_XX.wav,1068,train,2,sad,1,happy,0.18080797791481018
data/cremad/audio/1068_IWL_ANG_XX.wav,1068_IWL_ANG_XX.wav,1068,train,3,angry,3,angry,0.18969546258449554
data/cremad/audio/1068_IWL_DIS_XX.wav,1068_IWL_DIS_XX.wav,1068,train,5,disgust,1,happy,0.18336044251918793
data/cremad/audio/1068_IWL_FEA_XX.wav,1068_IWL_FEA_XX.wav,1068,train,4,fearful,1,happy,0.1823662668466568
data/cremad/audio/1068_IWL_HAP_XX.wav,1068_IWL_HAP_XX.wav,1068,train,1,happy,1,happy,0.18304942548274994
data/cremad/audio/1068_IWL_NEU_XX.wav,1068_IWL_NEU_XX.wav,1068,train,0,neutral,1,happy,0.182430237531662
data/cremad/audio/1068_IWL_SAD_XX.wav,1068_IWL_SAD_XX.wav,1068,train,2,sad,1,happy,0.18149589002132416
data/cremad/audio/1068_IWW_ANG_XX.wav,1068_IWW_ANG_XX.wav,1068,train,3,angry,3,angry,0.18519173562526703
data/cremad/audio/1068_IWW_DIS_XX.wav,1068_IWW_DIS_XX.wav,1068,train,5,disgust,1,happy,0.18410229682922363
data/cremad/audio/1068_IWW_FEA_XX.wav,1068_IWW_FEA_XX.wav,1068,train,4,fearful,1,happy,0.1844293475151062
data/cremad/audio/1068_IWW_HAP_XX.wav,1068_IWW_HAP_XX.wav,1068,train,1,happy,1,happy,0.18585166335105896
data/cremad/audio/1068_IWW_NEU_XX.wav,1068_IWW_NEU_XX.wav,1068,train,0,neutral,1,happy,0.1819976568222046
data/cremad/audio/1068_IWW_SAD_XX.wav,1068_IWW_SAD_XX.wav,1068,train,2,sad,1,happy,0.1806599348783493
data/cremad/audio/1068_MTI_ANG_XX.wav,1068_MTI_ANG_XX.wav,1068,train,3,angry,3,angry,0.183277428150177
data/cremad/audio/1068_MTI_DIS_XX.wav,1068_MTI_DIS_XX.wav,1068,train,5,disgust,3,angry,0.1835571676492691
data/cremad/audio/1068_MTI_FEA_XX.wav,1068_MTI_FEA_XX.wav,1068,train,4,fearful,3,angry,0.1832699030637741
data/cremad/audio/1068_MTI_HAP_XX.wav,1068_MTI_HAP_XX.wav,1068,train,1,happy,3,angry,0.18237657845020294
data/cremad/audio/1068_MTI_NEU_XX.wav,1068_MTI_NEU_XX.wav,1068,train,0,neutral,3,angry,0.1825874149799347
data/cremad/audio/1068_MTI_SAD_XX.wav,1068_MTI_SAD_XX.wav,1068,train,2,sad,1,happy,0.1817966103553772
data/cremad/audio/1068_TAI_ANG_XX.wav,1068_TAI_ANG_XX.wav,1068,train,3,angry,3,angry,0.18189062178134918
data/cremad/audio/1068_TAI_DIS_XX.wav,1068_TAI_DIS_XX.wav,1068,train,5,disgust,1,happy,0.18080921471118927
data/cremad/audio/1068_TAI_FEA_XX.wav,1068_TAI_FEA_XX.wav,1068,train,4,fearful,1,happy,0.18071013689041138
data/cremad/audio/1068_TAI_HAP_XX.wav,1068_TAI_HAP_XX.wav,1068,train,1,happy,1,happy,0.1833800971508026
data/cremad/audio/1068_TAI_NEU_XX.wav,1068_TAI_NEU_XX.wav,1068,train,0,neutral,1,happy,0.18196837604045868
data/cremad/audio/1068_TAI_SAD_XX.wav,1068_TAI_SAD_XX.wav,1068,train,2,sad,1,happy,0.1798534244298935
data/cremad/audio/1068_TIE_ANG_XX.wav,1068_TIE_ANG_XX.wav,1068,train,3,angry,3,angry,0.1867360919713974
data/cremad/audio/1068_TIE_DIS_XX.wav,1068_TIE_DIS_XX.wav,1068,train,5,disgust,1,happy,0.1828119158744812
data/cremad/audio/1068_TIE_FEA_XX.wav,1068_TIE_FEA_XX.wav,1068,train,4,fearful,3,angry,0.18529227375984192
data/cremad/audio/1068_TIE_HAP_XX.wav,1068_TIE_HAP_XX.wav,1068,train,1,happy,3,angry,0.18445976078510284
data/cremad/audio/1068_TIE_NEU_XX.wav,1068_TIE_NEU_XX.wav,1068,train,0,neutral,1,happy,0.18165817856788635
data/cremad/audio/1068_TIE_SAD_XX.wav,1068_TIE_SAD_XX.wav,1068,train,2,sad,1,happy,0.17894704639911652
data/cremad/audio/1068_TSI_ANG_XX.wav,1068_TSI_ANG_XX.wav,1068,train,3,angry,3,angry,0.18966259062290192
data/cremad/audio/1068_TSI_DIS_XX.wav,1068_TSI_DIS_XX.wav,1068,train,5,disgust,3,angry,0.18328723311424255
data/cremad/audio/1068_TSI_FEA_XX.wav,1068_TSI_FEA_XX.wav,1068,train,4,fearful,1,happy,0.1811182200908661
data/cremad/audio/1068_TSI_HAP_XX.wav,1068_TSI_HAP_XX.wav,1068,train,1,happy,3,angry,0.18343883752822876
data/cremad/audio/1068_TSI_NEU_XX.wav,1068_TSI_NEU_XX.wav,1068,train,0,neutral,1,happy,0.18141281604766846
data/cremad/audio/1068_TSI_SAD_XX.wav,1068_TSI_SAD_XX.wav,1068,train,2,sad,1,happy,0.18097847700119019
data/cremad/audio/1068_WSI_ANG_XX.wav,1068_WSI_ANG_XX.wav,1068,train,3,angry,3,angry,0.18721522390842438
data/cremad/audio/1068_WSI_DIS_XX.wav,1068_WSI_DIS_XX.wav,1068,train,5,disgust,1,happy,0.18238615989685059
data/cremad/audio/1068_WSI_FEA_XX.wav,1068_WSI_FEA_XX.wav,1068,train,4,fearful,3,angry,0.1835961788892746
data/cremad/audio/1068_WSI_HAP_XX.wav,1068_WSI_HAP_XX.wav,1068,train,1,happy,1,happy,0.18460682034492493
data/cremad/audio/1068_WSI_NEU_XX.wav,1068_WSI_NEU_XX.wav,1068,train,0,neutral,1,happy,0.18260344862937927
data/cremad/audio/1068_WSI_SAD_XX.wav,1068_WSI_SAD_XX.wav,1068,train,2,sad,1,happy,0.18064208328723907
data/cremad/audio/1069_DFA_ANG_XX.wav,1069_DFA_ANG_XX.wav,1069,train,3,angry,1,happy,0.18331274390220642
data/cremad/audio/1069_DFA_DIS_XX.wav,1069_DFA_DIS_XX.wav,1069,train,5,disgust,1,happy,0.18632295727729797
data/cremad/audio/1069_DFA_FEA_XX.wav,1069_DFA_FEA_XX.wav,1069,train,4,fearful,1,happy,0.18286432325839996
data/cremad/audio/1069_DFA_HAP_XX.wav,1069_DFA_HAP_XX.wav,1069,train,1,happy,3,angry,0.18439051508903503
data/cremad/audio/1069_DFA_NEU_XX.wav,1069_DFA_NEU_XX.wav,1069,train,0,neutral,3,angry,0.1891048550605774
data/cremad/audio/1069_DFA_SAD_XX.wav,1069_DFA_SAD_XX.wav,1069,train,2,sad,1,happy,0.18437735736370087
data/cremad/audio/1069_IEO_ANG_HI.wav,1069_IEO_ANG_HI.wav,1069,train,3,angry,1,happy,0.18479634821414948
data/cremad/audio/1069_IEO_ANG_LO.wav,1069_IEO_ANG_LO.wav,1069,train,3,angry,1,happy,0.18338145315647125
data/cremad/audio/1069_IEO_ANG_MD.wav,1069_IEO_ANG_MD.wav,1069,train,3,angry,3,angry,0.18664923310279846
data/cremad/audio/1069_IEO_DIS_HI.wav,1069_IEO_DIS_HI.wav,1069,train,5,disgust,3,angry,0.18849584460258484
data/cremad/audio/1069_IEO_DIS_LO.wav,1069_IEO_DIS_LO.wav,1069,train,5,disgust,1,happy,0.18340395390987396
data/cremad/audio/1069_IEO_DIS_MD.wav,1069_IEO_DIS_MD.wav,1069,train,5,disgust,1,happy,0.18606996536254883
data/cremad/audio/1069_IEO_FEA_HI.wav,1069_IEO_FEA_HI.wav,1069,train,4,fearful,1,happy,0.18562987446784973
data/cremad/audio/1069_IEO_FEA_LO.wav,1069_IEO_FEA_LO.wav,1069,train,4,fearful,1,happy,0.18310968577861786
data/cremad/audio/1069_IEO_FEA_MD.wav,1069_IEO_FEA_MD.wav,1069,train,4,fearful,1,happy,0.18366561830043793
data/cremad/audio/1069_IEO_HAP_HI.wav,1069_IEO_HAP_HI.wav,1069,train,1,happy,1,happy,0.1840025633573532
data/cremad/audio/1069_IEO_HAP_LO.wav,1069_IEO_HAP_LO.wav,1069,train,1,happy,1,happy,0.18359611928462982
data/cremad/audio/1069_IEO_HAP_MD.wav,1069_IEO_HAP_MD.wav,1069,train,1,happy,3,angry,0.18408407270908356
data/cremad/audio/1069_IEO_NEU_XX.wav,1069_IEO_NEU_XX.wav,1069,train,0,neutral,1,happy,0.1837138682603836
data/cremad/audio/1069_IEO_SAD_HI.wav,1069_IEO_SAD_HI.wav,1069,train,2,sad,1,happy,0.18271446228027344
data/cremad/audio/1069_IEO_SAD_LO.wav,1069_IEO_SAD_LO.wav,1069,train,2,sad,1,happy,0.1820908486843109
data/cremad/audio/1069_IEO_SAD_MD.wav,1069_IEO_SAD_MD.wav,1069,train,2,sad,3,angry,0.18157494068145752
data/cremad/audio/1069_IOM_ANG_XX.wav,1069_IOM_ANG_XX.wav,1069,train,3,angry,3,angry,0.1856348067522049
data/cremad/audio/1069_IOM_DIS_XX.wav,1069_IOM_DIS_XX.wav,1069,train,5,disgust,1,happy,0.18262708187103271
data/cremad/audio/1069_IOM_FEA_XX.wav,1069_IOM_FEA_XX.wav,1069,train,4,fearful,1,happy,0.18341383337974548
data/cremad/audio/1069_IOM_HAP_XX.wav,1069_IOM_HAP_XX.wav,1069,train,1,happy,1,happy,0.18470855057239532
data/cremad/audio/1069_IOM_NEU_XX.wav,1069_IOM_NEU_XX.wav,1069,train,0,neutral,3,angry,0.18421544134616852
data/cremad/audio/1069_IOM_SAD_XX.wav,1069_IOM_SAD_XX.wav,1069,train,2,sad,1,happy,0.18269315361976624
data/cremad/audio/1069_ITH_ANG_XX.wav,1069_ITH_ANG_XX.wav,1069,train,3,angry,3,angry,0.18676316738128662
data/cremad/audio/1069_ITH_DIS_XX.wav,1069_ITH_DIS_XX.wav,1069,train,5,disgust,1,happy,0.183884859085083
data/cremad/audio/1069_ITH_FEA_XX.wav,1069_ITH_FEA_XX.wav,1069,train,4,fearful,1,happy,0.18175575137138367
data/cremad/audio/1069_ITH_HAP_XX.wav,1069_ITH_HAP_XX.wav,1069,train,1,happy,1,happy,0.18508458137512207
data/cremad/audio/1069_ITH_NEU_XX.wav,1069_ITH_NEU_XX.wav,1069,train,0,neutral,3,angry,0.18540070950984955
data/cremad/audio/1069_ITH_SAD_XX.wav,1069_ITH_SAD_XX.wav,1069,train,2,sad,1,happy,0.18303422629833221
data/cremad/audio/1069_ITS_ANG_XX.wav,1069_ITS_ANG_XX.wav,1069,train,3,angry,3,angry,0.18674670159816742
data/cremad/audio/1069_ITS_DIS_XX.wav,1069_ITS_DIS_XX.wav,1069,train,5,disgust,1,happy,0.18257495760917664
data/cremad/audio/1069_ITS_FEA_XX.wav,1069_ITS_FEA_XX.wav,1069,train,4,fearful,1,happy,0.18379269540309906
data/cremad/audio/1069_ITS_HAP_XX.wav,1069_ITS_HAP_XX.wav,1069,train,1,happy,1,happy,0.18458251655101776
data/cremad/audio/1069_ITS_NEU_XX.wav,1069_ITS_NEU_XX.wav,1069,train,0,neutral,1,happy,0.18415088951587677
data/cremad/audio/1069_ITS_SAD_XX.wav,1069_ITS_SAD_XX.wav,1069,train,2,sad,1,happy,0.18142108619213104
data/cremad/audio/1069_IWL_ANG_XX.wav,1069_IWL_ANG_XX.wav,1069,train,3,angry,3,angry,0.18436186015605927
data/cremad/audio/1069_IWL_DIS_XX.wav,1069_IWL_DIS_XX.wav,1069,train,5,disgust,1,happy,0.1836358606815338
data/cremad/audio/1069_IWL_FEA_XX.wav,1069_IWL_FEA_XX.wav,1069,train,4,fearful,1,happy,0.1855124980211258
data/cremad/audio/1069_IWL_HAP_XX.wav,1069_IWL_HAP_XX.wav,1069,train,1,happy,1,happy,0.1853918582201004
data/cremad/audio/1069_IWL_NEU_XX.wav,1069_IWL_NEU_XX.wav,1069,train,0,neutral,3,angry,0.1865844428539276
data/cremad/audio/1069_IWL_SAD_XX.wav,1069_IWL_SAD_XX.wav,1069,train,2,sad,1,happy,0.18566152453422546
data/cremad/audio/1069_IWW_ANG_XX.wav,1069_IWW_ANG_XX.wav,1069,train,3,angry,1,happy,0.18297909200191498
data/cremad/audio/1069_IWW_DIS_XX.wav,1069_IWW_DIS_XX.wav,1069,train,5,disgust,1,happy,0.1858249008655548
data/cremad/audio/1069_IWW_FEA_XX.wav,1069_IWW_FEA_XX.wav,1069,train,4,fearful,1,happy,0.18526409566402435
data/cremad/audio/1069_IWW_HAP_XX.wav,1069_IWW_HAP_XX.wav,1069,train,1,happy,1,happy,0.18442629277706146
data/cremad/audio/1069_IWW_NEU_XX.wav,1069_IWW_NEU_XX.wav,1069,train,0,neutral,1,happy,0.18398071825504303
data/cremad/audio/1069_IWW_SAD_XX.wav,1069_IWW_SAD_XX.wav,1069,train,2,sad,1,happy,0.18529391288757324
data/cremad/audio/1069_MTI_ANG_XX.wav,1069_MTI_ANG_XX.wav,1069,train,3,angry,3,angry,0.1854381561279297
data/cremad/audio/1069_MTI_DIS_XX.wav,1069_MTI_DIS_XX.wav,1069,train,5,disgust,1,happy,0.1829334944486618
data/cremad/audio/1069_MTI_FEA_XX.wav,1069_MTI_FEA_XX.wav,1069,train,4,fearful,1,happy,0.18281973898410797
data/cremad/audio/1069_MTI_HAP_XX.wav,1069_MTI_HAP_XX.wav,1069,train,1,happy,3,angry,0.1866171509027481
data/cremad/audio/1069_MTI_NEU_XX.wav,1069_MTI_NEU_XX.wav,1069,train,0,neutral,3,angry,0.18502290546894073
data/cremad/audio/1069_MTI_SAD_XX.wav,1069_MTI_SAD_XX.wav,1069,train,2,sad,3,angry,0.18309815227985382
data/cremad/audio/1069_TAI_ANG_XX.wav,1069_TAI_ANG_XX.wav,1069,train,3,angry,3,angry,0.1876368522644043
data/cremad/audio/1069_TAI_DIS_XX.wav,1069_TAI_DIS_XX.wav,1069,train,5,disgust,1,happy,0.18256475031375885
data/cremad/audio/1069_TAI_FEA_XX.wav,1069_TAI_FEA_XX.wav,1069,train,4,fearful,3,angry,0.1854826658964157
data/cremad/audio/1069_TAI_HAP_XX.wav,1069_TAI_HAP_XX.wav,1069,train,1,happy,1,happy,0.18503110110759735
data/cremad/audio/1069_TAI_NEU_XX.wav,1069_TAI_NEU_XX.wav,1069,train,0,neutral,3,angry,0.18409883975982666
data/cremad/audio/1069_TAI_SAD_XX.wav,1069_TAI_SAD_XX.wav,1069,train,2,sad,1,happy,0.18031799793243408
data/cremad/audio/1069_TIE_ANG_XX.wav,1069_TIE_ANG_XX.wav,1069,train,3,angry,3,angry,0.18732024729251862
data/cremad/audio/1069_TIE_DIS_XX.wav,1069_TIE_DIS_XX.wav,1069,train,5,disgust,3,angry,0.1837879717350006
data/cremad/audio/1069_TIE_FEA_XX.wav,1069_TIE_FEA_XX.wav,1069,train,4,fearful,1,happy,0.18440522253513336
data/cremad/audio/1069_TIE_HAP_XX.wav,1069_TIE_HAP_XX.wav,1069,train,1,happy,1,happy,0.1856062114238739
data/cremad/audio/1069_TIE_NEU_XX.wav,1069_TIE_NEU_XX.wav,1069,train,0,neutral,3,angry,0.18760094046592712
data/cremad/audio/1069_TIE_SAD_XX.wav,1069_TIE_SAD_XX.wav,1069,train,2,sad,1,happy,0.18164797127246857
data/cremad/audio/1069_TSI_ANG_XX.wav,1069_TSI_ANG_XX.wav,1069,train,3,angry,1,happy,0.18382418155670166
data/cremad/audio/1069_TSI_DIS_XX.wav,1069_TSI_DIS_XX.wav,1069,train,5,disgust,1,happy,0.18316039443016052
data/cremad/audio/1069_TSI_FEA_XX.wav,1069_TSI_FEA_XX.wav,1069,train,4,fearful,3,angry,0.18486152589321136
data/cremad/audio/1069_TSI_HAP_XX.wav,1069_TSI_HAP_XX.wav,1069,train,1,happy,1,happy,0.18407082557678223
data/cremad/audio/1069_TSI_NEU_XX.wav,1069_TSI_NEU_XX.wav,1069,train,0,neutral,3,angry,0.18298763036727905
data/cremad/audio/1069_TSI_SAD_XX.wav,1069_TSI_SAD_XX.wav,1069,train,2,sad,3,angry,0.18352340161800385
data/cremad/audio/1069_WSI_ANG_XX.wav,1069_WSI_ANG_XX.wav,1069,train,3,angry,1,happy,0.18432223796844482
data/cremad/audio/1069_WSI_DIS_XX.wav,1069_WSI_DIS_XX.wav,1069,train,5,disgust,1,happy,0.18349356949329376
data/cremad/audio/1069_WSI_FEA_XX.wav,1069_WSI_FEA_XX.wav,1069,train,4,fearful,1,happy,0.1844939887523651
data/cremad/audio/1069_WSI_HAP_XX.wav,1069_WSI_HAP_XX.wav,1069,train,1,happy,3,angry,0.18572387099266052
data/cremad/audio/1069_WSI_NEU_XX.wav,1069_WSI_NEU_XX.wav,1069,train,0,neutral,3,angry,0.18381066620349884
data/cremad/audio/1069_WSI_SAD_XX.wav,1069_WSI_SAD_XX.wav,1069,train,2,sad,1,happy,0.1825343370437622
data/cremad/audio/1070_DFA_ANG_XX.wav,1070_DFA_ANG_XX.wav,1070,train,3,angry,3,angry,0.18786829710006714
data/cremad/audio/1070_DFA_DIS_XX.wav,1070_DFA_DIS_XX.wav,1070,train,5,disgust,1,happy,0.18244265019893646
data/cremad/audio/1070_DFA_FEA_XX.wav,1070_DFA_FEA_XX.wav,1070,train,4,fearful,1,happy,0.18184079229831696
data/cremad/audio/1070_DFA_HAP_XX.wav,1070_DFA_HAP_XX.wav,1070,train,1,happy,3,angry,0.18433715403079987
data/cremad/audio/1070_DFA_NEU_XX.wav,1070_DFA_NEU_XX.wav,1070,train,0,neutral,1,happy,0.18325085937976837
data/cremad/audio/1070_DFA_SAD_XX.wav,1070_DFA_SAD_XX.wav,1070,train,2,sad,1,happy,0.18217989802360535
data/cremad/audio/1070_IEO_ANG_HI.wav,1070_IEO_ANG_HI.wav,1070,train,3,angry,3,angry,0.18674543499946594
data/cremad/audio/1070_IEO_ANG_LO.wav,1070_IEO_ANG_LO.wav,1070,train,3,angry,3,angry,0.18341775238513947
data/cremad/audio/1070_IEO_ANG_MD.wav,1070_IEO_ANG_MD.wav,1070,train,3,angry,3,angry,0.18917550146579742
data/cremad/audio/1070_IEO_DIS_HI.wav,1070_IEO_DIS_HI.wav,1070,train,5,disgust,1,happy,0.18133772909641266
data/cremad/audio/1070_IEO_DIS_LO.wav,1070_IEO_DIS_LO.wav,1070,train,5,disgust,1,happy,0.18331611156463623
data/cremad/audio/1070_IEO_DIS_MD.wav,1070_IEO_DIS_MD.wav,1070,train,5,disgust,1,happy,0.1819983422756195
data/cremad/audio/1070_IEO_FEA_HI.wav,1070_IEO_FEA_HI.wav,1070,train,4,fearful,3,angry,0.18402312695980072
data/cremad/audio/1070_IEO_FEA_LO.wav,1070_IEO_FEA_LO.wav,1070,train,4,fearful,3,angry,0.18212606012821198
data/cremad/audio/1070_IEO_FEA_MD.wav,1070_IEO_FEA_MD.wav,1070,train,4,fearful,1,happy,0.18258731067180634
data/cremad/audio/1070_IEO_HAP_HI.wav,1070_IEO_HAP_HI.wav,1070,train,1,happy,1,happy,0.18264037370681763
data/cremad/audio/1070_IEO_HAP_LO.wav,1070_IEO_HAP_LO.wav,1070,train,1,happy,1,happy,0.18161603808403015
data/cremad/audio/1070_IEO_HAP_MD.wav,1070_IEO_HAP_MD.wav,1070,train,1,happy,1,happy,0.18405592441558838
data/cremad/audio/1070_IEO_NEU_XX.wav,1070_IEO_NEU_XX.wav,1070,train,0,neutral,1,happy,0.17943590879440308
data/cremad/audio/1070_IEO_SAD_HI.wav,1070_IEO_SAD_HI.wav,1070,train,2,sad,1,happy,0.18198774755001068
data/cremad/audio/1070_IEO_SAD_LO.wav,1070_IEO_SAD_LO.wav,1070,train,2,sad,1,happy,0.1808444857597351
data/cremad/audio/1070_IEO_SAD_MD.wav,1070_IEO_SAD_MD.wav,1070,train,2,sad,1,happy,0.17914500832557678
data/cremad/audio/1070_IOM_ANG_XX.wav,1070_IOM_ANG_XX.wav,1070,train,3,angry,3,angry,0.18690034747123718
data/cremad/audio/1070_IOM_DIS_XX.wav,1070_IOM_DIS_XX.wav,1070,train,5,disgust,3,angry,0.18442869186401367
data/cremad/audio/1070_IOM_FEA_XX.wav,1070_IOM_FEA_XX.wav,1070,train,4,fearful,1,happy,0.18349166214466095
data/cremad/audio/1070_IOM_HAP_XX.wav,1070_IOM_HAP_XX.wav,1070,train,1,happy,3,angry,0.1847367137670517
data/cremad/audio/1070_IOM_NEU_XX.wav,1070_IOM_NEU_XX.wav,1070,train,0,neutral,1,happy,0.18192240595817566
data/cremad/audio/1070_IOM_SAD_XX.wav,1070_IOM_SAD_XX.wav,1070,train,2,sad,3,angry,0.18180564045906067
data/cremad/audio/1070_ITH_ANG_XX.wav,1070_ITH_ANG_XX.wav,1070,train,3,angry,1,happy,0.18376776576042175
data/cremad/audio/1070_ITH_DIS_XX.wav,1070_ITH_DIS_XX.wav,1070,train,5,disgust,3,angry,0.18350908160209656
data/cremad/audio/1070_ITH_FEA_XX.wav,1070_ITH_FEA_XX.wav,1070,train,4,fearful,1,happy,0.1815612018108368
data/cremad/audio/1070_ITH_HAP_XX.wav,1070_ITH_HAP_XX.wav,1070,train,1,happy,3,angry,0.18475887179374695
data/cremad/audio/1070_ITH_NEU_XX.wav,1070_ITH_NEU_XX.wav,1070,train,0,neutral,1,happy,0.18284206092357635
data/cremad/audio/1070_ITH_SAD_XX.wav,1070_ITH_SAD_XX.wav,1070,train,2,sad,3,angry,0.18394935131072998
data/cremad/audio/1070_ITS_ANG_XX.wav,1070_ITS_ANG_XX.wav,1070,train,3,angry,1,happy,0.1831575334072113
data/cremad/audio/1070_ITS_DIS_XX.wav,1070_ITS_DIS_XX.wav,1070,train,5,disgust,1,happy,0.18241742253303528
data/cremad/audio/1070_ITS_FEA_XX.wav,1070_ITS_FEA_XX.wav,1070,train,4,fearful,1,happy,0.18428416550159454
data/cremad/audio/1070_ITS_HAP_XX.wav,1070_ITS_HAP_XX.wav,1070,train,1,happy,3,angry,0.18529275059700012
data/cremad/audio/1070_ITS_NEU_XX.wav,1070_ITS_NEU_XX.wav,1070,train,0,neutral,1,happy,0.18301266431808472
data/cremad/audio/1070_ITS_SAD_XX.wav,1070_ITS_SAD_XX.wav,1070,train,2,sad,1,happy,0.1831032633781433
data/cremad/audio/1070_IWL_ANG_XX.wav,1070_IWL_ANG_XX.wav,1070,train,3,angry,3,angry,0.18757326900959015
data/cremad/audio/1070_IWL_DIS_XX.wav,1070_IWL_DIS_XX.wav,1070,train,5,disgust,3,angry,0.18551725149154663
data/cremad/audio/1070_IWL_FEA_XX.wav,1070_IWL_FEA_XX.wav,1070,train,4,fearful,1,happy,0.1824750006198883
data/cremad/audio/1070_IWL_HAP_XX.wav,1070_IWL_HAP_XX.wav,1070,train,1,happy,1,happy,0.18336832523345947
data/cremad/audio/1070_IWL_NEU_XX.wav,1070_IWL_NEU_XX.wav,1070,train,0,neutral,1,happy,0.18312522768974304
data/cremad/audio/1070_IWL_SAD_XX.wav,1070_IWL_SAD_XX.wav,1070,train,2,sad,3,angry,0.18277540802955627
data/cremad/audio/1070_IWW_ANG_XX.wav,1070_IWW_ANG_XX.wav,1070,train,3,angry,1,happy,0.18323585391044617
data/cremad/audio/1070_IWW_DIS_XX.wav,1070_IWW_DIS_XX.wav,1070,train,5,disgust,3,angry,0.1851608008146286
data/cremad/audio/1070_IWW_FEA_XX.wav,1070_IWW_FEA_XX.wav,1070,train,4,fearful,3,angry,0.184104785323143
data/cremad/audio/1070_IWW_HAP_XX.wav,1070_IWW_HAP_XX.wav,1070,train,1,happy,1,happy,0.1835058331489563
data/cremad/audio/1070_IWW_NEU_XX.wav,1070_IWW_NEU_XX.wav,1070,train,0,neutral,1,happy,0.18164382874965668
data/cremad/audio/1070_IWW_SAD_XX.wav,1070_IWW_SAD_XX.wav,1070,train,2,sad,1,happy,0.1813271939754486
data/cremad/audio/1070_MTI_ANG_XX.wav,1070_MTI_ANG_XX.wav,1070,train,3,angry,3,angry,0.18708832561969757
data/cremad/audio/1070_MTI_DIS_XX.wav,1070_MTI_DIS_XX.wav,1070,train,5,disgust,3,angry,0.1836715042591095
data/cremad/audio/1070_MTI_FEA_XX.wav,1070_MTI_FEA_XX.wav,1070,train,4,fearful,3,angry,0.1846552938222885
data/cremad/audio/1070_MTI_HAP_XX.wav,1070_MTI_HAP_XX.wav,1070,train,1,happy,3,angry,0.18530414998531342
data/cremad/audio/1070_MTI_NEU_XX.wav,1070_MTI_NEU_XX.wav,1070,train,0,neutral,3,angry,0.18552063405513763
data/cremad/audio/1070_MTI_SAD_XX.wav,1070_MTI_SAD_XX.wav,1070,train,2,sad,3,angry,0.18445701897144318
data/cremad/audio/1070_TAI_ANG_XX.wav,1070_TAI_ANG_XX.wav,1070,train,3,angry,3,angry,0.1839134395122528
data/cremad/audio/1070_TAI_DIS_XX.wav,1070_TAI_DIS_XX.wav,1070,train,5,disgust,3,angry,0.18416251242160797
data/cremad/audio/1070_TAI_FEA_XX.wav,1070_TAI_FEA_XX.wav,1070,train,4,fearful,3,angry,0.18926531076431274
data/cremad/audio/1070_TAI_HAP_XX.wav,1070_TAI_HAP_XX.wav,1070,train,1,happy,3,angry,0.18336640298366547
data/cremad/audio/1070_TAI_NEU_XX.wav,1070_TAI_NEU_XX.wav,1070,train,0,neutral,3,angry,0.18683457374572754
data/cremad/audio/1070_TAI_SAD_XX.wav,1070_TAI_SAD_XX.wav,1070,train,2,sad,3,angry,0.18307578563690186
data/cremad/audio/1070_TIE_ANG_XX.wav,1070_TIE_ANG_XX.wav,1070,train,3,angry,1,happy,0.1832229197025299
data/cremad/audio/1070_TIE_DIS_XX.wav,1070_TIE_DIS_XX.wav,1070,train,5,disgust,3,angry,0.18713787198066711
data/cremad/audio/1070_TIE_FEA_XX.wav,1070_TIE_FEA_XX.wav,1070,train,4,fearful,3,angry,0.18776878714561462
data/cremad/audio/1070_TIE_HAP_XX.wav,1070_TIE_HAP_XX.wav,1070,train,1,happy,1,happy,0.18475593626499176
data/cremad/audio/1070_TIE_NEU_XX.wav,1070_TIE_NEU_XX.wav,1070,train,0,neutral,1,happy,0.1825953722000122
data/cremad/audio/1070_TIE_SAD_XX.wav,1070_TIE_SAD_XX.wav,1070,train,2,sad,1,happy,0.1804681122303009
data/cremad/audio/1070_TSI_ANG_XX.wav,1070_TSI_ANG_XX.wav,1070,train,3,angry,1,happy,0.18356220424175262
data/cremad/audio/1070_TSI_DIS_XX.wav,1070_TSI_DIS_XX.wav,1070,train,5,disgust,3,angry,0.18412911891937256
data/cremad/audio/1070_TSI_FEA_XX.wav,1070_TSI_FEA_XX.wav,1070,train,4,fearful,1,happy,0.1830146461725235
data/cremad/audio/1070_TSI_HAP_XX.wav,1070_TSI_HAP_XX.wav,1070,train,1,happy,3,angry,0.18383263051509857
data/cremad/audio/1070_TSI_NEU_XX.wav,1070_TSI_NEU_XX.wav,1070,train,0,neutral,1,happy,0.18379348516464233
data/cremad/audio/1070_TSI_SAD_XX.wav,1070_TSI_SAD_XX.wav,1070,train,2,sad,3,angry,0.18182061612606049
data/cremad/audio/1070_WSI_ANG_XX.wav,1070_WSI_ANG_XX.wav,1070,train,3,angry,3,angry,0.18934956192970276
data/cremad/audio/1070_WSI_DIS_XX.wav,1070_WSI_DIS_XX.wav,1070,train,5,disgust,3,angry,0.1832829862833023
data/cremad/audio/1070_WSI_FEA_XX.wav,1070_WSI_FEA_XX.wav,1070,train,4,fearful,1,happy,0.18326984345912933
data/cremad/audio/1070_WSI_HAP_XX.wav,1070_WSI_HAP_XX.wav,1070,train,1,happy,3,angry,0.18666169047355652
data/cremad/audio/1070_WSI_NEU_XX.wav,1070_WSI_NEU_XX.wav,1070,train,0,neutral,3,angry,0.18505573272705078
data/cremad/audio/1070_WSI_SAD_XX.wav,1070_WSI_SAD_XX.wav,1070,train,2,sad,1,happy,0.18404901027679443
data/cremad/audio/1071_DFA_ANG_XX.wav,1071_DFA_ANG_XX.wav,1071,train,3,angry,1,happy,0.18215793371200562
data/cremad/audio/1071_DFA_DIS_XX.wav,1071_DFA_DIS_XX.wav,1071,train,5,disgust,1,happy,0.1832306981086731
data/cremad/audio/1071_DFA_FEA_XX.wav,1071_DFA_FEA_XX.wav,1071,train,4,fearful,1,happy,0.18237915635108948
data/cremad/audio/1071_DFA_HAP_XX.wav,1071_DFA_HAP_XX.wav,1071,train,1,happy,1,happy,0.18279297649860382
data/cremad/audio/1071_DFA_NEU_XX.wav,1071_DFA_NEU_XX.wav,1071,train,0,neutral,1,happy,0.18303455412387848
data/cremad/audio/1071_DFA_SAD_XX.wav,1071_DFA_SAD_XX.wav,1071,train,2,sad,1,happy,0.1826191246509552
data/cremad/audio/1071_IEO_ANG_HI.wav,1071_IEO_ANG_HI.wav,1071,train,3,angry,3,angry,0.1852971762418747
data/cremad/audio/1071_IEO_ANG_LO.wav,1071_IEO_ANG_LO.wav,1071,train,3,angry,1,happy,0.18249249458312988
data/cremad/audio/1071_IEO_ANG_MD.wav,1071_IEO_ANG_MD.wav,1071,train,3,angry,1,happy,0.18411056697368622
data/cremad/audio/1071_IEO_DIS_HI.wav,1071_IEO_DIS_HI.wav,1071,train,5,disgust,1,happy,0.18396256864070892
data/cremad/audio/1071_IEO_DIS_LO.wav,1071_IEO_DIS_LO.wav,1071,train,5,disgust,1,happy,0.18018387258052826
data/cremad/audio/1071_IEO_DIS_MD.wav,1071_IEO_DIS_MD.wav,1071,train,5,disgust,1,happy,0.18156921863555908
data/cremad/audio/1071_IEO_FEA_HI.wav,1071_IEO_FEA_HI.wav,1071,train,4,fearful,3,angry,0.1819842904806137
data/cremad/audio/1071_IEO_FEA_LO.wav,1071_IEO_FEA_LO.wav,1071,train,4,fearful,1,happy,0.18271441757678986
data/cremad/audio/1071_IEO_FEA_MD.wav,1071_IEO_FEA_MD.wav,1071,train,4,fearful,1,happy,0.1803392618894577
data/cremad/audio/1071_IEO_HAP_HI.wav,1071_IEO_HAP_HI.wav,1071,train,1,happy,1,happy,0.18631485104560852
data/cremad/audio/1071_IEO_HAP_LO.wav,1071_IEO_HAP_LO.wav,1071,train,1,happy,1,happy,0.18273966014385223
data/cremad/audio/1071_IEO_HAP_MD.wav,1071_IEO_HAP_MD.wav,1071,train,1,happy,1,happy,0.18224716186523438
data/cremad/audio/1071_IEO_NEU_XX.wav,1071_IEO_NEU_XX.wav,1071,train,0,neutral,1,happy,0.1834161877632141
data/cremad/audio/1071_IEO_SAD_HI.wav,1071_IEO_SAD_HI.wav,1071,train,2,sad,1,happy,0.18210406601428986
data/cremad/audio/1071_IEO_SAD_LO.wav,1071_IEO_SAD_LO.wav,1071,train,2,sad,1,happy,0.1825777292251587
data/cremad/audio/1071_IEO_SAD_MD.wav,1071_IEO_SAD_MD.wav,1071,train,2,sad,1,happy,0.1813240349292755
data/cremad/audio/1071_IOM_ANG_XX.wav,1071_IOM_ANG_XX.wav,1071,train,3,angry,3,angry,0.18254393339157104
data/cremad/audio/1071_IOM_DIS_XX.wav,1071_IOM_DIS_XX.wav,1071,train,5,disgust,1,happy,0.17945128679275513
data/cremad/audio/1071_IOM_FEA_XX.wav,1071_IOM_FEA_XX.wav,1071,train,4,fearful,1,happy,0.1814720779657364
data/cremad/audio/1071_IOM_HAP_XX.wav,1071_IOM_HAP_XX.wav,1071,train,1,happy,3,angry,0.18199050426483154
data/cremad/audio/1071_IOM_NEU_XX.wav,1071_IOM_NEU_XX.wav,1071,train,0,neutral,1,happy,0.18162959814071655
data/cremad/audio/1071_IOM_SAD_XX.wav,1071_IOM_SAD_XX.wav,1071,train,2,sad,1,happy,0.18134507536888123
data/cremad/audio/1071_ITH_ANG_XX.wav,1071_ITH_ANG_XX.wav,1071,train,3,angry,1,happy,0.1825975477695465
data/cremad/audio/1071_ITH_DIS_XX.wav,1071_ITH_DIS_XX.wav,1071,train,5,disgust,1,happy,0.18021485209465027
data/cremad/audio/1071_ITH_FEA_XX.wav,1071_ITH_FEA_XX.wav,1071,train,4,fearful,1,happy,0.18297503888607025
data/cremad/audio/1071_ITH_HAP_XX.wav,1071_ITH_HAP_XX.wav,1071,train,1,happy,1,happy,0.1842249482870102
data/cremad/audio/1071_ITH_NEU_XX.wav,1071_ITH_NEU_XX.wav,1071,train,0,neutral,1,happy,0.1818012148141861
data/cremad/audio/1071_ITH_SAD_XX.wav,1071_ITH_SAD_XX.wav,1071,train,2,sad,1,happy,0.1818997859954834
data/cremad/audio/1071_ITS_ANG_XX.wav,1071_ITS_ANG_XX.wav,1071,train,3,angry,1,happy,0.1832999289035797
data/cremad/audio/1071_ITS_DIS_XX.wav,1071_ITS_DIS_XX.wav,1071,train,5,disgust,1,happy,0.18165208399295807
data/cremad/audio/1071_ITS_FEA_XX.wav,1071_ITS_FEA_XX.wav,1071,train,4,fearful,1,happy,0.18234889209270477
data/cremad/audio/1071_ITS_HAP_XX.wav,1071_ITS_HAP_XX.wav,1071,train,1,happy,3,angry,0.18698127567768097
data/cremad/audio/1071_ITS_NEU_XX.wav,1071_ITS_NEU_XX.wav,1071,train,0,neutral,1,happy,0.18115532398223877
data/cremad/audio/1071_ITS_SAD_XX.wav,1071_ITS_SAD_XX.wav,1071,train,2,sad,1,happy,0.18300506472587585
data/cremad/audio/1071_IWL_ANG_XX.wav,1071_IWL_ANG_XX.wav,1071,train,3,angry,3,angry,0.1878683865070343
data/cremad/audio/1071_IWL_DIS_XX.wav,1071_IWL_DIS_XX.wav,1071,train,5,disgust,3,angry,0.18492555618286133
data/cremad/audio/1071_IWL_FEA_XX.wav,1071_IWL_FEA_XX.wav,1071,train,4,fearful,1,happy,0.1828322410583496
data/cremad/audio/1071_IWL_HAP_XX.wav,1071_IWL_HAP_XX.wav,1071,train,1,happy,1,happy,0.18278788030147552
data/cremad/audio/1071_IWL_NEU_XX.wav,1071_IWL_NEU_XX.wav,1071,train,0,neutral,3,angry,0.1832866221666336
data/cremad/audio/1071_IWL_SAD_XX.wav,1071_IWL_SAD_XX.wav,1071,train,2,sad,1,happy,0.18256759643554688
data/cremad/audio/1071_IWW_ANG_XX.wav,1071_IWW_ANG_XX.wav,1071,train,3,angry,3,angry,0.18367961049079895
data/cremad/audio/1071_IWW_DIS_XX.wav,1071_IWW_DIS_XX.wav,1071,train,5,disgust,1,happy,0.18013998866081238
data/cremad/audio/1071_IWW_FEA_XX.wav,1071_IWW_FEA_XX.wav,1071,train,4,fearful,1,happy,0.18006478250026703
data/cremad/audio/1071_IWW_HAP_XX.wav,1071_IWW_HAP_XX.wav,1071,train,1,happy,1,happy,0.18442392349243164
data/cremad/audio/1071_IWW_NEU_XX.wav,1071_IWW_NEU_XX.wav,1071,train,0,neutral,1,happy,0.18161143362522125
data/cremad/audio/1071_IWW_SAD_XX.wav,1071_IWW_SAD_XX.wav,1071,train,2,sad,1,happy,0.1810351014137268
data/cremad/audio/1071_MTI_ANG_XX.wav,1071_MTI_ANG_XX.wav,1071,train,3,angry,3,angry,0.18526802957057953
data/cremad/audio/1071_MTI_DIS_XX.wav,1071_MTI_DIS_XX.wav,1071,train,5,disgust,1,happy,0.1823815405368805
data/cremad/audio/1071_MTI_FEA_XX.wav,1071_MTI_FEA_XX.wav,1071,train,4,fearful,1,happy,0.18319731950759888
data/cremad/audio/1071_MTI_HAP_XX.wav,1071_MTI_HAP_XX.wav,1071,train,1,happy,1,happy,0.18322138488292694
data/cremad/audio/1071_MTI_NEU_XX.wav,1071_MTI_NEU_XX.wav,1071,train,0,neutral,3,angry,0.18292741477489471
data/cremad/audio/1071_MTI_SAD_XX.wav,1071_MTI_SAD_XX.wav,1071,train,2,sad,1,happy,0.1831325888633728
data/cremad/audio/1071_TAI_ANG_XX.wav,1071_TAI_ANG_XX.wav,1071,train,3,angry,1,happy,0.18083180487155914
data/cremad/audio/1071_TAI_DIS_XX.wav,1071_TAI_DIS_XX.wav,1071,train,5,disgust,3,angry,0.17992310225963593
data/cremad/audio/1071_TAI_FEA_XX.wav,1071_TAI_FEA_XX.wav,1071,train,4,fearful,1,happy,0.1795395016670227
data/cremad/audio/1071_TAI_HAP_XX.wav,1071_TAI_HAP_XX.wav,1071,train,1,happy,3,angry,0.18417951464653015
data/cremad/audio/1071_TAI_NEU_XX.wav,1071_TAI_NEU_XX.wav,1071,train,0,neutral,1,happy,0.18200112879276276
data/cremad/audio/1071_TAI_SAD_XX.wav,1071_TAI_SAD_XX.wav,1071,train,2,sad,1,happy,0.18146076798439026
data/cremad/audio/1071_TIE_ANG_XX.wav,1071_TIE_ANG_XX.wav,1071,train,3,angry,3,angry,0.1815299242734909
data/cremad/audio/1071_TIE_DIS_XX.wav,1071_TIE_DIS_XX.wav,1071,train,5,disgust,1,happy,0.17897196114063263
data/cremad/audio/1071_TIE_FEA_XX.wav,1071_TIE_FEA_XX.wav,1071,train,4,fearful,3,angry,0.18262915313243866
data/cremad/audio/1071_TIE_HAP_XX.wav,1071_TIE_HAP_XX.wav,1071,train,1,happy,3,angry,0.18287073075771332
data/cremad/audio/1071_TIE_NEU_XX.wav,1071_TIE_NEU_XX.wav,1071,train,0,neutral,1,happy,0.18338584899902344
data/cremad/audio/1071_TIE_SAD_XX.wav,1071_TIE_SAD_XX.wav,1071,train,2,sad,1,happy,0.18048758804798126
data/cremad/audio/1071_TSI_ANG_XX.wav,1071_TSI_ANG_XX.wav,1071,train,3,angry,3,angry,0.1843433529138565
data/cremad/audio/1071_TSI_DIS_XX.wav,1071_TSI_DIS_XX.wav,1071,train,5,disgust,1,happy,0.17953045666217804
data/cremad/audio/1071_TSI_FEA_XX.wav,1071_TSI_FEA_XX.wav,1071,train,4,fearful,1,happy,0.18074922263622284
data/cremad/audio/1071_TSI_HAP_XX.wav,1071_TSI_HAP_XX.wav,1071,train,1,happy,3,angry,0.18604515492916107
data/cremad/audio/1071_TSI_NEU_XX.wav,1071_TSI_NEU_XX.wav,1071,train,0,neutral,1,happy,0.1812339574098587
data/cremad/audio/1071_TSI_SAD_XX.wav,1071_TSI_SAD_XX.wav,1071,train,2,sad,1,happy,0.1790425330400467
data/cremad/audio/1071_WSI_ANG_XX.wav,1071_WSI_ANG_XX.wav,1071,train,3,angry,3,angry,0.18373779952526093
data/cremad/audio/1071_WSI_DIS_XX.wav,1071_WSI_DIS_XX.wav,1071,train,5,disgust,1,happy,0.1816365122795105
data/cremad/audio/1071_WSI_FEA_XX.wav,1071_WSI_FEA_XX.wav,1071,train,4,fearful,3,angry,0.18619540333747864
data/cremad/audio/1071_WSI_HAP_XX.wav,1071_WSI_HAP_XX.wav,1071,train,1,happy,1,happy,0.18409234285354614
data/cremad/audio/1071_WSI_NEU_XX.wav,1071_WSI_NEU_XX.wav,1071,train,0,neutral,1,happy,0.18403902649879456
data/cremad/audio/1071_WSI_SAD_XX.wav,1071_WSI_SAD_XX.wav,1071,train,2,sad,1,happy,0.18206508457660675
data/cremad/audio/1072_DFA_ANG_XX.wav,1072_DFA_ANG_XX.wav,1072,train,3,angry,3,angry,0.18483026325702667
data/cremad/audio/1072_DFA_DIS_XX.wav,1072_DFA_DIS_XX.wav,1072,train,5,disgust,1,happy,0.18067049980163574
data/cremad/audio/1072_DFA_FEA_XX.wav,1072_DFA_FEA_XX.wav,1072,train,4,fearful,3,angry,0.18588107824325562
data/cremad/audio/1072_DFA_HAP_XX.wav,1072_DFA_HAP_XX.wav,1072,train,1,happy,3,angry,0.18433777987957
data/cremad/audio/1072_DFA_NEU_XX.wav,1072_DFA_NEU_XX.wav,1072,train,0,neutral,1,happy,0.18259848654270172
data/cremad/audio/1072_DFA_SAD_XX.wav,1072_DFA_SAD_XX.wav,1072,train,2,sad,1,happy,0.1829555630683899
data/cremad/audio/1072_IEO_ANG_HI.wav,1072_IEO_ANG_HI.wav,1072,train,3,angry,3,angry,0.18569548428058624
data/cremad/audio/1072_IEO_ANG_LO.wav,1072_IEO_ANG_LO.wav,1072,train,3,angry,1,happy,0.18569926917552948
data/cremad/audio/1072_IEO_ANG_MD.wav,1072_IEO_ANG_MD.wav,1072,train,3,angry,3,angry,0.18474145233631134
data/cremad/audio/1072_IEO_DIS_HI.wav,1072_IEO_DIS_HI.wav,1072,train,5,disgust,1,happy,0.1828967183828354
data/cremad/audio/1072_IEO_DIS_LO.wav,1072_IEO_DIS_LO.wav,1072,train,5,disgust,1,happy,0.18082091212272644
data/cremad/audio/1072_IEO_DIS_MD.wav,1072_IEO_DIS_MD.wav,1072,train,5,disgust,3,angry,0.18357625603675842
data/cremad/audio/1072_IEO_FEA_HI.wav,1072_IEO_FEA_HI.wav,1072,train,4,fearful,3,angry,0.18632589280605316
data/cremad/audio/1072_IEO_FEA_LO.wav,1072_IEO_FEA_LO.wav,1072,train,4,fearful,1,happy,0.18358097970485687
data/cremad/audio/1072_IEO_FEA_MD.wav,1072_IEO_FEA_MD.wav,1072,train,4,fearful,1,happy,0.18270017206668854
data/cremad/audio/1072_IEO_HAP_HI.wav,1072_IEO_HAP_HI.wav,1072,train,1,happy,1,happy,0.18497569859027863
data/cremad/audio/1072_IEO_HAP_LO.wav,1072_IEO_HAP_LO.wav,1072,train,1,happy,1,happy,0.18382170796394348
data/cremad/audio/1072_IEO_HAP_MD.wav,1072_IEO_HAP_MD.wav,1072,train,1,happy,1,happy,0.18307968974113464
data/cremad/audio/1072_IEO_NEU_XX.wav,1072_IEO_NEU_XX.wav,1072,train,0,neutral,1,happy,0.18293960392475128
data/cremad/audio/1072_IEO_SAD_HI.wav,1072_IEO_SAD_HI.wav,1072,train,2,sad,1,happy,0.18179349601268768
data/cremad/audio/1072_IEO_SAD_LO.wav,1072_IEO_SAD_LO.wav,1072,train,2,sad,1,happy,0.18184570968151093
data/cremad/audio/1072_IEO_SAD_MD.wav,1072_IEO_SAD_MD.wav,1072,train,2,sad,1,happy,0.18036936223506927
data/cremad/audio/1072_IOM_ANG_XX.wav,1072_IOM_ANG_XX.wav,1072,train,3,angry,3,angry,0.18782895803451538
data/cremad/audio/1072_IOM_DIS_XX.wav,1072_IOM_DIS_XX.wav,1072,train,5,disgust,3,angry,0.1831580549478531
data/cremad/audio/1072_IOM_FEA_XX.wav,1072_IOM_FEA_XX.wav,1072,train,4,fearful,1,happy,0.18276116251945496
data/cremad/audio/1072_IOM_HAP_XX.wav,1072_IOM_HAP_XX.wav,1072,train,1,happy,3,angry,0.18510252237319946
data/cremad/audio/1072_IOM_NEU_XX.wav,1072_IOM_NEU_XX.wav,1072,train,0,neutral,1,happy,0.18136779963970184
data/cremad/audio/1072_IOM_SAD_XX.wav,1072_IOM_SAD_XX.wav,1072,train,2,sad,1,happy,0.18147720396518707
data/cremad/audio/1072_ITH_ANG_XX.wav,1072_ITH_ANG_XX.wav,1072,train,3,angry,3,angry,0.18513599038124084
data/cremad/audio/1072_ITH_DIS_XX.wav,1072_ITH_DIS_XX.wav,1072,train,5,disgust,3,angry,0.18254418671131134
data/cremad/audio/1072_ITH_FEA_XX.wav,1072_ITH_FEA_XX.wav,1072,train,4,fearful,1,happy,0.18285571038722992
data/cremad/audio/1072_ITH_HAP_XX.wav,1072_ITH_HAP_XX.wav,1072,train,1,happy,3,angry,0.18527230620384216
data/cremad/audio/1072_ITH_NEU_XX.wav,1072_ITH_NEU_XX.wav,1072,train,0,neutral,1,happy,0.1818985491991043
data/cremad/audio/1072_ITH_SAD_XX.wav,1072_ITH_SAD_XX.wav,1072,train,2,sad,1,happy,0.18256860971450806
data/cremad/audio/1072_ITS_ANG_XX.wav,1072_ITS_ANG_XX.wav,1072,train,3,angry,3,angry,0.18605202436447144
data/cremad/audio/1072_ITS_DIS_XX.wav,1072_ITS_DIS_XX.wav,1072,train,5,disgust,1,happy,0.18393032252788544
data/cremad/audio/1072_ITS_FEA_XX.wav,1072_ITS_FEA_XX.wav,1072,train,4,fearful,3,angry,0.18663330376148224
data/cremad/audio/1072_ITS_HAP_XX.wav,1072_ITS_HAP_XX.wav,1072,train,1,happy,1,happy,0.1854707896709442
data/cremad/audio/1072_ITS_NEU_XX.wav,1072_ITS_NEU_XX.wav,1072,train,0,neutral,1,happy,0.18405766785144806
data/cremad/audio/1072_ITS_SAD_XX.wav,1072_ITS_SAD_XX.wav,1072,train,2,sad,1,happy,0.18214863538742065
data/cremad/audio/1072_IWL_ANG_XX.wav,1072_IWL_ANG_XX.wav,1072,train,3,angry,3,angry,0.18733754754066467
data/cremad/audio/1072_IWL_DIS_XX.wav,1072_IWL_DIS_XX.wav,1072,train,5,disgust,3,angry,0.18319612741470337
data/cremad/audio/1072_IWL_FEA_XX.wav,1072_IWL_FEA_XX.wav,1072,train,4,fearful,3,angry,0.18616577982902527
data/cremad/audio/1072_IWL_HAP_XX.wav,1072_IWL_HAP_XX.wav,1072,train,1,happy,3,angry,0.18464937806129456
data/cremad/audio/1072_IWL_NEU_XX.wav,1072_IWL_NEU_XX.wav,1072,train,0,neutral,3,angry,0.1829506903886795
data/cremad/audio/1072_IWL_SAD_XX.wav,1072_IWL_SAD_XX.wav,1072,train,2,sad,1,happy,0.1823933720588684
data/cremad/audio/1072_IWW_ANG_XX.wav,1072_IWW_ANG_XX.wav,1072,train,3,angry,1,happy,0.18389320373535156
data/cremad/audio/1072_IWW_DIS_XX.wav,1072_IWW_DIS_XX.wav,1072,train,5,disgust,1,happy,0.1820812225341797
data/cremad/audio/1072_IWW_FEA_XX.wav,1072_IWW_FEA_XX.wav,1072,train,4,fearful,3,angry,0.18505902588367462
data/cremad/audio/1072_IWW_HAP_XX.wav,1072_IWW_HAP_XX.wav,1072,train,1,happy,3,angry,0.18505774438381195
data/cremad/audio/1072_IWW_NEU_XX.wav,1072_IWW_NEU_XX.wav,1072,train,0,neutral,1,happy,0.18224921822547913
data/cremad/audio/1072_IWW_SAD_XX.wav,1072_IWW_SAD_XX.wav,1072,train,2,sad,1,happy,0.1827593594789505
data/cremad/audio/1072_MTI_ANG_XX.wav,1072_MTI_ANG_XX.wav,1072,train,3,angry,3,angry,0.18280193209648132
data/cremad/audio/1072_MTI_DIS_XX.wav,1072_MTI_DIS_XX.wav,1072,train,5,disgust,3,angry,0.18159990012645721
data/cremad/audio/1072_MTI_FEA_XX.wav,1072_MTI_FEA_XX.wav,1072,train,4,fearful,3,angry,0.1842890977859497
data/cremad/audio/1072_MTI_HAP_XX.wav,1072_MTI_HAP_XX.wav,1072,train,1,happy,1,happy,0.1840088665485382
data/cremad/audio/1072_MTI_NEU_XX.wav,1072_MTI_NEU_XX.wav,1072,train,0,neutral,3,angry,0.18215516209602356
data/cremad/audio/1072_MTI_SAD_XX.wav,1072_MTI_SAD_XX.wav,1072,train,2,sad,3,angry,0.18373097479343414
data/cremad/audio/1072_TAI_ANG_XX.wav,1072_TAI_ANG_XX.wav,1072,train,3,angry,3,angry,0.1887025088071823
data/cremad/audio/1072_TAI_DIS_XX.wav,1072_TAI_DIS_XX.wav,1072,train,5,disgust,3,angry,0.17930720746517181
data/cremad/audio/1072_TAI_FEA_XX.wav,1072_TAI_FEA_XX.wav,1072,train,4,fearful,1,happy,0.18132877349853516
data/cremad/audio/1072_TAI_HAP_XX.wav,1072_TAI_HAP_XX.wav,1072,train,1,happy,3,angry,0.18576490879058838
data/cremad/audio/1072_TAI_NEU_XX.wav,1072_TAI_NEU_XX.wav,1072,train,0,neutral,3,angry,0.18189869821071625
data/cremad/audio/1072_TAI_SAD_XX.wav,1072_TAI_SAD_XX.wav,1072,train,2,sad,1,happy,0.18207064270973206
data/cremad/audio/1072_TIE_ANG_XX.wav,1072_TIE_ANG_XX.wav,1072,train,3,angry,3,angry,0.18835566937923431
data/cremad/audio/1072_TIE_DIS_XX.wav,1072_TIE_DIS_XX.wav,1072,train,5,disgust,1,happy,0.18182429671287537
data/cremad/audio/1072_TIE_FEA_XX.wav,1072_TIE_FEA_XX.wav,1072,train,4,fearful,3,angry,0.18454642593860626
data/cremad/audio/1072_TIE_HAP_XX.wav,1072_TIE_HAP_XX.wav,1072,train,1,happy,3,angry,0.18923792243003845
data/cremad/audio/1072_TIE_NEU_XX.wav,1072_TIE_NEU_XX.wav,1072,train,0,neutral,1,happy,0.18072322010993958
data/cremad/audio/1072_TIE_SAD_XX.wav,1072_TIE_SAD_XX.wav,1072,train,2,sad,1,happy,0.18057751655578613
data/cremad/audio/1072_TSI_ANG_XX.wav,1072_TSI_ANG_XX.wav,1072,train,3,angry,3,angry,0.18599265813827515
data/cremad/audio/1072_TSI_DIS_XX.wav,1072_TSI_DIS_XX.wav,1072,train,5,disgust,1,happy,0.18245068192481995
data/cremad/audio/1072_TSI_FEA_XX.wav,1072_TSI_FEA_XX.wav,1072,train,4,fearful,3,angry,0.18497687578201294
data/cremad/audio/1072_TSI_HAP_XX.wav,1072_TSI_HAP_XX.wav,1072,train,1,happy,3,angry,0.18257597088813782
data/cremad/audio/1072_TSI_NEU_XX.wav,1072_TSI_NEU_XX.wav,1072,train,0,neutral,1,happy,0.18276400864124298
data/cremad/audio/1072_TSI_SAD_XX.wav,1072_TSI_SAD_XX.wav,1072,train,2,sad,1,happy,0.1826089471578598
data/cremad/audio/1072_WSI_ANG_XX.wav,1072_WSI_ANG_XX.wav,1072,train,3,angry,3,angry,0.18531768023967743
data/cremad/audio/1072_WSI_DIS_XX.wav,1072_WSI_DIS_XX.wav,1072,train,5,disgust,3,angry,0.18205538392066956
data/cremad/audio/1072_WSI_FEA_XX.wav,1072_WSI_FEA_XX.wav,1072,train,4,fearful,3,angry,0.18577109277248383
data/cremad/audio/1072_WSI_HAP_XX.wav,1072_WSI_HAP_XX.wav,1072,train,1,happy,1,happy,0.1846480667591095
data/cremad/audio/1072_WSI_NEU_XX.wav,1072_WSI_NEU_XX.wav,1072,train,0,neutral,3,angry,0.18324950337409973
data/cremad/audio/1072_WSI_SAD_XX.wav,1072_WSI_SAD_XX.wav,1072,train,2,sad,1,happy,0.1826271414756775
data/cremad/audio/1073_DFA_ANG_XX.wav,1073_DFA_ANG_XX.wav,1073,train,3,angry,1,happy,0.1850118339061737
data/cremad/audio/1073_DFA_DIS_XX.wav,1073_DFA_DIS_XX.wav,1073,train,5,disgust,1,happy,0.1802319586277008
data/cremad/audio/1073_DFA_FEA_XX.wav,1073_DFA_FEA_XX.wav,1073,train,4,fearful,1,happy,0.18213792145252228
data/cremad/audio/1073_DFA_HAP_XX.wav,1073_DFA_HAP_XX.wav,1073,train,1,happy,3,angry,0.18265578150749207
data/cremad/audio/1073_DFA_NEU_XX.wav,1073_DFA_NEU_XX.wav,1073,train,0,neutral,1,happy,0.1832360476255417
data/cremad/audio/1073_DFA_SAD_XX.wav,1073_DFA_SAD_XX.wav,1073,train,2,sad,1,happy,0.1830170750617981
data/cremad/audio/1073_IEO_ANG_HI.wav,1073_IEO_ANG_HI.wav,1073,train,3,angry,1,happy,0.18369756639003754
data/cremad/audio/1073_IEO_ANG_LO.wav,1073_IEO_ANG_LO.wav,1073,train,3,angry,1,happy,0.18572287261486053
data/cremad/audio/1073_IEO_ANG_MD.wav,1073_IEO_ANG_MD.wav,1073,train,3,angry,1,happy,0.18461665511131287
data/cremad/audio/1073_IEO_DIS_HI.wav,1073_IEO_DIS_HI.wav,1073,train,5,disgust,3,angry,0.18834957480430603
data/cremad/audio/1073_IEO_DIS_LO.wav,1073_IEO_DIS_LO.wav,1073,train,5,disgust,1,happy,0.182329460978508
data/cremad/audio/1073_IEO_DIS_MD.wav,1073_IEO_DIS_MD.wav,1073,train,5,disgust,3,angry,0.1818583458662033
data/cremad/audio/1073_IEO_FEA_HI.wav,1073_IEO_FEA_HI.wav,1073,train,4,fearful,3,angry,0.18514201045036316
data/cremad/audio/1073_IEO_FEA_LO.wav,1073_IEO_FEA_LO.wav,1073,train,4,fearful,1,happy,0.18118417263031006
data/cremad/audio/1073_IEO_FEA_MD.wav,1073_IEO_FEA_MD.wav,1073,train,4,fearful,1,happy,0.18108096718788147
data/cremad/audio/1073_IEO_HAP_HI.wav,1073_IEO_HAP_HI.wav,1073,train,1,happy,1,happy,0.1832760125398636
data/cremad/audio/1073_IEO_HAP_LO.wav,1073_IEO_HAP_LO.wav,1073,train,1,happy,1,happy,0.1850290447473526
data/cremad/audio/1073_IEO_HAP_MD.wav,1073_IEO_HAP_MD.wav,1073,train,1,happy,1,happy,0.18330709636211395
data/cremad/audio/1073_IEO_NEU_XX.wav,1073_IEO_NEU_XX.wav,1073,train,0,neutral,1,happy,0.18299075961112976
data/cremad/audio/1073_IEO_SAD_HI.wav,1073_IEO_SAD_HI.wav,1073,train,2,sad,1,happy,0.18249529600143433
data/cremad/audio/1073_IEO_SAD_LO.wav,1073_IEO_SAD_LO.wav,1073,train,2,sad,1,happy,0.1819179207086563
data/cremad/audio/1073_IEO_SAD_MD.wav,1073_IEO_SAD_MD.wav,1073,train,2,sad,1,happy,0.18145495653152466
data/cremad/audio/1073_IOM_ANG_XX.wav,1073_IOM_ANG_XX.wav,1073,train,3,angry,3,angry,0.18978947401046753
data/cremad/audio/1073_IOM_DIS_XX.wav,1073_IOM_DIS_XX.wav,1073,train,5,disgust,1,happy,0.1810029298067093
data/cremad/audio/1073_IOM_FEA_XX.wav,1073_IOM_FEA_XX.wav,1073,train,4,fearful,1,happy,0.18129494786262512
data/cremad/audio/1073_IOM_HAP_XX.wav,1073_IOM_HAP_XX.wav,1073,train,1,happy,1,happy,0.18224796652793884
data/cremad/audio/1073_IOM_NEU_XX.wav,1073_IOM_NEU_XX.wav,1073,train,0,neutral,1,happy,0.18235492706298828
data/cremad/audio/1073_IOM_SAD_XX.wav,1073_IOM_SAD_XX.wav,1073,train,2,sad,1,happy,0.18275997042655945
data/cremad/audio/1073_ITH_ANG_XX.wav,1073_ITH_ANG_XX.wav,1073,train,3,angry,3,angry,0.1854129135608673
data/cremad/audio/1073_ITH_DIS_XX.wav,1073_ITH_DIS_XX.wav,1073,train,5,disgust,3,angry,0.18129552900791168
data/cremad/audio/1073_ITH_FEA_XX.wav,1073_ITH_FEA_XX.wav,1073,train,4,fearful,3,angry,0.1834055334329605
data/cremad/audio/1073_ITH_HAP_XX.wav,1073_ITH_HAP_XX.wav,1073,train,1,happy,3,angry,0.18436019122600555
data/cremad/audio/1073_ITH_NEU_XX.wav,1073_ITH_NEU_XX.wav,1073,train,0,neutral,1,happy,0.18343226611614227
data/cremad/audio/1073_ITH_SAD_XX.wav,1073_ITH_SAD_XX.wav,1073,train,2,sad,1,happy,0.18206274509429932
data/cremad/audio/1073_ITS_ANG_XX.wav,1073_ITS_ANG_XX.wav,1073,train,3,angry,3,angry,0.18316586315631866
data/cremad/audio/1073_ITS_DIS_XX.wav,1073_ITS_DIS_XX.wav,1073,train,5,disgust,1,happy,0.18167202174663544
data/cremad/audio/1073_ITS_FEA_XX.wav,1073_ITS_FEA_XX.wav,1073,train,4,fearful,3,angry,0.1813623160123825
data/cremad/audio/1073_ITS_HAP_XX.wav,1073_ITS_HAP_XX.wav,1073,train,1,happy,1,happy,0.18434925377368927
data/cremad/audio/1073_ITS_NEU_XX.wav,1073_ITS_NEU_XX.wav,1073,train,0,neutral,1,happy,0.1838018149137497
data/cremad/audio/1073_ITS_SAD_XX.wav,1073_ITS_SAD_XX.wav,1073,train,2,sad,1,happy,0.18189987540245056
data/cremad/audio/1073_IWL_ANG_XX.wav,1073_IWL_ANG_XX.wav,1073,train,3,angry,3,angry,0.1878853589296341
data/cremad/audio/1073_IWL_DIS_XX.wav,1073_IWL_DIS_XX.wav,1073,train,5,disgust,3,angry,0.18306557834148407
data/cremad/audio/1073_IWL_FEA_XX.wav,1073_IWL_FEA_XX.wav,1073,train,4,fearful,1,happy,0.1825939118862152
data/cremad/audio/1073_IWL_HAP_XX.wav,1073_IWL_HAP_XX.wav,1073,train,1,happy,3,angry,0.18431368470191956
data/cremad/audio/1073_IWL_NEU_XX.wav,1073_IWL_NEU_XX.wav,1073,train,0,neutral,1,happy,0.18297414481639862
data/cremad/audio/1073_IWL_SAD_XX.wav,1073_IWL_SAD_XX.wav,1073,train,2,sad,1,happy,0.18261535465717316
data/cremad/audio/1073_IWW_ANG_XX.wav,1073_IWW_ANG_XX.wav,1073,train,3,angry,3,angry,0.1852523684501648
data/cremad/audio/1073_IWW_DIS_XX.wav,1073_IWW_DIS_XX.wav,1073,train,5,disgust,1,happy,0.18079273402690887
data/cremad/audio/1073_IWW_FEA_XX.wav,1073_IWW_FEA_XX.wav,1073,train,4,fearful,1,happy,0.18102847039699554
data/cremad/audio/1073_IWW_HAP_XX.wav,1073_IWW_HAP_XX.wav,1073,train,1,happy,1,happy,0.18273866176605225
data/cremad/audio/1073_IWW_NEU_XX.wav,1073_IWW_NEU_XX.wav,1073,train,0,neutral,1,happy,0.18299241364002228
data/cremad/audio/1073_IWW_SAD_XX.wav,1073_IWW_SAD_XX.wav,1073,train,2,sad,1,happy,0.1806650608778
data/cremad/audio/1073_MTI_ANG_XX.wav,1073_MTI_ANG_XX.wav,1073,train,3,angry,3,angry,0.1859075427055359
data/cremad/audio/1073_MTI_DIS_XX.wav,1073_MTI_DIS_XX.wav,1073,train,5,disgust,1,happy,0.18190672993659973
data/cremad/audio/1073_MTI_FEA_XX.wav,1073_MTI_FEA_XX.wav,1073,train,4,fearful,1,happy,0.1833019107580185
data/cremad/audio/1073_MTI_HAP_XX.wav,1073_MTI_HAP_XX.wav,1073,train,1,happy,3,angry,0.18355083465576172
data/cremad/audio/1073_MTI_NEU_XX.wav,1073_MTI_NEU_XX.wav,1073,train,0,neutral,1,happy,0.18253421783447266
data/cremad/audio/1073_MTI_SAD_XX.wav,1073_MTI_SAD_XX.wav,1073,train,2,sad,1,happy,0.18241646885871887
data/cremad/audio/1073_TAI_ANG_XX.wav,1073_TAI_ANG_XX.wav,1073,train,3,angry,1,happy,0.1846897006034851
data/cremad/audio/1073_TAI_DIS_XX.wav,1073_TAI_DIS_XX.wav,1073,train,5,disgust,3,angry,0.1822924017906189
data/cremad/audio/1073_TAI_FEA_XX.wav,1073_TAI_FEA_XX.wav,1073,train,4,fearful,1,happy,0.1831483542919159
data/cremad/audio/1073_TAI_HAP_XX.wav,1073_TAI_HAP_XX.wav,1073,train,1,happy,1,happy,0.18314030766487122
data/cremad/audio/1073_TAI_NEU_XX.wav,1073_TAI_NEU_XX.wav,1073,train,0,neutral,1,happy,0.18277014791965485
data/cremad/audio/1073_TAI_SAD_XX.wav,1073_TAI_SAD_XX.wav,1073,train,2,sad,1,happy,0.18168646097183228
data/cremad/audio/1073_TIE_ANG_XX.wav,1073_TIE_ANG_XX.wav,1073,train,3,angry,1,happy,0.18531925976276398
data/cremad/audio/1073_TIE_DIS_XX.wav,1073_TIE_DIS_XX.wav,1073,train,5,disgust,3,angry,0.18237164616584778
data/cremad/audio/1073_TIE_FEA_XX.wav,1073_TIE_FEA_XX.wav,1073,train,4,fearful,1,happy,0.18189790844917297
data/cremad/audio/1073_TIE_HAP_XX.wav,1073_TIE_HAP_XX.wav,1073,train,1,happy,1,happy,0.18218255043029785
data/cremad/audio/1073_TIE_NEU_XX.wav,1073_TIE_NEU_XX.wav,1073,train,0,neutral,1,happy,0.1820615977048874
data/cremad/audio/1073_TIE_SAD_XX.wav,1073_TIE_SAD_XX.wav,1073,train,2,sad,1,happy,0.18444646894931793
data/cremad/audio/1073_TSI_ANG_XX.wav,1073_TSI_ANG_XX.wav,1073,train,3,angry,1,happy,0.18283595144748688
data/cremad/audio/1073_TSI_DIS_XX.wav,1073_TSI_DIS_XX.wav,1073,train,5,disgust,3,angry,0.1805705428123474
data/cremad/audio/1073_TSI_FEA_XX.wav,1073_TSI_FEA_XX.wav,1073,train,4,fearful,1,happy,0.18222641944885254
data/cremad/audio/1073_TSI_HAP_XX.wav,1073_TSI_HAP_XX.wav,1073,train,1,happy,3,angry,0.182651087641716
data/cremad/audio/1073_TSI_NEU_XX.wav,1073_TSI_NEU_XX.wav,1073,train,0,neutral,1,happy,0.18331895768642426
data/cremad/audio/1073_TSI_SAD_XX.wav,1073_TSI_SAD_XX.wav,1073,train,2,sad,1,happy,0.18249188363552094
data/cremad/audio/1073_WSI_ANG_XX.wav,1073_WSI_ANG_XX.wav,1073,train,3,angry,1,happy,0.18329764902591705
data/cremad/audio/1073_WSI_DIS_XX.wav,1073_WSI_DIS_XX.wav,1073,train,5,disgust,3,angry,0.180794820189476
data/cremad/audio/1073_WSI_FEA_XX.wav,1073_WSI_FEA_XX.wav,1073,train,4,fearful,1,happy,0.18186579644680023
data/cremad/audio/1073_WSI_HAP_XX.wav,1073_WSI_HAP_XX.wav,1073,train,1,happy,1,happy,0.18416188657283783
data/cremad/audio/1073_WSI_NEU_XX.wav,1073_WSI_NEU_XX.wav,1073,train,0,neutral,1,happy,0.18429598212242126
data/cremad/audio/1073_WSI_SAD_XX.wav,1073_WSI_SAD_XX.wav,1073,train,2,sad,1,happy,0.18307235836982727
data/cremad/audio/1075_DFA_ANG_XX.wav,1075_DFA_ANG_XX.wav,1075,train,3,angry,3,angry,0.1841845065355301
data/cremad/audio/1075_DFA_DIS_XX.wav,1075_DFA_DIS_XX.wav,1075,train,5,disgust,1,happy,0.17963382601737976
data/cremad/audio/1075_DFA_FEA_XX.wav,1075_DFA_FEA_XX.wav,1075,train,4,fearful,1,happy,0.18005245923995972
data/cremad/audio/1075_DFA_HAP_XX.wav,1075_DFA_HAP_XX.wav,1075,train,1,happy,1,happy,0.18397420644760132
data/cremad/audio/1075_DFA_NEU_XX.wav,1075_DFA_NEU_XX.wav,1075,train,0,neutral,1,happy,0.18136075139045715
data/cremad/audio/1075_DFA_SAD_XX.wav,1075_DFA_SAD_XX.wav,1075,train,2,sad,1,happy,0.18137480318546295
data/cremad/audio/1075_IEO_ANG_HI.wav,1075_IEO_ANG_HI.wav,1075,train,3,angry,3,angry,0.18582743406295776
data/cremad/audio/1075_IEO_ANG_LO.wav,1075_IEO_ANG_LO.wav,1075,train,3,angry,1,happy,0.18256692588329315
data/cremad/audio/1075_IEO_ANG_MD.wav,1075_IEO_ANG_MD.wav,1075,train,3,angry,3,angry,0.1827632188796997
data/cremad/audio/1075_IEO_DIS_HI.wav,1075_IEO_DIS_HI.wav,1075,train,5,disgust,1,happy,0.17967486381530762
data/cremad/audio/1075_IEO_DIS_LO.wav,1075_IEO_DIS_LO.wav,1075,train,5,disgust,1,happy,0.1849999725818634
data/cremad/audio/1075_IEO_DIS_MD.wav,1075_IEO_DIS_MD.wav,1075,train,5,disgust,1,happy,0.18114589154720306
data/cremad/audio/1075_IEO_FEA_HI.wav,1075_IEO_FEA_HI.wav,1075,train,4,fearful,1,happy,0.18421471118927002
data/cremad/audio/1075_IEO_FEA_LO.wav,1075_IEO_FEA_LO.wav,1075,train,4,fearful,1,happy,0.18464283645153046
data/cremad/audio/1075_IEO_FEA_MD.wav,1075_IEO_FEA_MD.wav,1075,train,4,fearful,1,happy,0.180326446890831
data/cremad/audio/1075_IEO_HAP_HI.wav,1075_IEO_HAP_HI.wav,1075,train,1,happy,1,happy,0.1864231824874878
data/cremad/audio/1075_IEO_HAP_LO.wav,1075_IEO_HAP_LO.wav,1075,train,1,happy,1,happy,0.18403257429599762
data/cremad/audio/1075_IEO_HAP_MD.wav,1075_IEO_HAP_MD.wav,1075,train,1,happy,1,happy,0.18263591825962067
data/cremad/audio/1075_IEO_NEU_XX.wav,1075_IEO_NEU_XX.wav,1075,train,0,neutral,1,happy,0.18248553574085236
data/cremad/audio/1075_IEO_SAD_HI.wav,1075_IEO_SAD_HI.wav,1075,train,2,sad,1,happy,0.17984043061733246
data/cremad/audio/1075_IEO_SAD_LO.wav,1075_IEO_SAD_LO.wav,1075,train,2,sad,1,happy,0.18250924348831177
data/cremad/audio/1075_IEO_SAD_MD.wav,1075_IEO_SAD_MD.wav,1075,train,2,sad,1,happy,0.17936325073242188
data/cremad/audio/1075_IOM_ANG_XX.wav,1075_IOM_ANG_XX.wav,1075,train,3,angry,3,angry,0.18308891355991364
data/cremad/audio/1075_IOM_DIS_XX.wav,1075_IOM_DIS_XX.wav,1075,train,5,disgust,1,happy,0.1820509433746338
data/cremad/audio/1075_IOM_FEA_XX.wav,1075_IOM_FEA_XX.wav,1075,train,4,fearful,1,happy,0.18101902306079865
data/cremad/audio/1075_IOM_HAP_XX.wav,1075_IOM_HAP_XX.wav,1075,train,1,happy,1,happy,0.1835557073354721
data/cremad/audio/1075_IOM_NEU_XX.wav,1075_IOM_NEU_XX.wav,1075,train,0,neutral,1,happy,0.18306130170822144
data/cremad/audio/1075_IOM_SAD_XX.wav,1075_IOM_SAD_XX.wav,1075,train,2,sad,1,happy,0.18257689476013184
data/cremad/audio/1075_ITH_ANG_XX.wav,1075_ITH_ANG_XX.wav,1075,train,3,angry,1,happy,0.1820380985736847
data/cremad/audio/1075_ITH_DIS_XX.wav,1075_ITH_DIS_XX.wav,1075,train,5,disgust,1,happy,0.18104323744773865
data/cremad/audio/1075_ITH_FEA_XX.wav,1075_ITH_FEA_XX.wav,1075,train,4,fearful,1,happy,0.1825668215751648
data/cremad/audio/1075_ITH_HAP_XX.wav,1075_ITH_HAP_XX.wav,1075,train,1,happy,1,happy,0.18403363227844238
data/cremad/audio/1075_ITH_NEU_XX.wav,1075_ITH_NEU_XX.wav,1075,train,0,neutral,1,happy,0.18271511793136597
data/cremad/audio/1075_ITH_SAD_XX.wav,1075_ITH_SAD_XX.wav,1075,train,2,sad,1,happy,0.18177373707294464
data/cremad/audio/1075_ITS_ANG_XX.wav,1075_ITS_ANG_XX.wav,1075,train,3,angry,3,angry,0.18555226922035217
data/cremad/audio/1075_ITS_DIS_XX.wav,1075_ITS_DIS_XX.wav,1075,train,5,disgust,1,happy,0.18028715252876282
data/cremad/audio/1075_ITS_FEA_XX.wav,1075_ITS_FEA_XX.wav,1075,train,4,fearful,1,happy,0.18110890686511993
data/cremad/audio/1075_ITS_HAP_XX.wav,1075_ITS_HAP_XX.wav,1075,train,1,happy,1,happy,0.18303713202476501
data/cremad/audio/1075_ITS_NEU_XX.wav,1075_ITS_NEU_XX.wav,1075,train,0,neutral,1,happy,0.18321101367473602
data/cremad/audio/1075_ITS_SAD_XX.wav,1075_ITS_SAD_XX.wav,1075,train,2,sad,1,happy,0.18115048110485077
data/cremad/audio/1075_IWL_ANG_XX.wav,1075_IWL_ANG_XX.wav,1075,train,3,angry,3,angry,0.18229444324970245
data/cremad/audio/1075_IWL_DIS_XX.wav,1075_IWL_DIS_XX.wav,1075,train,5,disgust,1,happy,0.1804404854774475
data/cremad/audio/1075_IWL_FEA_XX.wav,1075_IWL_FEA_XX.wav,1075,train,4,fearful,1,happy,0.18098923563957214
data/cremad/audio/1075_IWL_HAP_XX.wav,1075_IWL_HAP_XX.wav,1075,train,1,happy,1,happy,0.1827622950077057
data/cremad/audio/1075_IWL_NEU_XX.wav,1075_IWL_NEU_XX.wav,1075,train,0,neutral,1,happy,0.18225139379501343
data/cremad/audio/1075_IWL_SAD_XX.wav,1075_IWL_SAD_XX.wav,1075,train,2,sad,1,happy,0.1786879450082779
data/cremad/audio/1075_IWW_ANG_XX.wav,1075_IWW_ANG_XX.wav,1075,train,3,angry,1,happy,0.18344999849796295
data/cremad/audio/1075_IWW_DIS_XX.wav,1075_IWW_DIS_XX.wav,1075,train,5,disgust,1,happy,0.18072114884853363
data/cremad/audio/1075_IWW_FEA_XX.wav,1075_IWW_FEA_XX.wav,1075,train,4,fearful,1,happy,0.1778840869665146
data/cremad/audio/1075_IWW_HAP_XX.wav,1075_IWW_HAP_XX.wav,1075,train,1,happy,1,happy,0.1839955896139145
data/cremad/audio/1075_IWW_NEU_XX.wav,1075_IWW_NEU_XX.wav,1075,train,0,neutral,3,angry,0.18469813466072083
data/cremad/audio/1075_IWW_SAD_XX.wav,1075_IWW_SAD_XX.wav,1075,train,2,sad,1,happy,0.18209777772426605
data/cremad/audio/1075_MTI_ANG_XX.wav,1075_MTI_ANG_XX.wav,1075,train,3,angry,1,happy,0.18243396282196045
data/cremad/audio/1075_MTI_DIS_XX.wav,1075_MTI_DIS_XX.wav,1075,train,5,disgust,1,happy,0.18082061409950256
data/cremad/audio/1075_MTI_FEA_XX.wav,1075_MTI_FEA_XX.wav,1075,train,4,fearful,1,happy,0.18228904902935028
data/cremad/audio/1075_MTI_HAP_XX.wav,1075_MTI_HAP_XX.wav,1075,train,1,happy,1,happy,0.18318097293376923
data/cremad/audio/1075_MTI_NEU_XX.wav,1075_MTI_NEU_XX.wav,1075,train,0,neutral,1,happy,0.18303358554840088
data/cremad/audio/1075_MTI_SAD_XX.wav,1075_MTI_SAD_XX.wav,1075,train,2,sad,1,happy,0.18214617669582367
data/cremad/audio/1075_TAI_ANG_XX.wav,1075_TAI_ANG_XX.wav,1075,train,3,angry,3,angry,0.18438248336315155
data/cremad/audio/1075_TAI_DIS_XX.wav,1075_TAI_DIS_XX.wav,1075,train,5,disgust,1,happy,0.18155765533447266
data/cremad/audio/1075_TAI_FEA_XX.wav,1075_TAI_FEA_XX.wav,1075,train,4,fearful,1,happy,0.1824740320444107
data/cremad/audio/1075_TAI_HAP_XX.wav,1075_TAI_HAP_XX.wav,1075,train,1,happy,1,happy,0.18420030176639557
data/cremad/audio/1075_TAI_NEU_XX.wav,1075_TAI_NEU_XX.wav,1075,train,0,neutral,1,happy,0.18131478130817413
data/cremad/audio/1075_TAI_SAD_XX.wav,1075_TAI_SAD_XX.wav,1075,train,2,sad,1,happy,0.18038755655288696
data/cremad/audio/1075_TIE_ANG_XX.wav,1075_TIE_ANG_XX.wav,1075,train,3,angry,3,angry,0.18366265296936035
data/cremad/audio/1075_TIE_DIS_XX.wav,1075_TIE_DIS_XX.wav,1075,train,5,disgust,1,happy,0.18043901026248932
data/cremad/audio/1075_TIE_FEA_XX.wav,1075_TIE_FEA_XX.wav,1075,train,4,fearful,1,happy,0.18077661097049713
data/cremad/audio/1075_TIE_HAP_XX.wav,1075_TIE_HAP_XX.wav,1075,train,1,happy,1,happy,0.18019172549247742
data/cremad/audio/1075_TIE_NEU_XX.wav,1075_TIE_NEU_XX.wav,1075,train,0,neutral,1,happy,0.18135319650173187
data/cremad/audio/1075_TIE_SAD_XX.wav,1075_TIE_SAD_XX.wav,1075,train,2,sad,1,happy,0.17988203465938568
data/cremad/audio/1075_TSI_ANG_XX.wav,1075_TSI_ANG_XX.wav,1075,train,3,angry,1,happy,0.18216319382190704
data/cremad/audio/1075_TSI_DIS_XX.wav,1075_TSI_DIS_XX.wav,1075,train,5,disgust,1,happy,0.18087457120418549
data/cremad/audio/1075_TSI_FEA_XX.wav,1075_TSI_FEA_XX.wav,1075,train,4,fearful,1,happy,0.18149246275424957
data/cremad/audio/1075_TSI_HAP_XX.wav,1075_TSI_HAP_XX.wav,1075,train,1,happy,3,angry,0.18265865743160248
data/cremad/audio/1075_TSI_NEU_XX.wav,1075_TSI_NEU_XX.wav,1075,train,0,neutral,1,happy,0.1826353520154953
data/cremad/audio/1075_TSI_SAD_XX.wav,1075_TSI_SAD_XX.wav,1075,train,2,sad,1,happy,0.18036167323589325
data/cremad/audio/1075_WSI_ANG_XX.wav,1075_WSI_ANG_XX.wav,1075,train,3,angry,3,angry,0.18393127620220184
data/cremad/audio/1075_WSI_DIS_XX.wav,1075_WSI_DIS_XX.wav,1075,train,5,disgust,1,happy,0.18275108933448792
data/cremad/audio/1075_WSI_FEA_XX.wav,1075_WSI_FEA_XX.wav,1075,train,4,fearful,1,happy,0.180612713098526
data/cremad/audio/1075_WSI_HAP_XX.wav,1075_WSI_HAP_XX.wav,1075,train,1,happy,1,happy,0.1823720932006836
data/cremad/audio/1075_WSI_NEU_XX.wav,1075_WSI_NEU_XX.wav,1075,train,0,neutral,1,happy,0.18221019208431244
data/cremad/audio/1075_WSI_SAD_XX.wav,1075_WSI_SAD_XX.wav,1075,train,2,sad,1,happy,0.18294657766819
data/cremad/audio/1076_DFA_ANG_XX.wav,1076_DFA_ANG_XX.wav,1076,train,3,angry,3,angry,0.18623115122318268
data/cremad/audio/1076_DFA_DIS_XX.wav,1076_DFA_DIS_XX.wav,1076,train,5,disgust,1,happy,0.18178653717041016
data/cremad/audio/1076_DFA_FEA_XX.wav,1076_DFA_FEA_XX.wav,1076,train,4,fearful,1,happy,0.18114487826824188
data/cremad/audio/1076_DFA_HAP_XX.wav,1076_DFA_HAP_XX.wav,1076,train,1,happy,1,happy,0.1834557205438614
data/cremad/audio/1076_DFA_NEU_XX.wav,1076_DFA_NEU_XX.wav,1076,train,0,neutral,1,happy,0.18060415983200073
data/cremad/audio/1076_DFA_SAD_XX.wav,1076_DFA_SAD_XX.wav,1076,train,2,sad,1,happy,0.1813322752714157
data/cremad/audio/1076_IEO_ANG_HI.wav,1076_IEO_ANG_HI.wav,1076,train,3,angry,3,angry,0.18672429025173187
data/cremad/audio/1076_IEO_ANG_LO.wav,1076_IEO_ANG_LO.wav,1076,train,3,angry,3,angry,0.18455490469932556
data/cremad/audio/1076_IEO_ANG_MD.wav,1076_IEO_ANG_MD.wav,1076,train,3,angry,3,angry,0.18537606298923492
data/cremad/audio/1076_IEO_DIS_HI.wav,1076_IEO_DIS_HI.wav,1076,train,5,disgust,1,happy,0.18268857896327972
data/cremad/audio/1076_IEO_DIS_LO.wav,1076_IEO_DIS_LO.wav,1076,train,5,disgust,1,happy,0.18023781478405
data/cremad/audio/1076_IEO_DIS_MD.wav,1076_IEO_DIS_MD.wav,1076,train,5,disgust,1,happy,0.1844673752784729
data/cremad/audio/1076_IEO_FEA_HI.wav,1076_IEO_FEA_HI.wav,1076,train,4,fearful,1,happy,0.1860761046409607
data/cremad/audio/1076_IEO_FEA_LO.wav,1076_IEO_FEA_LO.wav,1076,train,4,fearful,1,happy,0.18217259645462036
data/cremad/audio/1076_IEO_FEA_MD.wav,1076_IEO_FEA_MD.wav,1076,train,4,fearful,1,happy,0.1813163161277771
data/cremad/audio/1076_IEO_HAP_HI.wav,1076_IEO_HAP_HI.wav,1076,train,1,happy,3,angry,0.18541313707828522
data/cremad/audio/1076_IEO_HAP_LO.wav,1076_IEO_HAP_LO.wav,1076,train,1,happy,1,happy,0.18341727554798126
data/cremad/audio/1076_IEO_HAP_MD.wav,1076_IEO_HAP_MD.wav,1076,train,1,happy,1,happy,0.18245486915111542
data/cremad/audio/1076_IEO_NEU_XX.wav,1076_IEO_NEU_XX.wav,1076,train,0,neutral,1,happy,0.18047282099723816
data/cremad/audio/1076_IEO_SAD_HI.wav,1076_IEO_SAD_HI.wav,1076,train,2,sad,1,happy,0.18070001900196075
data/cremad/audio/1076_IEO_SAD_LO.wav,1076_IEO_SAD_LO.wav,1076,train,2,sad,1,happy,0.1830252856016159
data/cremad/audio/1076_IEO_SAD_MD.wav,1076_IEO_SAD_MD.wav,1076,train,2,sad,1,happy,0.18084624409675598
data/cremad/audio/1076_IOM_ANG_XX.wav,1076_IOM_ANG_XX.wav,1076,train,3,angry,3,angry,0.1841123253107071
data/cremad/audio/1076_IOM_DIS_XX.wav,1076_IOM_DIS_XX.wav,1076,train,5,disgust,3,angry,0.1822362095117569
data/cremad/audio/1076_IOM_FEA_XX.wav,1076_IOM_FEA_XX.wav,1076,train,4,fearful,1,happy,0.18165402114391327
data/cremad/audio/1076_IOM_HAP_XX.wav,1076_IOM_HAP_XX.wav,1076,train,1,happy,1,happy,0.18374671041965485
data/cremad/audio/1076_IOM_NEU_XX.wav,1076_IOM_NEU_XX.wav,1076,train,0,neutral,1,happy,0.18163330852985382
data/cremad/audio/1076_IOM_SAD_XX.wav,1076_IOM_SAD_XX.wav,1076,train,2,sad,1,happy,0.1817423701286316
data/cremad/audio/1076_ITH_ANG_XX.wav,1076_ITH_ANG_XX.wav,1076,train,3,angry,1,happy,0.18447360396385193
data/cremad/audio/1076_ITH_DIS_XX.wav,1076_ITH_DIS_XX.wav,1076,train,5,disgust,1,happy,0.18076752126216888
data/cremad/audio/1076_ITH_FEA_XX.wav,1076_ITH_FEA_XX.wav,1076,train,4,fearful,3,angry,0.18392062187194824
data/cremad/audio/1076_ITH_HAP_XX.wav,1076_ITH_HAP_XX.wav,1076,train,1,happy,1,happy,0.18494033813476562
data/cremad/audio/1076_ITH_NEU_XX.wav,1076_ITH_NEU_XX.wav,1076,train,0,neutral,1,happy,0.18255753815174103
data/cremad/audio/1076_ITH_SAD_XX.wav,1076_ITH_SAD_XX.wav,1076,train,2,sad,1,happy,0.18173709511756897
data/cremad/audio/1076_ITS_ANG_XX.wav,1076_ITS_ANG_XX.wav,1076,train,3,angry,1,happy,0.1831602305173874
data/cremad/audio/1076_ITS_DIS_XX.wav,1076_ITS_DIS_XX.wav,1076,train,5,disgust,1,happy,0.17950406670570374
data/cremad/audio/1076_ITS_FEA_XX.wav,1076_ITS_FEA_XX.wav,1076,train,4,fearful,3,angry,0.18355382978916168
data/cremad/audio/1076_ITS_HAP_XX.wav,1076_ITS_HAP_XX.wav,1076,train,1,happy,3,angry,0.1828707456588745
data/cremad/audio/1076_ITS_SAD_XX.wav,1076_ITS_SAD_XX.wav,1076,train,2,sad,1,happy,0.18061336874961853
data/cremad/audio/1076_IWL_ANG_XX.wav,1076_IWL_ANG_XX.wav,1076,train,3,angry,1,happy,0.18342484533786774
data/cremad/audio/1076_IWL_DIS_XX.wav,1076_IWL_DIS_XX.wav,1076,train,5,disgust,3,angry,0.1818562150001526
data/cremad/audio/1076_IWL_FEA_XX.wav,1076_IWL_FEA_XX.wav,1076,train,4,fearful,3,angry,0.18244649469852448
data/cremad/audio/1076_IWL_HAP_XX.wav,1076_IWL_HAP_XX.wav,1076,train,1,happy,3,angry,0.18534955382347107
data/cremad/audio/1076_IWL_NEU_XX.wav,1076_IWL_NEU_XX.wav,1076,train,0,neutral,1,happy,0.1821753829717636
data/cremad/audio/1076_IWL_SAD_XX.wav,1076_IWL_SAD_XX.wav,1076,train,2,sad,1,happy,0.18230831623077393
data/cremad/audio/1076_IWW_ANG_XX.wav,1076_IWW_ANG_XX.wav,1076,train,3,angry,1,happy,0.18337984383106232
data/cremad/audio/1076_IWW_DIS_XX.wav,1076_IWW_DIS_XX.wav,1076,train,5,disgust,1,happy,0.18128390610218048
data/cremad/audio/1076_IWW_FEA_XX.wav,1076_IWW_FEA_XX.wav,1076,train,4,fearful,1,happy,0.18196719884872437
data/cremad/audio/1076_IWW_HAP_XX.wav,1076_IWW_HAP_XX.wav,1076,train,1,happy,3,angry,0.18313713371753693
data/cremad/audio/1076_IWW_NEU_XX.wav,1076_IWW_NEU_XX.wav,1076,train,0,neutral,1,happy,0.18257121741771698
data/cremad/audio/1076_IWW_SAD_XX.wav,1076_IWW_SAD_XX.wav,1076,train,2,sad,1,happy,0.18265250325202942
data/cremad/audio/1076_MTI_ANG_XX.wav,1076_MTI_ANG_XX.wav,1076,train,3,angry,3,angry,0.18419964611530304
data/cremad/audio/1076_MTI_DIS_XX.wav,1076_MTI_DIS_XX.wav,1076,train,5,disgust,1,happy,0.1798413246870041
data/cremad/audio/1076_MTI_FEA_XX.wav,1076_MTI_FEA_XX.wav,1076,train,4,fearful,3,angry,0.18489275872707367
data/cremad/audio/1076_MTI_HAP_XX.wav,1076_MTI_HAP_XX.wav,1076,train,1,happy,1,happy,0.18319545686244965
data/cremad/audio/1076_MTI_NEU_XX.wav,1076_MTI_NEU_XX.wav,1076,train,0,neutral,3,angry,0.18638354539871216
data/cremad/audio/1076_MTI_SAD_XX.wav,1076_MTI_SAD_XX.wav,1076,train,2,sad,4,fearful,0.18223649263381958
data/cremad/audio/1076_TAI_ANG_XX.wav,1076_TAI_ANG_XX.wav,1076,train,3,angry,1,happy,0.18296204507350922
data/cremad/audio/1076_TAI_DIS_XX.wav,1076_TAI_DIS_XX.wav,1076,train,5,disgust,1,happy,0.1807422786951065
data/cremad/audio/1076_TAI_FEA_XX.wav,1076_TAI_FEA_XX.wav,1076,train,4,fearful,3,angry,0.18621154129505157
data/cremad/audio/1076_TAI_HAP_XX.wav,1076_TAI_HAP_XX.wav,1076,train,1,happy,3,angry,0.18495917320251465
data/cremad/audio/1076_TAI_NEU_XX.wav,1076_TAI_NEU_XX.wav,1076,train,0,neutral,1,happy,0.18125055730342865
data/cremad/audio/1076_TAI_SAD_XX.wav,1076_TAI_SAD_XX.wav,1076,train,2,sad,3,angry,0.18335793912410736
data/cremad/audio/1076_TIE_ANG_XX.wav,1076_TIE_ANG_XX.wav,1076,train,3,angry,1,happy,0.18205654621124268
data/cremad/audio/1076_TIE_DIS_XX.wav,1076_TIE_DIS_XX.wav,1076,train,5,disgust,3,angry,0.18090876936912537
data/cremad/audio/1076_TIE_FEA_XX.wav,1076_TIE_FEA_XX.wav,1076,train,4,fearful,1,happy,0.18215776979923248
data/cremad/audio/1076_TIE_HAP_XX.wav,1076_TIE_HAP_XX.wav,1076,train,1,happy,3,angry,0.18263188004493713
data/cremad/audio/1076_TIE_NEU_XX.wav,1076_TIE_NEU_XX.wav,1076,train,0,neutral,1,happy,0.18260367214679718
data/cremad/audio/1076_TIE_SAD_XX.wav,1076_TIE_SAD_XX.wav,1076,train,2,sad,1,happy,0.17960695922374725
data/cremad/audio/1076_TSI_ANG_XX.wav,1076_TSI_ANG_XX.wav,1076,train,3,angry,1,happy,0.18269628286361694
data/cremad/audio/1076_TSI_DIS_XX.wav,1076_TSI_DIS_XX.wav,1076,train,5,disgust,1,happy,0.18174877762794495
data/cremad/audio/1076_TSI_FEA_XX.wav,1076_TSI_FEA_XX.wav,1076,train,4,fearful,3,angry,0.18470831215381622
data/cremad/audio/1076_TSI_HAP_XX.wav,1076_TSI_HAP_XX.wav,1076,train,1,happy,1,happy,0.18127258121967316
data/cremad/audio/1076_TSI_NEU_XX.wav,1076_TSI_NEU_XX.wav,1076,train,0,neutral,1,happy,0.1810431331396103
data/cremad/audio/1076_TSI_SAD_XX.wav,1076_TSI_SAD_XX.wav,1076,train,2,sad,1,happy,0.18098914623260498
data/cremad/audio/1076_WSI_ANG_XX.wav,1076_WSI_ANG_XX.wav,1076,train,3,angry,3,angry,0.1847212016582489
data/cremad/audio/1076_WSI_DIS_XX.wav,1076_WSI_DIS_XX.wav,1076,train,5,disgust,3,angry,0.18180756270885468
data/cremad/audio/1076_WSI_FEA_XX.wav,1076_WSI_FEA_XX.wav,1076,train,4,fearful,3,angry,0.18331442773342133
data/cremad/audio/1076_WSI_HAP_XX.wav,1076_WSI_HAP_XX.wav,1076,train,1,happy,1,happy,0.18306909501552582
data/cremad/audio/1076_WSI_NEU_XX.wav,1076_WSI_NEU_XX.wav,1076,train,0,neutral,3,angry,0.1816265732049942
data/cremad/audio/1076_WSI_SAD_XX.wav,1076_WSI_SAD_XX.wav,1076,train,2,sad,1,happy,0.18046574294567108
data/cremad/audio/1079_DFA_ANG_XX.wav,1079_DFA_ANG_XX.wav,1079,train,3,angry,3,angry,0.18710288405418396
data/cremad/audio/1079_DFA_DIS_XX.wav,1079_DFA_DIS_XX.wav,1079,train,5,disgust,3,angry,0.1829817295074463
data/cremad/audio/1079_DFA_FEA_XX.wav,1079_DFA_FEA_XX.wav,1079,train,4,fearful,3,angry,0.18516962230205536
data/cremad/audio/1079_DFA_HAP_XX.wav,1079_DFA_HAP_XX.wav,1079,train,1,happy,1,happy,0.18417789041996002
data/cremad/audio/1079_DFA_NEU_XX.wav,1079_DFA_NEU_XX.wav,1079,train,0,neutral,1,happy,0.18189989030361176
data/cremad/audio/1079_DFA_SAD_XX.wav,1079_DFA_SAD_XX.wav,1079,train,2,sad,1,happy,0.18286705017089844
data/cremad/audio/1079_IEO_ANG_HI.wav,1079_IEO_ANG_HI.wav,1079,train,3,angry,1,happy,0.18598537147045135
data/cremad/audio/1079_IEO_ANG_LO.wav,1079_IEO_ANG_LO.wav,1079,train,3,angry,1,happy,0.1856105774641037
data/cremad/audio/1079_IEO_ANG_MD.wav,1079_IEO_ANG_MD.wav,1079,train,3,angry,3,angry,0.18526828289031982
data/cremad/audio/1079_IEO_DIS_HI.wav,1079_IEO_DIS_HI.wav,1079,train,5,disgust,1,happy,0.1853676736354828
data/cremad/audio/1079_IEO_DIS_LO.wav,1079_IEO_DIS_LO.wav,1079,train,5,disgust,1,happy,0.18266206979751587
data/cremad/audio/1079_IEO_DIS_MD.wav,1079_IEO_DIS_MD.wav,1079,train,5,disgust,3,angry,0.18411429226398468
data/cremad/audio/1079_IEO_FEA_HI.wav,1079_IEO_FEA_HI.wav,1079,train,4,fearful,1,happy,0.1846616417169571
data/cremad/audio/1079_IEO_FEA_LO.wav,1079_IEO_FEA_LO.wav,1079,train,4,fearful,1,happy,0.1845632791519165
data/cremad/audio/1079_IEO_FEA_MD.wav,1079_IEO_FEA_MD.wav,1079,train,4,fearful,1,happy,0.1813977062702179
data/cremad/audio/1079_IEO_HAP_HI.wav,1079_IEO_HAP_HI.wav,1079,train,1,happy,1,happy,0.1857096254825592
data/cremad/audio/1079_IEO_HAP_LO.wav,1079_IEO_HAP_LO.wav,1079,train,1,happy,1,happy,0.18472792208194733
data/cremad/audio/1079_IEO_HAP_MD.wav,1079_IEO_HAP_MD.wav,1079,train,1,happy,1,happy,0.1843041032552719
data/cremad/audio/1079_IEO_NEU_XX.wav,1079_IEO_NEU_XX.wav,1079,train,0,neutral,1,happy,0.18160787224769592
data/cremad/audio/1079_IEO_SAD_HI.wav,1079_IEO_SAD_HI.wav,1079,train,2,sad,1,happy,0.18107818067073822
data/cremad/audio/1079_IEO_SAD_LO.wav,1079_IEO_SAD_LO.wav,1079,train,2,sad,1,happy,0.18110601603984833
data/cremad/audio/1079_IEO_SAD_MD.wav,1079_IEO_SAD_MD.wav,1079,train,2,sad,1,happy,0.17945222556591034
data/cremad/audio/1079_IOM_ANG_XX.wav,1079_IOM_ANG_XX.wav,1079,train,3,angry,3,angry,0.1858404129743576
data/cremad/audio/1079_IOM_DIS_XX.wav,1079_IOM_DIS_XX.wav,1079,train,5,disgust,1,happy,0.18417787551879883
data/cremad/audio/1079_IOM_FEA_XX.wav,1079_IOM_FEA_XX.wav,1079,train,4,fearful,1,happy,0.182342529296875
data/cremad/audio/1079_IOM_HAP_XX.wav,1079_IOM_HAP_XX.wav,1079,train,1,happy,1,happy,0.1832081824541092
data/cremad/audio/1079_IOM_NEU_XX.wav,1079_IOM_NEU_XX.wav,1079,train,0,neutral,1,happy,0.18311592936515808
data/cremad/audio/1079_IOM_SAD_XX.wav,1079_IOM_SAD_XX.wav,1079,train,2,sad,1,happy,0.1842600703239441
data/cremad/audio/1079_ITH_ANG_XX.wav,1079_ITH_ANG_XX.wav,1079,train,3,angry,3,angry,0.18383975327014923
data/cremad/audio/1079_ITH_DIS_XX.wav,1079_ITH_DIS_XX.wav,1079,train,5,disgust,3,angry,0.1827375739812851
data/cremad/audio/1079_ITH_FEA_XX.wav,1079_ITH_FEA_XX.wav,1079,train,4,fearful,3,angry,0.18627797067165375
data/cremad/audio/1079_ITH_HAP_XX.wav,1079_ITH_HAP_XX.wav,1079,train,1,happy,3,angry,0.1834670603275299
data/cremad/audio/1079_ITH_NEU_XX.wav,1079_ITH_NEU_XX.wav,1079,train,0,neutral,3,angry,0.18203480541706085
data/cremad/audio/1079_ITH_SAD_XX.wav,1079_ITH_SAD_XX.wav,1079,train,2,sad,1,happy,0.18199799954891205
data/cremad/audio/1079_ITS_ANG_XX.wav,1079_ITS_ANG_XX.wav,1079,train,3,angry,1,happy,0.18326331675052643
data/cremad/audio/1079_ITS_DIS_XX.wav,1079_ITS_DIS_XX.wav,1079,train,5,disgust,3,angry,0.18318982422351837
data/cremad/audio/1079_ITS_FEA_XX.wav,1079_ITS_FEA_XX.wav,1079,train,4,fearful,3,angry,0.18579380214214325
data/cremad/audio/1079_ITS_HAP_XX.wav,1079_ITS_HAP_XX.wav,1079,train,1,happy,3,angry,0.1834452599287033
data/cremad/audio/1079_ITS_NEU_XX.wav,1079_ITS_NEU_XX.wav,1079,train,0,neutral,1,happy,0.18348780274391174
data/cremad/audio/1079_ITS_SAD_XX.wav,1079_ITS_SAD_XX.wav,1079,train,2,sad,1,happy,0.18160700798034668
data/cremad/audio/1079_IWL_ANG_XX.wav,1079_IWL_ANG_XX.wav,1079,train,3,angry,3,angry,0.18716152012348175
data/cremad/audio/1079_IWL_DIS_XX.wav,1079_IWL_DIS_XX.wav,1079,train,5,disgust,1,happy,0.182326078414917
data/cremad/audio/1079_IWL_FEA_XX.wav,1079_IWL_FEA_XX.wav,1079,train,4,fearful,3,angry,0.18426267802715302
data/cremad/audio/1079_IWL_HAP_XX.wav,1079_IWL_HAP_XX.wav,1079,train,1,happy,1,happy,0.18437953293323517
data/cremad/audio/1079_IWL_NEU_XX.wav,1079_IWL_NEU_XX.wav,1079,train,0,neutral,1,happy,0.18305253982543945
data/cremad/audio/1079_IWL_SAD_XX.wav,1079_IWL_SAD_XX.wav,1079,train,2,sad,1,happy,0.18254603445529938
data/cremad/audio/1079_IWW_ANG_XX.wav,1079_IWW_ANG_XX.wav,1079,train,3,angry,3,angry,0.18382109701633453
data/cremad/audio/1079_IWW_DIS_XX.wav,1079_IWW_DIS_XX.wav,1079,train,5,disgust,1,happy,0.18301644921302795
data/cremad/audio/1079_IWW_FEA_XX.wav,1079_IWW_FEA_XX.wav,1079,train,4,fearful,1,happy,0.18322202563285828
data/cremad/audio/1079_IWW_HAP_XX.wav,1079_IWW_HAP_XX.wav,1079,train,1,happy,1,happy,0.1841350793838501
data/cremad/audio/1079_IWW_NEU_XX.wav,1079_IWW_NEU_XX.wav,1079,train,0,neutral,1,happy,0.1839483380317688
data/cremad/audio/1079_IWW_SAD_XX.wav,1079_IWW_SAD_XX.wav,1079,train,2,sad,1,happy,0.18333789706230164
data/cremad/audio/1079_MTI_ANG_XX.wav,1079_MTI_ANG_XX.wav,1079,train,3,angry,3,angry,0.1866224855184555
data/cremad/audio/1079_MTI_DIS_XX.wav,1079_MTI_DIS_XX.wav,1079,train,5,disgust,3,angry,0.18241019546985626
data/cremad/audio/1079_MTI_FEA_XX.wav,1079_MTI_FEA_XX.wav,1079,train,4,fearful,3,angry,0.18368308246135712
data/cremad/audio/1079_MTI_HAP_XX.wav,1079_MTI_HAP_XX.wav,1079,train,1,happy,1,happy,0.18381644785404205
data/cremad/audio/1079_MTI_NEU_XX.wav,1079_MTI_NEU_XX.wav,1079,train,0,neutral,1,happy,0.18317487835884094
data/cremad/audio/1079_MTI_SAD_XX.wav,1079_MTI_SAD_XX.wav,1079,train,2,sad,1,happy,0.1829436719417572
data/cremad/audio/1079_TAI_ANG_XX.wav,1079_TAI_ANG_XX.wav,1079,train,3,angry,3,angry,0.1875721961259842
data/cremad/audio/1079_TAI_DIS_XX.wav,1079_TAI_DIS_XX.wav,1079,train,5,disgust,3,angry,0.18512359261512756
data/cremad/audio/1079_TAI_FEA_XX.wav,1079_TAI_FEA_XX.wav,1079,train,4,fearful,3,angry,0.1848735213279724
data/cremad/audio/1079_TAI_HAP_XX.wav,1079_TAI_HAP_XX.wav,1079,train,1,happy,1,happy,0.18242348730564117
data/cremad/audio/1079_TAI_NEU_XX.wav,1079_TAI_NEU_XX.wav,1079,train,0,neutral,1,happy,0.1824733465909958
data/cremad/audio/1079_TAI_SAD_XX.wav,1079_TAI_SAD_XX.wav,1079,train,2,sad,1,happy,0.18221893906593323
data/cremad/audio/1079_TIE_ANG_XX.wav,1079_TIE_ANG_XX.wav,1079,train,3,angry,1,happy,0.18342965841293335
data/cremad/audio/1079_TIE_DIS_XX.wav,1079_TIE_DIS_XX.wav,1079,train,5,disgust,3,angry,0.1836744099855423
data/cremad/audio/1079_TIE_FEA_XX.wav,1079_TIE_FEA_XX.wav,1079,train,4,fearful,3,angry,0.18303272128105164
data/cremad/audio/1079_TIE_HAP_XX.wav,1079_TIE_HAP_XX.wav,1079,train,1,happy,1,happy,0.184854194521904
data/cremad/audio/1079_TIE_NEU_XX.wav,1079_TIE_NEU_XX.wav,1079,train,0,neutral,1,happy,0.18094287812709808
data/cremad/audio/1079_TIE_SAD_XX.wav,1079_TIE_SAD_XX.wav,1079,train,2,sad,1,happy,0.18134546279907227
data/cremad/audio/1079_TSI_ANG_XX.wav,1079_TSI_ANG_XX.wav,1079,train,3,angry,3,angry,0.18227951228618622
data/cremad/audio/1079_TSI_DIS_XX.wav,1079_TSI_DIS_XX.wav,1079,train,5,disgust,3,angry,0.1828259825706482
data/cremad/audio/1079_TSI_FEA_XX.wav,1079_TSI_FEA_XX.wav,1079,train,4,fearful,3,angry,0.1839475929737091
data/cremad/audio/1079_TSI_HAP_XX.wav,1079_TSI_HAP_XX.wav,1079,train,1,happy,3,angry,0.18230511248111725
data/cremad/audio/1079_TSI_NEU_XX.wav,1079_TSI_NEU_XX.wav,1079,train,0,neutral,1,happy,0.18099664151668549
data/cremad/audio/1079_TSI_SAD_XX.wav,1079_TSI_SAD_XX.wav,1079,train,2,sad,1,happy,0.18116459250450134
data/cremad/audio/1079_WSI_ANG_XX.wav,1079_WSI_ANG_XX.wav,1079,train,3,angry,3,angry,0.18623583018779755
data/cremad/audio/1079_WSI_DIS_XX.wav,1079_WSI_DIS_XX.wav,1079,train,5,disgust,3,angry,0.18199899792671204
data/cremad/audio/1079_WSI_FEA_XX.wav,1079_WSI_FEA_XX.wav,1079,train,4,fearful,1,happy,0.18375402688980103
data/cremad/audio/1079_WSI_HAP_XX.wav,1079_WSI_HAP_XX.wav,1079,train,1,happy,3,angry,0.18319424986839294
data/cremad/audio/1079_WSI_NEU_XX.wav,1079_WSI_NEU_XX.wav,1079,train,0,neutral,1,happy,0.1821117252111435
data/cremad/audio/1079_WSI_SAD_XX.wav,1079_WSI_SAD_XX.wav,1079,train,2,sad,1,happy,0.1810002624988556
data/cremad/audio/1081_DFA_ANG_XX.wav,1081_DFA_ANG_XX.wav,1081,train,3,angry,3,angry,0.1845741719007492
data/cremad/audio/1081_DFA_DIS_XX.wav,1081_DFA_DIS_XX.wav,1081,train,5,disgust,1,happy,0.1829945594072342
data/cremad/audio/1081_DFA_FEA_XX.wav,1081_DFA_FEA_XX.wav,1081,train,4,fearful,1,happy,0.1814034879207611
data/cremad/audio/1081_DFA_HAP_XX.wav,1081_DFA_HAP_XX.wav,1081,train,1,happy,1,happy,0.18398918211460114
data/cremad/audio/1081_DFA_NEU_XX.wav,1081_DFA_NEU_XX.wav,1081,train,0,neutral,1,happy,0.18092703819274902
data/cremad/audio/1081_DFA_SAD_XX.wav,1081_DFA_SAD_XX.wav,1081,train,2,sad,1,happy,0.18093711137771606
data/cremad/audio/1081_IEO_ANG_HI.wav,1081_IEO_ANG_HI.wav,1081,train,3,angry,3,angry,0.1878088116645813
data/cremad/audio/1081_IEO_ANG_LO.wav,1081_IEO_ANG_LO.wav,1081,train,3,angry,1,happy,0.18238726258277893
data/cremad/audio/1081_IEO_ANG_MD.wav,1081_IEO_ANG_MD.wav,1081,train,3,angry,3,angry,0.1836162656545639
data/cremad/audio/1081_IEO_DIS_HI.wav,1081_IEO_DIS_HI.wav,1081,train,5,disgust,1,happy,0.1828378438949585
data/cremad/audio/1081_IEO_DIS_LO.wav,1081_IEO_DIS_LO.wav,1081,train,5,disgust,1,happy,0.18314465880393982
data/cremad/audio/1081_IEO_DIS_MD.wav,1081_IEO_DIS_MD.wav,1081,train,5,disgust,1,happy,0.18132108449935913
data/cremad/audio/1081_IEO_FEA_HI.wav,1081_IEO_FEA_HI.wav,1081,train,4,fearful,1,happy,0.1830352544784546
data/cremad/audio/1081_IEO_FEA_LO.wav,1081_IEO_FEA_LO.wav,1081,train,4,fearful,1,happy,0.18222208321094513
data/cremad/audio/1081_IEO_FEA_MD.wav,1081_IEO_FEA_MD.wav,1081,train,4,fearful,1,happy,0.17969687283039093
data/cremad/audio/1081_IEO_HAP_HI.wav,1081_IEO_HAP_HI.wav,1081,train,1,happy,3,angry,0.18855778872966766
data/cremad/audio/1081_IEO_HAP_LO.wav,1081_IEO_HAP_LO.wav,1081,train,1,happy,1,happy,0.1832752376794815
data/cremad/audio/1081_IEO_HAP_MD.wav,1081_IEO_HAP_MD.wav,1081,train,1,happy,3,angry,0.18345218896865845
data/cremad/audio/1081_IEO_NEU_XX.wav,1081_IEO_NEU_XX.wav,1081,train,0,neutral,1,happy,0.18202166259288788
data/cremad/audio/1081_IEO_SAD_HI.wav,1081_IEO_SAD_HI.wav,1081,train,2,sad,1,happy,0.1834486573934555
data/cremad/audio/1081_IEO_SAD_LO.wav,1081_IEO_SAD_LO.wav,1081,train,2,sad,1,happy,0.17979322373867035
data/cremad/audio/1081_IEO_SAD_MD.wav,1081_IEO_SAD_MD.wav,1081,train,2,sad,1,happy,0.17977459728717804
data/cremad/audio/1081_IOM_ANG_XX.wav,1081_IOM_ANG_XX.wav,1081,train,3,angry,3,angry,0.18496130406856537
data/cremad/audio/1081_IOM_DIS_XX.wav,1081_IOM_DIS_XX.wav,1081,train,5,disgust,3,angry,0.18551138043403625
data/cremad/audio/1081_IOM_FEA_XX.wav,1081_IOM_FEA_XX.wav,1081,train,4,fearful,1,happy,0.18196167051792145
data/cremad/audio/1081_IOM_HAP_XX.wav,1081_IOM_HAP_XX.wav,1081,train,1,happy,1,happy,0.18229073286056519
data/cremad/audio/1081_IOM_NEU_XX.wav,1081_IOM_NEU_XX.wav,1081,train,0,neutral,1,happy,0.18270334601402283
data/cremad/audio/1081_IOM_SAD_XX.wav,1081_IOM_SAD_XX.wav,1081,train,2,sad,1,happy,0.18066103756427765
data/cremad/audio/1081_ITH_ANG_XX.wav,1081_ITH_ANG_XX.wav,1081,train,3,angry,3,angry,0.1867554783821106
data/cremad/audio/1081_ITH_DIS_XX.wav,1081_ITH_DIS_XX.wav,1081,train,5,disgust,1,happy,0.18077631294727325
data/cremad/audio/1081_ITH_FEA_XX.wav,1081_ITH_FEA_XX.wav,1081,train,4,fearful,1,happy,0.18173980712890625
data/cremad/audio/1081_ITH_HAP_XX.wav,1081_ITH_HAP_XX.wav,1081,train,1,happy,1,happy,0.18427146971225739
data/cremad/audio/1081_ITH_NEU_XX.wav,1081_ITH_NEU_XX.wav,1081,train,0,neutral,1,happy,0.18150082230567932
data/cremad/audio/1081_ITH_SAD_XX.wav,1081_ITH_SAD_XX.wav,1081,train,2,sad,1,happy,0.1827286034822464
data/cremad/audio/1081_ITS_ANG_XX.wav,1081_ITS_ANG_XX.wav,1081,train,3,angry,3,angry,0.18289582431316376
data/cremad/audio/1081_ITS_DIS_XX.wav,1081_ITS_DIS_XX.wav,1081,train,5,disgust,3,angry,0.1809694916009903
data/cremad/audio/1081_ITS_FEA_XX.wav,1081_ITS_FEA_XX.wav,1081,train,4,fearful,1,happy,0.18137970566749573
data/cremad/audio/1081_ITS_HAP_XX.wav,1081_ITS_HAP_XX.wav,1081,train,1,happy,3,angry,0.18760760128498077
data/cremad/audio/1081_ITS_NEU_XX.wav,1081_ITS_NEU_XX.wav,1081,train,0,neutral,1,happy,0.1822333186864853
data/cremad/audio/1081_ITS_SAD_XX.wav,1081_ITS_SAD_XX.wav,1081,train,2,sad,1,happy,0.17988914251327515
data/cremad/audio/1081_IWL_ANG_XX.wav,1081_IWL_ANG_XX.wav,1081,train,3,angry,3,angry,0.18529725074768066
data/cremad/audio/1081_IWL_DIS_XX.wav,1081_IWL_DIS_XX.wav,1081,train,5,disgust,3,angry,0.18209363520145416
data/cremad/audio/1081_IWL_FEA_XX.wav,1081_IWL_FEA_XX.wav,1081,train,4,fearful,1,happy,0.182342529296875
data/cremad/audio/1081_IWL_HAP_XX.wav,1081_IWL_HAP_XX.wav,1081,train,1,happy,1,happy,0.18373151123523712
data/cremad/audio/1081_IWL_NEU_XX.wav,1081_IWL_NEU_XX.wav,1081,train,0,neutral,1,happy,0.18149790167808533
data/cremad/audio/1081_IWL_SAD_XX.wav,1081_IWL_SAD_XX.wav,1081,train,2,sad,1,happy,0.18195125460624695
data/cremad/audio/1081_IWW_ANG_XX.wav,1081_IWW_ANG_XX.wav,1081,train,3,angry,3,angry,0.18363653123378754
data/cremad/audio/1081_IWW_DIS_XX.wav,1081_IWW_DIS_XX.wav,1081,train,5,disgust,3,angry,0.18110640347003937
data/cremad/audio/1081_IWW_FEA_XX.wav,1081_IWW_FEA_XX.wav,1081,train,4,fearful,1,happy,0.1805701106786728
data/cremad/audio/1081_IWW_HAP_XX.wav,1081_IWW_HAP_XX.wav,1081,train,1,happy,1,happy,0.18341830372810364
data/cremad/audio/1081_IWW_NEU_XX.wav,1081_IWW_NEU_XX.wav,1081,train,0,neutral,1,happy,0.18102501332759857
data/cremad/audio/1081_IWW_SAD_XX.wav,1081_IWW_SAD_XX.wav,1081,train,2,sad,1,happy,0.17955520749092102
data/cremad/audio/1081_MTI_ANG_XX.wav,1081_MTI_ANG_XX.wav,1081,train,3,angry,3,angry,0.18474580347537994
data/cremad/audio/1081_MTI_DIS_XX.wav,1081_MTI_DIS_XX.wav,1081,train,5,disgust,3,angry,0.18328502774238586
data/cremad/audio/1081_MTI_FEA_XX.wav,1081_MTI_FEA_XX.wav,1081,train,4,fearful,1,happy,0.18230600655078888
data/cremad/audio/1081_MTI_HAP_XX.wav,1081_MTI_HAP_XX.wav,1081,train,1,happy,3,angry,0.18275494873523712
data/cremad/audio/1081_MTI_NEU_XX.wav,1081_MTI_NEU_XX.wav,1081,train,0,neutral,1,happy,0.18243643641471863
data/cremad/audio/1081_MTI_SAD_XX.wav,1081_MTI_SAD_XX.wav,1081,train,2,sad,1,happy,0.1837397813796997
data/cremad/audio/1081_TAI_ANG_XX.wav,1081_TAI_ANG_XX.wav,1081,train,3,angry,1,happy,0.18327964842319489
data/cremad/audio/1081_TAI_DIS_XX.wav,1081_TAI_DIS_XX.wav,1081,train,5,disgust,1,happy,0.18083050847053528
data/cremad/audio/1081_TAI_FEA_XX.wav,1081_TAI_FEA_XX.wav,1081,train,4,fearful,1,happy,0.18074104189872742
data/cremad/audio/1081_TAI_HAP_XX.wav,1081_TAI_HAP_XX.wav,1081,train,1,happy,3,angry,0.1882578730583191
data/cremad/audio/1081_TAI_NEU_XX.wav,1081_TAI_NEU_XX.wav,1081,train,0,neutral,1,happy,0.18080252408981323
data/cremad/audio/1081_TAI_SAD_XX.wav,1081_TAI_SAD_XX.wav,1081,train,2,sad,1,happy,0.1802518516778946
data/cremad/audio/1081_TIE_ANG_XX.wav,1081_TIE_ANG_XX.wav,1081,train,3,angry,3,angry,0.18324914574623108
data/cremad/audio/1081_TIE_DIS_XX.wav,1081_TIE_DIS_XX.wav,1081,train,5,disgust,3,angry,0.18293507397174835
data/cremad/audio/1081_TIE_FEA_XX.wav,1081_TIE_FEA_XX.wav,1081,train,4,fearful,1,happy,0.18065689504146576
data/cremad/audio/1081_TIE_HAP_XX.wav,1081_TIE_HAP_XX.wav,1081,train,1,happy,1,happy,0.18334408104419708
data/cremad/audio/1081_TIE_NEU_XX.wav,1081_TIE_NEU_XX.wav,1081,train,0,neutral,1,happy,0.18162930011749268
data/cremad/audio/1081_TIE_SAD_XX.wav,1081_TIE_SAD_XX.wav,1081,train,2,sad,1,happy,0.18133841454982758
data/cremad/audio/1081_TSI_ANG_XX.wav,1081_TSI_ANG_XX.wav,1081,train,3,angry,3,angry,0.18384571373462677
data/cremad/audio/1081_TSI_DIS_XX.wav,1081_TSI_DIS_XX.wav,1081,train,5,disgust,1,happy,0.17919676005840302
data/cremad/audio/1081_TSI_FEA_XX.wav,1081_TSI_FEA_XX.wav,1081,train,4,fearful,1,happy,0.18062074482440948
data/cremad/audio/1081_TSI_HAP_XX.wav,1081_TSI_HAP_XX.wav,1081,train,1,happy,1,happy,0.1831849068403244
data/cremad/audio/1081_TSI_NEU_XX.wav,1081_TSI_NEU_XX.wav,1081,train,0,neutral,1,happy,0.1799120157957077
data/cremad/audio/1081_TSI_SAD_XX.wav,1081_TSI_SAD_XX.wav,1081,train,2,sad,1,happy,0.17982983589172363
data/cremad/audio/1081_WSI_ANG_XX.wav,1081_WSI_ANG_XX.wav,1081,train,3,angry,1,happy,0.18257233500480652
data/cremad/audio/1081_WSI_DIS_XX.wav,1081_WSI_DIS_XX.wav,1081,train,5,disgust,1,happy,0.18043603003025055
data/cremad/audio/1081_WSI_FEA_XX.wav,1081_WSI_FEA_XX.wav,1081,train,4,fearful,1,happy,0.18219338357448578
data/cremad/audio/1081_WSI_HAP_XX.wav,1081_WSI_HAP_XX.wav,1081,train,1,happy,3,angry,0.1859160214662552
data/cremad/audio/1081_WSI_NEU_XX.wav,1081_WSI_NEU_XX.wav,1081,train,0,neutral,1,happy,0.18139387667179108
data/cremad/audio/1081_WSI_SAD_XX.wav,1081_WSI_SAD_XX.wav,1081,train,2,sad,1,happy,0.17964933812618256
data/cremad/audio/1083_DFA_ANG_XX.wav,1083_DFA_ANG_XX.wav,1083,train,3,angry,3,angry,0.1842089295387268
data/cremad/audio/1083_DFA_DIS_XX.wav,1083_DFA_DIS_XX.wav,1083,train,5,disgust,1,happy,0.17987458407878876
data/cremad/audio/1083_DFA_FEA_XX.wav,1083_DFA_FEA_XX.wav,1083,train,4,fearful,1,happy,0.1823788732290268
data/cremad/audio/1083_DFA_HAP_XX.wav,1083_DFA_HAP_XX.wav,1083,train,1,happy,3,angry,0.1833965927362442
data/cremad/audio/1083_DFA_NEU_XX.wav,1083_DFA_NEU_XX.wav,1083,train,0,neutral,1,happy,0.1847073882818222
data/cremad/audio/1083_DFA_SAD_XX.wav,1083_DFA_SAD_XX.wav,1083,train,2,sad,1,happy,0.18179675936698914
data/cremad/audio/1083_IEO_ANG_HI.wav,1083_IEO_ANG_HI.wav,1083,train,3,angry,3,angry,0.18776622414588928
data/cremad/audio/1083_IEO_ANG_LO.wav,1083_IEO_ANG_LO.wav,1083,train,3,angry,3,angry,0.18453334271907806
data/cremad/audio/1083_IEO_ANG_MD.wav,1083_IEO_ANG_MD.wav,1083,train,3,angry,3,angry,0.18419945240020752
data/cremad/audio/1083_IEO_DIS_HI.wav,1083_IEO_DIS_HI.wav,1083,train,5,disgust,1,happy,0.1801932454109192
data/cremad/audio/1083_IEO_DIS_LO.wav,1083_IEO_DIS_LO.wav,1083,train,5,disgust,1,happy,0.18226686120033264
data/cremad/audio/1083_IEO_DIS_MD.wav,1083_IEO_DIS_MD.wav,1083,train,5,disgust,1,happy,0.1804192066192627
data/cremad/audio/1083_IEO_FEA_HI.wav,1083_IEO_FEA_HI.wav,1083,train,4,fearful,3,angry,0.18460863828659058
data/cremad/audio/1083_IEO_FEA_LO.wav,1083_IEO_FEA_LO.wav,1083,train,4,fearful,1,happy,0.18415309488773346
data/cremad/audio/1083_IEO_FEA_MD.wav,1083_IEO_FEA_MD.wav,1083,train,4,fearful,1,happy,0.18224437534809113
data/cremad/audio/1083_IEO_HAP_HI.wav,1083_IEO_HAP_HI.wav,1083,train,1,happy,1,happy,0.18539102375507355
data/cremad/audio/1083_IEO_HAP_LO.wav,1083_IEO_HAP_LO.wav,1083,train,1,happy,1,happy,0.18608616292476654
data/cremad/audio/1083_IEO_HAP_MD.wav,1083_IEO_HAP_MD.wav,1083,train,1,happy,3,angry,0.18511563539505005
data/cremad/audio/1083_IEO_NEU_XX.wav,1083_IEO_NEU_XX.wav,1083,train,0,neutral,1,happy,0.18280141055583954
data/cremad/audio/1083_IEO_SAD_HI.wav,1083_IEO_SAD_HI.wav,1083,train,2,sad,1,happy,0.18143948912620544
data/cremad/audio/1083_IEO_SAD_LO.wav,1083_IEO_SAD_LO.wav,1083,train,2,sad,1,happy,0.1824641078710556
data/cremad/audio/1083_IEO_SAD_MD.wav,1083_IEO_SAD_MD.wav,1083,train,2,sad,1,happy,0.18094132840633392
data/cremad/audio/1083_IOM_ANG_XX.wav,1083_IOM_ANG_XX.wav,1083,train,3,angry,3,angry,0.18462076783180237
data/cremad/audio/1083_IOM_DIS_XX.wav,1083_IOM_DIS_XX.wav,1083,train,5,disgust,1,happy,0.1836496889591217
data/cremad/audio/1083_IOM_FEA_XX.wav,1083_IOM_FEA_XX.wav,1083,train,4,fearful,1,happy,0.1833847612142563
data/cremad/audio/1083_IOM_HAP_XX.wav,1083_IOM_HAP_XX.wav,1083,train,1,happy,1,happy,0.18310710787773132
data/cremad/audio/1083_IOM_NEU_XX.wav,1083_IOM_NEU_XX.wav,1083,train,0,neutral,1,happy,0.18314743041992188
data/cremad/audio/1083_IOM_SAD_XX.wav,1083_IOM_SAD_XX.wav,1083,train,2,sad,1,happy,0.18370558321475983
data/cremad/audio/1083_ITH_ANG_XX.wav,1083_ITH_ANG_XX.wav,1083,train,3,angry,3,angry,0.1856340616941452
data/cremad/audio/1083_ITH_DIS_XX.wav,1083_ITH_DIS_XX.wav,1083,train,5,disgust,1,happy,0.1822642982006073
data/cremad/audio/1083_ITH_FEA_XX.wav,1083_ITH_FEA_XX.wav,1083,train,4,fearful,1,happy,0.1812247484922409
data/cremad/audio/1083_ITH_HAP_XX.wav,1083_ITH_HAP_XX.wav,1083,train,1,happy,1,happy,0.18546274304389954
data/cremad/audio/1083_ITH_NEU_XX.wav,1083_ITH_NEU_XX.wav,1083,train,0,neutral,1,happy,0.1833067089319229
data/cremad/audio/1083_ITH_SAD_XX.wav,1083_ITH_SAD_XX.wav,1083,train,2,sad,1,happy,0.18149960041046143
data/cremad/audio/1083_ITS_ANG_XX.wav,1083_ITS_ANG_XX.wav,1083,train,3,angry,3,angry,0.1839897483587265
data/cremad/audio/1083_ITS_DIS_XX.wav,1083_ITS_DIS_XX.wav,1083,train,5,disgust,3,angry,0.18167465925216675
data/cremad/audio/1083_ITS_FEA_XX.wav,1083_ITS_FEA_XX.wav,1083,train,4,fearful,1,happy,0.18164058029651642
data/cremad/audio/1083_ITS_HAP_XX.wav,1083_ITS_HAP_XX.wav,1083,train,1,happy,3,angry,0.18737855553627014
data/cremad/audio/1083_ITS_NEU_XX.wav,1083_ITS_NEU_XX.wav,1083,train,0,neutral,3,angry,0.18366895616054535
data/cremad/audio/1083_ITS_SAD_XX.wav,1083_ITS_SAD_XX.wav,1083,train,2,sad,1,happy,0.1819530576467514
data/cremad/audio/1083_IWL_ANG_XX.wav,1083_IWL_ANG_XX.wav,1083,train,3,angry,3,angry,0.18677137792110443
data/cremad/audio/1083_IWL_DIS_XX.wav,1083_IWL_DIS_XX.wav,1083,train,5,disgust,3,angry,0.1803690791130066
data/cremad/audio/1083_IWL_FEA_XX.wav,1083_IWL_FEA_XX.wav,1083,train,4,fearful,1,happy,0.18345315754413605
data/cremad/audio/1083_IWL_HAP_XX.wav,1083_IWL_HAP_XX.wav,1083,train,1,happy,3,angry,0.18554361164569855
data/cremad/audio/1083_IWL_NEU_XX.wav,1083_IWL_NEU_XX.wav,1083,train,0,neutral,3,angry,0.18425758183002472
data/cremad/audio/1083_IWL_SAD_XX.wav,1083_IWL_SAD_XX.wav,1083,train,2,sad,1,happy,0.18216684460639954
data/cremad/audio/1083_IWW_ANG_XX.wav,1083_IWW_ANG_XX.wav,1083,train,3,angry,1,happy,0.18296268582344055
data/cremad/audio/1083_IWW_DIS_XX.wav,1083_IWW_DIS_XX.wav,1083,train,5,disgust,1,happy,0.18040020763874054
data/cremad/audio/1083_IWW_FEA_XX.wav,1083_IWW_FEA_XX.wav,1083,train,4,fearful,1,happy,0.1802685707807541
data/cremad/audio/1083_IWW_HAP_XX.wav,1083_IWW_HAP_XX.wav,1083,train,1,happy,3,angry,0.18718315660953522
data/cremad/audio/1083_IWW_NEU_XX.wav,1083_IWW_NEU_XX.wav,1083,train,0,neutral,1,happy,0.18311280012130737
data/cremad/audio/1083_IWW_SAD_XX.wav,1083_IWW_SAD_XX.wav,1083,train,2,sad,1,happy,0.18270601332187653
data/cremad/audio/1083_MTI_ANG_XX.wav,1083_MTI_ANG_XX.wav,1083,train,3,angry,3,angry,0.18790081143379211
data/cremad/audio/1083_MTI_DIS_XX.wav,1083_MTI_DIS_XX.wav,1083,train,5,disgust,3,angry,0.1831621527671814
data/cremad/audio/1083_MTI_FEA_XX.wav,1083_MTI_FEA_XX.wav,1083,train,4,fearful,1,happy,0.18319745361804962
data/cremad/audio/1083_MTI_HAP_XX.wav,1083_MTI_HAP_XX.wav,1083,train,1,happy,3,angry,0.18510285019874573
data/cremad/audio/1083_MTI_NEU_XX.wav,1083_MTI_NEU_XX.wav,1083,train,0,neutral,3,angry,0.18433956801891327
data/cremad/audio/1083_MTI_SAD_XX.wav,1083_MTI_SAD_XX.wav,1083,train,2,sad,1,happy,0.18316210806369781
data/cremad/audio/1083_TAI_ANG_XX.wav,1083_TAI_ANG_XX.wav,1083,train,3,angry,1,happy,0.18423381447792053
data/cremad/audio/1083_TAI_DIS_XX.wav,1083_TAI_DIS_XX.wav,1083,train,5,disgust,1,happy,0.18274274468421936
data/cremad/audio/1083_TAI_FEA_XX.wav,1083_TAI_FEA_XX.wav,1083,train,4,fearful,1,happy,0.18299850821495056
data/cremad/audio/1083_TAI_HAP_XX.wav,1083_TAI_HAP_XX.wav,1083,train,1,happy,3,angry,0.18483741581439972
data/cremad/audio/1083_TAI_NEU_XX.wav,1083_TAI_NEU_XX.wav,1083,train,0,neutral,1,happy,0.18408085405826569
data/cremad/audio/1083_TAI_SAD_XX.wav,1083_TAI_SAD_XX.wav,1083,train,2,sad,1,happy,0.18226972222328186
data/cremad/audio/1083_TIE_ANG_XX.wav,1083_TIE_ANG_XX.wav,1083,train,3,angry,3,angry,0.18345287442207336
data/cremad/audio/1083_TIE_DIS_XX.wav,1083_TIE_DIS_XX.wav,1083,train,5,disgust,3,angry,0.1816120147705078
data/cremad/audio/1083_TIE_FEA_XX.wav,1083_TIE_FEA_XX.wav,1083,train,4,fearful,1,happy,0.1803303062915802
data/cremad/audio/1083_TIE_HAP_XX.wav,1083_TIE_HAP_XX.wav,1083,train,1,happy,3,angry,0.18486514687538147
data/cremad/audio/1083_TIE_NEU_XX.wav,1083_TIE_NEU_XX.wav,1083,train,0,neutral,3,angry,0.18574374914169312
data/cremad/audio/1083_TIE_SAD_XX.wav,1083_TIE_SAD_XX.wav,1083,train,2,sad,1,happy,0.17944037914276123
data/cremad/audio/1083_TSI_ANG_XX.wav,1083_TSI_ANG_XX.wav,1083,train,3,angry,3,angry,0.18432635068893433
data/cremad/audio/1083_TSI_DIS_XX.wav,1083_TSI_DIS_XX.wav,1083,train,5,disgust,3,angry,0.1825801581144333
data/cremad/audio/1083_TSI_FEA_XX.wav,1083_TSI_FEA_XX.wav,1083,train,4,fearful,1,happy,0.18062829971313477
data/cremad/audio/1083_TSI_HAP_XX.wav,1083_TSI_HAP_XX.wav,1083,train,1,happy,1,happy,0.18224041163921356
data/cremad/audio/1083_TSI_NEU_XX.wav,1083_TSI_NEU_XX.wav,1083,train,0,neutral,3,angry,0.18481221795082092
data/cremad/audio/1083_TSI_SAD_XX.wav,1083_TSI_SAD_XX.wav,1083,train,2,sad,1,happy,0.18126441538333893
data/cremad/audio/1083_WSI_ANG_XX.wav,1083_WSI_ANG_XX.wav,1083,train,3,angry,3,angry,0.1853446662425995
data/cremad/audio/1083_WSI_DIS_XX.wav,1083_WSI_DIS_XX.wav,1083,train,5,disgust,3,angry,0.18148410320281982
data/cremad/audio/1083_WSI_FEA_XX.wav,1083_WSI_FEA_XX.wav,1083,train,4,fearful,1,happy,0.18065223097801208
data/cremad/audio/1083_WSI_HAP_XX.wav,1083_WSI_HAP_XX.wav,1083,train,1,happy,3,angry,0.18800179660320282
data/cremad/audio/1083_WSI_NEU_XX.wav,1083_WSI_NEU_XX.wav,1083,train,0,neutral,3,angry,0.1853451281785965
data/cremad/audio/1083_WSI_SAD_XX.wav,1083_WSI_SAD_XX.wav,1083,train,2,sad,1,happy,0.18319383263587952
data/cremad/audio/1084_DFA_ANG_XX.wav,1084_DFA_ANG_XX.wav,1084,train,3,angry,3,angry,0.1873004287481308
data/cremad/audio/1084_DFA_DIS_XX.wav,1084_DFA_DIS_XX.wav,1084,train,5,disgust,1,happy,0.18091361224651337
data/cremad/audio/1084_DFA_FEA_XX.wav,1084_DFA_FEA_XX.wav,1084,train,4,fearful,1,happy,0.18329773843288422
data/cremad/audio/1084_DFA_HAP_XX.wav,1084_DFA_HAP_XX.wav,1084,train,1,happy,3,angry,0.1865345537662506
data/cremad/audio/1084_DFA_NEU_XX.wav,1084_DFA_NEU_XX.wav,1084,train,0,neutral,1,happy,0.18238699436187744
data/cremad/audio/1084_DFA_SAD_XX.wav,1084_DFA_SAD_XX.wav,1084,train,2,sad,1,happy,0.18161627650260925
data/cremad/audio/1084_IEO_ANG_HI.wav,1084_IEO_ANG_HI.wav,1084,train,3,angry,3,angry,0.18458378314971924
data/cremad/audio/1084_IEO_ANG_LO.wav,1084_IEO_ANG_LO.wav,1084,train,3,angry,3,angry,0.1843920201063156
data/cremad/audio/1084_IEO_ANG_MD.wav,1084_IEO_ANG_MD.wav,1084,train,3,angry,3,angry,0.1835491955280304
data/cremad/audio/1084_IEO_DIS_HI.wav,1084_IEO_DIS_HI.wav,1084,train,5,disgust,3,angry,0.1810978353023529
data/cremad/audio/1084_IEO_DIS_LO.wav,1084_IEO_DIS_LO.wav,1084,train,5,disgust,3,angry,0.18037958443164825
data/cremad/audio/1084_IEO_DIS_MD.wav,1084_IEO_DIS_MD.wav,1084,train,5,disgust,3,angry,0.18426844477653503
data/cremad/audio/1084_IEO_FEA_HI.wav,1084_IEO_FEA_HI.wav,1084,train,4,fearful,1,happy,0.18072199821472168
data/cremad/audio/1084_IEO_FEA_LO.wav,1084_IEO_FEA_LO.wav,1084,train,4,fearful,1,happy,0.1804676651954651
data/cremad/audio/1084_IEO_FEA_MD.wav,1084_IEO_FEA_MD.wav,1084,train,4,fearful,1,happy,0.1802114099264145
data/cremad/audio/1084_IEO_HAP_HI.wav,1084_IEO_HAP_HI.wav,1084,train,1,happy,3,angry,0.1862669587135315
data/cremad/audio/1084_IEO_HAP_LO.wav,1084_IEO_HAP_LO.wav,1084,train,1,happy,1,happy,0.1826208084821701
data/cremad/audio/1084_IEO_HAP_MD.wav,1084_IEO_HAP_MD.wav,1084,train,1,happy,1,happy,0.18237385153770447
data/cremad/audio/1084_IEO_NEU_XX.wav,1084_IEO_NEU_XX.wav,1084,train,0,neutral,1,happy,0.1832437962293625
data/cremad/audio/1084_IEO_SAD_HI.wav,1084_IEO_SAD_HI.wav,1084,train,2,sad,1,happy,0.18085582554340363
data/cremad/audio/1084_IEO_SAD_LO.wav,1084_IEO_SAD_LO.wav,1084,train,2,sad,1,happy,0.1814689040184021
data/cremad/audio/1084_IEO_SAD_MD.wav,1084_IEO_SAD_MD.wav,1084,train,2,sad,1,happy,0.1805972307920456
data/cremad/audio/1084_IOM_ANG_XX.wav,1084_IOM_ANG_XX.wav,1084,train,3,angry,3,angry,0.18715344369411469
data/cremad/audio/1084_IOM_DIS_XX.wav,1084_IOM_DIS_XX.wav,1084,train,5,disgust,1,happy,0.18093320727348328
data/cremad/audio/1084_IOM_FEA_XX.wav,1084_IOM_FEA_XX.wav,1084,train,4,fearful,3,angry,0.18074142932891846
data/cremad/audio/1084_IOM_HAP_XX.wav,1084_IOM_HAP_XX.wav,1084,train,1,happy,1,happy,0.18329130113124847
data/cremad/audio/1084_IOM_NEU_XX.wav,1084_IOM_NEU_XX.wav,1084,train,0,neutral,1,happy,0.18458306789398193
data/cremad/audio/1084_IOM_SAD_XX.wav,1084_IOM_SAD_XX.wav,1084,train,2,sad,3,angry,0.1810080111026764
data/cremad/audio/1084_ITH_ANG_XX.wav,1084_ITH_ANG_XX.wav,1084,train,3,angry,3,angry,0.1831422746181488
data/cremad/audio/1084_ITH_DIS_XX.wav,1084_ITH_DIS_XX.wav,1084,train,5,disgust,3,angry,0.18120035529136658
data/cremad/audio/1084_ITH_FEA_XX.wav,1084_ITH_FEA_XX.wav,1084,train,4,fearful,1,happy,0.18219079077243805
data/cremad/audio/1084_ITH_HAP_XX.wav,1084_ITH_HAP_XX.wav,1084,train,1,happy,1,happy,0.18295203149318695
data/cremad/audio/1084_ITH_NEU_XX.wav,1084_ITH_NEU_XX.wav,1084,train,0,neutral,1,happy,0.18261727690696716
data/cremad/audio/1084_ITH_SAD_XX.wav,1084_ITH_SAD_XX.wav,1084,train,2,sad,1,happy,0.18182998895645142
data/cremad/audio/1084_ITS_ANG_XX.wav,1084_ITS_ANG_XX.wav,1084,train,3,angry,3,angry,0.18239343166351318
data/cremad/audio/1084_ITS_DIS_XX.wav,1084_ITS_DIS_XX.wav,1084,train,5,disgust,1,happy,0.18305544555187225
data/cremad/audio/1084_ITS_FEA_XX.wav,1084_ITS_FEA_XX.wav,1084,train,4,fearful,1,happy,0.18141788244247437
data/cremad/audio/1084_ITS_HAP_XX.wav,1084_ITS_HAP_XX.wav,1084,train,1,happy,3,angry,0.18511836230754852
data/cremad/audio/1084_ITS_NEU_XX.wav,1084_ITS_NEU_XX.wav,1084,train,0,neutral,1,happy,0.18430949747562408
data/cremad/audio/1084_ITS_SAD_XX.wav,1084_ITS_SAD_XX.wav,1084,train,2,sad,1,happy,0.18328185379505157
data/cremad/audio/1084_IWL_ANG_XX.wav,1084_IWL_ANG_XX.wav,1084,train,3,angry,3,angry,0.18830987811088562
data/cremad/audio/1084_IWL_DIS_XX.wav,1084_IWL_DIS_XX.wav,1084,train,5,disgust,3,angry,0.1818418651819229
data/cremad/audio/1084_IWL_FEA_XX.wav,1084_IWL_FEA_XX.wav,1084,train,4,fearful,3,angry,0.18413738906383514
data/cremad/audio/1084_IWL_HAP_XX.wav,1084_IWL_HAP_XX.wav,1084,train,1,happy,3,angry,0.18349896371364594
data/cremad/audio/1084_IWL_NEU_XX.wav,1084_IWL_NEU_XX.wav,1084,train,0,neutral,1,happy,0.18364357948303223
data/cremad/audio/1084_IWL_SAD_XX.wav,1084_IWL_SAD_XX.wav,1084,train,2,sad,3,angry,0.18227820098400116
data/cremad/audio/1084_IWW_ANG_XX.wav,1084_IWW_ANG_XX.wav,1084,train,3,angry,3,angry,0.18508893251419067
data/cremad/audio/1084_IWW_DIS_XX.wav,1084_IWW_DIS_XX.wav,1084,train,5,disgust,1,happy,0.18187649548053741
data/cremad/audio/1084_IWW_FEA_XX.wav,1084_IWW_FEA_XX.wav,1084,train,4,fearful,3,angry,0.18002742528915405
data/cremad/audio/1084_IWW_HAP_XX.wav,1084_IWW_HAP_XX.wav,1084,train,1,happy,1,happy,0.18281173706054688
data/cremad/audio/1084_IWW_NEU_XX.wav,1084_IWW_NEU_XX.wav,1084,train,0,neutral,3,angry,0.18713706731796265
data/cremad/audio/1084_IWW_SAD_XX.wav,1084_IWW_SAD_XX.wav,1084,train,2,sad,1,happy,0.18199989199638367
data/cremad/audio/1084_MTI_ANG_XX.wav,1084_MTI_ANG_XX.wav,1084,train,3,angry,3,angry,0.18510709702968597
data/cremad/audio/1084_MTI_DIS_XX.wav,1084_MTI_DIS_XX.wav,1084,train,5,disgust,3,angry,0.18336547911167145
data/cremad/audio/1084_MTI_FEA_XX.wav,1084_MTI_FEA_XX.wav,1084,train,4,fearful,1,happy,0.18074998259544373
data/cremad/audio/1084_MTI_HAP_XX.wav,1084_MTI_HAP_XX.wav,1084,train,1,happy,3,angry,0.18196550011634827
data/cremad/audio/1084_MTI_NEU_XX.wav,1084_MTI_NEU_XX.wav,1084,train,0,neutral,1,happy,0.18323016166687012
data/cremad/audio/1084_MTI_SAD_XX.wav,1084_MTI_SAD_XX.wav,1084,train,2,sad,1,happy,0.18045586347579956
data/cremad/audio/1084_TAI_ANG_XX.wav,1084_TAI_ANG_XX.wav,1084,train,3,angry,3,angry,0.18564750254154205
data/cremad/audio/1084_TAI_DIS_XX.wav,1084_TAI_DIS_XX.wav,1084,train,5,disgust,1,happy,0.18141205608844757
data/cremad/audio/1084_TAI_FEA_XX.wav,1084_TAI_FEA_XX.wav,1084,train,4,fearful,1,happy,0.18060559034347534
data/cremad/audio/1084_TAI_HAP_XX.wav,1084_TAI_HAP_XX.wav,1084,train,1,happy,1,happy,0.1818235069513321
data/cremad/audio/1084_TAI_NEU_XX.wav,1084_TAI_NEU_XX.wav,1084,train,0,neutral,3,angry,0.18419672548770905
data/cremad/audio/1084_TAI_SAD_XX.wav,1084_TAI_SAD_XX.wav,1084,train,2,sad,1,happy,0.18161641061306
data/cremad/audio/1084_TIE_ANG_XX.wav,1084_TIE_ANG_XX.wav,1084,train,3,angry,1,happy,0.1835395246744156
data/cremad/audio/1084_TIE_DIS_XX.wav,1084_TIE_DIS_XX.wav,1084,train,5,disgust,3,angry,0.1823793202638626
data/cremad/audio/1084_TIE_FEA_XX.wav,1084_TIE_FEA_XX.wav,1084,train,4,fearful,3,angry,0.18219180405139923
data/cremad/audio/1084_TIE_HAP_XX.wav,1084_TIE_HAP_XX.wav,1084,train,1,happy,1,happy,0.18349432945251465
data/cremad/audio/1084_TIE_NEU_XX.wav,1084_TIE_NEU_XX.wav,1084,train,0,neutral,3,angry,0.18322791159152985
data/cremad/audio/1084_TIE_SAD_XX.wav,1084_TIE_SAD_XX.wav,1084,train,2,sad,1,happy,0.18127283453941345
data/cremad/audio/1084_TSI_ANG_XX.wav,1084_TSI_ANG_XX.wav,1084,train,3,angry,3,angry,0.18118403851985931
data/cremad/audio/1084_TSI_DIS_XX.wav,1084_TSI_DIS_XX.wav,1084,train,5,disgust,1,happy,0.18013563752174377
data/cremad/audio/1084_TSI_FEA_XX.wav,1084_TSI_FEA_XX.wav,1084,train,4,fearful,1,happy,0.1796843409538269
data/cremad/audio/1084_TSI_HAP_XX.wav,1084_TSI_HAP_XX.wav,1084,train,1,happy,1,happy,0.18161547183990479
data/cremad/audio/1084_TSI_NEU_XX.wav,1084_TSI_NEU_XX.wav,1084,train,0,neutral,1,happy,0.1818389892578125
data/cremad/audio/1084_TSI_SAD_XX.wav,1084_TSI_SAD_XX.wav,1084,train,2,sad,1,happy,0.1815337836742401
data/cremad/audio/1084_WSI_ANG_XX.wav,1084_WSI_ANG_XX.wav,1084,train,3,angry,3,angry,0.1825690120458603
data/cremad/audio/1084_WSI_DIS_XX.wav,1084_WSI_DIS_XX.wav,1084,train,5,disgust,1,happy,0.18017958104610443
data/cremad/audio/1084_WSI_FEA_XX.wav,1084_WSI_FEA_XX.wav,1084,train,4,fearful,1,happy,0.18040327727794647
data/cremad/audio/1084_WSI_HAP_XX.wav,1084_WSI_HAP_XX.wav,1084,train,1,happy,3,angry,0.18576370179653168
data/cremad/audio/1084_WSI_NEU_XX.wav,1084_WSI_NEU_XX.wav,1084,train,0,neutral,1,happy,0.18413273990154266
data/cremad/audio/1084_WSI_SAD_XX.wav,1084_WSI_SAD_XX.wav,1084,train,2,sad,1,happy,0.1812889128923416
data/cremad/audio/1085_DFA_ANG_XX.wav,1085_DFA_ANG_XX.wav,1085,train,3,angry,3,angry,0.19155347347259521
data/cremad/audio/1085_DFA_DIS_XX.wav,1085_DFA_DIS_XX.wav,1085,train,5,disgust,1,happy,0.1825953722000122
data/cremad/audio/1085_DFA_FEA_XX.wav,1085_DFA_FEA_XX.wav,1085,train,4,fearful,1,happy,0.18124476075172424
data/cremad/audio/1085_DFA_HAP_XX.wav,1085_DFA_HAP_XX.wav,1085,train,1,happy,1,happy,0.18478275835514069
data/cremad/audio/1085_DFA_NEU_XX.wav,1085_DFA_NEU_XX.wav,1085,train,0,neutral,1,happy,0.18238452076911926
data/cremad/audio/1085_DFA_SAD_XX.wav,1085_DFA_SAD_XX.wav,1085,train,2,sad,1,happy,0.18073716759681702
data/cremad/audio/1085_IEO_ANG_HI.wav,1085_IEO_ANG_HI.wav,1085,train,3,angry,1,happy,0.18361826241016388
data/cremad/audio/1085_IEO_ANG_LO.wav,1085_IEO_ANG_LO.wav,1085,train,3,angry,3,angry,0.18244490027427673
data/cremad/audio/1085_IEO_ANG_MD.wav,1085_IEO_ANG_MD.wav,1085,train,3,angry,3,angry,0.18384648859500885
data/cremad/audio/1085_IEO_DIS_HI.wav,1085_IEO_DIS_HI.wav,1085,train,5,disgust,3,angry,0.1836281716823578
data/cremad/audio/1085_IEO_DIS_LO.wav,1085_IEO_DIS_LO.wav,1085,train,5,disgust,1,happy,0.18100686371326447
data/cremad/audio/1085_IEO_DIS_MD.wav,1085_IEO_DIS_MD.wav,1085,train,5,disgust,1,happy,0.18233324587345123
data/cremad/audio/1085_IEO_FEA_HI.wav,1085_IEO_FEA_HI.wav,1085,train,4,fearful,3,angry,0.18505282700061798
data/cremad/audio/1085_IEO_FEA_LO.wav,1085_IEO_FEA_LO.wav,1085,train,4,fearful,1,happy,0.18312788009643555
data/cremad/audio/1085_IEO_FEA_MD.wav,1085_IEO_FEA_MD.wav,1085,train,4,fearful,1,happy,0.180512934923172
data/cremad/audio/1085_IEO_HAP_HI.wav,1085_IEO_HAP_HI.wav,1085,train,1,happy,1,happy,0.18463024497032166
data/cremad/audio/1085_IEO_HAP_LO.wav,1085_IEO_HAP_LO.wav,1085,train,1,happy,1,happy,0.18356803059577942
data/cremad/audio/1085_IEO_HAP_MD.wav,1085_IEO_HAP_MD.wav,1085,train,1,happy,1,happy,0.18277840316295624
data/cremad/audio/1085_IEO_NEU_XX.wav,1085_IEO_NEU_XX.wav,1085,train,0,neutral,1,happy,0.18238355219364166
data/cremad/audio/1085_IEO_SAD_HI.wav,1085_IEO_SAD_HI.wav,1085,train,2,sad,1,happy,0.18154151737689972
data/cremad/audio/1085_IEO_SAD_LO.wav,1085_IEO_SAD_LO.wav,1085,train,2,sad,1,happy,0.18168587982654572
data/cremad/audio/1085_IEO_SAD_MD.wav,1085_IEO_SAD_MD.wav,1085,train,2,sad,1,happy,0.1820017695426941
data/cremad/audio/1085_IOM_ANG_XX.wav,1085_IOM_ANG_XX.wav,1085,train,3,angry,3,angry,0.18718205392360687
data/cremad/audio/1085_IOM_DIS_XX.wav,1085_IOM_DIS_XX.wav,1085,train,5,disgust,3,angry,0.18448349833488464
data/cremad/audio/1085_IOM_FEA_XX.wav,1085_IOM_FEA_XX.wav,1085,train,4,fearful,1,happy,0.18102076649665833
data/cremad/audio/1085_IOM_HAP_XX.wav,1085_IOM_HAP_XX.wav,1085,train,1,happy,1,happy,0.18417948484420776
data/cremad/audio/1085_IOM_NEU_XX.wav,1085_IOM_NEU_XX.wav,1085,train,0,neutral,1,happy,0.18444398045539856
data/cremad/audio/1085_IOM_SAD_XX.wav,1085_IOM_SAD_XX.wav,1085,train,2,sad,1,happy,0.1822553426027298
data/cremad/audio/1085_ITH_ANG_XX.wav,1085_ITH_ANG_XX.wav,1085,train,3,angry,3,angry,0.18513211607933044
data/cremad/audio/1085_ITH_DIS_XX.wav,1085_ITH_DIS_XX.wav,1085,train,5,disgust,3,angry,0.1829783022403717
data/cremad/audio/1085_ITH_FEA_XX.wav,1085_ITH_FEA_XX.wav,1085,train,4,fearful,1,happy,0.18080517649650574
data/cremad/audio/1085_ITH_HAP_XX.wav,1085_ITH_HAP_XX.wav,1085,train,1,happy,1,happy,0.18436424434185028
data/cremad/audio/1085_ITH_NEU_XX.wav,1085_ITH_NEU_XX.wav,1085,train,0,neutral,3,angry,0.18371836841106415
data/cremad/audio/1085_ITH_SAD_XX.wav,1085_ITH_SAD_XX.wav,1085,train,2,sad,1,happy,0.18279756605625153
data/cremad/audio/1085_ITS_ANG_XX.wav,1085_ITS_ANG_XX.wav,1085,train,3,angry,3,angry,0.18503031134605408
data/cremad/audio/1085_ITS_DIS_XX.wav,1085_ITS_DIS_XX.wav,1085,train,5,disgust,3,angry,0.1806141883134842
data/cremad/audio/1085_ITS_FEA_XX.wav,1085_ITS_FEA_XX.wav,1085,train,4,fearful,1,happy,0.18157987296581268
data/cremad/audio/1085_ITS_HAP_XX.wav,1085_ITS_HAP_XX.wav,1085,train,1,happy,3,angry,0.1830640584230423
data/cremad/audio/1085_ITS_NEU_XX.wav,1085_ITS_NEU_XX.wav,1085,train,0,neutral,1,happy,0.18396173417568207
data/cremad/audio/1085_ITS_SAD_XX.wav,1085_ITS_SAD_XX.wav,1085,train,2,sad,1,happy,0.18270662426948547
data/cremad/audio/1085_IWL_ANG_XX.wav,1085_IWL_ANG_XX.wav,1085,train,3,angry,3,angry,0.1874905377626419
data/cremad/audio/1085_IWL_DIS_XX.wav,1085_IWL_DIS_XX.wav,1085,train,5,disgust,1,happy,0.18305616080760956
data/cremad/audio/1085_IWL_FEA_XX.wav,1085_IWL_FEA_XX.wav,1085,train,4,fearful,3,angry,0.18374203145503998
data/cremad/audio/1085_IWL_HAP_XX.wav,1085_IWL_HAP_XX.wav,1085,train,1,happy,3,angry,0.1845778077840805
data/cremad/audio/1085_IWL_NEU_XX.wav,1085_IWL_NEU_XX.wav,1085,train,0,neutral,1,happy,0.1838349550962448
data/cremad/audio/1085_IWL_SAD_XX.wav,1085_IWL_SAD_XX.wav,1085,train,2,sad,1,happy,0.18092212080955505
data/cremad/audio/1085_IWW_ANG_XX.wav,1085_IWW_ANG_XX.wav,1085,train,3,angry,3,angry,0.18352662026882172
data/cremad/audio/1085_IWW_DIS_XX.wav,1085_IWW_DIS_XX.wav,1085,train,5,disgust,3,angry,0.18304762244224548
data/cremad/audio/1085_IWW_FEA_XX.wav,1085_IWW_FEA_XX.wav,1085,train,4,fearful,1,happy,0.18180763721466064
data/cremad/audio/1085_IWW_HAP_XX.wav,1085_IWW_HAP_XX.wav,1085,train,1,happy,1,happy,0.1816376894712448
data/cremad/audio/1085_IWW_NEU_XX.wav,1085_IWW_NEU_XX.wav,1085,train,0,neutral,1,happy,0.18238303065299988
data/cremad/audio/1085_IWW_SAD_XX.wav,1085_IWW_SAD_XX.wav,1085,train,2,sad,1,happy,0.18208543956279755
data/cremad/audio/1085_MTI_ANG_XX.wav,1085_MTI_ANG_XX.wav,1085,train,3,angry,3,angry,0.18565644323825836
data/cremad/audio/1085_MTI_DIS_XX.wav,1085_MTI_DIS_XX.wav,1085,train,5,disgust,3,angry,0.18370889127254486
data/cremad/audio/1085_MTI_FEA_XX.wav,1085_MTI_FEA_XX.wav,1085,train,4,fearful,3,angry,0.1808611899614334
data/cremad/audio/1085_MTI_HAP_XX.wav,1085_MTI_HAP_XX.wav,1085,train,1,happy,1,happy,0.18300990760326385
data/cremad/audio/1085_MTI_NEU_XX.wav,1085_MTI_NEU_XX.wav,1085,train,0,neutral,1,happy,0.18319576978683472
data/cremad/audio/1085_MTI_SAD_XX.wav,1085_MTI_SAD_XX.wav,1085,train,2,sad,1,happy,0.18183633685112
data/cremad/audio/1085_TAI_ANG_XX.wav,1085_TAI_ANG_XX.wav,1085,train,3,angry,3,angry,0.18595097959041595
data/cremad/audio/1085_TAI_DIS_XX.wav,1085_TAI_DIS_XX.wav,1085,train,5,disgust,3,angry,0.18227751553058624
data/cremad/audio/1085_TAI_FEA_XX.wav,1085_TAI_FEA_XX.wav,1085,train,4,fearful,1,happy,0.18137384951114655
data/cremad/audio/1085_TAI_HAP_XX.wav,1085_TAI_HAP_XX.wav,1085,train,1,happy,1,happy,0.18309564888477325
data/cremad/audio/1085_TAI_NEU_XX.wav,1085_TAI_NEU_XX.wav,1085,train,0,neutral,1,happy,0.1832011491060257
data/cremad/audio/1085_TAI_SAD_XX.wav,1085_TAI_SAD_XX.wav,1085,train,2,sad,1,happy,0.18277354538440704
data/cremad/audio/1085_TIE_ANG_XX.wav,1085_TIE_ANG_XX.wav,1085,train,3,angry,3,angry,0.18561378121376038
data/cremad/audio/1085_TIE_DIS_XX.wav,1085_TIE_DIS_XX.wav,1085,train,5,disgust,3,angry,0.1845560073852539
data/cremad/audio/1085_TIE_FEA_XX.wav,1085_TIE_FEA_XX.wav,1085,train,4,fearful,1,happy,0.18017703294754028
data/cremad/audio/1085_TIE_HAP_XX.wav,1085_TIE_HAP_XX.wav,1085,train,1,happy,1,happy,0.18357837200164795
data/cremad/audio/1085_TIE_NEU_XX.wav,1085_TIE_NEU_XX.wav,1085,train,0,neutral,1,happy,0.18233215808868408
data/cremad/audio/1085_TIE_SAD_XX.wav,1085_TIE_SAD_XX.wav,1085,train,2,sad,1,happy,0.18051986396312714
data/cremad/audio/1085_TSI_ANG_XX.wav,1085_TSI_ANG_XX.wav,1085,train,3,angry,3,angry,0.18614539504051208
data/cremad/audio/1085_TSI_DIS_XX.wav,1085_TSI_DIS_XX.wav,1085,train,5,disgust,3,angry,0.18289490044116974
data/cremad/audio/1085_TSI_FEA_XX.wav,1085_TSI_FEA_XX.wav,1085,train,4,fearful,1,happy,0.18120276927947998
data/cremad/audio/1085_TSI_HAP_XX.wav,1085_TSI_HAP_XX.wav,1085,train,1,happy,1,happy,0.183024063706398
data/cremad/audio/1085_TSI_NEU_XX.wav,1085_TSI_NEU_XX.wav,1085,train,0,neutral,1,happy,0.18336988985538483
data/cremad/audio/1085_TSI_SAD_XX.wav,1085_TSI_SAD_XX.wav,1085,train,2,sad,1,happy,0.18334321677684784
data/cremad/audio/1085_WSI_ANG_XX.wav,1085_WSI_ANG_XX.wav,1085,train,3,angry,3,angry,0.18559665977954865
data/cremad/audio/1085_WSI_DIS_XX.wav,1085_WSI_DIS_XX.wav,1085,train,5,disgust,3,angry,0.18323858082294464
data/cremad/audio/1085_WSI_FEA_XX.wav,1085_WSI_FEA_XX.wav,1085,train,4,fearful,1,happy,0.18343086540699005
data/cremad/audio/1085_WSI_HAP_XX.wav,1085_WSI_HAP_XX.wav,1085,train,1,happy,1,happy,0.18317143619060516
data/cremad/audio/1085_WSI_NEU_XX.wav,1085_WSI_NEU_XX.wav,1085,train,0,neutral,1,happy,0.18228483200073242
data/cremad/audio/1085_WSI_SAD_XX.wav,1085_WSI_SAD_XX.wav,1085,train,2,sad,1,happy,0.17988526821136475
data/cremad/audio/1086_DFA_ANG_XX.wav,1086_DFA_ANG_XX.wav,1086,train,3,angry,3,angry,0.18537773191928864
data/cremad/audio/1086_DFA_DIS_XX.wav,1086_DFA_DIS_XX.wav,1086,train,5,disgust,1,happy,0.1848505288362503
data/cremad/audio/1086_DFA_FEA_XX.wav,1086_DFA_FEA_XX.wav,1086,train,4,fearful,1,happy,0.18289756774902344
data/cremad/audio/1086_DFA_HAP_XX.wav,1086_DFA_HAP_XX.wav,1086,train,1,happy,1,happy,0.18239825963974
data/cremad/audio/1086_DFA_NEU_XX.wav,1086_DFA_NEU_XX.wav,1086,train,0,neutral,1,happy,0.1848629266023636
data/cremad/audio/1086_DFA_SAD_XX.wav,1086_DFA_SAD_XX.wav,1086,train,2,sad,1,happy,0.18361811339855194
data/cremad/audio/1086_IEO_ANG_HI.wav,1086_IEO_ANG_HI.wav,1086,train,3,angry,3,angry,0.1872977614402771
data/cremad/audio/1086_IEO_ANG_LO.wav,1086_IEO_ANG_LO.wav,1086,train,3,angry,3,angry,0.18286006152629852
data/cremad/audio/1086_IEO_ANG_MD.wav,1086_IEO_ANG_MD.wav,1086,train,3,angry,3,angry,0.18579301238059998
data/cremad/audio/1086_IEO_DIS_HI.wav,1086_IEO_DIS_HI.wav,1086,train,5,disgust,1,happy,0.18244484066963196
data/cremad/audio/1086_IEO_DIS_LO.wav,1086_IEO_DIS_LO.wav,1086,train,5,disgust,1,happy,0.1820499449968338
data/cremad/audio/1086_IEO_DIS_MD.wav,1086_IEO_DIS_MD.wav,1086,train,5,disgust,1,happy,0.18259930610656738
data/cremad/audio/1086_IEO_FEA_HI.wav,1086_IEO_FEA_HI.wav,1086,train,4,fearful,1,happy,0.1834283471107483
data/cremad/audio/1086_IEO_FEA_LO.wav,1086_IEO_FEA_LO.wav,1086,train,4,fearful,1,happy,0.18517474830150604
data/cremad/audio/1086_IEO_FEA_MD.wav,1086_IEO_FEA_MD.wav,1086,train,4,fearful,1,happy,0.18231669068336487
data/cremad/audio/1086_IEO_HAP_HI.wav,1086_IEO_HAP_HI.wav,1086,train,1,happy,1,happy,0.1853487640619278
data/cremad/audio/1086_IEO_HAP_LO.wav,1086_IEO_HAP_LO.wav,1086,train,1,happy,1,happy,0.18388305604457855
data/cremad/audio/1086_IEO_HAP_MD.wav,1086_IEO_HAP_MD.wav,1086,train,1,happy,1,happy,0.1825290322303772
data/cremad/audio/1086_IEO_NEU_XX.wav,1086_IEO_NEU_XX.wav,1086,train,0,neutral,1,happy,0.18313224613666534
data/cremad/audio/1086_IEO_SAD_HI.wav,1086_IEO_SAD_HI.wav,1086,train,2,sad,1,happy,0.1805289387702942
data/cremad/audio/1086_IEO_SAD_LO.wav,1086_IEO_SAD_LO.wav,1086,train,2,sad,1,happy,0.17914292216300964
data/cremad/audio/1086_IEO_SAD_MD.wav,1086_IEO_SAD_MD.wav,1086,train,2,sad,1,happy,0.18101423978805542
data/cremad/audio/1086_IOM_ANG_XX.wav,1086_IOM_ANG_XX.wav,1086,train,3,angry,1,happy,0.1828407198190689
data/cremad/audio/1086_IOM_DIS_XX.wav,1086_IOM_DIS_XX.wav,1086,train,5,disgust,3,angry,0.1805742084980011
data/cremad/audio/1086_IOM_FEA_XX.wav,1086_IOM_FEA_XX.wav,1086,train,4,fearful,1,happy,0.1826116144657135
data/cremad/audio/1086_IOM_HAP_XX.wav,1086_IOM_HAP_XX.wav,1086,train,1,happy,1,happy,0.18388602137565613
data/cremad/audio/1086_IOM_NEU_XX.wav,1086_IOM_NEU_XX.wav,1086,train,0,neutral,1,happy,0.18391193449497223
data/cremad/audio/1086_IOM_SAD_XX.wav,1086_IOM_SAD_XX.wav,1086,train,2,sad,1,happy,0.1809055209159851
data/cremad/audio/1086_ITH_ANG_XX.wav,1086_ITH_ANG_XX.wav,1086,train,3,angry,3,angry,0.18553867936134338
data/cremad/audio/1086_ITH_DIS_XX.wav,1086_ITH_DIS_XX.wav,1086,train,5,disgust,1,happy,0.18267092108726501
data/cremad/audio/1086_ITH_FEA_XX.wav,1086_ITH_FEA_XX.wav,1086,train,4,fearful,1,happy,0.18291884660720825
data/cremad/audio/1086_ITH_HAP_XX.wav,1086_ITH_HAP_XX.wav,1086,train,1,happy,1,happy,0.1835111528635025
data/cremad/audio/1086_ITH_NEU_XX.wav,1086_ITH_NEU_XX.wav,1086,train,0,neutral,1,happy,0.18295761942863464
data/cremad/audio/1086_ITH_SAD_XX.wav,1086_ITH_SAD_XX.wav,1086,train,2,sad,1,happy,0.18200205266475677
data/cremad/audio/1086_ITS_ANG_XX.wav,1086_ITS_ANG_XX.wav,1086,train,3,angry,3,angry,0.18492330610752106
data/cremad/audio/1086_ITS_DIS_XX.wav,1086_ITS_DIS_XX.wav,1086,train,5,disgust,1,happy,0.18417340517044067
data/cremad/audio/1086_ITS_FEA_XX.wav,1086_ITS_FEA_XX.wav,1086,train,4,fearful,3,angry,0.18649543821811676
data/cremad/audio/1086_ITS_HAP_XX.wav,1086_ITS_HAP_XX.wav,1086,train,1,happy,1,happy,0.18542146682739258
data/cremad/audio/1086_ITS_NEU_XX.wav,1086_ITS_NEU_XX.wav,1086,train,0,neutral,1,happy,0.18305951356887817
data/cremad/audio/1086_ITS_SAD_XX.wav,1086_ITS_SAD_XX.wav,1086,train,2,sad,1,happy,0.18325139582157135
data/cremad/audio/1086_IWL_ANG_XX.wav,1086_IWL_ANG_XX.wav,1086,train,3,angry,3,angry,0.1858687698841095
data/cremad/audio/1086_IWL_DIS_XX.wav,1086_IWL_DIS_XX.wav,1086,train,5,disgust,1,happy,0.18147780001163483
data/cremad/audio/1086_IWL_FEA_XX.wav,1086_IWL_FEA_XX.wav,1086,train,4,fearful,1,happy,0.18411388993263245
data/cremad/audio/1086_IWL_HAP_XX.wav,1086_IWL_HAP_XX.wav,1086,train,1,happy,1,happy,0.18480996787548065
data/cremad/audio/1086_IWL_NEU_XX.wav,1086_IWL_NEU_XX.wav,1086,train,0,neutral,3,angry,0.18345043063163757
data/cremad/audio/1086_IWL_SAD_XX.wav,1086_IWL_SAD_XX.wav,1086,train,2,sad,1,happy,0.18450826406478882
data/cremad/audio/1086_IWW_ANG_XX.wav,1086_IWW_ANG_XX.wav,1086,train,3,angry,3,angry,0.1857750415802002
data/cremad/audio/1086_IWW_DIS_XX.wav,1086_IWW_DIS_XX.wav,1086,train,5,disgust,1,happy,0.18299610912799835
data/cremad/audio/1086_IWW_FEA_XX.wav,1086_IWW_FEA_XX.wav,1086,train,4,fearful,1,happy,0.18352745473384857
data/cremad/audio/1086_IWW_HAP_XX.wav,1086_IWW_HAP_XX.wav,1086,train,1,happy,1,happy,0.18506555259227753
data/cremad/audio/1086_IWW_NEU_XX.wav,1086_IWW_NEU_XX.wav,1086,train,0,neutral,1,happy,0.18404781818389893
data/cremad/audio/1086_IWW_SAD_XX.wav,1086_IWW_SAD_XX.wav,1086,train,2,sad,1,happy,0.18217746913433075
data/cremad/audio/1086_MTI_ANG_XX.wav,1086_MTI_ANG_XX.wav,1086,train,3,angry,3,angry,0.18619950115680695
data/cremad/audio/1086_MTI_DIS_XX.wav,1086_MTI_DIS_XX.wav,1086,train,5,disgust,3,angry,0.18343093991279602
data/cremad/audio/1086_MTI_FEA_XX.wav,1086_MTI_FEA_XX.wav,1086,train,4,fearful,3,angry,0.18443657457828522
data/cremad/audio/1086_MTI_HAP_XX.wav,1086_MTI_HAP_XX.wav,1086,train,1,happy,1,happy,0.1845637410879135
data/cremad/audio/1086_MTI_NEU_XX.wav,1086_MTI_NEU_XX.wav,1086,train,0,neutral,3,angry,0.18435148894786835
data/cremad/audio/1086_MTI_SAD_XX.wav,1086_MTI_SAD_XX.wav,1086,train,2,sad,3,angry,0.1848960965871811
data/cremad/audio/1086_TAI_ANG_XX.wav,1086_TAI_ANG_XX.wav,1086,train,3,angry,3,angry,0.1856820434331894
data/cremad/audio/1086_TAI_DIS_XX.wav,1086_TAI_DIS_XX.wav,1086,train,5,disgust,1,happy,0.18255196511745453
data/cremad/audio/1086_TAI_FEA_XX.wav,1086_TAI_FEA_XX.wav,1086,train,4,fearful,1,happy,0.18331734836101532
data/cremad/audio/1086_TAI_HAP_XX.wav,1086_TAI_HAP_XX.wav,1086,train,1,happy,3,angry,0.1850573718547821
data/cremad/audio/1086_TAI_NEU_XX.wav,1086_TAI_NEU_XX.wav,1086,train,0,neutral,3,angry,0.18745248019695282
data/cremad/audio/1086_TAI_SAD_XX.wav,1086_TAI_SAD_XX.wav,1086,train,2,sad,1,happy,0.18315920233726501
data/cremad/audio/1086_TIE_ANG_XX.wav,1086_TIE_ANG_XX.wav,1086,train,3,angry,3,angry,0.18455109000205994
data/cremad/audio/1086_TIE_DIS_XX.wav,1086_TIE_DIS_XX.wav,1086,train,5,disgust,3,angry,0.18268722295761108
data/cremad/audio/1086_TIE_FEA_XX.wav,1086_TIE_FEA_XX.wav,1086,train,4,fearful,3,angry,0.1862625777721405
data/cremad/audio/1086_TIE_HAP_XX.wav,1086_TIE_HAP_XX.wav,1086,train,1,happy,1,happy,0.18261663615703583
data/cremad/audio/1086_TIE_NEU_XX.wav,1086_TIE_NEU_XX.wav,1086,train,0,neutral,1,happy,0.18459102511405945
data/cremad/audio/1086_TIE_SAD_XX.wav,1086_TIE_SAD_XX.wav,1086,train,2,sad,1,happy,0.18054868280887604
data/cremad/audio/1086_TSI_ANG_XX.wav,1086_TSI_ANG_XX.wav,1086,train,3,angry,3,angry,0.1864267736673355
data/cremad/audio/1086_TSI_DIS_XX.wav,1086_TSI_DIS_XX.wav,1086,train,5,disgust,1,happy,0.1804615557193756
data/cremad/audio/1086_TSI_FEA_XX.wav,1086_TSI_FEA_XX.wav,1086,train,4,fearful,1,happy,0.18378621339797974
data/cremad/audio/1086_TSI_HAP_XX.wav,1086_TSI_HAP_XX.wav,1086,train,1,happy,3,angry,0.18294775485992432
data/cremad/audio/1086_TSI_NEU_XX.wav,1086_TSI_NEU_XX.wav,1086,train,0,neutral,3,angry,0.18656452000141144
data/cremad/audio/1086_TSI_SAD_XX.wav,1086_TSI_SAD_XX.wav,1086,train,2,sad,1,happy,0.18004564940929413
data/cremad/audio/1086_WSI_ANG_XX.wav,1086_WSI_ANG_XX.wav,1086,train,3,angry,3,angry,0.18658079206943512
data/cremad/audio/1086_WSI_DIS_XX.wav,1086_WSI_DIS_XX.wav,1086,train,5,disgust,3,angry,0.18299053609371185
data/cremad/audio/1086_WSI_FEA_XX.wav,1086_WSI_FEA_XX.wav,1086,train,4,fearful,1,happy,0.1846621334552765
data/cremad/audio/1086_WSI_HAP_XX.wav,1086_WSI_HAP_XX.wav,1086,train,1,happy,1,happy,0.18410104513168335
data/cremad/audio/1086_WSI_NEU_XX.wav,1086_WSI_NEU_XX.wav,1086,train,0,neutral,1,happy,0.18454700708389282
data/cremad/audio/1086_WSI_SAD_XX.wav,1086_WSI_SAD_XX.wav,1086,train,2,sad,3,angry,0.1840505301952362
data/cremad/audio/1087_DFA_ANG_XX.wav,1087_DFA_ANG_XX.wav,1087,train,3,angry,3,angry,0.1845477968454361
data/cremad/audio/1087_DFA_DIS_XX.wav,1087_DFA_DIS_XX.wav,1087,train,5,disgust,1,happy,0.18160682916641235
data/cremad/audio/1087_DFA_FEA_XX.wav,1087_DFA_FEA_XX.wav,1087,train,4,fearful,1,happy,0.18111909925937653
data/cremad/audio/1087_DFA_HAP_XX.wav,1087_DFA_HAP_XX.wav,1087,train,1,happy,1,happy,0.18329600989818573
data/cremad/audio/1087_DFA_NEU_XX.wav,1087_DFA_NEU_XX.wav,1087,train,0,neutral,1,happy,0.18156474828720093
data/cremad/audio/1087_DFA_SAD_XX.wav,1087_DFA_SAD_XX.wav,1087,train,2,sad,1,happy,0.1822797656059265
data/cremad/audio/1087_IEO_ANG_HI.wav,1087_IEO_ANG_HI.wav,1087,train,3,angry,3,angry,0.1879846751689911
data/cremad/audio/1087_IEO_ANG_LO.wav,1087_IEO_ANG_LO.wav,1087,train,3,angry,3,angry,0.17872990667819977
data/cremad/audio/1087_IEO_ANG_MD.wav,1087_IEO_ANG_MD.wav,1087,train,3,angry,3,angry,0.18467119336128235
data/cremad/audio/1087_IEO_DIS_HI.wav,1087_IEO_DIS_HI.wav,1087,train,5,disgust,1,happy,0.18199744820594788
data/cremad/audio/1087_IEO_DIS_LO.wav,1087_IEO_DIS_LO.wav,1087,train,5,disgust,1,happy,0.18280020356178284
data/cremad/audio/1087_IEO_DIS_MD.wav,1087_IEO_DIS_MD.wav,1087,train,5,disgust,3,angry,0.181401327252388
data/cremad/audio/1087_IEO_FEA_HI.wav,1087_IEO_FEA_HI.wav,1087,train,4,fearful,3,angry,0.18448583781719208
data/cremad/audio/1087_IEO_FEA_LO.wav,1087_IEO_FEA_LO.wav,1087,train,4,fearful,1,happy,0.18252995610237122
data/cremad/audio/1087_IEO_FEA_MD.wav,1087_IEO_FEA_MD.wav,1087,train,4,fearful,1,happy,0.18279217183589935
data/cremad/audio/1087_IEO_HAP_HI.wav,1087_IEO_HAP_HI.wav,1087,train,1,happy,3,angry,0.18458177149295807
data/cremad/audio/1087_IEO_HAP_LO.wav,1087_IEO_HAP_LO.wav,1087,train,1,happy,1,happy,0.1819547563791275
data/cremad/audio/1087_IEO_HAP_MD.wav,1087_IEO_HAP_MD.wav,1087,train,1,happy,1,happy,0.18095336854457855
data/cremad/audio/1087_IEO_NEU_XX.wav,1087_IEO_NEU_XX.wav,1087,train,0,neutral,1,happy,0.18131989240646362
data/cremad/audio/1087_IEO_SAD_HI.wav,1087_IEO_SAD_HI.wav,1087,train,2,sad,1,happy,0.1827591210603714
data/cremad/audio/1087_IEO_SAD_LO.wav,1087_IEO_SAD_LO.wav,1087,train,2,sad,1,happy,0.18030481040477753
data/cremad/audio/1087_IEO_SAD_MD.wav,1087_IEO_SAD_MD.wav,1087,train,2,sad,1,happy,0.1818891018629074
data/cremad/audio/1087_IOM_ANG_XX.wav,1087_IOM_ANG_XX.wav,1087,train,3,angry,3,angry,0.18291498720645905
data/cremad/audio/1087_IOM_DIS_XX.wav,1087_IOM_DIS_XX.wav,1087,train,5,disgust,1,happy,0.18083205819129944
data/cremad/audio/1087_IOM_FEA_XX.wav,1087_IOM_FEA_XX.wav,1087,train,4,fearful,1,happy,0.1828569769859314
data/cremad/audio/1087_IOM_HAP_XX.wav,1087_IOM_HAP_XX.wav,1087,train,1,happy,1,happy,0.18393856287002563
data/cremad/audio/1087_IOM_NEU_XX.wav,1087_IOM_NEU_XX.wav,1087,train,0,neutral,1,happy,0.1826574206352234
data/cremad/audio/1087_IOM_SAD_XX.wav,1087_IOM_SAD_XX.wav,1087,train,2,sad,1,happy,0.1849665343761444
data/cremad/audio/1087_ITH_ANG_XX.wav,1087_ITH_ANG_XX.wav,1087,train,3,angry,1,happy,0.1821562796831131
data/cremad/audio/1087_ITH_DIS_XX.wav,1087_ITH_DIS_XX.wav,1087,train,5,disgust,1,happy,0.18220467865467072
data/cremad/audio/1087_ITH_FEA_XX.wav,1087_ITH_FEA_XX.wav,1087,train,4,fearful,1,happy,0.18202529847621918
data/cremad/audio/1087_ITH_HAP_XX.wav,1087_ITH_HAP_XX.wav,1087,train,1,happy,1,happy,0.18376055359840393
data/cremad/audio/1087_ITH_NEU_XX.wav,1087_ITH_NEU_XX.wav,1087,train,0,neutral,1,happy,0.18204334378242493
data/cremad/audio/1087_ITH_SAD_XX.wav,1087_ITH_SAD_XX.wav,1087,train,2,sad,1,happy,0.183802992105484
data/cremad/audio/1087_ITS_ANG_XX.wav,1087_ITS_ANG_XX.wav,1087,train,3,angry,1,happy,0.18336816132068634
data/cremad/audio/1087_ITS_DIS_XX.wav,1087_ITS_DIS_XX.wav,1087,train,5,disgust,1,happy,0.18092769384384155
data/cremad/audio/1087_ITS_FEA_XX.wav,1087_ITS_FEA_XX.wav,1087,train,4,fearful,1,happy,0.18066909909248352
data/cremad/audio/1087_ITS_HAP_XX.wav,1087_ITS_HAP_XX.wav,1087,train,1,happy,1,happy,0.18497344851493835
data/cremad/audio/1087_ITS_NEU_XX.wav,1087_ITS_NEU_XX.wav,1087,train,0,neutral,1,happy,0.18289066851139069
data/cremad/audio/1087_ITS_SAD_XX.wav,1087_ITS_SAD_XX.wav,1087,train,2,sad,1,happy,0.17996814846992493
data/cremad/audio/1087_IWL_ANG_XX.wav,1087_IWL_ANG_XX.wav,1087,train,3,angry,3,angry,0.18334703147411346
data/cremad/audio/1087_IWL_DIS_XX.wav,1087_IWL_DIS_XX.wav,1087,train,5,disgust,1,happy,0.1805914044380188
data/cremad/audio/1087_IWL_FEA_XX.wav,1087_IWL_FEA_XX.wav,1087,train,4,fearful,1,happy,0.18156012892723083
data/cremad/audio/1087_IWL_HAP_XX.wav,1087_IWL_HAP_XX.wav,1087,train,1,happy,1,happy,0.18211907148361206
data/cremad/audio/1087_IWL_NEU_XX.wav,1087_IWL_NEU_XX.wav,1087,train,0,neutral,3,angry,0.1825181096792221
data/cremad/audio/1087_IWL_SAD_XX.wav,1087_IWL_SAD_XX.wav,1087,train,2,sad,1,happy,0.18311375379562378
data/cremad/audio/1087_IWW_ANG_XX.wav,1087_IWW_ANG_XX.wav,1087,train,3,angry,3,angry,0.18331469595432281
data/cremad/audio/1087_IWW_DIS_XX.wav,1087_IWW_DIS_XX.wav,1087,train,5,disgust,1,happy,0.18346688151359558
data/cremad/audio/1087_IWW_FEA_XX.wav,1087_IWW_FEA_XX.wav,1087,train,4,fearful,1,happy,0.18330523371696472
data/cremad/audio/1087_IWW_HAP_XX.wav,1087_IWW_HAP_XX.wav,1087,train,1,happy,1,happy,0.1853114664554596
data/cremad/audio/1087_IWW_NEU_XX.wav,1087_IWW_NEU_XX.wav,1087,train,0,neutral,1,happy,0.18179284036159515
data/cremad/audio/1087_IWW_SAD_XX.wav,1087_IWW_SAD_XX.wav,1087,train,2,sad,1,happy,0.18230147659778595
data/cremad/audio/1087_MTI_ANG_XX.wav,1087_MTI_ANG_XX.wav,1087,train,3,angry,3,angry,0.1845121532678604
data/cremad/audio/1087_MTI_DIS_XX.wav,1087_MTI_DIS_XX.wav,1087,train,5,disgust,3,angry,0.18362361192703247
data/cremad/audio/1087_MTI_FEA_XX.wav,1087_MTI_FEA_XX.wav,1087,train,4,fearful,1,happy,0.18179143965244293
data/cremad/audio/1087_MTI_HAP_XX.wav,1087_MTI_HAP_XX.wav,1087,train,1,happy,3,angry,0.1859404742717743
data/cremad/audio/1087_MTI_NEU_XX.wav,1087_MTI_NEU_XX.wav,1087,train,0,neutral,3,angry,0.18234661221504211
data/cremad/audio/1087_MTI_SAD_XX.wav,1087_MTI_SAD_XX.wav,1087,train,2,sad,1,happy,0.18157798051834106
data/cremad/audio/1087_TAI_ANG_XX.wav,1087_TAI_ANG_XX.wav,1087,train,3,angry,3,angry,0.18313822150230408
data/cremad/audio/1087_TAI_DIS_XX.wav,1087_TAI_DIS_XX.wav,1087,train,5,disgust,1,happy,0.18267448246479034
data/cremad/audio/1087_TAI_FEA_XX.wav,1087_TAI_FEA_XX.wav,1087,train,4,fearful,1,happy,0.18345464766025543
data/cremad/audio/1087_TAI_HAP_XX.wav,1087_TAI_HAP_XX.wav,1087,train,1,happy,1,happy,0.18450362980365753
data/cremad/audio/1087_TAI_NEU_XX.wav,1087_TAI_NEU_XX.wav,1087,train,0,neutral,3,angry,0.183822900056839
data/cremad/audio/1087_TAI_SAD_XX.wav,1087_TAI_SAD_XX.wav,1087,train,2,sad,1,happy,0.18174104392528534
data/cremad/audio/1087_TIE_ANG_XX.wav,1087_TIE_ANG_XX.wav,1087,train,3,angry,3,angry,0.18751494586467743
data/cremad/audio/1087_TIE_DIS_XX.wav,1087_TIE_DIS_XX.wav,1087,train,5,disgust,1,happy,0.18027596175670624
data/cremad/audio/1087_TIE_FEA_XX.wav,1087_TIE_FEA_XX.wav,1087,train,4,fearful,3,angry,0.18661367893218994
data/cremad/audio/1087_TIE_HAP_XX.wav,1087_TIE_HAP_XX.wav,1087,train,1,happy,3,angry,0.18308226764202118
data/cremad/audio/1087_TIE_NEU_XX.wav,1087_TIE_NEU_XX.wav,1087,train,0,neutral,1,happy,0.18151503801345825
data/cremad/audio/1087_TIE_SAD_XX.wav,1087_TIE_SAD_XX.wav,1087,train,2,sad,1,happy,0.18406277894973755
data/cremad/audio/1087_TSI_ANG_XX.wav,1087_TSI_ANG_XX.wav,1087,train,3,angry,3,angry,0.18550851941108704
data/cremad/audio/1087_TSI_DIS_XX.wav,1087_TSI_DIS_XX.wav,1087,train,5,disgust,1,happy,0.18280935287475586
data/cremad/audio/1087_TSI_FEA_XX.wav,1087_TSI_FEA_XX.wav,1087,train,4,fearful,1,happy,0.18138086795806885
data/cremad/audio/1087_TSI_HAP_XX.wav,1087_TSI_HAP_XX.wav,1087,train,1,happy,3,angry,0.18247205018997192
data/cremad/audio/1087_TSI_NEU_XX.wav,1087_TSI_NEU_XX.wav,1087,train,0,neutral,1,happy,0.18405111134052277
data/cremad/audio/1087_TSI_SAD_XX.wav,1087_TSI_SAD_XX.wav,1087,train,2,sad,1,happy,0.1812293380498886
data/cremad/audio/1087_WSI_ANG_XX.wav,1087_WSI_ANG_XX.wav,1087,train,3,angry,3,angry,0.18715985119342804
data/cremad/audio/1087_WSI_DIS_XX.wav,1087_WSI_DIS_XX.wav,1087,train,5,disgust,3,angry,0.17956142127513885
data/cremad/audio/1087_WSI_FEA_XX.wav,1087_WSI_FEA_XX.wav,1087,train,4,fearful,1,happy,0.1816566288471222
data/cremad/audio/1087_WSI_HAP_XX.wav,1087_WSI_HAP_XX.wav,1087,train,1,happy,1,happy,0.183377206325531
data/cremad/audio/1087_WSI_NEU_XX.wav,1087_WSI_NEU_XX.wav,1087,train,0,neutral,1,happy,0.1817193478345871
data/cremad/audio/1087_WSI_SAD_XX.wav,1087_WSI_SAD_XX.wav,1087,train,2,sad,1,happy,0.17948046326637268
data/cremad/audio/1088_DFA_ANG_XX.wav,1088_DFA_ANG_XX.wav,1088,train,3,angry,1,happy,0.18396829068660736
data/cremad/audio/1088_DFA_DIS_XX.wav,1088_DFA_DIS_XX.wav,1088,train,5,disgust,1,happy,0.18190701305866241
data/cremad/audio/1088_DFA_FEA_XX.wav,1088_DFA_FEA_XX.wav,1088,train,4,fearful,1,happy,0.18432776629924774
data/cremad/audio/1088_DFA_HAP_XX.wav,1088_DFA_HAP_XX.wav,1088,train,1,happy,1,happy,0.18391118943691254
data/cremad/audio/1088_DFA_NEU_XX.wav,1088_DFA_NEU_XX.wav,1088,train,0,neutral,1,happy,0.1842711716890335
data/cremad/audio/1088_DFA_SAD_XX.wav,1088_DFA_SAD_XX.wav,1088,train,2,sad,1,happy,0.18034271895885468
data/cremad/audio/1088_IEO_ANG_HI.wav,1088_IEO_ANG_HI.wav,1088,train,3,angry,3,angry,0.18672148883342743
data/cremad/audio/1088_IEO_ANG_LO.wav,1088_IEO_ANG_LO.wav,1088,train,3,angry,3,angry,0.18405704200267792
data/cremad/audio/1088_IEO_ANG_MD.wav,1088_IEO_ANG_MD.wav,1088,train,3,angry,3,angry,0.18627965450286865
data/cremad/audio/1088_IEO_DIS_HI.wav,1088_IEO_DIS_HI.wav,1088,train,5,disgust,1,happy,0.18190589547157288
data/cremad/audio/1088_IEO_DIS_LO.wav,1088_IEO_DIS_LO.wav,1088,train,5,disgust,1,happy,0.1805781126022339
data/cremad/audio/1088_IEO_DIS_MD.wav,1088_IEO_DIS_MD.wav,1088,train,5,disgust,1,happy,0.1828436255455017
data/cremad/audio/1088_IEO_FEA_HI.wav,1088_IEO_FEA_HI.wav,1088,train,4,fearful,1,happy,0.18435493111610413
data/cremad/audio/1088_IEO_FEA_LO.wav,1088_IEO_FEA_LO.wav,1088,train,4,fearful,1,happy,0.1805320829153061
data/cremad/audio/1088_IEO_FEA_MD.wav,1088_IEO_FEA_MD.wav,1088,train,4,fearful,1,happy,0.1816486269235611
data/cremad/audio/1088_IEO_HAP_HI.wav,1088_IEO_HAP_HI.wav,1088,train,1,happy,1,happy,0.18264931440353394
data/cremad/audio/1088_IEO_HAP_LO.wav,1088_IEO_HAP_LO.wav,1088,train,1,happy,1,happy,0.18431846797466278
data/cremad/audio/1088_IEO_HAP_MD.wav,1088_IEO_HAP_MD.wav,1088,train,1,happy,1,happy,0.18301177024841309
data/cremad/audio/1088_IEO_NEU_XX.wav,1088_IEO_NEU_XX.wav,1088,train,0,neutral,1,happy,0.18194636702537537
data/cremad/audio/1088_IEO_SAD_HI.wav,1088_IEO_SAD_HI.wav,1088,train,2,sad,1,happy,0.18136639893054962
data/cremad/audio/1088_IEO_SAD_LO.wav,1088_IEO_SAD_LO.wav,1088,train,2,sad,1,happy,0.17814843356609344
data/cremad/audio/1088_IEO_SAD_MD.wav,1088_IEO_SAD_MD.wav,1088,train,2,sad,1,happy,0.18061082065105438
data/cremad/audio/1088_IOM_ANG_XX.wav,1088_IOM_ANG_XX.wav,1088,train,3,angry,3,angry,0.18917809426784515
data/cremad/audio/1088_IOM_DIS_XX.wav,1088_IOM_DIS_XX.wav,1088,train,5,disgust,1,happy,0.18261440098285675
data/cremad/audio/1088_IOM_FEA_XX.wav,1088_IOM_FEA_XX.wav,1088,train,4,fearful,3,angry,0.1857680082321167
data/cremad/audio/1088_IOM_HAP_XX.wav,1088_IOM_HAP_XX.wav,1088,train,1,happy,1,happy,0.18484927713871002
data/cremad/audio/1088_IOM_NEU_XX.wav,1088_IOM_NEU_XX.wav,1088,train,0,neutral,1,happy,0.18397170305252075
data/cremad/audio/1088_IOM_SAD_XX.wav,1088_IOM_SAD_XX.wav,1088,train,2,sad,1,happy,0.18189649283885956
data/cremad/audio/1088_ITH_ANG_XX.wav,1088_ITH_ANG_XX.wav,1088,train,3,angry,3,angry,0.18344126641750336
data/cremad/audio/1088_ITH_DIS_XX.wav,1088_ITH_DIS_XX.wav,1088,train,5,disgust,1,happy,0.18001051247119904
data/cremad/audio/1088_ITH_FEA_XX.wav,1088_ITH_FEA_XX.wav,1088,train,4,fearful,1,happy,0.1808376908302307
data/cremad/audio/1088_ITH_HAP_XX.wav,1088_ITH_HAP_XX.wav,1088,train,1,happy,1,happy,0.18350833654403687
data/cremad/audio/1088_ITH_NEU_XX.wav,1088_ITH_NEU_XX.wav,1088,train,0,neutral,1,happy,0.1816461682319641
data/cremad/audio/1088_ITH_SAD_XX.wav,1088_ITH_SAD_XX.wav,1088,train,2,sad,1,happy,0.1792566031217575
data/cremad/audio/1088_ITS_ANG_XX.wav,1088_ITS_ANG_XX.wav,1088,train,3,angry,3,angry,0.18505728244781494
data/cremad/audio/1088_ITS_DIS_XX.wav,1088_ITS_DIS_XX.wav,1088,train,5,disgust,1,happy,0.18346042931079865
data/cremad/audio/1088_ITS_FEA_XX.wav,1088_ITS_FEA_XX.wav,1088,train,4,fearful,1,happy,0.1835261583328247
data/cremad/audio/1088_ITS_HAP_XX.wav,1088_ITS_HAP_XX.wav,1088,train,1,happy,1,happy,0.1829756796360016
data/cremad/audio/1088_ITS_NEU_XX.wav,1088_ITS_NEU_XX.wav,1088,train,0,neutral,1,happy,0.1831779032945633
data/cremad/audio/1088_ITS_SAD_XX.wav,1088_ITS_SAD_XX.wav,1088,train,2,sad,1,happy,0.1799449473619461
data/cremad/audio/1088_IWL_ANG_XX.wav,1088_IWL_ANG_XX.wav,1088,train,3,angry,3,angry,0.18773207068443298
data/cremad/audio/1088_IWL_DIS_XX.wav,1088_IWL_DIS_XX.wav,1088,train,5,disgust,1,happy,0.1800251305103302
data/cremad/audio/1088_IWL_FEA_XX.wav,1088_IWL_FEA_XX.wav,1088,train,4,fearful,1,happy,0.18100731074810028
data/cremad/audio/1088_IWL_HAP_XX.wav,1088_IWL_HAP_XX.wav,1088,train,1,happy,1,happy,0.1849885731935501
data/cremad/audio/1088_IWL_NEU_XX.wav,1088_IWL_NEU_XX.wav,1088,train,0,neutral,3,angry,0.18301895260810852
data/cremad/audio/1088_IWL_SAD_XX.wav,1088_IWL_SAD_XX.wav,1088,train,2,sad,1,happy,0.18110918998718262
data/cremad/audio/1088_IWW_ANG_XX.wav,1088_IWW_ANG_XX.wav,1088,train,3,angry,3,angry,0.1848781704902649
data/cremad/audio/1088_IWW_DIS_XX.wav,1088_IWW_DIS_XX.wav,1088,train,5,disgust,1,happy,0.1830856204032898
data/cremad/audio/1088_IWW_FEA_XX.wav,1088_IWW_FEA_XX.wav,1088,train,4,fearful,1,happy,0.1812952160835266
data/cremad/audio/1088_IWW_HAP_XX.wav,1088_IWW_HAP_XX.wav,1088,train,1,happy,1,happy,0.18333518505096436
data/cremad/audio/1088_IWW_NEU_XX.wav,1088_IWW_NEU_XX.wav,1088,train,0,neutral,1,happy,0.18293389678001404
data/cremad/audio/1088_IWW_SAD_XX.wav,1088_IWW_SAD_XX.wav,1088,train,2,sad,1,happy,0.18079140782356262
data/cremad/audio/1088_MTI_ANG_XX.wav,1088_MTI_ANG_XX.wav,1088,train,3,angry,3,angry,0.18718521296977997
data/cremad/audio/1088_MTI_DIS_XX.wav,1088_MTI_DIS_XX.wav,1088,train,5,disgust,1,happy,0.1815750002861023
data/cremad/audio/1088_MTI_FEA_XX.wav,1088_MTI_FEA_XX.wav,1088,train,4,fearful,3,angry,0.1816924810409546
data/cremad/audio/1088_MTI_HAP_XX.wav,1088_MTI_HAP_XX.wav,1088,train,1,happy,1,happy,0.18241028487682343
data/cremad/audio/1088_MTI_NEU_XX.wav,1088_MTI_NEU_XX.wav,1088,train,0,neutral,1,happy,0.18204618990421295
data/cremad/audio/1088_MTI_SAD_XX.wav,1088_MTI_SAD_XX.wav,1088,train,2,sad,1,happy,0.17984968423843384
data/cremad/audio/1088_TAI_ANG_XX.wav,1088_TAI_ANG_XX.wav,1088,train,3,angry,3,angry,0.18361210823059082
data/cremad/audio/1088_TAI_DIS_XX.wav,1088_TAI_DIS_XX.wav,1088,train,5,disgust,3,angry,0.1822354942560196
data/cremad/audio/1088_TAI_FEA_XX.wav,1088_TAI_FEA_XX.wav,1088,train,4,fearful,1,happy,0.17960849404335022
data/cremad/audio/1088_TAI_HAP_XX.wav,1088_TAI_HAP_XX.wav,1088,train,1,happy,1,happy,0.18191483616828918
data/cremad/audio/1088_TAI_NEU_XX.wav,1088_TAI_NEU_XX.wav,1088,train,0,neutral,1,happy,0.1844629943370819
data/cremad/audio/1088_TAI_SAD_XX.wav,1088_TAI_SAD_XX.wav,1088,train,2,sad,1,happy,0.18017438054084778
data/cremad/audio/1088_TIE_ANG_XX.wav,1088_TIE_ANG_XX.wav,1088,train,3,angry,3,angry,0.18691137433052063
data/cremad/audio/1088_TIE_DIS_XX.wav,1088_TIE_DIS_XX.wav,1088,train,5,disgust,1,happy,0.18213339149951935
data/cremad/audio/1088_TIE_FEA_XX.wav,1088_TIE_FEA_XX.wav,1088,train,4,fearful,3,angry,0.1850779950618744
data/cremad/audio/1088_TIE_HAP_XX.wav,1088_TIE_HAP_XX.wav,1088,train,1,happy,1,happy,0.18189798295497894
data/cremad/audio/1088_TIE_NEU_XX.wav,1088_TIE_NEU_XX.wav,1088,train,0,neutral,1,happy,0.1825042963027954
data/cremad/audio/1088_TIE_SAD_XX.wav,1088_TIE_SAD_XX.wav,1088,train,2,sad,1,happy,0.18088258802890778
data/cremad/audio/1088_TSI_ANG_XX.wav,1088_TSI_ANG_XX.wav,1088,train,3,angry,3,angry,0.18525774776935577
data/cremad/audio/1088_TSI_DIS_XX.wav,1088_TSI_DIS_XX.wav,1088,train,5,disgust,1,happy,0.18276859819889069
data/cremad/audio/1088_TSI_FEA_XX.wav,1088_TSI_FEA_XX.wav,1088,train,4,fearful,1,happy,0.18162786960601807
data/cremad/audio/1088_TSI_HAP_XX.wav,1088_TSI_HAP_XX.wav,1088,train,1,happy,3,angry,0.18413148820400238
data/cremad/audio/1088_TSI_NEU_XX.wav,1088_TSI_NEU_XX.wav,1088,train,0,neutral,1,happy,0.18308833241462708
data/cremad/audio/1088_TSI_SAD_XX.wav,1088_TSI_SAD_XX.wav,1088,train,2,sad,1,happy,0.18204495310783386
data/cremad/audio/1088_WSI_ANG_XX.wav,1088_WSI_ANG_XX.wav,1088,train,3,angry,3,angry,0.18880674242973328
data/cremad/audio/1088_WSI_DIS_XX.wav,1088_WSI_DIS_XX.wav,1088,train,5,disgust,1,happy,0.18455259501934052
data/cremad/audio/1088_WSI_FEA_XX.wav,1088_WSI_FEA_XX.wav,1088,train,4,fearful,1,happy,0.18201836943626404
data/cremad/audio/1088_WSI_HAP_XX.wav,1088_WSI_HAP_XX.wav,1088,train,1,happy,1,happy,0.18387122452259064
data/cremad/audio/1088_WSI_NEU_XX.wav,1088_WSI_NEU_XX.wav,1088,train,0,neutral,1,happy,0.18250028789043427
data/cremad/audio/1088_WSI_SAD_XX.wav,1088_WSI_SAD_XX.wav,1088,train,2,sad,1,happy,0.18238696455955505
data/cremad/audio/1089_DFA_ANG_XX.wav,1089_DFA_ANG_XX.wav,1089,train,3,angry,3,angry,0.18486912548542023
data/cremad/audio/1089_DFA_DIS_XX.wav,1089_DFA_DIS_XX.wav,1089,train,5,disgust,1,happy,0.18291760981082916
data/cremad/audio/1089_DFA_FEA_XX.wav,1089_DFA_FEA_XX.wav,1089,train,4,fearful,1,happy,0.18282586336135864
data/cremad/audio/1089_DFA_HAP_XX.wav,1089_DFA_HAP_XX.wav,1089,train,1,happy,1,happy,0.18368388712406158
data/cremad/audio/1089_DFA_NEU_XX.wav,1089_DFA_NEU_XX.wav,1089,train,0,neutral,1,happy,0.18217487633228302
data/cremad/audio/1089_DFA_SAD_XX.wav,1089_DFA_SAD_XX.wav,1089,train,2,sad,1,happy,0.18063299357891083
data/cremad/audio/1089_IEO_ANG_HI.wav,1089_IEO_ANG_HI.wav,1089,train,3,angry,3,angry,0.18610744178295135
data/cremad/audio/1089_IEO_ANG_LO.wav,1089_IEO_ANG_LO.wav,1089,train,3,angry,3,angry,0.18420398235321045
data/cremad/audio/1089_IEO_ANG_MD.wav,1089_IEO_ANG_MD.wav,1089,train,3,angry,3,angry,0.18699175119400024
data/cremad/audio/1089_IEO_DIS_HI.wav,1089_IEO_DIS_HI.wav,1089,train,5,disgust,3,angry,0.18429385125637054
data/cremad/audio/1089_IEO_DIS_LO.wav,1089_IEO_DIS_LO.wav,1089,train,5,disgust,1,happy,0.18250831961631775
data/cremad/audio/1089_IEO_DIS_MD.wav,1089_IEO_DIS_MD.wav,1089,train,5,disgust,3,angry,0.18842986226081848
data/cremad/audio/1089_IEO_FEA_HI.wav,1089_IEO_FEA_HI.wav,1089,train,4,fearful,3,angry,0.18415293097496033
data/cremad/audio/1089_IEO_FEA_LO.wav,1089_IEO_FEA_LO.wav,1089,train,4,fearful,1,happy,0.18247613310813904
data/cremad/audio/1089_IEO_FEA_MD.wav,1089_IEO_FEA_MD.wav,1089,train,4,fearful,1,happy,0.18013891577720642
data/cremad/audio/1089_IEO_HAP_HI.wav,1089_IEO_HAP_HI.wav,1089,train,1,happy,1,happy,0.18350885808467865
data/cremad/audio/1089_IEO_HAP_LO.wav,1089_IEO_HAP_LO.wav,1089,train,1,happy,1,happy,0.1860206574201584
data/cremad/audio/1089_IEO_HAP_MD.wav,1089_IEO_HAP_MD.wav,1089,train,1,happy,1,happy,0.18514950573444366
data/cremad/audio/1089_IEO_NEU_XX.wav,1089_IEO_NEU_XX.wav,1089,train,0,neutral,1,happy,0.18174871802330017
data/cremad/audio/1089_IEO_SAD_HI.wav,1089_IEO_SAD_HI.wav,1089,train,2,sad,1,happy,0.18042466044425964
data/cremad/audio/1089_IEO_SAD_LO.wav,1089_IEO_SAD_LO.wav,1089,train,2,sad,1,happy,0.18229073286056519
data/cremad/audio/1089_IEO_SAD_MD.wav,1089_IEO_SAD_MD.wav,1089,train,2,sad,1,happy,0.17988865077495575
data/cremad/audio/1089_IOM_ANG_XX.wav,1089_IOM_ANG_XX.wav,1089,train,3,angry,3,angry,0.19021159410476685
data/cremad/audio/1089_IOM_DIS_XX.wav,1089_IOM_DIS_XX.wav,1089,train,5,disgust,3,angry,0.1866939216852188
data/cremad/audio/1089_IOM_FEA_XX.wav,1089_IOM_FEA_XX.wav,1089,train,4,fearful,1,happy,0.18306323885917664
data/cremad/audio/1089_IOM_HAP_XX.wav,1089_IOM_HAP_XX.wav,1089,train,1,happy,3,angry,0.18547245860099792
data/cremad/audio/1089_IOM_NEU_XX.wav,1089_IOM_NEU_XX.wav,1089,train,0,neutral,1,happy,0.18415771424770355
data/cremad/audio/1089_IOM_SAD_XX.wav,1089_IOM_SAD_XX.wav,1089,train,2,sad,1,happy,0.18259893357753754
data/cremad/audio/1089_ITH_ANG_XX.wav,1089_ITH_ANG_XX.wav,1089,train,3,angry,3,angry,0.1897839456796646
data/cremad/audio/1089_ITH_DIS_XX.wav,1089_ITH_DIS_XX.wav,1089,train,5,disgust,1,happy,0.18107232451438904
data/cremad/audio/1089_ITH_FEA_XX.wav,1089_ITH_FEA_XX.wav,1089,train,4,fearful,1,happy,0.1854112297296524
data/cremad/audio/1089_ITH_HAP_XX.wav,1089_ITH_HAP_XX.wav,1089,train,1,happy,1,happy,0.18520520627498627
data/cremad/audio/1089_ITH_NEU_XX.wav,1089_ITH_NEU_XX.wav,1089,train,0,neutral,1,happy,0.18454203009605408
data/cremad/audio/1089_ITH_SAD_XX.wav,1089_ITH_SAD_XX.wav,1089,train,2,sad,1,happy,0.18368272483348846
data/cremad/audio/1089_ITS_ANG_XX.wav,1089_ITS_ANG_XX.wav,1089,train,3,angry,1,happy,0.18565703928470612
data/cremad/audio/1089_ITS_DIS_XX.wav,1089_ITS_DIS_XX.wav,1089,train,5,disgust,1,happy,0.1839369535446167
data/cremad/audio/1089_ITS_FEA_XX.wav,1089_ITS_FEA_XX.wav,1089,train,4,fearful,3,angry,0.18502917885780334
data/cremad/audio/1089_ITS_HAP_XX.wav,1089_ITS_HAP_XX.wav,1089,train,1,happy,1,happy,0.18365567922592163
data/cremad/audio/1089_ITS_NEU_XX.wav,1089_ITS_NEU_XX.wav,1089,train,0,neutral,1,happy,0.1847275197505951
data/cremad/audio/1089_ITS_SAD_XX.wav,1089_ITS_SAD_XX.wav,1089,train,2,sad,1,happy,0.18070608377456665
data/cremad/audio/1089_IWL_ANG_XX.wav,1089_IWL_ANG_XX.wav,1089,train,3,angry,3,angry,0.18748778104782104
data/cremad/audio/1089_IWL_DIS_XX.wav,1089_IWL_DIS_XX.wav,1089,train,5,disgust,3,angry,0.18522846698760986
data/cremad/audio/1089_IWL_FEA_XX.wav,1089_IWL_FEA_XX.wav,1089,train,4,fearful,1,happy,0.18329887092113495
data/cremad/audio/1089_IWL_HAP_XX.wav,1089_IWL_HAP_XX.wav,1089,train,1,happy,3,angry,0.185065358877182
data/cremad/audio/1089_IWL_NEU_XX.wav,1089_IWL_NEU_XX.wav,1089,train,0,neutral,1,happy,0.18414290249347687
data/cremad/audio/1089_IWL_SAD_XX.wav,1089_IWL_SAD_XX.wav,1089,train,2,sad,1,happy,0.18280941247940063
data/cremad/audio/1089_IWW_ANG_XX.wav,1089_IWW_ANG_XX.wav,1089,train,3,angry,3,angry,0.18754860758781433
data/cremad/audio/1089_IWW_DIS_XX.wav,1089_IWW_DIS_XX.wav,1089,train,5,disgust,3,angry,0.18468672037124634
data/cremad/audio/1089_IWW_FEA_XX.wav,1089_IWW_FEA_XX.wav,1089,train,4,fearful,1,happy,0.1820642501115799
data/cremad/audio/1089_IWW_HAP_XX.wav,1089_IWW_HAP_XX.wav,1089,train,1,happy,1,happy,0.1848643571138382
data/cremad/audio/1089_IWW_NEU_XX.wav,1089_IWW_NEU_XX.wav,1089,train,0,neutral,1,happy,0.18144361674785614
data/cremad/audio/1089_IWW_SAD_XX.wav,1089_IWW_SAD_XX.wav,1089,train,2,sad,1,happy,0.1834234595298767
data/cremad/audio/1089_MTI_ANG_XX.wav,1089_MTI_ANG_XX.wav,1089,train,3,angry,3,angry,0.1890566349029541
data/cremad/audio/1089_MTI_DIS_XX.wav,1089_MTI_DIS_XX.wav,1089,train,5,disgust,3,angry,0.18478791415691376
data/cremad/audio/1089_MTI_FEA_XX.wav,1089_MTI_FEA_XX.wav,1089,train,4,fearful,3,angry,0.1827629953622818
data/cremad/audio/1089_MTI_HAP_XX.wav,1089_MTI_HAP_XX.wav,1089,train,1,happy,1,happy,0.18334709107875824
data/cremad/audio/1089_MTI_NEU_XX.wav,1089_MTI_NEU_XX.wav,1089,train,0,neutral,3,angry,0.18327714502811432
data/cremad/audio/1089_MTI_SAD_XX.wav,1089_MTI_SAD_XX.wav,1089,train,2,sad,3,angry,0.183023601770401
data/cremad/audio/1089_TAI_ANG_XX.wav,1089_TAI_ANG_XX.wav,1089,train,3,angry,3,angry,0.1860550343990326
data/cremad/audio/1089_TAI_DIS_XX.wav,1089_TAI_DIS_XX.wav,1089,train,5,disgust,3,angry,0.1859849989414215
data/cremad/audio/1089_TAI_FEA_XX.wav,1089_TAI_FEA_XX.wav,1089,train,4,fearful,1,happy,0.18162019550800323
data/cremad/audio/1089_TAI_HAP_XX.wav,1089_TAI_HAP_XX.wav,1089,train,1,happy,3,angry,0.18504559993743896
data/cremad/audio/1089_TAI_NEU_XX.wav,1089_TAI_NEU_XX.wav,1089,train,0,neutral,1,happy,0.1851600855588913
data/cremad/audio/1089_TAI_SAD_XX.wav,1089_TAI_SAD_XX.wav,1089,train,2,sad,3,angry,0.1830950230360031
data/cremad/audio/1089_TIE_ANG_XX.wav,1089_TIE_ANG_XX.wav,1089,train,3,angry,3,angry,0.18672707676887512
data/cremad/audio/1089_TIE_DIS_XX.wav,1089_TIE_DIS_XX.wav,1089,train,5,disgust,3,angry,0.18559123575687408
data/cremad/audio/1089_TIE_FEA_XX.wav,1089_TIE_FEA_XX.wav,1089,train,4,fearful,3,angry,0.1855504810810089
data/cremad/audio/1089_TIE_HAP_XX.wav,1089_TIE_HAP_XX.wav,1089,train,1,happy,3,angry,0.18789435923099518
data/cremad/audio/1089_TIE_NEU_XX.wav,1089_TIE_NEU_XX.wav,1089,train,0,neutral,3,angry,0.182234525680542
data/cremad/audio/1089_TIE_SAD_XX.wav,1089_TIE_SAD_XX.wav,1089,train,2,sad,1,happy,0.1803852617740631
data/cremad/audio/1089_TSI_ANG_XX.wav,1089_TSI_ANG_XX.wav,1089,train,3,angry,3,angry,0.18334311246871948
data/cremad/audio/1089_TSI_DIS_XX.wav,1089_TSI_DIS_XX.wav,1089,train,5,disgust,1,happy,0.1801760494709015
data/cremad/audio/1089_TSI_FEA_XX.wav,1089_TSI_FEA_XX.wav,1089,train,4,fearful,1,happy,0.1837485432624817
data/cremad/audio/1089_TSI_HAP_XX.wav,1089_TSI_HAP_XX.wav,1089,train,1,happy,1,happy,0.1814567595720291
data/cremad/audio/1089_TSI_NEU_XX.wav,1089_TSI_NEU_XX.wav,1089,train,0,neutral,1,happy,0.18110182881355286
data/cremad/audio/1089_TSI_SAD_XX.wav,1089_TSI_SAD_XX.wav,1089,train,2,sad,1,happy,0.1802617609500885
data/cremad/audio/1089_WSI_ANG_XX.wav,1089_WSI_ANG_XX.wav,1089,train,3,angry,3,angry,0.1855340600013733
data/cremad/audio/1089_WSI_DIS_XX.wav,1089_WSI_DIS_XX.wav,1089,train,5,disgust,3,angry,0.1818772554397583
data/cremad/audio/1089_WSI_FEA_XX.wav,1089_WSI_FEA_XX.wav,1089,train,4,fearful,1,happy,0.18345673382282257
data/cremad/audio/1089_WSI_HAP_XX.wav,1089_WSI_HAP_XX.wav,1089,train,1,happy,3,angry,0.18457306921482086
data/cremad/audio/1089_WSI_NEU_XX.wav,1089_WSI_NEU_XX.wav,1089,train,0,neutral,1,happy,0.1840672492980957
data/cremad/audio/1089_WSI_SAD_XX.wav,1089_WSI_SAD_XX.wav,1089,train,2,sad,1,happy,0.18144570291042328
data/cremad/audio/1090_DFA_ANG_XX.wav,1090_DFA_ANG_XX.wav,1090,train,3,angry,3,angry,0.1860547661781311
data/cremad/audio/1090_DFA_DIS_XX.wav,1090_DFA_DIS_XX.wav,1090,train,5,disgust,3,angry,0.18523837625980377
data/cremad/audio/1090_DFA_FEA_XX.wav,1090_DFA_FEA_XX.wav,1090,train,4,fearful,1,happy,0.18338215351104736
data/cremad/audio/1090_DFA_HAP_XX.wav,1090_DFA_HAP_XX.wav,1090,train,1,happy,1,happy,0.18368320167064667
data/cremad/audio/1090_DFA_NEU_XX.wav,1090_DFA_NEU_XX.wav,1090,train,0,neutral,1,happy,0.18423929810523987
data/cremad/audio/1090_DFA_SAD_XX.wav,1090_DFA_SAD_XX.wav,1090,train,2,sad,1,happy,0.18364842236042023
data/cremad/audio/1090_IEO_ANG_HI.wav,1090_IEO_ANG_HI.wav,1090,train,3,angry,3,angry,0.1867283135652542
data/cremad/audio/1090_IEO_ANG_LO.wav,1090_IEO_ANG_LO.wav,1090,train,3,angry,1,happy,0.18360701203346252
data/cremad/audio/1090_IEO_ANG_MD.wav,1090_IEO_ANG_MD.wav,1090,train,3,angry,3,angry,0.1878395527601242
data/cremad/audio/1090_IEO_DIS_HI.wav,1090_IEO_DIS_HI.wav,1090,train,5,disgust,1,happy,0.1849832385778427
data/cremad/audio/1090_IEO_DIS_LO.wav,1090_IEO_DIS_LO.wav,1090,train,5,disgust,1,happy,0.18415303528308868
data/cremad/audio/1090_IEO_DIS_MD.wav,1090_IEO_DIS_MD.wav,1090,train,5,disgust,1,happy,0.18355222046375275
data/cremad/audio/1090_IEO_FEA_HI.wav,1090_IEO_FEA_HI.wav,1090,train,4,fearful,1,happy,0.18351003527641296
data/cremad/audio/1090_IEO_FEA_LO.wav,1090_IEO_FEA_LO.wav,1090,train,4,fearful,1,happy,0.18488828837871552
data/cremad/audio/1090_IEO_FEA_MD.wav,1090_IEO_FEA_MD.wav,1090,train,4,fearful,1,happy,0.18353863060474396
data/cremad/audio/1090_IEO_HAP_HI.wav,1090_IEO_HAP_HI.wav,1090,train,1,happy,1,happy,0.18368424475193024
data/cremad/audio/1090_IEO_HAP_LO.wav,1090_IEO_HAP_LO.wav,1090,train,1,happy,1,happy,0.183754563331604
data/cremad/audio/1090_IEO_HAP_MD.wav,1090_IEO_HAP_MD.wav,1090,train,1,happy,1,happy,0.18381211161613464
data/cremad/audio/1090_IEO_NEU_XX.wav,1090_IEO_NEU_XX.wav,1090,train,0,neutral,1,happy,0.1844601333141327
data/cremad/audio/1090_IEO_SAD_HI.wav,1090_IEO_SAD_HI.wav,1090,train,2,sad,1,happy,0.1833193302154541
data/cremad/audio/1090_IEO_SAD_LO.wav,1090_IEO_SAD_LO.wav,1090,train,2,sad,1,happy,0.18209053575992584
data/cremad/audio/1090_IEO_SAD_MD.wav,1090_IEO_SAD_MD.wav,1090,train,2,sad,1,happy,0.18362842500209808
data/cremad/audio/1090_IOM_ANG_XX.wav,1090_IOM_ANG_XX.wav,1090,train,3,angry,3,angry,0.18879422545433044
data/cremad/audio/1090_IOM_DIS_XX.wav,1090_IOM_DIS_XX.wav,1090,train,5,disgust,3,angry,0.18827717006206512
data/cremad/audio/1090_IOM_FEA_XX.wav,1090_IOM_FEA_XX.wav,1090,train,4,fearful,3,angry,0.18378710746765137
data/cremad/audio/1090_IOM_HAP_XX.wav,1090_IOM_HAP_XX.wav,1090,train,1,happy,1,happy,0.18352162837982178
data/cremad/audio/1090_IOM_NEU_XX.wav,1090_IOM_NEU_XX.wav,1090,train,0,neutral,1,happy,0.183523491024971
data/cremad/audio/1090_IOM_SAD_XX.wav,1090_IOM_SAD_XX.wav,1090,train,2,sad,1,happy,0.18034584820270538
data/cremad/audio/1090_ITH_ANG_XX.wav,1090_ITH_ANG_XX.wav,1090,train,3,angry,3,angry,0.18364790081977844
data/cremad/audio/1090_ITH_DIS_XX.wav,1090_ITH_DIS_XX.wav,1090,train,5,disgust,3,angry,0.18572501838207245
data/cremad/audio/1090_ITH_FEA_XX.wav,1090_ITH_FEA_XX.wav,1090,train,4,fearful,1,happy,0.1811227649450302
data/cremad/audio/1090_ITH_HAP_XX.wav,1090_ITH_HAP_XX.wav,1090,train,1,happy,1,happy,0.18365317583084106
data/cremad/audio/1090_ITH_NEU_XX.wav,1090_ITH_NEU_XX.wav,1090,train,0,neutral,1,happy,0.18407805263996124
data/cremad/audio/1090_ITH_SAD_XX.wav,1090_ITH_SAD_XX.wav,1090,train,2,sad,1,happy,0.18287108838558197
data/cremad/audio/1090_ITS_ANG_XX.wav,1090_ITS_ANG_XX.wav,1090,train,3,angry,1,happy,0.18422649800777435
data/cremad/audio/1090_ITS_DIS_XX.wav,1090_ITS_DIS_XX.wav,1090,train,5,disgust,3,angry,0.1834317147731781
data/cremad/audio/1090_ITS_FEA_XX.wav,1090_ITS_FEA_XX.wav,1090,train,4,fearful,1,happy,0.18260572850704193
data/cremad/audio/1090_ITS_HAP_XX.wav,1090_ITS_HAP_XX.wav,1090,train,1,happy,1,happy,0.18136775493621826
data/cremad/audio/1090_ITS_NEU_XX.wav,1090_ITS_NEU_XX.wav,1090,train,0,neutral,1,happy,0.183378204703331
data/cremad/audio/1090_ITS_SAD_XX.wav,1090_ITS_SAD_XX.wav,1090,train,2,sad,1,happy,0.17943061888217926
data/cremad/audio/1090_IWL_ANG_XX.wav,1090_IWL_ANG_XX.wav,1090,train,3,angry,3,angry,0.18959030508995056
data/cremad/audio/1090_IWL_DIS_XX.wav,1090_IWL_DIS_XX.wav,1090,train,5,disgust,3,angry,0.18462181091308594
data/cremad/audio/1090_IWL_FEA_XX.wav,1090_IWL_FEA_XX.wav,1090,train,4,fearful,1,happy,0.18346326053142548
data/cremad/audio/1090_IWL_HAP_XX.wav,1090_IWL_HAP_XX.wav,1090,train,1,happy,3,angry,0.18497900664806366
data/cremad/audio/1090_IWL_NEU_XX.wav,1090_IWL_NEU_XX.wav,1090,train,0,neutral,3,angry,0.1841859519481659
data/cremad/audio/1090_IWL_SAD_XX.wav,1090_IWL_SAD_XX.wav,1090,train,2,sad,1,happy,0.18306979537010193
data/cremad/audio/1090_IWW_ANG_XX.wav,1090_IWW_ANG_XX.wav,1090,train,3,angry,3,angry,0.18632732331752777
data/cremad/audio/1090_IWW_DIS_XX.wav,1090_IWW_DIS_XX.wav,1090,train,5,disgust,1,happy,0.1851249784231186
data/cremad/audio/1090_IWW_FEA_XX.wav,1090_IWW_FEA_XX.wav,1090,train,4,fearful,1,happy,0.1814190298318863
data/cremad/audio/1090_IWW_HAP_XX.wav,1090_IWW_HAP_XX.wav,1090,train,1,happy,1,happy,0.184761181473732
data/cremad/audio/1090_IWW_NEU_XX.wav,1090_IWW_NEU_XX.wav,1090,train,0,neutral,1,happy,0.1825488805770874
data/cremad/audio/1090_IWW_SAD_XX.wav,1090_IWW_SAD_XX.wav,1090,train,2,sad,1,happy,0.18210569024085999
data/cremad/audio/1090_MTI_ANG_XX.wav,1090_MTI_ANG_XX.wav,1090,train,3,angry,1,happy,0.18306438624858856
data/cremad/audio/1090_MTI_DIS_XX.wav,1090_MTI_DIS_XX.wav,1090,train,5,disgust,3,angry,0.18633386492729187
data/cremad/audio/1090_MTI_FEA_XX.wav,1090_MTI_FEA_XX.wav,1090,train,4,fearful,1,happy,0.18290366232395172
data/cremad/audio/1090_MTI_HAP_XX.wav,1090_MTI_HAP_XX.wav,1090,train,1,happy,3,angry,0.18736238777637482
data/cremad/audio/1090_MTI_NEU_XX.wav,1090_MTI_NEU_XX.wav,1090,train,0,neutral,1,happy,0.18323783576488495
data/cremad/audio/1090_MTI_SAD_XX.wav,1090_MTI_SAD_XX.wav,1090,train,2,sad,3,angry,0.18415836989879608
data/cremad/audio/1090_TAI_ANG_XX.wav,1090_TAI_ANG_XX.wav,1090,train,3,angry,3,angry,0.18468710780143738
data/cremad/audio/1090_TAI_DIS_XX.wav,1090_TAI_DIS_XX.wav,1090,train,5,disgust,3,angry,0.1881420612335205
data/cremad/audio/1090_TAI_FEA_XX.wav,1090_TAI_FEA_XX.wav,1090,train,4,fearful,3,angry,0.18324588239192963
data/cremad/audio/1090_TAI_HAP_XX.wav,1090_TAI_HAP_XX.wav,1090,train,1,happy,3,angry,0.18637454509735107
data/cremad/audio/1090_TAI_NEU_XX.wav,1090_TAI_NEU_XX.wav,1090,train,0,neutral,3,angry,0.18404856324195862
data/cremad/audio/1090_TAI_SAD_XX.wav,1090_TAI_SAD_XX.wav,1090,train,2,sad,3,angry,0.18285197019577026
data/cremad/audio/1090_TIE_ANG_XX.wav,1090_TIE_ANG_XX.wav,1090,train,3,angry,3,angry,0.18880365788936615
data/cremad/audio/1090_TIE_DIS_XX.wav,1090_TIE_DIS_XX.wav,1090,train,5,disgust,3,angry,0.18566079437732697
data/cremad/audio/1090_TIE_FEA_XX.wav,1090_TIE_FEA_XX.wav,1090,train,4,fearful,3,angry,0.18262803554534912
data/cremad/audio/1090_TIE_HAP_XX.wav,1090_TIE_HAP_XX.wav,1090,train,1,happy,1,happy,0.18491524457931519
data/cremad/audio/1090_TIE_NEU_XX.wav,1090_TIE_NEU_XX.wav,1090,train,0,neutral,1,happy,0.18122120201587677
data/cremad/audio/1090_TIE_SAD_XX.wav,1090_TIE_SAD_XX.wav,1090,train,2,sad,3,angry,0.18216098845005035
data/cremad/audio/1090_TSI_ANG_XX.wav,1090_TSI_ANG_XX.wav,1090,train,3,angry,3,angry,0.18465350568294525
data/cremad/audio/1090_TSI_DIS_XX.wav,1090_TSI_DIS_XX.wav,1090,train,5,disgust,3,angry,0.1834326982498169
data/cremad/audio/1090_TSI_FEA_XX.wav,1090_TSI_FEA_XX.wav,1090,train,4,fearful,1,happy,0.1821763962507248
data/cremad/audio/1090_TSI_HAP_XX.wav,1090_TSI_HAP_XX.wav,1090,train,1,happy,1,happy,0.18227261304855347
data/cremad/audio/1090_TSI_NEU_XX.wav,1090_TSI_NEU_XX.wav,1090,train,0,neutral,1,happy,0.18347610533237457
data/cremad/audio/1090_TSI_SAD_XX.wav,1090_TSI_SAD_XX.wav,1090,train,2,sad,1,happy,0.1814289391040802
data/cremad/audio/1090_WSI_ANG_XX.wav,1090_WSI_ANG_XX.wav,1090,train,3,angry,3,angry,0.18478357791900635
data/cremad/audio/1090_WSI_DIS_XX.wav,1090_WSI_DIS_XX.wav,1090,train,5,disgust,3,angry,0.18181781470775604
data/cremad/audio/1090_WSI_FEA_XX.wav,1090_WSI_FEA_XX.wav,1090,train,4,fearful,1,happy,0.1833297461271286
data/cremad/audio/1090_WSI_HAP_XX.wav,1090_WSI_HAP_XX.wav,1090,train,1,happy,1,happy,0.18481062352657318
data/cremad/audio/1090_WSI_NEU_XX.wav,1090_WSI_NEU_XX.wav,1090,train,0,neutral,1,happy,0.18218231201171875
data/cremad/audio/1090_WSI_SAD_XX.wav,1090_WSI_SAD_XX.wav,1090,train,2,sad,1,happy,0.18340237438678741
data/cremad/audio/1091_DFA_ANG_XX.wav,1091_DFA_ANG_XX.wav,1091,train,3,angry,3,angry,0.1847170740365982
data/cremad/audio/1091_DFA_DIS_XX.wav,1091_DFA_DIS_XX.wav,1091,train,5,disgust,1,happy,0.18070141971111298
data/cremad/audio/1091_DFA_FEA_XX.wav,1091_DFA_FEA_XX.wav,1091,train,4,fearful,1,happy,0.18287214636802673
data/cremad/audio/1091_DFA_HAP_XX.wav,1091_DFA_HAP_XX.wav,1091,train,1,happy,1,happy,0.1844472885131836
data/cremad/audio/1091_DFA_NEU_XX.wav,1091_DFA_NEU_XX.wav,1091,train,0,neutral,1,happy,0.18236716091632843
data/cremad/audio/1091_DFA_SAD_XX.wav,1091_DFA_SAD_XX.wav,1091,train,2,sad,1,happy,0.18186582624912262
data/cremad/audio/1091_IEO_ANG_HI.wav,1091_IEO_ANG_HI.wav,1091,train,3,angry,3,angry,0.18502935767173767
data/cremad/audio/1091_IEO_ANG_LO.wav,1091_IEO_ANG_LO.wav,1091,train,3,angry,1,happy,0.1832454651594162
data/cremad/audio/1091_IEO_ANG_MD.wav,1091_IEO_ANG_MD.wav,1091,train,3,angry,1,happy,0.1837802678346634
data/cremad/audio/1091_IEO_DIS_HI.wav,1091_IEO_DIS_HI.wav,1091,train,5,disgust,3,angry,0.1844191998243332
data/cremad/audio/1091_IEO_DIS_LO.wav,1091_IEO_DIS_LO.wav,1091,train,5,disgust,1,happy,0.17975252866744995
data/cremad/audio/1091_IEO_DIS_MD.wav,1091_IEO_DIS_MD.wav,1091,train,5,disgust,3,angry,0.18491850793361664
data/cremad/audio/1091_IEO_FEA_HI.wav,1091_IEO_FEA_HI.wav,1091,train,4,fearful,3,angry,0.1836419701576233
data/cremad/audio/1091_IEO_FEA_LO.wav,1091_IEO_FEA_LO.wav,1091,train,4,fearful,1,happy,0.1813385784626007
data/cremad/audio/1091_IEO_FEA_MD.wav,1091_IEO_FEA_MD.wav,1091,train,4,fearful,1,happy,0.18128234148025513
data/cremad/audio/1091_IEO_HAP_HI.wav,1091_IEO_HAP_HI.wav,1091,train,1,happy,3,angry,0.18507443368434906
data/cremad/audio/1091_IEO_HAP_LO.wav,1091_IEO_HAP_LO.wav,1091,train,1,happy,1,happy,0.1855606585741043
data/cremad/audio/1091_IEO_HAP_MD.wav,1091_IEO_HAP_MD.wav,1091,train,1,happy,1,happy,0.18033750355243683
data/cremad/audio/1091_IEO_NEU_XX.wav,1091_IEO_NEU_XX.wav,1091,train,0,neutral,1,happy,0.182089701294899
data/cremad/audio/1091_IEO_SAD_HI.wav,1091_IEO_SAD_HI.wav,1091,train,2,sad,1,happy,0.1825701892375946
data/cremad/audio/1091_IEO_SAD_LO.wav,1091_IEO_SAD_LO.wav,1091,train,2,sad,1,happy,0.1827171891927719
data/cremad/audio/1091_IEO_SAD_MD.wav,1091_IEO_SAD_MD.wav,1091,train,2,sad,1,happy,0.18126365542411804
data/cremad/audio/1091_IOM_ANG_XX.wav,1091_IOM_ANG_XX.wav,1091,train,3,angry,3,angry,0.18526387214660645
data/cremad/audio/1091_IOM_DIS_XX.wav,1091_IOM_DIS_XX.wav,1091,train,5,disgust,1,happy,0.18177640438079834
data/cremad/audio/1091_IOM_FEA_XX.wav,1091_IOM_FEA_XX.wav,1091,train,4,fearful,3,angry,0.18470610678195953
data/cremad/audio/1091_IOM_HAP_XX.wav,1091_IOM_HAP_XX.wav,1091,train,1,happy,1,happy,0.1826360672712326
data/cremad/audio/1091_IOM_NEU_XX.wav,1091_IOM_NEU_XX.wav,1091,train,0,neutral,1,happy,0.18444128334522247
data/cremad/audio/1091_IOM_SAD_XX.wav,1091_IOM_SAD_XX.wav,1091,train,2,sad,1,happy,0.18097540736198425
data/cremad/audio/1091_ITH_ANG_XX.wav,1091_ITH_ANG_XX.wav,1091,train,3,angry,1,happy,0.18521466851234436
data/cremad/audio/1091_ITH_DIS_XX.wav,1091_ITH_DIS_XX.wav,1091,train,5,disgust,1,happy,0.179905965924263
data/cremad/audio/1091_ITH_FEA_XX.wav,1091_ITH_FEA_XX.wav,1091,train,4,fearful,1,happy,0.18187886476516724
data/cremad/audio/1091_ITH_HAP_XX.wav,1091_ITH_HAP_XX.wav,1091,train,1,happy,1,happy,0.18209154903888702
data/cremad/audio/1091_ITH_NEU_XX.wav,1091_ITH_NEU_XX.wav,1091,train,0,neutral,1,happy,0.18287190794944763
data/cremad/audio/1091_ITH_SAD_XX.wav,1091_ITH_SAD_XX.wav,1091,train,2,sad,1,happy,0.1822153478860855
data/cremad/audio/1091_ITS_ANG_XX.wav,1091_ITS_ANG_XX.wav,1091,train,3,angry,3,angry,0.1842394322156906
data/cremad/audio/1091_ITS_DIS_XX.wav,1091_ITS_DIS_XX.wav,1091,train,5,disgust,1,happy,0.18192918598651886
data/cremad/audio/1091_ITS_FEA_XX.wav,1091_ITS_FEA_XX.wav,1091,train,4,fearful,1,happy,0.182693213224411
data/cremad/audio/1091_ITS_HAP_XX.wav,1091_ITS_HAP_XX.wav,1091,train,1,happy,1,happy,0.1841466873884201
data/cremad/audio/1091_ITS_NEU_XX.wav,1091_ITS_NEU_XX.wav,1091,train,0,neutral,1,happy,0.18245770037174225
data/cremad/audio/1091_ITS_SAD_XX.wav,1091_ITS_SAD_XX.wav,1091,train,2,sad,1,happy,0.1824636310338974
data/cremad/audio/1091_IWL_ANG_XX.wav,1091_IWL_ANG_XX.wav,1091,train,3,angry,3,angry,0.18555127084255219
data/cremad/audio/1091_IWL_DIS_XX.wav,1091_IWL_DIS_XX.wav,1091,train,5,disgust,1,happy,0.1824234127998352
data/cremad/audio/1091_IWL_FEA_XX.wav,1091_IWL_FEA_XX.wav,1091,train,4,fearful,1,happy,0.1821589320898056
data/cremad/audio/1091_IWL_HAP_XX.wav,1091_IWL_HAP_XX.wav,1091,train,1,happy,1,happy,0.18375219404697418
data/cremad/audio/1091_IWL_NEU_XX.wav,1091_IWL_NEU_XX.wav,1091,train,0,neutral,1,happy,0.18394356966018677
data/cremad/audio/1091_IWL_SAD_XX.wav,1091_IWL_SAD_XX.wav,1091,train,2,sad,1,happy,0.18279600143432617
data/cremad/audio/1091_IWW_ANG_XX.wav,1091_IWW_ANG_XX.wav,1091,train,3,angry,3,angry,0.18345241248607635
data/cremad/audio/1091_IWW_DIS_XX.wav,1091_IWW_DIS_XX.wav,1091,train,5,disgust,3,angry,0.18432515859603882
data/cremad/audio/1091_IWW_FEA_XX.wav,1091_IWW_FEA_XX.wav,1091,train,4,fearful,1,happy,0.18410860002040863
data/cremad/audio/1091_IWW_HAP_XX.wav,1091_IWW_HAP_XX.wav,1091,train,1,happy,1,happy,0.18205076456069946
data/cremad/audio/1091_IWW_NEU_XX.wav,1091_IWW_NEU_XX.wav,1091,train,0,neutral,1,happy,0.1823728084564209
data/cremad/audio/1091_IWW_SAD_XX.wav,1091_IWW_SAD_XX.wav,1091,train,2,sad,1,happy,0.18192213773727417
data/cremad/audio/1091_MTI_ANG_XX.wav,1091_MTI_ANG_XX.wav,1091,train,3,angry,3,angry,0.18519741296768188
data/cremad/audio/1091_MTI_DIS_XX.wav,1091_MTI_DIS_XX.wav,1091,train,5,disgust,1,happy,0.182697594165802
data/cremad/audio/1091_MTI_FEA_XX.wav,1091_MTI_FEA_XX.wav,1091,train,4,fearful,1,happy,0.1835106760263443
data/cremad/audio/1091_MTI_HAP_XX.wav,1091_MTI_HAP_XX.wav,1091,train,1,happy,1,happy,0.18289627134799957
data/cremad/audio/1091_MTI_NEU_XX.wav,1091_MTI_NEU_XX.wav,1091,train,0,neutral,1,happy,0.1843787282705307
data/cremad/audio/1091_MTI_SAD_XX.wav,1091_MTI_SAD_XX.wav,1091,train,2,sad,1,happy,0.1832810491323471
data/cremad/audio/1091_TAI_ANG_XX.wav,1091_TAI_ANG_XX.wav,1091,train,3,angry,3,angry,0.1845666617155075
data/cremad/audio/1091_TAI_DIS_XX.wav,1091_TAI_DIS_XX.wav,1091,train,5,disgust,1,happy,0.18134769797325134
data/cremad/audio/1091_TAI_FEA_XX.wav,1091_TAI_FEA_XX.wav,1091,train,4,fearful,1,happy,0.1830301433801651
data/cremad/audio/1091_TAI_HAP_XX.wav,1091_TAI_HAP_XX.wav,1091,train,1,happy,1,happy,0.18288351595401764
data/cremad/audio/1091_TAI_NEU_XX.wav,1091_TAI_NEU_XX.wav,1091,train,0,neutral,1,happy,0.18357497453689575
data/cremad/audio/1091_TAI_SAD_XX.wav,1091_TAI_SAD_XX.wav,1091,train,2,sad,1,happy,0.1825333535671234
data/cremad/audio/1091_TIE_ANG_XX.wav,1091_TIE_ANG_XX.wav,1091,train,3,angry,1,happy,0.18280714750289917
data/cremad/audio/1091_TIE_DIS_XX.wav,1091_TIE_DIS_XX.wav,1091,train,5,disgust,3,angry,0.18381041288375854
data/cremad/audio/1091_TIE_FEA_XX.wav,1091_TIE_FEA_XX.wav,1091,train,4,fearful,3,angry,0.18635357916355133
data/cremad/audio/1091_TIE_HAP_XX.wav,1091_TIE_HAP_XX.wav,1091,train,1,happy,1,happy,0.1835576444864273
data/cremad/audio/1091_TIE_NEU_XX.wav,1091_TIE_NEU_XX.wav,1091,train,0,neutral,3,angry,0.18294332921504974
data/cremad/audio/1091_TIE_SAD_XX.wav,1091_TIE_SAD_XX.wav,1091,train,2,sad,1,happy,0.183094322681427
data/cremad/audio/1091_TSI_ANG_XX.wav,1091_TSI_ANG_XX.wav,1091,train,3,angry,1,happy,0.18144652247428894
data/cremad/audio/1091_TSI_DIS_XX.wav,1091_TSI_DIS_XX.wav,1091,train,5,disgust,1,happy,0.17999008297920227
data/cremad/audio/1091_TSI_FEA_XX.wav,1091_TSI_FEA_XX.wav,1091,train,4,fearful,1,happy,0.18233589828014374
data/cremad/audio/1091_TSI_HAP_XX.wav,1091_TSI_HAP_XX.wav,1091,train,1,happy,1,happy,0.18082624673843384
data/cremad/audio/1091_TSI_NEU_XX.wav,1091_TSI_NEU_XX.wav,1091,train,0,neutral,1,happy,0.1822206825017929
data/cremad/audio/1091_TSI_SAD_XX.wav,1091_TSI_SAD_XX.wav,1091,train,2,sad,1,happy,0.17995643615722656
data/cremad/audio/1091_WSI_ANG_XX.wav,1091_WSI_ANG_XX.wav,1091,train,3,angry,1,happy,0.18279552459716797
data/cremad/audio/1091_WSI_DIS_XX.wav,1091_WSI_DIS_XX.wav,1091,train,5,disgust,1,happy,0.18238213658332825
data/cremad/audio/1091_WSI_FEA_XX.wav,1091_WSI_FEA_XX.wav,1091,train,4,fearful,1,happy,0.18224231898784637
data/cremad/audio/1091_WSI_HAP_XX.wav,1091_WSI_HAP_XX.wav,1091,train,1,happy,1,happy,0.18358567357063293
data/cremad/audio/1091_WSI_NEU_XX.wav,1091_WSI_NEU_XX.wav,1091,train,0,neutral,1,happy,0.18299229443073273
data/cremad/audio/1091_WSI_SAD_XX.wav,1091_WSI_SAD_XX.wav,1091,train,2,sad,1,happy,0.18213559687137604
