filepath,filename,actor_id,split,true_label,true_emotion,predicted_label,predicted_emotion,confidence
data/ravdess/audio/Actor_01/03-01-01-01-01-01-01.wav,03-01-01-01-01-01-01.wav,1,train,0,neutral,0,neutral,0.26030126214027405
data/ravdess/audio/Actor_01/03-01-01-01-01-02-01.wav,03-01-01-01-01-02-01.wav,1,train,0,neutral,0,neutral,0.27882540225982666
data/ravdess/audio/Actor_01/03-01-01-01-02-01-01.wav,03-01-01-01-02-01-01.wav,1,train,0,neutral,0,neutral,0.2700481414794922
data/ravdess/audio/Actor_01/03-01-01-01-02-02-01.wav,03-01-01-01-02-02-01.wav,1,train,0,neutral,0,neutral,0.27562668919563293
data/ravdess/audio/Actor_01/03-01-02-01-01-01-01.wav,03-01-02-01-01-01-01.wav,1,train,1,calm,0,neutral,0.26558902859687805
data/ravdess/audio/Actor_01/03-01-02-01-01-02-01.wav,03-01-02-01-01-02-01.wav,1,train,1,calm,1,calm,0.34370580315589905
data/ravdess/audio/Actor_01/03-01-02-01-02-01-01.wav,03-01-02-01-02-01-01.wav,1,train,1,calm,0,neutral,0.27092915773391724
data/ravdess/audio/Actor_01/03-01-02-01-02-02-01.wav,03-01-02-01-02-02-01.wav,1,train,1,calm,0,neutral,0.28136056661605835
data/ravdess/audio/Actor_01/03-01-02-02-01-01-01.wav,03-01-02-02-01-01-01.wav,1,train,1,calm,1,calm,0.3726657032966614
data/ravdess/audio/Actor_01/03-01-02-02-01-02-01.wav,03-01-02-02-01-02-01.wav,1,train,1,calm,1,calm,0.39373892545700073
data/ravdess/audio/Actor_01/03-01-02-02-02-01-01.wav,03-01-02-02-02-01-01.wav,1,train,1,calm,1,calm,0.2589282989501953
data/ravdess/audio/Actor_01/03-01-02-02-02-02-01.wav,03-01-02-02-02-02-01.wav,1,train,1,calm,1,calm,0.24007652699947357
data/ravdess/audio/Actor_01/03-01-03-01-01-01-01.wav,03-01-03-01-01-01-01.wav,1,train,2,happy,7,surprised,0.3379896581172943
data/ravdess/audio/Actor_01/03-01-03-01-01-02-01.wav,03-01-03-01-01-02-01.wav,1,train,2,happy,7,surprised,0.34295713901519775
data/ravdess/audio/Actor_01/03-01-03-01-02-01-01.wav,03-01-03-01-02-01-01.wav,1,train,2,happy,6,disgust,0.28129780292510986
data/ravdess/audio/Actor_01/03-01-03-01-02-02-01.wav,03-01-03-01-02-02-01.wav,1,train,2,happy,6,disgust,0.37592244148254395
data/ravdess/audio/Actor_01/03-01-03-02-01-01-01.wav,03-01-03-02-01-01-01.wav,1,train,2,happy,7,surprised,0.36585620045661926
data/ravdess/audio/Actor_01/03-01-03-02-01-02-01.wav,03-01-03-02-01-02-01.wav,1,train,2,happy,2,happy,0.44722598791122437
data/ravdess/audio/Actor_01/03-01-03-02-02-01-01.wav,03-01-03-02-02-01-01.wav,1,train,2,happy,2,happy,0.4196389615535736
data/ravdess/audio/Actor_01/03-01-03-02-02-02-01.wav,03-01-03-02-02-02-01.wav,1,train,2,happy,7,surprised,0.33217790722846985
data/ravdess/audio/Actor_01/03-01-04-01-01-01-01.wav,03-01-04-01-01-01-01.wav,1,train,3,sad,0,neutral,0.2666756212711334
data/ravdess/audio/Actor_01/03-01-04-01-01-02-01.wav,03-01-04-01-01-02-01.wav,1,train,3,sad,0,neutral,0.2927841544151306
data/ravdess/audio/Actor_01/03-01-04-01-02-01-01.wav,03-01-04-01-02-01-01.wav,1,train,3,sad,1,calm,0.31976526975631714
data/ravdess/audio/Actor_01/03-01-04-01-02-02-01.wav,03-01-04-01-02-02-01.wav,1,train,3,sad,0,neutral,0.25846797227859497
data/ravdess/audio/Actor_01/03-01-04-02-01-01-01.wav,03-01-04-02-01-01-01.wav,1,train,3,sad,0,neutral,0.2520172595977783
data/ravdess/audio/Actor_01/03-01-04-02-01-02-01.wav,03-01-04-02-01-02-01.wav,1,train,3,sad,6,disgust,0.25341448187828064
data/ravdess/audio/Actor_01/03-01-04-02-02-01-01.wav,03-01-04-02-02-01-01.wav,1,train,3,sad,6,disgust,0.2696569859981537
data/ravdess/audio/Actor_01/03-01-04-02-02-02-01.wav,03-01-04-02-02-02-01.wav,1,train,3,sad,7,surprised,0.2807409465312958
data/ravdess/audio/Actor_01/03-01-05-01-01-01-01.wav,03-01-05-01-01-01-01.wav,1,train,4,angry,4,angry,0.4969552159309387
data/ravdess/audio/Actor_01/03-01-05-01-01-02-01.wav,03-01-05-01-01-02-01.wav,1,train,4,angry,4,angry,0.4233061969280243
data/ravdess/audio/Actor_01/03-01-05-01-02-01-01.wav,03-01-05-01-02-01-01.wav,1,train,4,angry,7,surprised,0.26851603388786316
data/ravdess/audio/Actor_01/03-01-05-01-02-02-01.wav,03-01-05-01-02-02-01.wav,1,train,4,angry,4,angry,0.2743884325027466
data/ravdess/audio/Actor_01/03-01-05-02-01-01-01.wav,03-01-05-02-01-01-01.wav,1,train,4,angry,4,angry,0.9251439571380615
data/ravdess/audio/Actor_01/03-01-05-02-01-02-01.wav,03-01-05-02-01-02-01.wav,1,train,4,angry,4,angry,0.7739800810813904
data/ravdess/audio/Actor_01/03-01-05-02-02-01-01.wav,03-01-05-02-02-01-01.wav,1,train,4,angry,4,angry,0.8272302150726318
data/ravdess/audio/Actor_01/03-01-05-02-02-02-01.wav,03-01-05-02-02-02-01.wav,1,train,4,angry,4,angry,0.9452853798866272
data/ravdess/audio/Actor_01/03-01-06-01-01-01-01.wav,03-01-06-01-01-01-01.wav,1,train,5,fearful,7,surprised,0.3240599036216736
data/ravdess/audio/Actor_01/03-01-06-01-01-02-01.wav,03-01-06-01-01-02-01.wav,1,train,5,fearful,2,happy,0.35447824001312256
data/ravdess/audio/Actor_01/03-01-06-01-02-01-01.wav,03-01-06-01-02-01-01.wav,1,train,5,fearful,6,disgust,0.3511756956577301
data/ravdess/audio/Actor_01/03-01-06-01-02-02-01.wav,03-01-06-01-02-02-01.wav,1,train,5,fearful,6,disgust,0.38661038875579834
data/ravdess/audio/Actor_01/03-01-06-02-01-01-01.wav,03-01-06-02-01-01-01.wav,1,train,5,fearful,7,surprised,0.3129858076572418
data/ravdess/audio/Actor_01/03-01-06-02-01-02-01.wav,03-01-06-02-01-02-01.wav,1,train,5,fearful,7,surprised,0.36939406394958496
data/ravdess/audio/Actor_01/03-01-06-02-02-01-01.wav,03-01-06-02-02-01-01.wav,1,train,5,fearful,5,fearful,0.3157263398170471
data/ravdess/audio/Actor_01/03-01-06-02-02-02-01.wav,03-01-06-02-02-02-01.wav,1,train,5,fearful,7,surprised,0.3870706260204315
data/ravdess/audio/Actor_01/03-01-07-01-01-01-01.wav,03-01-07-01-01-01-01.wav,1,train,6,disgust,6,disgust,0.370839387178421
data/ravdess/audio/Actor_01/03-01-07-01-01-02-01.wav,03-01-07-01-01-02-01.wav,1,train,6,disgust,6,disgust,0.3613194525241852
data/ravdess/audio/Actor_01/03-01-07-01-02-01-01.wav,03-01-07-01-02-01-01.wav,1,train,6,disgust,6,disgust,0.3261686861515045
data/ravdess/audio/Actor_01/03-01-07-01-02-02-01.wav,03-01-07-01-02-02-01.wav,1,train,6,disgust,6,disgust,0.3499947786331177
data/ravdess/audio/Actor_01/03-01-07-02-01-01-01.wav,03-01-07-02-01-01-01.wav,1,train,6,disgust,6,disgust,0.3657146692276001
data/ravdess/audio/Actor_01/03-01-07-02-01-02-01.wav,03-01-07-02-01-02-01.wav,1,train,6,disgust,7,surprised,0.3786669671535492
data/ravdess/audio/Actor_01/03-01-07-02-02-01-01.wav,03-01-07-02-02-01-01.wav,1,train,6,disgust,6,disgust,0.468370646238327
data/ravdess/audio/Actor_01/03-01-07-02-02-02-01.wav,03-01-07-02-02-02-01.wav,1,train,6,disgust,7,surprised,0.39805927872657776
data/ravdess/audio/Actor_01/03-01-08-01-01-01-01.wav,03-01-08-01-01-01-01.wav,1,train,7,surprised,0,neutral,0.24296574294567108
data/ravdess/audio/Actor_01/03-01-08-01-01-02-01.wav,03-01-08-01-01-02-01.wav,1,train,7,surprised,0,neutral,0.23125411570072174
data/ravdess/audio/Actor_01/03-01-08-01-02-01-01.wav,03-01-08-01-02-01-01.wav,1,train,7,surprised,6,disgust,0.2622942626476288
data/ravdess/audio/Actor_01/03-01-08-01-02-02-01.wav,03-01-08-01-02-02-01.wav,1,train,7,surprised,6,disgust,0.2980186641216278
data/ravdess/audio/Actor_01/03-01-08-02-01-01-01.wav,03-01-08-02-01-01-01.wav,1,train,7,surprised,7,surprised,0.37445342540740967
data/ravdess/audio/Actor_01/03-01-08-02-01-02-01.wav,03-01-08-02-01-02-01.wav,1,train,7,surprised,7,surprised,0.3926006853580475
data/ravdess/audio/Actor_01/03-01-08-02-02-01-01.wav,03-01-08-02-02-01-01.wav,1,train,7,surprised,7,surprised,0.2562209665775299
data/ravdess/audio/Actor_01/03-01-08-02-02-02-01.wav,03-01-08-02-02-02-01.wav,1,train,7,surprised,7,surprised,0.3966508209705353
data/ravdess/audio/Actor_02/03-01-01-01-01-01-02.wav,03-01-01-01-01-01-02.wav,2,train,0,neutral,0,neutral,0.23309314250946045
data/ravdess/audio/Actor_02/03-01-01-01-01-02-02.wav,03-01-01-01-01-02-02.wav,2,train,0,neutral,0,neutral,0.2534227669239044
data/ravdess/audio/Actor_02/03-01-01-01-02-01-02.wav,03-01-01-01-02-01-02.wav,2,train,0,neutral,0,neutral,0.23255287110805511
data/ravdess/audio/Actor_02/03-01-01-01-02-02-02.wav,03-01-01-01-02-02-02.wav,2,train,0,neutral,0,neutral,0.2872219681739807
data/ravdess/audio/Actor_02/03-01-02-01-01-01-02.wav,03-01-02-01-01-01-02.wav,2,train,1,calm,0,neutral,0.27198266983032227
data/ravdess/audio/Actor_02/03-01-02-01-01-02-02.wav,03-01-02-01-01-02-02.wav,2,train,1,calm,0,neutral,0.25075408816337585
data/ravdess/audio/Actor_02/03-01-02-01-02-01-02.wav,03-01-02-01-02-01-02.wav,2,train,1,calm,1,calm,0.39147794246673584
data/ravdess/audio/Actor_02/03-01-02-01-02-02-02.wav,03-01-02-01-02-02-02.wav,2,train,1,calm,1,calm,0.3653002083301544
data/ravdess/audio/Actor_02/03-01-02-02-01-01-02.wav,03-01-02-02-01-01-02.wav,2,train,1,calm,1,calm,0.300653338432312
data/ravdess/audio/Actor_02/03-01-02-02-01-02-02.wav,03-01-02-02-01-02-02.wav,2,train,1,calm,0,neutral,0.2545669376850128
data/ravdess/audio/Actor_02/03-01-02-02-02-01-02.wav,03-01-02-02-02-01-02.wav,2,train,1,calm,1,calm,0.3869209587574005
data/ravdess/audio/Actor_02/03-01-02-02-02-02-02.wav,03-01-02-02-02-02-02.wav,2,train,1,calm,1,calm,0.40415263175964355
data/ravdess/audio/Actor_02/03-01-03-01-01-01-02.wav,03-01-03-01-01-01-02.wav,2,train,2,happy,2,happy,0.36037492752075195
data/ravdess/audio/Actor_02/03-01-03-01-01-02-02.wav,03-01-03-01-01-02-02.wav,2,train,2,happy,2,happy,0.3644954562187195
data/ravdess/audio/Actor_02/03-01-03-01-02-01-02.wav,03-01-03-01-02-01-02.wav,2,train,2,happy,2,happy,0.45523425936698914
data/ravdess/audio/Actor_02/03-01-03-01-02-02-02.wav,03-01-03-01-02-02-02.wav,2,train,2,happy,2,happy,0.4932597279548645
data/ravdess/audio/Actor_02/03-01-03-02-01-01-02.wav,03-01-03-02-01-01-02.wav,2,train,2,happy,2,happy,0.42147108912467957
data/ravdess/audio/Actor_02/03-01-03-02-01-02-02.wav,03-01-03-02-01-02-02.wav,2,train,2,happy,2,happy,0.46371519565582275
data/ravdess/audio/Actor_02/03-01-03-02-02-01-02.wav,03-01-03-02-02-01-02.wav,2,train,2,happy,2,happy,0.40127986669540405
data/ravdess/audio/Actor_02/03-01-03-02-02-02-02.wav,03-01-03-02-02-02-02.wav,2,train,2,happy,2,happy,0.5275187492370605
data/ravdess/audio/Actor_02/03-01-04-01-01-01-02.wav,03-01-04-01-01-01-02.wav,2,train,3,sad,0,neutral,0.22421389818191528
data/ravdess/audio/Actor_02/03-01-04-01-01-02-02.wav,03-01-04-01-01-02-02.wav,2,train,3,sad,0,neutral,0.23719795048236847
data/ravdess/audio/Actor_02/03-01-04-01-02-01-02.wav,03-01-04-01-02-01-02.wav,2,train,3,sad,1,calm,0.3959410786628723
data/ravdess/audio/Actor_02/03-01-04-01-02-02-02.wav,03-01-04-01-02-02-02.wav,2,train,3,sad,1,calm,0.4147479236125946
data/ravdess/audio/Actor_02/03-01-04-02-01-01-02.wav,03-01-04-02-01-01-02.wav,2,train,3,sad,7,surprised,0.27948370575904846
data/ravdess/audio/Actor_02/03-01-04-02-01-02-02.wav,03-01-04-02-01-02-02.wav,2,train,3,sad,3,sad,0.23424425721168518
data/ravdess/audio/Actor_02/03-01-04-02-02-01-02.wav,03-01-04-02-02-01-02.wav,2,train,3,sad,3,sad,0.23752643167972565
data/ravdess/audio/Actor_02/03-01-04-02-02-02-02.wav,03-01-04-02-02-02-02.wav,2,train,3,sad,7,surprised,0.27626800537109375
data/ravdess/audio/Actor_02/03-01-05-01-01-01-02.wav,03-01-05-01-01-01-02.wav,2,train,4,angry,7,surprised,0.3144698441028595
data/ravdess/audio/Actor_02/03-01-05-01-01-02-02.wav,03-01-05-01-01-02-02.wav,2,train,4,angry,4,angry,0.3067629635334015
data/ravdess/audio/Actor_02/03-01-05-01-02-01-02.wav,03-01-05-01-02-01-02.wav,2,train,4,angry,7,surprised,0.31770843267440796
data/ravdess/audio/Actor_02/03-01-05-01-02-02-02.wav,03-01-05-01-02-02-02.wav,2,train,4,angry,7,surprised,0.33829352259635925
data/ravdess/audio/Actor_02/03-01-05-02-01-01-02.wav,03-01-05-02-01-01-02.wav,2,train,4,angry,4,angry,0.8922291398048401
data/ravdess/audio/Actor_02/03-01-05-02-01-02-02.wav,03-01-05-02-01-02-02.wav,2,train,4,angry,4,angry,0.8651700019836426
data/ravdess/audio/Actor_02/03-01-05-02-02-01-02.wav,03-01-05-02-02-01-02.wav,2,train,4,angry,4,angry,0.8941800594329834
data/ravdess/audio/Actor_02/03-01-05-02-02-02-02.wav,03-01-05-02-02-02-02.wav,2,train,4,angry,4,angry,0.8088745474815369
data/ravdess/audio/Actor_02/03-01-06-01-01-01-02.wav,03-01-06-01-01-01-02.wav,2,train,5,fearful,5,fearful,0.32260578870773315
data/ravdess/audio/Actor_02/03-01-06-01-01-02-02.wav,03-01-06-01-01-02-02.wav,2,train,5,fearful,5,fearful,0.35211381316185
data/ravdess/audio/Actor_02/03-01-06-01-02-01-02.wav,03-01-06-01-02-01-02.wav,2,train,5,fearful,7,surprised,0.3067648112773895
data/ravdess/audio/Actor_02/03-01-06-01-02-02-02.wav,03-01-06-01-02-02-02.wav,2,train,5,fearful,5,fearful,0.38983970880508423
data/ravdess/audio/Actor_02/03-01-06-02-01-01-02.wav,03-01-06-02-01-01-02.wav,2,train,5,fearful,5,fearful,0.36106055974960327
data/ravdess/audio/Actor_02/03-01-06-02-01-02-02.wav,03-01-06-02-01-02-02.wav,2,train,5,fearful,5,fearful,0.36971035599708557
data/ravdess/audio/Actor_02/03-01-06-02-02-01-02.wav,03-01-06-02-02-01-02.wav,2,train,5,fearful,5,fearful,0.3692709505558014
data/ravdess/audio/Actor_02/03-01-06-02-02-02-02.wav,03-01-06-02-02-02-02.wav,2,train,5,fearful,5,fearful,0.33087092638015747
data/ravdess/audio/Actor_02/03-01-07-01-01-01-02.wav,03-01-07-01-01-01-02.wav,2,train,6,disgust,6,disgust,0.264259397983551
data/ravdess/audio/Actor_02/03-01-07-01-01-02-02.wav,03-01-07-01-01-02-02.wav,2,train,6,disgust,6,disgust,0.25288596749305725
data/ravdess/audio/Actor_02/03-01-07-01-02-01-02.wav,03-01-07-01-02-01-02.wav,2,train,6,disgust,6,disgust,0.25395452976226807
data/ravdess/audio/Actor_02/03-01-07-01-02-02-02.wav,03-01-07-01-02-02-02.wav,2,train,6,disgust,0,neutral,0.26604071259498596
data/ravdess/audio/Actor_02/03-01-07-02-01-01-02.wav,03-01-07-02-01-01-02.wav,2,train,6,disgust,6,disgust,0.42856186628341675
data/ravdess/audio/Actor_02/03-01-07-02-01-02-02.wav,03-01-07-02-01-02-02.wav,2,train,6,disgust,6,disgust,0.34985214471817017
data/ravdess/audio/Actor_02/03-01-07-02-02-01-02.wav,03-01-07-02-02-01-02.wav,2,train,6,disgust,6,disgust,0.3175375461578369
data/ravdess/audio/Actor_02/03-01-07-02-02-02-02.wav,03-01-07-02-02-02-02.wav,2,train,6,disgust,6,disgust,0.3428436815738678
data/ravdess/audio/Actor_02/03-01-08-01-01-01-02.wav,03-01-08-01-01-01-02.wav,2,train,7,surprised,7,surprised,0.38943469524383545
data/ravdess/audio/Actor_02/03-01-08-01-01-02-02.wav,03-01-08-01-01-02-02.wav,2,train,7,surprised,7,surprised,0.39864876866340637
data/ravdess/audio/Actor_02/03-01-08-01-02-01-02.wav,03-01-08-01-02-01-02.wav,2,train,7,surprised,7,surprised,0.38641786575317383
data/ravdess/audio/Actor_02/03-01-08-01-02-02-02.wav,03-01-08-01-02-02-02.wav,2,train,7,surprised,7,surprised,0.4006335139274597
data/ravdess/audio/Actor_02/03-01-08-02-01-01-02.wav,03-01-08-02-01-01-02.wav,2,train,7,surprised,7,surprised,0.3323846161365509
data/ravdess/audio/Actor_02/03-01-08-02-01-02-02.wav,03-01-08-02-01-02-02.wav,2,train,7,surprised,7,surprised,0.3326507806777954
data/ravdess/audio/Actor_02/03-01-08-02-02-01-02.wav,03-01-08-02-02-01-02.wav,2,train,7,surprised,7,surprised,0.3565891981124878
data/ravdess/audio/Actor_02/03-01-08-02-02-02-02.wav,03-01-08-02-02-02-02.wav,2,train,7,surprised,7,surprised,0.3814084827899933
data/ravdess/audio/Actor_03/03-01-01-01-01-01-03.wav,03-01-01-01-01-01-03.wav,3,train,0,neutral,0,neutral,0.23645451664924622
data/ravdess/audio/Actor_03/03-01-01-01-01-02-03.wav,03-01-01-01-01-02-03.wav,3,train,0,neutral,0,neutral,0.22022995352745056
data/ravdess/audio/Actor_03/03-01-01-01-02-01-03.wav,03-01-01-01-02-01-03.wav,3,train,0,neutral,0,neutral,0.2398592233657837
data/ravdess/audio/Actor_03/03-01-01-01-02-02-03.wav,03-01-01-01-02-02-03.wav,3,train,0,neutral,0,neutral,0.22676606476306915
data/ravdess/audio/Actor_03/03-01-02-01-01-01-03.wav,03-01-02-01-01-01-03.wav,3,train,1,calm,1,calm,0.2964964807033539
data/ravdess/audio/Actor_03/03-01-02-01-01-02-03.wav,03-01-02-01-01-02-03.wav,3,train,1,calm,1,calm,0.3299790024757385
data/ravdess/audio/Actor_03/03-01-02-01-02-01-03.wav,03-01-02-01-02-01-03.wav,3,train,1,calm,1,calm,0.32634875178337097
data/ravdess/audio/Actor_03/03-01-02-01-02-02-03.wav,03-01-02-01-02-02-03.wav,3,train,1,calm,6,disgust,0.20440047979354858
data/ravdess/audio/Actor_03/03-01-02-02-01-01-03.wav,03-01-02-02-01-01-03.wav,3,train,1,calm,0,neutral,0.2620532214641571
data/ravdess/audio/Actor_03/03-01-02-02-01-02-03.wav,03-01-02-02-01-02-03.wav,3,train,1,calm,7,surprised,0.2108192890882492
data/ravdess/audio/Actor_03/03-01-02-02-02-01-03.wav,03-01-02-02-02-01-03.wav,3,train,1,calm,6,disgust,0.2910986542701721
data/ravdess/audio/Actor_03/03-01-02-02-02-02-03.wav,03-01-02-02-02-02-03.wav,3,train,1,calm,6,disgust,0.2709850072860718
data/ravdess/audio/Actor_03/03-01-03-01-01-01-03.wav,03-01-03-01-01-01-03.wav,3,train,2,happy,7,surprised,0.3803178668022156
data/ravdess/audio/Actor_03/03-01-03-01-01-02-03.wav,03-01-03-01-01-02-03.wav,3,train,2,happy,7,surprised,0.38688933849334717
data/ravdess/audio/Actor_03/03-01-03-01-02-01-03.wav,03-01-03-01-02-01-03.wav,3,train,2,happy,7,surprised,0.30413731932640076
data/ravdess/audio/Actor_03/03-01-03-01-02-02-03.wav,03-01-03-01-02-02-03.wav,3,train,2,happy,0,neutral,0.21340163052082062
data/ravdess/audio/Actor_03/03-01-03-02-01-01-03.wav,03-01-03-02-01-01-03.wav,3,train,2,happy,7,surprised,0.43724533915519714
data/ravdess/audio/Actor_03/03-01-03-02-01-02-03.wav,03-01-03-02-01-02-03.wav,3,train,2,happy,2,happy,0.3805951774120331
data/ravdess/audio/Actor_03/03-01-03-02-02-01-03.wav,03-01-03-02-02-01-03.wav,3,train,2,happy,2,happy,0.2777569890022278
data/ravdess/audio/Actor_03/03-01-03-02-02-02-03.wav,03-01-03-02-02-02-03.wav,3,train,2,happy,7,surprised,0.4131438732147217
data/ravdess/audio/Actor_03/03-01-04-01-01-01-03.wav,03-01-04-01-01-01-03.wav,3,train,3,sad,0,neutral,0.2604389488697052
data/ravdess/audio/Actor_03/03-01-04-01-01-02-03.wav,03-01-04-01-01-02-03.wav,3,train,3,sad,0,neutral,0.23389868438243866
data/ravdess/audio/Actor_03/03-01-04-01-02-01-03.wav,03-01-04-01-02-01-03.wav,3,train,3,sad,6,disgust,0.23248155415058136
data/ravdess/audio/Actor_03/03-01-04-01-02-02-03.wav,03-01-04-01-02-02-03.wav,3,train,3,sad,6,disgust,0.2480572611093521
data/ravdess/audio/Actor_03/03-01-04-02-01-01-03.wav,03-01-04-02-01-01-03.wav,3,train,3,sad,7,surprised,0.37127670645713806
data/ravdess/audio/Actor_03/03-01-04-02-01-02-03.wav,03-01-04-02-01-02-03.wav,3,train,3,sad,7,surprised,0.4209596514701843
data/ravdess/audio/Actor_03/03-01-04-02-02-01-03.wav,03-01-04-02-02-01-03.wav,3,train,3,sad,2,happy,0.34193918108940125
data/ravdess/audio/Actor_03/03-01-04-02-02-02-03.wav,03-01-04-02-02-02-03.wav,3,train,3,sad,7,surprised,0.3445604741573334
data/ravdess/audio/Actor_03/03-01-05-01-01-01-03.wav,03-01-05-01-01-01-03.wav,3,train,4,angry,6,disgust,0.293197363615036
data/ravdess/audio/Actor_03/03-01-05-01-01-02-03.wav,03-01-05-01-01-02-03.wav,3,train,4,angry,7,surprised,0.28428685665130615
data/ravdess/audio/Actor_03/03-01-05-01-02-01-03.wav,03-01-05-01-02-01-03.wav,3,train,4,angry,6,disgust,0.4132106602191925
data/ravdess/audio/Actor_03/03-01-05-01-02-02-03.wav,03-01-05-01-02-02-03.wav,3,train,4,angry,7,surprised,0.30156415700912476
data/ravdess/audio/Actor_03/03-01-05-02-01-01-03.wav,03-01-05-02-01-01-03.wav,3,train,4,angry,4,angry,0.9459191560745239
data/ravdess/audio/Actor_03/03-01-05-02-01-02-03.wav,03-01-05-02-01-02-03.wav,3,train,4,angry,4,angry,0.9332846403121948
data/ravdess/audio/Actor_03/03-01-05-02-02-01-03.wav,03-01-05-02-02-01-03.wav,3,train,4,angry,4,angry,0.9075000882148743
data/ravdess/audio/Actor_03/03-01-05-02-02-02-03.wav,03-01-05-02-02-02-03.wav,3,train,4,angry,4,angry,0.9266458749771118
data/ravdess/audio/Actor_03/03-01-06-01-01-01-03.wav,03-01-06-01-01-01-03.wav,3,train,5,fearful,6,disgust,0.317010760307312
data/ravdess/audio/Actor_03/03-01-06-01-01-02-03.wav,03-01-06-01-01-02-03.wav,3,train,5,fearful,6,disgust,0.2844422459602356
data/ravdess/audio/Actor_03/03-01-06-01-02-01-03.wav,03-01-06-01-02-01-03.wav,3,train,5,fearful,7,surprised,0.3285980224609375
data/ravdess/audio/Actor_03/03-01-06-01-02-02-03.wav,03-01-06-01-02-02-03.wav,3,train,5,fearful,7,surprised,0.2241094559431076
data/ravdess/audio/Actor_03/03-01-06-02-01-01-03.wav,03-01-06-02-01-01-03.wav,3,train,5,fearful,2,happy,0.45105183124542236
data/ravdess/audio/Actor_03/03-01-06-02-01-02-03.wav,03-01-06-02-01-02-03.wav,3,train,5,fearful,2,happy,0.35720211267471313
data/ravdess/audio/Actor_03/03-01-06-02-02-01-03.wav,03-01-06-02-02-01-03.wav,3,train,5,fearful,5,fearful,0.3127416968345642
data/ravdess/audio/Actor_03/03-01-06-02-02-02-03.wav,03-01-06-02-02-02-03.wav,3,train,5,fearful,5,fearful,0.3822524845600128
data/ravdess/audio/Actor_03/03-01-07-01-01-01-03.wav,03-01-07-01-01-01-03.wav,3,train,6,disgust,6,disgust,0.3660368323326111
data/ravdess/audio/Actor_03/03-01-07-01-01-02-03.wav,03-01-07-01-01-02-03.wav,3,train,6,disgust,6,disgust,0.4221411347389221
data/ravdess/audio/Actor_03/03-01-07-01-02-01-03.wav,03-01-07-01-02-01-03.wav,3,train,6,disgust,6,disgust,0.46107810735702515
data/ravdess/audio/Actor_03/03-01-07-01-02-02-03.wav,03-01-07-01-02-02-03.wav,3,train,6,disgust,6,disgust,0.4503442347049713
data/ravdess/audio/Actor_03/03-01-07-02-01-01-03.wav,03-01-07-02-01-01-03.wav,3,train,6,disgust,6,disgust,0.4654272198677063
data/ravdess/audio/Actor_03/03-01-07-02-01-02-03.wav,03-01-07-02-01-02-03.wav,3,train,6,disgust,6,disgust,0.5665409564971924
data/ravdess/audio/Actor_03/03-01-07-02-02-01-03.wav,03-01-07-02-02-01-03.wav,3,train,6,disgust,6,disgust,0.3520389199256897
data/ravdess/audio/Actor_03/03-01-07-02-02-02-03.wav,03-01-07-02-02-02-03.wav,3,train,6,disgust,6,disgust,0.4259708821773529
data/ravdess/audio/Actor_03/03-01-08-01-01-01-03.wav,03-01-08-01-01-01-03.wav,3,train,7,surprised,7,surprised,0.3610289394855499
data/ravdess/audio/Actor_03/03-01-08-01-01-02-03.wav,03-01-08-01-01-02-03.wav,3,train,7,surprised,7,surprised,0.3950246572494507
data/ravdess/audio/Actor_03/03-01-08-01-02-01-03.wav,03-01-08-01-02-01-03.wav,3,train,7,surprised,7,surprised,0.3473452031612396
data/ravdess/audio/Actor_03/03-01-08-01-02-02-03.wav,03-01-08-01-02-02-03.wav,3,train,7,surprised,7,surprised,0.37761107087135315
data/ravdess/audio/Actor_03/03-01-08-02-01-01-03.wav,03-01-08-02-01-01-03.wav,3,train,7,surprised,2,happy,0.4053176939487457
data/ravdess/audio/Actor_03/03-01-08-02-01-02-03.wav,03-01-08-02-01-02-03.wav,3,train,7,surprised,7,surprised,0.38789045810699463
data/ravdess/audio/Actor_03/03-01-08-02-02-01-03.wav,03-01-08-02-02-01-03.wav,3,train,7,surprised,7,surprised,0.4214966893196106
data/ravdess/audio/Actor_03/03-01-08-02-02-02-03.wav,03-01-08-02-02-02-03.wav,3,train,7,surprised,7,surprised,0.42714840173721313
data/ravdess/audio/Actor_04/03-01-01-01-01-01-04.wav,03-01-01-01-01-01-04.wav,4,train,0,neutral,0,neutral,0.24902108311653137
data/ravdess/audio/Actor_04/03-01-01-01-01-02-04.wav,03-01-01-01-01-02-04.wav,4,train,0,neutral,0,neutral,0.22690178453922272
data/ravdess/audio/Actor_04/03-01-01-01-02-01-04.wav,03-01-01-01-02-01-04.wav,4,train,0,neutral,0,neutral,0.28565341234207153
data/ravdess/audio/Actor_04/03-01-01-01-02-02-04.wav,03-01-01-01-02-02-04.wav,4,train,0,neutral,0,neutral,0.29132187366485596
data/ravdess/audio/Actor_04/03-01-02-01-01-01-04.wav,03-01-02-01-01-01-04.wav,4,train,1,calm,1,calm,0.2845219075679779
data/ravdess/audio/Actor_04/03-01-02-01-01-02-04.wav,03-01-02-01-01-02-04.wav,4,train,1,calm,0,neutral,0.2252875715494156
data/ravdess/audio/Actor_04/03-01-02-01-02-01-04.wav,03-01-02-01-02-01-04.wav,4,train,1,calm,1,calm,0.27177318930625916
data/ravdess/audio/Actor_04/03-01-02-01-02-02-04.wav,03-01-02-01-02-02-04.wav,4,train,1,calm,3,sad,0.233018159866333
data/ravdess/audio/Actor_04/03-01-02-02-01-01-04.wav,03-01-02-02-01-01-04.wav,4,train,1,calm,3,sad,0.2573704719543457
data/ravdess/audio/Actor_04/03-01-02-02-01-02-04.wav,03-01-02-02-01-02-04.wav,4,train,1,calm,1,calm,0.2539142668247223
data/ravdess/audio/Actor_04/03-01-02-02-02-01-04.wav,03-01-02-02-02-01-04.wav,4,train,1,calm,1,calm,0.2847314178943634
data/ravdess/audio/Actor_04/03-01-02-02-02-02-04.wav,03-01-02-02-02-02-04.wav,4,train,1,calm,1,calm,0.3410309851169586
data/ravdess/audio/Actor_04/03-01-03-01-01-01-04.wav,03-01-03-01-01-01-04.wav,4,train,2,happy,7,surprised,0.24381425976753235
data/ravdess/audio/Actor_04/03-01-03-01-01-02-04.wav,03-01-03-01-01-02-04.wav,4,train,2,happy,7,surprised,0.34919655323028564
data/ravdess/audio/Actor_04/03-01-03-01-02-01-04.wav,03-01-03-01-02-01-04.wav,4,train,2,happy,7,surprised,0.4070444703102112
data/ravdess/audio/Actor_04/03-01-03-01-02-02-04.wav,03-01-03-01-02-02-04.wav,4,train,2,happy,7,surprised,0.38280701637268066
data/ravdess/audio/Actor_04/03-01-03-02-01-01-04.wav,03-01-03-02-01-01-04.wav,4,train,2,happy,5,fearful,0.3147032558917999
data/ravdess/audio/Actor_04/03-01-03-02-01-02-04.wav,03-01-03-02-01-02-04.wav,4,train,2,happy,5,fearful,0.3085388243198395
data/ravdess/audio/Actor_04/03-01-03-02-02-01-04.wav,03-01-03-02-02-01-04.wav,4,train,2,happy,7,surprised,0.32581719756126404
data/ravdess/audio/Actor_04/03-01-03-02-02-02-04.wav,03-01-03-02-02-02-04.wav,4,train,2,happy,2,happy,0.393109530210495
data/ravdess/audio/Actor_04/03-01-04-01-01-01-04.wav,03-01-04-01-01-01-04.wav,4,train,3,sad,1,calm,0.25889039039611816
data/ravdess/audio/Actor_04/03-01-04-01-01-02-04.wav,03-01-04-01-01-02-04.wav,4,train,3,sad,7,surprised,0.28466349840164185
data/ravdess/audio/Actor_04/03-01-04-01-02-01-04.wav,03-01-04-01-02-01-04.wav,4,train,3,sad,7,surprised,0.3248786926269531
data/ravdess/audio/Actor_04/03-01-04-01-02-02-04.wav,03-01-04-01-02-02-04.wav,4,train,3,sad,7,surprised,0.2941548526287079
data/ravdess/audio/Actor_04/03-01-04-02-01-01-04.wav,03-01-04-02-01-01-04.wav,4,train,3,sad,5,fearful,0.3453385531902313
data/ravdess/audio/Actor_04/03-01-04-02-01-02-04.wav,03-01-04-02-01-02-04.wav,4,train,3,sad,5,fearful,0.3503521680831909
data/ravdess/audio/Actor_04/03-01-04-02-02-01-04.wav,03-01-04-02-02-01-04.wav,4,train,3,sad,5,fearful,0.3887391984462738
data/ravdess/audio/Actor_04/03-01-04-02-02-02-04.wav,03-01-04-02-02-02-04.wav,4,train,3,sad,5,fearful,0.4084661900997162
data/ravdess/audio/Actor_04/03-01-05-01-01-01-04.wav,03-01-05-01-01-01-04.wav,4,train,4,angry,7,surprised,0.30545908212661743
data/ravdess/audio/Actor_04/03-01-05-01-01-02-04.wav,03-01-05-01-01-02-04.wav,4,train,4,angry,7,surprised,0.34037595987319946
data/ravdess/audio/Actor_04/03-01-05-01-02-01-04.wav,03-01-05-01-02-01-04.wav,4,train,4,angry,7,surprised,0.36226436495780945
data/ravdess/audio/Actor_04/03-01-05-01-02-02-04.wav,03-01-05-01-02-02-04.wav,4,train,4,angry,7,surprised,0.4331194758415222
data/ravdess/audio/Actor_04/03-01-05-02-01-01-04.wav,03-01-05-02-01-01-04.wav,4,train,4,angry,4,angry,0.8559214472770691
data/ravdess/audio/Actor_04/03-01-05-02-01-02-04.wav,03-01-05-02-01-02-04.wav,4,train,4,angry,4,angry,0.9225432276725769
data/ravdess/audio/Actor_04/03-01-05-02-02-01-04.wav,03-01-05-02-02-01-04.wav,4,train,4,angry,4,angry,0.7334568500518799
data/ravdess/audio/Actor_04/03-01-05-02-02-02-04.wav,03-01-05-02-02-02-04.wav,4,train,4,angry,4,angry,0.5231067538261414
data/ravdess/audio/Actor_04/03-01-06-01-01-01-04.wav,03-01-06-01-01-01-04.wav,4,train,5,fearful,5,fearful,0.30068710446357727
data/ravdess/audio/Actor_04/03-01-06-01-01-02-04.wav,03-01-06-01-01-02-04.wav,4,train,5,fearful,5,fearful,0.35761985182762146
data/ravdess/audio/Actor_04/03-01-06-01-02-01-04.wav,03-01-06-01-02-01-04.wav,4,train,5,fearful,7,surprised,0.3044458329677582
data/ravdess/audio/Actor_04/03-01-06-01-02-02-04.wav,03-01-06-01-02-02-04.wav,4,train,5,fearful,7,surprised,0.29615920782089233
data/ravdess/audio/Actor_04/03-01-06-02-01-01-04.wav,03-01-06-02-01-01-04.wav,4,train,5,fearful,5,fearful,0.408768892288208
data/ravdess/audio/Actor_04/03-01-06-02-01-02-04.wav,03-01-06-02-01-02-04.wav,4,train,5,fearful,5,fearful,0.4981905519962311
data/ravdess/audio/Actor_04/03-01-06-02-02-01-04.wav,03-01-06-02-02-01-04.wav,4,train,5,fearful,5,fearful,0.4075230360031128
data/ravdess/audio/Actor_04/03-01-06-02-02-02-04.wav,03-01-06-02-02-02-04.wav,4,train,5,fearful,5,fearful,0.417430579662323
data/ravdess/audio/Actor_04/03-01-07-01-01-01-04.wav,03-01-07-01-01-01-04.wav,4,train,6,disgust,6,disgust,0.34903183579444885
data/ravdess/audio/Actor_04/03-01-07-01-01-02-04.wav,03-01-07-01-01-02-04.wav,4,train,6,disgust,7,surprised,0.3239873945713043
data/ravdess/audio/Actor_04/03-01-07-01-02-01-04.wav,03-01-07-01-02-01-04.wav,4,train,6,disgust,7,surprised,0.3649599254131317
data/ravdess/audio/Actor_04/03-01-07-01-02-02-04.wav,03-01-07-01-02-02-04.wav,4,train,6,disgust,7,surprised,0.3066803514957428
data/ravdess/audio/Actor_04/03-01-07-02-01-01-04.wav,03-01-07-02-01-01-04.wav,4,train,6,disgust,7,surprised,0.3317866623401642
data/ravdess/audio/Actor_04/03-01-07-02-01-02-04.wav,03-01-07-02-01-02-04.wav,4,train,6,disgust,6,disgust,0.3044012486934662
data/ravdess/audio/Actor_04/03-01-07-02-02-01-04.wav,03-01-07-02-02-01-04.wav,4,train,6,disgust,7,surprised,0.3608584403991699
data/ravdess/audio/Actor_04/03-01-07-02-02-02-04.wav,03-01-07-02-02-02-04.wav,4,train,6,disgust,7,surprised,0.2991907000541687
data/ravdess/audio/Actor_04/03-01-08-01-01-01-04.wav,03-01-08-01-01-01-04.wav,4,train,7,surprised,7,surprised,0.3937975764274597
data/ravdess/audio/Actor_04/03-01-08-01-01-02-04.wav,03-01-08-01-01-02-04.wav,4,train,7,surprised,7,surprised,0.3971653878688812
data/ravdess/audio/Actor_04/03-01-08-01-02-01-04.wav,03-01-08-01-02-01-04.wav,4,train,7,surprised,7,surprised,0.3425639271736145
data/ravdess/audio/Actor_04/03-01-08-01-02-02-04.wav,03-01-08-01-02-02-04.wav,4,train,7,surprised,7,surprised,0.3753524720668793
data/ravdess/audio/Actor_04/03-01-08-02-01-01-04.wav,03-01-08-02-01-01-04.wav,4,train,7,surprised,2,happy,0.4029397964477539
data/ravdess/audio/Actor_04/03-01-08-02-01-02-04.wav,03-01-08-02-01-02-04.wav,4,train,7,surprised,7,surprised,0.34419605135917664
data/ravdess/audio/Actor_04/03-01-08-02-02-01-04.wav,03-01-08-02-02-01-04.wav,4,train,7,surprised,2,happy,0.362858384847641
data/ravdess/audio/Actor_04/03-01-08-02-02-02-04.wav,03-01-08-02-02-02-04.wav,4,train,7,surprised,5,fearful,0.268623948097229
data/ravdess/audio/Actor_05/03-01-01-01-01-01-05.wav,03-01-01-01-01-01-05.wav,5,train,0,neutral,1,calm,0.3591914772987366
data/ravdess/audio/Actor_05/03-01-01-01-01-02-05.wav,03-01-01-01-01-02-05.wav,5,train,0,neutral,1,calm,0.33834582567214966
data/ravdess/audio/Actor_05/03-01-01-01-02-01-05.wav,03-01-01-01-02-01-05.wav,5,train,0,neutral,0,neutral,0.283073753118515
data/ravdess/audio/Actor_05/03-01-01-01-02-02-05.wav,03-01-01-01-02-02-05.wav,5,train,0,neutral,1,calm,0.3035942018032074
data/ravdess/audio/Actor_05/03-01-02-01-01-01-05.wav,03-01-02-01-01-01-05.wav,5,train,1,calm,1,calm,0.4143106937408447
data/ravdess/audio/Actor_05/03-01-02-01-01-02-05.wav,03-01-02-01-01-02-05.wav,5,train,1,calm,1,calm,0.4244898855686188
data/ravdess/audio/Actor_05/03-01-02-01-02-01-05.wav,03-01-02-01-02-01-05.wav,5,train,1,calm,1,calm,0.40099290013313293
data/ravdess/audio/Actor_05/03-01-02-01-02-02-05.wav,03-01-02-01-02-02-05.wav,5,train,1,calm,1,calm,0.3636394441127777
data/ravdess/audio/Actor_05/03-01-02-02-01-01-05.wav,03-01-02-02-01-01-05.wav,5,train,1,calm,1,calm,0.33433589339256287
data/ravdess/audio/Actor_05/03-01-02-02-01-02-05.wav,03-01-02-02-01-02-05.wav,5,train,1,calm,1,calm,0.41202133893966675
data/ravdess/audio/Actor_05/03-01-02-02-02-01-05.wav,03-01-02-02-02-01-05.wav,5,train,1,calm,1,calm,0.38826361298561096
data/ravdess/audio/Actor_05/03-01-02-02-02-02-05.wav,03-01-02-02-02-02-05.wav,5,train,1,calm,1,calm,0.41643965244293213
data/ravdess/audio/Actor_05/03-01-03-01-01-01-05.wav,03-01-03-01-01-01-05.wav,5,train,2,happy,3,sad,0.2154165506362915
data/ravdess/audio/Actor_05/03-01-03-01-01-02-05.wav,03-01-03-01-01-02-05.wav,5,train,2,happy,3,sad,0.20233693718910217
data/ravdess/audio/Actor_05/03-01-03-01-02-01-05.wav,03-01-03-01-02-01-05.wav,5,train,2,happy,3,sad,0.22047191858291626
data/ravdess/audio/Actor_05/03-01-03-01-02-02-05.wav,03-01-03-01-02-02-05.wav,5,train,2,happy,7,surprised,0.25360792875289917
data/ravdess/audio/Actor_05/03-01-03-02-01-01-05.wav,03-01-03-02-01-01-05.wav,5,train,2,happy,7,surprised,0.326332151889801
data/ravdess/audio/Actor_05/03-01-03-02-01-02-05.wav,03-01-03-02-01-02-05.wav,5,train,2,happy,7,surprised,0.36770516633987427
data/ravdess/audio/Actor_05/03-01-03-02-02-01-05.wav,03-01-03-02-02-01-05.wav,5,train,2,happy,2,happy,0.3536472022533417
data/ravdess/audio/Actor_05/03-01-03-02-02-02-05.wav,03-01-03-02-02-02-05.wav,5,train,2,happy,7,surprised,0.34177231788635254
data/ravdess/audio/Actor_05/03-01-04-01-01-01-05.wav,03-01-04-01-01-01-05.wav,5,train,3,sad,1,calm,0.417672336101532
data/ravdess/audio/Actor_05/03-01-04-01-01-02-05.wav,03-01-04-01-01-02-05.wav,5,train,3,sad,1,calm,0.4114739000797272
data/ravdess/audio/Actor_05/03-01-04-01-02-01-05.wav,03-01-04-01-02-01-05.wav,5,train,3,sad,1,calm,0.32584595680236816
data/ravdess/audio/Actor_05/03-01-04-01-02-02-05.wav,03-01-04-01-02-02-05.wav,5,train,3,sad,1,calm,0.3866219222545624
data/ravdess/audio/Actor_05/03-01-04-02-01-01-05.wav,03-01-04-02-01-01-05.wav,5,train,3,sad,1,calm,0.26409912109375
data/ravdess/audio/Actor_05/03-01-04-02-01-02-05.wav,03-01-04-02-01-02-05.wav,5,train,3,sad,1,calm,0.27459850907325745
data/ravdess/audio/Actor_05/03-01-04-02-02-01-05.wav,03-01-04-02-02-01-05.wav,5,train,3,sad,3,sad,0.26089566946029663
data/ravdess/audio/Actor_05/03-01-04-02-02-02-05.wav,03-01-04-02-02-02-05.wav,5,train,3,sad,1,calm,0.29380708932876587
data/ravdess/audio/Actor_05/03-01-05-01-01-01-05.wav,03-01-05-01-01-01-05.wav,5,train,4,angry,2,happy,0.33237743377685547
data/ravdess/audio/Actor_05/03-01-05-01-01-02-05.wav,03-01-05-01-01-02-05.wav,5,train,4,angry,4,angry,0.4689352512359619
data/ravdess/audio/Actor_05/03-01-05-01-02-01-05.wav,03-01-05-01-02-01-05.wav,5,train,4,angry,6,disgust,0.3180278241634369
data/ravdess/audio/Actor_05/03-01-05-01-02-02-05.wav,03-01-05-01-02-02-05.wav,5,train,4,angry,6,disgust,0.4119809865951538
data/ravdess/audio/Actor_05/03-01-05-02-01-01-05.wav,03-01-05-02-01-01-05.wav,5,train,4,angry,4,angry,0.9359822273254395
data/ravdess/audio/Actor_05/03-01-05-02-01-02-05.wav,03-01-05-02-01-02-05.wav,5,train,4,angry,4,angry,0.944996178150177
data/ravdess/audio/Actor_05/03-01-05-02-02-01-05.wav,03-01-05-02-02-01-05.wav,5,train,4,angry,4,angry,0.9385698437690735
data/ravdess/audio/Actor_05/03-01-05-02-02-02-05.wav,03-01-05-02-02-02-05.wav,5,train,4,angry,4,angry,0.9291256070137024
data/ravdess/audio/Actor_05/03-01-06-01-01-01-05.wav,03-01-06-01-01-01-05.wav,5,train,5,fearful,7,surprised,0.24456138908863068
data/ravdess/audio/Actor_05/03-01-06-01-01-02-05.wav,03-01-06-01-01-02-05.wav,5,train,5,fearful,7,surprised,0.2652879059314728
data/ravdess/audio/Actor_05/03-01-06-01-02-01-05.wav,03-01-06-01-02-01-05.wav,5,train,5,fearful,6,disgust,0.22014275193214417
data/ravdess/audio/Actor_05/03-01-06-01-02-02-05.wav,03-01-06-01-02-02-05.wav,5,train,5,fearful,7,surprised,0.34740346670150757
data/ravdess/audio/Actor_05/03-01-06-02-01-01-05.wav,03-01-06-02-01-01-05.wav,5,train,5,fearful,5,fearful,0.325147420167923
data/ravdess/audio/Actor_05/03-01-06-02-01-02-05.wav,03-01-06-02-01-02-05.wav,5,train,5,fearful,2,happy,0.44058364629745483
data/ravdess/audio/Actor_05/03-01-06-02-02-01-05.wav,03-01-06-02-02-01-05.wav,5,train,5,fearful,2,happy,0.422153115272522
data/ravdess/audio/Actor_05/03-01-06-02-02-02-05.wav,03-01-06-02-02-02-05.wav,5,train,5,fearful,5,fearful,0.33134955167770386
data/ravdess/audio/Actor_05/03-01-07-01-01-01-05.wav,03-01-07-01-01-01-05.wav,5,train,6,disgust,3,sad,0.22329644858837128
data/ravdess/audio/Actor_05/03-01-07-01-01-02-05.wav,03-01-07-01-01-02-05.wav,5,train,6,disgust,6,disgust,0.3921057879924774
data/ravdess/audio/Actor_05/03-01-07-01-02-01-05.wav,03-01-07-01-02-01-05.wav,5,train,6,disgust,6,disgust,0.21790027618408203
data/ravdess/audio/Actor_05/03-01-07-01-02-02-05.wav,03-01-07-01-02-02-05.wav,5,train,6,disgust,6,disgust,0.3652290999889374
data/ravdess/audio/Actor_05/03-01-07-02-01-01-05.wav,03-01-07-02-01-01-05.wav,5,train,6,disgust,6,disgust,0.35433468222618103
data/ravdess/audio/Actor_05/03-01-07-02-01-02-05.wav,03-01-07-02-01-02-05.wav,5,train,6,disgust,6,disgust,0.46552491188049316
data/ravdess/audio/Actor_05/03-01-07-02-02-01-05.wav,03-01-07-02-02-01-05.wav,5,train,6,disgust,6,disgust,0.35321182012557983
data/ravdess/audio/Actor_05/03-01-07-02-02-02-05.wav,03-01-07-02-02-02-05.wav,5,train,6,disgust,6,disgust,0.4567413330078125
data/ravdess/audio/Actor_05/03-01-08-01-01-01-05.wav,03-01-08-01-01-01-05.wav,5,train,7,surprised,7,surprised,0.30182021856307983
data/ravdess/audio/Actor_05/03-01-08-01-01-02-05.wav,03-01-08-01-01-02-05.wav,5,train,7,surprised,7,surprised,0.38157182931900024
data/ravdess/audio/Actor_05/03-01-08-01-02-01-05.wav,03-01-08-01-02-01-05.wav,5,train,7,surprised,7,surprised,0.3040276765823364
data/ravdess/audio/Actor_05/03-01-08-01-02-02-05.wav,03-01-08-01-02-02-05.wav,5,train,7,surprised,7,surprised,0.3220817744731903
data/ravdess/audio/Actor_05/03-01-08-02-01-01-05.wav,03-01-08-02-01-01-05.wav,5,train,7,surprised,6,disgust,0.2999216318130493
data/ravdess/audio/Actor_05/03-01-08-02-01-02-05.wav,03-01-08-02-01-02-05.wav,5,train,7,surprised,7,surprised,0.35007351636886597
data/ravdess/audio/Actor_05/03-01-08-02-02-01-05.wav,03-01-08-02-02-01-05.wav,5,train,7,surprised,7,surprised,0.4097117781639099
data/ravdess/audio/Actor_05/03-01-08-02-02-02-05.wav,03-01-08-02-02-02-05.wav,5,train,7,surprised,7,surprised,0.381848007440567
data/ravdess/audio/Actor_06/03-01-01-01-01-01-06.wav,03-01-01-01-01-01-06.wav,6,train,0,neutral,1,calm,0.2736535668373108
data/ravdess/audio/Actor_06/03-01-01-01-01-02-06.wav,03-01-01-01-01-02-06.wav,6,train,0,neutral,1,calm,0.2886064052581787
data/ravdess/audio/Actor_06/03-01-01-01-02-01-06.wav,03-01-01-01-02-01-06.wav,6,train,0,neutral,1,calm,0.33175861835479736
data/ravdess/audio/Actor_06/03-01-01-01-02-02-06.wav,03-01-01-01-02-02-06.wav,6,train,0,neutral,1,calm,0.4302842915058136
data/ravdess/audio/Actor_06/03-01-02-01-01-01-06.wav,03-01-02-01-01-01-06.wav,6,train,1,calm,1,calm,0.4283638894557953
data/ravdess/audio/Actor_06/03-01-02-01-01-02-06.wav,03-01-02-01-01-02-06.wav,6,train,1,calm,1,calm,0.4331051707267761
data/ravdess/audio/Actor_06/03-01-02-01-02-01-06.wav,03-01-02-01-02-01-06.wav,6,train,1,calm,1,calm,0.46272534132003784
data/ravdess/audio/Actor_06/03-01-02-01-02-02-06.wav,03-01-02-01-02-02-06.wav,6,train,1,calm,1,calm,0.4506451487541199
data/ravdess/audio/Actor_06/03-01-02-02-01-01-06.wav,03-01-02-02-01-01-06.wav,6,train,1,calm,1,calm,0.3805803060531616
data/ravdess/audio/Actor_06/03-01-02-02-01-02-06.wav,03-01-02-02-01-02-06.wav,6,train,1,calm,1,calm,0.43438294529914856
data/ravdess/audio/Actor_06/03-01-02-02-02-01-06.wav,03-01-02-02-02-01-06.wav,6,train,1,calm,1,calm,0.4772379398345947
data/ravdess/audio/Actor_06/03-01-02-02-02-02-06.wav,03-01-02-02-02-02-06.wav,6,train,1,calm,1,calm,0.479992538690567
data/ravdess/audio/Actor_06/03-01-03-01-01-01-06.wav,03-01-03-01-01-01-06.wav,6,train,2,happy,7,surprised,0.3238932490348816
data/ravdess/audio/Actor_06/03-01-03-01-01-02-06.wav,03-01-03-01-01-02-06.wav,6,train,2,happy,2,happy,0.3647850453853607
data/ravdess/audio/Actor_06/03-01-03-01-02-01-06.wav,03-01-03-01-02-01-06.wav,6,train,2,happy,2,happy,0.3379068672657013
data/ravdess/audio/Actor_06/03-01-03-01-02-02-06.wav,03-01-03-01-02-02-06.wav,6,train,2,happy,7,surprised,0.3304104804992676
data/ravdess/audio/Actor_06/03-01-03-02-01-01-06.wav,03-01-03-02-01-01-06.wav,6,train,2,happy,5,fearful,0.516566276550293
data/ravdess/audio/Actor_06/03-01-03-02-01-02-06.wav,03-01-03-02-01-02-06.wav,6,train,2,happy,5,fearful,0.49323490262031555
data/ravdess/audio/Actor_06/03-01-03-02-02-01-06.wav,03-01-03-02-02-01-06.wav,6,train,2,happy,5,fearful,0.4913995563983917
data/ravdess/audio/Actor_06/03-01-03-02-02-02-06.wav,03-01-03-02-02-02-06.wav,6,train,2,happy,5,fearful,0.5055098533630371
data/ravdess/audio/Actor_06/03-01-04-01-01-01-06.wav,03-01-04-01-01-01-06.wav,6,train,3,sad,1,calm,0.4478318393230438
data/ravdess/audio/Actor_06/03-01-04-01-01-02-06.wav,03-01-04-01-01-02-06.wav,6,train,3,sad,1,calm,0.4235720932483673
data/ravdess/audio/Actor_06/03-01-04-01-02-01-06.wav,03-01-04-01-02-01-06.wav,6,train,3,sad,1,calm,0.28949546813964844
data/ravdess/audio/Actor_06/03-01-04-01-02-02-06.wav,03-01-04-01-02-02-06.wav,6,train,3,sad,1,calm,0.44825559854507446
data/ravdess/audio/Actor_06/03-01-04-02-01-01-06.wav,03-01-04-02-01-01-06.wav,6,train,3,sad,5,fearful,0.43919050693511963
data/ravdess/audio/Actor_06/03-01-04-02-01-02-06.wav,03-01-04-02-01-02-06.wav,6,train,3,sad,3,sad,0.25202563405036926
data/ravdess/audio/Actor_06/03-01-04-02-02-01-06.wav,03-01-04-02-02-01-06.wav,6,train,3,sad,5,fearful,0.40837332606315613
data/ravdess/audio/Actor_06/03-01-04-02-02-02-06.wav,03-01-04-02-02-02-06.wav,6,train,3,sad,5,fearful,0.4013579487800598
data/ravdess/audio/Actor_06/03-01-05-01-01-01-06.wav,03-01-05-01-01-01-06.wav,6,train,4,angry,7,surprised,0.23121419548988342
data/ravdess/audio/Actor_06/03-01-05-01-01-02-06.wav,03-01-05-01-01-02-06.wav,6,train,4,angry,7,surprised,0.3278942108154297
data/ravdess/audio/Actor_06/03-01-05-01-02-01-06.wav,03-01-05-01-02-01-06.wav,6,train,4,angry,7,surprised,0.41707608103752136
data/ravdess/audio/Actor_06/03-01-05-01-02-02-06.wav,03-01-05-01-02-02-06.wav,6,train,4,angry,7,surprised,0.4174096882343292
data/ravdess/audio/Actor_06/03-01-05-02-01-01-06.wav,03-01-05-02-01-01-06.wav,6,train,4,angry,4,angry,0.9163025617599487
data/ravdess/audio/Actor_06/03-01-05-02-01-02-06.wav,03-01-05-02-01-02-06.wav,6,train,4,angry,4,angry,0.9249686002731323
data/ravdess/audio/Actor_06/03-01-05-02-02-01-06.wav,03-01-05-02-02-01-06.wav,6,train,4,angry,2,happy,0.4839058816432953
data/ravdess/audio/Actor_06/03-01-05-02-02-02-06.wav,03-01-05-02-02-02-06.wav,6,train,4,angry,2,happy,0.514069139957428
data/ravdess/audio/Actor_06/03-01-06-01-01-01-06.wav,03-01-06-01-01-01-06.wav,6,train,5,fearful,7,surprised,0.2819269299507141
data/ravdess/audio/Actor_06/03-01-06-01-01-02-06.wav,03-01-06-01-01-02-06.wav,6,train,5,fearful,7,surprised,0.2652716636657715
data/ravdess/audio/Actor_06/03-01-06-01-02-01-06.wav,03-01-06-01-02-01-06.wav,6,train,5,fearful,7,surprised,0.2975224256515503
data/ravdess/audio/Actor_06/03-01-06-01-02-02-06.wav,03-01-06-01-02-02-06.wav,6,train,5,fearful,7,surprised,0.294638991355896
data/ravdess/audio/Actor_06/03-01-06-02-01-01-06.wav,03-01-06-02-01-01-06.wav,6,train,5,fearful,5,fearful,0.47462695837020874
data/ravdess/audio/Actor_06/03-01-06-02-01-02-06.wav,03-01-06-02-01-02-06.wav,6,train,5,fearful,5,fearful,0.47546887397766113
data/ravdess/audio/Actor_06/03-01-06-02-02-01-06.wav,03-01-06-02-02-01-06.wav,6,train,5,fearful,5,fearful,0.504362940788269
data/ravdess/audio/Actor_06/03-01-06-02-02-02-06.wav,03-01-06-02-02-02-06.wav,6,train,5,fearful,5,fearful,0.4835771918296814
data/ravdess/audio/Actor_06/03-01-07-01-01-01-06.wav,03-01-07-01-01-01-06.wav,6,train,6,disgust,3,sad,0.2558864951133728
data/ravdess/audio/Actor_06/03-01-07-01-01-02-06.wav,03-01-07-01-01-02-06.wav,6,train,6,disgust,3,sad,0.26200059056282043
data/ravdess/audio/Actor_06/03-01-07-01-02-01-06.wav,03-01-07-01-02-01-06.wav,6,train,6,disgust,1,calm,0.4481258690357208
data/ravdess/audio/Actor_06/03-01-07-01-02-02-06.wav,03-01-07-01-02-02-06.wav,6,train,6,disgust,1,calm,0.4481986463069916
data/ravdess/audio/Actor_06/03-01-07-02-01-01-06.wav,03-01-07-02-01-01-06.wav,6,train,6,disgust,5,fearful,0.32326629757881165
data/ravdess/audio/Actor_06/03-01-07-02-01-02-06.wav,03-01-07-02-01-02-06.wav,6,train,6,disgust,7,surprised,0.3153078258037567
data/ravdess/audio/Actor_06/03-01-07-02-02-01-06.wav,03-01-07-02-02-01-06.wav,6,train,6,disgust,7,surprised,0.32320114970207214
data/ravdess/audio/Actor_06/03-01-07-02-02-02-06.wav,03-01-07-02-02-02-06.wav,6,train,6,disgust,7,surprised,0.2766471207141876
data/ravdess/audio/Actor_06/03-01-08-01-01-01-06.wav,03-01-08-01-01-01-06.wav,6,train,7,surprised,3,sad,0.26742619276046753
data/ravdess/audio/Actor_06/03-01-08-01-01-02-06.wav,03-01-08-01-01-02-06.wav,6,train,7,surprised,3,sad,0.2536650002002716
data/ravdess/audio/Actor_06/03-01-08-01-02-01-06.wav,03-01-08-01-02-01-06.wav,6,train,7,surprised,7,surprised,0.2625100612640381
data/ravdess/audio/Actor_06/03-01-08-01-02-02-06.wav,03-01-08-01-02-02-06.wav,6,train,7,surprised,3,sad,0.2641211748123169
data/ravdess/audio/Actor_06/03-01-08-02-01-01-06.wav,03-01-08-02-01-01-06.wav,6,train,7,surprised,7,surprised,0.2638002336025238
data/ravdess/audio/Actor_06/03-01-08-02-01-02-06.wav,03-01-08-02-01-02-06.wav,6,train,7,surprised,7,surprised,0.3029283583164215
data/ravdess/audio/Actor_06/03-01-08-02-02-01-06.wav,03-01-08-02-02-01-06.wav,6,train,7,surprised,5,fearful,0.26818186044692993
data/ravdess/audio/Actor_06/03-01-08-02-02-02-06.wav,03-01-08-02-02-02-06.wav,6,train,7,surprised,7,surprised,0.26876071095466614
data/ravdess/audio/Actor_07/03-01-01-01-01-01-07.wav,03-01-01-01-01-01-07.wav,7,train,0,neutral,6,disgust,0.26549941301345825
data/ravdess/audio/Actor_07/03-01-01-01-01-02-07.wav,03-01-01-01-01-02-07.wav,7,train,0,neutral,6,disgust,0.2597518563270569
data/ravdess/audio/Actor_07/03-01-01-01-02-01-07.wav,03-01-01-01-02-01-07.wav,7,train,0,neutral,6,disgust,0.2400340437889099
data/ravdess/audio/Actor_07/03-01-01-01-02-02-07.wav,03-01-01-01-02-02-07.wav,7,train,0,neutral,0,neutral,0.2575940489768982
data/ravdess/audio/Actor_07/03-01-02-01-01-01-07.wav,03-01-02-01-01-01-07.wav,7,train,1,calm,0,neutral,0.2553901672363281
data/ravdess/audio/Actor_07/03-01-02-01-01-02-07.wav,03-01-02-01-01-02-07.wav,7,train,1,calm,1,calm,0.3030311167240143
data/ravdess/audio/Actor_07/03-01-02-01-02-01-07.wav,03-01-02-01-02-01-07.wav,7,train,1,calm,0,neutral,0.26969462633132935
data/ravdess/audio/Actor_07/03-01-02-01-02-02-07.wav,03-01-02-01-02-02-07.wav,7,train,1,calm,1,calm,0.3719598054885864
data/ravdess/audio/Actor_07/03-01-02-02-01-01-07.wav,03-01-02-02-01-01-07.wav,7,train,1,calm,0,neutral,0.227218359708786
data/ravdess/audio/Actor_07/03-01-02-02-01-02-07.wav,03-01-02-02-01-02-07.wav,7,train,1,calm,1,calm,0.3106156587600708
data/ravdess/audio/Actor_07/03-01-02-02-02-01-07.wav,03-01-02-02-02-01-07.wav,7,train,1,calm,0,neutral,0.2884514629840851
data/ravdess/audio/Actor_07/03-01-02-02-02-02-07.wav,03-01-02-02-02-02-07.wav,7,train,1,calm,1,calm,0.4077986776828766
data/ravdess/audio/Actor_07/03-01-03-01-01-01-07.wav,03-01-03-01-01-01-07.wav,7,train,2,happy,0,neutral,0.2634493112564087
data/ravdess/audio/Actor_07/03-01-03-01-01-02-07.wav,03-01-03-01-01-02-07.wav,7,train,2,happy,7,surprised,0.36285147070884705
data/ravdess/audio/Actor_07/03-01-03-01-02-01-07.wav,03-01-03-01-02-01-07.wav,7,train,2,happy,2,happy,0.34529414772987366
data/ravdess/audio/Actor_07/03-01-03-01-02-02-07.wav,03-01-03-01-02-02-07.wav,7,train,2,happy,2,happy,0.34529414772987366
data/ravdess/audio/Actor_07/03-01-03-02-01-01-07.wav,03-01-03-02-01-01-07.wav,7,train,2,happy,2,happy,0.46991005539894104
data/ravdess/audio/Actor_07/03-01-03-02-01-02-07.wav,03-01-03-02-01-02-07.wav,7,train,2,happy,7,surprised,0.34945574402809143
data/ravdess/audio/Actor_07/03-01-03-02-02-01-07.wav,03-01-03-02-02-01-07.wav,7,train,2,happy,2,happy,0.5319659113883972
data/ravdess/audio/Actor_07/03-01-03-02-02-02-07.wav,03-01-03-02-02-02-07.wav,7,train,2,happy,2,happy,0.4165460765361786
data/ravdess/audio/Actor_07/03-01-04-01-01-01-07.wav,03-01-04-01-01-01-07.wav,7,train,3,sad,3,sad,0.23008163273334503
data/ravdess/audio/Actor_07/03-01-04-01-01-02-07.wav,03-01-04-01-01-02-07.wav,7,train,3,sad,0,neutral,0.280194491147995
data/ravdess/audio/Actor_07/03-01-04-01-02-01-07.wav,03-01-04-01-02-01-07.wav,7,train,3,sad,0,neutral,0.24722202122211456
data/ravdess/audio/Actor_07/03-01-04-01-02-02-07.wav,03-01-04-01-02-02-07.wav,7,train,3,sad,6,disgust,0.36245131492614746
data/ravdess/audio/Actor_07/03-01-04-02-01-01-07.wav,03-01-04-02-01-01-07.wav,7,train,3,sad,7,surprised,0.2680114805698395
data/ravdess/audio/Actor_07/03-01-04-02-01-02-07.wav,03-01-04-02-01-02-07.wav,7,train,3,sad,7,surprised,0.2865843176841736
data/ravdess/audio/Actor_07/03-01-04-02-02-01-07.wav,03-01-04-02-02-01-07.wav,7,train,3,sad,7,surprised,0.2805098295211792
data/ravdess/audio/Actor_07/03-01-04-02-02-02-07.wav,03-01-04-02-02-02-07.wav,7,train,3,sad,7,surprised,0.2826446294784546
data/ravdess/audio/Actor_07/03-01-05-01-01-01-07.wav,03-01-05-01-01-01-07.wav,7,train,4,angry,4,angry,0.690433144569397
data/ravdess/audio/Actor_07/03-01-05-01-01-02-07.wav,03-01-05-01-01-02-07.wav,7,train,4,angry,4,angry,0.6332333087921143
data/ravdess/audio/Actor_07/03-01-05-01-02-01-07.wav,03-01-05-01-02-01-07.wav,7,train,4,angry,6,disgust,0.3914283514022827
data/ravdess/audio/Actor_07/03-01-05-01-02-02-07.wav,03-01-05-01-02-02-07.wav,7,train,4,angry,4,angry,0.37467119097709656
data/ravdess/audio/Actor_07/03-01-05-02-01-01-07.wav,03-01-05-02-01-01-07.wav,7,train,4,angry,4,angry,0.7691294550895691
data/ravdess/audio/Actor_07/03-01-05-02-01-02-07.wav,03-01-05-02-01-02-07.wav,7,train,4,angry,4,angry,0.9455614686012268
data/ravdess/audio/Actor_07/03-01-05-02-02-01-07.wav,03-01-05-02-02-01-07.wav,7,train,4,angry,4,angry,0.9349859356880188
data/ravdess/audio/Actor_07/03-01-05-02-02-02-07.wav,03-01-05-02-02-02-07.wav,7,train,4,angry,4,angry,0.9552087783813477
data/ravdess/audio/Actor_07/03-01-06-01-01-01-07.wav,03-01-06-01-01-01-07.wav,7,train,5,fearful,7,surprised,0.3176829218864441
data/ravdess/audio/Actor_07/03-01-06-01-01-02-07.wav,03-01-06-01-01-02-07.wav,7,train,5,fearful,7,surprised,0.34492218494415283
data/ravdess/audio/Actor_07/03-01-06-01-02-01-07.wav,03-01-06-01-02-01-07.wav,7,train,5,fearful,7,surprised,0.31526023149490356
data/ravdess/audio/Actor_07/03-01-06-01-02-02-07.wav,03-01-06-01-02-02-07.wav,7,train,5,fearful,7,surprised,0.27996528148651123
data/ravdess/audio/Actor_07/03-01-06-02-01-01-07.wav,03-01-06-02-01-01-07.wav,7,train,5,fearful,5,fearful,0.46985384821891785
data/ravdess/audio/Actor_07/03-01-06-02-01-02-07.wav,03-01-06-02-01-02-07.wav,7,train,5,fearful,5,fearful,0.38791048526763916
data/ravdess/audio/Actor_07/03-01-06-02-02-01-07.wav,03-01-06-02-02-01-07.wav,7,train,5,fearful,5,fearful,0.4840683341026306
data/ravdess/audio/Actor_07/03-01-06-02-02-02-07.wav,03-01-06-02-02-02-07.wav,7,train,5,fearful,5,fearful,0.446744441986084
data/ravdess/audio/Actor_07/03-01-07-01-01-01-07.wav,03-01-07-01-01-01-07.wav,7,train,6,disgust,6,disgust,0.25966474413871765
data/ravdess/audio/Actor_07/03-01-07-01-01-02-07.wav,03-01-07-01-01-02-07.wav,7,train,6,disgust,6,disgust,0.32627710700035095
data/ravdess/audio/Actor_07/03-01-07-01-02-01-07.wav,03-01-07-01-02-01-07.wav,7,train,6,disgust,3,sad,0.23977023363113403
data/ravdess/audio/Actor_07/03-01-07-01-02-02-07.wav,03-01-07-01-02-02-07.wav,7,train,6,disgust,6,disgust,0.35103926062583923
data/ravdess/audio/Actor_07/03-01-07-02-01-01-07.wav,03-01-07-02-01-01-07.wav,7,train,6,disgust,4,angry,0.47337913513183594
data/ravdess/audio/Actor_07/03-01-07-02-01-02-07.wav,03-01-07-02-01-02-07.wav,7,train,6,disgust,6,disgust,0.3813411295413971
data/ravdess/audio/Actor_07/03-01-07-02-02-01-07.wav,03-01-07-02-02-01-07.wav,7,train,6,disgust,6,disgust,0.3208089768886566
data/ravdess/audio/Actor_07/03-01-07-02-02-02-07.wav,03-01-07-02-02-02-07.wav,7,train,6,disgust,6,disgust,0.44728726148605347
data/ravdess/audio/Actor_07/03-01-08-01-01-01-07.wav,03-01-08-01-01-01-07.wav,7,train,7,surprised,7,surprised,0.28348928689956665
data/ravdess/audio/Actor_07/03-01-08-01-01-02-07.wav,03-01-08-01-01-02-07.wav,7,train,7,surprised,6,disgust,0.30101969838142395
data/ravdess/audio/Actor_07/03-01-08-01-02-01-07.wav,03-01-08-01-02-01-07.wav,7,train,7,surprised,6,disgust,0.3867722749710083
data/ravdess/audio/Actor_07/03-01-08-01-02-02-07.wav,03-01-08-01-02-02-07.wav,7,train,7,surprised,6,disgust,0.31512588262557983
data/ravdess/audio/Actor_07/03-01-08-02-01-01-07.wav,03-01-08-02-01-01-07.wav,7,train,7,surprised,7,surprised,0.3565402626991272
data/ravdess/audio/Actor_07/03-01-08-02-01-02-07.wav,03-01-08-02-01-02-07.wav,7,train,7,surprised,7,surprised,0.3134642541408539
data/ravdess/audio/Actor_07/03-01-08-02-02-01-07.wav,03-01-08-02-02-01-07.wav,7,train,7,surprised,7,surprised,0.38536858558654785
data/ravdess/audio/Actor_07/03-01-08-02-02-02-07.wav,03-01-08-02-02-02-07.wav,7,train,7,surprised,7,surprised,0.3765796422958374
data/ravdess/audio/Actor_08/03-01-01-01-01-01-08.wav,03-01-01-01-01-01-08.wav,8,train,0,neutral,1,calm,0.31091538071632385
data/ravdess/audio/Actor_08/03-01-01-01-01-02-08.wav,03-01-01-01-01-02-08.wav,8,train,0,neutral,0,neutral,0.2742982804775238
data/ravdess/audio/Actor_08/03-01-01-01-02-01-08.wav,03-01-01-01-02-01-08.wav,8,train,0,neutral,0,neutral,0.28477662801742554
data/ravdess/audio/Actor_08/03-01-01-01-02-02-08.wav,03-01-01-01-02-02-08.wav,8,train,0,neutral,0,neutral,0.29273226857185364
data/ravdess/audio/Actor_08/03-01-02-01-01-01-08.wav,03-01-02-01-01-01-08.wav,8,train,1,calm,1,calm,0.3440413177013397
data/ravdess/audio/Actor_08/03-01-02-01-01-02-08.wav,03-01-02-01-01-02-08.wav,8,train,1,calm,1,calm,0.37085282802581787
data/ravdess/audio/Actor_08/03-01-02-01-02-01-08.wav,03-01-02-01-02-01-08.wav,8,train,1,calm,1,calm,0.3021092712879181
data/ravdess/audio/Actor_08/03-01-02-01-02-02-08.wav,03-01-02-01-02-02-08.wav,8,train,1,calm,1,calm,0.38406044244766235
data/ravdess/audio/Actor_08/03-01-02-02-01-01-08.wav,03-01-02-02-01-01-08.wav,8,train,1,calm,1,calm,0.31214046478271484
data/ravdess/audio/Actor_08/03-01-02-02-01-02-08.wav,03-01-02-02-01-02-08.wav,8,train,1,calm,1,calm,0.3568108081817627
data/ravdess/audio/Actor_08/03-01-02-02-02-01-08.wav,03-01-02-02-02-01-08.wav,8,train,1,calm,1,calm,0.4164838492870331
data/ravdess/audio/Actor_08/03-01-02-02-02-02-08.wav,03-01-02-02-02-02-08.wav,8,train,1,calm,1,calm,0.3734460771083832
data/ravdess/audio/Actor_08/03-01-03-01-01-01-08.wav,03-01-03-01-01-01-08.wav,8,train,2,happy,2,happy,0.4016128480434418
data/ravdess/audio/Actor_08/03-01-03-01-01-02-08.wav,03-01-03-01-01-02-08.wav,8,train,2,happy,7,surprised,0.34544989466667175
data/ravdess/audio/Actor_08/03-01-03-01-02-01-08.wav,03-01-03-01-02-01-08.wav,8,train,2,happy,7,surprised,0.2515583634376526
data/ravdess/audio/Actor_08/03-01-03-01-02-02-08.wav,03-01-03-01-02-02-08.wav,8,train,2,happy,2,happy,0.417388379573822
data/ravdess/audio/Actor_08/03-01-03-02-01-01-08.wav,03-01-03-02-01-01-08.wav,8,train,2,happy,2,happy,0.4773584306240082
data/ravdess/audio/Actor_08/03-01-03-02-01-02-08.wav,03-01-03-02-01-02-08.wav,8,train,2,happy,2,happy,0.4584534466266632
data/ravdess/audio/Actor_08/03-01-03-02-02-01-08.wav,03-01-03-02-02-01-08.wav,8,train,2,happy,2,happy,0.5173761248588562
data/ravdess/audio/Actor_08/03-01-03-02-02-02-08.wav,03-01-03-02-02-02-08.wav,8,train,2,happy,7,surprised,0.31879910826683044
data/ravdess/audio/Actor_08/03-01-04-01-01-01-08.wav,03-01-04-01-01-01-08.wav,8,train,3,sad,3,sad,0.27124902606010437
data/ravdess/audio/Actor_08/03-01-04-01-01-02-08.wav,03-01-04-01-01-02-08.wav,8,train,3,sad,1,calm,0.40836381912231445
data/ravdess/audio/Actor_08/03-01-04-01-02-01-08.wav,03-01-04-01-02-01-08.wav,8,train,3,sad,1,calm,0.3966774642467499
data/ravdess/audio/Actor_08/03-01-04-01-02-02-08.wav,03-01-04-01-02-02-08.wav,8,train,3,sad,1,calm,0.28223857283592224
data/ravdess/audio/Actor_08/03-01-04-02-01-01-08.wav,03-01-04-02-01-01-08.wav,8,train,3,sad,7,surprised,0.2669735550880432
data/ravdess/audio/Actor_08/03-01-04-02-01-02-08.wav,03-01-04-02-01-02-08.wav,8,train,3,sad,7,surprised,0.28040143847465515
data/ravdess/audio/Actor_08/03-01-04-02-02-01-08.wav,03-01-04-02-02-01-08.wav,8,train,3,sad,7,surprised,0.2848484218120575
data/ravdess/audio/Actor_08/03-01-04-02-02-02-08.wav,03-01-04-02-02-02-08.wav,8,train,3,sad,7,surprised,0.2866975963115692
data/ravdess/audio/Actor_08/03-01-05-01-01-01-08.wav,03-01-05-01-01-01-08.wav,8,train,4,angry,2,happy,0.3274790346622467
data/ravdess/audio/Actor_08/03-01-05-01-01-02-08.wav,03-01-05-01-01-02-08.wav,8,train,4,angry,4,angry,0.33810093998908997
data/ravdess/audio/Actor_08/03-01-05-01-02-01-08.wav,03-01-05-01-02-01-08.wav,8,train,4,angry,6,disgust,0.31020012497901917
data/ravdess/audio/Actor_08/03-01-05-01-02-02-08.wav,03-01-05-01-02-02-08.wav,8,train,4,angry,4,angry,0.32123827934265137
data/ravdess/audio/Actor_08/03-01-05-02-01-01-08.wav,03-01-05-02-01-01-08.wav,8,train,4,angry,4,angry,0.7288097143173218
data/ravdess/audio/Actor_08/03-01-05-02-01-02-08.wav,03-01-05-02-01-02-08.wav,8,train,4,angry,4,angry,0.9193078875541687
data/ravdess/audio/Actor_08/03-01-05-02-02-01-08.wav,03-01-05-02-02-01-08.wav,8,train,4,angry,4,angry,0.5852348208427429
data/ravdess/audio/Actor_08/03-01-05-02-02-02-08.wav,03-01-05-02-02-02-08.wav,8,train,4,angry,4,angry,0.7847184538841248
data/ravdess/audio/Actor_08/03-01-06-01-01-01-08.wav,03-01-06-01-01-01-08.wav,8,train,5,fearful,5,fearful,0.363028883934021
data/ravdess/audio/Actor_08/03-01-06-01-01-02-08.wav,03-01-06-01-01-02-08.wav,8,train,5,fearful,7,surprised,0.32824307680130005
data/ravdess/audio/Actor_08/03-01-06-01-02-01-08.wav,03-01-06-01-02-01-08.wav,8,train,5,fearful,7,surprised,0.36196017265319824
data/ravdess/audio/Actor_08/03-01-06-01-02-02-08.wav,03-01-06-01-02-02-08.wav,8,train,5,fearful,7,surprised,0.3675101697444916
data/ravdess/audio/Actor_08/03-01-06-02-01-01-08.wav,03-01-06-02-01-01-08.wav,8,train,5,fearful,5,fearful,0.5385318994522095
data/ravdess/audio/Actor_08/03-01-06-02-01-02-08.wav,03-01-06-02-01-02-08.wav,8,train,5,fearful,5,fearful,0.5028987526893616
data/ravdess/audio/Actor_08/03-01-06-02-02-01-08.wav,03-01-06-02-02-01-08.wav,8,train,5,fearful,5,fearful,0.49863818287849426
data/ravdess/audio/Actor_08/03-01-06-02-02-02-08.wav,03-01-06-02-02-02-08.wav,8,train,5,fearful,5,fearful,0.5475594401359558
data/ravdess/audio/Actor_08/03-01-07-01-01-01-08.wav,03-01-07-01-01-01-08.wav,8,train,6,disgust,6,disgust,0.240153506398201
data/ravdess/audio/Actor_08/03-01-07-01-01-02-08.wav,03-01-07-01-01-02-08.wav,8,train,6,disgust,6,disgust,0.2809891998767853
data/ravdess/audio/Actor_08/03-01-07-01-02-01-08.wav,03-01-07-01-02-01-08.wav,8,train,6,disgust,6,disgust,0.24322465062141418
data/ravdess/audio/Actor_08/03-01-07-01-02-02-08.wav,03-01-07-01-02-02-08.wav,8,train,6,disgust,1,calm,0.2727304995059967
data/ravdess/audio/Actor_08/03-01-07-02-01-01-08.wav,03-01-07-02-01-01-08.wav,8,train,6,disgust,6,disgust,0.3460173010826111
data/ravdess/audio/Actor_08/03-01-07-02-01-02-08.wav,03-01-07-02-01-02-08.wav,8,train,6,disgust,0,neutral,0.24063687026500702
data/ravdess/audio/Actor_08/03-01-07-02-02-01-08.wav,03-01-07-02-02-01-08.wav,8,train,6,disgust,0,neutral,0.24121564626693726
data/ravdess/audio/Actor_08/03-01-07-02-02-02-08.wav,03-01-07-02-02-02-08.wav,8,train,6,disgust,6,disgust,0.24571140110492706
data/ravdess/audio/Actor_08/03-01-08-01-01-01-08.wav,03-01-08-01-01-01-08.wav,8,train,7,surprised,7,surprised,0.3394639790058136
data/ravdess/audio/Actor_08/03-01-08-01-01-02-08.wav,03-01-08-01-01-02-08.wav,8,train,7,surprised,7,surprised,0.34197571873664856
data/ravdess/audio/Actor_08/03-01-08-01-02-01-08.wav,03-01-08-01-02-01-08.wav,8,train,7,surprised,7,surprised,0.3398822844028473
data/ravdess/audio/Actor_08/03-01-08-01-02-02-08.wav,03-01-08-01-02-02-08.wav,8,train,7,surprised,7,surprised,0.2939068377017975
data/ravdess/audio/Actor_08/03-01-08-02-01-01-08.wav,03-01-08-02-01-01-08.wav,8,train,7,surprised,7,surprised,0.3343505561351776
data/ravdess/audio/Actor_08/03-01-08-02-01-02-08.wav,03-01-08-02-01-02-08.wav,8,train,7,surprised,7,surprised,0.3591685891151428
data/ravdess/audio/Actor_08/03-01-08-02-02-01-08.wav,03-01-08-02-02-01-08.wav,8,train,7,surprised,7,surprised,0.43045005202293396
data/ravdess/audio/Actor_08/03-01-08-02-02-02-08.wav,03-01-08-02-02-02-08.wav,8,train,7,surprised,7,surprised,0.4106384515762329
data/ravdess/audio/Actor_09/03-01-01-01-01-01-09.wav,03-01-01-01-01-01-09.wav,9,train,0,neutral,0,neutral,0.25162622332572937
data/ravdess/audio/Actor_09/03-01-01-01-01-02-09.wav,03-01-01-01-01-02-09.wav,9,train,0,neutral,1,calm,0.4154912233352661
data/ravdess/audio/Actor_09/03-01-01-01-02-01-09.wav,03-01-01-01-02-01-09.wav,9,train,0,neutral,1,calm,0.2901782989501953
data/ravdess/audio/Actor_09/03-01-01-01-02-02-09.wav,03-01-01-01-02-02-09.wav,9,train,0,neutral,1,calm,0.2762356698513031
data/ravdess/audio/Actor_09/03-01-02-01-01-01-09.wav,03-01-02-01-01-01-09.wav,9,train,1,calm,1,calm,0.3866916298866272
data/ravdess/audio/Actor_09/03-01-02-01-01-02-09.wav,03-01-02-01-01-02-09.wav,9,train,1,calm,1,calm,0.2918247580528259
data/ravdess/audio/Actor_09/03-01-02-01-02-01-09.wav,03-01-02-01-02-01-09.wav,9,train,1,calm,6,disgust,0.2437424212694168
data/ravdess/audio/Actor_09/03-01-02-01-02-02-09.wav,03-01-02-01-02-02-09.wav,9,train,1,calm,1,calm,0.2966192364692688
data/ravdess/audio/Actor_09/03-01-02-02-01-01-09.wav,03-01-02-02-01-01-09.wav,9,train,1,calm,1,calm,0.4186679720878601
data/ravdess/audio/Actor_09/03-01-02-02-01-02-09.wav,03-01-02-02-01-02-09.wav,9,train,1,calm,1,calm,0.4215140640735626
data/ravdess/audio/Actor_09/03-01-02-02-02-01-09.wav,03-01-02-02-02-01-09.wav,9,train,1,calm,1,calm,0.24937550723552704
data/ravdess/audio/Actor_09/03-01-02-02-02-02-09.wav,03-01-02-02-02-02-09.wav,9,train,1,calm,1,calm,0.2942841351032257
data/ravdess/audio/Actor_09/03-01-03-01-01-01-09.wav,03-01-03-01-01-01-09.wav,9,train,2,happy,1,calm,0.36302125453948975
data/ravdess/audio/Actor_09/03-01-03-01-01-02-09.wav,03-01-03-01-01-02-09.wav,9,train,2,happy,3,sad,0.21195709705352783
data/ravdess/audio/Actor_09/03-01-03-01-02-01-09.wav,03-01-03-01-02-01-09.wav,9,train,2,happy,6,disgust,0.2861880958080292
data/ravdess/audio/Actor_09/03-01-03-01-02-02-09.wav,03-01-03-01-02-02-09.wav,9,train,2,happy,6,disgust,0.31299981474876404
data/ravdess/audio/Actor_09/03-01-03-02-01-01-09.wav,03-01-03-02-01-01-09.wav,9,train,2,happy,2,happy,0.4578896462917328
data/ravdess/audio/Actor_09/03-01-03-02-01-02-09.wav,03-01-03-02-01-02-09.wav,9,train,2,happy,2,happy,0.4283038377761841
data/ravdess/audio/Actor_09/03-01-03-02-02-01-09.wav,03-01-03-02-02-01-09.wav,9,train,2,happy,2,happy,0.42032957077026367
data/ravdess/audio/Actor_09/03-01-03-02-02-02-09.wav,03-01-03-02-02-02-09.wav,9,train,2,happy,2,happy,0.3930812180042267
data/ravdess/audio/Actor_09/03-01-04-01-01-01-09.wav,03-01-04-01-01-01-09.wav,9,train,3,sad,1,calm,0.3987180292606354
data/ravdess/audio/Actor_09/03-01-04-01-01-02-09.wav,03-01-04-01-01-02-09.wav,9,train,3,sad,1,calm,0.4029630720615387
data/ravdess/audio/Actor_09/03-01-04-01-02-01-09.wav,03-01-04-01-02-01-09.wav,9,train,3,sad,1,calm,0.3343713581562042
data/ravdess/audio/Actor_09/03-01-04-01-02-02-09.wav,03-01-04-01-02-02-09.wav,9,train,3,sad,1,calm,0.3398534655570984
data/ravdess/audio/Actor_09/03-01-04-02-01-01-09.wav,03-01-04-02-01-01-09.wav,9,train,3,sad,1,calm,0.2667732536792755
data/ravdess/audio/Actor_09/03-01-04-02-01-02-09.wav,03-01-04-02-01-02-09.wav,9,train,3,sad,3,sad,0.2773898243904114
data/ravdess/audio/Actor_09/03-01-04-02-02-01-09.wav,03-01-04-02-02-01-09.wav,9,train,3,sad,6,disgust,0.2604961097240448
data/ravdess/audio/Actor_09/03-01-04-02-02-02-09.wav,03-01-04-02-02-02-09.wav,9,train,3,sad,6,disgust,0.219155952334404
data/ravdess/audio/Actor_09/03-01-05-01-01-01-09.wav,03-01-05-01-01-01-09.wav,9,train,4,angry,3,sad,0.22217386960983276
data/ravdess/audio/Actor_09/03-01-05-01-01-02-09.wav,03-01-05-01-01-02-09.wav,9,train,4,angry,6,disgust,0.23531734943389893
data/ravdess/audio/Actor_09/03-01-05-01-02-01-09.wav,03-01-05-01-02-01-09.wav,9,train,4,angry,6,disgust,0.2848677635192871
data/ravdess/audio/Actor_09/03-01-05-01-02-02-09.wav,03-01-05-01-02-02-09.wav,9,train,4,angry,6,disgust,0.320926696062088
data/ravdess/audio/Actor_09/03-01-05-02-01-01-09.wav,03-01-05-02-01-01-09.wav,9,train,4,angry,4,angry,0.9535850882530212
data/ravdess/audio/Actor_09/03-01-05-02-01-02-09.wav,03-01-05-02-01-02-09.wav,9,train,4,angry,4,angry,0.9329838752746582
data/ravdess/audio/Actor_09/03-01-05-02-02-01-09.wav,03-01-05-02-02-01-09.wav,9,train,4,angry,4,angry,0.935081958770752
data/ravdess/audio/Actor_09/03-01-05-02-02-02-09.wav,03-01-05-02-02-02-09.wav,9,train,4,angry,4,angry,0.949638307094574
data/ravdess/audio/Actor_09/03-01-06-01-01-01-09.wav,03-01-06-01-01-01-09.wav,9,train,5,fearful,1,calm,0.35907918214797974
data/ravdess/audio/Actor_09/03-01-06-01-01-02-09.wav,03-01-06-01-01-02-09.wav,9,train,5,fearful,1,calm,0.3743561804294586
data/ravdess/audio/Actor_09/03-01-06-01-02-01-09.wav,03-01-06-01-02-01-09.wav,9,train,5,fearful,1,calm,0.3102329671382904
data/ravdess/audio/Actor_09/03-01-06-01-02-02-09.wav,03-01-06-01-02-02-09.wav,9,train,5,fearful,1,calm,0.34337061643600464
data/ravdess/audio/Actor_09/03-01-06-02-01-01-09.wav,03-01-06-02-01-01-09.wav,9,train,5,fearful,3,sad,0.2252897024154663
data/ravdess/audio/Actor_09/03-01-06-02-01-02-09.wav,03-01-06-02-01-02-09.wav,9,train,5,fearful,6,disgust,0.22803208231925964
data/ravdess/audio/Actor_09/03-01-06-02-02-01-09.wav,03-01-06-02-02-01-09.wav,9,train,5,fearful,7,surprised,0.30619871616363525
data/ravdess/audio/Actor_09/03-01-06-02-02-02-09.wav,03-01-06-02-02-02-09.wav,9,train,5,fearful,7,surprised,0.3189586102962494
data/ravdess/audio/Actor_09/03-01-07-01-01-01-09.wav,03-01-07-01-01-01-09.wav,9,train,6,disgust,1,calm,0.25168082118034363
data/ravdess/audio/Actor_09/03-01-07-01-01-02-09.wav,03-01-07-01-01-02-09.wav,9,train,6,disgust,3,sad,0.24794720113277435
data/ravdess/audio/Actor_09/03-01-07-01-02-01-09.wav,03-01-07-01-02-01-09.wav,9,train,6,disgust,1,calm,0.20896506309509277
data/ravdess/audio/Actor_09/03-01-07-01-02-02-09.wav,03-01-07-01-02-02-09.wav,9,train,6,disgust,3,sad,0.21243974566459656
data/ravdess/audio/Actor_09/03-01-07-02-01-01-09.wav,03-01-07-02-01-01-09.wav,9,train,6,disgust,3,sad,0.21692514419555664
data/ravdess/audio/Actor_09/03-01-07-02-01-02-09.wav,03-01-07-02-01-02-09.wav,9,train,6,disgust,6,disgust,0.2586306929588318
data/ravdess/audio/Actor_09/03-01-07-02-02-01-09.wav,03-01-07-02-02-01-09.wav,9,train,6,disgust,6,disgust,0.31030017137527466
data/ravdess/audio/Actor_09/03-01-07-02-02-02-09.wav,03-01-07-02-02-02-09.wav,9,train,6,disgust,6,disgust,0.25697264075279236
data/ravdess/audio/Actor_09/03-01-08-01-01-01-09.wav,03-01-08-01-01-01-09.wav,9,train,7,surprised,1,calm,0.3971058130264282
data/ravdess/audio/Actor_09/03-01-08-01-01-02-09.wav,03-01-08-01-01-02-09.wav,9,train,7,surprised,1,calm,0.36891260743141174
data/ravdess/audio/Actor_09/03-01-08-01-02-01-09.wav,03-01-08-01-02-01-09.wav,9,train,7,surprised,6,disgust,0.22614656388759613
data/ravdess/audio/Actor_09/03-01-08-01-02-02-09.wav,03-01-08-01-02-02-09.wav,9,train,7,surprised,3,sad,0.2127334475517273
data/ravdess/audio/Actor_09/03-01-08-02-01-01-09.wav,03-01-08-02-01-01-09.wav,9,train,7,surprised,7,surprised,0.25262531638145447
data/ravdess/audio/Actor_09/03-01-08-02-01-02-09.wav,03-01-08-02-01-02-09.wav,9,train,7,surprised,3,sad,0.2276715189218521
data/ravdess/audio/Actor_09/03-01-08-02-02-01-09.wav,03-01-08-02-02-01-09.wav,9,train,7,surprised,6,disgust,0.2305111289024353
data/ravdess/audio/Actor_09/03-01-08-02-02-02-09.wav,03-01-08-02-02-02-09.wav,9,train,7,surprised,6,disgust,0.3353615999221802
data/ravdess/audio/Actor_10/03-01-01-01-01-01-10.wav,03-01-01-01-01-01-10.wav,10,train,0,neutral,0,neutral,0.2260318100452423
data/ravdess/audio/Actor_10/03-01-01-01-01-02-10.wav,03-01-01-01-01-02-10.wav,10,train,0,neutral,6,disgust,0.2598377466201782
data/ravdess/audio/Actor_10/03-01-01-01-02-01-10.wav,03-01-01-01-02-01-10.wav,10,train,0,neutral,0,neutral,0.22245822846889496
data/ravdess/audio/Actor_10/03-01-01-01-02-02-10.wav,03-01-01-01-02-02-10.wav,10,train,0,neutral,1,calm,0.29822221398353577
data/ravdess/audio/Actor_10/03-01-02-01-01-01-10.wav,03-01-02-01-01-01-10.wav,10,train,1,calm,6,disgust,0.2629134953022003
data/ravdess/audio/Actor_10/03-01-02-01-01-02-10.wav,03-01-02-01-01-02-10.wav,10,train,1,calm,6,disgust,0.3446764349937439
data/ravdess/audio/Actor_10/03-01-02-01-02-01-10.wav,03-01-02-01-02-01-10.wav,10,train,1,calm,0,neutral,0.2623283267021179
data/ravdess/audio/Actor_10/03-01-02-01-02-02-10.wav,03-01-02-01-02-02-10.wav,10,train,1,calm,0,neutral,0.2591135501861572
data/ravdess/audio/Actor_10/03-01-02-02-01-01-10.wav,03-01-02-02-01-01-10.wav,10,train,1,calm,6,disgust,0.2267635613679886
data/ravdess/audio/Actor_10/03-01-02-02-01-02-10.wav,03-01-02-02-01-02-10.wav,10,train,1,calm,0,neutral,0.2608390748500824
data/ravdess/audio/Actor_10/03-01-02-02-02-01-10.wav,03-01-02-02-02-01-10.wav,10,train,1,calm,1,calm,0.345159649848938
data/ravdess/audio/Actor_10/03-01-02-02-02-02-10.wav,03-01-02-02-02-02-10.wav,10,train,1,calm,1,calm,0.3512764573097229
data/ravdess/audio/Actor_10/03-01-03-01-01-01-10.wav,03-01-03-01-01-01-10.wav,10,train,2,happy,2,happy,0.3716859221458435
data/ravdess/audio/Actor_10/03-01-03-01-01-02-10.wav,03-01-03-01-01-02-10.wav,10,train,2,happy,7,surprised,0.3954285681247711
data/ravdess/audio/Actor_10/03-01-03-01-02-01-10.wav,03-01-03-01-02-01-10.wav,10,train,2,happy,7,surprised,0.2974289357662201
data/ravdess/audio/Actor_10/03-01-03-01-02-02-10.wav,03-01-03-01-02-02-10.wav,10,train,2,happy,7,surprised,0.35434627532958984
data/ravdess/audio/Actor_10/03-01-03-02-01-01-10.wav,03-01-03-02-01-01-10.wav,10,train,2,happy,2,happy,0.39395445585250854
data/ravdess/audio/Actor_10/03-01-03-02-01-02-10.wav,03-01-03-02-01-02-10.wav,10,train,2,happy,2,happy,0.3823026716709137
data/ravdess/audio/Actor_10/03-01-03-02-02-01-10.wav,03-01-03-02-02-01-10.wav,10,train,2,happy,2,happy,0.4177236557006836
data/ravdess/audio/Actor_10/03-01-03-02-02-02-10.wav,03-01-03-02-02-02-10.wav,10,train,2,happy,2,happy,0.5031384825706482
data/ravdess/audio/Actor_10/03-01-04-01-01-01-10.wav,03-01-04-01-01-01-10.wav,10,train,3,sad,0,neutral,0.27752941846847534
data/ravdess/audio/Actor_10/03-01-04-01-01-02-10.wav,03-01-04-01-01-02-10.wav,10,train,3,sad,0,neutral,0.2533106803894043
data/ravdess/audio/Actor_10/03-01-04-01-02-01-10.wav,03-01-04-01-02-01-10.wav,10,train,3,sad,1,calm,0.3138618767261505
data/ravdess/audio/Actor_10/03-01-04-01-02-02-10.wav,03-01-04-01-02-02-10.wav,10,train,3,sad,0,neutral,0.25871530175209045
data/ravdess/audio/Actor_10/03-01-04-02-01-01-10.wav,03-01-04-02-01-01-10.wav,10,train,3,sad,7,surprised,0.40399497747421265
data/ravdess/audio/Actor_10/03-01-04-02-01-02-10.wav,03-01-04-02-01-02-10.wav,10,train,3,sad,7,surprised,0.40642049908638
data/ravdess/audio/Actor_10/03-01-04-02-02-01-10.wav,03-01-04-02-02-01-10.wav,10,train,3,sad,6,disgust,0.24853643774986267
data/ravdess/audio/Actor_10/03-01-04-02-02-02-10.wav,03-01-04-02-02-02-10.wav,10,train,3,sad,6,disgust,0.2413717359304428
data/ravdess/audio/Actor_10/03-01-05-01-01-01-10.wav,03-01-05-01-01-01-10.wav,10,train,4,angry,6,disgust,0.3737591803073883
data/ravdess/audio/Actor_10/03-01-05-01-01-02-10.wav,03-01-05-01-01-02-10.wav,10,train,4,angry,7,surprised,0.31607863306999207
data/ravdess/audio/Actor_10/03-01-05-01-02-01-10.wav,03-01-05-01-02-01-10.wav,10,train,4,angry,6,disgust,0.2553878724575043
data/ravdess/audio/Actor_10/03-01-05-01-02-02-10.wav,03-01-05-01-02-02-10.wav,10,train,4,angry,7,surprised,0.2587907314300537
data/ravdess/audio/Actor_10/03-01-05-02-01-01-10.wav,03-01-05-02-01-01-10.wav,10,train,4,angry,4,angry,0.9338345527648926
data/ravdess/audio/Actor_10/03-01-05-02-01-02-10.wav,03-01-05-02-01-02-10.wav,10,train,4,angry,4,angry,0.9168651103973389
data/ravdess/audio/Actor_10/03-01-05-02-02-01-10.wav,03-01-05-02-02-01-10.wav,10,train,4,angry,4,angry,0.8687742352485657
data/ravdess/audio/Actor_10/03-01-05-02-02-02-10.wav,03-01-05-02-02-02-10.wav,10,train,4,angry,4,angry,0.4900897741317749
data/ravdess/audio/Actor_10/03-01-06-01-01-01-10.wav,03-01-06-01-01-01-10.wav,10,train,5,fearful,7,surprised,0.38372716307640076
data/ravdess/audio/Actor_10/03-01-06-01-01-02-10.wav,03-01-06-01-01-02-10.wav,10,train,5,fearful,0,neutral,0.2530937194824219
data/ravdess/audio/Actor_10/03-01-06-01-02-01-10.wav,03-01-06-01-02-01-10.wav,10,train,5,fearful,7,surprised,0.2997566759586334
data/ravdess/audio/Actor_10/03-01-06-01-02-02-10.wav,03-01-06-01-02-02-10.wav,10,train,5,fearful,0,neutral,0.24377784132957458
data/ravdess/audio/Actor_10/03-01-06-02-01-01-10.wav,03-01-06-02-01-01-10.wav,10,train,5,fearful,5,fearful,0.31740695238113403
data/ravdess/audio/Actor_10/03-01-06-02-01-02-10.wav,03-01-06-02-01-02-10.wav,10,train,5,fearful,5,fearful,0.3432566225528717
data/ravdess/audio/Actor_10/03-01-06-02-02-01-10.wav,03-01-06-02-02-01-10.wav,10,train,5,fearful,5,fearful,0.34974443912506104
data/ravdess/audio/Actor_10/03-01-06-02-02-02-10.wav,03-01-06-02-02-02-10.wav,10,train,5,fearful,7,surprised,0.4159899950027466
data/ravdess/audio/Actor_10/03-01-07-01-01-01-10.wav,03-01-07-01-01-01-10.wav,10,train,6,disgust,6,disgust,0.38827744126319885
data/ravdess/audio/Actor_10/03-01-07-01-01-02-10.wav,03-01-07-01-01-02-10.wav,10,train,6,disgust,6,disgust,0.3221765160560608
data/ravdess/audio/Actor_10/03-01-07-01-02-01-10.wav,03-01-07-01-02-01-10.wav,10,train,6,disgust,6,disgust,0.4249507784843445
data/ravdess/audio/Actor_10/03-01-07-01-02-02-10.wav,03-01-07-01-02-02-10.wav,10,train,6,disgust,6,disgust,0.38887882232666016
data/ravdess/audio/Actor_10/03-01-07-02-01-01-10.wav,03-01-07-02-01-01-10.wav,10,train,6,disgust,7,surprised,0.3727506101131439
data/ravdess/audio/Actor_10/03-01-07-02-01-02-10.wav,03-01-07-02-01-02-10.wav,10,train,6,disgust,7,surprised,0.33004894852638245
data/ravdess/audio/Actor_10/03-01-07-02-02-01-10.wav,03-01-07-02-02-01-10.wav,10,train,6,disgust,7,surprised,0.474526584148407
data/ravdess/audio/Actor_10/03-01-07-02-02-02-10.wav,03-01-07-02-02-02-10.wav,10,train,6,disgust,7,surprised,0.4286355972290039
data/ravdess/audio/Actor_10/03-01-08-01-01-01-10.wav,03-01-08-01-01-01-10.wav,10,train,7,surprised,7,surprised,0.3712489604949951
data/ravdess/audio/Actor_10/03-01-08-01-01-02-10.wav,03-01-08-01-01-02-10.wav,10,train,7,surprised,6,disgust,0.27483659982681274
data/ravdess/audio/Actor_10/03-01-08-01-02-01-10.wav,03-01-08-01-02-01-10.wav,10,train,7,surprised,7,surprised,0.44012728333473206
data/ravdess/audio/Actor_10/03-01-08-01-02-02-10.wav,03-01-08-01-02-02-10.wav,10,train,7,surprised,7,surprised,0.40032175183296204
data/ravdess/audio/Actor_10/03-01-08-02-01-01-10.wav,03-01-08-02-01-01-10.wav,10,train,7,surprised,7,surprised,0.3666553497314453
data/ravdess/audio/Actor_10/03-01-08-02-01-02-10.wav,03-01-08-02-01-02-10.wav,10,train,7,surprised,7,surprised,0.3667818009853363
data/ravdess/audio/Actor_10/03-01-08-02-02-01-10.wav,03-01-08-02-02-01-10.wav,10,train,7,surprised,7,surprised,0.31757062673568726
data/ravdess/audio/Actor_10/03-01-08-02-02-02-10.wav,03-01-08-02-02-02-10.wav,10,train,7,surprised,7,surprised,0.4069608747959137
data/ravdess/audio/Actor_11/03-01-01-01-01-01-11.wav,03-01-01-01-01-01-11.wav,11,train,0,neutral,1,calm,0.3169046938419342
data/ravdess/audio/Actor_11/03-01-01-01-01-02-11.wav,03-01-01-01-01-02-11.wav,11,train,0,neutral,1,calm,0.30789273977279663
data/ravdess/audio/Actor_11/03-01-01-01-02-01-11.wav,03-01-01-01-02-01-11.wav,11,train,0,neutral,6,disgust,0.23166725039482117
data/ravdess/audio/Actor_11/03-01-01-01-02-02-11.wav,03-01-01-01-02-02-11.wav,11,train,0,neutral,1,calm,0.22546784579753876
data/ravdess/audio/Actor_11/03-01-02-01-01-01-11.wav,03-01-02-01-01-01-11.wav,11,train,1,calm,1,calm,0.3935854434967041
data/ravdess/audio/Actor_11/03-01-02-01-01-02-11.wav,03-01-02-01-01-02-11.wav,11,train,1,calm,1,calm,0.39254480600357056
data/ravdess/audio/Actor_11/03-01-02-01-02-01-11.wav,03-01-02-01-02-01-11.wav,11,train,1,calm,1,calm,0.2882634699344635
data/ravdess/audio/Actor_11/03-01-02-01-02-02-11.wav,03-01-02-01-02-02-11.wav,11,train,1,calm,1,calm,0.3646780848503113
data/ravdess/audio/Actor_11/03-01-02-02-01-01-11.wav,03-01-02-02-01-01-11.wav,11,train,1,calm,1,calm,0.35236674547195435
data/ravdess/audio/Actor_11/03-01-02-02-01-02-11.wav,03-01-02-02-01-02-11.wav,11,train,1,calm,1,calm,0.4007101058959961
data/ravdess/audio/Actor_11/03-01-02-02-02-01-11.wav,03-01-02-02-02-01-11.wav,11,train,1,calm,1,calm,0.3714417815208435
data/ravdess/audio/Actor_11/03-01-02-02-02-02-11.wav,03-01-02-02-02-02-11.wav,11,train,1,calm,1,calm,0.3719244599342346
data/ravdess/audio/Actor_11/03-01-03-01-01-01-11.wav,03-01-03-01-01-01-11.wav,11,train,2,happy,6,disgust,0.2116202712059021
data/ravdess/audio/Actor_11/03-01-03-01-01-02-11.wav,03-01-03-01-01-02-11.wav,11,train,2,happy,6,disgust,0.22343504428863525
data/ravdess/audio/Actor_11/03-01-03-01-02-01-11.wav,03-01-03-01-02-01-11.wav,11,train,2,happy,6,disgust,0.26334458589553833
data/ravdess/audio/Actor_11/03-01-03-01-02-02-11.wav,03-01-03-01-02-02-11.wav,11,train,2,happy,6,disgust,0.3037993609905243
data/ravdess/audio/Actor_11/03-01-03-02-01-01-11.wav,03-01-03-02-01-01-11.wav,11,train,2,happy,2,happy,0.2769925892353058
data/ravdess/audio/Actor_11/03-01-03-02-01-02-11.wav,03-01-03-02-01-02-11.wav,11,train,2,happy,7,surprised,0.32595688104629517
data/ravdess/audio/Actor_11/03-01-03-02-02-01-11.wav,03-01-03-02-02-01-11.wav,11,train,2,happy,7,surprised,0.3132231533527374
data/ravdess/audio/Actor_11/03-01-03-02-02-02-11.wav,03-01-03-02-02-02-11.wav,11,train,2,happy,7,surprised,0.3606969714164734
data/ravdess/audio/Actor_11/03-01-04-01-01-01-11.wav,03-01-04-01-01-01-11.wav,11,train,3,sad,0,neutral,0.22553780674934387
data/ravdess/audio/Actor_11/03-01-04-01-01-02-11.wav,03-01-04-01-01-02-11.wav,11,train,3,sad,6,disgust,0.24406073987483978
data/ravdess/audio/Actor_11/03-01-04-01-02-01-11.wav,03-01-04-01-02-01-11.wav,11,train,3,sad,1,calm,0.27166903018951416
data/ravdess/audio/Actor_11/03-01-04-01-02-02-11.wav,03-01-04-01-02-02-11.wav,11,train,3,sad,1,calm,0.2784082293510437
data/ravdess/audio/Actor_11/03-01-04-02-01-01-11.wav,03-01-04-02-01-01-11.wav,11,train,3,sad,6,disgust,0.2633090019226074
data/ravdess/audio/Actor_11/03-01-04-02-01-02-11.wav,03-01-04-02-01-02-11.wav,11,train,3,sad,6,disgust,0.34912440180778503
data/ravdess/audio/Actor_11/03-01-04-02-02-01-11.wav,03-01-04-02-02-01-11.wav,11,train,3,sad,7,surprised,0.32967132329940796
data/ravdess/audio/Actor_11/03-01-04-02-02-02-11.wav,03-01-04-02-02-02-11.wav,11,train,3,sad,6,disgust,0.40502849221229553
data/ravdess/audio/Actor_11/03-01-05-01-01-01-11.wav,03-01-05-01-01-01-11.wav,11,train,4,angry,4,angry,0.31291401386260986
data/ravdess/audio/Actor_11/03-01-05-01-01-02-11.wav,03-01-05-01-01-02-11.wav,11,train,4,angry,4,angry,0.3151620030403137
data/ravdess/audio/Actor_11/03-01-05-01-02-01-11.wav,03-01-05-01-02-01-11.wav,11,train,4,angry,4,angry,0.6802272200584412
data/ravdess/audio/Actor_11/03-01-05-01-02-02-11.wav,03-01-05-01-02-02-11.wav,11,train,4,angry,4,angry,0.43823346495628357
data/ravdess/audio/Actor_11/03-01-05-02-01-01-11.wav,03-01-05-02-01-01-11.wav,11,train,4,angry,4,angry,0.9347736239433289
data/ravdess/audio/Actor_11/03-01-05-02-01-02-11.wav,03-01-05-02-01-02-11.wav,11,train,4,angry,4,angry,0.9584611058235168
data/ravdess/audio/Actor_11/03-01-05-02-02-01-11.wav,03-01-05-02-02-01-11.wav,11,train,4,angry,4,angry,0.9573807120323181
data/ravdess/audio/Actor_11/03-01-05-02-02-02-11.wav,03-01-05-02-02-02-11.wav,11,train,4,angry,4,angry,0.9480534195899963
data/ravdess/audio/Actor_11/03-01-06-01-01-01-11.wav,03-01-06-01-01-01-11.wav,11,train,5,fearful,6,disgust,0.3722737431526184
data/ravdess/audio/Actor_11/03-01-06-01-01-02-11.wav,03-01-06-01-01-02-11.wav,11,train,5,fearful,6,disgust,0.3652234375476837
data/ravdess/audio/Actor_11/03-01-06-01-02-01-11.wav,03-01-06-01-02-01-11.wav,11,train,5,fearful,7,surprised,0.3255270719528198
data/ravdess/audio/Actor_11/03-01-06-01-02-02-11.wav,03-01-06-01-02-02-11.wav,11,train,5,fearful,6,disgust,0.36464160680770874
data/ravdess/audio/Actor_11/03-01-06-02-01-01-11.wav,03-01-06-02-01-01-11.wav,11,train,5,fearful,2,happy,0.321017324924469
data/ravdess/audio/Actor_11/03-01-06-02-01-02-11.wav,03-01-06-02-01-02-11.wav,11,train,5,fearful,2,happy,0.3111671209335327
data/ravdess/audio/Actor_11/03-01-06-02-02-01-11.wav,03-01-06-02-02-01-11.wav,11,train,5,fearful,4,angry,0.5054749846458435
data/ravdess/audio/Actor_11/03-01-06-02-02-02-11.wav,03-01-06-02-02-02-11.wav,11,train,5,fearful,5,fearful,0.2746260166168213
data/ravdess/audio/Actor_11/03-01-07-01-01-01-11.wav,03-01-07-01-01-01-11.wav,11,train,6,disgust,6,disgust,0.44237902760505676
data/ravdess/audio/Actor_11/03-01-07-01-01-02-11.wav,03-01-07-01-01-02-11.wav,11,train,6,disgust,6,disgust,0.36136192083358765
data/ravdess/audio/Actor_11/03-01-07-01-02-01-11.wav,03-01-07-01-02-01-11.wav,11,train,6,disgust,6,disgust,0.3924363851547241
data/ravdess/audio/Actor_11/03-01-07-01-02-02-11.wav,03-01-07-01-02-02-11.wav,11,train,6,disgust,6,disgust,0.46672171354293823
data/ravdess/audio/Actor_11/03-01-07-02-01-01-11.wav,03-01-07-02-01-01-11.wav,11,train,6,disgust,6,disgust,0.34835684299468994
data/ravdess/audio/Actor_11/03-01-07-02-01-02-11.wav,03-01-07-02-01-02-11.wav,11,train,6,disgust,6,disgust,0.42007356882095337
data/ravdess/audio/Actor_11/03-01-07-02-02-01-11.wav,03-01-07-02-02-01-11.wav,11,train,6,disgust,6,disgust,0.47250765562057495
data/ravdess/audio/Actor_11/03-01-07-02-02-02-11.wav,03-01-07-02-02-02-11.wav,11,train,6,disgust,6,disgust,0.4077782928943634
data/ravdess/audio/Actor_11/03-01-08-01-01-01-11.wav,03-01-08-01-01-01-11.wav,11,train,7,surprised,7,surprised,0.27744582295417786
data/ravdess/audio/Actor_11/03-01-08-01-01-02-11.wav,03-01-08-01-01-02-11.wav,11,train,7,surprised,7,surprised,0.31379222869873047
data/ravdess/audio/Actor_11/03-01-08-01-02-01-11.wav,03-01-08-01-02-01-11.wav,11,train,7,surprised,6,disgust,0.3604048490524292
data/ravdess/audio/Actor_11/03-01-08-01-02-02-11.wav,03-01-08-01-02-02-11.wav,11,train,7,surprised,7,surprised,0.2775077521800995
data/ravdess/audio/Actor_11/03-01-08-02-01-01-11.wav,03-01-08-02-01-01-11.wav,11,train,7,surprised,7,surprised,0.3305278420448303
data/ravdess/audio/Actor_11/03-01-08-02-01-02-11.wav,03-01-08-02-01-02-11.wav,11,train,7,surprised,7,surprised,0.379347026348114
data/ravdess/audio/Actor_11/03-01-08-02-02-01-11.wav,03-01-08-02-02-01-11.wav,11,train,7,surprised,7,surprised,0.34544360637664795
data/ravdess/audio/Actor_11/03-01-08-02-02-02-11.wav,03-01-08-02-02-02-11.wav,11,train,7,surprised,7,surprised,0.37035492062568665
data/ravdess/audio/Actor_12/03-01-01-01-01-01-12.wav,03-01-01-01-01-01-12.wav,12,train,0,neutral,1,calm,0.35880210995674133
data/ravdess/audio/Actor_12/03-01-01-01-01-02-12.wav,03-01-01-01-01-02-12.wav,12,train,0,neutral,0,neutral,0.2632925510406494
data/ravdess/audio/Actor_12/03-01-01-01-02-01-12.wav,03-01-01-01-02-01-12.wav,12,train,0,neutral,1,calm,0.32824376225471497
data/ravdess/audio/Actor_12/03-01-01-01-02-02-12.wav,03-01-01-01-02-02-12.wav,12,train,0,neutral,1,calm,0.32870104908943176
data/ravdess/audio/Actor_12/03-01-02-01-01-01-12.wav,03-01-02-01-01-01-12.wav,12,train,1,calm,3,sad,0.21284012496471405
data/ravdess/audio/Actor_12/03-01-02-01-01-02-12.wav,03-01-02-01-01-02-12.wav,12,train,1,calm,1,calm,0.2575242519378662
data/ravdess/audio/Actor_12/03-01-02-01-02-01-12.wav,03-01-02-01-02-01-12.wav,12,train,1,calm,1,calm,0.4392821192741394
data/ravdess/audio/Actor_12/03-01-02-01-02-02-12.wav,03-01-02-01-02-02-12.wav,12,train,1,calm,1,calm,0.42274990677833557
data/ravdess/audio/Actor_12/03-01-02-02-01-01-12.wav,03-01-02-02-01-01-12.wav,12,train,1,calm,1,calm,0.3836272954940796
data/ravdess/audio/Actor_12/03-01-02-02-01-02-12.wav,03-01-02-02-01-02-12.wav,12,train,1,calm,1,calm,0.2627812922000885
data/ravdess/audio/Actor_12/03-01-02-02-02-01-12.wav,03-01-02-02-02-01-12.wav,12,train,1,calm,1,calm,0.3594965636730194
data/ravdess/audio/Actor_12/03-01-02-02-02-02-12.wav,03-01-02-02-02-02-12.wav,12,train,1,calm,1,calm,0.4283699691295624
data/ravdess/audio/Actor_12/03-01-03-01-01-01-12.wav,03-01-03-01-01-01-12.wav,12,train,2,happy,7,surprised,0.3123392164707184
data/ravdess/audio/Actor_12/03-01-03-01-01-02-12.wav,03-01-03-01-01-02-12.wav,12,train,2,happy,7,surprised,0.35067442059516907
data/ravdess/audio/Actor_12/03-01-03-01-02-01-12.wav,03-01-03-01-02-01-12.wav,12,train,2,happy,6,disgust,0.2161376178264618
data/ravdess/audio/Actor_12/03-01-03-01-02-02-12.wav,03-01-03-01-02-02-12.wav,12,train,2,happy,7,surprised,0.26662492752075195
data/ravdess/audio/Actor_12/03-01-03-02-01-01-12.wav,03-01-03-02-01-01-12.wav,12,train,2,happy,2,happy,0.37385740876197815
data/ravdess/audio/Actor_12/03-01-03-02-01-02-12.wav,03-01-03-02-01-02-12.wav,12,train,2,happy,5,fearful,0.34830641746520996
data/ravdess/audio/Actor_12/03-01-03-02-02-01-12.wav,03-01-03-02-02-01-12.wav,12,train,2,happy,7,surprised,0.3477303087711334
data/ravdess/audio/Actor_12/03-01-03-02-02-02-12.wav,03-01-03-02-02-02-12.wav,12,train,2,happy,2,happy,0.3800024390220642
data/ravdess/audio/Actor_12/03-01-04-01-01-01-12.wav,03-01-04-01-01-01-12.wav,12,train,3,sad,7,surprised,0.25598716735839844
data/ravdess/audio/Actor_12/03-01-04-01-01-02-12.wav,03-01-04-01-01-02-12.wav,12,train,3,sad,7,surprised,0.2227534055709839
data/ravdess/audio/Actor_12/03-01-04-01-02-01-12.wav,03-01-04-01-02-01-12.wav,12,train,3,sad,1,calm,0.41795921325683594
data/ravdess/audio/Actor_12/03-01-04-01-02-02-12.wav,03-01-04-01-02-02-12.wav,12,train,3,sad,0,neutral,0.24916547536849976
data/ravdess/audio/Actor_12/03-01-04-02-01-01-12.wav,03-01-04-02-01-01-12.wav,12,train,3,sad,5,fearful,0.39780667424201965
data/ravdess/audio/Actor_12/03-01-04-02-01-02-12.wav,03-01-04-02-01-02-12.wav,12,train,3,sad,5,fearful,0.339308500289917
data/ravdess/audio/Actor_12/03-01-04-02-02-01-12.wav,03-01-04-02-02-01-12.wav,12,train,3,sad,5,fearful,0.3508165180683136
data/ravdess/audio/Actor_12/03-01-04-02-02-02-12.wav,03-01-04-02-02-02-12.wav,12,train,3,sad,5,fearful,0.43104857206344604
data/ravdess/audio/Actor_12/03-01-05-01-01-01-12.wav,03-01-05-01-01-01-12.wav,12,train,4,angry,6,disgust,0.32336753606796265
data/ravdess/audio/Actor_12/03-01-05-01-01-02-12.wav,03-01-05-01-01-02-12.wav,12,train,4,angry,4,angry,0.4424402117729187
data/ravdess/audio/Actor_12/03-01-05-01-02-01-12.wav,03-01-05-01-02-01-12.wav,12,train,4,angry,6,disgust,0.3696407377719879
data/ravdess/audio/Actor_12/03-01-05-01-02-02-12.wav,03-01-05-01-02-02-12.wav,12,train,4,angry,7,surprised,0.33121126890182495
data/ravdess/audio/Actor_12/03-01-05-02-01-01-12.wav,03-01-05-02-01-01-12.wav,12,train,4,angry,4,angry,0.6218952536582947
data/ravdess/audio/Actor_12/03-01-05-02-01-02-12.wav,03-01-05-02-01-02-12.wav,12,train,4,angry,4,angry,0.8961175084114075
data/ravdess/audio/Actor_12/03-01-05-02-02-01-12.wav,03-01-05-02-02-01-12.wav,12,train,4,angry,4,angry,0.3309619426727295
data/ravdess/audio/Actor_12/03-01-05-02-02-02-12.wav,03-01-05-02-02-02-12.wav,12,train,4,angry,4,angry,0.3789639472961426
data/ravdess/audio/Actor_12/03-01-06-01-01-01-12.wav,03-01-06-01-01-01-12.wav,12,train,5,fearful,5,fearful,0.33039382100105286
data/ravdess/audio/Actor_12/03-01-06-01-01-02-12.wav,03-01-06-01-01-02-12.wav,12,train,5,fearful,5,fearful,0.3562670350074768
data/ravdess/audio/Actor_12/03-01-06-01-02-01-12.wav,03-01-06-01-02-01-12.wav,12,train,5,fearful,7,surprised,0.2837676703929901
data/ravdess/audio/Actor_12/03-01-06-01-02-02-12.wav,03-01-06-01-02-02-12.wav,12,train,5,fearful,7,surprised,0.36499759554862976
data/ravdess/audio/Actor_12/03-01-06-02-01-01-12.wav,03-01-06-02-01-01-12.wav,12,train,5,fearful,5,fearful,0.4852961599826813
data/ravdess/audio/Actor_12/03-01-06-02-01-02-12.wav,03-01-06-02-01-02-12.wav,12,train,5,fearful,5,fearful,0.47255396842956543
data/ravdess/audio/Actor_12/03-01-06-02-02-01-12.wav,03-01-06-02-02-01-12.wav,12,train,5,fearful,5,fearful,0.4168817102909088
data/ravdess/audio/Actor_12/03-01-06-02-02-02-12.wav,03-01-06-02-02-02-12.wav,12,train,5,fearful,5,fearful,0.4330444633960724
data/ravdess/audio/Actor_12/03-01-07-01-01-01-12.wav,03-01-07-01-01-01-12.wav,12,train,6,disgust,6,disgust,0.3483516573905945
data/ravdess/audio/Actor_12/03-01-07-01-01-02-12.wav,03-01-07-01-01-02-12.wav,12,train,6,disgust,6,disgust,0.3306772708892822
data/ravdess/audio/Actor_12/03-01-07-01-02-01-12.wav,03-01-07-01-02-01-12.wav,12,train,6,disgust,6,disgust,0.28856712579727173
data/ravdess/audio/Actor_12/03-01-07-01-02-02-12.wav,03-01-07-01-02-02-12.wav,12,train,6,disgust,6,disgust,0.2516496479511261
data/ravdess/audio/Actor_12/03-01-07-02-01-01-12.wav,03-01-07-02-01-01-12.wav,12,train,6,disgust,7,surprised,0.3217102587223053
data/ravdess/audio/Actor_12/03-01-07-02-01-02-12.wav,03-01-07-02-01-02-12.wav,12,train,6,disgust,7,surprised,0.4268251359462738
data/ravdess/audio/Actor_12/03-01-07-02-02-01-12.wav,03-01-07-02-02-01-12.wav,12,train,6,disgust,7,surprised,0.3359604775905609
data/ravdess/audio/Actor_12/03-01-07-02-02-02-12.wav,03-01-07-02-02-02-12.wav,12,train,6,disgust,7,surprised,0.3249192535877228
data/ravdess/audio/Actor_12/03-01-08-01-01-01-12.wav,03-01-08-01-01-01-12.wav,12,train,7,surprised,7,surprised,0.4072733223438263
data/ravdess/audio/Actor_12/03-01-08-01-01-02-12.wav,03-01-08-01-01-02-12.wav,12,train,7,surprised,7,surprised,0.33247727155685425
data/ravdess/audio/Actor_12/03-01-08-01-02-01-12.wav,03-01-08-01-02-01-12.wav,12,train,7,surprised,7,surprised,0.37626317143440247
data/ravdess/audio/Actor_12/03-01-08-01-02-02-12.wav,03-01-08-01-02-02-12.wav,12,train,7,surprised,7,surprised,0.34688693284988403
data/ravdess/audio/Actor_12/03-01-08-02-01-01-12.wav,03-01-08-02-01-01-12.wav,12,train,7,surprised,7,surprised,0.3925875425338745
data/ravdess/audio/Actor_12/03-01-08-02-01-02-12.wav,03-01-08-02-01-02-12.wav,12,train,7,surprised,7,surprised,0.3336842656135559
data/ravdess/audio/Actor_12/03-01-08-02-02-01-12.wav,03-01-08-02-02-01-12.wav,12,train,7,surprised,7,surprised,0.4344382882118225
data/ravdess/audio/Actor_12/03-01-08-02-02-02-12.wav,03-01-08-02-02-02-12.wav,12,train,7,surprised,7,surprised,0.41342291235923767
data/ravdess/audio/Actor_13/03-01-01-01-01-01-13.wav,03-01-01-01-01-01-13.wav,13,train,0,neutral,1,calm,0.38206079602241516
data/ravdess/audio/Actor_13/03-01-01-01-01-02-13.wav,03-01-01-01-01-02-13.wav,13,train,0,neutral,1,calm,0.3810103237628937
data/ravdess/audio/Actor_13/03-01-01-01-02-01-13.wav,03-01-01-01-02-01-13.wav,13,train,0,neutral,0,neutral,0.3073543310165405
data/ravdess/audio/Actor_13/03-01-01-01-02-02-13.wav,03-01-01-01-02-02-13.wav,13,train,0,neutral,3,sad,0.2285672426223755
data/ravdess/audio/Actor_13/03-01-02-01-01-01-13.wav,03-01-02-01-01-01-13.wav,13,train,1,calm,1,calm,0.3720843195915222
data/ravdess/audio/Actor_13/03-01-02-01-01-02-13.wav,03-01-02-01-01-02-13.wav,13,train,1,calm,1,calm,0.3730371296405792
data/ravdess/audio/Actor_13/03-01-02-01-02-01-13.wav,03-01-02-01-02-01-13.wav,13,train,1,calm,1,calm,0.30781030654907227
data/ravdess/audio/Actor_13/03-01-02-01-02-02-13.wav,03-01-02-01-02-02-13.wav,13,train,1,calm,1,calm,0.3916611969470978
data/ravdess/audio/Actor_13/03-01-02-02-01-01-13.wav,03-01-02-02-01-01-13.wav,13,train,1,calm,1,calm,0.38395407795906067
data/ravdess/audio/Actor_13/03-01-02-02-01-02-13.wav,03-01-02-02-01-02-13.wav,13,train,1,calm,1,calm,0.3629108667373657
data/ravdess/audio/Actor_13/03-01-02-02-02-01-13.wav,03-01-02-02-02-01-13.wav,13,train,1,calm,1,calm,0.3436397910118103
data/ravdess/audio/Actor_13/03-01-02-02-02-02-13.wav,03-01-02-02-02-02-13.wav,13,train,1,calm,0,neutral,0.31365686655044556
data/ravdess/audio/Actor_13/03-01-03-01-01-01-13.wav,03-01-03-01-01-01-13.wav,13,train,2,happy,7,surprised,0.3163239657878876
data/ravdess/audio/Actor_13/03-01-03-01-01-02-13.wav,03-01-03-01-01-02-13.wav,13,train,2,happy,7,surprised,0.3137550950050354
data/ravdess/audio/Actor_13/03-01-03-01-02-01-13.wav,03-01-03-01-02-01-13.wav,13,train,2,happy,7,surprised,0.3159201443195343
data/ravdess/audio/Actor_13/03-01-03-01-02-02-13.wav,03-01-03-01-02-02-13.wav,13,train,2,happy,7,surprised,0.29872509837150574
data/ravdess/audio/Actor_13/03-01-03-02-01-01-13.wav,03-01-03-02-01-01-13.wav,13,train,2,happy,7,surprised,0.29810869693756104
data/ravdess/audio/Actor_13/03-01-03-02-01-02-13.wav,03-01-03-02-01-02-13.wav,13,train,2,happy,7,surprised,0.3609410524368286
data/ravdess/audio/Actor_13/03-01-03-02-02-01-13.wav,03-01-03-02-02-01-13.wav,13,train,2,happy,7,surprised,0.3869325518608093
data/ravdess/audio/Actor_13/03-01-03-02-02-02-13.wav,03-01-03-02-02-02-13.wav,13,train,2,happy,7,surprised,0.3848488926887512
data/ravdess/audio/Actor_13/03-01-04-01-01-01-13.wav,03-01-04-01-01-01-13.wav,13,train,3,sad,1,calm,0.4126812815666199
data/ravdess/audio/Actor_13/03-01-04-01-01-02-13.wav,03-01-04-01-01-02-13.wav,13,train,3,sad,1,calm,0.42207205295562744
data/ravdess/audio/Actor_13/03-01-04-01-02-01-13.wav,03-01-04-01-02-01-13.wav,13,train,3,sad,1,calm,0.2862462103366852
data/ravdess/audio/Actor_13/03-01-04-01-02-02-13.wav,03-01-04-01-02-02-13.wav,13,train,3,sad,1,calm,0.41279828548431396
data/ravdess/audio/Actor_13/03-01-04-02-01-01-13.wav,03-01-04-02-01-01-13.wav,13,train,3,sad,0,neutral,0.2421281933784485
data/ravdess/audio/Actor_13/03-01-04-02-01-02-13.wav,03-01-04-02-01-02-13.wav,13,train,3,sad,0,neutral,0.2507627606391907
data/ravdess/audio/Actor_13/03-01-04-02-02-01-13.wav,03-01-04-02-02-01-13.wav,13,train,3,sad,0,neutral,0.25081637501716614
data/ravdess/audio/Actor_13/03-01-04-02-02-02-13.wav,03-01-04-02-02-02-13.wav,13,train,3,sad,1,calm,0.39783114194869995
data/ravdess/audio/Actor_13/03-01-05-01-01-01-13.wav,03-01-05-01-01-01-13.wav,13,train,4,angry,7,surprised,0.3970419466495514
data/ravdess/audio/Actor_13/03-01-05-01-01-02-13.wav,03-01-05-01-01-02-13.wav,13,train,4,angry,2,happy,0.3638732135295868
data/ravdess/audio/Actor_13/03-01-05-01-02-01-13.wav,03-01-05-01-02-01-13.wav,13,train,4,angry,2,happy,0.31253668665885925
data/ravdess/audio/Actor_13/03-01-05-01-02-02-13.wav,03-01-05-01-02-02-13.wav,13,train,4,angry,2,happy,0.40644094347953796
data/ravdess/audio/Actor_13/03-01-05-02-01-01-13.wav,03-01-05-02-01-01-13.wav,13,train,4,angry,4,angry,0.8605403304100037
data/ravdess/audio/Actor_13/03-01-05-02-01-02-13.wav,03-01-05-02-01-02-13.wav,13,train,4,angry,4,angry,0.8241209983825684
data/ravdess/audio/Actor_13/03-01-05-02-02-01-13.wav,03-01-05-02-02-01-13.wav,13,train,4,angry,4,angry,0.9292391538619995
data/ravdess/audio/Actor_13/03-01-05-02-02-02-13.wav,03-01-05-02-02-02-13.wav,13,train,4,angry,4,angry,0.9607109427452087
data/ravdess/audio/Actor_13/03-01-06-01-01-01-13.wav,03-01-06-01-01-01-13.wav,13,train,5,fearful,3,sad,0.22399504482746124
data/ravdess/audio/Actor_13/03-01-06-01-01-02-13.wav,03-01-06-01-01-02-13.wav,13,train,5,fearful,3,sad,0.22325237095355988
data/ravdess/audio/Actor_13/03-01-06-01-02-01-13.wav,03-01-06-01-02-01-13.wav,13,train,5,fearful,6,disgust,0.29638177156448364
data/ravdess/audio/Actor_13/03-01-06-01-02-02-13.wav,03-01-06-01-02-02-13.wav,13,train,5,fearful,7,surprised,0.277666300535202
data/ravdess/audio/Actor_13/03-01-06-02-01-01-13.wav,03-01-06-02-01-01-13.wav,13,train,5,fearful,7,surprised,0.2607981264591217
data/ravdess/audio/Actor_13/03-01-06-02-01-02-13.wav,03-01-06-02-01-02-13.wav,13,train,5,fearful,5,fearful,0.33837810158729553
data/ravdess/audio/Actor_13/03-01-06-02-02-01-13.wav,03-01-06-02-02-01-13.wav,13,train,5,fearful,7,surprised,0.37516024708747864
data/ravdess/audio/Actor_13/03-01-06-02-02-02-13.wav,03-01-06-02-02-02-13.wav,13,train,5,fearful,7,surprised,0.24427668750286102
data/ravdess/audio/Actor_13/03-01-07-01-01-01-13.wav,03-01-07-01-01-01-13.wav,13,train,6,disgust,0,neutral,0.29849234223365784
data/ravdess/audio/Actor_13/03-01-07-01-01-02-13.wav,03-01-07-01-01-02-13.wav,13,train,6,disgust,6,disgust,0.22269460558891296
data/ravdess/audio/Actor_13/03-01-07-01-02-01-13.wav,03-01-07-01-02-01-13.wav,13,train,6,disgust,0,neutral,0.23570899665355682
data/ravdess/audio/Actor_13/03-01-07-01-02-02-13.wav,03-01-07-01-02-02-13.wav,13,train,6,disgust,6,disgust,0.2904604971408844
data/ravdess/audio/Actor_13/03-01-07-02-01-01-13.wav,03-01-07-02-01-01-13.wav,13,train,6,disgust,6,disgust,0.3295198976993561
data/ravdess/audio/Actor_13/03-01-07-02-01-02-13.wav,03-01-07-02-01-02-13.wav,13,train,6,disgust,7,surprised,0.28077834844589233
data/ravdess/audio/Actor_13/03-01-07-02-02-01-13.wav,03-01-07-02-02-01-13.wav,13,train,6,disgust,0,neutral,0.20968565344810486
data/ravdess/audio/Actor_13/03-01-07-02-02-02-13.wav,03-01-07-02-02-02-13.wav,13,train,6,disgust,0,neutral,0.2590125799179077
data/ravdess/audio/Actor_13/03-01-08-01-01-01-13.wav,03-01-08-01-01-01-13.wav,13,train,7,surprised,7,surprised,0.39592066407203674
data/ravdess/audio/Actor_13/03-01-08-01-01-02-13.wav,03-01-08-01-01-02-13.wav,13,train,7,surprised,7,surprised,0.2836218774318695
data/ravdess/audio/Actor_13/03-01-08-01-02-01-13.wav,03-01-08-01-02-01-13.wav,13,train,7,surprised,3,sad,0.22016407549381256
data/ravdess/audio/Actor_13/03-01-08-01-02-02-13.wav,03-01-08-01-02-02-13.wav,13,train,7,surprised,3,sad,0.23963135480880737
data/ravdess/audio/Actor_13/03-01-08-02-01-01-13.wav,03-01-08-02-01-01-13.wav,13,train,7,surprised,7,surprised,0.3309458792209625
data/ravdess/audio/Actor_13/03-01-08-02-01-02-13.wav,03-01-08-02-01-02-13.wav,13,train,7,surprised,3,sad,0.2164042592048645
data/ravdess/audio/Actor_13/03-01-08-02-02-01-13.wav,03-01-08-02-02-01-13.wav,13,train,7,surprised,7,surprised,0.33558765053749084
data/ravdess/audio/Actor_13/03-01-08-02-02-02-13.wav,03-01-08-02-02-02-13.wav,13,train,7,surprised,7,surprised,0.33736956119537354
data/ravdess/audio/Actor_14/03-01-01-01-01-01-14.wav,03-01-01-01-01-01-14.wav,14,train,0,neutral,3,sad,0.26665404438972473
data/ravdess/audio/Actor_14/03-01-01-01-01-02-14.wav,03-01-01-01-01-02-14.wav,14,train,0,neutral,1,calm,0.3282197117805481
data/ravdess/audio/Actor_14/03-01-01-01-02-01-14.wav,03-01-01-01-02-01-14.wav,14,train,0,neutral,1,calm,0.2606697082519531
data/ravdess/audio/Actor_14/03-01-01-01-02-02-14.wav,03-01-01-01-02-02-14.wav,14,train,0,neutral,3,sad,0.25512242317199707
data/ravdess/audio/Actor_14/03-01-02-01-01-01-14.wav,03-01-02-01-01-01-14.wav,14,train,1,calm,1,calm,0.2867446541786194
data/ravdess/audio/Actor_14/03-01-02-01-01-02-14.wav,03-01-02-01-01-02-14.wav,14,train,1,calm,1,calm,0.36417728662490845
data/ravdess/audio/Actor_14/03-01-02-01-02-01-14.wav,03-01-02-01-02-01-14.wav,14,train,1,calm,3,sad,0.2700335681438446
data/ravdess/audio/Actor_14/03-01-02-01-02-02-14.wav,03-01-02-01-02-02-14.wav,14,train,1,calm,1,calm,0.31260228157043457
data/ravdess/audio/Actor_14/03-01-02-02-01-01-14.wav,03-01-02-02-01-01-14.wav,14,train,1,calm,1,calm,0.4265217185020447
data/ravdess/audio/Actor_14/03-01-02-02-01-02-14.wav,03-01-02-02-01-02-14.wav,14,train,1,calm,3,sad,0.2943723201751709
data/ravdess/audio/Actor_14/03-01-02-02-02-01-14.wav,03-01-02-02-02-01-14.wav,14,train,1,calm,1,calm,0.3444348871707916
data/ravdess/audio/Actor_14/03-01-02-02-02-02-14.wav,03-01-02-02-02-02-14.wav,14,train,1,calm,1,calm,0.40716761350631714
data/ravdess/audio/Actor_14/03-01-03-01-01-01-14.wav,03-01-03-01-01-01-14.wav,14,train,2,happy,2,happy,0.3452000021934509
data/ravdess/audio/Actor_14/03-01-03-01-01-02-14.wav,03-01-03-01-01-02-14.wav,14,train,2,happy,5,fearful,0.3261924982070923
data/ravdess/audio/Actor_14/03-01-03-01-02-01-14.wav,03-01-03-01-02-01-14.wav,14,train,2,happy,7,surprised,0.30957239866256714
data/ravdess/audio/Actor_14/03-01-03-01-02-02-14.wav,03-01-03-01-02-02-14.wav,14,train,2,happy,7,surprised,0.30640459060668945
data/ravdess/audio/Actor_14/03-01-03-02-01-01-14.wav,03-01-03-02-01-01-14.wav,14,train,2,happy,2,happy,0.49287545680999756
data/ravdess/audio/Actor_14/03-01-03-02-01-02-14.wav,03-01-03-02-01-02-14.wav,14,train,2,happy,5,fearful,0.3764769434928894
data/ravdess/audio/Actor_14/03-01-03-02-02-01-14.wav,03-01-03-02-02-01-14.wav,14,train,2,happy,2,happy,0.5365410447120667
data/ravdess/audio/Actor_14/03-01-03-02-02-02-14.wav,03-01-03-02-02-02-14.wav,14,train,2,happy,2,happy,0.48128312826156616
data/ravdess/audio/Actor_14/03-01-04-01-01-01-14.wav,03-01-04-01-01-01-14.wav,14,train,3,sad,3,sad,0.2356225848197937
data/ravdess/audio/Actor_14/03-01-04-01-01-02-14.wav,03-01-04-01-01-02-14.wav,14,train,3,sad,3,sad,0.24588394165039062
data/ravdess/audio/Actor_14/03-01-04-01-02-01-14.wav,03-01-04-01-02-01-14.wav,14,train,3,sad,3,sad,0.25898122787475586
data/ravdess/audio/Actor_14/03-01-04-01-02-02-14.wav,03-01-04-01-02-02-14.wav,14,train,3,sad,3,sad,0.24772202968597412
data/ravdess/audio/Actor_14/03-01-04-02-01-01-14.wav,03-01-04-02-01-01-14.wav,14,train,3,sad,7,surprised,0.2937879264354706
data/ravdess/audio/Actor_14/03-01-04-02-01-02-14.wav,03-01-04-02-01-02-14.wav,14,train,3,sad,7,surprised,0.2854926884174347
data/ravdess/audio/Actor_14/03-01-04-02-02-01-14.wav,03-01-04-02-02-01-14.wav,14,train,3,sad,7,surprised,0.3452887535095215
data/ravdess/audio/Actor_14/03-01-04-02-02-02-14.wav,03-01-04-02-02-02-14.wav,14,train,3,sad,7,surprised,0.3240879774093628
data/ravdess/audio/Actor_14/03-01-05-01-01-01-14.wav,03-01-05-01-01-01-14.wav,14,train,4,angry,7,surprised,0.3345329761505127
data/ravdess/audio/Actor_14/03-01-05-01-01-02-14.wav,03-01-05-01-01-02-14.wav,14,train,4,angry,7,surprised,0.3980492949485779
data/ravdess/audio/Actor_14/03-01-05-01-02-01-14.wav,03-01-05-01-02-01-14.wav,14,train,4,angry,7,surprised,0.38100746273994446
data/ravdess/audio/Actor_14/03-01-05-01-02-02-14.wav,03-01-05-01-02-02-14.wav,14,train,4,angry,7,surprised,0.40710505843162537
data/ravdess/audio/Actor_14/03-01-05-02-01-01-14.wav,03-01-05-02-01-01-14.wav,14,train,4,angry,4,angry,0.946182906627655
data/ravdess/audio/Actor_14/03-01-05-02-01-02-14.wav,03-01-05-02-01-02-14.wav,14,train,4,angry,4,angry,0.9240041971206665
data/ravdess/audio/Actor_14/03-01-05-02-02-01-14.wav,03-01-05-02-02-01-14.wav,14,train,4,angry,4,angry,0.6833544969558716
data/ravdess/audio/Actor_14/03-01-05-02-02-02-14.wav,03-01-05-02-02-02-14.wav,14,train,4,angry,4,angry,0.6894355416297913
data/ravdess/audio/Actor_14/03-01-06-01-01-01-14.wav,03-01-06-01-01-01-14.wav,14,train,5,fearful,3,sad,0.25022614002227783
data/ravdess/audio/Actor_14/03-01-06-01-01-02-14.wav,03-01-06-01-01-02-14.wav,14,train,5,fearful,6,disgust,0.22740434110164642
data/ravdess/audio/Actor_14/03-01-06-01-02-01-14.wav,03-01-06-01-02-01-14.wav,14,train,5,fearful,6,disgust,0.24592840671539307
data/ravdess/audio/Actor_14/03-01-06-01-02-02-14.wav,03-01-06-01-02-02-14.wav,14,train,5,fearful,7,surprised,0.262300968170166
data/ravdess/audio/Actor_14/03-01-06-02-01-01-14.wav,03-01-06-02-01-01-14.wav,14,train,5,fearful,4,angry,0.5475905537605286
data/ravdess/audio/Actor_14/03-01-06-02-01-02-14.wav,03-01-06-02-01-02-14.wav,14,train,5,fearful,2,happy,0.468254029750824
data/ravdess/audio/Actor_14/03-01-06-02-02-01-14.wav,03-01-06-02-02-01-14.wav,14,train,5,fearful,5,fearful,0.334830641746521
data/ravdess/audio/Actor_14/03-01-06-02-02-02-14.wav,03-01-06-02-02-02-14.wav,14,train,5,fearful,5,fearful,0.33326685428619385
data/ravdess/audio/Actor_14/03-01-07-01-01-01-14.wav,03-01-07-01-01-01-14.wav,14,train,6,disgust,7,surprised,0.2979060709476471
data/ravdess/audio/Actor_14/03-01-07-01-01-02-14.wav,03-01-07-01-01-02-14.wav,14,train,6,disgust,0,neutral,0.23119784891605377
data/ravdess/audio/Actor_14/03-01-07-01-02-01-14.wav,03-01-07-01-02-01-14.wav,14,train,6,disgust,6,disgust,0.34820470213890076
data/ravdess/audio/Actor_14/03-01-07-01-02-02-14.wav,03-01-07-01-02-02-14.wav,14,train,6,disgust,7,surprised,0.35605576634407043
data/ravdess/audio/Actor_14/03-01-07-02-01-01-14.wav,03-01-07-02-01-01-14.wav,14,train,6,disgust,7,surprised,0.3891269862651825
data/ravdess/audio/Actor_14/03-01-07-02-01-02-14.wav,03-01-07-02-01-02-14.wav,14,train,6,disgust,6,disgust,0.30163252353668213
data/ravdess/audio/Actor_14/03-01-07-02-02-01-14.wav,03-01-07-02-02-01-14.wav,14,train,6,disgust,6,disgust,0.3791922330856323
data/ravdess/audio/Actor_14/03-01-07-02-02-02-14.wav,03-01-07-02-02-02-14.wav,14,train,6,disgust,7,surprised,0.3232955038547516
data/ravdess/audio/Actor_14/03-01-08-01-01-01-14.wav,03-01-08-01-01-01-14.wav,14,train,7,surprised,7,surprised,0.26902177929878235
data/ravdess/audio/Actor_14/03-01-08-01-01-02-14.wav,03-01-08-01-01-02-14.wav,14,train,7,surprised,7,surprised,0.27180105447769165
data/ravdess/audio/Actor_14/03-01-08-01-02-01-14.wav,03-01-08-01-02-01-14.wav,14,train,7,surprised,3,sad,0.24914510548114777
data/ravdess/audio/Actor_14/03-01-08-01-02-02-14.wav,03-01-08-01-02-02-14.wav,14,train,7,surprised,7,surprised,0.262413889169693
data/ravdess/audio/Actor_14/03-01-08-02-01-01-14.wav,03-01-08-02-01-01-14.wav,14,train,7,surprised,7,surprised,0.3116503953933716
data/ravdess/audio/Actor_14/03-01-08-02-01-02-14.wav,03-01-08-02-01-02-14.wav,14,train,7,surprised,7,surprised,0.41491076350212097
data/ravdess/audio/Actor_14/03-01-08-02-02-01-14.wav,03-01-08-02-02-01-14.wav,14,train,7,surprised,7,surprised,0.3305121660232544
data/ravdess/audio/Actor_14/03-01-08-02-02-02-14.wav,03-01-08-02-02-02-14.wav,14,train,7,surprised,7,surprised,0.2893087863922119
data/ravdess/audio/Actor_15/03-01-01-01-01-01-15.wav,03-01-01-01-01-01-15.wav,15,train,0,neutral,0,neutral,0.219309002161026
data/ravdess/audio/Actor_15/03-01-01-01-01-02-15.wav,03-01-01-01-01-02-15.wav,15,train,0,neutral,0,neutral,0.25472700595855713
data/ravdess/audio/Actor_15/03-01-01-01-02-01-15.wav,03-01-01-01-02-01-15.wav,15,train,0,neutral,0,neutral,0.25392651557922363
data/ravdess/audio/Actor_15/03-01-01-01-02-02-15.wav,03-01-01-01-02-02-15.wav,15,train,0,neutral,0,neutral,0.2535397708415985
data/ravdess/audio/Actor_15/03-01-02-01-01-01-15.wav,03-01-02-01-01-01-15.wav,15,train,1,calm,0,neutral,0.2641882002353668
data/ravdess/audio/Actor_15/03-01-02-01-01-02-15.wav,03-01-02-01-01-02-15.wav,15,train,1,calm,6,disgust,0.2370498925447464
data/ravdess/audio/Actor_15/03-01-02-01-02-01-15.wav,03-01-02-01-02-01-15.wav,15,train,1,calm,0,neutral,0.2608988881111145
data/ravdess/audio/Actor_15/03-01-02-01-02-02-15.wav,03-01-02-01-02-02-15.wav,15,train,1,calm,0,neutral,0.24382799863815308
data/ravdess/audio/Actor_15/03-01-02-02-01-01-15.wav,03-01-02-02-01-01-15.wav,15,train,1,calm,0,neutral,0.25724002718925476
data/ravdess/audio/Actor_15/03-01-02-02-01-02-15.wav,03-01-02-02-01-02-15.wav,15,train,1,calm,0,neutral,0.2526248097419739
data/ravdess/audio/Actor_15/03-01-02-02-02-01-15.wav,03-01-02-02-02-01-15.wav,15,train,1,calm,6,disgust,0.24948355555534363
data/ravdess/audio/Actor_15/03-01-02-02-02-02-15.wav,03-01-02-02-02-02-15.wav,15,train,1,calm,1,calm,0.2848362922668457
data/ravdess/audio/Actor_15/03-01-03-01-01-01-15.wav,03-01-03-01-01-01-15.wav,15,train,2,happy,7,surprised,0.27807289361953735
data/ravdess/audio/Actor_15/03-01-03-01-01-02-15.wav,03-01-03-01-01-02-15.wav,15,train,2,happy,7,surprised,0.30979302525520325
data/ravdess/audio/Actor_15/03-01-03-01-02-01-15.wav,03-01-03-01-02-01-15.wav,15,train,2,happy,0,neutral,0.23264269530773163
data/ravdess/audio/Actor_15/03-01-03-01-02-02-15.wav,03-01-03-01-02-02-15.wav,15,train,2,happy,7,surprised,0.27123549580574036
data/ravdess/audio/Actor_15/03-01-03-02-01-01-15.wav,03-01-03-02-01-01-15.wav,15,train,2,happy,2,happy,0.39316603541374207
data/ravdess/audio/Actor_15/03-01-03-02-01-02-15.wav,03-01-03-02-01-02-15.wav,15,train,2,happy,2,happy,0.46535012125968933
data/ravdess/audio/Actor_15/03-01-03-02-02-01-15.wav,03-01-03-02-02-01-15.wav,15,train,2,happy,4,angry,0.3500703275203705
data/ravdess/audio/Actor_15/03-01-03-02-02-02-15.wav,03-01-03-02-02-02-15.wav,15,train,2,happy,7,surprised,0.3238767683506012
data/ravdess/audio/Actor_15/03-01-04-01-01-01-15.wav,03-01-04-01-01-01-15.wav,15,train,3,sad,7,surprised,0.22207550704479218
data/ravdess/audio/Actor_15/03-01-04-01-01-02-15.wav,03-01-04-01-01-02-15.wav,15,train,3,sad,0,neutral,0.2972556948661804
data/ravdess/audio/Actor_15/03-01-04-01-02-01-15.wav,03-01-04-01-02-01-15.wav,15,train,3,sad,0,neutral,0.22464877367019653
data/ravdess/audio/Actor_15/03-01-04-01-02-02-15.wav,03-01-04-01-02-02-15.wav,15,train,3,sad,0,neutral,0.23209847509860992
data/ravdess/audio/Actor_15/03-01-04-02-01-01-15.wav,03-01-04-02-01-01-15.wav,15,train,3,sad,3,sad,0.20543387532234192
data/ravdess/audio/Actor_15/03-01-04-02-01-02-15.wav,03-01-04-02-01-02-15.wav,15,train,3,sad,7,surprised,0.220467671751976
data/ravdess/audio/Actor_15/03-01-04-02-02-01-15.wav,03-01-04-02-02-01-15.wav,15,train,3,sad,7,surprised,0.2773429751396179
data/ravdess/audio/Actor_15/03-01-04-02-02-02-15.wav,03-01-04-02-02-02-15.wav,15,train,3,sad,7,surprised,0.2550407648086548
data/ravdess/audio/Actor_15/03-01-05-01-01-01-15.wav,03-01-05-01-01-01-15.wav,15,train,4,angry,2,happy,0.30922967195510864
data/ravdess/audio/Actor_15/03-01-05-01-01-02-15.wav,03-01-05-01-01-02-15.wav,15,train,4,angry,7,surprised,0.3141450583934784
data/ravdess/audio/Actor_15/03-01-05-01-02-01-15.wav,03-01-05-01-02-01-15.wav,15,train,4,angry,4,angry,0.26907119154930115
data/ravdess/audio/Actor_15/03-01-05-01-02-02-15.wav,03-01-05-01-02-02-15.wav,15,train,4,angry,4,angry,0.6491295099258423
data/ravdess/audio/Actor_15/03-01-05-02-01-01-15.wav,03-01-05-02-01-01-15.wav,15,train,4,angry,4,angry,0.788642406463623
data/ravdess/audio/Actor_15/03-01-05-02-01-02-15.wav,03-01-05-02-01-02-15.wav,15,train,4,angry,4,angry,0.3868219554424286
data/ravdess/audio/Actor_15/03-01-05-02-02-01-15.wav,03-01-05-02-02-01-15.wav,15,train,4,angry,4,angry,0.6660881638526917
data/ravdess/audio/Actor_15/03-01-05-02-02-02-15.wav,03-01-05-02-02-02-15.wav,15,train,4,angry,4,angry,0.9347859025001526
data/ravdess/audio/Actor_15/03-01-06-01-01-01-15.wav,03-01-06-01-01-01-15.wav,15,train,5,fearful,6,disgust,0.22403360903263092
data/ravdess/audio/Actor_15/03-01-06-01-01-02-15.wav,03-01-06-01-01-02-15.wav,15,train,5,fearful,7,surprised,0.2575208842754364
data/ravdess/audio/Actor_15/03-01-06-01-02-01-15.wav,03-01-06-01-02-01-15.wav,15,train,5,fearful,6,disgust,0.3563246726989746
data/ravdess/audio/Actor_15/03-01-06-01-02-02-15.wav,03-01-06-01-02-02-15.wav,15,train,5,fearful,6,disgust,0.36368221044540405
data/ravdess/audio/Actor_15/03-01-06-02-01-01-15.wav,03-01-06-02-01-01-15.wav,15,train,5,fearful,2,happy,0.2840906083583832
data/ravdess/audio/Actor_15/03-01-06-02-01-02-15.wav,03-01-06-02-01-02-15.wav,15,train,5,fearful,7,surprised,0.3064348101615906
data/ravdess/audio/Actor_15/03-01-06-02-02-01-15.wav,03-01-06-02-02-01-15.wav,15,train,5,fearful,7,surprised,0.2905663549900055
data/ravdess/audio/Actor_15/03-01-06-02-02-02-15.wav,03-01-06-02-02-02-15.wav,15,train,5,fearful,2,happy,0.3458392024040222
data/ravdess/audio/Actor_15/03-01-07-01-01-01-15.wav,03-01-07-01-01-01-15.wav,15,train,6,disgust,6,disgust,0.3207050561904907
data/ravdess/audio/Actor_15/03-01-07-01-01-02-15.wav,03-01-07-01-01-02-15.wav,15,train,6,disgust,6,disgust,0.26053324341773987
data/ravdess/audio/Actor_15/03-01-07-01-02-01-15.wav,03-01-07-01-02-01-15.wav,15,train,6,disgust,6,disgust,0.2606051564216614
data/ravdess/audio/Actor_15/03-01-07-01-02-02-15.wav,03-01-07-01-02-02-15.wav,15,train,6,disgust,6,disgust,0.28031182289123535
data/ravdess/audio/Actor_15/03-01-07-02-01-01-15.wav,03-01-07-02-01-01-15.wav,15,train,6,disgust,7,surprised,0.32787707448005676
data/ravdess/audio/Actor_15/03-01-07-02-01-02-15.wav,03-01-07-02-01-02-15.wav,15,train,6,disgust,7,surprised,0.3189900517463684
data/ravdess/audio/Actor_15/03-01-07-02-02-01-15.wav,03-01-07-02-02-01-15.wav,15,train,6,disgust,7,surprised,0.2941196858882904
data/ravdess/audio/Actor_15/03-01-07-02-02-02-15.wav,03-01-07-02-02-02-15.wav,15,train,6,disgust,6,disgust,0.3160877823829651
data/ravdess/audio/Actor_15/03-01-08-01-01-01-15.wav,03-01-08-01-01-01-15.wav,15,train,7,surprised,6,disgust,0.22994719445705414
data/ravdess/audio/Actor_15/03-01-08-01-01-02-15.wav,03-01-08-01-01-02-15.wav,15,train,7,surprised,7,surprised,0.344535768032074
data/ravdess/audio/Actor_15/03-01-08-01-02-01-15.wav,03-01-08-01-02-01-15.wav,15,train,7,surprised,6,disgust,0.28351250290870667
data/ravdess/audio/Actor_15/03-01-08-01-02-02-15.wav,03-01-08-01-02-02-15.wav,15,train,7,surprised,7,surprised,0.29925337433815
data/ravdess/audio/Actor_15/03-01-08-02-01-01-15.wav,03-01-08-02-01-01-15.wav,15,train,7,surprised,2,happy,0.32549193501472473
data/ravdess/audio/Actor_15/03-01-08-02-01-02-15.wav,03-01-08-02-01-02-15.wav,15,train,7,surprised,7,surprised,0.31924936175346375
data/ravdess/audio/Actor_15/03-01-08-02-02-01-15.wav,03-01-08-02-02-01-15.wav,15,train,7,surprised,7,surprised,0.32361480593681335
data/ravdess/audio/Actor_15/03-01-08-02-02-02-15.wav,03-01-08-02-02-02-15.wav,15,train,7,surprised,7,surprised,0.2927517294883728
data/ravdess/audio/Actor_16/03-01-01-01-01-01-16.wav,03-01-01-01-01-01-16.wav,16,train,0,neutral,0,neutral,0.25138163566589355
data/ravdess/audio/Actor_16/03-01-01-01-01-02-16.wav,03-01-01-01-01-02-16.wav,16,train,0,neutral,0,neutral,0.26256823539733887
data/ravdess/audio/Actor_16/03-01-01-01-02-01-16.wav,03-01-01-01-02-01-16.wav,16,train,0,neutral,6,disgust,0.3266686499118805
data/ravdess/audio/Actor_16/03-01-01-01-02-02-16.wav,03-01-01-01-02-02-16.wav,16,train,0,neutral,0,neutral,0.2507791221141815
data/ravdess/audio/Actor_16/03-01-02-01-01-01-16.wav,03-01-02-01-01-01-16.wav,16,train,1,calm,1,calm,0.3059355318546295
data/ravdess/audio/Actor_16/03-01-02-01-01-02-16.wav,03-01-02-01-01-02-16.wav,16,train,1,calm,0,neutral,0.22886422276496887
data/ravdess/audio/Actor_16/03-01-02-01-02-01-16.wav,03-01-02-01-02-01-16.wav,16,train,1,calm,1,calm,0.25770285725593567
data/ravdess/audio/Actor_16/03-01-02-01-02-02-16.wav,03-01-02-01-02-02-16.wav,16,train,1,calm,6,disgust,0.37749868631362915
data/ravdess/audio/Actor_16/03-01-02-02-01-01-16.wav,03-01-02-02-01-01-16.wav,16,train,1,calm,6,disgust,0.28951361775398254
data/ravdess/audio/Actor_16/03-01-02-02-01-02-16.wav,03-01-02-02-01-02-16.wav,16,train,1,calm,6,disgust,0.30591240525245667
data/ravdess/audio/Actor_16/03-01-02-02-02-01-16.wav,03-01-02-02-02-01-16.wav,16,train,1,calm,1,calm,0.2991461157798767
data/ravdess/audio/Actor_16/03-01-02-02-02-02-16.wav,03-01-02-02-02-02-16.wav,16,train,1,calm,6,disgust,0.29804205894470215
data/ravdess/audio/Actor_16/03-01-03-01-01-01-16.wav,03-01-03-01-01-01-16.wav,16,train,2,happy,7,surprised,0.2759842276573181
data/ravdess/audio/Actor_16/03-01-03-01-01-02-16.wav,03-01-03-01-01-02-16.wav,16,train,2,happy,7,surprised,0.39993321895599365
data/ravdess/audio/Actor_16/03-01-03-01-02-01-16.wav,03-01-03-01-02-01-16.wav,16,train,2,happy,6,disgust,0.3063351511955261
data/ravdess/audio/Actor_16/03-01-03-01-02-02-16.wav,03-01-03-01-02-02-16.wav,16,train,2,happy,6,disgust,0.28177934885025024
data/ravdess/audio/Actor_16/03-01-03-02-01-01-16.wav,03-01-03-02-01-01-16.wav,16,train,2,happy,7,surprised,0.40185272693634033
data/ravdess/audio/Actor_16/03-01-03-02-01-02-16.wav,03-01-03-02-01-02-16.wav,16,train,2,happy,2,happy,0.3057040274143219
data/ravdess/audio/Actor_16/03-01-03-02-02-01-16.wav,03-01-03-02-02-01-16.wav,16,train,2,happy,7,surprised,0.4030285179615021
data/ravdess/audio/Actor_16/03-01-03-02-02-02-16.wav,03-01-03-02-02-02-16.wav,16,train,2,happy,7,surprised,0.3365494906902313
data/ravdess/audio/Actor_16/03-01-04-01-01-01-16.wav,03-01-04-01-01-01-16.wav,16,train,3,sad,6,disgust,0.2333529144525528
data/ravdess/audio/Actor_16/03-01-04-01-01-02-16.wav,03-01-04-01-01-02-16.wav,16,train,3,sad,6,disgust,0.21951059997081757
data/ravdess/audio/Actor_16/03-01-04-01-02-01-16.wav,03-01-04-01-02-01-16.wav,16,train,3,sad,0,neutral,0.23651142418384552
data/ravdess/audio/Actor_16/03-01-04-01-02-02-16.wav,03-01-04-01-02-02-16.wav,16,train,3,sad,1,calm,0.3027154803276062
data/ravdess/audio/Actor_16/03-01-04-02-01-01-16.wav,03-01-04-02-01-01-16.wav,16,train,3,sad,7,surprised,0.24055582284927368
data/ravdess/audio/Actor_16/03-01-04-02-01-02-16.wav,03-01-04-02-01-02-16.wav,16,train,3,sad,7,surprised,0.27588745951652527
data/ravdess/audio/Actor_16/03-01-04-02-02-01-16.wav,03-01-04-02-02-01-16.wav,16,train,3,sad,7,surprised,0.31938984990119934
data/ravdess/audio/Actor_16/03-01-04-02-02-02-16.wav,03-01-04-02-02-02-16.wav,16,train,3,sad,7,surprised,0.30158597230911255
data/ravdess/audio/Actor_16/03-01-05-01-01-01-16.wav,03-01-05-01-01-01-16.wav,16,train,4,angry,4,angry,0.5485559105873108
data/ravdess/audio/Actor_16/03-01-05-01-01-02-16.wav,03-01-05-01-01-02-16.wav,16,train,4,angry,4,angry,0.47910815477371216
data/ravdess/audio/Actor_16/03-01-05-01-02-01-16.wav,03-01-05-01-02-01-16.wav,16,train,4,angry,4,angry,0.27361372113227844
data/ravdess/audio/Actor_16/03-01-05-01-02-02-16.wav,03-01-05-01-02-02-16.wav,16,train,4,angry,4,angry,0.6838277578353882
data/ravdess/audio/Actor_16/03-01-05-02-01-01-16.wav,03-01-05-02-01-01-16.wav,16,train,4,angry,4,angry,0.8380796909332275
data/ravdess/audio/Actor_16/03-01-05-02-01-02-16.wav,03-01-05-02-01-02-16.wav,16,train,4,angry,4,angry,0.8019574284553528
data/ravdess/audio/Actor_16/03-01-05-02-02-01-16.wav,03-01-05-02-02-01-16.wav,16,train,4,angry,4,angry,0.9417872428894043
data/ravdess/audio/Actor_16/03-01-05-02-02-02-16.wav,03-01-05-02-02-02-16.wav,16,train,4,angry,4,angry,0.8970525860786438
data/ravdess/audio/Actor_16/03-01-06-01-01-01-16.wav,03-01-06-01-01-01-16.wav,16,train,5,fearful,7,surprised,0.3200353682041168
data/ravdess/audio/Actor_16/03-01-06-01-01-02-16.wav,03-01-06-01-01-02-16.wav,16,train,5,fearful,7,surprised,0.28363215923309326
data/ravdess/audio/Actor_16/03-01-06-01-02-01-16.wav,03-01-06-01-02-01-16.wav,16,train,5,fearful,6,disgust,0.312837153673172
data/ravdess/audio/Actor_16/03-01-06-01-02-02-16.wav,03-01-06-01-02-02-16.wav,16,train,5,fearful,7,surprised,0.3177313506603241
data/ravdess/audio/Actor_16/03-01-06-02-01-01-16.wav,03-01-06-02-01-01-16.wav,16,train,5,fearful,5,fearful,0.4656529128551483
data/ravdess/audio/Actor_16/03-01-06-02-01-02-16.wav,03-01-06-02-01-02-16.wav,16,train,5,fearful,5,fearful,0.567997395992279
data/ravdess/audio/Actor_16/03-01-06-02-02-01-16.wav,03-01-06-02-02-01-16.wav,16,train,5,fearful,5,fearful,0.5786292552947998
data/ravdess/audio/Actor_16/03-01-06-02-02-02-16.wav,03-01-06-02-02-02-16.wav,16,train,5,fearful,5,fearful,0.48348215222358704
data/ravdess/audio/Actor_16/03-01-07-01-01-01-16.wav,03-01-07-01-01-01-16.wav,16,train,6,disgust,6,disgust,0.42298954725265503
data/ravdess/audio/Actor_16/03-01-07-01-01-02-16.wav,03-01-07-01-01-02-16.wav,16,train,6,disgust,6,disgust,0.5043227672576904
data/ravdess/audio/Actor_16/03-01-07-01-02-01-16.wav,03-01-07-01-02-01-16.wav,16,train,6,disgust,6,disgust,0.4147624969482422
data/ravdess/audio/Actor_16/03-01-07-01-02-02-16.wav,03-01-07-01-02-02-16.wav,16,train,6,disgust,6,disgust,0.3209601938724518
data/ravdess/audio/Actor_16/03-01-07-02-01-01-16.wav,03-01-07-02-01-01-16.wav,16,train,6,disgust,6,disgust,0.5091342329978943
data/ravdess/audio/Actor_16/03-01-07-02-01-02-16.wav,03-01-07-02-01-02-16.wav,16,train,6,disgust,6,disgust,0.4581843316555023
data/ravdess/audio/Actor_16/03-01-07-02-02-01-16.wav,03-01-07-02-02-01-16.wav,16,train,6,disgust,6,disgust,0.453762024641037
data/ravdess/audio/Actor_16/03-01-07-02-02-02-16.wav,03-01-07-02-02-02-16.wav,16,train,6,disgust,6,disgust,0.44385525584220886
data/ravdess/audio/Actor_16/03-01-08-01-01-01-16.wav,03-01-08-01-01-01-16.wav,16,train,7,surprised,7,surprised,0.3426131010055542
data/ravdess/audio/Actor_16/03-01-08-01-01-02-16.wav,03-01-08-01-01-02-16.wav,16,train,7,surprised,7,surprised,0.4019184410572052
data/ravdess/audio/Actor_16/03-01-08-01-02-01-16.wav,03-01-08-01-02-01-16.wav,16,train,7,surprised,7,surprised,0.4346504807472229
data/ravdess/audio/Actor_16/03-01-08-01-02-02-16.wav,03-01-08-01-02-02-16.wav,16,train,7,surprised,7,surprised,0.38732606172561646
data/ravdess/audio/Actor_16/03-01-08-02-01-01-16.wav,03-01-08-02-01-01-16.wav,16,train,7,surprised,7,surprised,0.3956111967563629
data/ravdess/audio/Actor_16/03-01-08-02-01-02-16.wav,03-01-08-02-01-02-16.wav,16,train,7,surprised,7,surprised,0.43917304277420044
data/ravdess/audio/Actor_16/03-01-08-02-02-01-16.wav,03-01-08-02-02-01-16.wav,16,train,7,surprised,7,surprised,0.37787172198295593
data/ravdess/audio/Actor_16/03-01-08-02-02-02-16.wav,03-01-08-02-02-02-16.wav,16,train,7,surprised,7,surprised,0.3850802481174469
