filepath,filename,actor_id,split,true_label,true_emotion,predicted_label,predicted_emotion,confidence
/Users/prarthanapatel/Desktop/Himanshi/speech_emotion_detection-develop-v2/ravdess_preprocessed/audio/Actor_01/03-01-01-01-01-01-01.wav,03-01-01-01-01-01-01.wav,1,train,0,neutral,0,neutral,0.9531994462013245
/Users/prarthanapatel/Desktop/Himanshi/speech_emotion_detection-develop-v2/ravdess_preprocessed/audio/Actor_01/03-01-01-01-01-02-01.wav,03-01-01-01-01-02-01.wav,1,train,0,neutral,0,neutral,0.9512511491775513
/Users/prarthanapatel/Desktop/Himanshi/speech_emotion_detection-develop-v2/ravdess_preprocessed/audio/Actor_01/03-01-01-01-02-01-01.wav,03-01-01-01-02-01-01.wav,1,train,0,neutral,0,neutral,0.9530251026153564
/Users/prarthanapatel/Desktop/Himanshi/speech_emotion_detection-develop-v2/ravdess_preprocessed/audio/Actor_01/03-01-01-01-02-02-01.wav,03-01-01-01-02-02-01.wav,1,train,0,neutral,0,neutral,0.9508389234542847
/Users/prarthanapatel/Desktop/Himanshi/speech_emotion_detection-develop-v2/ravdess_preprocessed/audio/Actor_01/03-01-02-01-01-01-01.wav,03-01-02-01-01-01-01.wav,1,train,1,calm,1,calm,0.9555453062057495
/Users/prarthanapatel/Desktop/Himanshi/speech_emotion_detection-develop-v2/ravdess_preprocessed/audio/Actor_01/03-01-02-01-01-02-01.wav,03-01-02-01-01-02-01.wav,1,train,1,calm,1,calm,0.970829427242279
/Users/prarthanapatel/Desktop/Himanshi/speech_emotion_detection-develop-v2/ravdess_preprocessed/audio/Actor_01/03-01-02-01-02-01-01.wav,03-01-02-01-02-01-01.wav,1,train,1,calm,1,calm,0.9673995971679688
/Users/prarthanapatel/Desktop/Himanshi/speech_emotion_detection-develop-v2/ravdess_preprocessed/audio/Actor_01/03-01-02-01-02-02-01.wav,03-01-02-01-02-02-01.wav,1,train,1,calm,1,calm,0.9656305313110352
/Users/prarthanapatel/Desktop/Himanshi/speech_emotion_detection-develop-v2/ravdess_preprocessed/audio/Actor_01/03-01-02-02-01-01-01.wav,03-01-02-02-01-01-01.wav,1,train,1,calm,1,calm,0.9736847877502441
/Users/prarthanapatel/Desktop/Himanshi/speech_emotion_detection-develop-v2/ravdess_preprocessed/audio/Actor_01/03-01-02-02-01-02-01.wav,03-01-02-02-01-02-01.wav,1,train,1,calm,1,calm,0.9737487435340881
/Users/prarthanapatel/Desktop/Himanshi/speech_emotion_detection-develop-v2/ravdess_preprocessed/audio/Actor_01/03-01-02-02-02-01-01.wav,03-01-02-02-02-01-01.wav,1,train,1,calm,1,calm,0.9711872935295105
/Users/prarthanapatel/Desktop/Himanshi/speech_emotion_detection-develop-v2/ravdess_preprocessed/audio/Actor_01/03-01-02-02-02-02-01.wav,03-01-02-02-02-02-01.wav,1,train,1,calm,1,calm,0.9722198843955994
/Users/prarthanapatel/Desktop/Himanshi/speech_emotion_detection-develop-v2/ravdess_preprocessed/audio/Actor_01/03-01-03-01-01-01-01.wav,03-01-03-01-01-01-01.wav,1,train,2,happy,2,happy,0.9652400612831116
/Users/prarthanapatel/Desktop/Himanshi/speech_emotion_detection-develop-v2/ravdess_preprocessed/audio/Actor_01/03-01-03-01-01-02-01.wav,03-01-03-01-01-02-01.wav,1,train,2,happy,2,happy,0.9679260849952698
/Users/prarthanapatel/Desktop/Himanshi/speech_emotion_detection-develop-v2/ravdess_preprocessed/audio/Actor_01/03-01-03-01-02-01-01.wav,03-01-03-01-02-01-01.wav,1,train,2,happy,2,happy,0.9566780924797058
/Users/prarthanapatel/Desktop/Himanshi/speech_emotion_detection-develop-v2/ravdess_preprocessed/audio/Actor_01/03-01-03-01-02-02-01.wav,03-01-03-01-02-02-01.wav,1,train,2,happy,2,happy,0.9563731551170349
/Users/prarthanapatel/Desktop/Himanshi/speech_emotion_detection-develop-v2/ravdess_preprocessed/audio/Actor_01/03-01-03-02-01-01-01.wav,03-01-03-02-01-01-01.wav,1,train,2,happy,2,happy,0.968898594379425
/Users/prarthanapatel/Desktop/Himanshi/speech_emotion_detection-develop-v2/ravdess_preprocessed/audio/Actor_01/03-01-03-02-01-02-01.wav,03-01-03-02-01-02-01.wav,1,train,2,happy,2,happy,0.9705958962440491
/Users/prarthanapatel/Desktop/Himanshi/speech_emotion_detection-develop-v2/ravdess_preprocessed/audio/Actor_01/03-01-03-02-02-01-01.wav,03-01-03-02-02-01-01.wav,1,train,2,happy,2,happy,0.9703757166862488
/Users/prarthanapatel/Desktop/Himanshi/speech_emotion_detection-develop-v2/ravdess_preprocessed/audio/Actor_01/03-01-03-02-02-02-01.wav,03-01-03-02-02-02-01.wav,1,train,2,happy,2,happy,0.9704738259315491
/Users/prarthanapatel/Desktop/Himanshi/speech_emotion_detection-develop-v2/ravdess_preprocessed/audio/Actor_01/03-01-04-01-01-01-01.wav,03-01-04-01-01-01-01.wav,1,train,3,sad,3,sad,0.9808238744735718
/Users/prarthanapatel/Desktop/Himanshi/speech_emotion_detection-develop-v2/ravdess_preprocessed/audio/Actor_01/03-01-04-01-01-02-01.wav,03-01-04-01-01-02-01.wav,1,train,3,sad,3,sad,0.9806421399116516
/Users/prarthanapatel/Desktop/Himanshi/speech_emotion_detection-develop-v2/ravdess_preprocessed/audio/Actor_01/03-01-04-01-02-01-01.wav,03-01-04-01-02-01-01.wav,1,train,3,sad,3,sad,0.9810572862625122
/Users/prarthanapatel/Desktop/Himanshi/speech_emotion_detection-develop-v2/ravdess_preprocessed/audio/Actor_01/03-01-04-01-02-02-01.wav,03-01-04-01-02-02-01.wav,1,train,3,sad,3,sad,0.9836453199386597
/Users/prarthanapatel/Desktop/Himanshi/speech_emotion_detection-develop-v2/ravdess_preprocessed/audio/Actor_01/03-01-04-02-01-01-01.wav,03-01-04-02-01-01-01.wav,1,train,3,sad,3,sad,0.9826143383979797
/Users/prarthanapatel/Desktop/Himanshi/speech_emotion_detection-develop-v2/ravdess_preprocessed/audio/Actor_01/03-01-04-02-01-02-01.wav,03-01-04-02-01-02-01.wav,1,train,3,sad,3,sad,0.9846169948577881
/Users/prarthanapatel/Desktop/Himanshi/speech_emotion_detection-develop-v2/ravdess_preprocessed/audio/Actor_01/03-01-04-02-02-01-01.wav,03-01-04-02-02-01-01.wav,1,train,3,sad,3,sad,0.9828463196754456
/Users/prarthanapatel/Desktop/Himanshi/speech_emotion_detection-develop-v2/ravdess_preprocessed/audio/Actor_01/03-01-04-02-02-02-01.wav,03-01-04-02-02-02-01.wav,1,train,3,sad,3,sad,0.9824137687683105
/Users/prarthanapatel/Desktop/Himanshi/speech_emotion_detection-develop-v2/ravdess_preprocessed/audio/Actor_01/03-01-05-01-01-01-01.wav,03-01-05-01-01-01-01.wav,1,train,4,angry,4,angry,0.9875489473342896
/Users/prarthanapatel/Desktop/Himanshi/speech_emotion_detection-develop-v2/ravdess_preprocessed/audio/Actor_01/03-01-05-01-01-02-01.wav,03-01-05-01-01-02-01.wav,1,train,4,angry,4,angry,0.9864822626113892
/Users/prarthanapatel/Desktop/Himanshi/speech_emotion_detection-develop-v2/ravdess_preprocessed/audio/Actor_01/03-01-05-01-02-01-01.wav,03-01-05-01-02-01-01.wav,1,train,4,angry,4,angry,0.9855835437774658
/Users/prarthanapatel/Desktop/Himanshi/speech_emotion_detection-develop-v2/ravdess_preprocessed/audio/Actor_01/03-01-05-01-02-02-01.wav,03-01-05-01-02-02-01.wav,1,train,4,angry,4,angry,0.9831474423408508
/Users/prarthanapatel/Desktop/Himanshi/speech_emotion_detection-develop-v2/ravdess_preprocessed/audio/Actor_01/03-01-05-02-01-01-01.wav,03-01-05-02-01-01-01.wav,1,train,4,angry,4,angry,0.9874333739280701
/Users/prarthanapatel/Desktop/Himanshi/speech_emotion_detection-develop-v2/ravdess_preprocessed/audio/Actor_01/03-01-05-02-01-02-01.wav,03-01-05-02-01-02-01.wav,1,train,4,angry,4,angry,0.9884449243545532
/Users/prarthanapatel/Desktop/Himanshi/speech_emotion_detection-develop-v2/ravdess_preprocessed/audio/Actor_01/03-01-05-02-02-01-01.wav,03-01-05-02-02-01-01.wav,1,train,4,angry,4,angry,0.9879235625267029
/Users/prarthanapatel/Desktop/Himanshi/speech_emotion_detection-develop-v2/ravdess_preprocessed/audio/Actor_01/03-01-05-02-02-02-01.wav,03-01-05-02-02-02-01.wav,1,train,4,angry,4,angry,0.9871123433113098
/Users/prarthanapatel/Desktop/Himanshi/speech_emotion_detection-develop-v2/ravdess_preprocessed/audio/Actor_01/03-01-06-01-01-01-01.wav,03-01-06-01-01-01-01.wav,1,train,5,fearful,5,fearful,0.9837498664855957
/Users/prarthanapatel/Desktop/Himanshi/speech_emotion_detection-develop-v2/ravdess_preprocessed/audio/Actor_01/03-01-06-01-01-02-01.wav,03-01-06-01-01-02-01.wav,1,train,5,fearful,5,fearful,0.9845734238624573
/Users/prarthanapatel/Desktop/Himanshi/speech_emotion_detection-develop-v2/ravdess_preprocessed/audio/Actor_01/03-01-06-01-02-01-01.wav,03-01-06-01-02-01-01.wav,1,train,5,fearful,5,fearful,0.9813746809959412
/Users/prarthanapatel/Desktop/Himanshi/speech_emotion_detection-develop-v2/ravdess_preprocessed/audio/Actor_01/03-01-06-01-02-02-01.wav,03-01-06-01-02-02-01.wav,1,train,5,fearful,5,fearful,0.9839105606079102
/Users/prarthanapatel/Desktop/Himanshi/speech_emotion_detection-develop-v2/ravdess_preprocessed/audio/Actor_01/03-01-06-02-01-01-01.wav,03-01-06-02-01-01-01.wav,1,train,5,fearful,5,fearful,0.9876582026481628
/Users/prarthanapatel/Desktop/Himanshi/speech_emotion_detection-develop-v2/ravdess_preprocessed/audio/Actor_01/03-01-06-02-01-02-01.wav,03-01-06-02-01-02-01.wav,1,train,5,fearful,5,fearful,0.9879947304725647
/Users/prarthanapatel/Desktop/Himanshi/speech_emotion_detection-develop-v2/ravdess_preprocessed/audio/Actor_01/03-01-06-02-02-01-01.wav,03-01-06-02-02-01-01.wav,1,train,5,fearful,5,fearful,0.9876062273979187
/Users/prarthanapatel/Desktop/Himanshi/speech_emotion_detection-develop-v2/ravdess_preprocessed/audio/Actor_01/03-01-06-02-02-02-01.wav,03-01-06-02-02-02-01.wav,1,train,5,fearful,5,fearful,0.9880532026290894
/Users/prarthanapatel/Desktop/Himanshi/speech_emotion_detection-develop-v2/ravdess_preprocessed/audio/Actor_01/03-01-07-01-01-01-01.wav,03-01-07-01-01-01-01.wav,1,train,6,disgust,6,disgust,0.9885095953941345
/Users/prarthanapatel/Desktop/Himanshi/speech_emotion_detection-develop-v2/ravdess_preprocessed/audio/Actor_01/03-01-07-01-01-02-01.wav,03-01-07-01-01-02-01.wav,1,train,6,disgust,6,disgust,0.9883987307548523
/Users/prarthanapatel/Desktop/Himanshi/speech_emotion_detection-develop-v2/ravdess_preprocessed/audio/Actor_01/03-01-07-01-02-01-01.wav,03-01-07-01-02-01-01.wav,1,train,6,disgust,6,disgust,0.9871754050254822
/Users/prarthanapatel/Desktop/Himanshi/speech_emotion_detection-develop-v2/ravdess_preprocessed/audio/Actor_01/03-01-07-01-02-02-01.wav,03-01-07-01-02-02-01.wav,1,train,6,disgust,6,disgust,0.9881734251976013
/Users/prarthanapatel/Desktop/Himanshi/speech_emotion_detection-develop-v2/ravdess_preprocessed/audio/Actor_01/03-01-07-02-01-01-01.wav,03-01-07-02-01-01-01.wav,1,train,6,disgust,6,disgust,0.9895191192626953
/Users/prarthanapatel/Desktop/Himanshi/speech_emotion_detection-develop-v2/ravdess_preprocessed/audio/Actor_01/03-01-07-02-01-02-01.wav,03-01-07-02-01-02-01.wav,1,train,6,disgust,6,disgust,0.98876953125
/Users/prarthanapatel/Desktop/Himanshi/speech_emotion_detection-develop-v2/ravdess_preprocessed/audio/Actor_01/03-01-07-02-02-01-01.wav,03-01-07-02-02-01-01.wav,1,train,6,disgust,6,disgust,0.9894070029258728
/Users/prarthanapatel/Desktop/Himanshi/speech_emotion_detection-develop-v2/ravdess_preprocessed/audio/Actor_01/03-01-07-02-02-02-01.wav,03-01-07-02-02-02-01.wav,1,train,6,disgust,6,disgust,0.989093542098999
/Users/prarthanapatel/Desktop/Himanshi/speech_emotion_detection-develop-v2/ravdess_preprocessed/audio/Actor_01/03-01-08-01-01-01-01.wav,03-01-08-01-01-01-01.wav,1,train,7,surprised,7,surprised,0.961811363697052
/Users/prarthanapatel/Desktop/Himanshi/speech_emotion_detection-develop-v2/ravdess_preprocessed/audio/Actor_01/03-01-08-01-01-02-01.wav,03-01-08-01-01-02-01.wav,1,train,7,surprised,7,surprised,0.955762505531311
/Users/prarthanapatel/Desktop/Himanshi/speech_emotion_detection-develop-v2/ravdess_preprocessed/audio/Actor_01/03-01-08-01-02-01-01.wav,03-01-08-01-02-01-01.wav,1,train,7,surprised,7,surprised,0.9563963413238525
/Users/prarthanapatel/Desktop/Himanshi/speech_emotion_detection-develop-v2/ravdess_preprocessed/audio/Actor_01/03-01-08-01-02-02-01.wav,03-01-08-01-02-02-01.wav,1,train,7,surprised,7,surprised,0.9622883200645447
/Users/prarthanapatel/Desktop/Himanshi/speech_emotion_detection-develop-v2/ravdess_preprocessed/audio/Actor_01/03-01-08-02-01-01-01.wav,03-01-08-02-01-01-01.wav,1,train,7,surprised,7,surprised,0.9634267687797546
/Users/prarthanapatel/Desktop/Himanshi/speech_emotion_detection-develop-v2/ravdess_preprocessed/audio/Actor_01/03-01-08-02-01-02-01.wav,03-01-08-02-01-02-01.wav,1,train,7,surprised,7,surprised,0.9622839093208313
/Users/prarthanapatel/Desktop/Himanshi/speech_emotion_detection-develop-v2/ravdess_preprocessed/audio/Actor_01/03-01-08-02-02-01-01.wav,03-01-08-02-02-01-01.wav,1,train,7,surprised,7,surprised,0.9654722809791565
/Users/prarthanapatel/Desktop/Himanshi/speech_emotion_detection-develop-v2/ravdess_preprocessed/audio/Actor_01/03-01-08-02-02-02-01.wav,03-01-08-02-02-02-01.wav,1,train,7,surprised,7,surprised,0.9664896130561829
/Users/prarthanapatel/Desktop/Himanshi/speech_emotion_detection-develop-v2/ravdess_preprocessed/audio/Actor_02/03-01-01-01-01-01-02.wav,03-01-01-01-01-01-02.wav,2,train,0,neutral,0,neutral,0.9491059184074402
/Users/prarthanapatel/Desktop/Himanshi/speech_emotion_detection-develop-v2/ravdess_preprocessed/audio/Actor_02/03-01-01-01-01-02-02.wav,03-01-01-01-01-02-02.wav,2,train,0,neutral,0,neutral,0.9493441581726074
/Users/prarthanapatel/Desktop/Himanshi/speech_emotion_detection-develop-v2/ravdess_preprocessed/audio/Actor_02/03-01-01-01-02-01-02.wav,03-01-01-01-02-01-02.wav,2,train,0,neutral,0,neutral,0.9490211009979248
/Users/prarthanapatel/Desktop/Himanshi/speech_emotion_detection-develop-v2/ravdess_preprocessed/audio/Actor_02/03-01-01-01-02-02-02.wav,03-01-01-01-02-02-02.wav,2,train,0,neutral,0,neutral,0.9517534375190735
/Users/prarthanapatel/Desktop/Himanshi/speech_emotion_detection-develop-v2/ravdess_preprocessed/audio/Actor_02/03-01-02-01-01-01-02.wav,03-01-02-01-01-01-02.wav,2,train,1,calm,1,calm,0.9646275043487549
/Users/prarthanapatel/Desktop/Himanshi/speech_emotion_detection-develop-v2/ravdess_preprocessed/audio/Actor_02/03-01-02-01-01-02-02.wav,03-01-02-01-01-02-02.wav,2,train,1,calm,1,calm,0.9679644107818604
/Users/prarthanapatel/Desktop/Himanshi/speech_emotion_detection-develop-v2/ravdess_preprocessed/audio/Actor_02/03-01-02-01-02-01-02.wav,03-01-02-01-02-01-02.wav,2,train,1,calm,1,calm,0.9672905802726746
/Users/prarthanapatel/Desktop/Himanshi/speech_emotion_detection-develop-v2/ravdess_preprocessed/audio/Actor_02/03-01-02-01-02-02-02.wav,03-01-02-01-02-02-02.wav,2,train,1,calm,1,calm,0.9683675765991211
/Users/prarthanapatel/Desktop/Himanshi/speech_emotion_detection-develop-v2/ravdess_preprocessed/audio/Actor_02/03-01-02-02-01-01-02.wav,03-01-02-02-01-01-02.wav,2,train,1,calm,1,calm,0.96941739320755
/Users/prarthanapatel/Desktop/Himanshi/speech_emotion_detection-develop-v2/ravdess_preprocessed/audio/Actor_02/03-01-02-02-01-02-02.wav,03-01-02-02-01-02-02.wav,2,train,1,calm,1,calm,0.9695883393287659
/Users/prarthanapatel/Desktop/Himanshi/speech_emotion_detection-develop-v2/ravdess_preprocessed/audio/Actor_02/03-01-02-02-02-01-02.wav,03-01-02-02-02-01-02.wav,2,train,1,calm,1,calm,0.9677107930183411
/Users/prarthanapatel/Desktop/Himanshi/speech_emotion_detection-develop-v2/ravdess_preprocessed/audio/Actor_02/03-01-02-02-02-02-02.wav,03-01-02-02-02-02-02.wav,2,train,1,calm,1,calm,0.9706008434295654
/Users/prarthanapatel/Desktop/Himanshi/speech_emotion_detection-develop-v2/ravdess_preprocessed/audio/Actor_02/03-01-03-01-01-01-02.wav,03-01-03-01-01-01-02.wav,2,train,2,happy,2,happy,0.9734235405921936
/Users/prarthanapatel/Desktop/Himanshi/speech_emotion_detection-develop-v2/ravdess_preprocessed/audio/Actor_02/03-01-03-01-01-02-02.wav,03-01-03-01-01-02-02.wav,2,train,2,happy,2,happy,0.9727213382720947
/Users/prarthanapatel/Desktop/Himanshi/speech_emotion_detection-develop-v2/ravdess_preprocessed/audio/Actor_02/03-01-03-01-02-01-02.wav,03-01-03-01-02-01-02.wav,2,train,2,happy,2,happy,0.9730759859085083
/Users/prarthanapatel/Desktop/Himanshi/speech_emotion_detection-develop-v2/ravdess_preprocessed/audio/Actor_02/03-01-03-01-02-02-02.wav,03-01-03-01-02-02-02.wav,2,train,2,happy,2,happy,0.9726741909980774
/Users/prarthanapatel/Desktop/Himanshi/speech_emotion_detection-develop-v2/ravdess_preprocessed/audio/Actor_02/03-01-03-02-01-01-02.wav,03-01-03-02-01-01-02.wav,2,train,2,happy,2,happy,0.974855363368988
/Users/prarthanapatel/Desktop/Himanshi/speech_emotion_detection-develop-v2/ravdess_preprocessed/audio/Actor_02/03-01-03-02-01-02-02.wav,03-01-03-02-01-02-02.wav,2,train,2,happy,2,happy,0.9752491116523743
/Users/prarthanapatel/Desktop/Himanshi/speech_emotion_detection-develop-v2/ravdess_preprocessed/audio/Actor_02/03-01-03-02-02-01-02.wav,03-01-03-02-02-01-02.wav,2,train,2,happy,2,happy,0.9752963781356812
/Users/prarthanapatel/Desktop/Himanshi/speech_emotion_detection-develop-v2/ravdess_preprocessed/audio/Actor_02/03-01-03-02-02-02-02.wav,03-01-03-02-02-02-02.wav,2,train,2,happy,2,happy,0.9747124314308167
/Users/prarthanapatel/Desktop/Himanshi/speech_emotion_detection-develop-v2/ravdess_preprocessed/audio/Actor_02/03-01-04-01-01-01-02.wav,03-01-04-01-01-01-02.wav,2,train,3,sad,3,sad,0.9843311905860901
/Users/prarthanapatel/Desktop/Himanshi/speech_emotion_detection-develop-v2/ravdess_preprocessed/audio/Actor_02/03-01-04-01-01-02-02.wav,03-01-04-01-01-02-02.wav,2,train,3,sad,3,sad,0.9842159152030945
/Users/prarthanapatel/Desktop/Himanshi/speech_emotion_detection-develop-v2/ravdess_preprocessed/audio/Actor_02/03-01-04-01-02-01-02.wav,03-01-04-01-02-01-02.wav,2,train,3,sad,3,sad,0.9837221503257751
/Users/prarthanapatel/Desktop/Himanshi/speech_emotion_detection-develop-v2/ravdess_preprocessed/audio/Actor_02/03-01-04-01-02-02-02.wav,03-01-04-01-02-02-02.wav,2,train,3,sad,3,sad,0.9831635355949402
/Users/prarthanapatel/Desktop/Himanshi/speech_emotion_detection-develop-v2/ravdess_preprocessed/audio/Actor_02/03-01-04-02-01-01-02.wav,03-01-04-02-01-01-02.wav,2,train,3,sad,3,sad,0.9853608012199402
/Users/prarthanapatel/Desktop/Himanshi/speech_emotion_detection-develop-v2/ravdess_preprocessed/audio/Actor_02/03-01-04-02-01-02-02.wav,03-01-04-02-01-02-02.wav,2,train,3,sad,3,sad,0.985662043094635
/Users/prarthanapatel/Desktop/Himanshi/speech_emotion_detection-develop-v2/ravdess_preprocessed/audio/Actor_02/03-01-04-02-02-01-02.wav,03-01-04-02-02-01-02.wav,2,train,3,sad,3,sad,0.9855857491493225
/Users/prarthanapatel/Desktop/Himanshi/speech_emotion_detection-develop-v2/ravdess_preprocessed/audio/Actor_02/03-01-04-02-02-02-02.wav,03-01-04-02-02-02-02.wav,2,train,3,sad,3,sad,0.9861635565757751
/Users/prarthanapatel/Desktop/Himanshi/speech_emotion_detection-develop-v2/ravdess_preprocessed/audio/Actor_02/03-01-05-01-01-01-02.wav,03-01-05-01-01-01-02.wav,2,train,4,angry,4,angry,0.9860135912895203
/Users/prarthanapatel/Desktop/Himanshi/speech_emotion_detection-develop-v2/ravdess_preprocessed/audio/Actor_02/03-01-05-01-01-02-02.wav,03-01-05-01-01-02-02.wav,2,train,4,angry,4,angry,0.9858086109161377
/Users/prarthanapatel/Desktop/Himanshi/speech_emotion_detection-develop-v2/ravdess_preprocessed/audio/Actor_02/03-01-05-01-02-01-02.wav,03-01-05-01-02-01-02.wav,2,train,4,angry,4,angry,0.9872419834136963
/Users/prarthanapatel/Desktop/Himanshi/speech_emotion_detection-develop-v2/ravdess_preprocessed/audio/Actor_02/03-01-05-01-02-02-02.wav,03-01-05-01-02-02-02.wav,2,train,4,angry,4,angry,0.9866161346435547
/Users/prarthanapatel/Desktop/Himanshi/speech_emotion_detection-develop-v2/ravdess_preprocessed/audio/Actor_02/03-01-05-02-01-01-02.wav,03-01-05-02-01-01-02.wav,2,train,4,angry,4,angry,0.9892004728317261
/Users/prarthanapatel/Desktop/Himanshi/speech_emotion_detection-develop-v2/ravdess_preprocessed/audio/Actor_02/03-01-05-02-01-02-02.wav,03-01-05-02-01-02-02.wav,2,train,4,angry,4,angry,0.9890713691711426
/Users/prarthanapatel/Desktop/Himanshi/speech_emotion_detection-develop-v2/ravdess_preprocessed/audio/Actor_02/03-01-05-02-02-01-02.wav,03-01-05-02-02-01-02.wav,2,train,4,angry,4,angry,0.9889426231384277
/Users/prarthanapatel/Desktop/Himanshi/speech_emotion_detection-develop-v2/ravdess_preprocessed/audio/Actor_02/03-01-05-02-02-02-02.wav,03-01-05-02-02-02-02.wav,2,train,4,angry,4,angry,0.9869545102119446
/Users/prarthanapatel/Desktop/Himanshi/speech_emotion_detection-develop-v2/ravdess_preprocessed/audio/Actor_02/03-01-06-01-01-01-02.wav,03-01-06-01-01-01-02.wav,2,train,5,fearful,5,fearful,0.9809076189994812
/Users/prarthanapatel/Desktop/Himanshi/speech_emotion_detection-develop-v2/ravdess_preprocessed/audio/Actor_02/03-01-06-01-01-02-02.wav,03-01-06-01-01-02-02.wav,2,train,5,fearful,5,fearful,0.9862820506095886
/Users/prarthanapatel/Desktop/Himanshi/speech_emotion_detection-develop-v2/ravdess_preprocessed/audio/Actor_02/03-01-06-01-02-01-02.wav,03-01-06-01-02-01-02.wav,2,train,5,fearful,5,fearful,0.9844852685928345
/Users/prarthanapatel/Desktop/Himanshi/speech_emotion_detection-develop-v2/ravdess_preprocessed/audio/Actor_02/03-01-06-01-02-02-02.wav,03-01-06-01-02-02-02.wav,2,train,5,fearful,5,fearful,0.9861689805984497
/Users/prarthanapatel/Desktop/Himanshi/speech_emotion_detection-develop-v2/ravdess_preprocessed/audio/Actor_02/03-01-06-02-01-01-02.wav,03-01-06-02-01-01-02.wav,2,train,5,fearful,5,fearful,0.9831236600875854
/Users/prarthanapatel/Desktop/Himanshi/speech_emotion_detection-develop-v2/ravdess_preprocessed/audio/Actor_02/03-01-06-02-01-02-02.wav,03-01-06-02-01-02-02.wav,2,train,5,fearful,5,fearful,0.983322024345398
/Users/prarthanapatel/Desktop/Himanshi/speech_emotion_detection-develop-v2/ravdess_preprocessed/audio/Actor_02/03-01-06-02-02-01-02.wav,03-01-06-02-02-01-02.wav,2,train,5,fearful,5,fearful,0.9869030714035034
/Users/prarthanapatel/Desktop/Himanshi/speech_emotion_detection-develop-v2/ravdess_preprocessed/audio/Actor_02/03-01-06-02-02-02-02.wav,03-01-06-02-02-02-02.wav,2,train,5,fearful,5,fearful,0.9869415163993835
/Users/prarthanapatel/Desktop/Himanshi/speech_emotion_detection-develop-v2/ravdess_preprocessed/audio/Actor_02/03-01-07-01-01-01-02.wav,03-01-07-01-01-01-02.wav,2,train,6,disgust,6,disgust,0.9887017011642456
/Users/prarthanapatel/Desktop/Himanshi/speech_emotion_detection-develop-v2/ravdess_preprocessed/audio/Actor_02/03-01-07-01-01-02-02.wav,03-01-07-01-01-02-02.wav,2,train,6,disgust,6,disgust,0.988515317440033
/Users/prarthanapatel/Desktop/Himanshi/speech_emotion_detection-develop-v2/ravdess_preprocessed/audio/Actor_02/03-01-07-01-02-01-02.wav,03-01-07-01-02-01-02.wav,2,train,6,disgust,6,disgust,0.9881477952003479
/Users/prarthanapatel/Desktop/Himanshi/speech_emotion_detection-develop-v2/ravdess_preprocessed/audio/Actor_02/03-01-07-01-02-02-02.wav,03-01-07-01-02-02-02.wav,2,train,6,disgust,6,disgust,0.9888269901275635
/Users/prarthanapatel/Desktop/Himanshi/speech_emotion_detection-develop-v2/ravdess_preprocessed/audio/Actor_02/03-01-07-02-01-01-02.wav,03-01-07-02-01-01-02.wav,2,train,6,disgust,6,disgust,0.9884480834007263
/Users/prarthanapatel/Desktop/Himanshi/speech_emotion_detection-develop-v2/ravdess_preprocessed/audio/Actor_02/03-01-07-02-01-02-02.wav,03-01-07-02-01-02-02.wav,2,train,6,disgust,6,disgust,0.9893156290054321
/Users/prarthanapatel/Desktop/Himanshi/speech_emotion_detection-develop-v2/ravdess_preprocessed/audio/Actor_02/03-01-07-02-02-01-02.wav,03-01-07-02-02-01-02.wav,2,train,6,disgust,6,disgust,0.9889989495277405
/Users/prarthanapatel/Desktop/Himanshi/speech_emotion_detection-develop-v2/ravdess_preprocessed/audio/Actor_02/03-01-07-02-02-02-02.wav,03-01-07-02-02-02-02.wav,2,train,6,disgust,6,disgust,0.9890775680541992
/Users/prarthanapatel/Desktop/Himanshi/speech_emotion_detection-develop-v2/ravdess_preprocessed/audio/Actor_02/03-01-08-01-01-01-02.wav,03-01-08-01-01-01-02.wav,2,train,7,surprised,7,surprised,0.9656693339347839
/Users/prarthanapatel/Desktop/Himanshi/speech_emotion_detection-develop-v2/ravdess_preprocessed/audio/Actor_02/03-01-08-01-01-02-02.wav,03-01-08-01-01-02-02.wav,2,train,7,surprised,7,surprised,0.9666438698768616
/Users/prarthanapatel/Desktop/Himanshi/speech_emotion_detection-develop-v2/ravdess_preprocessed/audio/Actor_02/03-01-08-01-02-01-02.wav,03-01-08-01-02-01-02.wav,2,train,7,surprised,7,surprised,0.9652912616729736
/Users/prarthanapatel/Desktop/Himanshi/speech_emotion_detection-develop-v2/ravdess_preprocessed/audio/Actor_02/03-01-08-01-02-02-02.wav,03-01-08-01-02-02-02.wav,2,train,7,surprised,7,surprised,0.9637519717216492
/Users/prarthanapatel/Desktop/Himanshi/speech_emotion_detection-develop-v2/ravdess_preprocessed/audio/Actor_02/03-01-08-02-01-01-02.wav,03-01-08-02-01-01-02.wav,2,train,7,surprised,7,surprised,0.9675787687301636
/Users/prarthanapatel/Desktop/Himanshi/speech_emotion_detection-develop-v2/ravdess_preprocessed/audio/Actor_02/03-01-08-02-01-02-02.wav,03-01-08-02-01-02-02.wav,2,train,7,surprised,7,surprised,0.9664582014083862
/Users/prarthanapatel/Desktop/Himanshi/speech_emotion_detection-develop-v2/ravdess_preprocessed/audio/Actor_02/03-01-08-02-02-01-02.wav,03-01-08-02-02-01-02.wav,2,train,7,surprised,7,surprised,0.9659749865531921
/Users/prarthanapatel/Desktop/Himanshi/speech_emotion_detection-develop-v2/ravdess_preprocessed/audio/Actor_02/03-01-08-02-02-02-02.wav,03-01-08-02-02-02-02.wav,2,train,7,surprised,7,surprised,0.9659559726715088
/Users/prarthanapatel/Desktop/Himanshi/speech_emotion_detection-develop-v2/ravdess_preprocessed/audio/Actor_03/03-01-01-01-01-01-03.wav,03-01-01-01-01-01-03.wav,3,train,0,neutral,0,neutral,0.9491710066795349
/Users/prarthanapatel/Desktop/Himanshi/speech_emotion_detection-develop-v2/ravdess_preprocessed/audio/Actor_03/03-01-01-01-01-02-03.wav,03-01-01-01-01-02-03.wav,3,train,0,neutral,0,neutral,0.9475511908531189
/Users/prarthanapatel/Desktop/Himanshi/speech_emotion_detection-develop-v2/ravdess_preprocessed/audio/Actor_03/03-01-01-01-02-01-03.wav,03-01-01-01-02-01-03.wav,3,train,0,neutral,0,neutral,0.946405291557312
/Users/prarthanapatel/Desktop/Himanshi/speech_emotion_detection-develop-v2/ravdess_preprocessed/audio/Actor_03/03-01-01-01-02-02-03.wav,03-01-01-01-02-02-03.wav,3,train,0,neutral,0,neutral,0.9499823451042175
/Users/prarthanapatel/Desktop/Himanshi/speech_emotion_detection-develop-v2/ravdess_preprocessed/audio/Actor_03/03-01-02-01-01-01-03.wav,03-01-02-01-01-01-03.wav,3,train,1,calm,1,calm,0.9692909121513367
/Users/prarthanapatel/Desktop/Himanshi/speech_emotion_detection-develop-v2/ravdess_preprocessed/audio/Actor_03/03-01-02-01-01-02-03.wav,03-01-02-01-01-02-03.wav,3,train,1,calm,1,calm,0.9718508124351501
/Users/prarthanapatel/Desktop/Himanshi/speech_emotion_detection-develop-v2/ravdess_preprocessed/audio/Actor_03/03-01-02-01-02-01-03.wav,03-01-02-01-02-01-03.wav,3,train,1,calm,1,calm,0.9726892113685608
/Users/prarthanapatel/Desktop/Himanshi/speech_emotion_detection-develop-v2/ravdess_preprocessed/audio/Actor_03/03-01-02-01-02-02-03.wav,03-01-02-01-02-02-03.wav,3,train,1,calm,1,calm,0.9677435159683228
/Users/prarthanapatel/Desktop/Himanshi/speech_emotion_detection-develop-v2/ravdess_preprocessed/audio/Actor_03/03-01-02-02-01-01-03.wav,03-01-02-02-01-01-03.wav,3,train,1,calm,1,calm,0.971834123134613
/Users/prarthanapatel/Desktop/Himanshi/speech_emotion_detection-develop-v2/ravdess_preprocessed/audio/Actor_03/03-01-02-02-01-02-03.wav,03-01-02-02-01-02-03.wav,3,train,1,calm,1,calm,0.9670470356941223
/Users/prarthanapatel/Desktop/Himanshi/speech_emotion_detection-develop-v2/ravdess_preprocessed/audio/Actor_03/03-01-02-02-02-01-03.wav,03-01-02-02-02-01-03.wav,3,train,1,calm,1,calm,0.9680235981941223
/Users/prarthanapatel/Desktop/Himanshi/speech_emotion_detection-develop-v2/ravdess_preprocessed/audio/Actor_03/03-01-02-02-02-02-03.wav,03-01-02-02-02-02-03.wav,3,train,1,calm,1,calm,0.9674037098884583
/Users/prarthanapatel/Desktop/Himanshi/speech_emotion_detection-develop-v2/ravdess_preprocessed/audio/Actor_03/03-01-03-01-01-01-03.wav,03-01-03-01-01-01-03.wav,3,train,2,happy,2,happy,0.9719762802124023
/Users/prarthanapatel/Desktop/Himanshi/speech_emotion_detection-develop-v2/ravdess_preprocessed/audio/Actor_03/03-01-03-01-01-02-03.wav,03-01-03-01-01-02-03.wav,3,train,2,happy,2,happy,0.9689467549324036
/Users/prarthanapatel/Desktop/Himanshi/speech_emotion_detection-develop-v2/ravdess_preprocessed/audio/Actor_03/03-01-03-01-02-01-03.wav,03-01-03-01-02-01-03.wav,3,train,2,happy,2,happy,0.9697847366333008
/Users/prarthanapatel/Desktop/Himanshi/speech_emotion_detection-develop-v2/ravdess_preprocessed/audio/Actor_03/03-01-03-01-02-02-03.wav,03-01-03-01-02-02-03.wav,3,train,2,happy,2,happy,0.9645102620124817
/Users/prarthanapatel/Desktop/Himanshi/speech_emotion_detection-develop-v2/ravdess_preprocessed/audio/Actor_03/03-01-03-02-01-01-03.wav,03-01-03-02-01-01-03.wav,3,train,2,happy,2,happy,0.9728252291679382
/Users/prarthanapatel/Desktop/Himanshi/speech_emotion_detection-develop-v2/ravdess_preprocessed/audio/Actor_03/03-01-03-02-01-02-03.wav,03-01-03-02-01-02-03.wav,3,train,2,happy,2,happy,0.9704218506813049
/Users/prarthanapatel/Desktop/Himanshi/speech_emotion_detection-develop-v2/ravdess_preprocessed/audio/Actor_03/03-01-03-02-02-01-03.wav,03-01-03-02-02-01-03.wav,3,train,2,happy,2,happy,0.9631291031837463
/Users/prarthanapatel/Desktop/Himanshi/speech_emotion_detection-develop-v2/ravdess_preprocessed/audio/Actor_03/03-01-03-02-02-02-03.wav,03-01-03-02-02-02-03.wav,3,train,2,happy,2,happy,0.9692322015762329
/Users/prarthanapatel/Desktop/Himanshi/speech_emotion_detection-develop-v2/ravdess_preprocessed/audio/Actor_03/03-01-04-01-01-01-03.wav,03-01-04-01-01-01-03.wav,3,train,3,sad,3,sad,0.9672890305519104
/Users/prarthanapatel/Desktop/Himanshi/speech_emotion_detection-develop-v2/ravdess_preprocessed/audio/Actor_03/03-01-04-01-01-02-03.wav,03-01-04-01-01-02-03.wav,3,train,3,sad,3,sad,0.9344742298126221
/Users/prarthanapatel/Desktop/Himanshi/speech_emotion_detection-develop-v2/ravdess_preprocessed/audio/Actor_03/03-01-04-01-02-01-03.wav,03-01-04-01-02-01-03.wav,3,train,3,sad,3,sad,0.9812255501747131
/Users/prarthanapatel/Desktop/Himanshi/speech_emotion_detection-develop-v2/ravdess_preprocessed/audio/Actor_03/03-01-04-01-02-02-03.wav,03-01-04-01-02-02-03.wav,3,train,3,sad,3,sad,0.9810725450515747
/Users/prarthanapatel/Desktop/Himanshi/speech_emotion_detection-develop-v2/ravdess_preprocessed/audio/Actor_03/03-01-04-02-01-01-03.wav,03-01-04-02-01-01-03.wav,3,train,3,sad,3,sad,0.9851645231246948
/Users/prarthanapatel/Desktop/Himanshi/speech_emotion_detection-develop-v2/ravdess_preprocessed/audio/Actor_03/03-01-04-02-01-02-03.wav,03-01-04-02-01-02-03.wav,3,train,3,sad,3,sad,0.9841716885566711
/Users/prarthanapatel/Desktop/Himanshi/speech_emotion_detection-develop-v2/ravdess_preprocessed/audio/Actor_03/03-01-04-02-02-01-03.wav,03-01-04-02-02-01-03.wav,3,train,3,sad,3,sad,0.9844992756843567
/Users/prarthanapatel/Desktop/Himanshi/speech_emotion_detection-develop-v2/ravdess_preprocessed/audio/Actor_03/03-01-04-02-02-02-03.wav,03-01-04-02-02-02-03.wav,3,train,3,sad,3,sad,0.9838942885398865
/Users/prarthanapatel/Desktop/Himanshi/speech_emotion_detection-develop-v2/ravdess_preprocessed/audio/Actor_03/03-01-05-01-01-01-03.wav,03-01-05-01-01-01-03.wav,3,train,4,angry,4,angry,0.9819632768630981
/Users/prarthanapatel/Desktop/Himanshi/speech_emotion_detection-develop-v2/ravdess_preprocessed/audio/Actor_03/03-01-05-01-01-02-03.wav,03-01-05-01-01-02-03.wav,3,train,4,angry,4,angry,0.9871857762336731
/Users/prarthanapatel/Desktop/Himanshi/speech_emotion_detection-develop-v2/ravdess_preprocessed/audio/Actor_03/03-01-05-01-02-01-03.wav,03-01-05-01-02-01-03.wav,3,train,4,angry,4,angry,0.9826107621192932
/Users/prarthanapatel/Desktop/Himanshi/speech_emotion_detection-develop-v2/ravdess_preprocessed/audio/Actor_03/03-01-05-01-02-02-03.wav,03-01-05-01-02-02-03.wav,3,train,4,angry,4,angry,0.9845444560050964
/Users/prarthanapatel/Desktop/Himanshi/speech_emotion_detection-develop-v2/ravdess_preprocessed/audio/Actor_03/03-01-05-02-01-01-03.wav,03-01-05-02-01-01-03.wav,3,train,4,angry,4,angry,0.9881211519241333
/Users/prarthanapatel/Desktop/Himanshi/speech_emotion_detection-develop-v2/ravdess_preprocessed/audio/Actor_03/03-01-05-02-01-02-03.wav,03-01-05-02-01-02-03.wav,3,train,4,angry,4,angry,0.9878612160682678
/Users/prarthanapatel/Desktop/Himanshi/speech_emotion_detection-develop-v2/ravdess_preprocessed/audio/Actor_03/03-01-05-02-02-01-03.wav,03-01-05-02-02-01-03.wav,3,train,4,angry,4,angry,0.988743782043457
/Users/prarthanapatel/Desktop/Himanshi/speech_emotion_detection-develop-v2/ravdess_preprocessed/audio/Actor_03/03-01-05-02-02-02-03.wav,03-01-05-02-02-02-03.wav,3,train,4,angry,4,angry,0.9877508878707886
/Users/prarthanapatel/Desktop/Himanshi/speech_emotion_detection-develop-v2/ravdess_preprocessed/audio/Actor_03/03-01-06-01-01-01-03.wav,03-01-06-01-01-01-03.wav,3,train,5,fearful,5,fearful,0.9846343398094177
/Users/prarthanapatel/Desktop/Himanshi/speech_emotion_detection-develop-v2/ravdess_preprocessed/audio/Actor_03/03-01-06-01-01-02-03.wav,03-01-06-01-01-02-03.wav,3,train,5,fearful,5,fearful,0.9723660945892334
/Users/prarthanapatel/Desktop/Himanshi/speech_emotion_detection-develop-v2/ravdess_preprocessed/audio/Actor_03/03-01-06-01-02-01-03.wav,03-01-06-01-02-01-03.wav,3,train,5,fearful,5,fearful,0.983109712600708
/Users/prarthanapatel/Desktop/Himanshi/speech_emotion_detection-develop-v2/ravdess_preprocessed/audio/Actor_03/03-01-06-01-02-02-03.wav,03-01-06-01-02-02-03.wav,3,train,5,fearful,5,fearful,0.9844427704811096
/Users/prarthanapatel/Desktop/Himanshi/speech_emotion_detection-develop-v2/ravdess_preprocessed/audio/Actor_03/03-01-06-02-01-01-03.wav,03-01-06-02-01-01-03.wav,3,train,5,fearful,5,fearful,0.9869644045829773
/Users/prarthanapatel/Desktop/Himanshi/speech_emotion_detection-develop-v2/ravdess_preprocessed/audio/Actor_03/03-01-06-02-01-02-03.wav,03-01-06-02-01-02-03.wav,3,train,5,fearful,5,fearful,0.9873113632202148
/Users/prarthanapatel/Desktop/Himanshi/speech_emotion_detection-develop-v2/ravdess_preprocessed/audio/Actor_03/03-01-06-02-02-01-03.wav,03-01-06-02-02-01-03.wav,3,train,5,fearful,5,fearful,0.9879713654518127
/Users/prarthanapatel/Desktop/Himanshi/speech_emotion_detection-develop-v2/ravdess_preprocessed/audio/Actor_03/03-01-06-02-02-02-03.wav,03-01-06-02-02-02-03.wav,3,train,5,fearful,5,fearful,0.9881453514099121
/Users/prarthanapatel/Desktop/Himanshi/speech_emotion_detection-develop-v2/ravdess_preprocessed/audio/Actor_03/03-01-07-01-01-01-03.wav,03-01-07-01-01-01-03.wav,3,train,6,disgust,6,disgust,0.9889918565750122
/Users/prarthanapatel/Desktop/Himanshi/speech_emotion_detection-develop-v2/ravdess_preprocessed/audio/Actor_03/03-01-07-01-01-02-03.wav,03-01-07-01-01-02-03.wav,3,train,6,disgust,6,disgust,0.9894004464149475
/Users/prarthanapatel/Desktop/Himanshi/speech_emotion_detection-develop-v2/ravdess_preprocessed/audio/Actor_03/03-01-07-01-02-01-03.wav,03-01-07-01-02-01-03.wav,3,train,6,disgust,6,disgust,0.9891082048416138
/Users/prarthanapatel/Desktop/Himanshi/speech_emotion_detection-develop-v2/ravdess_preprocessed/audio/Actor_03/03-01-07-01-02-02-03.wav,03-01-07-01-02-02-03.wav,3,train,6,disgust,6,disgust,0.9888429641723633
/Users/prarthanapatel/Desktop/Himanshi/speech_emotion_detection-develop-v2/ravdess_preprocessed/audio/Actor_03/03-01-07-02-01-01-03.wav,03-01-07-02-01-01-03.wav,3,train,6,disgust,6,disgust,0.990107536315918
/Users/prarthanapatel/Desktop/Himanshi/speech_emotion_detection-develop-v2/ravdess_preprocessed/audio/Actor_03/03-01-07-02-01-02-03.wav,03-01-07-02-01-02-03.wav,3,train,6,disgust,6,disgust,0.9898187518119812
/Users/prarthanapatel/Desktop/Himanshi/speech_emotion_detection-develop-v2/ravdess_preprocessed/audio/Actor_03/03-01-07-02-02-01-03.wav,03-01-07-02-02-01-03.wav,3,train,6,disgust,6,disgust,0.9893419742584229
/Users/prarthanapatel/Desktop/Himanshi/speech_emotion_detection-develop-v2/ravdess_preprocessed/audio/Actor_03/03-01-07-02-02-02-03.wav,03-01-07-02-02-02-03.wav,3,train,6,disgust,6,disgust,0.9883443117141724
/Users/prarthanapatel/Desktop/Himanshi/speech_emotion_detection-develop-v2/ravdess_preprocessed/audio/Actor_03/03-01-08-01-01-01-03.wav,03-01-08-01-01-01-03.wav,3,train,7,surprised,7,surprised,0.9546544551849365
/Users/prarthanapatel/Desktop/Himanshi/speech_emotion_detection-develop-v2/ravdess_preprocessed/audio/Actor_03/03-01-08-01-01-02-03.wav,03-01-08-01-01-02-03.wav,3,train,7,surprised,7,surprised,0.961595892906189
/Users/prarthanapatel/Desktop/Himanshi/speech_emotion_detection-develop-v2/ravdess_preprocessed/audio/Actor_03/03-01-08-01-02-01-03.wav,03-01-08-01-02-01-03.wav,3,train,7,surprised,7,surprised,0.9658252000808716
/Users/prarthanapatel/Desktop/Himanshi/speech_emotion_detection-develop-v2/ravdess_preprocessed/audio/Actor_03/03-01-08-01-02-02-03.wav,03-01-08-01-02-02-03.wav,3,train,7,surprised,7,surprised,0.9647241234779358
/Users/prarthanapatel/Desktop/Himanshi/speech_emotion_detection-develop-v2/ravdess_preprocessed/audio/Actor_03/03-01-08-02-01-01-03.wav,03-01-08-02-01-01-03.wav,3,train,7,surprised,7,surprised,0.9665231108665466
/Users/prarthanapatel/Desktop/Himanshi/speech_emotion_detection-develop-v2/ravdess_preprocessed/audio/Actor_03/03-01-08-02-01-02-03.wav,03-01-08-02-01-02-03.wav,3,train,7,surprised,7,surprised,0.9608439803123474
/Users/prarthanapatel/Desktop/Himanshi/speech_emotion_detection-develop-v2/ravdess_preprocessed/audio/Actor_03/03-01-08-02-02-01-03.wav,03-01-08-02-02-01-03.wav,3,train,7,surprised,7,surprised,0.9656195044517517
/Users/prarthanapatel/Desktop/Himanshi/speech_emotion_detection-develop-v2/ravdess_preprocessed/audio/Actor_03/03-01-08-02-02-02-03.wav,03-01-08-02-02-02-03.wav,3,train,7,surprised,7,surprised,0.9646613001823425
/Users/prarthanapatel/Desktop/Himanshi/speech_emotion_detection-develop-v2/ravdess_preprocessed/audio/Actor_04/03-01-01-01-01-01-04.wav,03-01-01-01-01-01-04.wav,4,train,0,neutral,0,neutral,0.9490394592285156
/Users/prarthanapatel/Desktop/Himanshi/speech_emotion_detection-develop-v2/ravdess_preprocessed/audio/Actor_04/03-01-01-01-01-02-04.wav,03-01-01-01-01-02-04.wav,4,train,0,neutral,0,neutral,0.9507148861885071
/Users/prarthanapatel/Desktop/Himanshi/speech_emotion_detection-develop-v2/ravdess_preprocessed/audio/Actor_04/03-01-01-01-02-01-04.wav,03-01-01-01-02-01-04.wav,4,train,0,neutral,0,neutral,0.9518142342567444
/Users/prarthanapatel/Desktop/Himanshi/speech_emotion_detection-develop-v2/ravdess_preprocessed/audio/Actor_04/03-01-01-01-02-02-04.wav,03-01-01-01-02-02-04.wav,4,train,0,neutral,0,neutral,0.949127733707428
/Users/prarthanapatel/Desktop/Himanshi/speech_emotion_detection-develop-v2/ravdess_preprocessed/audio/Actor_04/03-01-02-01-01-01-04.wav,03-01-02-01-01-01-04.wav,4,train,1,calm,1,calm,0.9684508442878723
/Users/prarthanapatel/Desktop/Himanshi/speech_emotion_detection-develop-v2/ravdess_preprocessed/audio/Actor_04/03-01-02-01-01-02-04.wav,03-01-02-01-01-02-04.wav,4,train,1,calm,1,calm,0.9696061611175537
/Users/prarthanapatel/Desktop/Himanshi/speech_emotion_detection-develop-v2/ravdess_preprocessed/audio/Actor_04/03-01-02-01-02-01-04.wav,03-01-02-01-02-01-04.wav,4,train,1,calm,1,calm,0.9715275764465332
/Users/prarthanapatel/Desktop/Himanshi/speech_emotion_detection-develop-v2/ravdess_preprocessed/audio/Actor_04/03-01-02-01-02-02-04.wav,03-01-02-01-02-02-04.wav,4,train,1,calm,1,calm,0.9710229635238647
/Users/prarthanapatel/Desktop/Himanshi/speech_emotion_detection-develop-v2/ravdess_preprocessed/audio/Actor_04/03-01-02-02-01-01-04.wav,03-01-02-02-01-01-04.wav,4,train,1,calm,1,calm,0.9729755520820618
/Users/prarthanapatel/Desktop/Himanshi/speech_emotion_detection-develop-v2/ravdess_preprocessed/audio/Actor_04/03-01-02-02-01-02-04.wav,03-01-02-02-01-02-04.wav,4,train,1,calm,1,calm,0.971858024597168
/Users/prarthanapatel/Desktop/Himanshi/speech_emotion_detection-develop-v2/ravdess_preprocessed/audio/Actor_04/03-01-02-02-02-01-04.wav,03-01-02-02-02-01-04.wav,4,train,1,calm,1,calm,0.9746912121772766
/Users/prarthanapatel/Desktop/Himanshi/speech_emotion_detection-develop-v2/ravdess_preprocessed/audio/Actor_04/03-01-02-02-02-02-04.wav,03-01-02-02-02-02-04.wav,4,train,1,calm,1,calm,0.9715022444725037
/Users/prarthanapatel/Desktop/Himanshi/speech_emotion_detection-develop-v2/ravdess_preprocessed/audio/Actor_04/03-01-03-01-01-01-04.wav,03-01-03-01-01-01-04.wav,4,train,2,happy,2,happy,0.9669596552848816
/Users/prarthanapatel/Desktop/Himanshi/speech_emotion_detection-develop-v2/ravdess_preprocessed/audio/Actor_04/03-01-03-01-01-02-04.wav,03-01-03-01-01-02-04.wav,4,train,2,happy,2,happy,0.969845175743103
/Users/prarthanapatel/Desktop/Himanshi/speech_emotion_detection-develop-v2/ravdess_preprocessed/audio/Actor_04/03-01-03-01-02-01-04.wav,03-01-03-01-02-01-04.wav,4,train,2,happy,2,happy,0.9657824635505676
/Users/prarthanapatel/Desktop/Himanshi/speech_emotion_detection-develop-v2/ravdess_preprocessed/audio/Actor_04/03-01-03-01-02-02-04.wav,03-01-03-01-02-02-04.wav,4,train,2,happy,2,happy,0.9675198197364807
/Users/prarthanapatel/Desktop/Himanshi/speech_emotion_detection-develop-v2/ravdess_preprocessed/audio/Actor_04/03-01-03-02-01-01-04.wav,03-01-03-02-01-01-04.wav,4,train,2,happy,2,happy,0.969336748123169
/Users/prarthanapatel/Desktop/Himanshi/speech_emotion_detection-develop-v2/ravdess_preprocessed/audio/Actor_04/03-01-03-02-01-02-04.wav,03-01-03-02-01-02-04.wav,4,train,2,happy,2,happy,0.971572995185852
/Users/prarthanapatel/Desktop/Himanshi/speech_emotion_detection-develop-v2/ravdess_preprocessed/audio/Actor_04/03-01-03-02-02-01-04.wav,03-01-03-02-02-01-04.wav,4,train,2,happy,2,happy,0.9626982808113098
/Users/prarthanapatel/Desktop/Himanshi/speech_emotion_detection-develop-v2/ravdess_preprocessed/audio/Actor_04/03-01-03-02-02-02-04.wav,03-01-03-02-02-02-04.wav,4,train,2,happy,2,happy,0.9695286154747009
/Users/prarthanapatel/Desktop/Himanshi/speech_emotion_detection-develop-v2/ravdess_preprocessed/audio/Actor_04/03-01-04-01-01-01-04.wav,03-01-04-01-01-01-04.wav,4,train,3,sad,3,sad,0.9848522543907166
/Users/prarthanapatel/Desktop/Himanshi/speech_emotion_detection-develop-v2/ravdess_preprocessed/audio/Actor_04/03-01-04-01-01-02-04.wav,03-01-04-01-01-02-04.wav,4,train,3,sad,3,sad,0.9854593276977539
/Users/prarthanapatel/Desktop/Himanshi/speech_emotion_detection-develop-v2/ravdess_preprocessed/audio/Actor_04/03-01-04-01-02-01-04.wav,03-01-04-01-02-01-04.wav,4,train,3,sad,3,sad,0.9846395254135132
/Users/prarthanapatel/Desktop/Himanshi/speech_emotion_detection-develop-v2/ravdess_preprocessed/audio/Actor_04/03-01-04-01-02-02-04.wav,03-01-04-01-02-02-04.wav,4,train,3,sad,3,sad,0.9849662780761719
/Users/prarthanapatel/Desktop/Himanshi/speech_emotion_detection-develop-v2/ravdess_preprocessed/audio/Actor_04/03-01-04-02-01-01-04.wav,03-01-04-02-01-01-04.wav,4,train,3,sad,3,sad,0.985049307346344
/Users/prarthanapatel/Desktop/Himanshi/speech_emotion_detection-develop-v2/ravdess_preprocessed/audio/Actor_04/03-01-04-02-01-02-04.wav,03-01-04-02-01-02-04.wav,4,train,3,sad,3,sad,0.9827733039855957
/Users/prarthanapatel/Desktop/Himanshi/speech_emotion_detection-develop-v2/ravdess_preprocessed/audio/Actor_04/03-01-04-02-02-01-04.wav,03-01-04-02-02-01-04.wav,4,train,3,sad,3,sad,0.9831609129905701
/Users/prarthanapatel/Desktop/Himanshi/speech_emotion_detection-develop-v2/ravdess_preprocessed/audio/Actor_04/03-01-04-02-02-02-04.wav,03-01-04-02-02-02-04.wav,4,train,3,sad,3,sad,0.985683798789978
/Users/prarthanapatel/Desktop/Himanshi/speech_emotion_detection-develop-v2/ravdess_preprocessed/audio/Actor_04/03-01-05-01-01-01-04.wav,03-01-05-01-01-01-04.wav,4,train,4,angry,4,angry,0.9851021766662598
/Users/prarthanapatel/Desktop/Himanshi/speech_emotion_detection-develop-v2/ravdess_preprocessed/audio/Actor_04/03-01-05-01-01-02-04.wav,03-01-05-01-01-02-04.wav,4,train,4,angry,4,angry,0.9875023365020752
/Users/prarthanapatel/Desktop/Himanshi/speech_emotion_detection-develop-v2/ravdess_preprocessed/audio/Actor_04/03-01-05-01-02-01-04.wav,03-01-05-01-02-01-04.wav,4,train,4,angry,4,angry,0.9873597025871277
/Users/prarthanapatel/Desktop/Himanshi/speech_emotion_detection-develop-v2/ravdess_preprocessed/audio/Actor_04/03-01-05-01-02-02-04.wav,03-01-05-01-02-02-04.wav,4,train,4,angry,4,angry,0.9854250550270081
/Users/prarthanapatel/Desktop/Himanshi/speech_emotion_detection-develop-v2/ravdess_preprocessed/audio/Actor_04/03-01-05-02-01-01-04.wav,03-01-05-02-01-01-04.wav,4,train,4,angry,4,angry,0.9888118505477905
/Users/prarthanapatel/Desktop/Himanshi/speech_emotion_detection-develop-v2/ravdess_preprocessed/audio/Actor_04/03-01-05-02-01-02-04.wav,03-01-05-02-01-02-04.wav,4,train,4,angry,4,angry,0.9877523183822632
/Users/prarthanapatel/Desktop/Himanshi/speech_emotion_detection-develop-v2/ravdess_preprocessed/audio/Actor_04/03-01-05-02-02-01-04.wav,03-01-05-02-02-01-04.wav,4,train,4,angry,4,angry,0.9883700609207153
/Users/prarthanapatel/Desktop/Himanshi/speech_emotion_detection-develop-v2/ravdess_preprocessed/audio/Actor_04/03-01-05-02-02-02-04.wav,03-01-05-02-02-02-04.wav,4,train,4,angry,4,angry,0.9891276955604553
/Users/prarthanapatel/Desktop/Himanshi/speech_emotion_detection-develop-v2/ravdess_preprocessed/audio/Actor_04/03-01-06-01-01-01-04.wav,03-01-06-01-01-01-04.wav,4,train,5,fearful,5,fearful,0.9868425726890564
/Users/prarthanapatel/Desktop/Himanshi/speech_emotion_detection-develop-v2/ravdess_preprocessed/audio/Actor_04/03-01-06-01-01-02-04.wav,03-01-06-01-01-02-04.wav,4,train,5,fearful,5,fearful,0.9872685670852661
/Users/prarthanapatel/Desktop/Himanshi/speech_emotion_detection-develop-v2/ravdess_preprocessed/audio/Actor_04/03-01-06-01-02-01-04.wav,03-01-06-01-02-01-04.wav,4,train,5,fearful,5,fearful,0.9866631627082825
/Users/prarthanapatel/Desktop/Himanshi/speech_emotion_detection-develop-v2/ravdess_preprocessed/audio/Actor_04/03-01-06-01-02-02-04.wav,03-01-06-01-02-02-04.wav,4,train,5,fearful,5,fearful,0.98658686876297
/Users/prarthanapatel/Desktop/Himanshi/speech_emotion_detection-develop-v2/ravdess_preprocessed/audio/Actor_04/03-01-06-02-01-01-04.wav,03-01-06-02-01-01-04.wav,4,train,5,fearful,5,fearful,0.9876558780670166
/Users/prarthanapatel/Desktop/Himanshi/speech_emotion_detection-develop-v2/ravdess_preprocessed/audio/Actor_04/03-01-06-02-01-02-04.wav,03-01-06-02-01-02-04.wav,4,train,5,fearful,5,fearful,0.9879381060600281
/Users/prarthanapatel/Desktop/Himanshi/speech_emotion_detection-develop-v2/ravdess_preprocessed/audio/Actor_04/03-01-06-02-02-01-04.wav,03-01-06-02-02-01-04.wav,4,train,5,fearful,5,fearful,0.9870004653930664
/Users/prarthanapatel/Desktop/Himanshi/speech_emotion_detection-develop-v2/ravdess_preprocessed/audio/Actor_04/03-01-06-02-02-02-04.wav,03-01-06-02-02-02-04.wav,4,train,5,fearful,5,fearful,0.9843892455101013
/Users/prarthanapatel/Desktop/Himanshi/speech_emotion_detection-develop-v2/ravdess_preprocessed/audio/Actor_04/03-01-07-01-01-01-04.wav,03-01-07-01-01-01-04.wav,4,train,6,disgust,6,disgust,0.9882204532623291
/Users/prarthanapatel/Desktop/Himanshi/speech_emotion_detection-develop-v2/ravdess_preprocessed/audio/Actor_04/03-01-07-01-01-02-04.wav,03-01-07-01-01-02-04.wav,4,train,6,disgust,6,disgust,0.9890339374542236
/Users/prarthanapatel/Desktop/Himanshi/speech_emotion_detection-develop-v2/ravdess_preprocessed/audio/Actor_04/03-01-07-01-02-01-04.wav,03-01-07-01-02-01-04.wav,4,train,6,disgust,6,disgust,0.9890473484992981
/Users/prarthanapatel/Desktop/Himanshi/speech_emotion_detection-develop-v2/ravdess_preprocessed/audio/Actor_04/03-01-07-01-02-02-04.wav,03-01-07-01-02-02-04.wav,4,train,6,disgust,6,disgust,0.9885203242301941
/Users/prarthanapatel/Desktop/Himanshi/speech_emotion_detection-develop-v2/ravdess_preprocessed/audio/Actor_04/03-01-07-02-01-01-04.wav,03-01-07-02-01-01-04.wav,4,train,6,disgust,6,disgust,0.9885170459747314
/Users/prarthanapatel/Desktop/Himanshi/speech_emotion_detection-develop-v2/ravdess_preprocessed/audio/Actor_04/03-01-07-02-01-02-04.wav,03-01-07-02-01-02-04.wav,4,train,6,disgust,6,disgust,0.9892261624336243
/Users/prarthanapatel/Desktop/Himanshi/speech_emotion_detection-develop-v2/ravdess_preprocessed/audio/Actor_04/03-01-07-02-02-01-04.wav,03-01-07-02-02-01-04.wav,4,train,6,disgust,6,disgust,0.9878069758415222
/Users/prarthanapatel/Desktop/Himanshi/speech_emotion_detection-develop-v2/ravdess_preprocessed/audio/Actor_04/03-01-07-02-02-02-04.wav,03-01-07-02-02-02-04.wav,4,train,6,disgust,6,disgust,0.9878778457641602
/Users/prarthanapatel/Desktop/Himanshi/speech_emotion_detection-develop-v2/ravdess_preprocessed/audio/Actor_04/03-01-08-01-01-01-04.wav,03-01-08-01-01-01-04.wav,4,train,7,surprised,7,surprised,0.9641693830490112
/Users/prarthanapatel/Desktop/Himanshi/speech_emotion_detection-develop-v2/ravdess_preprocessed/audio/Actor_04/03-01-08-01-01-02-04.wav,03-01-08-01-01-02-04.wav,4,train,7,surprised,7,surprised,0.9654217958450317
/Users/prarthanapatel/Desktop/Himanshi/speech_emotion_detection-develop-v2/ravdess_preprocessed/audio/Actor_04/03-01-08-01-02-01-04.wav,03-01-08-01-02-01-04.wav,4,train,7,surprised,7,surprised,0.9604693651199341
/Users/prarthanapatel/Desktop/Himanshi/speech_emotion_detection-develop-v2/ravdess_preprocessed/audio/Actor_04/03-01-08-01-02-02-04.wav,03-01-08-01-02-02-04.wav,4,train,7,surprised,7,surprised,0.9628171324729919
/Users/prarthanapatel/Desktop/Himanshi/speech_emotion_detection-develop-v2/ravdess_preprocessed/audio/Actor_04/03-01-08-02-01-01-04.wav,03-01-08-02-01-01-04.wav,4,train,7,surprised,7,surprised,0.9677616357803345
/Users/prarthanapatel/Desktop/Himanshi/speech_emotion_detection-develop-v2/ravdess_preprocessed/audio/Actor_04/03-01-08-02-01-02-04.wav,03-01-08-02-01-02-04.wav,4,train,7,surprised,7,surprised,0.966437816619873
/Users/prarthanapatel/Desktop/Himanshi/speech_emotion_detection-develop-v2/ravdess_preprocessed/audio/Actor_04/03-01-08-02-02-01-04.wav,03-01-08-02-02-01-04.wav,4,train,7,surprised,7,surprised,0.9667699933052063
/Users/prarthanapatel/Desktop/Himanshi/speech_emotion_detection-develop-v2/ravdess_preprocessed/audio/Actor_04/03-01-08-02-02-02-04.wav,03-01-08-02-02-02-04.wav,4,train,7,surprised,7,surprised,0.9663463234901428
/Users/prarthanapatel/Desktop/Himanshi/speech_emotion_detection-develop-v2/ravdess_preprocessed/audio/Actor_05/03-01-01-01-01-01-05.wav,03-01-01-01-01-01-05.wav,5,train,0,neutral,0,neutral,0.9518711566925049
/Users/prarthanapatel/Desktop/Himanshi/speech_emotion_detection-develop-v2/ravdess_preprocessed/audio/Actor_05/03-01-01-01-01-02-05.wav,03-01-01-01-01-02-05.wav,5,train,0,neutral,0,neutral,0.9523438811302185
/Users/prarthanapatel/Desktop/Himanshi/speech_emotion_detection-develop-v2/ravdess_preprocessed/audio/Actor_05/03-01-01-01-02-01-05.wav,03-01-01-01-02-01-05.wav,5,train,0,neutral,0,neutral,0.9539453387260437
/Users/prarthanapatel/Desktop/Himanshi/speech_emotion_detection-develop-v2/ravdess_preprocessed/audio/Actor_05/03-01-01-01-02-02-05.wav,03-01-01-01-02-02-05.wav,5,train,0,neutral,0,neutral,0.9510989189147949
/Users/prarthanapatel/Desktop/Himanshi/speech_emotion_detection-develop-v2/ravdess_preprocessed/audio/Actor_05/03-01-02-01-01-01-05.wav,03-01-02-01-01-01-05.wav,5,train,1,calm,1,calm,0.9702646136283875
/Users/prarthanapatel/Desktop/Himanshi/speech_emotion_detection-develop-v2/ravdess_preprocessed/audio/Actor_05/03-01-02-01-01-02-05.wav,03-01-02-01-01-02-05.wav,5,train,1,calm,1,calm,0.9748861789703369
/Users/prarthanapatel/Desktop/Himanshi/speech_emotion_detection-develop-v2/ravdess_preprocessed/audio/Actor_05/03-01-02-01-02-01-05.wav,03-01-02-01-02-01-05.wav,5,train,1,calm,1,calm,0.97120201587677
/Users/prarthanapatel/Desktop/Himanshi/speech_emotion_detection-develop-v2/ravdess_preprocessed/audio/Actor_05/03-01-02-01-02-02-05.wav,03-01-02-01-02-02-05.wav,5,train,1,calm,1,calm,0.9654362797737122
/Users/prarthanapatel/Desktop/Himanshi/speech_emotion_detection-develop-v2/ravdess_preprocessed/audio/Actor_05/03-01-02-02-01-01-05.wav,03-01-02-02-01-01-05.wav,5,train,1,calm,1,calm,0.9737721681594849
/Users/prarthanapatel/Desktop/Himanshi/speech_emotion_detection-develop-v2/ravdess_preprocessed/audio/Actor_05/03-01-02-02-01-02-05.wav,03-01-02-02-01-02-05.wav,5,train,1,calm,1,calm,0.976980447769165
/Users/prarthanapatel/Desktop/Himanshi/speech_emotion_detection-develop-v2/ravdess_preprocessed/audio/Actor_05/03-01-02-02-02-01-05.wav,03-01-02-02-02-01-05.wav,5,train,1,calm,1,calm,0.9747159481048584
/Users/prarthanapatel/Desktop/Himanshi/speech_emotion_detection-develop-v2/ravdess_preprocessed/audio/Actor_05/03-01-02-02-02-02-05.wav,03-01-02-02-02-02-05.wav,5,train,1,calm,1,calm,0.97597336769104
/Users/prarthanapatel/Desktop/Himanshi/speech_emotion_detection-develop-v2/ravdess_preprocessed/audio/Actor_05/03-01-03-01-01-01-05.wav,03-01-03-01-01-01-05.wav,5,train,2,happy,2,happy,0.9646307826042175
/Users/prarthanapatel/Desktop/Himanshi/speech_emotion_detection-develop-v2/ravdess_preprocessed/audio/Actor_05/03-01-03-01-01-02-05.wav,03-01-03-01-01-02-05.wav,5,train,2,happy,2,happy,0.9573357105255127
/Users/prarthanapatel/Desktop/Himanshi/speech_emotion_detection-develop-v2/ravdess_preprocessed/audio/Actor_05/03-01-03-01-02-01-05.wav,03-01-03-01-02-01-05.wav,5,train,2,happy,2,happy,0.9597835540771484
/Users/prarthanapatel/Desktop/Himanshi/speech_emotion_detection-develop-v2/ravdess_preprocessed/audio/Actor_05/03-01-03-01-02-02-05.wav,03-01-03-01-02-02-05.wav,5,train,2,happy,2,happy,0.9642213582992554
/Users/prarthanapatel/Desktop/Himanshi/speech_emotion_detection-develop-v2/ravdess_preprocessed/audio/Actor_05/03-01-03-02-01-01-05.wav,03-01-03-02-01-01-05.wav,5,train,2,happy,2,happy,0.9638105630874634
/Users/prarthanapatel/Desktop/Himanshi/speech_emotion_detection-develop-v2/ravdess_preprocessed/audio/Actor_05/03-01-03-02-01-02-05.wav,03-01-03-02-01-02-05.wav,5,train,2,happy,2,happy,0.9694618582725525
/Users/prarthanapatel/Desktop/Himanshi/speech_emotion_detection-develop-v2/ravdess_preprocessed/audio/Actor_05/03-01-03-02-02-01-05.wav,03-01-03-02-02-01-05.wav,5,train,2,happy,2,happy,0.972013533115387
/Users/prarthanapatel/Desktop/Himanshi/speech_emotion_detection-develop-v2/ravdess_preprocessed/audio/Actor_05/03-01-03-02-02-02-05.wav,03-01-03-02-02-02-05.wav,5,train,2,happy,2,happy,0.9690718650817871
/Users/prarthanapatel/Desktop/Himanshi/speech_emotion_detection-develop-v2/ravdess_preprocessed/audio/Actor_05/03-01-04-01-01-01-05.wav,03-01-04-01-01-01-05.wav,5,train,3,sad,3,sad,0.9652871489524841
/Users/prarthanapatel/Desktop/Himanshi/speech_emotion_detection-develop-v2/ravdess_preprocessed/audio/Actor_05/03-01-04-01-01-02-05.wav,03-01-04-01-01-02-05.wav,5,train,3,sad,3,sad,0.981751024723053
/Users/prarthanapatel/Desktop/Himanshi/speech_emotion_detection-develop-v2/ravdess_preprocessed/audio/Actor_05/03-01-04-01-02-01-05.wav,03-01-04-01-02-01-05.wav,5,train,3,sad,3,sad,0.9839445948600769
/Users/prarthanapatel/Desktop/Himanshi/speech_emotion_detection-develop-v2/ravdess_preprocessed/audio/Actor_05/03-01-04-01-02-02-05.wav,03-01-04-01-02-02-05.wav,5,train,3,sad,3,sad,0.9781724214553833
/Users/prarthanapatel/Desktop/Himanshi/speech_emotion_detection-develop-v2/ravdess_preprocessed/audio/Actor_05/03-01-04-02-01-01-05.wav,03-01-04-02-01-01-05.wav,5,train,3,sad,3,sad,0.9849849939346313
/Users/prarthanapatel/Desktop/Himanshi/speech_emotion_detection-develop-v2/ravdess_preprocessed/audio/Actor_05/03-01-04-02-01-02-05.wav,03-01-04-02-01-02-05.wav,5,train,3,sad,3,sad,0.985027551651001
/Users/prarthanapatel/Desktop/Himanshi/speech_emotion_detection-develop-v2/ravdess_preprocessed/audio/Actor_05/03-01-04-02-02-01-05.wav,03-01-04-02-02-01-05.wav,5,train,3,sad,3,sad,0.9867218732833862
/Users/prarthanapatel/Desktop/Himanshi/speech_emotion_detection-develop-v2/ravdess_preprocessed/audio/Actor_05/03-01-04-02-02-02-05.wav,03-01-04-02-02-02-05.wav,5,train,3,sad,3,sad,0.9843756556510925
/Users/prarthanapatel/Desktop/Himanshi/speech_emotion_detection-develop-v2/ravdess_preprocessed/audio/Actor_05/03-01-05-01-01-01-05.wav,03-01-05-01-01-01-05.wav,5,train,4,angry,4,angry,0.9878708720207214
/Users/prarthanapatel/Desktop/Himanshi/speech_emotion_detection-develop-v2/ravdess_preprocessed/audio/Actor_05/03-01-05-01-01-02-05.wav,03-01-05-01-01-02-05.wav,5,train,4,angry,4,angry,0.9886259436607361
/Users/prarthanapatel/Desktop/Himanshi/speech_emotion_detection-develop-v2/ravdess_preprocessed/audio/Actor_05/03-01-05-01-02-01-05.wav,03-01-05-01-02-01-05.wav,5,train,4,angry,4,angry,0.9838053584098816
/Users/prarthanapatel/Desktop/Himanshi/speech_emotion_detection-develop-v2/ravdess_preprocessed/audio/Actor_05/03-01-05-01-02-02-05.wav,03-01-05-01-02-02-05.wav,5,train,4,angry,4,angry,0.9874311685562134
/Users/prarthanapatel/Desktop/Himanshi/speech_emotion_detection-develop-v2/ravdess_preprocessed/audio/Actor_05/03-01-05-02-01-01-05.wav,03-01-05-02-01-01-05.wav,5,train,4,angry,4,angry,0.98902428150177
/Users/prarthanapatel/Desktop/Himanshi/speech_emotion_detection-develop-v2/ravdess_preprocessed/audio/Actor_05/03-01-05-02-01-02-05.wav,03-01-05-02-01-02-05.wav,5,train,4,angry,4,angry,0.9892736077308655
/Users/prarthanapatel/Desktop/Himanshi/speech_emotion_detection-develop-v2/ravdess_preprocessed/audio/Actor_05/03-01-05-02-02-01-05.wav,03-01-05-02-02-01-05.wav,5,train,4,angry,4,angry,0.9892169237136841
/Users/prarthanapatel/Desktop/Himanshi/speech_emotion_detection-develop-v2/ravdess_preprocessed/audio/Actor_05/03-01-05-02-02-02-05.wav,03-01-05-02-02-02-05.wav,5,train,4,angry,4,angry,0.9896398782730103
/Users/prarthanapatel/Desktop/Himanshi/speech_emotion_detection-develop-v2/ravdess_preprocessed/audio/Actor_05/03-01-06-01-01-01-05.wav,03-01-06-01-01-01-05.wav,5,train,5,fearful,5,fearful,0.979901909828186
/Users/prarthanapatel/Desktop/Himanshi/speech_emotion_detection-develop-v2/ravdess_preprocessed/audio/Actor_05/03-01-06-01-01-02-05.wav,03-01-06-01-01-02-05.wav,5,train,5,fearful,5,fearful,0.9765253663063049
/Users/prarthanapatel/Desktop/Himanshi/speech_emotion_detection-develop-v2/ravdess_preprocessed/audio/Actor_05/03-01-06-01-02-01-05.wav,03-01-06-01-02-01-05.wav,5,train,5,fearful,5,fearful,0.9679149389266968
/Users/prarthanapatel/Desktop/Himanshi/speech_emotion_detection-develop-v2/ravdess_preprocessed/audio/Actor_05/03-01-06-01-02-02-05.wav,03-01-06-01-02-02-05.wav,5,train,5,fearful,5,fearful,0.9785399436950684
/Users/prarthanapatel/Desktop/Himanshi/speech_emotion_detection-develop-v2/ravdess_preprocessed/audio/Actor_05/03-01-06-02-01-01-05.wav,03-01-06-02-01-01-05.wav,5,train,5,fearful,5,fearful,0.9874095320701599
/Users/prarthanapatel/Desktop/Himanshi/speech_emotion_detection-develop-v2/ravdess_preprocessed/audio/Actor_05/03-01-06-02-01-02-05.wav,03-01-06-02-01-02-05.wav,5,train,5,fearful,5,fearful,0.9858236312866211
/Users/prarthanapatel/Desktop/Himanshi/speech_emotion_detection-develop-v2/ravdess_preprocessed/audio/Actor_05/03-01-06-02-02-01-05.wav,03-01-06-02-02-01-05.wav,5,train,5,fearful,5,fearful,0.9858750700950623
/Users/prarthanapatel/Desktop/Himanshi/speech_emotion_detection-develop-v2/ravdess_preprocessed/audio/Actor_05/03-01-06-02-02-02-05.wav,03-01-06-02-02-02-05.wav,5,train,5,fearful,5,fearful,0.9851226210594177
/Users/prarthanapatel/Desktop/Himanshi/speech_emotion_detection-develop-v2/ravdess_preprocessed/audio/Actor_05/03-01-07-01-01-01-05.wav,03-01-07-01-01-01-05.wav,5,train,6,disgust,6,disgust,0.9877399802207947
/Users/prarthanapatel/Desktop/Himanshi/speech_emotion_detection-develop-v2/ravdess_preprocessed/audio/Actor_05/03-01-07-01-01-02-05.wav,03-01-07-01-01-02-05.wav,5,train,6,disgust,6,disgust,0.9877170920372009
/Users/prarthanapatel/Desktop/Himanshi/speech_emotion_detection-develop-v2/ravdess_preprocessed/audio/Actor_05/03-01-07-01-02-01-05.wav,03-01-07-01-02-01-05.wav,5,train,6,disgust,6,disgust,0.9888951778411865
/Users/prarthanapatel/Desktop/Himanshi/speech_emotion_detection-develop-v2/ravdess_preprocessed/audio/Actor_05/03-01-07-01-02-02-05.wav,03-01-07-01-02-02-05.wav,5,train,6,disgust,6,disgust,0.9869864583015442
/Users/prarthanapatel/Desktop/Himanshi/speech_emotion_detection-develop-v2/ravdess_preprocessed/audio/Actor_05/03-01-07-02-01-01-05.wav,03-01-07-02-01-01-05.wav,5,train,6,disgust,6,disgust,0.9854139089584351
/Users/prarthanapatel/Desktop/Himanshi/speech_emotion_detection-develop-v2/ravdess_preprocessed/audio/Actor_05/03-01-07-02-01-02-05.wav,03-01-07-02-01-02-05.wav,5,train,6,disgust,6,disgust,0.9884254932403564
/Users/prarthanapatel/Desktop/Himanshi/speech_emotion_detection-develop-v2/ravdess_preprocessed/audio/Actor_05/03-01-07-02-02-01-05.wav,03-01-07-02-02-01-05.wav,5,train,6,disgust,6,disgust,0.9899381399154663
/Users/prarthanapatel/Desktop/Himanshi/speech_emotion_detection-develop-v2/ravdess_preprocessed/audio/Actor_05/03-01-07-02-02-02-05.wav,03-01-07-02-02-02-05.wav,5,train,6,disgust,6,disgust,0.9902985692024231
/Users/prarthanapatel/Desktop/Himanshi/speech_emotion_detection-develop-v2/ravdess_preprocessed/audio/Actor_05/03-01-08-01-01-01-05.wav,03-01-08-01-01-01-05.wav,5,train,7,surprised,7,surprised,0.9654756784439087
/Users/prarthanapatel/Desktop/Himanshi/speech_emotion_detection-develop-v2/ravdess_preprocessed/audio/Actor_05/03-01-08-01-01-02-05.wav,03-01-08-01-01-02-05.wav,5,train,7,surprised,7,surprised,0.966343104839325
/Users/prarthanapatel/Desktop/Himanshi/speech_emotion_detection-develop-v2/ravdess_preprocessed/audio/Actor_05/03-01-08-01-02-01-05.wav,03-01-08-01-02-01-05.wav,5,train,7,surprised,7,surprised,0.9663790464401245
/Users/prarthanapatel/Desktop/Himanshi/speech_emotion_detection-develop-v2/ravdess_preprocessed/audio/Actor_05/03-01-08-01-02-02-05.wav,03-01-08-01-02-02-05.wav,5,train,7,surprised,7,surprised,0.9660474061965942
/Users/prarthanapatel/Desktop/Himanshi/speech_emotion_detection-develop-v2/ravdess_preprocessed/audio/Actor_05/03-01-08-02-01-01-05.wav,03-01-08-02-01-01-05.wav,5,train,7,surprised,7,surprised,0.9655313491821289
/Users/prarthanapatel/Desktop/Himanshi/speech_emotion_detection-develop-v2/ravdess_preprocessed/audio/Actor_05/03-01-08-02-01-02-05.wav,03-01-08-02-01-02-05.wav,5,train,7,surprised,7,surprised,0.9641242623329163
/Users/prarthanapatel/Desktop/Himanshi/speech_emotion_detection-develop-v2/ravdess_preprocessed/audio/Actor_05/03-01-08-02-02-01-05.wav,03-01-08-02-02-01-05.wav,5,train,7,surprised,7,surprised,0.966033935546875
/Users/prarthanapatel/Desktop/Himanshi/speech_emotion_detection-develop-v2/ravdess_preprocessed/audio/Actor_05/03-01-08-02-02-02-05.wav,03-01-08-02-02-02-05.wav,5,train,7,surprised,7,surprised,0.9657676815986633
/Users/prarthanapatel/Desktop/Himanshi/speech_emotion_detection-develop-v2/ravdess_preprocessed/audio/Actor_06/03-01-01-01-01-01-06.wav,03-01-01-01-01-01-06.wav,6,train,0,neutral,0,neutral,0.9487117528915405
/Users/prarthanapatel/Desktop/Himanshi/speech_emotion_detection-develop-v2/ravdess_preprocessed/audio/Actor_06/03-01-01-01-01-02-06.wav,03-01-01-01-01-02-06.wav,6,train,0,neutral,0,neutral,0.950853705406189
/Users/prarthanapatel/Desktop/Himanshi/speech_emotion_detection-develop-v2/ravdess_preprocessed/audio/Actor_06/03-01-01-01-02-01-06.wav,03-01-01-01-02-01-06.wav,6,train,0,neutral,0,neutral,0.9460108876228333
/Users/prarthanapatel/Desktop/Himanshi/speech_emotion_detection-develop-v2/ravdess_preprocessed/audio/Actor_06/03-01-01-01-02-02-06.wav,03-01-01-01-02-02-06.wav,6,train,0,neutral,0,neutral,0.9488352537155151
/Users/prarthanapatel/Desktop/Himanshi/speech_emotion_detection-develop-v2/ravdess_preprocessed/audio/Actor_06/03-01-02-01-01-01-06.wav,03-01-02-01-01-01-06.wav,6,train,1,calm,1,calm,0.9759223461151123
/Users/prarthanapatel/Desktop/Himanshi/speech_emotion_detection-develop-v2/ravdess_preprocessed/audio/Actor_06/03-01-02-01-01-02-06.wav,03-01-02-01-01-02-06.wav,6,train,1,calm,1,calm,0.976189136505127
/Users/prarthanapatel/Desktop/Himanshi/speech_emotion_detection-develop-v2/ravdess_preprocessed/audio/Actor_06/03-01-02-01-02-01-06.wav,03-01-02-01-02-01-06.wav,6,train,1,calm,1,calm,0.9750596880912781
/Users/prarthanapatel/Desktop/Himanshi/speech_emotion_detection-develop-v2/ravdess_preprocessed/audio/Actor_06/03-01-02-01-02-02-06.wav,03-01-02-01-02-02-06.wav,6,train,1,calm,1,calm,0.9708192944526672
/Users/prarthanapatel/Desktop/Himanshi/speech_emotion_detection-develop-v2/ravdess_preprocessed/audio/Actor_06/03-01-02-02-01-01-06.wav,03-01-02-02-01-01-06.wav,6,train,1,calm,1,calm,0.9748550057411194
/Users/prarthanapatel/Desktop/Himanshi/speech_emotion_detection-develop-v2/ravdess_preprocessed/audio/Actor_06/03-01-02-02-01-02-06.wav,03-01-02-02-01-02-06.wav,6,train,1,calm,1,calm,0.9743474125862122
/Users/prarthanapatel/Desktop/Himanshi/speech_emotion_detection-develop-v2/ravdess_preprocessed/audio/Actor_06/03-01-02-02-02-01-06.wav,03-01-02-02-02-01-06.wav,6,train,1,calm,1,calm,0.9749330878257751
/Users/prarthanapatel/Desktop/Himanshi/speech_emotion_detection-develop-v2/ravdess_preprocessed/audio/Actor_06/03-01-02-02-02-02-06.wav,03-01-02-02-02-02-06.wav,6,train,1,calm,1,calm,0.9746520519256592
/Users/prarthanapatel/Desktop/Himanshi/speech_emotion_detection-develop-v2/ravdess_preprocessed/audio/Actor_06/03-01-03-01-01-01-06.wav,03-01-03-01-01-01-06.wav,6,train,2,happy,2,happy,0.9731006026268005
/Users/prarthanapatel/Desktop/Himanshi/speech_emotion_detection-develop-v2/ravdess_preprocessed/audio/Actor_06/03-01-03-01-01-02-06.wav,03-01-03-01-01-02-06.wav,6,train,2,happy,2,happy,0.9716572165489197
/Users/prarthanapatel/Desktop/Himanshi/speech_emotion_detection-develop-v2/ravdess_preprocessed/audio/Actor_06/03-01-03-01-02-01-06.wav,03-01-03-01-02-01-06.wav,6,train,2,happy,2,happy,0.9731305241584778
/Users/prarthanapatel/Desktop/Himanshi/speech_emotion_detection-develop-v2/ravdess_preprocessed/audio/Actor_06/03-01-03-01-02-02-06.wav,03-01-03-01-02-02-06.wav,6,train,2,happy,2,happy,0.9743400812149048
/Users/prarthanapatel/Desktop/Himanshi/speech_emotion_detection-develop-v2/ravdess_preprocessed/audio/Actor_06/03-01-03-02-01-01-06.wav,03-01-03-02-01-01-06.wav,6,train,2,happy,2,happy,0.968675971031189
/Users/prarthanapatel/Desktop/Himanshi/speech_emotion_detection-develop-v2/ravdess_preprocessed/audio/Actor_06/03-01-03-02-01-02-06.wav,03-01-03-02-01-02-06.wav,6,train,2,happy,2,happy,0.9726224541664124
/Users/prarthanapatel/Desktop/Himanshi/speech_emotion_detection-develop-v2/ravdess_preprocessed/audio/Actor_06/03-01-03-02-02-01-06.wav,03-01-03-02-02-01-06.wav,6,train,2,happy,2,happy,0.969189465045929
/Users/prarthanapatel/Desktop/Himanshi/speech_emotion_detection-develop-v2/ravdess_preprocessed/audio/Actor_06/03-01-03-02-02-02-06.wav,03-01-03-02-02-02-06.wav,6,train,2,happy,2,happy,0.9738348126411438
/Users/prarthanapatel/Desktop/Himanshi/speech_emotion_detection-develop-v2/ravdess_preprocessed/audio/Actor_06/03-01-04-01-01-01-06.wav,03-01-04-01-01-01-06.wav,6,train,3,sad,3,sad,0.9821390509605408
/Users/prarthanapatel/Desktop/Himanshi/speech_emotion_detection-develop-v2/ravdess_preprocessed/audio/Actor_06/03-01-04-01-01-02-06.wav,03-01-04-01-01-02-06.wav,6,train,3,sad,3,sad,0.9807233214378357
/Users/prarthanapatel/Desktop/Himanshi/speech_emotion_detection-develop-v2/ravdess_preprocessed/audio/Actor_06/03-01-04-01-02-01-06.wav,03-01-04-01-02-01-06.wav,6,train,3,sad,3,sad,0.983984112739563
/Users/prarthanapatel/Desktop/Himanshi/speech_emotion_detection-develop-v2/ravdess_preprocessed/audio/Actor_06/03-01-04-01-02-02-06.wav,03-01-04-01-02-02-06.wav,6,train,3,sad,3,sad,0.9838743209838867
/Users/prarthanapatel/Desktop/Himanshi/speech_emotion_detection-develop-v2/ravdess_preprocessed/audio/Actor_06/03-01-04-02-01-01-06.wav,03-01-04-02-01-01-06.wav,6,train,3,sad,3,sad,0.984199047088623
/Users/prarthanapatel/Desktop/Himanshi/speech_emotion_detection-develop-v2/ravdess_preprocessed/audio/Actor_06/03-01-04-02-01-02-06.wav,03-01-04-02-01-02-06.wav,6,train,3,sad,3,sad,0.9861280918121338
/Users/prarthanapatel/Desktop/Himanshi/speech_emotion_detection-develop-v2/ravdess_preprocessed/audio/Actor_06/03-01-04-02-02-01-06.wav,03-01-04-02-02-01-06.wav,6,train,3,sad,3,sad,0.9827212691307068
/Users/prarthanapatel/Desktop/Himanshi/speech_emotion_detection-develop-v2/ravdess_preprocessed/audio/Actor_06/03-01-04-02-02-02-06.wav,03-01-04-02-02-02-06.wav,6,train,3,sad,3,sad,0.9836339354515076
/Users/prarthanapatel/Desktop/Himanshi/speech_emotion_detection-develop-v2/ravdess_preprocessed/audio/Actor_06/03-01-05-01-01-01-06.wav,03-01-05-01-01-01-06.wav,6,train,4,angry,4,angry,0.9868812561035156
/Users/prarthanapatel/Desktop/Himanshi/speech_emotion_detection-develop-v2/ravdess_preprocessed/audio/Actor_06/03-01-05-01-01-02-06.wav,03-01-05-01-01-02-06.wav,6,train,4,angry,4,angry,0.9879249334335327
/Users/prarthanapatel/Desktop/Himanshi/speech_emotion_detection-develop-v2/ravdess_preprocessed/audio/Actor_06/03-01-05-01-02-01-06.wav,03-01-05-01-02-01-06.wav,6,train,4,angry,4,angry,0.9874516129493713
/Users/prarthanapatel/Desktop/Himanshi/speech_emotion_detection-develop-v2/ravdess_preprocessed/audio/Actor_06/03-01-05-01-02-02-06.wav,03-01-05-01-02-02-06.wav,6,train,4,angry,4,angry,0.9869170188903809
/Users/prarthanapatel/Desktop/Himanshi/speech_emotion_detection-develop-v2/ravdess_preprocessed/audio/Actor_06/03-01-05-02-01-01-06.wav,03-01-05-02-01-01-06.wav,6,train,4,angry,4,angry,0.9866935610771179
/Users/prarthanapatel/Desktop/Himanshi/speech_emotion_detection-develop-v2/ravdess_preprocessed/audio/Actor_06/03-01-05-02-01-02-06.wav,03-01-05-02-01-02-06.wav,6,train,4,angry,4,angry,0.9863789081573486
/Users/prarthanapatel/Desktop/Himanshi/speech_emotion_detection-develop-v2/ravdess_preprocessed/audio/Actor_06/03-01-05-02-02-01-06.wav,03-01-05-02-02-01-06.wav,6,train,4,angry,4,angry,0.9880861043930054
/Users/prarthanapatel/Desktop/Himanshi/speech_emotion_detection-develop-v2/ravdess_preprocessed/audio/Actor_06/03-01-05-02-02-02-06.wav,03-01-05-02-02-02-06.wav,6,train,4,angry,4,angry,0.988318920135498
/Users/prarthanapatel/Desktop/Himanshi/speech_emotion_detection-develop-v2/ravdess_preprocessed/audio/Actor_06/03-01-06-01-01-01-06.wav,03-01-06-01-01-01-06.wav,6,train,5,fearful,5,fearful,0.9840960502624512
/Users/prarthanapatel/Desktop/Himanshi/speech_emotion_detection-develop-v2/ravdess_preprocessed/audio/Actor_06/03-01-06-01-01-02-06.wav,03-01-06-01-01-02-06.wav,6,train,5,fearful,5,fearful,0.9827193021774292
/Users/prarthanapatel/Desktop/Himanshi/speech_emotion_detection-develop-v2/ravdess_preprocessed/audio/Actor_06/03-01-06-01-02-01-06.wav,03-01-06-01-02-01-06.wav,6,train,5,fearful,5,fearful,0.9847151041030884
/Users/prarthanapatel/Desktop/Himanshi/speech_emotion_detection-develop-v2/ravdess_preprocessed/audio/Actor_06/03-01-06-01-02-02-06.wav,03-01-06-01-02-02-06.wav,6,train,5,fearful,5,fearful,0.9849545955657959
/Users/prarthanapatel/Desktop/Himanshi/speech_emotion_detection-develop-v2/ravdess_preprocessed/audio/Actor_06/03-01-06-02-01-01-06.wav,03-01-06-02-01-01-06.wav,6,train,5,fearful,5,fearful,0.9864502549171448
/Users/prarthanapatel/Desktop/Himanshi/speech_emotion_detection-develop-v2/ravdess_preprocessed/audio/Actor_06/03-01-06-02-01-02-06.wav,03-01-06-02-01-02-06.wav,6,train,5,fearful,5,fearful,0.9878928065299988
/Users/prarthanapatel/Desktop/Himanshi/speech_emotion_detection-develop-v2/ravdess_preprocessed/audio/Actor_06/03-01-06-02-02-01-06.wav,03-01-06-02-02-01-06.wav,6,train,5,fearful,5,fearful,0.9876599907875061
/Users/prarthanapatel/Desktop/Himanshi/speech_emotion_detection-develop-v2/ravdess_preprocessed/audio/Actor_06/03-01-06-02-02-02-06.wav,03-01-06-02-02-02-06.wav,6,train,5,fearful,5,fearful,0.9867667555809021
/Users/prarthanapatel/Desktop/Himanshi/speech_emotion_detection-develop-v2/ravdess_preprocessed/audio/Actor_06/03-01-07-01-01-01-06.wav,03-01-07-01-01-01-06.wav,6,train,6,disgust,6,disgust,0.9880358576774597
/Users/prarthanapatel/Desktop/Himanshi/speech_emotion_detection-develop-v2/ravdess_preprocessed/audio/Actor_06/03-01-07-01-01-02-06.wav,03-01-07-01-01-02-06.wav,6,train,6,disgust,6,disgust,0.9893026947975159
/Users/prarthanapatel/Desktop/Himanshi/speech_emotion_detection-develop-v2/ravdess_preprocessed/audio/Actor_06/03-01-07-01-02-01-06.wav,03-01-07-01-02-01-06.wav,6,train,6,disgust,6,disgust,0.9859541058540344
/Users/prarthanapatel/Desktop/Himanshi/speech_emotion_detection-develop-v2/ravdess_preprocessed/audio/Actor_06/03-01-07-01-02-02-06.wav,03-01-07-01-02-02-06.wav,6,train,6,disgust,6,disgust,0.9889471530914307
/Users/prarthanapatel/Desktop/Himanshi/speech_emotion_detection-develop-v2/ravdess_preprocessed/audio/Actor_06/03-01-07-02-01-01-06.wav,03-01-07-02-01-01-06.wav,6,train,6,disgust,6,disgust,0.989062488079071
/Users/prarthanapatel/Desktop/Himanshi/speech_emotion_detection-develop-v2/ravdess_preprocessed/audio/Actor_06/03-01-07-02-01-02-06.wav,03-01-07-02-01-02-06.wav,6,train,6,disgust,6,disgust,0.9890409111976624
/Users/prarthanapatel/Desktop/Himanshi/speech_emotion_detection-develop-v2/ravdess_preprocessed/audio/Actor_06/03-01-07-02-02-01-06.wav,03-01-07-02-02-01-06.wav,6,train,6,disgust,6,disgust,0.9894354343414307
/Users/prarthanapatel/Desktop/Himanshi/speech_emotion_detection-develop-v2/ravdess_preprocessed/audio/Actor_06/03-01-07-02-02-02-06.wav,03-01-07-02-02-02-06.wav,6,train,6,disgust,6,disgust,0.9886815547943115
/Users/prarthanapatel/Desktop/Himanshi/speech_emotion_detection-develop-v2/ravdess_preprocessed/audio/Actor_06/03-01-08-01-01-01-06.wav,03-01-08-01-01-01-06.wav,6,train,7,surprised,7,surprised,0.9597959518432617
/Users/prarthanapatel/Desktop/Himanshi/speech_emotion_detection-develop-v2/ravdess_preprocessed/audio/Actor_06/03-01-08-01-01-02-06.wav,03-01-08-01-01-02-06.wav,6,train,7,surprised,7,surprised,0.9638190865516663
/Users/prarthanapatel/Desktop/Himanshi/speech_emotion_detection-develop-v2/ravdess_preprocessed/audio/Actor_06/03-01-08-01-02-01-06.wav,03-01-08-01-02-01-06.wav,6,train,7,surprised,7,surprised,0.9611294269561768
/Users/prarthanapatel/Desktop/Himanshi/speech_emotion_detection-develop-v2/ravdess_preprocessed/audio/Actor_06/03-01-08-01-02-02-06.wav,03-01-08-01-02-02-06.wav,6,train,7,surprised,7,surprised,0.9605749845504761
/Users/prarthanapatel/Desktop/Himanshi/speech_emotion_detection-develop-v2/ravdess_preprocessed/audio/Actor_06/03-01-08-02-01-01-06.wav,03-01-08-02-01-01-06.wav,6,train,7,surprised,7,surprised,0.9565383791923523
/Users/prarthanapatel/Desktop/Himanshi/speech_emotion_detection-develop-v2/ravdess_preprocessed/audio/Actor_06/03-01-08-02-01-02-06.wav,03-01-08-02-01-02-06.wav,6,train,7,surprised,7,surprised,0.963301420211792
/Users/prarthanapatel/Desktop/Himanshi/speech_emotion_detection-develop-v2/ravdess_preprocessed/audio/Actor_06/03-01-08-02-02-01-06.wav,03-01-08-02-02-01-06.wav,6,train,7,surprised,7,surprised,0.9606819152832031
/Users/prarthanapatel/Desktop/Himanshi/speech_emotion_detection-develop-v2/ravdess_preprocessed/audio/Actor_06/03-01-08-02-02-02-06.wav,03-01-08-02-02-02-06.wav,6,train,7,surprised,7,surprised,0.9621837735176086
/Users/prarthanapatel/Desktop/Himanshi/speech_emotion_detection-develop-v2/ravdess_preprocessed/audio/Actor_07/03-01-01-01-01-01-07.wav,03-01-01-01-01-01-07.wav,7,train,0,neutral,0,neutral,0.9484575390815735
/Users/prarthanapatel/Desktop/Himanshi/speech_emotion_detection-develop-v2/ravdess_preprocessed/audio/Actor_07/03-01-01-01-01-02-07.wav,03-01-01-01-01-02-07.wav,7,train,0,neutral,0,neutral,0.9484480023384094
/Users/prarthanapatel/Desktop/Himanshi/speech_emotion_detection-develop-v2/ravdess_preprocessed/audio/Actor_07/03-01-01-01-02-01-07.wav,03-01-01-01-02-01-07.wav,7,train,0,neutral,0,neutral,0.9434226155281067
/Users/prarthanapatel/Desktop/Himanshi/speech_emotion_detection-develop-v2/ravdess_preprocessed/audio/Actor_07/03-01-01-01-02-02-07.wav,03-01-01-01-02-02-07.wav,7,train,0,neutral,0,neutral,0.9445832967758179
/Users/prarthanapatel/Desktop/Himanshi/speech_emotion_detection-develop-v2/ravdess_preprocessed/audio/Actor_07/03-01-02-01-01-01-07.wav,03-01-02-01-01-01-07.wav,7,train,1,calm,1,calm,0.9695960879325867
/Users/prarthanapatel/Desktop/Himanshi/speech_emotion_detection-develop-v2/ravdess_preprocessed/audio/Actor_07/03-01-02-01-01-02-07.wav,03-01-02-01-01-02-07.wav,7,train,1,calm,1,calm,0.9717214703559875
/Users/prarthanapatel/Desktop/Himanshi/speech_emotion_detection-develop-v2/ravdess_preprocessed/audio/Actor_07/03-01-02-01-02-01-07.wav,03-01-02-01-02-01-07.wav,7,train,1,calm,1,calm,0.9616674780845642
/Users/prarthanapatel/Desktop/Himanshi/speech_emotion_detection-develop-v2/ravdess_preprocessed/audio/Actor_07/03-01-02-01-02-02-07.wav,03-01-02-01-02-02-07.wav,7,train,1,calm,1,calm,0.9632022976875305
/Users/prarthanapatel/Desktop/Himanshi/speech_emotion_detection-develop-v2/ravdess_preprocessed/audio/Actor_07/03-01-02-02-01-01-07.wav,03-01-02-02-01-01-07.wav,7,train,1,calm,1,calm,0.975333571434021
/Users/prarthanapatel/Desktop/Himanshi/speech_emotion_detection-develop-v2/ravdess_preprocessed/audio/Actor_07/03-01-02-02-01-02-07.wav,03-01-02-02-01-02-07.wav,7,train,1,calm,1,calm,0.9738017916679382
/Users/prarthanapatel/Desktop/Himanshi/speech_emotion_detection-develop-v2/ravdess_preprocessed/audio/Actor_07/03-01-02-02-02-01-07.wav,03-01-02-02-02-01-07.wav,7,train,1,calm,1,calm,0.9738141298294067
/Users/prarthanapatel/Desktop/Himanshi/speech_emotion_detection-develop-v2/ravdess_preprocessed/audio/Actor_07/03-01-02-02-02-02-07.wav,03-01-02-02-02-02-07.wav,7,train,1,calm,1,calm,0.9739349484443665
/Users/prarthanapatel/Desktop/Himanshi/speech_emotion_detection-develop-v2/ravdess_preprocessed/audio/Actor_07/03-01-03-01-01-01-07.wav,03-01-03-01-01-01-07.wav,7,train,2,happy,2,happy,0.9621725678443909
/Users/prarthanapatel/Desktop/Himanshi/speech_emotion_detection-develop-v2/ravdess_preprocessed/audio/Actor_07/03-01-03-01-01-02-07.wav,03-01-03-01-01-02-07.wav,7,train,2,happy,2,happy,0.9605749845504761
/Users/prarthanapatel/Desktop/Himanshi/speech_emotion_detection-develop-v2/ravdess_preprocessed/audio/Actor_07/03-01-03-01-02-01-07.wav,03-01-03-01-02-01-07.wav,7,train,2,happy,2,happy,0.9668419361114502
/Users/prarthanapatel/Desktop/Himanshi/speech_emotion_detection-develop-v2/ravdess_preprocessed/audio/Actor_07/03-01-03-01-02-02-07.wav,03-01-03-01-02-02-07.wav,7,train,2,happy,2,happy,0.9668419361114502
/Users/prarthanapatel/Desktop/Himanshi/speech_emotion_detection-develop-v2/ravdess_preprocessed/audio/Actor_07/03-01-03-02-01-01-07.wav,03-01-03-02-01-01-07.wav,7,train,2,happy,2,happy,0.9727990627288818
/Users/prarthanapatel/Desktop/Himanshi/speech_emotion_detection-develop-v2/ravdess_preprocessed/audio/Actor_07/03-01-03-02-01-02-07.wav,03-01-03-02-01-02-07.wav,7,train,2,happy,2,happy,0.970827043056488
/Users/prarthanapatel/Desktop/Himanshi/speech_emotion_detection-develop-v2/ravdess_preprocessed/audio/Actor_07/03-01-03-02-02-01-07.wav,03-01-03-02-02-01-07.wav,7,train,2,happy,2,happy,0.9681891798973083
/Users/prarthanapatel/Desktop/Himanshi/speech_emotion_detection-develop-v2/ravdess_preprocessed/audio/Actor_07/03-01-03-02-02-02-07.wav,03-01-03-02-02-02-07.wav,7,train,2,happy,2,happy,0.9711744785308838
/Users/prarthanapatel/Desktop/Himanshi/speech_emotion_detection-develop-v2/ravdess_preprocessed/audio/Actor_07/03-01-04-01-01-01-07.wav,03-01-04-01-01-01-07.wav,7,train,3,sad,3,sad,0.982107937335968
/Users/prarthanapatel/Desktop/Himanshi/speech_emotion_detection-develop-v2/ravdess_preprocessed/audio/Actor_07/03-01-04-01-01-02-07.wav,03-01-04-01-01-02-07.wav,7,train,3,sad,3,sad,0.9824239611625671
/Users/prarthanapatel/Desktop/Himanshi/speech_emotion_detection-develop-v2/ravdess_preprocessed/audio/Actor_07/03-01-04-01-02-01-07.wav,03-01-04-01-02-01-07.wav,7,train,3,sad,3,sad,0.983115017414093
/Users/prarthanapatel/Desktop/Himanshi/speech_emotion_detection-develop-v2/ravdess_preprocessed/audio/Actor_07/03-01-04-01-02-02-07.wav,03-01-04-01-02-02-07.wav,7,train,3,sad,3,sad,0.9805041551589966
/Users/prarthanapatel/Desktop/Himanshi/speech_emotion_detection-develop-v2/ravdess_preprocessed/audio/Actor_07/03-01-04-02-01-01-07.wav,03-01-04-02-01-01-07.wav,7,train,3,sad,3,sad,0.9859322309494019
/Users/prarthanapatel/Desktop/Himanshi/speech_emotion_detection-develop-v2/ravdess_preprocessed/audio/Actor_07/03-01-04-02-01-02-07.wav,03-01-04-02-01-02-07.wav,7,train,3,sad,3,sad,0.9859785437583923
/Users/prarthanapatel/Desktop/Himanshi/speech_emotion_detection-develop-v2/ravdess_preprocessed/audio/Actor_07/03-01-04-02-02-01-07.wav,03-01-04-02-02-01-07.wav,7,train,3,sad,3,sad,0.9855578541755676
/Users/prarthanapatel/Desktop/Himanshi/speech_emotion_detection-develop-v2/ravdess_preprocessed/audio/Actor_07/03-01-04-02-02-02-07.wav,03-01-04-02-02-02-07.wav,7,train,3,sad,3,sad,0.986075222492218
/Users/prarthanapatel/Desktop/Himanshi/speech_emotion_detection-develop-v2/ravdess_preprocessed/audio/Actor_07/03-01-05-01-01-01-07.wav,03-01-05-01-01-01-07.wav,7,train,4,angry,4,angry,0.9858546853065491
/Users/prarthanapatel/Desktop/Himanshi/speech_emotion_detection-develop-v2/ravdess_preprocessed/audio/Actor_07/03-01-05-01-01-02-07.wav,03-01-05-01-01-02-07.wav,7,train,4,angry,4,angry,0.9887598752975464
/Users/prarthanapatel/Desktop/Himanshi/speech_emotion_detection-develop-v2/ravdess_preprocessed/audio/Actor_07/03-01-05-01-02-01-07.wav,03-01-05-01-02-01-07.wav,7,train,4,angry,4,angry,0.9876688122749329
/Users/prarthanapatel/Desktop/Himanshi/speech_emotion_detection-develop-v2/ravdess_preprocessed/audio/Actor_07/03-01-05-01-02-02-07.wav,03-01-05-01-02-02-07.wav,7,train,4,angry,4,angry,0.9872745275497437
/Users/prarthanapatel/Desktop/Himanshi/speech_emotion_detection-develop-v2/ravdess_preprocessed/audio/Actor_07/03-01-05-02-01-01-07.wav,03-01-05-02-01-01-07.wav,7,train,4,angry,4,angry,0.9866194128990173
/Users/prarthanapatel/Desktop/Himanshi/speech_emotion_detection-develop-v2/ravdess_preprocessed/audio/Actor_07/03-01-05-02-01-02-07.wav,03-01-05-02-01-02-07.wav,7,train,4,angry,4,angry,0.9895177483558655
/Users/prarthanapatel/Desktop/Himanshi/speech_emotion_detection-develop-v2/ravdess_preprocessed/audio/Actor_07/03-01-05-02-02-01-07.wav,03-01-05-02-02-01-07.wav,7,train,4,angry,4,angry,0.9900542497634888
/Users/prarthanapatel/Desktop/Himanshi/speech_emotion_detection-develop-v2/ravdess_preprocessed/audio/Actor_07/03-01-05-02-02-02-07.wav,03-01-05-02-02-02-07.wav,7,train,4,angry,4,angry,0.9898943305015564
/Users/prarthanapatel/Desktop/Himanshi/speech_emotion_detection-develop-v2/ravdess_preprocessed/audio/Actor_07/03-01-06-01-01-01-07.wav,03-01-06-01-01-01-07.wav,7,train,5,fearful,5,fearful,0.9829766750335693
/Users/prarthanapatel/Desktop/Himanshi/speech_emotion_detection-develop-v2/ravdess_preprocessed/audio/Actor_07/03-01-06-01-01-02-07.wav,03-01-06-01-01-02-07.wav,7,train,5,fearful,5,fearful,0.9839401245117188
/Users/prarthanapatel/Desktop/Himanshi/speech_emotion_detection-develop-v2/ravdess_preprocessed/audio/Actor_07/03-01-06-01-02-01-07.wav,03-01-06-01-02-01-07.wav,7,train,5,fearful,5,fearful,0.9845436215400696
/Users/prarthanapatel/Desktop/Himanshi/speech_emotion_detection-develop-v2/ravdess_preprocessed/audio/Actor_07/03-01-06-01-02-02-07.wav,03-01-06-01-02-02-07.wav,7,train,5,fearful,5,fearful,0.9854395985603333
/Users/prarthanapatel/Desktop/Himanshi/speech_emotion_detection-develop-v2/ravdess_preprocessed/audio/Actor_07/03-01-06-02-01-01-07.wav,03-01-06-02-01-01-07.wav,7,train,5,fearful,5,fearful,0.9867082834243774
/Users/prarthanapatel/Desktop/Himanshi/speech_emotion_detection-develop-v2/ravdess_preprocessed/audio/Actor_07/03-01-06-02-01-02-07.wav,03-01-06-02-01-02-07.wav,7,train,5,fearful,5,fearful,0.9852708578109741
/Users/prarthanapatel/Desktop/Himanshi/speech_emotion_detection-develop-v2/ravdess_preprocessed/audio/Actor_07/03-01-06-02-02-01-07.wav,03-01-06-02-02-01-07.wav,7,train,5,fearful,5,fearful,0.9859617352485657
/Users/prarthanapatel/Desktop/Himanshi/speech_emotion_detection-develop-v2/ravdess_preprocessed/audio/Actor_07/03-01-06-02-02-02-07.wav,03-01-06-02-02-02-07.wav,7,train,5,fearful,5,fearful,0.9812480211257935
/Users/prarthanapatel/Desktop/Himanshi/speech_emotion_detection-develop-v2/ravdess_preprocessed/audio/Actor_07/03-01-07-01-01-01-07.wav,03-01-07-01-01-01-07.wav,7,train,6,disgust,6,disgust,0.988405704498291
/Users/prarthanapatel/Desktop/Himanshi/speech_emotion_detection-develop-v2/ravdess_preprocessed/audio/Actor_07/03-01-07-01-01-02-07.wav,03-01-07-01-01-02-07.wav,7,train,6,disgust,6,disgust,0.9855162501335144
/Users/prarthanapatel/Desktop/Himanshi/speech_emotion_detection-develop-v2/ravdess_preprocessed/audio/Actor_07/03-01-07-01-02-01-07.wav,03-01-07-01-02-01-07.wav,7,train,6,disgust,6,disgust,0.9837473034858704
/Users/prarthanapatel/Desktop/Himanshi/speech_emotion_detection-develop-v2/ravdess_preprocessed/audio/Actor_07/03-01-07-01-02-02-07.wav,03-01-07-01-02-02-07.wav,7,train,6,disgust,6,disgust,0.9882586002349854
/Users/prarthanapatel/Desktop/Himanshi/speech_emotion_detection-develop-v2/ravdess_preprocessed/audio/Actor_07/03-01-07-02-01-01-07.wav,03-01-07-02-01-01-07.wav,7,train,6,disgust,6,disgust,0.9885750412940979
/Users/prarthanapatel/Desktop/Himanshi/speech_emotion_detection-develop-v2/ravdess_preprocessed/audio/Actor_07/03-01-07-02-01-02-07.wav,03-01-07-02-01-02-07.wav,7,train,6,disgust,6,disgust,0.9891414642333984
/Users/prarthanapatel/Desktop/Himanshi/speech_emotion_detection-develop-v2/ravdess_preprocessed/audio/Actor_07/03-01-07-02-02-01-07.wav,03-01-07-02-02-01-07.wav,7,train,6,disgust,6,disgust,0.9785722494125366
/Users/prarthanapatel/Desktop/Himanshi/speech_emotion_detection-develop-v2/ravdess_preprocessed/audio/Actor_07/03-01-07-02-02-02-07.wav,03-01-07-02-02-02-07.wav,7,train,6,disgust,6,disgust,0.9893434047698975
/Users/prarthanapatel/Desktop/Himanshi/speech_emotion_detection-develop-v2/ravdess_preprocessed/audio/Actor_07/03-01-08-01-01-01-07.wav,03-01-08-01-01-01-07.wav,7,train,7,surprised,7,surprised,0.9587792754173279
/Users/prarthanapatel/Desktop/Himanshi/speech_emotion_detection-develop-v2/ravdess_preprocessed/audio/Actor_07/03-01-08-01-01-02-07.wav,03-01-08-01-01-02-07.wav,7,train,7,surprised,7,surprised,0.9604926705360413
/Users/prarthanapatel/Desktop/Himanshi/speech_emotion_detection-develop-v2/ravdess_preprocessed/audio/Actor_07/03-01-08-01-02-01-07.wav,03-01-08-01-02-01-07.wav,7,train,7,surprised,7,surprised,0.9633157849311829
/Users/prarthanapatel/Desktop/Himanshi/speech_emotion_detection-develop-v2/ravdess_preprocessed/audio/Actor_07/03-01-08-01-02-02-07.wav,03-01-08-01-02-02-07.wav,7,train,7,surprised,7,surprised,0.9594829678535461
/Users/prarthanapatel/Desktop/Himanshi/speech_emotion_detection-develop-v2/ravdess_preprocessed/audio/Actor_07/03-01-08-02-01-01-07.wav,03-01-08-02-01-01-07.wav,7,train,7,surprised,7,surprised,0.9647924304008484
/Users/prarthanapatel/Desktop/Himanshi/speech_emotion_detection-develop-v2/ravdess_preprocessed/audio/Actor_07/03-01-08-02-01-02-07.wav,03-01-08-02-01-02-07.wav,7,train,7,surprised,7,surprised,0.9651804566383362
/Users/prarthanapatel/Desktop/Himanshi/speech_emotion_detection-develop-v2/ravdess_preprocessed/audio/Actor_07/03-01-08-02-02-01-07.wav,03-01-08-02-02-01-07.wav,7,train,7,surprised,7,surprised,0.9627341628074646
/Users/prarthanapatel/Desktop/Himanshi/speech_emotion_detection-develop-v2/ravdess_preprocessed/audio/Actor_07/03-01-08-02-02-02-07.wav,03-01-08-02-02-02-07.wav,7,train,7,surprised,7,surprised,0.9637598395347595
/Users/prarthanapatel/Desktop/Himanshi/speech_emotion_detection-develop-v2/ravdess_preprocessed/audio/Actor_08/03-01-01-01-01-01-08.wav,03-01-01-01-01-01-08.wav,8,train,0,neutral,0,neutral,0.9515752792358398
/Users/prarthanapatel/Desktop/Himanshi/speech_emotion_detection-develop-v2/ravdess_preprocessed/audio/Actor_08/03-01-01-01-01-02-08.wav,03-01-01-01-01-02-08.wav,8,train,0,neutral,0,neutral,0.9520824551582336
/Users/prarthanapatel/Desktop/Himanshi/speech_emotion_detection-develop-v2/ravdess_preprocessed/audio/Actor_08/03-01-01-01-02-01-08.wav,03-01-01-01-02-01-08.wav,8,train,0,neutral,0,neutral,0.952181339263916
/Users/prarthanapatel/Desktop/Himanshi/speech_emotion_detection-develop-v2/ravdess_preprocessed/audio/Actor_08/03-01-01-01-02-02-08.wav,03-01-01-01-02-02-08.wav,8,train,0,neutral,0,neutral,0.9505327939987183
/Users/prarthanapatel/Desktop/Himanshi/speech_emotion_detection-develop-v2/ravdess_preprocessed/audio/Actor_08/03-01-02-01-01-01-08.wav,03-01-02-01-01-01-08.wav,8,train,1,calm,1,calm,0.9704312086105347
/Users/prarthanapatel/Desktop/Himanshi/speech_emotion_detection-develop-v2/ravdess_preprocessed/audio/Actor_08/03-01-02-01-01-02-08.wav,03-01-02-01-01-02-08.wav,8,train,1,calm,1,calm,0.97055983543396
/Users/prarthanapatel/Desktop/Himanshi/speech_emotion_detection-develop-v2/ravdess_preprocessed/audio/Actor_08/03-01-02-01-02-01-08.wav,03-01-02-01-02-01-08.wav,8,train,1,calm,1,calm,0.9669665694236755
/Users/prarthanapatel/Desktop/Himanshi/speech_emotion_detection-develop-v2/ravdess_preprocessed/audio/Actor_08/03-01-02-01-02-02-08.wav,03-01-02-01-02-02-08.wav,8,train,1,calm,1,calm,0.9704325199127197
/Users/prarthanapatel/Desktop/Himanshi/speech_emotion_detection-develop-v2/ravdess_preprocessed/audio/Actor_08/03-01-02-02-01-01-08.wav,03-01-02-02-01-01-08.wav,8,train,1,calm,1,calm,0.9736774563789368
/Users/prarthanapatel/Desktop/Himanshi/speech_emotion_detection-develop-v2/ravdess_preprocessed/audio/Actor_08/03-01-02-02-01-02-08.wav,03-01-02-02-01-02-08.wav,8,train,1,calm,1,calm,0.9743140339851379
/Users/prarthanapatel/Desktop/Himanshi/speech_emotion_detection-develop-v2/ravdess_preprocessed/audio/Actor_08/03-01-02-02-02-01-08.wav,03-01-02-02-02-01-08.wav,8,train,1,calm,1,calm,0.9724922180175781
/Users/prarthanapatel/Desktop/Himanshi/speech_emotion_detection-develop-v2/ravdess_preprocessed/audio/Actor_08/03-01-02-02-02-02-08.wav,03-01-02-02-02-02-08.wav,8,train,1,calm,1,calm,0.9730503559112549
/Users/prarthanapatel/Desktop/Himanshi/speech_emotion_detection-develop-v2/ravdess_preprocessed/audio/Actor_08/03-01-03-01-01-01-08.wav,03-01-03-01-01-01-08.wav,8,train,2,happy,2,happy,0.9680905342102051
/Users/prarthanapatel/Desktop/Himanshi/speech_emotion_detection-develop-v2/ravdess_preprocessed/audio/Actor_08/03-01-03-01-01-02-08.wav,03-01-03-01-01-02-08.wav,8,train,2,happy,2,happy,0.970699667930603
/Users/prarthanapatel/Desktop/Himanshi/speech_emotion_detection-develop-v2/ravdess_preprocessed/audio/Actor_08/03-01-03-01-02-01-08.wav,03-01-03-01-02-01-08.wav,8,train,2,happy,2,happy,0.9685852527618408
/Users/prarthanapatel/Desktop/Himanshi/speech_emotion_detection-develop-v2/ravdess_preprocessed/audio/Actor_08/03-01-03-01-02-02-08.wav,03-01-03-01-02-02-08.wav,8,train,2,happy,2,happy,0.9725812673568726
/Users/prarthanapatel/Desktop/Himanshi/speech_emotion_detection-develop-v2/ravdess_preprocessed/audio/Actor_08/03-01-03-02-01-01-08.wav,03-01-03-02-01-01-08.wav,8,train,2,happy,2,happy,0.9746735692024231
/Users/prarthanapatel/Desktop/Himanshi/speech_emotion_detection-develop-v2/ravdess_preprocessed/audio/Actor_08/03-01-03-02-01-02-08.wav,03-01-03-02-01-02-08.wav,8,train,2,happy,2,happy,0.9743067622184753
/Users/prarthanapatel/Desktop/Himanshi/speech_emotion_detection-develop-v2/ravdess_preprocessed/audio/Actor_08/03-01-03-02-02-01-08.wav,03-01-03-02-02-01-08.wav,8,train,2,happy,2,happy,0.9743521809577942
/Users/prarthanapatel/Desktop/Himanshi/speech_emotion_detection-develop-v2/ravdess_preprocessed/audio/Actor_08/03-01-03-02-02-02-08.wav,03-01-03-02-02-02-08.wav,8,train,2,happy,2,happy,0.9711167812347412
/Users/prarthanapatel/Desktop/Himanshi/speech_emotion_detection-develop-v2/ravdess_preprocessed/audio/Actor_08/03-01-04-01-01-01-08.wav,03-01-04-01-01-01-08.wav,8,train,3,sad,3,sad,0.9852713346481323
/Users/prarthanapatel/Desktop/Himanshi/speech_emotion_detection-develop-v2/ravdess_preprocessed/audio/Actor_08/03-01-04-01-01-02-08.wav,03-01-04-01-01-02-08.wav,8,train,3,sad,3,sad,0.9841492772102356
/Users/prarthanapatel/Desktop/Himanshi/speech_emotion_detection-develop-v2/ravdess_preprocessed/audio/Actor_08/03-01-04-01-02-01-08.wav,03-01-04-01-02-01-08.wav,8,train,3,sad,3,sad,0.985469400882721
/Users/prarthanapatel/Desktop/Himanshi/speech_emotion_detection-develop-v2/ravdess_preprocessed/audio/Actor_08/03-01-04-01-02-02-08.wav,03-01-04-01-02-02-08.wav,8,train,3,sad,3,sad,0.9839089512825012
/Users/prarthanapatel/Desktop/Himanshi/speech_emotion_detection-develop-v2/ravdess_preprocessed/audio/Actor_08/03-01-04-02-01-01-08.wav,03-01-04-02-01-01-08.wav,8,train,3,sad,3,sad,0.9860823154449463
/Users/prarthanapatel/Desktop/Himanshi/speech_emotion_detection-develop-v2/ravdess_preprocessed/audio/Actor_08/03-01-04-02-01-02-08.wav,03-01-04-02-01-02-08.wav,8,train,3,sad,3,sad,0.9864792227745056
/Users/prarthanapatel/Desktop/Himanshi/speech_emotion_detection-develop-v2/ravdess_preprocessed/audio/Actor_08/03-01-04-02-02-01-08.wav,03-01-04-02-02-01-08.wav,8,train,3,sad,3,sad,0.9865728616714478
/Users/prarthanapatel/Desktop/Himanshi/speech_emotion_detection-develop-v2/ravdess_preprocessed/audio/Actor_08/03-01-04-02-02-02-08.wav,03-01-04-02-02-02-08.wav,8,train,3,sad,3,sad,0.9859463572502136
/Users/prarthanapatel/Desktop/Himanshi/speech_emotion_detection-develop-v2/ravdess_preprocessed/audio/Actor_08/03-01-05-01-01-01-08.wav,03-01-05-01-01-01-08.wav,8,train,4,angry,4,angry,0.9864696264266968
/Users/prarthanapatel/Desktop/Himanshi/speech_emotion_detection-develop-v2/ravdess_preprocessed/audio/Actor_08/03-01-05-01-01-02-08.wav,03-01-05-01-01-02-08.wav,8,train,4,angry,4,angry,0.9875606894493103
/Users/prarthanapatel/Desktop/Himanshi/speech_emotion_detection-develop-v2/ravdess_preprocessed/audio/Actor_08/03-01-05-01-02-01-08.wav,03-01-05-01-02-01-08.wav,8,train,4,angry,4,angry,0.98731529712677
/Users/prarthanapatel/Desktop/Himanshi/speech_emotion_detection-develop-v2/ravdess_preprocessed/audio/Actor_08/03-01-05-01-02-02-08.wav,03-01-05-01-02-02-08.wav,8,train,4,angry,4,angry,0.987095832824707
/Users/prarthanapatel/Desktop/Himanshi/speech_emotion_detection-develop-v2/ravdess_preprocessed/audio/Actor_08/03-01-05-02-01-01-08.wav,03-01-05-02-01-01-08.wav,8,train,4,angry,4,angry,0.9866199493408203
/Users/prarthanapatel/Desktop/Himanshi/speech_emotion_detection-develop-v2/ravdess_preprocessed/audio/Actor_08/03-01-05-02-01-02-08.wav,03-01-05-02-01-02-08.wav,8,train,4,angry,4,angry,0.9886628985404968
/Users/prarthanapatel/Desktop/Himanshi/speech_emotion_detection-develop-v2/ravdess_preprocessed/audio/Actor_08/03-01-05-02-02-01-08.wav,03-01-05-02-02-01-08.wav,8,train,4,angry,4,angry,0.989048182964325
/Users/prarthanapatel/Desktop/Himanshi/speech_emotion_detection-develop-v2/ravdess_preprocessed/audio/Actor_08/03-01-05-02-02-02-08.wav,03-01-05-02-02-02-08.wav,8,train,4,angry,4,angry,0.9892075061798096
/Users/prarthanapatel/Desktop/Himanshi/speech_emotion_detection-develop-v2/ravdess_preprocessed/audio/Actor_08/03-01-06-01-01-01-08.wav,03-01-06-01-01-01-08.wav,8,train,5,fearful,5,fearful,0.986138641834259
/Users/prarthanapatel/Desktop/Himanshi/speech_emotion_detection-develop-v2/ravdess_preprocessed/audio/Actor_08/03-01-06-01-01-02-08.wav,03-01-06-01-01-02-08.wav,8,train,5,fearful,5,fearful,0.9854295253753662
/Users/prarthanapatel/Desktop/Himanshi/speech_emotion_detection-develop-v2/ravdess_preprocessed/audio/Actor_08/03-01-06-01-02-01-08.wav,03-01-06-01-02-01-08.wav,8,train,5,fearful,5,fearful,0.9827064275741577
/Users/prarthanapatel/Desktop/Himanshi/speech_emotion_detection-develop-v2/ravdess_preprocessed/audio/Actor_08/03-01-06-01-02-02-08.wav,03-01-06-01-02-02-08.wav,8,train,5,fearful,5,fearful,0.984377920627594
/Users/prarthanapatel/Desktop/Himanshi/speech_emotion_detection-develop-v2/ravdess_preprocessed/audio/Actor_08/03-01-06-02-01-01-08.wav,03-01-06-02-01-01-08.wav,8,train,5,fearful,5,fearful,0.9874831438064575
/Users/prarthanapatel/Desktop/Himanshi/speech_emotion_detection-develop-v2/ravdess_preprocessed/audio/Actor_08/03-01-06-02-01-02-08.wav,03-01-06-02-01-02-08.wav,8,train,5,fearful,5,fearful,0.9857863187789917
/Users/prarthanapatel/Desktop/Himanshi/speech_emotion_detection-develop-v2/ravdess_preprocessed/audio/Actor_08/03-01-06-02-02-01-08.wav,03-01-06-02-02-01-08.wav,8,train,5,fearful,5,fearful,0.9877527952194214
/Users/prarthanapatel/Desktop/Himanshi/speech_emotion_detection-develop-v2/ravdess_preprocessed/audio/Actor_08/03-01-06-02-02-02-08.wav,03-01-06-02-02-02-08.wav,8,train,5,fearful,5,fearful,0.9875596165657043
/Users/prarthanapatel/Desktop/Himanshi/speech_emotion_detection-develop-v2/ravdess_preprocessed/audio/Actor_08/03-01-07-01-01-01-08.wav,03-01-07-01-01-01-08.wav,8,train,6,disgust,6,disgust,0.9875679016113281
/Users/prarthanapatel/Desktop/Himanshi/speech_emotion_detection-develop-v2/ravdess_preprocessed/audio/Actor_08/03-01-07-01-01-02-08.wav,03-01-07-01-01-02-08.wav,8,train,6,disgust,6,disgust,0.9873987436294556
/Users/prarthanapatel/Desktop/Himanshi/speech_emotion_detection-develop-v2/ravdess_preprocessed/audio/Actor_08/03-01-07-01-02-01-08.wav,03-01-07-01-02-01-08.wav,8,train,6,disgust,6,disgust,0.9884335398674011
/Users/prarthanapatel/Desktop/Himanshi/speech_emotion_detection-develop-v2/ravdess_preprocessed/audio/Actor_08/03-01-07-01-02-02-08.wav,03-01-07-01-02-02-08.wav,8,train,6,disgust,6,disgust,0.988278865814209
/Users/prarthanapatel/Desktop/Himanshi/speech_emotion_detection-develop-v2/ravdess_preprocessed/audio/Actor_08/03-01-07-02-01-01-08.wav,03-01-07-02-01-01-08.wav,8,train,6,disgust,6,disgust,0.989285409450531
/Users/prarthanapatel/Desktop/Himanshi/speech_emotion_detection-develop-v2/ravdess_preprocessed/audio/Actor_08/03-01-07-02-01-02-08.wav,03-01-07-02-01-02-08.wav,8,train,6,disgust,6,disgust,0.9893119931221008
/Users/prarthanapatel/Desktop/Himanshi/speech_emotion_detection-develop-v2/ravdess_preprocessed/audio/Actor_08/03-01-07-02-02-01-08.wav,03-01-07-02-02-01-08.wav,8,train,6,disgust,6,disgust,0.9884844422340393
/Users/prarthanapatel/Desktop/Himanshi/speech_emotion_detection-develop-v2/ravdess_preprocessed/audio/Actor_08/03-01-07-02-02-02-08.wav,03-01-07-02-02-02-08.wav,8,train,6,disgust,6,disgust,0.9892487525939941
/Users/prarthanapatel/Desktop/Himanshi/speech_emotion_detection-develop-v2/ravdess_preprocessed/audio/Actor_08/03-01-08-01-01-01-08.wav,03-01-08-01-01-01-08.wav,8,train,7,surprised,7,surprised,0.9616281986236572
/Users/prarthanapatel/Desktop/Himanshi/speech_emotion_detection-develop-v2/ravdess_preprocessed/audio/Actor_08/03-01-08-01-01-02-08.wav,03-01-08-01-01-02-08.wav,8,train,7,surprised,7,surprised,0.9638450145721436
/Users/prarthanapatel/Desktop/Himanshi/speech_emotion_detection-develop-v2/ravdess_preprocessed/audio/Actor_08/03-01-08-01-02-01-08.wav,03-01-08-01-02-01-08.wav,8,train,7,surprised,7,surprised,0.9628421068191528
/Users/prarthanapatel/Desktop/Himanshi/speech_emotion_detection-develop-v2/ravdess_preprocessed/audio/Actor_08/03-01-08-01-02-02-08.wav,03-01-08-01-02-02-08.wav,8,train,7,surprised,7,surprised,0.9640548825263977
/Users/prarthanapatel/Desktop/Himanshi/speech_emotion_detection-develop-v2/ravdess_preprocessed/audio/Actor_08/03-01-08-02-01-01-08.wav,03-01-08-02-01-01-08.wav,8,train,7,surprised,7,surprised,0.9635674357414246
/Users/prarthanapatel/Desktop/Himanshi/speech_emotion_detection-develop-v2/ravdess_preprocessed/audio/Actor_08/03-01-08-02-01-02-08.wav,03-01-08-02-01-02-08.wav,8,train,7,surprised,7,surprised,0.9655770659446716
/Users/prarthanapatel/Desktop/Himanshi/speech_emotion_detection-develop-v2/ravdess_preprocessed/audio/Actor_08/03-01-08-02-02-01-08.wav,03-01-08-02-02-01-08.wav,8,train,7,surprised,7,surprised,0.9681065082550049
/Users/prarthanapatel/Desktop/Himanshi/speech_emotion_detection-develop-v2/ravdess_preprocessed/audio/Actor_08/03-01-08-02-02-02-08.wav,03-01-08-02-02-02-08.wav,8,train,7,surprised,7,surprised,0.96476149559021
/Users/prarthanapatel/Desktop/Himanshi/speech_emotion_detection-develop-v2/ravdess_preprocessed/audio/Actor_09/03-01-01-01-01-01-09.wav,03-01-01-01-01-01-09.wav,9,train,0,neutral,0,neutral,0.9505323767662048
/Users/prarthanapatel/Desktop/Himanshi/speech_emotion_detection-develop-v2/ravdess_preprocessed/audio/Actor_09/03-01-01-01-01-02-09.wav,03-01-01-01-01-02-09.wav,9,train,0,neutral,0,neutral,0.9501515626907349
/Users/prarthanapatel/Desktop/Himanshi/speech_emotion_detection-develop-v2/ravdess_preprocessed/audio/Actor_09/03-01-01-01-02-01-09.wav,03-01-01-01-02-01-09.wav,9,train,0,neutral,0,neutral,0.9521393775939941
/Users/prarthanapatel/Desktop/Himanshi/speech_emotion_detection-develop-v2/ravdess_preprocessed/audio/Actor_09/03-01-01-01-02-02-09.wav,03-01-01-01-02-02-09.wav,9,train,0,neutral,0,neutral,0.9521557092666626
/Users/prarthanapatel/Desktop/Himanshi/speech_emotion_detection-develop-v2/ravdess_preprocessed/audio/Actor_09/03-01-02-01-01-01-09.wav,03-01-02-01-01-01-09.wav,9,train,1,calm,1,calm,0.9522637724876404
/Users/prarthanapatel/Desktop/Himanshi/speech_emotion_detection-develop-v2/ravdess_preprocessed/audio/Actor_09/03-01-02-01-01-02-09.wav,03-01-02-01-01-02-09.wav,9,train,1,calm,1,calm,0.9690681099891663
/Users/prarthanapatel/Desktop/Himanshi/speech_emotion_detection-develop-v2/ravdess_preprocessed/audio/Actor_09/03-01-02-01-02-01-09.wav,03-01-02-01-02-01-09.wav,9,train,1,calm,1,calm,0.972448468208313
/Users/prarthanapatel/Desktop/Himanshi/speech_emotion_detection-develop-v2/ravdess_preprocessed/audio/Actor_09/03-01-02-01-02-02-09.wav,03-01-02-01-02-02-09.wav,9,train,1,calm,1,calm,0.9520357847213745
/Users/prarthanapatel/Desktop/Himanshi/speech_emotion_detection-develop-v2/ravdess_preprocessed/audio/Actor_09/03-01-02-02-01-01-09.wav,03-01-02-02-01-01-09.wav,9,train,1,calm,1,calm,0.9763571619987488
/Users/prarthanapatel/Desktop/Himanshi/speech_emotion_detection-develop-v2/ravdess_preprocessed/audio/Actor_09/03-01-02-02-01-02-09.wav,03-01-02-02-01-02-09.wav,9,train,1,calm,1,calm,0.9782975316047668
/Users/prarthanapatel/Desktop/Himanshi/speech_emotion_detection-develop-v2/ravdess_preprocessed/audio/Actor_09/03-01-02-02-02-01-09.wav,03-01-02-02-02-01-09.wav,9,train,1,calm,1,calm,0.97063148021698
/Users/prarthanapatel/Desktop/Himanshi/speech_emotion_detection-develop-v2/ravdess_preprocessed/audio/Actor_09/03-01-02-02-02-02-09.wav,03-01-02-02-02-02-09.wav,9,train,1,calm,1,calm,0.9610227346420288
/Users/prarthanapatel/Desktop/Himanshi/speech_emotion_detection-develop-v2/ravdess_preprocessed/audio/Actor_09/03-01-03-01-01-01-09.wav,03-01-03-01-01-01-09.wav,9,train,2,happy,2,happy,0.9653400182723999
/Users/prarthanapatel/Desktop/Himanshi/speech_emotion_detection-develop-v2/ravdess_preprocessed/audio/Actor_09/03-01-03-01-01-02-09.wav,03-01-03-01-01-02-09.wav,9,train,2,happy,2,happy,0.9631196856498718
/Users/prarthanapatel/Desktop/Himanshi/speech_emotion_detection-develop-v2/ravdess_preprocessed/audio/Actor_09/03-01-03-01-02-01-09.wav,03-01-03-01-02-01-09.wav,9,train,2,happy,2,happy,0.9553565979003906
/Users/prarthanapatel/Desktop/Himanshi/speech_emotion_detection-develop-v2/ravdess_preprocessed/audio/Actor_09/03-01-03-01-02-02-09.wav,03-01-03-01-02-02-09.wav,9,train,2,happy,2,happy,0.9690413475036621
/Users/prarthanapatel/Desktop/Himanshi/speech_emotion_detection-develop-v2/ravdess_preprocessed/audio/Actor_09/03-01-03-02-01-01-09.wav,03-01-03-02-01-01-09.wav,9,train,2,happy,2,happy,0.97107994556427
/Users/prarthanapatel/Desktop/Himanshi/speech_emotion_detection-develop-v2/ravdess_preprocessed/audio/Actor_09/03-01-03-02-01-02-09.wav,03-01-03-02-01-02-09.wav,9,train,2,happy,2,happy,0.9708601236343384
/Users/prarthanapatel/Desktop/Himanshi/speech_emotion_detection-develop-v2/ravdess_preprocessed/audio/Actor_09/03-01-03-02-02-01-09.wav,03-01-03-02-02-01-09.wav,9,train,2,happy,2,happy,0.9704116582870483
/Users/prarthanapatel/Desktop/Himanshi/speech_emotion_detection-develop-v2/ravdess_preprocessed/audio/Actor_09/03-01-03-02-02-02-09.wav,03-01-03-02-02-02-09.wav,9,train,2,happy,2,happy,0.9732564091682434
/Users/prarthanapatel/Desktop/Himanshi/speech_emotion_detection-develop-v2/ravdess_preprocessed/audio/Actor_09/03-01-04-01-01-01-09.wav,03-01-04-01-01-01-09.wav,9,train,3,sad,3,sad,0.9857315421104431
/Users/prarthanapatel/Desktop/Himanshi/speech_emotion_detection-develop-v2/ravdess_preprocessed/audio/Actor_09/03-01-04-01-01-02-09.wav,03-01-04-01-01-02-09.wav,9,train,3,sad,3,sad,0.9811534881591797
/Users/prarthanapatel/Desktop/Himanshi/speech_emotion_detection-develop-v2/ravdess_preprocessed/audio/Actor_09/03-01-04-01-02-01-09.wav,03-01-04-01-02-01-09.wav,9,train,3,sad,3,sad,0.985207200050354
/Users/prarthanapatel/Desktop/Himanshi/speech_emotion_detection-develop-v2/ravdess_preprocessed/audio/Actor_09/03-01-04-01-02-02-09.wav,03-01-04-01-02-02-09.wav,9,train,3,sad,3,sad,0.984723687171936
/Users/prarthanapatel/Desktop/Himanshi/speech_emotion_detection-develop-v2/ravdess_preprocessed/audio/Actor_09/03-01-04-02-01-01-09.wav,03-01-04-02-01-01-09.wav,9,train,3,sad,3,sad,0.9850749969482422
/Users/prarthanapatel/Desktop/Himanshi/speech_emotion_detection-develop-v2/ravdess_preprocessed/audio/Actor_09/03-01-04-02-01-02-09.wav,03-01-04-02-01-02-09.wav,9,train,3,sad,3,sad,0.986656665802002
/Users/prarthanapatel/Desktop/Himanshi/speech_emotion_detection-develop-v2/ravdess_preprocessed/audio/Actor_09/03-01-04-02-02-01-09.wav,03-01-04-02-02-01-09.wav,9,train,3,sad,3,sad,0.9859468340873718
/Users/prarthanapatel/Desktop/Himanshi/speech_emotion_detection-develop-v2/ravdess_preprocessed/audio/Actor_09/03-01-04-02-02-02-09.wav,03-01-04-02-02-02-09.wav,9,train,3,sad,3,sad,0.9863218069076538
/Users/prarthanapatel/Desktop/Himanshi/speech_emotion_detection-develop-v2/ravdess_preprocessed/audio/Actor_09/03-01-05-01-01-01-09.wav,03-01-05-01-01-01-09.wav,9,train,4,angry,4,angry,0.98328697681427
/Users/prarthanapatel/Desktop/Himanshi/speech_emotion_detection-develop-v2/ravdess_preprocessed/audio/Actor_09/03-01-05-01-01-02-09.wav,03-01-05-01-01-02-09.wav,9,train,4,angry,4,angry,0.9875208139419556
/Users/prarthanapatel/Desktop/Himanshi/speech_emotion_detection-develop-v2/ravdess_preprocessed/audio/Actor_09/03-01-05-01-02-01-09.wav,03-01-05-01-02-01-09.wav,9,train,4,angry,4,angry,0.9874852299690247
/Users/prarthanapatel/Desktop/Himanshi/speech_emotion_detection-develop-v2/ravdess_preprocessed/audio/Actor_09/03-01-05-01-02-02-09.wav,03-01-05-01-02-02-09.wav,9,train,4,angry,4,angry,0.9866248369216919
/Users/prarthanapatel/Desktop/Himanshi/speech_emotion_detection-develop-v2/ravdess_preprocessed/audio/Actor_09/03-01-05-02-01-01-09.wav,03-01-05-02-01-01-09.wav,9,train,4,angry,4,angry,0.9894267320632935
/Users/prarthanapatel/Desktop/Himanshi/speech_emotion_detection-develop-v2/ravdess_preprocessed/audio/Actor_09/03-01-05-02-01-02-09.wav,03-01-05-02-01-02-09.wav,9,train,4,angry,4,angry,0.9886587262153625
/Users/prarthanapatel/Desktop/Himanshi/speech_emotion_detection-develop-v2/ravdess_preprocessed/audio/Actor_09/03-01-05-02-02-01-09.wav,03-01-05-02-02-01-09.wav,9,train,4,angry,4,angry,0.9887443780899048
/Users/prarthanapatel/Desktop/Himanshi/speech_emotion_detection-develop-v2/ravdess_preprocessed/audio/Actor_09/03-01-05-02-02-02-09.wav,03-01-05-02-02-02-09.wav,9,train,4,angry,4,angry,0.9889709949493408
/Users/prarthanapatel/Desktop/Himanshi/speech_emotion_detection-develop-v2/ravdess_preprocessed/audio/Actor_09/03-01-06-01-01-01-09.wav,03-01-06-01-01-01-09.wav,9,train,5,fearful,5,fearful,0.9740312099456787
/Users/prarthanapatel/Desktop/Himanshi/speech_emotion_detection-develop-v2/ravdess_preprocessed/audio/Actor_09/03-01-06-01-01-02-09.wav,03-01-06-01-01-02-09.wav,9,train,5,fearful,5,fearful,0.9815479516983032
/Users/prarthanapatel/Desktop/Himanshi/speech_emotion_detection-develop-v2/ravdess_preprocessed/audio/Actor_09/03-01-06-01-02-01-09.wav,03-01-06-01-02-01-09.wav,9,train,5,fearful,5,fearful,0.9733806252479553
/Users/prarthanapatel/Desktop/Himanshi/speech_emotion_detection-develop-v2/ravdess_preprocessed/audio/Actor_09/03-01-06-01-02-02-09.wav,03-01-06-01-02-02-09.wav,9,train,5,fearful,5,fearful,0.979724645614624
/Users/prarthanapatel/Desktop/Himanshi/speech_emotion_detection-develop-v2/ravdess_preprocessed/audio/Actor_09/03-01-06-02-01-01-09.wav,03-01-06-02-01-01-09.wav,9,train,5,fearful,5,fearful,0.9849934577941895
/Users/prarthanapatel/Desktop/Himanshi/speech_emotion_detection-develop-v2/ravdess_preprocessed/audio/Actor_09/03-01-06-02-01-02-09.wav,03-01-06-02-01-02-09.wav,9,train,5,fearful,5,fearful,0.9861319065093994
/Users/prarthanapatel/Desktop/Himanshi/speech_emotion_detection-develop-v2/ravdess_preprocessed/audio/Actor_09/03-01-06-02-02-01-09.wav,03-01-06-02-02-01-09.wav,9,train,5,fearful,5,fearful,0.9866011738777161
/Users/prarthanapatel/Desktop/Himanshi/speech_emotion_detection-develop-v2/ravdess_preprocessed/audio/Actor_09/03-01-06-02-02-02-09.wav,03-01-06-02-02-02-09.wav,9,train,5,fearful,5,fearful,0.9859813451766968
/Users/prarthanapatel/Desktop/Himanshi/speech_emotion_detection-develop-v2/ravdess_preprocessed/audio/Actor_09/03-01-07-01-01-01-09.wav,03-01-07-01-01-01-09.wav,9,train,6,disgust,6,disgust,0.9870251417160034
/Users/prarthanapatel/Desktop/Himanshi/speech_emotion_detection-develop-v2/ravdess_preprocessed/audio/Actor_09/03-01-07-01-01-02-09.wav,03-01-07-01-01-02-09.wav,9,train,6,disgust,6,disgust,0.9868886470794678
/Users/prarthanapatel/Desktop/Himanshi/speech_emotion_detection-develop-v2/ravdess_preprocessed/audio/Actor_09/03-01-07-01-02-01-09.wav,03-01-07-01-02-01-09.wav,9,train,6,disgust,6,disgust,0.9866242408752441
/Users/prarthanapatel/Desktop/Himanshi/speech_emotion_detection-develop-v2/ravdess_preprocessed/audio/Actor_09/03-01-07-01-02-02-09.wav,03-01-07-01-02-02-09.wav,9,train,6,disgust,6,disgust,0.9879062175750732
/Users/prarthanapatel/Desktop/Himanshi/speech_emotion_detection-develop-v2/ravdess_preprocessed/audio/Actor_09/03-01-07-02-01-01-09.wav,03-01-07-02-01-01-09.wav,9,train,6,disgust,6,disgust,0.9892255663871765
/Users/prarthanapatel/Desktop/Himanshi/speech_emotion_detection-develop-v2/ravdess_preprocessed/audio/Actor_09/03-01-07-02-01-02-09.wav,03-01-07-02-01-02-09.wav,9,train,6,disgust,6,disgust,0.98843914270401
/Users/prarthanapatel/Desktop/Himanshi/speech_emotion_detection-develop-v2/ravdess_preprocessed/audio/Actor_09/03-01-07-02-02-01-09.wav,03-01-07-02-02-01-09.wav,9,train,6,disgust,6,disgust,0.9871117472648621
/Users/prarthanapatel/Desktop/Himanshi/speech_emotion_detection-develop-v2/ravdess_preprocessed/audio/Actor_09/03-01-07-02-02-02-09.wav,03-01-07-02-02-02-09.wav,9,train,6,disgust,6,disgust,0.9822767376899719
/Users/prarthanapatel/Desktop/Himanshi/speech_emotion_detection-develop-v2/ravdess_preprocessed/audio/Actor_09/03-01-08-01-01-01-09.wav,03-01-08-01-01-01-09.wav,9,train,7,surprised,7,surprised,0.9597212672233582
/Users/prarthanapatel/Desktop/Himanshi/speech_emotion_detection-develop-v2/ravdess_preprocessed/audio/Actor_09/03-01-08-01-01-02-09.wav,03-01-08-01-01-02-09.wav,9,train,7,surprised,7,surprised,0.9598491191864014
/Users/prarthanapatel/Desktop/Himanshi/speech_emotion_detection-develop-v2/ravdess_preprocessed/audio/Actor_09/03-01-08-01-02-01-09.wav,03-01-08-01-02-01-09.wav,9,train,7,surprised,7,surprised,0.9601140022277832
/Users/prarthanapatel/Desktop/Himanshi/speech_emotion_detection-develop-v2/ravdess_preprocessed/audio/Actor_09/03-01-08-01-02-02-09.wav,03-01-08-01-02-02-09.wav,9,train,7,surprised,7,surprised,0.9602682590484619
/Users/prarthanapatel/Desktop/Himanshi/speech_emotion_detection-develop-v2/ravdess_preprocessed/audio/Actor_09/03-01-08-02-01-01-09.wav,03-01-08-02-01-01-09.wav,9,train,7,surprised,7,surprised,0.9647408723831177
/Users/prarthanapatel/Desktop/Himanshi/speech_emotion_detection-develop-v2/ravdess_preprocessed/audio/Actor_09/03-01-08-02-01-02-09.wav,03-01-08-02-01-02-09.wav,9,train,7,surprised,7,surprised,0.9623445272445679
/Users/prarthanapatel/Desktop/Himanshi/speech_emotion_detection-develop-v2/ravdess_preprocessed/audio/Actor_09/03-01-08-02-02-01-09.wav,03-01-08-02-02-01-09.wav,9,train,7,surprised,7,surprised,0.9640876650810242
/Users/prarthanapatel/Desktop/Himanshi/speech_emotion_detection-develop-v2/ravdess_preprocessed/audio/Actor_09/03-01-08-02-02-02-09.wav,03-01-08-02-02-02-09.wav,9,train,7,surprised,7,surprised,0.9634228944778442
/Users/prarthanapatel/Desktop/Himanshi/speech_emotion_detection-develop-v2/ravdess_preprocessed/audio/Actor_10/03-01-01-01-01-01-10.wav,03-01-01-01-01-01-10.wav,10,train,0,neutral,0,neutral,0.9407573342323303
/Users/prarthanapatel/Desktop/Himanshi/speech_emotion_detection-develop-v2/ravdess_preprocessed/audio/Actor_10/03-01-01-01-01-02-10.wav,03-01-01-01-01-02-10.wav,10,train,0,neutral,0,neutral,0.9417887926101685
/Users/prarthanapatel/Desktop/Himanshi/speech_emotion_detection-develop-v2/ravdess_preprocessed/audio/Actor_10/03-01-01-01-02-01-10.wav,03-01-01-01-02-01-10.wav,10,train,0,neutral,0,neutral,0.9165036678314209
/Users/prarthanapatel/Desktop/Himanshi/speech_emotion_detection-develop-v2/ravdess_preprocessed/audio/Actor_10/03-01-01-01-02-02-10.wav,03-01-01-01-02-02-10.wav,10,train,0,neutral,0,neutral,0.9235018491744995
/Users/prarthanapatel/Desktop/Himanshi/speech_emotion_detection-develop-v2/ravdess_preprocessed/audio/Actor_10/03-01-02-01-01-01-10.wav,03-01-02-01-01-01-10.wav,10,train,1,calm,1,calm,0.9661762714385986
/Users/prarthanapatel/Desktop/Himanshi/speech_emotion_detection-develop-v2/ravdess_preprocessed/audio/Actor_10/03-01-02-01-01-02-10.wav,03-01-02-01-01-02-10.wav,10,train,1,calm,1,calm,0.9298415184020996
/Users/prarthanapatel/Desktop/Himanshi/speech_emotion_detection-develop-v2/ravdess_preprocessed/audio/Actor_10/03-01-02-01-02-01-10.wav,03-01-02-01-02-01-10.wav,10,train,1,calm,1,calm,0.969581663608551
/Users/prarthanapatel/Desktop/Himanshi/speech_emotion_detection-develop-v2/ravdess_preprocessed/audio/Actor_10/03-01-02-01-02-02-10.wav,03-01-02-01-02-02-10.wav,10,train,1,calm,1,calm,0.9620166420936584
/Users/prarthanapatel/Desktop/Himanshi/speech_emotion_detection-develop-v2/ravdess_preprocessed/audio/Actor_10/03-01-02-02-01-01-10.wav,03-01-02-02-01-01-10.wav,10,train,1,calm,1,calm,0.9686033725738525
/Users/prarthanapatel/Desktop/Himanshi/speech_emotion_detection-develop-v2/ravdess_preprocessed/audio/Actor_10/03-01-02-02-01-02-10.wav,03-01-02-02-01-02-10.wav,10,train,1,calm,1,calm,0.9656387567520142
/Users/prarthanapatel/Desktop/Himanshi/speech_emotion_detection-develop-v2/ravdess_preprocessed/audio/Actor_10/03-01-02-02-02-01-10.wav,03-01-02-02-02-01-10.wav,10,train,1,calm,1,calm,0.9489657878875732
/Users/prarthanapatel/Desktop/Himanshi/speech_emotion_detection-develop-v2/ravdess_preprocessed/audio/Actor_10/03-01-02-02-02-02-10.wav,03-01-02-02-02-02-10.wav,10,train,1,calm,1,calm,0.9593299031257629
/Users/prarthanapatel/Desktop/Himanshi/speech_emotion_detection-develop-v2/ravdess_preprocessed/audio/Actor_10/03-01-03-01-01-01-10.wav,03-01-03-01-01-01-10.wav,10,train,2,happy,2,happy,0.9719394445419312
/Users/prarthanapatel/Desktop/Himanshi/speech_emotion_detection-develop-v2/ravdess_preprocessed/audio/Actor_10/03-01-03-01-01-02-10.wav,03-01-03-01-01-02-10.wav,10,train,2,happy,2,happy,0.9678220152854919
/Users/prarthanapatel/Desktop/Himanshi/speech_emotion_detection-develop-v2/ravdess_preprocessed/audio/Actor_10/03-01-03-01-02-01-10.wav,03-01-03-01-02-01-10.wav,10,train,2,happy,2,happy,0.9631192684173584
/Users/prarthanapatel/Desktop/Himanshi/speech_emotion_detection-develop-v2/ravdess_preprocessed/audio/Actor_10/03-01-03-01-02-02-10.wav,03-01-03-01-02-02-10.wav,10,train,2,happy,2,happy,0.9679393768310547
/Users/prarthanapatel/Desktop/Himanshi/speech_emotion_detection-develop-v2/ravdess_preprocessed/audio/Actor_10/03-01-03-02-01-01-10.wav,03-01-03-02-01-01-10.wav,10,train,2,happy,2,happy,0.9697574973106384
/Users/prarthanapatel/Desktop/Himanshi/speech_emotion_detection-develop-v2/ravdess_preprocessed/audio/Actor_10/03-01-03-02-01-02-10.wav,03-01-03-02-01-02-10.wav,10,train,2,happy,2,happy,0.9666835069656372
/Users/prarthanapatel/Desktop/Himanshi/speech_emotion_detection-develop-v2/ravdess_preprocessed/audio/Actor_10/03-01-03-02-02-01-10.wav,03-01-03-02-02-01-10.wav,10,train,2,happy,2,happy,0.9686976671218872
/Users/prarthanapatel/Desktop/Himanshi/speech_emotion_detection-develop-v2/ravdess_preprocessed/audio/Actor_10/03-01-03-02-02-02-10.wav,03-01-03-02-02-02-10.wav,10,train,2,happy,2,happy,0.9706332683563232
/Users/prarthanapatel/Desktop/Himanshi/speech_emotion_detection-develop-v2/ravdess_preprocessed/audio/Actor_10/03-01-04-01-01-01-10.wav,03-01-04-01-01-01-10.wav,10,train,3,sad,3,sad,0.9856501221656799
/Users/prarthanapatel/Desktop/Himanshi/speech_emotion_detection-develop-v2/ravdess_preprocessed/audio/Actor_10/03-01-04-01-01-02-10.wav,03-01-04-01-01-02-10.wav,10,train,3,sad,3,sad,0.9783601760864258
/Users/prarthanapatel/Desktop/Himanshi/speech_emotion_detection-develop-v2/ravdess_preprocessed/audio/Actor_10/03-01-04-01-02-01-10.wav,03-01-04-01-02-01-10.wav,10,train,3,sad,3,sad,0.9853835701942444
/Users/prarthanapatel/Desktop/Himanshi/speech_emotion_detection-develop-v2/ravdess_preprocessed/audio/Actor_10/03-01-04-01-02-02-10.wav,03-01-04-01-02-02-10.wav,10,train,3,sad,3,sad,0.9855873584747314
/Users/prarthanapatel/Desktop/Himanshi/speech_emotion_detection-develop-v2/ravdess_preprocessed/audio/Actor_10/03-01-04-02-01-01-10.wav,03-01-04-02-01-01-10.wav,10,train,3,sad,3,sad,0.9842995405197144
/Users/prarthanapatel/Desktop/Himanshi/speech_emotion_detection-develop-v2/ravdess_preprocessed/audio/Actor_10/03-01-04-02-01-02-10.wav,03-01-04-02-01-02-10.wav,10,train,3,sad,3,sad,0.9849506616592407
/Users/prarthanapatel/Desktop/Himanshi/speech_emotion_detection-develop-v2/ravdess_preprocessed/audio/Actor_10/03-01-04-02-02-01-10.wav,03-01-04-02-02-01-10.wav,10,train,3,sad,3,sad,0.9845584034919739
/Users/prarthanapatel/Desktop/Himanshi/speech_emotion_detection-develop-v2/ravdess_preprocessed/audio/Actor_10/03-01-04-02-02-02-10.wav,03-01-04-02-02-02-10.wav,10,train,3,sad,3,sad,0.9847181439399719
/Users/prarthanapatel/Desktop/Himanshi/speech_emotion_detection-develop-v2/ravdess_preprocessed/audio/Actor_10/03-01-05-01-01-01-10.wav,03-01-05-01-01-01-10.wav,10,train,4,angry,4,angry,0.9828837513923645
/Users/prarthanapatel/Desktop/Himanshi/speech_emotion_detection-develop-v2/ravdess_preprocessed/audio/Actor_10/03-01-05-01-01-02-10.wav,03-01-05-01-01-02-10.wav,10,train,4,angry,4,angry,0.9862123727798462
/Users/prarthanapatel/Desktop/Himanshi/speech_emotion_detection-develop-v2/ravdess_preprocessed/audio/Actor_10/03-01-05-01-02-01-10.wav,03-01-05-01-02-01-10.wav,10,train,4,angry,4,angry,0.9874645471572876
/Users/prarthanapatel/Desktop/Himanshi/speech_emotion_detection-develop-v2/ravdess_preprocessed/audio/Actor_10/03-01-05-01-02-02-10.wav,03-01-05-01-02-02-10.wav,10,train,4,angry,4,angry,0.9859163165092468
/Users/prarthanapatel/Desktop/Himanshi/speech_emotion_detection-develop-v2/ravdess_preprocessed/audio/Actor_10/03-01-05-02-01-01-10.wav,03-01-05-02-01-01-10.wav,10,train,4,angry,4,angry,0.9893019795417786
/Users/prarthanapatel/Desktop/Himanshi/speech_emotion_detection-develop-v2/ravdess_preprocessed/audio/Actor_10/03-01-05-02-01-02-10.wav,03-01-05-02-01-02-10.wav,10,train,4,angry,4,angry,0.9888985753059387
/Users/prarthanapatel/Desktop/Himanshi/speech_emotion_detection-develop-v2/ravdess_preprocessed/audio/Actor_10/03-01-05-02-02-01-10.wav,03-01-05-02-02-01-10.wav,10,train,4,angry,4,angry,0.989075779914856
/Users/prarthanapatel/Desktop/Himanshi/speech_emotion_detection-develop-v2/ravdess_preprocessed/audio/Actor_10/03-01-05-02-02-02-10.wav,03-01-05-02-02-02-10.wav,10,train,4,angry,4,angry,0.9889923334121704
/Users/prarthanapatel/Desktop/Himanshi/speech_emotion_detection-develop-v2/ravdess_preprocessed/audio/Actor_10/03-01-06-01-01-01-10.wav,03-01-06-01-01-01-10.wav,10,train,5,fearful,5,fearful,0.9876651167869568
/Users/prarthanapatel/Desktop/Himanshi/speech_emotion_detection-develop-v2/ravdess_preprocessed/audio/Actor_10/03-01-06-01-01-02-10.wav,03-01-06-01-01-02-10.wav,10,train,5,fearful,5,fearful,0.9861228466033936
/Users/prarthanapatel/Desktop/Himanshi/speech_emotion_detection-develop-v2/ravdess_preprocessed/audio/Actor_10/03-01-06-01-02-01-10.wav,03-01-06-01-02-01-10.wav,10,train,5,fearful,5,fearful,0.984178364276886
/Users/prarthanapatel/Desktop/Himanshi/speech_emotion_detection-develop-v2/ravdess_preprocessed/audio/Actor_10/03-01-06-01-02-02-10.wav,03-01-06-01-02-02-10.wav,10,train,5,fearful,5,fearful,0.9843413233757019
/Users/prarthanapatel/Desktop/Himanshi/speech_emotion_detection-develop-v2/ravdess_preprocessed/audio/Actor_10/03-01-06-02-01-01-10.wav,03-01-06-02-01-01-10.wav,10,train,5,fearful,5,fearful,0.9873724579811096
/Users/prarthanapatel/Desktop/Himanshi/speech_emotion_detection-develop-v2/ravdess_preprocessed/audio/Actor_10/03-01-06-02-01-02-10.wav,03-01-06-02-01-02-10.wav,10,train,5,fearful,5,fearful,0.9880021810531616
/Users/prarthanapatel/Desktop/Himanshi/speech_emotion_detection-develop-v2/ravdess_preprocessed/audio/Actor_10/03-01-06-02-02-01-10.wav,03-01-06-02-02-01-10.wav,10,train,5,fearful,5,fearful,0.9849188327789307
/Users/prarthanapatel/Desktop/Himanshi/speech_emotion_detection-develop-v2/ravdess_preprocessed/audio/Actor_10/03-01-06-02-02-02-10.wav,03-01-06-02-02-02-10.wav,10,train,5,fearful,5,fearful,0.9830622673034668
/Users/prarthanapatel/Desktop/Himanshi/speech_emotion_detection-develop-v2/ravdess_preprocessed/audio/Actor_10/03-01-07-01-01-01-10.wav,03-01-07-01-01-01-10.wav,10,train,6,disgust,6,disgust,0.9855872392654419
/Users/prarthanapatel/Desktop/Himanshi/speech_emotion_detection-develop-v2/ravdess_preprocessed/audio/Actor_10/03-01-07-01-01-02-10.wav,03-01-07-01-01-02-10.wav,10,train,6,disgust,6,disgust,0.9880438446998596
/Users/prarthanapatel/Desktop/Himanshi/speech_emotion_detection-develop-v2/ravdess_preprocessed/audio/Actor_10/03-01-07-01-02-01-10.wav,03-01-07-01-02-01-10.wav,10,train,6,disgust,6,disgust,0.9877235889434814
/Users/prarthanapatel/Desktop/Himanshi/speech_emotion_detection-develop-v2/ravdess_preprocessed/audio/Actor_10/03-01-07-01-02-02-10.wav,03-01-07-01-02-02-10.wav,10,train,6,disgust,6,disgust,0.9880505204200745
/Users/prarthanapatel/Desktop/Himanshi/speech_emotion_detection-develop-v2/ravdess_preprocessed/audio/Actor_10/03-01-07-02-01-01-10.wav,03-01-07-02-01-01-10.wav,10,train,6,disgust,6,disgust,0.9885438084602356
/Users/prarthanapatel/Desktop/Himanshi/speech_emotion_detection-develop-v2/ravdess_preprocessed/audio/Actor_10/03-01-07-02-01-02-10.wav,03-01-07-02-01-02-10.wav,10,train,6,disgust,6,disgust,0.987505316734314
/Users/prarthanapatel/Desktop/Himanshi/speech_emotion_detection-develop-v2/ravdess_preprocessed/audio/Actor_10/03-01-07-02-02-01-10.wav,03-01-07-02-02-01-10.wav,10,train,6,disgust,6,disgust,0.9880408644676208
/Users/prarthanapatel/Desktop/Himanshi/speech_emotion_detection-develop-v2/ravdess_preprocessed/audio/Actor_10/03-01-07-02-02-02-10.wav,03-01-07-02-02-02-10.wav,10,train,6,disgust,6,disgust,0.9893350005149841
/Users/prarthanapatel/Desktop/Himanshi/speech_emotion_detection-develop-v2/ravdess_preprocessed/audio/Actor_10/03-01-08-01-01-01-10.wav,03-01-08-01-01-01-10.wav,10,train,7,surprised,7,surprised,0.9605337381362915
/Users/prarthanapatel/Desktop/Himanshi/speech_emotion_detection-develop-v2/ravdess_preprocessed/audio/Actor_10/03-01-08-01-01-02-10.wav,03-01-08-01-01-02-10.wav,10,train,7,surprised,7,surprised,0.9603622555732727
/Users/prarthanapatel/Desktop/Himanshi/speech_emotion_detection-develop-v2/ravdess_preprocessed/audio/Actor_10/03-01-08-01-02-01-10.wav,03-01-08-01-02-01-10.wav,10,train,7,surprised,7,surprised,0.9671921133995056
/Users/prarthanapatel/Desktop/Himanshi/speech_emotion_detection-develop-v2/ravdess_preprocessed/audio/Actor_10/03-01-08-01-02-02-10.wav,03-01-08-01-02-02-10.wav,10,train,7,surprised,7,surprised,0.9658280611038208
/Users/prarthanapatel/Desktop/Himanshi/speech_emotion_detection-develop-v2/ravdess_preprocessed/audio/Actor_10/03-01-08-02-01-01-10.wav,03-01-08-02-01-01-10.wav,10,train,7,surprised,7,surprised,0.9645548462867737
/Users/prarthanapatel/Desktop/Himanshi/speech_emotion_detection-develop-v2/ravdess_preprocessed/audio/Actor_10/03-01-08-02-01-02-10.wav,03-01-08-02-01-02-10.wav,10,train,7,surprised,7,surprised,0.9659993648529053
/Users/prarthanapatel/Desktop/Himanshi/speech_emotion_detection-develop-v2/ravdess_preprocessed/audio/Actor_10/03-01-08-02-02-01-10.wav,03-01-08-02-02-01-10.wav,10,train,7,surprised,7,surprised,0.9639813303947449
/Users/prarthanapatel/Desktop/Himanshi/speech_emotion_detection-develop-v2/ravdess_preprocessed/audio/Actor_10/03-01-08-02-02-02-10.wav,03-01-08-02-02-02-10.wav,10,train,7,surprised,7,surprised,0.9639014601707458
/Users/prarthanapatel/Desktop/Himanshi/speech_emotion_detection-develop-v2/ravdess_preprocessed/audio/Actor_11/03-01-01-01-01-01-11.wav,03-01-01-01-01-01-11.wav,11,train,0,neutral,0,neutral,0.9496157169342041
/Users/prarthanapatel/Desktop/Himanshi/speech_emotion_detection-develop-v2/ravdess_preprocessed/audio/Actor_11/03-01-01-01-01-02-11.wav,03-01-01-01-01-02-11.wav,11,train,0,neutral,0,neutral,0.9500854015350342
/Users/prarthanapatel/Desktop/Himanshi/speech_emotion_detection-develop-v2/ravdess_preprocessed/audio/Actor_11/03-01-01-01-02-01-11.wav,03-01-01-01-02-01-11.wav,11,train,0,neutral,0,neutral,0.9509046673774719
/Users/prarthanapatel/Desktop/Himanshi/speech_emotion_detection-develop-v2/ravdess_preprocessed/audio/Actor_11/03-01-01-01-02-02-11.wav,03-01-01-01-02-02-11.wav,11,train,0,neutral,0,neutral,0.9491826891899109
/Users/prarthanapatel/Desktop/Himanshi/speech_emotion_detection-develop-v2/ravdess_preprocessed/audio/Actor_11/03-01-02-01-01-01-11.wav,03-01-02-01-01-01-11.wav,11,train,1,calm,1,calm,0.9685556292533875
/Users/prarthanapatel/Desktop/Himanshi/speech_emotion_detection-develop-v2/ravdess_preprocessed/audio/Actor_11/03-01-02-01-01-02-11.wav,03-01-02-01-01-02-11.wav,11,train,1,calm,1,calm,0.957251250743866
/Users/prarthanapatel/Desktop/Himanshi/speech_emotion_detection-develop-v2/ravdess_preprocessed/audio/Actor_11/03-01-02-01-02-01-11.wav,03-01-02-01-02-01-11.wav,11,train,1,calm,1,calm,0.9536961913108826
/Users/prarthanapatel/Desktop/Himanshi/speech_emotion_detection-develop-v2/ravdess_preprocessed/audio/Actor_11/03-01-02-01-02-02-11.wav,03-01-02-01-02-02-11.wav,11,train,1,calm,1,calm,0.9705575108528137
/Users/prarthanapatel/Desktop/Himanshi/speech_emotion_detection-develop-v2/ravdess_preprocessed/audio/Actor_11/03-01-02-02-01-01-11.wav,03-01-02-02-01-01-11.wav,11,train,1,calm,1,calm,0.9735512137413025
/Users/prarthanapatel/Desktop/Himanshi/speech_emotion_detection-develop-v2/ravdess_preprocessed/audio/Actor_11/03-01-02-02-01-02-11.wav,03-01-02-02-01-02-11.wav,11,train,1,calm,1,calm,0.9739919304847717
/Users/prarthanapatel/Desktop/Himanshi/speech_emotion_detection-develop-v2/ravdess_preprocessed/audio/Actor_11/03-01-02-02-02-01-11.wav,03-01-02-02-02-01-11.wav,11,train,1,calm,1,calm,0.9738982319831848
/Users/prarthanapatel/Desktop/Himanshi/speech_emotion_detection-develop-v2/ravdess_preprocessed/audio/Actor_11/03-01-02-02-02-02-11.wav,03-01-02-02-02-02-11.wav,11,train,1,calm,1,calm,0.9738081097602844
/Users/prarthanapatel/Desktop/Himanshi/speech_emotion_detection-develop-v2/ravdess_preprocessed/audio/Actor_11/03-01-03-01-01-01-11.wav,03-01-03-01-01-01-11.wav,11,train,2,happy,2,happy,0.963425874710083
/Users/prarthanapatel/Desktop/Himanshi/speech_emotion_detection-develop-v2/ravdess_preprocessed/audio/Actor_11/03-01-03-01-01-02-11.wav,03-01-03-01-01-02-11.wav,11,train,2,happy,2,happy,0.9579563140869141
/Users/prarthanapatel/Desktop/Himanshi/speech_emotion_detection-develop-v2/ravdess_preprocessed/audio/Actor_11/03-01-03-01-02-01-11.wav,03-01-03-01-02-01-11.wav,11,train,2,happy,2,happy,0.9631959199905396
/Users/prarthanapatel/Desktop/Himanshi/speech_emotion_detection-develop-v2/ravdess_preprocessed/audio/Actor_11/03-01-03-01-02-02-11.wav,03-01-03-01-02-02-11.wav,11,train,2,happy,2,happy,0.944264829158783
/Users/prarthanapatel/Desktop/Himanshi/speech_emotion_detection-develop-v2/ravdess_preprocessed/audio/Actor_11/03-01-03-02-01-01-11.wav,03-01-03-02-01-01-11.wav,11,train,2,happy,2,happy,0.9720218777656555
/Users/prarthanapatel/Desktop/Himanshi/speech_emotion_detection-develop-v2/ravdess_preprocessed/audio/Actor_11/03-01-03-02-01-02-11.wav,03-01-03-02-01-02-11.wav,11,train,2,happy,2,happy,0.9713383316993713
/Users/prarthanapatel/Desktop/Himanshi/speech_emotion_detection-develop-v2/ravdess_preprocessed/audio/Actor_11/03-01-03-02-02-01-11.wav,03-01-03-02-02-01-11.wav,11,train,2,happy,2,happy,0.9690436720848083
/Users/prarthanapatel/Desktop/Himanshi/speech_emotion_detection-develop-v2/ravdess_preprocessed/audio/Actor_11/03-01-03-02-02-02-11.wav,03-01-03-02-02-02-11.wav,11,train,2,happy,2,happy,0.9711776375770569
/Users/prarthanapatel/Desktop/Himanshi/speech_emotion_detection-develop-v2/ravdess_preprocessed/audio/Actor_11/03-01-04-01-01-01-11.wav,03-01-04-01-01-01-11.wav,11,train,3,sad,3,sad,0.9783767461776733
/Users/prarthanapatel/Desktop/Himanshi/speech_emotion_detection-develop-v2/ravdess_preprocessed/audio/Actor_11/03-01-04-01-01-02-11.wav,03-01-04-01-01-02-11.wav,11,train,3,sad,3,sad,0.9816712737083435
/Users/prarthanapatel/Desktop/Himanshi/speech_emotion_detection-develop-v2/ravdess_preprocessed/audio/Actor_11/03-01-04-01-02-01-11.wav,03-01-04-01-02-01-11.wav,11,train,3,sad,3,sad,0.9809858202934265
/Users/prarthanapatel/Desktop/Himanshi/speech_emotion_detection-develop-v2/ravdess_preprocessed/audio/Actor_11/03-01-04-01-02-02-11.wav,03-01-04-01-02-02-11.wav,11,train,3,sad,3,sad,0.9813048243522644
/Users/prarthanapatel/Desktop/Himanshi/speech_emotion_detection-develop-v2/ravdess_preprocessed/audio/Actor_11/03-01-04-02-01-01-11.wav,03-01-04-02-01-01-11.wav,11,train,3,sad,3,sad,0.984928548336029
/Users/prarthanapatel/Desktop/Himanshi/speech_emotion_detection-develop-v2/ravdess_preprocessed/audio/Actor_11/03-01-04-02-01-02-11.wav,03-01-04-02-01-02-11.wav,11,train,3,sad,3,sad,0.9849920272827148
/Users/prarthanapatel/Desktop/Himanshi/speech_emotion_detection-develop-v2/ravdess_preprocessed/audio/Actor_11/03-01-04-02-02-01-11.wav,03-01-04-02-02-01-11.wav,11,train,3,sad,3,sad,0.9764760732650757
/Users/prarthanapatel/Desktop/Himanshi/speech_emotion_detection-develop-v2/ravdess_preprocessed/audio/Actor_11/03-01-04-02-02-02-11.wav,03-01-04-02-02-02-11.wav,11,train,3,sad,3,sad,0.9833319187164307
/Users/prarthanapatel/Desktop/Himanshi/speech_emotion_detection-develop-v2/ravdess_preprocessed/audio/Actor_11/03-01-05-01-01-01-11.wav,03-01-05-01-01-01-11.wav,11,train,4,angry,4,angry,0.9882203340530396
/Users/prarthanapatel/Desktop/Himanshi/speech_emotion_detection-develop-v2/ravdess_preprocessed/audio/Actor_11/03-01-05-01-01-02-11.wav,03-01-05-01-01-02-11.wav,11,train,4,angry,4,angry,0.9850926995277405
/Users/prarthanapatel/Desktop/Himanshi/speech_emotion_detection-develop-v2/ravdess_preprocessed/audio/Actor_11/03-01-05-01-02-01-11.wav,03-01-05-01-02-01-11.wav,11,train,4,angry,4,angry,0.9865167140960693
/Users/prarthanapatel/Desktop/Himanshi/speech_emotion_detection-develop-v2/ravdess_preprocessed/audio/Actor_11/03-01-05-01-02-02-11.wav,03-01-05-01-02-02-11.wav,11,train,4,angry,4,angry,0.9875520467758179
/Users/prarthanapatel/Desktop/Himanshi/speech_emotion_detection-develop-v2/ravdess_preprocessed/audio/Actor_11/03-01-05-02-01-01-11.wav,03-01-05-02-01-01-11.wav,11,train,4,angry,4,angry,0.9889165163040161
/Users/prarthanapatel/Desktop/Himanshi/speech_emotion_detection-develop-v2/ravdess_preprocessed/audio/Actor_11/03-01-05-02-01-02-11.wav,03-01-05-02-01-02-11.wav,11,train,4,angry,4,angry,0.989130973815918
/Users/prarthanapatel/Desktop/Himanshi/speech_emotion_detection-develop-v2/ravdess_preprocessed/audio/Actor_11/03-01-05-02-02-01-11.wav,03-01-05-02-02-01-11.wav,11,train,4,angry,4,angry,0.9892024397850037
/Users/prarthanapatel/Desktop/Himanshi/speech_emotion_detection-develop-v2/ravdess_preprocessed/audio/Actor_11/03-01-05-02-02-02-11.wav,03-01-05-02-02-02-11.wav,11,train,4,angry,4,angry,0.9891999959945679
/Users/prarthanapatel/Desktop/Himanshi/speech_emotion_detection-develop-v2/ravdess_preprocessed/audio/Actor_11/03-01-06-01-01-01-11.wav,03-01-06-01-01-01-11.wav,11,train,5,fearful,5,fearful,0.9825398921966553
/Users/prarthanapatel/Desktop/Himanshi/speech_emotion_detection-develop-v2/ravdess_preprocessed/audio/Actor_11/03-01-06-01-01-02-11.wav,03-01-06-01-01-02-11.wav,11,train,5,fearful,5,fearful,0.9829154014587402
/Users/prarthanapatel/Desktop/Himanshi/speech_emotion_detection-develop-v2/ravdess_preprocessed/audio/Actor_11/03-01-06-01-02-01-11.wav,03-01-06-01-02-01-11.wav,11,train,5,fearful,5,fearful,0.9699794054031372
/Users/prarthanapatel/Desktop/Himanshi/speech_emotion_detection-develop-v2/ravdess_preprocessed/audio/Actor_11/03-01-06-01-02-02-11.wav,03-01-06-01-02-02-11.wav,11,train,5,fearful,5,fearful,0.9844338297843933
/Users/prarthanapatel/Desktop/Himanshi/speech_emotion_detection-develop-v2/ravdess_preprocessed/audio/Actor_11/03-01-06-02-01-01-11.wav,03-01-06-02-01-01-11.wav,11,train,5,fearful,5,fearful,0.9829868078231812
/Users/prarthanapatel/Desktop/Himanshi/speech_emotion_detection-develop-v2/ravdess_preprocessed/audio/Actor_11/03-01-06-02-01-02-11.wav,03-01-06-02-01-02-11.wav,11,train,5,fearful,5,fearful,0.9866010546684265
/Users/prarthanapatel/Desktop/Himanshi/speech_emotion_detection-develop-v2/ravdess_preprocessed/audio/Actor_11/03-01-06-02-02-01-11.wav,03-01-06-02-02-01-11.wav,11,train,5,fearful,5,fearful,0.9856233596801758
/Users/prarthanapatel/Desktop/Himanshi/speech_emotion_detection-develop-v2/ravdess_preprocessed/audio/Actor_11/03-01-06-02-02-02-11.wav,03-01-06-02-02-02-11.wav,11,train,5,fearful,5,fearful,0.9848125576972961
/Users/prarthanapatel/Desktop/Himanshi/speech_emotion_detection-develop-v2/ravdess_preprocessed/audio/Actor_11/03-01-07-01-01-01-11.wav,03-01-07-01-01-01-11.wav,11,train,6,disgust,6,disgust,0.988541841506958
/Users/prarthanapatel/Desktop/Himanshi/speech_emotion_detection-develop-v2/ravdess_preprocessed/audio/Actor_11/03-01-07-01-01-02-11.wav,03-01-07-01-01-02-11.wav,11,train,6,disgust,6,disgust,0.9892697930335999
/Users/prarthanapatel/Desktop/Himanshi/speech_emotion_detection-develop-v2/ravdess_preprocessed/audio/Actor_11/03-01-07-01-02-01-11.wav,03-01-07-01-02-01-11.wav,11,train,6,disgust,6,disgust,0.9885730743408203
/Users/prarthanapatel/Desktop/Himanshi/speech_emotion_detection-develop-v2/ravdess_preprocessed/audio/Actor_11/03-01-07-01-02-02-11.wav,03-01-07-01-02-02-11.wav,11,train,6,disgust,6,disgust,0.9883995056152344
/Users/prarthanapatel/Desktop/Himanshi/speech_emotion_detection-develop-v2/ravdess_preprocessed/audio/Actor_11/03-01-07-02-01-01-11.wav,03-01-07-02-01-01-11.wav,11,train,6,disgust,6,disgust,0.9870807528495789
/Users/prarthanapatel/Desktop/Himanshi/speech_emotion_detection-develop-v2/ravdess_preprocessed/audio/Actor_11/03-01-07-02-01-02-11.wav,03-01-07-02-01-02-11.wav,11,train,6,disgust,6,disgust,0.9871801733970642
/Users/prarthanapatel/Desktop/Himanshi/speech_emotion_detection-develop-v2/ravdess_preprocessed/audio/Actor_11/03-01-07-02-02-01-11.wav,03-01-07-02-02-01-11.wav,11,train,6,disgust,6,disgust,0.9887457489967346
/Users/prarthanapatel/Desktop/Himanshi/speech_emotion_detection-develop-v2/ravdess_preprocessed/audio/Actor_11/03-01-07-02-02-02-11.wav,03-01-07-02-02-02-11.wav,11,train,6,disgust,6,disgust,0.9867669939994812
/Users/prarthanapatel/Desktop/Himanshi/speech_emotion_detection-develop-v2/ravdess_preprocessed/audio/Actor_11/03-01-08-01-01-01-11.wav,03-01-08-01-01-01-11.wav,11,train,7,surprised,7,surprised,0.9627971649169922
/Users/prarthanapatel/Desktop/Himanshi/speech_emotion_detection-develop-v2/ravdess_preprocessed/audio/Actor_11/03-01-08-01-01-02-11.wav,03-01-08-01-01-02-11.wav,11,train,7,surprised,7,surprised,0.9623163938522339
/Users/prarthanapatel/Desktop/Himanshi/speech_emotion_detection-develop-v2/ravdess_preprocessed/audio/Actor_11/03-01-08-01-02-01-11.wav,03-01-08-01-02-01-11.wav,11,train,7,surprised,7,surprised,0.9614094495773315
/Users/prarthanapatel/Desktop/Himanshi/speech_emotion_detection-develop-v2/ravdess_preprocessed/audio/Actor_11/03-01-08-01-02-02-11.wav,03-01-08-01-02-02-11.wav,11,train,7,surprised,7,surprised,0.9596385955810547
/Users/prarthanapatel/Desktop/Himanshi/speech_emotion_detection-develop-v2/ravdess_preprocessed/audio/Actor_11/03-01-08-02-01-01-11.wav,03-01-08-02-01-01-11.wav,11,train,7,surprised,7,surprised,0.9655932784080505
/Users/prarthanapatel/Desktop/Himanshi/speech_emotion_detection-develop-v2/ravdess_preprocessed/audio/Actor_11/03-01-08-02-01-02-11.wav,03-01-08-02-01-02-11.wav,11,train,7,surprised,7,surprised,0.9655886292457581
/Users/prarthanapatel/Desktop/Himanshi/speech_emotion_detection-develop-v2/ravdess_preprocessed/audio/Actor_11/03-01-08-02-02-01-11.wav,03-01-08-02-02-01-11.wav,11,train,7,surprised,7,surprised,0.9637309312820435
/Users/prarthanapatel/Desktop/Himanshi/speech_emotion_detection-develop-v2/ravdess_preprocessed/audio/Actor_11/03-01-08-02-02-02-11.wav,03-01-08-02-02-02-11.wav,11,train,7,surprised,7,surprised,0.9661729335784912
/Users/prarthanapatel/Desktop/Himanshi/speech_emotion_detection-develop-v2/ravdess_preprocessed/audio/Actor_12/03-01-01-01-01-01-12.wav,03-01-01-01-01-01-12.wav,12,train,0,neutral,0,neutral,0.9512308239936829
/Users/prarthanapatel/Desktop/Himanshi/speech_emotion_detection-develop-v2/ravdess_preprocessed/audio/Actor_12/03-01-01-01-01-02-12.wav,03-01-01-01-01-02-12.wav,12,train,0,neutral,0,neutral,0.9493147134780884
/Users/prarthanapatel/Desktop/Himanshi/speech_emotion_detection-develop-v2/ravdess_preprocessed/audio/Actor_12/03-01-01-01-02-01-12.wav,03-01-01-01-02-01-12.wav,12,train,0,neutral,0,neutral,0.9474064707756042
/Users/prarthanapatel/Desktop/Himanshi/speech_emotion_detection-develop-v2/ravdess_preprocessed/audio/Actor_12/03-01-01-01-02-02-12.wav,03-01-01-01-02-02-12.wav,12,train,0,neutral,0,neutral,0.9502328634262085
/Users/prarthanapatel/Desktop/Himanshi/speech_emotion_detection-develop-v2/ravdess_preprocessed/audio/Actor_12/03-01-02-01-01-01-12.wav,03-01-02-01-01-01-12.wav,12,train,1,calm,1,calm,0.9410462975502014
/Users/prarthanapatel/Desktop/Himanshi/speech_emotion_detection-develop-v2/ravdess_preprocessed/audio/Actor_12/03-01-02-01-01-02-12.wav,03-01-02-01-01-02-12.wav,12,train,1,calm,1,calm,0.9675514101982117
/Users/prarthanapatel/Desktop/Himanshi/speech_emotion_detection-develop-v2/ravdess_preprocessed/audio/Actor_12/03-01-02-01-02-01-12.wav,03-01-02-01-02-01-12.wav,12,train,1,calm,1,calm,0.9660364985466003
/Users/prarthanapatel/Desktop/Himanshi/speech_emotion_detection-develop-v2/ravdess_preprocessed/audio/Actor_12/03-01-02-01-02-02-12.wav,03-01-02-01-02-02-12.wav,12,train,1,calm,1,calm,0.9182098507881165
/Users/prarthanapatel/Desktop/Himanshi/speech_emotion_detection-develop-v2/ravdess_preprocessed/audio/Actor_12/03-01-02-02-01-01-12.wav,03-01-02-02-01-01-12.wav,12,train,1,calm,1,calm,0.9722505807876587
/Users/prarthanapatel/Desktop/Himanshi/speech_emotion_detection-develop-v2/ravdess_preprocessed/audio/Actor_12/03-01-02-02-01-02-12.wav,03-01-02-02-01-02-12.wav,12,train,1,calm,1,calm,0.9661242961883545
/Users/prarthanapatel/Desktop/Himanshi/speech_emotion_detection-develop-v2/ravdess_preprocessed/audio/Actor_12/03-01-02-02-02-01-12.wav,03-01-02-02-02-01-12.wav,12,train,1,calm,1,calm,0.9663226008415222
/Users/prarthanapatel/Desktop/Himanshi/speech_emotion_detection-develop-v2/ravdess_preprocessed/audio/Actor_12/03-01-02-02-02-02-12.wav,03-01-02-02-02-02-12.wav,12,train,1,calm,1,calm,0.9664091467857361
/Users/prarthanapatel/Desktop/Himanshi/speech_emotion_detection-develop-v2/ravdess_preprocessed/audio/Actor_12/03-01-03-01-01-01-12.wav,03-01-03-01-01-01-12.wav,12,train,2,happy,2,happy,0.9707867503166199
/Users/prarthanapatel/Desktop/Himanshi/speech_emotion_detection-develop-v2/ravdess_preprocessed/audio/Actor_12/03-01-03-01-01-02-12.wav,03-01-03-01-01-02-12.wav,12,train,2,happy,2,happy,0.9697620868682861
/Users/prarthanapatel/Desktop/Himanshi/speech_emotion_detection-develop-v2/ravdess_preprocessed/audio/Actor_12/03-01-03-01-02-01-12.wav,03-01-03-01-02-01-12.wav,12,train,2,happy,2,happy,0.9380479454994202
/Users/prarthanapatel/Desktop/Himanshi/speech_emotion_detection-develop-v2/ravdess_preprocessed/audio/Actor_12/03-01-03-01-02-02-12.wav,03-01-03-01-02-02-12.wav,12,train,2,happy,2,happy,0.9675217270851135
/Users/prarthanapatel/Desktop/Himanshi/speech_emotion_detection-develop-v2/ravdess_preprocessed/audio/Actor_12/03-01-03-02-01-01-12.wav,03-01-03-02-01-01-12.wav,12,train,2,happy,2,happy,0.9731597900390625
/Users/prarthanapatel/Desktop/Himanshi/speech_emotion_detection-develop-v2/ravdess_preprocessed/audio/Actor_12/03-01-03-02-01-02-12.wav,03-01-03-02-01-02-12.wav,12,train,2,happy,2,happy,0.9737752079963684
/Users/prarthanapatel/Desktop/Himanshi/speech_emotion_detection-develop-v2/ravdess_preprocessed/audio/Actor_12/03-01-03-02-02-01-12.wav,03-01-03-02-02-01-12.wav,12,train,2,happy,2,happy,0.9733852744102478
/Users/prarthanapatel/Desktop/Himanshi/speech_emotion_detection-develop-v2/ravdess_preprocessed/audio/Actor_12/03-01-03-02-02-02-12.wav,03-01-03-02-02-02-12.wav,12,train,2,happy,2,happy,0.9736054539680481
/Users/prarthanapatel/Desktop/Himanshi/speech_emotion_detection-develop-v2/ravdess_preprocessed/audio/Actor_12/03-01-04-01-01-01-12.wav,03-01-04-01-01-01-12.wav,12,train,3,sad,3,sad,0.9843631386756897
/Users/prarthanapatel/Desktop/Himanshi/speech_emotion_detection-develop-v2/ravdess_preprocessed/audio/Actor_12/03-01-04-01-01-02-12.wav,03-01-04-01-01-02-12.wav,12,train,3,sad,3,sad,0.9806174635887146
/Users/prarthanapatel/Desktop/Himanshi/speech_emotion_detection-develop-v2/ravdess_preprocessed/audio/Actor_12/03-01-04-01-02-01-12.wav,03-01-04-01-02-01-12.wav,12,train,3,sad,3,sad,0.9797044992446899
/Users/prarthanapatel/Desktop/Himanshi/speech_emotion_detection-develop-v2/ravdess_preprocessed/audio/Actor_12/03-01-04-01-02-02-12.wav,03-01-04-01-02-02-12.wav,12,train,3,sad,3,sad,0.9844762682914734
/Users/prarthanapatel/Desktop/Himanshi/speech_emotion_detection-develop-v2/ravdess_preprocessed/audio/Actor_12/03-01-04-02-01-01-12.wav,03-01-04-02-01-01-12.wav,12,train,3,sad,3,sad,0.9842767715454102
/Users/prarthanapatel/Desktop/Himanshi/speech_emotion_detection-develop-v2/ravdess_preprocessed/audio/Actor_12/03-01-04-02-01-02-12.wav,03-01-04-02-01-02-12.wav,12,train,3,sad,3,sad,0.9833717942237854
/Users/prarthanapatel/Desktop/Himanshi/speech_emotion_detection-develop-v2/ravdess_preprocessed/audio/Actor_12/03-01-04-02-02-01-12.wav,03-01-04-02-02-01-12.wav,12,train,3,sad,3,sad,0.9837049841880798
/Users/prarthanapatel/Desktop/Himanshi/speech_emotion_detection-develop-v2/ravdess_preprocessed/audio/Actor_12/03-01-04-02-02-02-12.wav,03-01-04-02-02-02-12.wav,12,train,3,sad,3,sad,0.980571985244751
/Users/prarthanapatel/Desktop/Himanshi/speech_emotion_detection-develop-v2/ravdess_preprocessed/audio/Actor_12/03-01-05-01-01-01-12.wav,03-01-05-01-01-01-12.wav,12,train,4,angry,4,angry,0.9861764311790466
/Users/prarthanapatel/Desktop/Himanshi/speech_emotion_detection-develop-v2/ravdess_preprocessed/audio/Actor_12/03-01-05-01-01-02-12.wav,03-01-05-01-01-02-12.wav,12,train,4,angry,4,angry,0.9857175350189209
/Users/prarthanapatel/Desktop/Himanshi/speech_emotion_detection-develop-v2/ravdess_preprocessed/audio/Actor_12/03-01-05-01-02-01-12.wav,03-01-05-01-02-01-12.wav,12,train,4,angry,4,angry,0.9833633899688721
/Users/prarthanapatel/Desktop/Himanshi/speech_emotion_detection-develop-v2/ravdess_preprocessed/audio/Actor_12/03-01-05-01-02-02-12.wav,03-01-05-01-02-02-12.wav,12,train,4,angry,4,angry,0.9849029779434204
/Users/prarthanapatel/Desktop/Himanshi/speech_emotion_detection-develop-v2/ravdess_preprocessed/audio/Actor_12/03-01-05-02-01-01-12.wav,03-01-05-02-01-01-12.wav,12,train,4,angry,4,angry,0.9886474013328552
/Users/prarthanapatel/Desktop/Himanshi/speech_emotion_detection-develop-v2/ravdess_preprocessed/audio/Actor_12/03-01-05-02-01-02-12.wav,03-01-05-02-01-02-12.wav,12,train,4,angry,4,angry,0.9879792928695679
/Users/prarthanapatel/Desktop/Himanshi/speech_emotion_detection-develop-v2/ravdess_preprocessed/audio/Actor_12/03-01-05-02-02-01-12.wav,03-01-05-02-02-01-12.wav,12,train,4,angry,4,angry,0.9886558055877686
/Users/prarthanapatel/Desktop/Himanshi/speech_emotion_detection-develop-v2/ravdess_preprocessed/audio/Actor_12/03-01-05-02-02-02-12.wav,03-01-05-02-02-02-12.wav,12,train,4,angry,4,angry,0.9888629913330078
/Users/prarthanapatel/Desktop/Himanshi/speech_emotion_detection-develop-v2/ravdess_preprocessed/audio/Actor_12/03-01-06-01-01-01-12.wav,03-01-06-01-01-01-12.wav,12,train,5,fearful,5,fearful,0.9865133166313171
/Users/prarthanapatel/Desktop/Himanshi/speech_emotion_detection-develop-v2/ravdess_preprocessed/audio/Actor_12/03-01-06-01-01-02-12.wav,03-01-06-01-01-02-12.wav,12,train,5,fearful,5,fearful,0.9857499599456787
/Users/prarthanapatel/Desktop/Himanshi/speech_emotion_detection-develop-v2/ravdess_preprocessed/audio/Actor_12/03-01-06-01-02-01-12.wav,03-01-06-01-02-01-12.wav,12,train,5,fearful,5,fearful,0.9819274544715881
/Users/prarthanapatel/Desktop/Himanshi/speech_emotion_detection-develop-v2/ravdess_preprocessed/audio/Actor_12/03-01-06-01-02-02-12.wav,03-01-06-01-02-02-12.wav,12,train,5,fearful,5,fearful,0.9832116961479187
/Users/prarthanapatel/Desktop/Himanshi/speech_emotion_detection-develop-v2/ravdess_preprocessed/audio/Actor_12/03-01-06-02-01-01-12.wav,03-01-06-02-01-01-12.wav,12,train,5,fearful,5,fearful,0.9879581928253174
/Users/prarthanapatel/Desktop/Himanshi/speech_emotion_detection-develop-v2/ravdess_preprocessed/audio/Actor_12/03-01-06-02-01-02-12.wav,03-01-06-02-01-02-12.wav,12,train,5,fearful,5,fearful,0.9882104396820068
/Users/prarthanapatel/Desktop/Himanshi/speech_emotion_detection-develop-v2/ravdess_preprocessed/audio/Actor_12/03-01-06-02-02-01-12.wav,03-01-06-02-02-01-12.wav,12,train,5,fearful,5,fearful,0.9883163571357727
/Users/prarthanapatel/Desktop/Himanshi/speech_emotion_detection-develop-v2/ravdess_preprocessed/audio/Actor_12/03-01-06-02-02-02-12.wav,03-01-06-02-02-02-12.wav,12,train,5,fearful,5,fearful,0.9861836433410645
/Users/prarthanapatel/Desktop/Himanshi/speech_emotion_detection-develop-v2/ravdess_preprocessed/audio/Actor_12/03-01-07-01-01-01-12.wav,03-01-07-01-01-01-12.wav,12,train,6,disgust,6,disgust,0.9887294173240662
/Users/prarthanapatel/Desktop/Himanshi/speech_emotion_detection-develop-v2/ravdess_preprocessed/audio/Actor_12/03-01-07-01-01-02-12.wav,03-01-07-01-01-02-12.wav,12,train,6,disgust,6,disgust,0.9864409565925598
/Users/prarthanapatel/Desktop/Himanshi/speech_emotion_detection-develop-v2/ravdess_preprocessed/audio/Actor_12/03-01-07-01-02-01-12.wav,03-01-07-01-02-01-12.wav,12,train,6,disgust,6,disgust,0.9889533519744873
/Users/prarthanapatel/Desktop/Himanshi/speech_emotion_detection-develop-v2/ravdess_preprocessed/audio/Actor_12/03-01-07-01-02-02-12.wav,03-01-07-01-02-02-12.wav,12,train,6,disgust,6,disgust,0.9866416454315186
/Users/prarthanapatel/Desktop/Himanshi/speech_emotion_detection-develop-v2/ravdess_preprocessed/audio/Actor_12/03-01-07-02-01-01-12.wav,03-01-07-02-01-01-12.wav,12,train,6,disgust,6,disgust,0.9890357851982117
/Users/prarthanapatel/Desktop/Himanshi/speech_emotion_detection-develop-v2/ravdess_preprocessed/audio/Actor_12/03-01-07-02-01-02-12.wav,03-01-07-02-01-02-12.wav,12,train,6,disgust,6,disgust,0.9885104894638062
/Users/prarthanapatel/Desktop/Himanshi/speech_emotion_detection-develop-v2/ravdess_preprocessed/audio/Actor_12/03-01-07-02-02-01-12.wav,03-01-07-02-02-01-12.wav,12,train,6,disgust,6,disgust,0.9890688061714172
/Users/prarthanapatel/Desktop/Himanshi/speech_emotion_detection-develop-v2/ravdess_preprocessed/audio/Actor_12/03-01-07-02-02-02-12.wav,03-01-07-02-02-02-12.wav,12,train,6,disgust,6,disgust,0.9875182509422302
/Users/prarthanapatel/Desktop/Himanshi/speech_emotion_detection-develop-v2/ravdess_preprocessed/audio/Actor_12/03-01-08-01-01-01-12.wav,03-01-08-01-01-01-12.wav,12,train,7,surprised,7,surprised,0.9645515084266663
/Users/prarthanapatel/Desktop/Himanshi/speech_emotion_detection-develop-v2/ravdess_preprocessed/audio/Actor_12/03-01-08-01-01-02-12.wav,03-01-08-01-01-02-12.wav,12,train,7,surprised,7,surprised,0.9642839431762695
/Users/prarthanapatel/Desktop/Himanshi/speech_emotion_detection-develop-v2/ravdess_preprocessed/audio/Actor_12/03-01-08-01-02-01-12.wav,03-01-08-01-02-01-12.wav,12,train,7,surprised,7,surprised,0.9646546840667725
/Users/prarthanapatel/Desktop/Himanshi/speech_emotion_detection-develop-v2/ravdess_preprocessed/audio/Actor_12/03-01-08-01-02-02-12.wav,03-01-08-01-02-02-12.wav,12,train,7,surprised,7,surprised,0.9628105163574219
/Users/prarthanapatel/Desktop/Himanshi/speech_emotion_detection-develop-v2/ravdess_preprocessed/audio/Actor_12/03-01-08-02-01-01-12.wav,03-01-08-02-01-01-12.wav,12,train,7,surprised,7,surprised,0.9645745754241943
/Users/prarthanapatel/Desktop/Himanshi/speech_emotion_detection-develop-v2/ravdess_preprocessed/audio/Actor_12/03-01-08-02-01-02-12.wav,03-01-08-02-01-02-12.wav,12,train,7,surprised,7,surprised,0.9624213576316833
/Users/prarthanapatel/Desktop/Himanshi/speech_emotion_detection-develop-v2/ravdess_preprocessed/audio/Actor_12/03-01-08-02-02-01-12.wav,03-01-08-02-02-01-12.wav,12,train,7,surprised,7,surprised,0.9663552641868591
/Users/prarthanapatel/Desktop/Himanshi/speech_emotion_detection-develop-v2/ravdess_preprocessed/audio/Actor_12/03-01-08-02-02-02-12.wav,03-01-08-02-02-02-12.wav,12,train,7,surprised,7,surprised,0.9669053554534912
/Users/prarthanapatel/Desktop/Himanshi/speech_emotion_detection-develop-v2/ravdess_preprocessed/audio/Actor_13/03-01-01-01-01-01-13.wav,03-01-01-01-01-01-13.wav,13,train,0,neutral,0,neutral,0.9528452157974243
/Users/prarthanapatel/Desktop/Himanshi/speech_emotion_detection-develop-v2/ravdess_preprocessed/audio/Actor_13/03-01-01-01-01-02-13.wav,03-01-01-01-01-02-13.wav,13,train,0,neutral,0,neutral,0.952996551990509
/Users/prarthanapatel/Desktop/Himanshi/speech_emotion_detection-develop-v2/ravdess_preprocessed/audio/Actor_13/03-01-01-01-02-01-13.wav,03-01-01-01-02-01-13.wav,13,train,0,neutral,0,neutral,0.9546347856521606
/Users/prarthanapatel/Desktop/Himanshi/speech_emotion_detection-develop-v2/ravdess_preprocessed/audio/Actor_13/03-01-01-01-02-02-13.wav,03-01-01-01-02-02-13.wav,13,train,0,neutral,0,neutral,0.9520485401153564
/Users/prarthanapatel/Desktop/Himanshi/speech_emotion_detection-develop-v2/ravdess_preprocessed/audio/Actor_13/03-01-02-01-01-01-13.wav,03-01-02-01-01-01-13.wav,13,train,1,calm,1,calm,0.9671468138694763
/Users/prarthanapatel/Desktop/Himanshi/speech_emotion_detection-develop-v2/ravdess_preprocessed/audio/Actor_13/03-01-02-01-01-02-13.wav,03-01-02-01-01-02-13.wav,13,train,1,calm,1,calm,0.9618326425552368
/Users/prarthanapatel/Desktop/Himanshi/speech_emotion_detection-develop-v2/ravdess_preprocessed/audio/Actor_13/03-01-02-01-02-01-13.wav,03-01-02-01-02-01-13.wav,13,train,1,calm,1,calm,0.9312025904655457
/Users/prarthanapatel/Desktop/Himanshi/speech_emotion_detection-develop-v2/ravdess_preprocessed/audio/Actor_13/03-01-02-01-02-02-13.wav,03-01-02-01-02-02-13.wav,13,train,1,calm,1,calm,0.9594761729240417
/Users/prarthanapatel/Desktop/Himanshi/speech_emotion_detection-develop-v2/ravdess_preprocessed/audio/Actor_13/03-01-02-02-01-01-13.wav,03-01-02-02-01-01-13.wav,13,train,1,calm,1,calm,0.9677568078041077
/Users/prarthanapatel/Desktop/Himanshi/speech_emotion_detection-develop-v2/ravdess_preprocessed/audio/Actor_13/03-01-02-02-01-02-13.wav,03-01-02-02-01-02-13.wav,13,train,1,calm,1,calm,0.9610544443130493
/Users/prarthanapatel/Desktop/Himanshi/speech_emotion_detection-develop-v2/ravdess_preprocessed/audio/Actor_13/03-01-02-02-02-01-13.wav,03-01-02-02-02-01-13.wav,13,train,1,calm,1,calm,0.9597018361091614
/Users/prarthanapatel/Desktop/Himanshi/speech_emotion_detection-develop-v2/ravdess_preprocessed/audio/Actor_13/03-01-02-02-02-02-13.wav,03-01-02-02-02-02-13.wav,13,train,1,calm,1,calm,0.96102374792099
/Users/prarthanapatel/Desktop/Himanshi/speech_emotion_detection-develop-v2/ravdess_preprocessed/audio/Actor_13/03-01-03-01-01-01-13.wav,03-01-03-01-01-01-13.wav,13,train,2,happy,2,happy,0.9672420620918274
/Users/prarthanapatel/Desktop/Himanshi/speech_emotion_detection-develop-v2/ravdess_preprocessed/audio/Actor_13/03-01-03-01-01-02-13.wav,03-01-03-01-01-02-13.wav,13,train,2,happy,2,happy,0.9663634896278381
/Users/prarthanapatel/Desktop/Himanshi/speech_emotion_detection-develop-v2/ravdess_preprocessed/audio/Actor_13/03-01-03-01-02-01-13.wav,03-01-03-01-02-01-13.wav,13,train,2,happy,2,happy,0.9582805633544922
/Users/prarthanapatel/Desktop/Himanshi/speech_emotion_detection-develop-v2/ravdess_preprocessed/audio/Actor_13/03-01-03-01-02-02-13.wav,03-01-03-01-02-02-13.wav,13,train,2,happy,2,happy,0.9661045074462891
/Users/prarthanapatel/Desktop/Himanshi/speech_emotion_detection-develop-v2/ravdess_preprocessed/audio/Actor_13/03-01-03-02-01-01-13.wav,03-01-03-02-01-01-13.wav,13,train,2,happy,2,happy,0.9726802110671997
/Users/prarthanapatel/Desktop/Himanshi/speech_emotion_detection-develop-v2/ravdess_preprocessed/audio/Actor_13/03-01-03-02-01-02-13.wav,03-01-03-02-01-02-13.wav,13,train,2,happy,2,happy,0.9720739126205444
/Users/prarthanapatel/Desktop/Himanshi/speech_emotion_detection-develop-v2/ravdess_preprocessed/audio/Actor_13/03-01-03-02-02-01-13.wav,03-01-03-02-02-01-13.wav,13,train,2,happy,2,happy,0.9712779521942139
/Users/prarthanapatel/Desktop/Himanshi/speech_emotion_detection-develop-v2/ravdess_preprocessed/audio/Actor_13/03-01-03-02-02-02-13.wav,03-01-03-02-02-02-13.wav,13,train,2,happy,2,happy,0.9702142477035522
/Users/prarthanapatel/Desktop/Himanshi/speech_emotion_detection-develop-v2/ravdess_preprocessed/audio/Actor_13/03-01-04-01-01-01-13.wav,03-01-04-01-01-01-13.wav,13,train,3,sad,3,sad,0.9807877540588379
/Users/prarthanapatel/Desktop/Himanshi/speech_emotion_detection-develop-v2/ravdess_preprocessed/audio/Actor_13/03-01-04-01-01-02-13.wav,03-01-04-01-01-02-13.wav,13,train,3,sad,3,sad,0.9789370894432068
/Users/prarthanapatel/Desktop/Himanshi/speech_emotion_detection-develop-v2/ravdess_preprocessed/audio/Actor_13/03-01-04-01-02-01-13.wav,03-01-04-01-02-01-13.wav,13,train,3,sad,3,sad,0.9803600907325745
/Users/prarthanapatel/Desktop/Himanshi/speech_emotion_detection-develop-v2/ravdess_preprocessed/audio/Actor_13/03-01-04-01-02-02-13.wav,03-01-04-01-02-02-13.wav,13,train,3,sad,3,sad,0.9729271531105042
/Users/prarthanapatel/Desktop/Himanshi/speech_emotion_detection-develop-v2/ravdess_preprocessed/audio/Actor_13/03-01-04-02-01-01-13.wav,03-01-04-02-01-01-13.wav,13,train,3,sad,3,sad,0.9717992544174194
/Users/prarthanapatel/Desktop/Himanshi/speech_emotion_detection-develop-v2/ravdess_preprocessed/audio/Actor_13/03-01-04-02-01-02-13.wav,03-01-04-02-01-02-13.wav,13,train,3,sad,3,sad,0.9819931983947754
/Users/prarthanapatel/Desktop/Himanshi/speech_emotion_detection-develop-v2/ravdess_preprocessed/audio/Actor_13/03-01-04-02-02-01-13.wav,03-01-04-02-02-01-13.wav,13,train,3,sad,3,sad,0.9804742336273193
/Users/prarthanapatel/Desktop/Himanshi/speech_emotion_detection-develop-v2/ravdess_preprocessed/audio/Actor_13/03-01-04-02-02-02-13.wav,03-01-04-02-02-02-13.wav,13,train,3,sad,3,sad,0.9704448580741882
/Users/prarthanapatel/Desktop/Himanshi/speech_emotion_detection-develop-v2/ravdess_preprocessed/audio/Actor_13/03-01-05-01-01-01-13.wav,03-01-05-01-01-01-13.wav,13,train,4,angry,4,angry,0.9865173101425171
/Users/prarthanapatel/Desktop/Himanshi/speech_emotion_detection-develop-v2/ravdess_preprocessed/audio/Actor_13/03-01-05-01-01-02-13.wav,03-01-05-01-01-02-13.wav,13,train,4,angry,4,angry,0.9865281581878662
/Users/prarthanapatel/Desktop/Himanshi/speech_emotion_detection-develop-v2/ravdess_preprocessed/audio/Actor_13/03-01-05-01-02-01-13.wav,03-01-05-01-02-01-13.wav,13,train,4,angry,4,angry,0.9867032766342163
/Users/prarthanapatel/Desktop/Himanshi/speech_emotion_detection-develop-v2/ravdess_preprocessed/audio/Actor_13/03-01-05-01-02-02-13.wav,03-01-05-01-02-02-13.wav,13,train,4,angry,4,angry,0.9869126081466675
/Users/prarthanapatel/Desktop/Himanshi/speech_emotion_detection-develop-v2/ravdess_preprocessed/audio/Actor_13/03-01-05-02-01-01-13.wav,03-01-05-02-01-01-13.wav,13,train,4,angry,4,angry,0.9897136688232422
/Users/prarthanapatel/Desktop/Himanshi/speech_emotion_detection-develop-v2/ravdess_preprocessed/audio/Actor_13/03-01-05-02-01-02-13.wav,03-01-05-02-01-02-13.wav,13,train,4,angry,4,angry,0.9896020293235779
/Users/prarthanapatel/Desktop/Himanshi/speech_emotion_detection-develop-v2/ravdess_preprocessed/audio/Actor_13/03-01-05-02-02-01-13.wav,03-01-05-02-02-01-13.wav,13,train,4,angry,4,angry,0.9897386431694031
/Users/prarthanapatel/Desktop/Himanshi/speech_emotion_detection-develop-v2/ravdess_preprocessed/audio/Actor_13/03-01-05-02-02-02-13.wav,03-01-05-02-02-02-13.wav,13,train,4,angry,4,angry,0.9901200532913208
/Users/prarthanapatel/Desktop/Himanshi/speech_emotion_detection-develop-v2/ravdess_preprocessed/audio/Actor_13/03-01-06-01-01-01-13.wav,03-01-06-01-01-01-13.wav,13,train,5,fearful,5,fearful,0.9759549498558044
/Users/prarthanapatel/Desktop/Himanshi/speech_emotion_detection-develop-v2/ravdess_preprocessed/audio/Actor_13/03-01-06-01-01-02-13.wav,03-01-06-01-01-02-13.wav,13,train,5,fearful,5,fearful,0.9796609878540039
/Users/prarthanapatel/Desktop/Himanshi/speech_emotion_detection-develop-v2/ravdess_preprocessed/audio/Actor_13/03-01-06-01-02-01-13.wav,03-01-06-01-02-01-13.wav,13,train,5,fearful,5,fearful,0.9743125438690186
/Users/prarthanapatel/Desktop/Himanshi/speech_emotion_detection-develop-v2/ravdess_preprocessed/audio/Actor_13/03-01-06-01-02-02-13.wav,03-01-06-01-02-02-13.wav,13,train,5,fearful,5,fearful,0.9714072942733765
/Users/prarthanapatel/Desktop/Himanshi/speech_emotion_detection-develop-v2/ravdess_preprocessed/audio/Actor_13/03-01-06-02-01-01-13.wav,03-01-06-02-01-01-13.wav,13,train,5,fearful,5,fearful,0.9812905192375183
/Users/prarthanapatel/Desktop/Himanshi/speech_emotion_detection-develop-v2/ravdess_preprocessed/audio/Actor_13/03-01-06-02-01-02-13.wav,03-01-06-02-01-02-13.wav,13,train,5,fearful,5,fearful,0.9867559671401978
/Users/prarthanapatel/Desktop/Himanshi/speech_emotion_detection-develop-v2/ravdess_preprocessed/audio/Actor_13/03-01-06-02-02-01-13.wav,03-01-06-02-02-01-13.wav,13,train,5,fearful,5,fearful,0.9777740240097046
/Users/prarthanapatel/Desktop/Himanshi/speech_emotion_detection-develop-v2/ravdess_preprocessed/audio/Actor_13/03-01-06-02-02-02-13.wav,03-01-06-02-02-02-13.wav,13,train,5,fearful,5,fearful,0.9787648916244507
/Users/prarthanapatel/Desktop/Himanshi/speech_emotion_detection-develop-v2/ravdess_preprocessed/audio/Actor_13/03-01-07-01-01-01-13.wav,03-01-07-01-01-01-13.wav,13,train,6,disgust,6,disgust,0.983363151550293
/Users/prarthanapatel/Desktop/Himanshi/speech_emotion_detection-develop-v2/ravdess_preprocessed/audio/Actor_13/03-01-07-01-01-02-13.wav,03-01-07-01-01-02-13.wav,13,train,6,disgust,6,disgust,0.9854791164398193
/Users/prarthanapatel/Desktop/Himanshi/speech_emotion_detection-develop-v2/ravdess_preprocessed/audio/Actor_13/03-01-07-01-02-01-13.wav,03-01-07-01-02-01-13.wav,13,train,6,disgust,6,disgust,0.988858699798584
/Users/prarthanapatel/Desktop/Himanshi/speech_emotion_detection-develop-v2/ravdess_preprocessed/audio/Actor_13/03-01-07-01-02-02-13.wav,03-01-07-01-02-02-13.wav,13,train,6,disgust,6,disgust,0.9886339902877808
/Users/prarthanapatel/Desktop/Himanshi/speech_emotion_detection-develop-v2/ravdess_preprocessed/audio/Actor_13/03-01-07-02-01-01-13.wav,03-01-07-02-01-01-13.wav,13,train,6,disgust,6,disgust,0.9870637655258179
/Users/prarthanapatel/Desktop/Himanshi/speech_emotion_detection-develop-v2/ravdess_preprocessed/audio/Actor_13/03-01-07-02-01-02-13.wav,03-01-07-02-01-02-13.wav,13,train,6,disgust,6,disgust,0.9851234555244446
/Users/prarthanapatel/Desktop/Himanshi/speech_emotion_detection-develop-v2/ravdess_preprocessed/audio/Actor_13/03-01-07-02-02-01-13.wav,03-01-07-02-02-01-13.wav,13,train,6,disgust,6,disgust,0.9883739948272705
/Users/prarthanapatel/Desktop/Himanshi/speech_emotion_detection-develop-v2/ravdess_preprocessed/audio/Actor_13/03-01-07-02-02-02-13.wav,03-01-07-02-02-02-13.wav,13,train,6,disgust,6,disgust,0.9872056245803833
/Users/prarthanapatel/Desktop/Himanshi/speech_emotion_detection-develop-v2/ravdess_preprocessed/audio/Actor_13/03-01-08-01-01-01-13.wav,03-01-08-01-01-01-13.wav,13,train,7,surprised,7,surprised,0.9650225639343262
/Users/prarthanapatel/Desktop/Himanshi/speech_emotion_detection-develop-v2/ravdess_preprocessed/audio/Actor_13/03-01-08-01-01-02-13.wav,03-01-08-01-01-02-13.wav,13,train,7,surprised,7,surprised,0.9636180400848389
/Users/prarthanapatel/Desktop/Himanshi/speech_emotion_detection-develop-v2/ravdess_preprocessed/audio/Actor_13/03-01-08-01-02-01-13.wav,03-01-08-01-02-01-13.wav,13,train,7,surprised,7,surprised,0.9639761447906494
/Users/prarthanapatel/Desktop/Himanshi/speech_emotion_detection-develop-v2/ravdess_preprocessed/audio/Actor_13/03-01-08-01-02-02-13.wav,03-01-08-01-02-02-13.wav,13,train,7,surprised,7,surprised,0.9625666737556458
/Users/prarthanapatel/Desktop/Himanshi/speech_emotion_detection-develop-v2/ravdess_preprocessed/audio/Actor_13/03-01-08-02-01-01-13.wav,03-01-08-02-01-01-13.wav,13,train,7,surprised,7,surprised,0.9654026031494141
/Users/prarthanapatel/Desktop/Himanshi/speech_emotion_detection-develop-v2/ravdess_preprocessed/audio/Actor_13/03-01-08-02-01-02-13.wav,03-01-08-02-01-02-13.wav,13,train,7,surprised,7,surprised,0.9595018625259399
/Users/prarthanapatel/Desktop/Himanshi/speech_emotion_detection-develop-v2/ravdess_preprocessed/audio/Actor_13/03-01-08-02-02-01-13.wav,03-01-08-02-02-01-13.wav,13,train,7,surprised,7,surprised,0.9655712842941284
/Users/prarthanapatel/Desktop/Himanshi/speech_emotion_detection-develop-v2/ravdess_preprocessed/audio/Actor_13/03-01-08-02-02-02-13.wav,03-01-08-02-02-02-13.wav,13,train,7,surprised,7,surprised,0.9655688405036926
/Users/prarthanapatel/Desktop/Himanshi/speech_emotion_detection-develop-v2/ravdess_preprocessed/audio/Actor_14/03-01-01-01-01-01-14.wav,03-01-01-01-01-01-14.wav,14,train,0,neutral,0,neutral,0.9494554400444031
/Users/prarthanapatel/Desktop/Himanshi/speech_emotion_detection-develop-v2/ravdess_preprocessed/audio/Actor_14/03-01-01-01-01-02-14.wav,03-01-01-01-01-02-14.wav,14,train,0,neutral,0,neutral,0.950221836566925
/Users/prarthanapatel/Desktop/Himanshi/speech_emotion_detection-develop-v2/ravdess_preprocessed/audio/Actor_14/03-01-01-01-02-01-14.wav,03-01-01-01-02-01-14.wav,14,train,0,neutral,0,neutral,0.9489374756813049
/Users/prarthanapatel/Desktop/Himanshi/speech_emotion_detection-develop-v2/ravdess_preprocessed/audio/Actor_14/03-01-01-01-02-02-14.wav,03-01-01-01-02-02-14.wav,14,train,0,neutral,0,neutral,0.950352132320404
/Users/prarthanapatel/Desktop/Himanshi/speech_emotion_detection-develop-v2/ravdess_preprocessed/audio/Actor_14/03-01-02-01-01-01-14.wav,03-01-02-01-01-01-14.wav,14,train,1,calm,1,calm,0.9709327816963196
/Users/prarthanapatel/Desktop/Himanshi/speech_emotion_detection-develop-v2/ravdess_preprocessed/audio/Actor_14/03-01-02-01-01-02-14.wav,03-01-02-01-01-02-14.wav,14,train,1,calm,1,calm,0.972445011138916
/Users/prarthanapatel/Desktop/Himanshi/speech_emotion_detection-develop-v2/ravdess_preprocessed/audio/Actor_14/03-01-02-01-02-01-14.wav,03-01-02-01-02-01-14.wav,14,train,1,calm,1,calm,0.9676832556724548
/Users/prarthanapatel/Desktop/Himanshi/speech_emotion_detection-develop-v2/ravdess_preprocessed/audio/Actor_14/03-01-02-01-02-02-14.wav,03-01-02-01-02-02-14.wav,14,train,1,calm,1,calm,0.9687536358833313
/Users/prarthanapatel/Desktop/Himanshi/speech_emotion_detection-develop-v2/ravdess_preprocessed/audio/Actor_14/03-01-02-02-01-01-14.wav,03-01-02-02-01-01-14.wav,14,train,1,calm,1,calm,0.9733220338821411
/Users/prarthanapatel/Desktop/Himanshi/speech_emotion_detection-develop-v2/ravdess_preprocessed/audio/Actor_14/03-01-02-02-01-02-14.wav,03-01-02-02-01-02-14.wav,14,train,1,calm,1,calm,0.971832811832428
/Users/prarthanapatel/Desktop/Himanshi/speech_emotion_detection-develop-v2/ravdess_preprocessed/audio/Actor_14/03-01-02-02-02-01-14.wav,03-01-02-02-02-01-14.wav,14,train,1,calm,1,calm,0.9729295372962952
/Users/prarthanapatel/Desktop/Himanshi/speech_emotion_detection-develop-v2/ravdess_preprocessed/audio/Actor_14/03-01-02-02-02-02-14.wav,03-01-02-02-02-02-14.wav,14,train,1,calm,1,calm,0.9731354713439941
/Users/prarthanapatel/Desktop/Himanshi/speech_emotion_detection-develop-v2/ravdess_preprocessed/audio/Actor_14/03-01-03-01-01-01-14.wav,03-01-03-01-01-01-14.wav,14,train,2,happy,2,happy,0.9740564227104187
/Users/prarthanapatel/Desktop/Himanshi/speech_emotion_detection-develop-v2/ravdess_preprocessed/audio/Actor_14/03-01-03-01-01-02-14.wav,03-01-03-01-01-02-14.wav,14,train,2,happy,2,happy,0.9668125510215759
/Users/prarthanapatel/Desktop/Himanshi/speech_emotion_detection-develop-v2/ravdess_preprocessed/audio/Actor_14/03-01-03-01-02-01-14.wav,03-01-03-01-02-01-14.wav,14,train,2,happy,2,happy,0.9683563709259033
/Users/prarthanapatel/Desktop/Himanshi/speech_emotion_detection-develop-v2/ravdess_preprocessed/audio/Actor_14/03-01-03-01-02-02-14.wav,03-01-03-01-02-02-14.wav,14,train,2,happy,2,happy,0.9661251902580261
/Users/prarthanapatel/Desktop/Himanshi/speech_emotion_detection-develop-v2/ravdess_preprocessed/audio/Actor_14/03-01-03-02-01-01-14.wav,03-01-03-02-01-01-14.wav,14,train,2,happy,2,happy,0.970989465713501
/Users/prarthanapatel/Desktop/Himanshi/speech_emotion_detection-develop-v2/ravdess_preprocessed/audio/Actor_14/03-01-03-02-01-02-14.wav,03-01-03-02-01-02-14.wav,14,train,2,happy,2,happy,0.9725368618965149
/Users/prarthanapatel/Desktop/Himanshi/speech_emotion_detection-develop-v2/ravdess_preprocessed/audio/Actor_14/03-01-03-02-02-01-14.wav,03-01-03-02-02-01-14.wav,14,train,2,happy,2,happy,0.9723391532897949
/Users/prarthanapatel/Desktop/Himanshi/speech_emotion_detection-develop-v2/ravdess_preprocessed/audio/Actor_14/03-01-03-02-02-02-14.wav,03-01-03-02-02-02-14.wav,14,train,2,happy,2,happy,0.9691866636276245
/Users/prarthanapatel/Desktop/Himanshi/speech_emotion_detection-develop-v2/ravdess_preprocessed/audio/Actor_14/03-01-04-01-01-01-14.wav,03-01-04-01-01-01-14.wav,14,train,3,sad,3,sad,0.9842825531959534
/Users/prarthanapatel/Desktop/Himanshi/speech_emotion_detection-develop-v2/ravdess_preprocessed/audio/Actor_14/03-01-04-01-01-02-14.wav,03-01-04-01-01-02-14.wav,14,train,3,sad,3,sad,0.9833725094795227
/Users/prarthanapatel/Desktop/Himanshi/speech_emotion_detection-develop-v2/ravdess_preprocessed/audio/Actor_14/03-01-04-01-02-01-14.wav,03-01-04-01-02-01-14.wav,14,train,3,sad,3,sad,0.9827993512153625
/Users/prarthanapatel/Desktop/Himanshi/speech_emotion_detection-develop-v2/ravdess_preprocessed/audio/Actor_14/03-01-04-01-02-02-14.wav,03-01-04-01-02-02-14.wav,14,train,3,sad,3,sad,0.9837337732315063
/Users/prarthanapatel/Desktop/Himanshi/speech_emotion_detection-develop-v2/ravdess_preprocessed/audio/Actor_14/03-01-04-02-01-01-14.wav,03-01-04-02-01-01-14.wav,14,train,3,sad,3,sad,0.9855266809463501
/Users/prarthanapatel/Desktop/Himanshi/speech_emotion_detection-develop-v2/ravdess_preprocessed/audio/Actor_14/03-01-04-02-01-02-14.wav,03-01-04-02-01-02-14.wav,14,train,3,sad,3,sad,0.9843181371688843
/Users/prarthanapatel/Desktop/Himanshi/speech_emotion_detection-develop-v2/ravdess_preprocessed/audio/Actor_14/03-01-04-02-02-01-14.wav,03-01-04-02-02-01-14.wav,14,train,3,sad,3,sad,0.985056459903717
/Users/prarthanapatel/Desktop/Himanshi/speech_emotion_detection-develop-v2/ravdess_preprocessed/audio/Actor_14/03-01-04-02-02-02-14.wav,03-01-04-02-02-02-14.wav,14,train,3,sad,3,sad,0.9838036894798279
/Users/prarthanapatel/Desktop/Himanshi/speech_emotion_detection-develop-v2/ravdess_preprocessed/audio/Actor_14/03-01-05-01-01-01-14.wav,03-01-05-01-01-01-14.wav,14,train,4,angry,4,angry,0.9877594113349915
/Users/prarthanapatel/Desktop/Himanshi/speech_emotion_detection-develop-v2/ravdess_preprocessed/audio/Actor_14/03-01-05-01-01-02-14.wav,03-01-05-01-01-02-14.wav,14,train,4,angry,4,angry,0.9882012009620667
/Users/prarthanapatel/Desktop/Himanshi/speech_emotion_detection-develop-v2/ravdess_preprocessed/audio/Actor_14/03-01-05-01-02-01-14.wav,03-01-05-01-02-01-14.wav,14,train,4,angry,4,angry,0.9886550903320312
/Users/prarthanapatel/Desktop/Himanshi/speech_emotion_detection-develop-v2/ravdess_preprocessed/audio/Actor_14/03-01-05-01-02-02-14.wav,03-01-05-01-02-02-14.wav,14,train,4,angry,4,angry,0.9871587753295898
/Users/prarthanapatel/Desktop/Himanshi/speech_emotion_detection-develop-v2/ravdess_preprocessed/audio/Actor_14/03-01-05-02-01-01-14.wav,03-01-05-02-01-01-14.wav,14,train,4,angry,4,angry,0.9888622164726257
/Users/prarthanapatel/Desktop/Himanshi/speech_emotion_detection-develop-v2/ravdess_preprocessed/audio/Actor_14/03-01-05-02-01-02-14.wav,03-01-05-02-01-02-14.wav,14,train,4,angry,4,angry,0.9878969192504883
/Users/prarthanapatel/Desktop/Himanshi/speech_emotion_detection-develop-v2/ravdess_preprocessed/audio/Actor_14/03-01-05-02-02-01-14.wav,03-01-05-02-02-01-14.wav,14,train,4,angry,4,angry,0.9889500737190247
/Users/prarthanapatel/Desktop/Himanshi/speech_emotion_detection-develop-v2/ravdess_preprocessed/audio/Actor_14/03-01-05-02-02-02-14.wav,03-01-05-02-02-02-14.wav,14,train,4,angry,4,angry,0.9885772466659546
/Users/prarthanapatel/Desktop/Himanshi/speech_emotion_detection-develop-v2/ravdess_preprocessed/audio/Actor_14/03-01-06-01-01-01-14.wav,03-01-06-01-01-01-14.wav,14,train,5,fearful,5,fearful,0.9805529713630676
/Users/prarthanapatel/Desktop/Himanshi/speech_emotion_detection-develop-v2/ravdess_preprocessed/audio/Actor_14/03-01-06-01-01-02-14.wav,03-01-06-01-01-02-14.wav,14,train,5,fearful,5,fearful,0.9805076718330383
/Users/prarthanapatel/Desktop/Himanshi/speech_emotion_detection-develop-v2/ravdess_preprocessed/audio/Actor_14/03-01-06-01-02-01-14.wav,03-01-06-01-02-01-14.wav,14,train,5,fearful,5,fearful,0.976666271686554
/Users/prarthanapatel/Desktop/Himanshi/speech_emotion_detection-develop-v2/ravdess_preprocessed/audio/Actor_14/03-01-06-01-02-02-14.wav,03-01-06-01-02-02-14.wav,14,train,5,fearful,5,fearful,0.9843930602073669
/Users/prarthanapatel/Desktop/Himanshi/speech_emotion_detection-develop-v2/ravdess_preprocessed/audio/Actor_14/03-01-06-02-01-01-14.wav,03-01-06-02-01-01-14.wav,14,train,5,fearful,5,fearful,0.9868099689483643
/Users/prarthanapatel/Desktop/Himanshi/speech_emotion_detection-develop-v2/ravdess_preprocessed/audio/Actor_14/03-01-06-02-01-02-14.wav,03-01-06-02-01-02-14.wav,14,train,5,fearful,5,fearful,0.9876130223274231
/Users/prarthanapatel/Desktop/Himanshi/speech_emotion_detection-develop-v2/ravdess_preprocessed/audio/Actor_14/03-01-06-02-02-01-14.wav,03-01-06-02-02-01-14.wav,14,train,5,fearful,5,fearful,0.9868291020393372
/Users/prarthanapatel/Desktop/Himanshi/speech_emotion_detection-develop-v2/ravdess_preprocessed/audio/Actor_14/03-01-06-02-02-02-14.wav,03-01-06-02-02-02-14.wav,14,train,5,fearful,5,fearful,0.9865713715553284
/Users/prarthanapatel/Desktop/Himanshi/speech_emotion_detection-develop-v2/ravdess_preprocessed/audio/Actor_14/03-01-07-01-01-01-14.wav,03-01-07-01-01-01-14.wav,14,train,6,disgust,6,disgust,0.9895048141479492
/Users/prarthanapatel/Desktop/Himanshi/speech_emotion_detection-develop-v2/ravdess_preprocessed/audio/Actor_14/03-01-07-01-01-02-14.wav,03-01-07-01-01-02-14.wav,14,train,6,disgust,6,disgust,0.9891248941421509
/Users/prarthanapatel/Desktop/Himanshi/speech_emotion_detection-develop-v2/ravdess_preprocessed/audio/Actor_14/03-01-07-01-02-01-14.wav,03-01-07-01-02-01-14.wav,14,train,6,disgust,6,disgust,0.9893585443496704
/Users/prarthanapatel/Desktop/Himanshi/speech_emotion_detection-develop-v2/ravdess_preprocessed/audio/Actor_14/03-01-07-01-02-02-14.wav,03-01-07-01-02-02-14.wav,14,train,6,disgust,6,disgust,0.9885349869728088
/Users/prarthanapatel/Desktop/Himanshi/speech_emotion_detection-develop-v2/ravdess_preprocessed/audio/Actor_14/03-01-07-02-01-01-14.wav,03-01-07-02-01-01-14.wav,14,train,6,disgust,6,disgust,0.9887396693229675
/Users/prarthanapatel/Desktop/Himanshi/speech_emotion_detection-develop-v2/ravdess_preprocessed/audio/Actor_14/03-01-07-02-01-02-14.wav,03-01-07-02-01-02-14.wav,14,train,6,disgust,6,disgust,0.9877843856811523
/Users/prarthanapatel/Desktop/Himanshi/speech_emotion_detection-develop-v2/ravdess_preprocessed/audio/Actor_14/03-01-07-02-02-01-14.wav,03-01-07-02-02-01-14.wav,14,train,6,disgust,6,disgust,0.9880049824714661
/Users/prarthanapatel/Desktop/Himanshi/speech_emotion_detection-develop-v2/ravdess_preprocessed/audio/Actor_14/03-01-07-02-02-02-14.wav,03-01-07-02-02-02-14.wav,14,train,6,disgust,6,disgust,0.9894028902053833
/Users/prarthanapatel/Desktop/Himanshi/speech_emotion_detection-develop-v2/ravdess_preprocessed/audio/Actor_14/03-01-08-01-01-01-14.wav,03-01-08-01-01-01-14.wav,14,train,7,surprised,7,surprised,0.9627048969268799
/Users/prarthanapatel/Desktop/Himanshi/speech_emotion_detection-develop-v2/ravdess_preprocessed/audio/Actor_14/03-01-08-01-01-02-14.wav,03-01-08-01-01-02-14.wav,14,train,7,surprised,7,surprised,0.9645717740058899
/Users/prarthanapatel/Desktop/Himanshi/speech_emotion_detection-develop-v2/ravdess_preprocessed/audio/Actor_14/03-01-08-01-02-01-14.wav,03-01-08-01-02-01-14.wav,14,train,7,surprised,7,surprised,0.9629552960395813
/Users/prarthanapatel/Desktop/Himanshi/speech_emotion_detection-develop-v2/ravdess_preprocessed/audio/Actor_14/03-01-08-01-02-02-14.wav,03-01-08-01-02-02-14.wav,14,train,7,surprised,7,surprised,0.9668420553207397
/Users/prarthanapatel/Desktop/Himanshi/speech_emotion_detection-develop-v2/ravdess_preprocessed/audio/Actor_14/03-01-08-02-01-01-14.wav,03-01-08-02-01-01-14.wav,14,train,7,surprised,7,surprised,0.9643208980560303
/Users/prarthanapatel/Desktop/Himanshi/speech_emotion_detection-develop-v2/ravdess_preprocessed/audio/Actor_14/03-01-08-02-01-02-14.wav,03-01-08-02-01-02-14.wav,14,train,7,surprised,7,surprised,0.9669199585914612
/Users/prarthanapatel/Desktop/Himanshi/speech_emotion_detection-develop-v2/ravdess_preprocessed/audio/Actor_14/03-01-08-02-02-01-14.wav,03-01-08-02-02-01-14.wav,14,train,7,surprised,7,surprised,0.9651345610618591
/Users/prarthanapatel/Desktop/Himanshi/speech_emotion_detection-develop-v2/ravdess_preprocessed/audio/Actor_14/03-01-08-02-02-02-14.wav,03-01-08-02-02-02-14.wav,14,train,7,surprised,7,surprised,0.9647806882858276
/Users/prarthanapatel/Desktop/Himanshi/speech_emotion_detection-develop-v2/ravdess_preprocessed/audio/Actor_15/03-01-01-01-01-01-15.wav,03-01-01-01-01-01-15.wav,15,train,0,neutral,0,neutral,0.9531335830688477
/Users/prarthanapatel/Desktop/Himanshi/speech_emotion_detection-develop-v2/ravdess_preprocessed/audio/Actor_15/03-01-01-01-01-02-15.wav,03-01-01-01-01-02-15.wav,15,train,0,neutral,0,neutral,0.9526783227920532
/Users/prarthanapatel/Desktop/Himanshi/speech_emotion_detection-develop-v2/ravdess_preprocessed/audio/Actor_15/03-01-01-01-02-01-15.wav,03-01-01-01-02-01-15.wav,15,train,0,neutral,0,neutral,0.9535054564476013
/Users/prarthanapatel/Desktop/Himanshi/speech_emotion_detection-develop-v2/ravdess_preprocessed/audio/Actor_15/03-01-01-01-02-02-15.wav,03-01-01-01-02-02-15.wav,15,train,0,neutral,0,neutral,0.9534080028533936
/Users/prarthanapatel/Desktop/Himanshi/speech_emotion_detection-develop-v2/ravdess_preprocessed/audio/Actor_15/03-01-02-01-01-01-15.wav,03-01-02-01-01-01-15.wav,15,train,1,calm,1,calm,0.9638024568557739
/Users/prarthanapatel/Desktop/Himanshi/speech_emotion_detection-develop-v2/ravdess_preprocessed/audio/Actor_15/03-01-02-01-01-02-15.wav,03-01-02-01-01-02-15.wav,15,train,1,calm,1,calm,0.9683831930160522
/Users/prarthanapatel/Desktop/Himanshi/speech_emotion_detection-develop-v2/ravdess_preprocessed/audio/Actor_15/03-01-02-01-02-01-15.wav,03-01-02-01-02-01-15.wav,15,train,1,calm,1,calm,0.9699260592460632
/Users/prarthanapatel/Desktop/Himanshi/speech_emotion_detection-develop-v2/ravdess_preprocessed/audio/Actor_15/03-01-02-01-02-02-15.wav,03-01-02-01-02-02-15.wav,15,train,1,calm,1,calm,0.9629640579223633
/Users/prarthanapatel/Desktop/Himanshi/speech_emotion_detection-develop-v2/ravdess_preprocessed/audio/Actor_15/03-01-02-02-01-01-15.wav,03-01-02-02-01-01-15.wav,15,train,1,calm,1,calm,0.9633778929710388
/Users/prarthanapatel/Desktop/Himanshi/speech_emotion_detection-develop-v2/ravdess_preprocessed/audio/Actor_15/03-01-02-02-01-02-15.wav,03-01-02-02-01-02-15.wav,15,train,1,calm,1,calm,0.9694479703903198
/Users/prarthanapatel/Desktop/Himanshi/speech_emotion_detection-develop-v2/ravdess_preprocessed/audio/Actor_15/03-01-02-02-02-01-15.wav,03-01-02-02-02-01-15.wav,15,train,1,calm,1,calm,0.9681677222251892
/Users/prarthanapatel/Desktop/Himanshi/speech_emotion_detection-develop-v2/ravdess_preprocessed/audio/Actor_15/03-01-02-02-02-02-15.wav,03-01-02-02-02-02-15.wav,15,train,1,calm,1,calm,0.9705373644828796
/Users/prarthanapatel/Desktop/Himanshi/speech_emotion_detection-develop-v2/ravdess_preprocessed/audio/Actor_15/03-01-03-01-01-01-15.wav,03-01-03-01-01-01-15.wav,15,train,2,happy,2,happy,0.9683364629745483
/Users/prarthanapatel/Desktop/Himanshi/speech_emotion_detection-develop-v2/ravdess_preprocessed/audio/Actor_15/03-01-03-01-01-02-15.wav,03-01-03-01-01-02-15.wav,15,train,2,happy,2,happy,0.9700227379798889
/Users/prarthanapatel/Desktop/Himanshi/speech_emotion_detection-develop-v2/ravdess_preprocessed/audio/Actor_15/03-01-03-01-02-01-15.wav,03-01-03-01-02-01-15.wav,15,train,2,happy,2,happy,0.9660042524337769
/Users/prarthanapatel/Desktop/Himanshi/speech_emotion_detection-develop-v2/ravdess_preprocessed/audio/Actor_15/03-01-03-01-02-02-15.wav,03-01-03-01-02-02-15.wav,15,train,2,happy,2,happy,0.967653751373291
/Users/prarthanapatel/Desktop/Himanshi/speech_emotion_detection-develop-v2/ravdess_preprocessed/audio/Actor_15/03-01-03-02-01-01-15.wav,03-01-03-02-01-01-15.wav,15,train,2,happy,2,happy,0.9701051712036133
/Users/prarthanapatel/Desktop/Himanshi/speech_emotion_detection-develop-v2/ravdess_preprocessed/audio/Actor_15/03-01-03-02-01-02-15.wav,03-01-03-02-01-02-15.wav,15,train,2,happy,2,happy,0.9730384349822998
/Users/prarthanapatel/Desktop/Himanshi/speech_emotion_detection-develop-v2/ravdess_preprocessed/audio/Actor_15/03-01-03-02-02-01-15.wav,03-01-03-02-02-01-15.wav,15,train,2,happy,2,happy,0.9732215404510498
/Users/prarthanapatel/Desktop/Himanshi/speech_emotion_detection-develop-v2/ravdess_preprocessed/audio/Actor_15/03-01-03-02-02-02-15.wav,03-01-03-02-02-02-15.wav,15,train,2,happy,2,happy,0.971726655960083
/Users/prarthanapatel/Desktop/Himanshi/speech_emotion_detection-develop-v2/ravdess_preprocessed/audio/Actor_15/03-01-04-01-01-01-15.wav,03-01-04-01-01-01-15.wav,15,train,3,sad,3,sad,0.9840614199638367
/Users/prarthanapatel/Desktop/Himanshi/speech_emotion_detection-develop-v2/ravdess_preprocessed/audio/Actor_15/03-01-04-01-01-02-15.wav,03-01-04-01-01-02-15.wav,15,train,3,sad,3,sad,0.9824216961860657
/Users/prarthanapatel/Desktop/Himanshi/speech_emotion_detection-develop-v2/ravdess_preprocessed/audio/Actor_15/03-01-04-01-02-01-15.wav,03-01-04-01-02-01-15.wav,15,train,3,sad,3,sad,0.9832488298416138
/Users/prarthanapatel/Desktop/Himanshi/speech_emotion_detection-develop-v2/ravdess_preprocessed/audio/Actor_15/03-01-04-01-02-02-15.wav,03-01-04-01-02-02-15.wav,15,train,3,sad,3,sad,0.9851521253585815
/Users/prarthanapatel/Desktop/Himanshi/speech_emotion_detection-develop-v2/ravdess_preprocessed/audio/Actor_15/03-01-04-02-01-01-15.wav,03-01-04-02-01-01-15.wav,15,train,3,sad,3,sad,0.984187126159668
/Users/prarthanapatel/Desktop/Himanshi/speech_emotion_detection-develop-v2/ravdess_preprocessed/audio/Actor_15/03-01-04-02-01-02-15.wav,03-01-04-02-01-02-15.wav,15,train,3,sad,3,sad,0.9838063716888428
/Users/prarthanapatel/Desktop/Himanshi/speech_emotion_detection-develop-v2/ravdess_preprocessed/audio/Actor_15/03-01-04-02-02-01-15.wav,03-01-04-02-02-01-15.wav,15,train,3,sad,3,sad,0.9829996228218079
/Users/prarthanapatel/Desktop/Himanshi/speech_emotion_detection-develop-v2/ravdess_preprocessed/audio/Actor_15/03-01-04-02-02-02-15.wav,03-01-04-02-02-02-15.wav,15,train,3,sad,3,sad,0.9847550392150879
/Users/prarthanapatel/Desktop/Himanshi/speech_emotion_detection-develop-v2/ravdess_preprocessed/audio/Actor_15/03-01-05-01-01-01-15.wav,03-01-05-01-01-01-15.wav,15,train,4,angry,4,angry,0.9862776398658752
/Users/prarthanapatel/Desktop/Himanshi/speech_emotion_detection-develop-v2/ravdess_preprocessed/audio/Actor_15/03-01-05-01-01-02-15.wav,03-01-05-01-01-02-15.wav,15,train,4,angry,4,angry,0.9876466989517212
/Users/prarthanapatel/Desktop/Himanshi/speech_emotion_detection-develop-v2/ravdess_preprocessed/audio/Actor_15/03-01-05-01-02-01-15.wav,03-01-05-01-02-01-15.wav,15,train,4,angry,4,angry,0.9875745177268982
/Users/prarthanapatel/Desktop/Himanshi/speech_emotion_detection-develop-v2/ravdess_preprocessed/audio/Actor_15/03-01-05-01-02-02-15.wav,03-01-05-01-02-02-15.wav,15,train,4,angry,4,angry,0.9883822798728943
/Users/prarthanapatel/Desktop/Himanshi/speech_emotion_detection-develop-v2/ravdess_preprocessed/audio/Actor_15/03-01-05-02-01-01-15.wav,03-01-05-02-01-01-15.wav,15,train,4,angry,4,angry,0.9890222549438477
/Users/prarthanapatel/Desktop/Himanshi/speech_emotion_detection-develop-v2/ravdess_preprocessed/audio/Actor_15/03-01-05-02-01-02-15.wav,03-01-05-02-01-02-15.wav,15,train,4,angry,4,angry,0.9885075092315674
/Users/prarthanapatel/Desktop/Himanshi/speech_emotion_detection-develop-v2/ravdess_preprocessed/audio/Actor_15/03-01-05-02-02-01-15.wav,03-01-05-02-02-01-15.wav,15,train,4,angry,4,angry,0.9878227710723877
/Users/prarthanapatel/Desktop/Himanshi/speech_emotion_detection-develop-v2/ravdess_preprocessed/audio/Actor_15/03-01-05-02-02-02-15.wav,03-01-05-02-02-02-15.wav,15,train,4,angry,4,angry,0.9892579913139343
/Users/prarthanapatel/Desktop/Himanshi/speech_emotion_detection-develop-v2/ravdess_preprocessed/audio/Actor_15/03-01-06-01-01-01-15.wav,03-01-06-01-01-01-15.wav,15,train,5,fearful,5,fearful,0.9842817187309265
/Users/prarthanapatel/Desktop/Himanshi/speech_emotion_detection-develop-v2/ravdess_preprocessed/audio/Actor_15/03-01-06-01-01-02-15.wav,03-01-06-01-01-02-15.wav,15,train,5,fearful,5,fearful,0.9861288070678711
/Users/prarthanapatel/Desktop/Himanshi/speech_emotion_detection-develop-v2/ravdess_preprocessed/audio/Actor_15/03-01-06-01-02-01-15.wav,03-01-06-01-02-01-15.wav,15,train,5,fearful,5,fearful,0.9851716756820679
/Users/prarthanapatel/Desktop/Himanshi/speech_emotion_detection-develop-v2/ravdess_preprocessed/audio/Actor_15/03-01-06-01-02-02-15.wav,03-01-06-01-02-02-15.wav,15,train,5,fearful,5,fearful,0.9867511987686157
/Users/prarthanapatel/Desktop/Himanshi/speech_emotion_detection-develop-v2/ravdess_preprocessed/audio/Actor_15/03-01-06-02-01-01-15.wav,03-01-06-02-01-01-15.wav,15,train,5,fearful,5,fearful,0.9862865805625916
/Users/prarthanapatel/Desktop/Himanshi/speech_emotion_detection-develop-v2/ravdess_preprocessed/audio/Actor_15/03-01-06-02-01-02-15.wav,03-01-06-02-01-02-15.wav,15,train,5,fearful,5,fearful,0.9875384569168091
/Users/prarthanapatel/Desktop/Himanshi/speech_emotion_detection-develop-v2/ravdess_preprocessed/audio/Actor_15/03-01-06-02-02-01-15.wav,03-01-06-02-02-01-15.wav,15,train,5,fearful,5,fearful,0.9853993654251099
/Users/prarthanapatel/Desktop/Himanshi/speech_emotion_detection-develop-v2/ravdess_preprocessed/audio/Actor_15/03-01-06-02-02-02-15.wav,03-01-06-02-02-02-15.wav,15,train,5,fearful,5,fearful,0.9834033846855164
/Users/prarthanapatel/Desktop/Himanshi/speech_emotion_detection-develop-v2/ravdess_preprocessed/audio/Actor_15/03-01-07-01-01-01-15.wav,03-01-07-01-01-01-15.wav,15,train,6,disgust,6,disgust,0.9879744052886963
/Users/prarthanapatel/Desktop/Himanshi/speech_emotion_detection-develop-v2/ravdess_preprocessed/audio/Actor_15/03-01-07-01-01-02-15.wav,03-01-07-01-01-02-15.wav,15,train,6,disgust,6,disgust,0.9863795638084412
/Users/prarthanapatel/Desktop/Himanshi/speech_emotion_detection-develop-v2/ravdess_preprocessed/audio/Actor_15/03-01-07-01-02-01-15.wav,03-01-07-01-02-01-15.wav,15,train,6,disgust,6,disgust,0.9893441200256348
/Users/prarthanapatel/Desktop/Himanshi/speech_emotion_detection-develop-v2/ravdess_preprocessed/audio/Actor_15/03-01-07-01-02-02-15.wav,03-01-07-01-02-02-15.wav,15,train,6,disgust,6,disgust,0.9879735708236694
/Users/prarthanapatel/Desktop/Himanshi/speech_emotion_detection-develop-v2/ravdess_preprocessed/audio/Actor_15/03-01-07-02-01-01-15.wav,03-01-07-02-01-01-15.wav,15,train,6,disgust,6,disgust,0.9860878586769104
/Users/prarthanapatel/Desktop/Himanshi/speech_emotion_detection-develop-v2/ravdess_preprocessed/audio/Actor_15/03-01-07-02-01-02-15.wav,03-01-07-02-01-02-15.wav,15,train,6,disgust,6,disgust,0.9876345992088318
/Users/prarthanapatel/Desktop/Himanshi/speech_emotion_detection-develop-v2/ravdess_preprocessed/audio/Actor_15/03-01-07-02-02-01-15.wav,03-01-07-02-02-01-15.wav,15,train,6,disgust,6,disgust,0.98795485496521
/Users/prarthanapatel/Desktop/Himanshi/speech_emotion_detection-develop-v2/ravdess_preprocessed/audio/Actor_15/03-01-07-02-02-02-15.wav,03-01-07-02-02-02-15.wav,15,train,6,disgust,6,disgust,0.9880256056785583
/Users/prarthanapatel/Desktop/Himanshi/speech_emotion_detection-develop-v2/ravdess_preprocessed/audio/Actor_15/03-01-08-01-01-01-15.wav,03-01-08-01-01-01-15.wav,15,train,7,surprised,7,surprised,0.9150304794311523
/Users/prarthanapatel/Desktop/Himanshi/speech_emotion_detection-develop-v2/ravdess_preprocessed/audio/Actor_15/03-01-08-01-01-02-15.wav,03-01-08-01-01-02-15.wav,15,train,7,surprised,7,surprised,0.9504730701446533
/Users/prarthanapatel/Desktop/Himanshi/speech_emotion_detection-develop-v2/ravdess_preprocessed/audio/Actor_15/03-01-08-01-02-01-15.wav,03-01-08-01-02-01-15.wav,15,train,7,surprised,7,surprised,0.9524334669113159
/Users/prarthanapatel/Desktop/Himanshi/speech_emotion_detection-develop-v2/ravdess_preprocessed/audio/Actor_15/03-01-08-01-02-02-15.wav,03-01-08-01-02-02-15.wav,15,train,7,surprised,7,surprised,0.9567044973373413
/Users/prarthanapatel/Desktop/Himanshi/speech_emotion_detection-develop-v2/ravdess_preprocessed/audio/Actor_15/03-01-08-02-01-01-15.wav,03-01-08-02-01-01-15.wav,15,train,7,surprised,7,surprised,0.9632391333580017
/Users/prarthanapatel/Desktop/Himanshi/speech_emotion_detection-develop-v2/ravdess_preprocessed/audio/Actor_15/03-01-08-02-01-02-15.wav,03-01-08-02-01-02-15.wav,15,train,7,surprised,7,surprised,0.9461957216262817
/Users/prarthanapatel/Desktop/Himanshi/speech_emotion_detection-develop-v2/ravdess_preprocessed/audio/Actor_15/03-01-08-02-02-01-15.wav,03-01-08-02-02-01-15.wav,15,train,7,surprised,7,surprised,0.9639520049095154
/Users/prarthanapatel/Desktop/Himanshi/speech_emotion_detection-develop-v2/ravdess_preprocessed/audio/Actor_15/03-01-08-02-02-02-15.wav,03-01-08-02-02-02-15.wav,15,train,7,surprised,7,surprised,0.9556666016578674
/Users/prarthanapatel/Desktop/Himanshi/speech_emotion_detection-develop-v2/ravdess_preprocessed/audio/Actor_16/03-01-01-01-01-01-16.wav,03-01-01-01-01-01-16.wav,16,train,0,neutral,0,neutral,0.9487594962120056
/Users/prarthanapatel/Desktop/Himanshi/speech_emotion_detection-develop-v2/ravdess_preprocessed/audio/Actor_16/03-01-01-01-01-02-16.wav,03-01-01-01-01-02-16.wav,16,train,0,neutral,0,neutral,0.9474978446960449
/Users/prarthanapatel/Desktop/Himanshi/speech_emotion_detection-develop-v2/ravdess_preprocessed/audio/Actor_16/03-01-01-01-02-01-16.wav,03-01-01-01-02-01-16.wav,16,train,0,neutral,0,neutral,0.946427583694458
/Users/prarthanapatel/Desktop/Himanshi/speech_emotion_detection-develop-v2/ravdess_preprocessed/audio/Actor_16/03-01-01-01-02-02-16.wav,03-01-01-01-02-02-16.wav,16,train,0,neutral,0,neutral,0.951126217842102
/Users/prarthanapatel/Desktop/Himanshi/speech_emotion_detection-develop-v2/ravdess_preprocessed/audio/Actor_16/03-01-02-01-01-01-16.wav,03-01-02-01-01-01-16.wav,16,train,1,calm,1,calm,0.9693067073822021
/Users/prarthanapatel/Desktop/Himanshi/speech_emotion_detection-develop-v2/ravdess_preprocessed/audio/Actor_16/03-01-02-01-01-02-16.wav,03-01-02-01-01-02-16.wav,16,train,1,calm,1,calm,0.9699127078056335
/Users/prarthanapatel/Desktop/Himanshi/speech_emotion_detection-develop-v2/ravdess_preprocessed/audio/Actor_16/03-01-02-01-02-01-16.wav,03-01-02-01-02-01-16.wav,16,train,1,calm,1,calm,0.9698013663291931
/Users/prarthanapatel/Desktop/Himanshi/speech_emotion_detection-develop-v2/ravdess_preprocessed/audio/Actor_16/03-01-02-01-02-02-16.wav,03-01-02-01-02-02-16.wav,16,train,1,calm,1,calm,0.9631545543670654
/Users/prarthanapatel/Desktop/Himanshi/speech_emotion_detection-develop-v2/ravdess_preprocessed/audio/Actor_16/03-01-02-02-01-01-16.wav,03-01-02-02-01-01-16.wav,16,train,1,calm,1,calm,0.9645204544067383
/Users/prarthanapatel/Desktop/Himanshi/speech_emotion_detection-develop-v2/ravdess_preprocessed/audio/Actor_16/03-01-02-02-01-02-16.wav,03-01-02-02-01-02-16.wav,16,train,1,calm,1,calm,0.9667806625366211
/Users/prarthanapatel/Desktop/Himanshi/speech_emotion_detection-develop-v2/ravdess_preprocessed/audio/Actor_16/03-01-02-02-02-01-16.wav,03-01-02-02-02-01-16.wav,16,train,1,calm,1,calm,0.9701325297355652
/Users/prarthanapatel/Desktop/Himanshi/speech_emotion_detection-develop-v2/ravdess_preprocessed/audio/Actor_16/03-01-02-02-02-02-16.wav,03-01-02-02-02-02-16.wav,16,train,1,calm,1,calm,0.9698973298072815
/Users/prarthanapatel/Desktop/Himanshi/speech_emotion_detection-develop-v2/ravdess_preprocessed/audio/Actor_16/03-01-03-01-01-01-16.wav,03-01-03-01-01-01-16.wav,16,train,2,happy,2,happy,0.9725048542022705
/Users/prarthanapatel/Desktop/Himanshi/speech_emotion_detection-develop-v2/ravdess_preprocessed/audio/Actor_16/03-01-03-01-01-02-16.wav,03-01-03-01-01-02-16.wav,16,train,2,happy,2,happy,0.9710193276405334
/Users/prarthanapatel/Desktop/Himanshi/speech_emotion_detection-develop-v2/ravdess_preprocessed/audio/Actor_16/03-01-03-01-02-01-16.wav,03-01-03-01-02-01-16.wav,16,train,2,happy,2,happy,0.9708296656608582
/Users/prarthanapatel/Desktop/Himanshi/speech_emotion_detection-develop-v2/ravdess_preprocessed/audio/Actor_16/03-01-03-01-02-02-16.wav,03-01-03-01-02-02-16.wav,16,train,2,happy,2,happy,0.9661733508110046
/Users/prarthanapatel/Desktop/Himanshi/speech_emotion_detection-develop-v2/ravdess_preprocessed/audio/Actor_16/03-01-03-02-01-01-16.wav,03-01-03-02-01-01-16.wav,16,train,2,happy,2,happy,0.970457136631012
/Users/prarthanapatel/Desktop/Himanshi/speech_emotion_detection-develop-v2/ravdess_preprocessed/audio/Actor_16/03-01-03-02-01-02-16.wav,03-01-03-02-01-02-16.wav,16,train,2,happy,2,happy,0.9720608592033386
/Users/prarthanapatel/Desktop/Himanshi/speech_emotion_detection-develop-v2/ravdess_preprocessed/audio/Actor_16/03-01-03-02-02-01-16.wav,03-01-03-02-02-01-16.wav,16,train,2,happy,2,happy,0.967801570892334
/Users/prarthanapatel/Desktop/Himanshi/speech_emotion_detection-develop-v2/ravdess_preprocessed/audio/Actor_16/03-01-03-02-02-02-16.wav,03-01-03-02-02-02-16.wav,16,train,2,happy,2,happy,0.9701550006866455
/Users/prarthanapatel/Desktop/Himanshi/speech_emotion_detection-develop-v2/ravdess_preprocessed/audio/Actor_16/03-01-04-01-01-01-16.wav,03-01-04-01-01-01-16.wav,16,train,3,sad,3,sad,0.984624981880188
/Users/prarthanapatel/Desktop/Himanshi/speech_emotion_detection-develop-v2/ravdess_preprocessed/audio/Actor_16/03-01-04-01-01-02-16.wav,03-01-04-01-01-02-16.wav,16,train,3,sad,3,sad,0.9841336011886597
/Users/prarthanapatel/Desktop/Himanshi/speech_emotion_detection-develop-v2/ravdess_preprocessed/audio/Actor_16/03-01-04-01-02-01-16.wav,03-01-04-01-02-01-16.wav,16,train,3,sad,3,sad,0.9782302379608154
/Users/prarthanapatel/Desktop/Himanshi/speech_emotion_detection-develop-v2/ravdess_preprocessed/audio/Actor_16/03-01-04-01-02-02-16.wav,03-01-04-01-02-02-16.wav,16,train,3,sad,3,sad,0.9852721691131592
/Users/prarthanapatel/Desktop/Himanshi/speech_emotion_detection-develop-v2/ravdess_preprocessed/audio/Actor_16/03-01-04-02-01-01-16.wav,03-01-04-02-01-01-16.wav,16,train,3,sad,3,sad,0.9831357598304749
/Users/prarthanapatel/Desktop/Himanshi/speech_emotion_detection-develop-v2/ravdess_preprocessed/audio/Actor_16/03-01-04-02-01-02-16.wav,03-01-04-02-01-02-16.wav,16,train,3,sad,3,sad,0.9857153296470642
/Users/prarthanapatel/Desktop/Himanshi/speech_emotion_detection-develop-v2/ravdess_preprocessed/audio/Actor_16/03-01-04-02-02-01-16.wav,03-01-04-02-02-01-16.wav,16,train,3,sad,3,sad,0.9856989979743958
/Users/prarthanapatel/Desktop/Himanshi/speech_emotion_detection-develop-v2/ravdess_preprocessed/audio/Actor_16/03-01-04-02-02-02-16.wav,03-01-04-02-02-02-16.wav,16,train,3,sad,3,sad,0.9840217232704163
/Users/prarthanapatel/Desktop/Himanshi/speech_emotion_detection-develop-v2/ravdess_preprocessed/audio/Actor_16/03-01-05-01-01-01-16.wav,03-01-05-01-01-01-16.wav,16,train,4,angry,4,angry,0.9893057346343994
/Users/prarthanapatel/Desktop/Himanshi/speech_emotion_detection-develop-v2/ravdess_preprocessed/audio/Actor_16/03-01-05-01-01-02-16.wav,03-01-05-01-01-02-16.wav,16,train,4,angry,4,angry,0.9888613820075989
/Users/prarthanapatel/Desktop/Himanshi/speech_emotion_detection-develop-v2/ravdess_preprocessed/audio/Actor_16/03-01-05-01-02-01-16.wav,03-01-05-01-02-01-16.wav,16,train,4,angry,4,angry,0.9888103008270264
/Users/prarthanapatel/Desktop/Himanshi/speech_emotion_detection-develop-v2/ravdess_preprocessed/audio/Actor_16/03-01-05-01-02-02-16.wav,03-01-05-01-02-02-16.wav,16,train,4,angry,4,angry,0.9896367192268372
/Users/prarthanapatel/Desktop/Himanshi/speech_emotion_detection-develop-v2/ravdess_preprocessed/audio/Actor_16/03-01-05-02-01-01-16.wav,03-01-05-02-01-01-16.wav,16,train,4,angry,4,angry,0.9898177981376648
/Users/prarthanapatel/Desktop/Himanshi/speech_emotion_detection-develop-v2/ravdess_preprocessed/audio/Actor_16/03-01-05-02-01-02-16.wav,03-01-05-02-01-02-16.wav,16,train,4,angry,4,angry,0.9881300926208496
/Users/prarthanapatel/Desktop/Himanshi/speech_emotion_detection-develop-v2/ravdess_preprocessed/audio/Actor_16/03-01-05-02-02-01-16.wav,03-01-05-02-02-01-16.wav,16,train,4,angry,4,angry,0.9886888861656189
/Users/prarthanapatel/Desktop/Himanshi/speech_emotion_detection-develop-v2/ravdess_preprocessed/audio/Actor_16/03-01-05-02-02-02-16.wav,03-01-05-02-02-02-16.wav,16,train,4,angry,4,angry,0.9900413155555725
/Users/prarthanapatel/Desktop/Himanshi/speech_emotion_detection-develop-v2/ravdess_preprocessed/audio/Actor_16/03-01-06-01-01-01-16.wav,03-01-06-01-01-01-16.wav,16,train,5,fearful,5,fearful,0.9847140908241272
/Users/prarthanapatel/Desktop/Himanshi/speech_emotion_detection-develop-v2/ravdess_preprocessed/audio/Actor_16/03-01-06-01-01-02-16.wav,03-01-06-01-01-02-16.wav,16,train,5,fearful,5,fearful,0.9830217361450195
/Users/prarthanapatel/Desktop/Himanshi/speech_emotion_detection-develop-v2/ravdess_preprocessed/audio/Actor_16/03-01-06-01-02-01-16.wav,03-01-06-01-02-01-16.wav,16,train,5,fearful,5,fearful,0.9789422750473022
/Users/prarthanapatel/Desktop/Himanshi/speech_emotion_detection-develop-v2/ravdess_preprocessed/audio/Actor_16/03-01-06-01-02-02-16.wav,03-01-06-01-02-02-16.wav,16,train,5,fearful,5,fearful,0.9824022650718689
/Users/prarthanapatel/Desktop/Himanshi/speech_emotion_detection-develop-v2/ravdess_preprocessed/audio/Actor_16/03-01-06-02-01-01-16.wav,03-01-06-02-01-01-16.wav,16,train,5,fearful,5,fearful,0.9840337038040161
/Users/prarthanapatel/Desktop/Himanshi/speech_emotion_detection-develop-v2/ravdess_preprocessed/audio/Actor_16/03-01-06-02-01-02-16.wav,03-01-06-02-01-02-16.wav,16,train,5,fearful,5,fearful,0.9881515502929688
/Users/prarthanapatel/Desktop/Himanshi/speech_emotion_detection-develop-v2/ravdess_preprocessed/audio/Actor_16/03-01-06-02-02-01-16.wav,03-01-06-02-02-01-16.wav,16,train,5,fearful,5,fearful,0.9869267344474792
/Users/prarthanapatel/Desktop/Himanshi/speech_emotion_detection-develop-v2/ravdess_preprocessed/audio/Actor_16/03-01-06-02-02-02-16.wav,03-01-06-02-02-02-16.wav,16,train,5,fearful,5,fearful,0.9872856736183167
/Users/prarthanapatel/Desktop/Himanshi/speech_emotion_detection-develop-v2/ravdess_preprocessed/audio/Actor_16/03-01-07-01-01-01-16.wav,03-01-07-01-01-01-16.wav,16,train,6,disgust,6,disgust,0.989728569984436
/Users/prarthanapatel/Desktop/Himanshi/speech_emotion_detection-develop-v2/ravdess_preprocessed/audio/Actor_16/03-01-07-01-01-02-16.wav,03-01-07-01-01-02-16.wav,16,train,6,disgust,6,disgust,0.9898163080215454
/Users/prarthanapatel/Desktop/Himanshi/speech_emotion_detection-develop-v2/ravdess_preprocessed/audio/Actor_16/03-01-07-01-02-01-16.wav,03-01-07-01-02-01-16.wav,16,train,6,disgust,6,disgust,0.988991379737854
/Users/prarthanapatel/Desktop/Himanshi/speech_emotion_detection-develop-v2/ravdess_preprocessed/audio/Actor_16/03-01-07-01-02-02-16.wav,03-01-07-01-02-02-16.wav,16,train,6,disgust,6,disgust,0.9894471168518066
/Users/prarthanapatel/Desktop/Himanshi/speech_emotion_detection-develop-v2/ravdess_preprocessed/audio/Actor_16/03-01-07-02-01-01-16.wav,03-01-07-02-01-01-16.wav,16,train,6,disgust,6,disgust,0.9897295236587524
/Users/prarthanapatel/Desktop/Himanshi/speech_emotion_detection-develop-v2/ravdess_preprocessed/audio/Actor_16/03-01-07-02-01-02-16.wav,03-01-07-02-01-02-16.wav,16,train,6,disgust,6,disgust,0.9896328449249268
/Users/prarthanapatel/Desktop/Himanshi/speech_emotion_detection-develop-v2/ravdess_preprocessed/audio/Actor_16/03-01-07-02-02-01-16.wav,03-01-07-02-02-01-16.wav,16,train,6,disgust,6,disgust,0.990288257598877
/Users/prarthanapatel/Desktop/Himanshi/speech_emotion_detection-develop-v2/ravdess_preprocessed/audio/Actor_16/03-01-07-02-02-02-16.wav,03-01-07-02-02-02-16.wav,16,train,6,disgust,6,disgust,0.9904968738555908
/Users/prarthanapatel/Desktop/Himanshi/speech_emotion_detection-develop-v2/ravdess_preprocessed/audio/Actor_16/03-01-08-01-01-01-16.wav,03-01-08-01-01-01-16.wav,16,train,7,surprised,7,surprised,0.9614783525466919
/Users/prarthanapatel/Desktop/Himanshi/speech_emotion_detection-develop-v2/ravdess_preprocessed/audio/Actor_16/03-01-08-01-01-02-16.wav,03-01-08-01-01-02-16.wav,16,train,7,surprised,7,surprised,0.9678865671157837
/Users/prarthanapatel/Desktop/Himanshi/speech_emotion_detection-develop-v2/ravdess_preprocessed/audio/Actor_16/03-01-08-01-02-01-16.wav,03-01-08-01-02-01-16.wav,16,train,7,surprised,7,surprised,0.9668760895729065
/Users/prarthanapatel/Desktop/Himanshi/speech_emotion_detection-develop-v2/ravdess_preprocessed/audio/Actor_16/03-01-08-01-02-02-16.wav,03-01-08-01-02-02-16.wav,16,train,7,surprised,7,surprised,0.9678502678871155
/Users/prarthanapatel/Desktop/Himanshi/speech_emotion_detection-develop-v2/ravdess_preprocessed/audio/Actor_16/03-01-08-02-01-01-16.wav,03-01-08-02-01-01-16.wav,16,train,7,surprised,7,surprised,0.9658644199371338
/Users/prarthanapatel/Desktop/Himanshi/speech_emotion_detection-develop-v2/ravdess_preprocessed/audio/Actor_16/03-01-08-02-01-02-16.wav,03-01-08-02-01-02-16.wav,16,train,7,surprised,7,surprised,0.967875063419342
/Users/prarthanapatel/Desktop/Himanshi/speech_emotion_detection-develop-v2/ravdess_preprocessed/audio/Actor_16/03-01-08-02-02-01-16.wav,03-01-08-02-02-01-16.wav,16,train,7,surprised,7,surprised,0.9670578837394714
/Users/prarthanapatel/Desktop/Himanshi/speech_emotion_detection-develop-v2/ravdess_preprocessed/audio/Actor_16/03-01-08-02-02-02-16.wav,03-01-08-02-02-02-16.wav,16,train,7,surprised,7,surprised,0.9669632315635681
