filepath,filename,actor_id,split,true_label,true_emotion,predicted_label,predicted_emotion,confidence
data/tess/audio/OAF_back_fear.wav,OAF_back_fear.wav,1,train,2,fear,2,fear,0.9806344509124756
data/tess/audio/OAF_base_fear.wav,OAF_base_fear.wav,1,train,2,fear,2,fear,0.9789028167724609
data/tess/audio/OAF_bath_fear.wav,OAF_bath_fear.wav,1,train,2,fear,2,fear,0.9745308756828308
data/tess/audio/OAF_bean_fear.wav,OAF_bean_fear.wav,1,train,2,fear,2,fear,0.9808570146560669
data/tess/audio/OAF_beg_fear.wav,OAF_beg_fear.wav,1,train,2,fear,2,fear,0.9809864163398743
data/tess/audio/OAF_bite_fear.wav,OAF_bite_fear.wav,1,train,2,fear,2,fear,0.9811781644821167
data/tess/audio/OAF_book_fear.wav,OAF_book_fear.wav,1,train,2,fear,2,fear,0.980976402759552
data/tess/audio/OAF_bought_fear.wav,OAF_bought_fear.wav,1,train,2,fear,2,fear,0.9797754287719727
data/tess/audio/OAF_burn_fear.wav,OAF_burn_fear.wav,1,train,2,fear,2,fear,0.9808001518249512
data/tess/audio/OAF_cab_fear.wav,OAF_cab_fear.wav,1,train,2,fear,2,fear,0.9803652763366699
data/tess/audio/OAF_cause_fear.wav,OAF_cause_fear.wav,1,train,2,fear,2,fear,0.9808892607688904
data/tess/audio/OAF_chain_fear.wav,OAF_chain_fear.wav,1,train,2,fear,2,fear,0.9807589650154114
data/tess/audio/OAF_chalk_fear.wav,OAF_chalk_fear.wav,1,train,2,fear,2,fear,0.9808924794197083
data/tess/audio/OAF_chat_fear.wav,OAF_chat_fear.wav,1,train,2,fear,2,fear,0.981061577796936
data/tess/audio/OAF_chief_fear.wav,OAF_chief_fear.wav,1,train,2,fear,2,fear,0.9798709750175476
data/tess/audio/OAF_choice_fear.wav,OAF_choice_fear.wav,1,train,2,fear,2,fear,0.9812658429145813
data/tess/audio/OAF_cool_fear.wav,OAF_cool_fear.wav,1,train,2,fear,2,fear,0.9793180227279663
data/tess/audio/OAF_dab_fear.wav,OAF_dab_fear.wav,1,train,2,fear,2,fear,0.9806419014930725
data/tess/audio/OAF_date_fear.wav,OAF_date_fear.wav,1,train,2,fear,2,fear,0.9810749888420105
data/tess/audio/OAF_dead_fear.wav,OAF_dead_fear.wav,1,train,2,fear,2,fear,0.9809938669204712
data/tess/audio/OAF_death_fear.wav,OAF_death_fear.wav,1,train,2,fear,2,fear,0.9799418449401855
data/tess/audio/OAF_deep_fear.wav,OAF_deep_fear.wav,1,train,2,fear,2,fear,0.9810709357261658
data/tess/audio/OAF_dime_fear.wav,OAF_dime_fear.wav,1,train,2,fear,2,fear,0.9811501502990723
data/tess/audio/OAF_dip_fear.wav,OAF_dip_fear.wav,1,train,2,fear,2,fear,0.8770681619644165
data/tess/audio/OAF_ditch_fear.wav,OAF_ditch_fear.wav,1,train,2,fear,2,fear,0.9801376461982727
data/tess/audio/OAF_dodge_fear.wav,OAF_dodge_fear.wav,1,train,2,fear,2,fear,0.9814426302909851
data/tess/audio/OAF_doll_fear.wav,OAF_doll_fear.wav,1,train,2,fear,2,fear,0.9799968004226685
data/tess/audio/OAF_door_fear.wav,OAF_door_fear.wav,1,train,2,fear,2,fear,0.9807748198509216
data/tess/audio/OAF_fall_fear.wav,OAF_fall_fear.wav,1,train,2,fear,2,fear,0.9808729887008667
data/tess/audio/OAF_far_fear.wav,OAF_far_fear.wav,1,train,2,fear,2,fear,0.9799387454986572
data/tess/audio/OAF_fat_fear.wav,OAF_fat_fear.wav,1,train,2,fear,5,pleasant_surprise,0.657333254814148
data/tess/audio/OAF_fit_fear.wav,OAF_fit_fear.wav,1,train,2,fear,2,fear,0.9740017056465149
data/tess/audio/OAF_five_fear.wav,OAF_five_fear.wav,1,train,2,fear,2,fear,0.9812777638435364
data/tess/audio/OAF_food_fear.wav,OAF_food_fear.wav,1,train,2,fear,5,pleasant_surprise,0.897857666015625
data/tess/audio/OAF_gap_fear.wav,OAF_gap_fear.wav,1,train,2,fear,2,fear,0.9805005788803101
data/tess/audio/OAF_gas_fear.wav,OAF_gas_fear.wav,1,train,2,fear,2,fear,0.9808858036994934
data/tess/audio/OAF_gaze_fear.wav,OAF_gaze_fear.wav,1,train,2,fear,2,fear,0.9281284809112549
data/tess/audio/OAF_germ_fear.wav,OAF_germ_fear.wav,1,train,2,fear,2,fear,0.979308545589447
data/tess/audio/OAF_good_fear.wav,OAF_good_fear.wav,1,train,2,fear,2,fear,0.9807634353637695
data/tess/audio/OAF_gun_fear.wav,OAF_gun_fear.wav,1,train,2,fear,2,fear,0.980951189994812
data/tess/audio/OAF_hall_fear.wav,OAF_hall_fear.wav,1,train,2,fear,2,fear,0.9803358912467957
data/tess/audio/OAF_hash_fear.wav,OAF_hash_fear.wav,1,train,2,fear,2,fear,0.9772272706031799
data/tess/audio/OAF_hire_fear.wav,OAF_hire_fear.wav,1,train,2,fear,2,fear,0.9797657132148743
data/tess/audio/OAF_hit_fear.wav,OAF_hit_fear.wav,1,train,2,fear,2,fear,0.9786661863327026
data/tess/audio/OAF_hole_fear.wav,OAF_hole_fear.wav,1,train,2,fear,2,fear,0.9733219146728516
data/tess/audio/OAF_hurl_fear.wav,OAF_hurl_fear.wav,1,train,2,fear,2,fear,0.9794791340827942
data/tess/audio/OAF_hush_fear.wav,OAF_hush_fear.wav,1,train,2,fear,2,fear,0.9798184633255005
data/tess/audio/OAF_jail_fear.wav,OAF_jail_fear.wav,1,train,2,fear,2,fear,0.9806070327758789
data/tess/audio/OAF_jar_fear.wav,OAF_jar_fear.wav,1,train,2,fear,2,fear,0.9786459803581238
data/tess/audio/OAF_join_fear.wav,OAF_join_fear.wav,1,train,2,fear,2,fear,0.9782189726829529
data/tess/audio/OAF_judge_fear.wav,OAF_judge_fear.wav,1,train,2,fear,2,fear,0.981042742729187
data/tess/audio/OAF_jug_fear.wav,OAF_jug_fear.wav,1,train,2,fear,2,fear,0.9764028787612915
data/tess/audio/OAF_keep_fear.wav,OAF_keep_fear.wav,1,train,2,fear,2,fear,0.9784775972366333
data/tess/audio/OAF_kick_fear.wav,OAF_kick_fear.wav,1,train,2,fear,2,fear,0.9798199534416199
data/tess/audio/OAF_kill_fear.wav,OAF_kill_fear.wav,1,train,2,fear,2,fear,0.9804491400718689
data/tess/audio/OAF_king_fear.wav,OAF_king_fear.wav,1,train,2,fear,2,fear,0.9804059267044067
data/tess/audio/OAF_kite_fear.wav,OAF_kite_fear.wav,1,train,2,fear,2,fear,0.9812752604484558
data/tess/audio/OAF_knock_fear.wav,OAF_knock_fear.wav,1,train,2,fear,2,fear,0.9812067151069641
data/tess/audio/OAF_laud_fear.wav,OAF_laud_fear.wav,1,train,2,fear,2,fear,0.9804571270942688
data/tess/audio/OAF_lean_fear.wav,OAF_lean_fear.wav,1,train,2,fear,2,fear,0.9785753488540649
data/tess/audio/OAF_lease_fear.wav,OAF_lease_fear.wav,1,train,2,fear,2,fear,0.9803202152252197
data/tess/audio/OAF_lid_fear.wav,OAF_lid_fear.wav,1,train,2,fear,2,fear,0.9807557463645935
data/tess/audio/OAF_life_fear.wav,OAF_life_fear.wav,1,train,2,fear,2,fear,0.9788154363632202
data/tess/audio/OAF_long_fear.wav,OAF_long_fear.wav,1,train,2,fear,2,fear,0.9785618782043457
data/tess/audio/OAF_lot_fear.wav,OAF_lot_fear.wav,1,train,2,fear,2,fear,0.9799332618713379
data/tess/audio/OAF_love_fear.wav,OAF_love_fear.wav,1,train,2,fear,2,fear,0.9811331629753113
data/tess/audio/OAF_luck_fear.wav,OAF_luck_fear.wav,1,train,2,fear,2,fear,0.8826271295547485
data/tess/audio/OAF_make_fear.wav,OAF_make_fear.wav,1,train,2,fear,2,fear,0.9798431992530823
data/tess/audio/OAF_match_fear.wav,OAF_match_fear.wav,1,train,2,fear,2,fear,0.9807915091514587
data/tess/audio/OAF_merge_fear.wav,OAF_merge_fear.wav,1,train,2,fear,2,fear,0.9801326990127563
data/tess/audio/OAF_met_fear.wav,OAF_met_fear.wav,1,train,2,fear,2,fear,0.7314115166664124
data/tess/audio/OAF_mill_fear.wav,OAF_mill_fear.wav,1,train,2,fear,2,fear,0.9793714284896851
data/tess/audio/OAF_mood_fear.wav,OAF_mood_fear.wav,1,train,2,fear,2,fear,0.9787182807922363
data/tess/audio/OAF_moon_fear.wav,OAF_moon_fear.wav,1,train,2,fear,2,fear,0.9773632287979126
data/tess/audio/OAF_nag_fear.wav,OAF_nag_fear.wav,1,train,2,fear,2,fear,0.978325605392456
data/tess/audio/OAF_name_fear.wav,OAF_name_fear.wav,1,train,2,fear,2,fear,0.9641592502593994
data/tess/audio/OAF_neat_fear.wav,OAF_neat_fear.wav,1,train,2,fear,2,fear,0.9809131026268005
data/tess/audio/OAF_nice_fear.wav,OAF_nice_fear.wav,1,train,2,fear,2,fear,0.9714000821113586
data/tess/audio/OAF_note_fear.wav,OAF_note_fear.wav,1,train,2,fear,2,fear,0.9805123805999756
data/tess/audio/OAF_numb_fear.wav,OAF_numb_fear.wav,1,train,2,fear,2,fear,0.9789710640907288
data/tess/audio/OAF_pad_fear.wav,OAF_pad_fear.wav,1,train,2,fear,2,fear,0.9753868579864502
data/tess/audio/OAF_pain_fear.wav,OAF_pain_fear.wav,1,train,2,fear,2,fear,0.9792445302009583
data/tess/audio/OAF_pass_fear.wav,OAF_pass_fear.wav,1,train,2,fear,2,fear,0.9807927012443542
data/tess/audio/OAF_pearl_fear.wav,OAF_pearl_fear.wav,1,train,2,fear,2,fear,0.9730029702186584
data/tess/audio/OAF_peg_fear.wav,OAF_peg_fear.wav,1,train,2,fear,2,fear,0.980487048625946
data/tess/audio/OAF_phone_fear.wav,OAF_phone_fear.wav,1,train,2,fear,2,fear,0.9795233011245728
data/tess/audio/OAF_pick_fear.wav,OAF_pick_fear.wav,1,train,2,fear,2,fear,0.9786157608032227
data/tess/audio/OAF_pike_fear.wav,OAF_pike_fear.wav,1,train,2,fear,2,fear,0.981290876865387
data/tess/audio/OAF_pole_fear.wav,OAF_pole_fear.wav,1,train,2,fear,2,fear,0.9781025052070618
data/tess/audio/OAF_pool_fear.wav,OAF_pool_fear.wav,1,train,2,fear,2,fear,0.9808700680732727
data/tess/audio/OAF_puff_fear.wav,OAF_puff_fear.wav,1,train,2,fear,2,fear,0.9813238978385925
data/tess/audio/OAF_rag_fear.wav,OAF_rag_fear.wav,1,train,2,fear,2,fear,0.980219304561615
data/tess/audio/OAF_rat_fear.wav,OAF_rat_fear.wav,1,train,2,fear,2,fear,0.9802200794219971
data/tess/audio/OAF_reach_fear.wav,OAF_reach_fear.wav,1,train,2,fear,2,fear,0.9718436002731323
data/tess/audio/OAF_red_fear.wav,OAF_red_fear.wav,1,train,2,fear,2,fear,0.9789713621139526
data/tess/audio/OAF_ring_fear.wav,OAF_ring_fear.wav,1,train,2,fear,6,sad,0.850514829158783
data/tess/audio/OAF_ripe_fear.wav,OAF_ripe_fear.wav,1,train,2,fear,2,fear,0.9803065657615662
data/tess/audio/OAF_road_fear.wav,OAF_road_fear.wav,1,train,2,fear,2,fear,0.9656184911727905
data/tess/audio/OAF_room_fear.wav,OAF_room_fear.wav,1,train,2,fear,2,fear,0.9578750729560852
data/tess/audio/OAF_rose_fear.wav,OAF_rose_fear.wav,1,train,2,fear,2,fear,0.979178786277771
data/tess/audio/OAF_rot_fear.wav,OAF_rot_fear.wav,1,train,2,fear,2,fear,0.9806731939315796
data/tess/audio/OAF_rough_fear.wav,OAF_rough_fear.wav,1,train,2,fear,2,fear,0.9809009432792664
data/tess/audio/OAF_rush_fear.wav,OAF_rush_fear.wav,1,train,2,fear,2,fear,0.9771561622619629
data/tess/audio/OAF_said_fear.wav,OAF_said_fear.wav,1,train,2,fear,2,fear,0.980976402759552
data/tess/audio/OAF_sail_fear.wav,OAF_sail_fear.wav,1,train,2,fear,2,fear,0.9772979021072388
data/tess/audio/OAF_search_fear.wav,OAF_search_fear.wav,1,train,2,fear,2,fear,0.9809789657592773
data/tess/audio/OAF_seize_fear.wav,OAF_seize_fear.wav,1,train,2,fear,2,fear,0.9807386994361877
data/tess/audio/OAF_sell_fear.wav,OAF_sell_fear.wav,1,train,2,fear,2,fear,0.9798793792724609
data/tess/audio/OAF_shall_fear.wav,OAF_shall_fear.wav,1,train,2,fear,2,fear,0.9811268448829651
data/tess/audio/OAF_sheep_fear.wav,OAF_sheep_fear.wav,1,train,2,fear,2,fear,0.9805117249488831
data/tess/audio/OAF_shirt_fear.wav,OAF_shirt_fear.wav,1,train,2,fear,2,fear,0.9783449172973633
data/tess/audio/OAF_should_fear.wav,OAF_should_fear.wav,1,train,2,fear,2,fear,0.9807188510894775
data/tess/audio/OAF_shout_fear.wav,OAF_shout_fear.wav,1,train,2,fear,2,fear,0.9810503125190735
data/tess/audio/OAF_size_fear.wav,OAF_size_fear.wav,1,train,2,fear,2,fear,0.9808985590934753
data/tess/audio/OAF_soup_fear.wav,OAF_soup_fear.wav,1,train,2,fear,2,fear,0.980243444442749
data/tess/audio/OAF_sour_fear.wav,OAF_sour_fear.wav,1,train,2,fear,2,fear,0.9813200235366821
data/tess/audio/OAF_sub_fear.wav,OAF_sub_fear.wav,1,train,2,fear,2,fear,0.9798992872238159
data/tess/audio/OAF_such_fear.wav,OAF_such_fear.wav,1,train,2,fear,2,fear,0.9805851578712463
data/tess/audio/OAF_sure_fear.wav,OAF_sure_fear.wav,1,train,2,fear,2,fear,0.9803808331489563
data/tess/audio/OAF_take_fear.wav,OAF_take_fear.wav,1,train,2,fear,2,fear,0.9799092411994934
data/tess/audio/OAF_talk_fear.wav,OAF_talk_fear.wav,1,train,2,fear,2,fear,0.98091721534729
data/tess/audio/OAF_tape_fear.wav,OAF_tape_fear.wav,1,train,2,fear,2,fear,0.9810341596603394
data/tess/audio/OAF_tell_fear.wav,OAF_tell_fear.wav,1,train,2,fear,2,fear,0.9805787205696106
data/tess/audio/OAF_thin_fear.wav,OAF_thin_fear.wav,1,train,2,fear,2,fear,0.977867603302002
data/tess/audio/OAF_third_fear.wav,OAF_third_fear.wav,1,train,2,fear,2,fear,0.9799405932426453
data/tess/audio/OAF_thumb_fear.wav,OAF_thumb_fear.wav,1,train,2,fear,2,fear,0.9664937257766724
data/tess/audio/OAF_time_fear.wav,OAF_time_fear.wav,1,train,2,fear,2,fear,0.9812800884246826
data/tess/audio/OAF_tip_fear.wav,OAF_tip_fear.wav,1,train,2,fear,2,fear,0.9791470170021057
data/tess/audio/OAF_tool_fear.wav,OAF_tool_fear.wav,1,train,2,fear,2,fear,0.9804327487945557
data/tess/audio/OAF_void_fear.wav,OAF_void_fear.wav,1,train,2,fear,2,fear,0.980718731880188
data/tess/audio/OAF_wag_fear.wav,OAF_wag_fear.wav,1,train,2,fear,2,fear,0.9804528951644897
data/tess/audio/OAF_wash_fear.wav,OAF_wash_fear.wav,1,train,2,fear,2,fear,0.9737386107444763
data/tess/audio/OAF_week_fear.wav,OAF_week_fear.wav,1,train,2,fear,2,fear,0.9447875618934631
data/tess/audio/OAF_when_fear.wav,OAF_when_fear.wav,1,train,2,fear,2,fear,0.978879988193512
data/tess/audio/OAF_which_fear.wav,OAF_which_fear.wav,1,train,2,fear,2,fear,0.9779598712921143
data/tess/audio/OAF_whip_fear.wav,OAF_whip_fear.wav,1,train,2,fear,2,fear,0.9765825867652893
data/tess/audio/OAF_wire_fear.wav,OAF_wire_fear.wav,1,train,2,fear,2,fear,0.9789835810661316
data/tess/audio/OAF_witch_fear.wav,OAF_witch_fear.wav,1,train,2,fear,2,fear,0.9793453216552734
data/tess/audio/OAF_yes_fear.wav,OAF_yes_fear.wav,1,train,2,fear,2,fear,0.9802984595298767
data/tess/audio/OAF_young_fear.wav,OAF_young_fear.wav,1,train,2,fear,2,fear,0.9807219505310059
data/tess/audio/OAF_back_pleasant_surprise.wav,OAF_back_pleasant_surprise.wav,1,train,5,pleasant_surprise,5,pleasant_surprise,0.9774981737136841
data/tess/audio/OAF_base_pleasant_surprise.wav,OAF_base_pleasant_surprise.wav,1,train,5,pleasant_surprise,5,pleasant_surprise,0.97683185338974
data/tess/audio/OAF_bath_pleasant_surprise.wav,OAF_bath_pleasant_surprise.wav,1,train,5,pleasant_surprise,5,pleasant_surprise,0.9775084257125854
data/tess/audio/OAF_bean_pleasant_surprise.wav,OAF_bean_pleasant_surprise.wav,1,train,5,pleasant_surprise,5,pleasant_surprise,0.9770165085792542
data/tess/audio/OAF_beg_pleasant_surprise.wav,OAF_beg_pleasant_surprise.wav,1,train,5,pleasant_surprise,5,pleasant_surprise,0.9777275323867798
data/tess/audio/OAF_bite_pleasant_surprise.wav,OAF_bite_pleasant_surprise.wav,1,train,5,pleasant_surprise,5,pleasant_surprise,0.9775601625442505
data/tess/audio/OAF_book_pleasant_surprise.wav,OAF_book_pleasant_surprise.wav,1,train,5,pleasant_surprise,5,pleasant_surprise,0.9778332114219666
data/tess/audio/OAF_bought_pleasant_surprise.wav,OAF_bought_pleasant_surprise.wav,1,train,5,pleasant_surprise,5,pleasant_surprise,0.9775592684745789
data/tess/audio/OAF_burn_pleasant_surprise.wav,OAF_burn_pleasant_surprise.wav,1,train,5,pleasant_surprise,5,pleasant_surprise,0.9776440262794495
data/tess/audio/OAF_cab_pleasant_surprise.wav,OAF_cab_pleasant_surprise.wav,1,train,5,pleasant_surprise,5,pleasant_surprise,0.9774416089057922
data/tess/audio/OAF_cause_pleasant_surprise.wav,OAF_cause_pleasant_surprise.wav,1,train,5,pleasant_surprise,5,pleasant_surprise,0.9770235419273376
data/tess/audio/OAF_chain_pleasant_surprise.wav,OAF_chain_pleasant_surprise.wav,1,train,5,pleasant_surprise,5,pleasant_surprise,0.9767307639122009
data/tess/audio/OAF_chalk_pleasant_surprise.wav,OAF_chalk_pleasant_surprise.wav,1,train,5,pleasant_surprise,5,pleasant_surprise,0.9777123928070068
data/tess/audio/OAF_chat_pleasant_surprise.wav,OAF_chat_pleasant_surprise.wav,1,train,5,pleasant_surprise,5,pleasant_surprise,0.9776811599731445
data/tess/audio/OAF_chief_pleasant_surprise.wav,OAF_chief_pleasant_surprise.wav,1,train,5,pleasant_surprise,5,pleasant_surprise,0.974575400352478
data/tess/audio/OAF_choice_pleasant_surprise.wav,OAF_choice_pleasant_surprise.wav,1,train,5,pleasant_surprise,5,pleasant_surprise,0.9772865772247314
data/tess/audio/OAF_cool_pleasant_surprise.wav,OAF_cool_pleasant_surprise.wav,1,train,5,pleasant_surprise,5,pleasant_surprise,0.9777271747589111
data/tess/audio/OAF_dab_pleasant_surprise.wav,OAF_dab_pleasant_surprise.wav,1,train,5,pleasant_surprise,5,pleasant_surprise,0.9764026403427124
data/tess/audio/OAF_date_pleasant_surprise.wav,OAF_date_pleasant_surprise.wav,1,train,5,pleasant_surprise,5,pleasant_surprise,0.9766954779624939
data/tess/audio/OAF_dead_pleasant_surprise.wav,OAF_dead_pleasant_surprise.wav,1,train,5,pleasant_surprise,5,pleasant_surprise,0.9776799082756042
data/tess/audio/OAF_death_pleasant_surprise.wav,OAF_death_pleasant_surprise.wav,1,train,5,pleasant_surprise,5,pleasant_surprise,0.9778344631195068
data/tess/audio/OAF_deep_pleasant_surprise.wav,OAF_deep_pleasant_surprise.wav,1,train,5,pleasant_surprise,5,pleasant_surprise,0.9777931571006775
data/tess/audio/OAF_dime_pleasant_surprise.wav,OAF_dime_pleasant_surprise.wav,1,train,5,pleasant_surprise,5,pleasant_surprise,0.9778528809547424
data/tess/audio/OAF_dip_pleasant_surprise.wav,OAF_dip_pleasant_surprise.wav,1,train,5,pleasant_surprise,5,pleasant_surprise,0.97785884141922
data/tess/audio/OAF_ditch_pleasant_surprise.wav,OAF_ditch_pleasant_surprise.wav,1,train,5,pleasant_surprise,5,pleasant_surprise,0.9777766466140747
data/tess/audio/OAF_dodge_pleasant_surprise.wav,OAF_dodge_pleasant_surprise.wav,1,train,5,pleasant_surprise,5,pleasant_surprise,0.977698028087616
data/tess/audio/OAF_doll_pleasant_surprise.wav,OAF_doll_pleasant_surprise.wav,1,train,5,pleasant_surprise,5,pleasant_surprise,0.9775153994560242
data/tess/audio/OAF_door_pleasant_surprise.wav,OAF_door_pleasant_surprise.wav,1,train,5,pleasant_surprise,5,pleasant_surprise,0.9778650999069214
data/tess/audio/OAF_fall_pleasant_surprise.wav,OAF_fall_pleasant_surprise.wav,1,train,5,pleasant_surprise,5,pleasant_surprise,0.9777190089225769
data/tess/audio/OAF_far_pleasant_surprise.wav,OAF_far_pleasant_surprise.wav,1,train,5,pleasant_surprise,5,pleasant_surprise,0.9779966473579407
data/tess/audio/OAF_fat_pleasant_surprise.wav,OAF_fat_pleasant_surprise.wav,1,train,5,pleasant_surprise,5,pleasant_surprise,0.9772956967353821
data/tess/audio/OAF_fit_pleasant_surprise.wav,OAF_fit_pleasant_surprise.wav,1,train,5,pleasant_surprise,5,pleasant_surprise,0.9779219031333923
data/tess/audio/OAF_five_pleasant_surprise.wav,OAF_five_pleasant_surprise.wav,1,train,5,pleasant_surprise,5,pleasant_surprise,0.9769669771194458
data/tess/audio/OAF_food_pleasant_surprise.wav,OAF_food_pleasant_surprise.wav,1,train,5,pleasant_surprise,5,pleasant_surprise,0.9772631525993347
data/tess/audio/OAF_gap_pleasant_surprise.wav,OAF_gap_pleasant_surprise.wav,1,train,5,pleasant_surprise,5,pleasant_surprise,0.9770345687866211
data/tess/audio/OAF_gas_pleasant_surprise.wav,OAF_gas_pleasant_surprise.wav,1,train,5,pleasant_surprise,5,pleasant_surprise,0.977401614189148
data/tess/audio/OAF_gaze_pleasant_surprise.wav,OAF_gaze_pleasant_surprise.wav,1,train,5,pleasant_surprise,5,pleasant_surprise,0.977451503276825
data/tess/audio/OAF_germ_pleasant_surprise.wav,OAF_germ_pleasant_surprise.wav,1,train,5,pleasant_surprise,5,pleasant_surprise,0.9780954122543335
data/tess/audio/OAF_good_pleasant_surprise.wav,OAF_good_pleasant_surprise.wav,1,train,5,pleasant_surprise,5,pleasant_surprise,0.9776883125305176
data/tess/audio/OAF_gun_pleasant_surprise.wav,OAF_gun_pleasant_surprise.wav,1,train,5,pleasant_surprise,5,pleasant_surprise,0.9766451120376587
data/tess/audio/OAF_hall_pleasant_surprise.wav,OAF_hall_pleasant_surprise.wav,1,train,5,pleasant_surprise,5,pleasant_surprise,0.9722362756729126
data/tess/audio/OAF_hash_pleasant_surprise.wav,OAF_hash_pleasant_surprise.wav,1,train,5,pleasant_surprise,5,pleasant_surprise,0.9768245816230774
data/tess/audio/OAF_hire_pleasant_surprise.wav,OAF_hire_pleasant_surprise.wav,1,train,5,pleasant_surprise,5,pleasant_surprise,0.9774509072303772
data/tess/audio/OAF_hit_pleasant_surprise.wav,OAF_hit_pleasant_surprise.wav,1,train,5,pleasant_surprise,5,pleasant_surprise,0.9762837886810303
data/tess/audio/OAF_hole_pleasant_surprise.wav,OAF_hole_pleasant_surprise.wav,1,train,5,pleasant_surprise,5,pleasant_surprise,0.9768927097320557
data/tess/audio/OAF_hurl_pleasant_surprise.wav,OAF_hurl_pleasant_surprise.wav,1,train,5,pleasant_surprise,5,pleasant_surprise,0.977207601070404
data/tess/audio/OAF_hush_pleasant_surprise.wav,OAF_hush_pleasant_surprise.wav,1,train,5,pleasant_surprise,5,pleasant_surprise,0.9778569936752319
data/tess/audio/OAF_jail_pleasant_surprise.wav,OAF_jail_pleasant_surprise.wav,1,train,5,pleasant_surprise,5,pleasant_surprise,0.9770153760910034
data/tess/audio/OAF_jar_pleasant_surprise.wav,OAF_jar_pleasant_surprise.wav,1,train,5,pleasant_surprise,5,pleasant_surprise,0.97774738073349
data/tess/audio/OAF_join_pleasant_surprise.wav,OAF_join_pleasant_surprise.wav,1,train,5,pleasant_surprise,5,pleasant_surprise,0.9776564240455627
data/tess/audio/OAF_judge_pleasant_surprise.wav,OAF_judge_pleasant_surprise.wav,1,train,5,pleasant_surprise,5,pleasant_surprise,0.9773329496383667
data/tess/audio/OAF_jug_pleasant_surprise.wav,OAF_jug_pleasant_surprise.wav,1,train,5,pleasant_surprise,5,pleasant_surprise,0.9769644737243652
data/tess/audio/OAF_keep_pleasant_surprise.wav,OAF_keep_pleasant_surprise.wav,1,train,5,pleasant_surprise,5,pleasant_surprise,0.9777291417121887
data/tess/audio/OAF_kick_pleasant_surprise.wav,OAF_kick_pleasant_surprise.wav,1,train,5,pleasant_surprise,5,pleasant_surprise,0.9774959087371826
data/tess/audio/OAF_kill_pleasant_surprise.wav,OAF_kill_pleasant_surprise.wav,1,train,5,pleasant_surprise,5,pleasant_surprise,0.9769797325134277
data/tess/audio/OAF_king_pleasant_surprise.wav,OAF_king_pleasant_surprise.wav,1,train,5,pleasant_surprise,5,pleasant_surprise,0.9777682423591614
data/tess/audio/OAF_kite_pleasant_surprise.wav,OAF_kite_pleasant_surprise.wav,1,train,5,pleasant_surprise,5,pleasant_surprise,0.9771252870559692
data/tess/audio/OAF_knock_pleasant_surprise.wav,OAF_knock_pleasant_surprise.wav,1,train,5,pleasant_surprise,5,pleasant_surprise,0.9776040315628052
data/tess/audio/OAF_laud_pleasant_surprise.wav,OAF_laud_pleasant_surprise.wav,1,train,5,pleasant_surprise,5,pleasant_surprise,0.9774461388587952
data/tess/audio/OAF_lean_pleasant_surprise.wav,OAF_lean_pleasant_surprise.wav,1,train,5,pleasant_surprise,5,pleasant_surprise,0.9767951369285583
data/tess/audio/OAF_lease_pleasant_surprise.wav,OAF_lease_pleasant_surprise.wav,1,train,5,pleasant_surprise,5,pleasant_surprise,0.9756195545196533
data/tess/audio/OAF_lid_pleasant_surprise.wav,OAF_lid_pleasant_surprise.wav,1,train,5,pleasant_surprise,5,pleasant_surprise,0.974699854850769
data/tess/audio/OAF_life_pleasant_surprise.wav,OAF_life_pleasant_surprise.wav,1,train,5,pleasant_surprise,5,pleasant_surprise,0.9766479730606079
data/tess/audio/OAF_long_pleasant_surprise.wav,OAF_long_pleasant_surprise.wav,1,train,5,pleasant_surprise,5,pleasant_surprise,0.9769458174705505
data/tess/audio/OAF_lot_pleasant_surprise.wav,OAF_lot_pleasant_surprise.wav,1,train,5,pleasant_surprise,5,pleasant_surprise,0.9774327278137207
data/tess/audio/OAF_love_pleasant_surprise.wav,OAF_love_pleasant_surprise.wav,1,train,5,pleasant_surprise,5,pleasant_surprise,0.9779136776924133
data/tess/audio/OAF_luck_pleasant_surprise.wav,OAF_luck_pleasant_surprise.wav,1,train,5,pleasant_surprise,5,pleasant_surprise,0.9774271249771118
data/tess/audio/OAF_make_pleasant_surprise.wav,OAF_make_pleasant_surprise.wav,1,train,5,pleasant_surprise,5,pleasant_surprise,0.9740115404129028
data/tess/audio/OAF_match_pleasant_surprise.wav,OAF_match_pleasant_surprise.wav,1,train,5,pleasant_surprise,5,pleasant_surprise,0.9779466390609741
data/tess/audio/OAF_merge_pleasant_surprise.wav,OAF_merge_pleasant_surprise.wav,1,train,5,pleasant_surprise,5,pleasant_surprise,0.9771653413772583
data/tess/audio/OAF_met_pleasant_surprise.wav,OAF_met_pleasant_surprise.wav,1,train,5,pleasant_surprise,5,pleasant_surprise,0.9770928621292114
data/tess/audio/OAF_mill_pleasant_surprise.wav,OAF_mill_pleasant_surprise.wav,1,train,5,pleasant_surprise,5,pleasant_surprise,0.9770182967185974
data/tess/audio/OAF_mood_pleasant_surprise.wav,OAF_mood_pleasant_surprise.wav,1,train,5,pleasant_surprise,5,pleasant_surprise,0.9769202470779419
data/tess/audio/OAF_moon_pleasant_surprise.wav,OAF_moon_pleasant_surprise.wav,1,train,5,pleasant_surprise,5,pleasant_surprise,0.977856457233429
data/tess/audio/OAF_nag_pleasant_surprise.wav,OAF_nag_pleasant_surprise.wav,1,train,5,pleasant_surprise,5,pleasant_surprise,0.9777790307998657
data/tess/audio/OAF_name_pleasant_surprise.wav,OAF_name_pleasant_surprise.wav,1,train,5,pleasant_surprise,5,pleasant_surprise,0.977264404296875
data/tess/audio/OAF_neat_pleasant_surprise.wav,OAF_neat_pleasant_surprise.wav,1,train,5,pleasant_surprise,5,pleasant_surprise,0.9761447310447693
data/tess/audio/OAF_nice_pleasant_surprise.wav,OAF_nice_pleasant_surprise.wav,1,train,5,pleasant_surprise,5,pleasant_surprise,0.977049708366394
data/tess/audio/OAF_note_pleasant_surprise.wav,OAF_note_pleasant_surprise.wav,1,train,5,pleasant_surprise,5,pleasant_surprise,0.9777185320854187
data/tess/audio/OAF_numb_pleasant_surprise.wav,OAF_numb_pleasant_surprise.wav,1,train,5,pleasant_surprise,5,pleasant_surprise,0.9763386845588684
data/tess/audio/OAF_pad_pleasant_surprise.wav,OAF_pad_pleasant_surprise.wav,1,train,5,pleasant_surprise,5,pleasant_surprise,0.9775627851486206
data/tess/audio/OAF_pain_pleasant_surprise.wav,OAF_pain_pleasant_surprise.wav,1,train,5,pleasant_surprise,5,pleasant_surprise,0.9770281314849854
data/tess/audio/OAF_pass_pleasant_surprise.wav,OAF_pass_pleasant_surprise.wav,1,train,5,pleasant_surprise,5,pleasant_surprise,0.9761143922805786
data/tess/audio/OAF_pearl_pleasant_surprise.wav,OAF_pearl_pleasant_surprise.wav,1,train,5,pleasant_surprise,5,pleasant_surprise,0.9774135947227478
data/tess/audio/OAF_peg_pleasant_surprise.wav,OAF_peg_pleasant_surprise.wav,1,train,5,pleasant_surprise,5,pleasant_surprise,0.9776539206504822
data/tess/audio/OAF_phone_pleasant_surprise.wav,OAF_phone_pleasant_surprise.wav,1,train,5,pleasant_surprise,5,pleasant_surprise,0.9774627685546875
data/tess/audio/OAF_pick_pleasant_surprise.wav,OAF_pick_pleasant_surprise.wav,1,train,5,pleasant_surprise,5,pleasant_surprise,0.9769468903541565
data/tess/audio/OAF_pike_pleasant_surprise.wav,OAF_pike_pleasant_surprise.wav,1,train,5,pleasant_surprise,5,pleasant_surprise,0.9775462746620178
data/tess/audio/OAF_pole_pleasant_surprise.wav,OAF_pole_pleasant_surprise.wav,1,train,5,pleasant_surprise,5,pleasant_surprise,0.9781543016433716
data/tess/audio/OAF_pool_pleasant_surprise.wav,OAF_pool_pleasant_surprise.wav,1,train,5,pleasant_surprise,5,pleasant_surprise,0.9777856469154358
data/tess/audio/OAF_puff_pleasant_surprise.wav,OAF_puff_pleasant_surprise.wav,1,train,5,pleasant_surprise,5,pleasant_surprise,0.9779700040817261
data/tess/audio/OAF_rag_pleasant_surprise.wav,OAF_rag_pleasant_surprise.wav,1,train,5,pleasant_surprise,5,pleasant_surprise,0.9776203036308289
data/tess/audio/OAF_rat_pleasant_surprise.wav,OAF_rat_pleasant_surprise.wav,1,train,5,pleasant_surprise,5,pleasant_surprise,0.977738618850708
data/tess/audio/OAF_reach_pleasant_surprise.wav,OAF_reach_pleasant_surprise.wav,1,train,5,pleasant_surprise,5,pleasant_surprise,0.9772701263427734
data/tess/audio/OAF_red_pleasant_surprise.wav,OAF_red_pleasant_surprise.wav,1,train,5,pleasant_surprise,5,pleasant_surprise,0.9763447046279907
data/tess/audio/OAF_ring_pleasant_surprise.wav,OAF_ring_pleasant_surprise.wav,1,train,5,pleasant_surprise,5,pleasant_surprise,0.9779476523399353
data/tess/audio/OAF_ripe_pleasant_surprise.wav,OAF_ripe_pleasant_surprise.wav,1,train,5,pleasant_surprise,5,pleasant_surprise,0.9771690964698792
data/tess/audio/OAF_road_pleasant_surprise.wav,OAF_road_pleasant_surprise.wav,1,train,5,pleasant_surprise,5,pleasant_surprise,0.9778321385383606
data/tess/audio/OAF_room_pleasant_surprise.wav,OAF_room_pleasant_surprise.wav,1,train,5,pleasant_surprise,5,pleasant_surprise,0.9778042435646057
data/tess/audio/OAF_rose_pleasant_surprise.wav,OAF_rose_pleasant_surprise.wav,1,train,5,pleasant_surprise,5,pleasant_surprise,0.9763654470443726
data/tess/audio/OAF_rot_pleasant_surprise.wav,OAF_rot_pleasant_surprise.wav,1,train,5,pleasant_surprise,5,pleasant_surprise,0.9776525497436523
data/tess/audio/OAF_rough_pleasant_surprise.wav,OAF_rough_pleasant_surprise.wav,1,train,5,pleasant_surprise,5,pleasant_surprise,0.9757331013679504
data/tess/audio/OAF_rush_pleasant_surprise.wav,OAF_rush_pleasant_surprise.wav,1,train,5,pleasant_surprise,5,pleasant_surprise,0.9774430990219116
data/tess/audio/OAF_said_pleasant_surprise.wav,OAF_said_pleasant_surprise.wav,1,train,5,pleasant_surprise,5,pleasant_surprise,0.9774066209793091
data/tess/audio/OAF_sail_pleasant_surprise.wav,OAF_sail_pleasant_surprise.wav,1,train,5,pleasant_surprise,5,pleasant_surprise,0.9768397212028503
data/tess/audio/OAF_search_pleasant_surprise.wav,OAF_search_pleasant_surprise.wav,1,train,5,pleasant_surprise,5,pleasant_surprise,0.9775896668434143
data/tess/audio/OAF_seize_pleasant_surprise.wav,OAF_seize_pleasant_surprise.wav,1,train,5,pleasant_surprise,5,pleasant_surprise,0.9770563244819641
data/tess/audio/OAF_sell_pleasant_surprise.wav,OAF_sell_pleasant_surprise.wav,1,train,5,pleasant_surprise,5,pleasant_surprise,0.9775360226631165
data/tess/audio/OAF_shall_pleasant_surprise.wav,OAF_shall_pleasant_surprise.wav,1,train,5,pleasant_surprise,5,pleasant_surprise,0.9773401021957397
data/tess/audio/OAF_sheep_pleasant_surprise.wav,OAF_sheep_pleasant_surprise.wav,1,train,5,pleasant_surprise,5,pleasant_surprise,0.9779738783836365
data/tess/audio/OAF_shirt_pleasant_surprise.wav,OAF_shirt_pleasant_surprise.wav,1,train,5,pleasant_surprise,5,pleasant_surprise,0.9774661660194397
data/tess/audio/OAF_should_pleasant_surprise.wav,OAF_should_pleasant_surprise.wav,1,train,5,pleasant_surprise,5,pleasant_surprise,0.9770404100418091
data/tess/audio/OAF_shout_pleasant_surprise.wav,OAF_shout_pleasant_surprise.wav,1,train,5,pleasant_surprise,5,pleasant_surprise,0.9774842858314514
data/tess/audio/OAF_size_pleasant_surprise.wav,OAF_size_pleasant_surprise.wav,1,train,5,pleasant_surprise,5,pleasant_surprise,0.9776386618614197
data/tess/audio/OAF_soup_pleasant_surprise.wav,OAF_soup_pleasant_surprise.wav,1,train,5,pleasant_surprise,5,pleasant_surprise,0.9780116081237793
data/tess/audio/OAF_sour_pleasant_surprise.wav,OAF_sour_pleasant_surprise.wav,1,train,5,pleasant_surprise,5,pleasant_surprise,0.9768482446670532
data/tess/audio/OAF_sub_pleasant_surprise.wav,OAF_sub_pleasant_surprise.wav,1,train,5,pleasant_surprise,5,pleasant_surprise,0.9777573943138123
data/tess/audio/OAF_such_pleasant_surprise.wav,OAF_such_pleasant_surprise.wav,1,train,5,pleasant_surprise,5,pleasant_surprise,0.977674663066864
data/tess/audio/OAF_sure_pleasant_surprise.wav,OAF_sure_pleasant_surprise.wav,1,train,5,pleasant_surprise,5,pleasant_surprise,0.9775525331497192
data/tess/audio/OAF_take_pleasant_surprise.wav,OAF_take_pleasant_surprise.wav,1,train,5,pleasant_surprise,5,pleasant_surprise,0.9775733947753906
data/tess/audio/OAF_talk_pleasant_surprise.wav,OAF_talk_pleasant_surprise.wav,1,train,5,pleasant_surprise,5,pleasant_surprise,0.9776911735534668
data/tess/audio/OAF_tape_pleasant_surprise.wav,OAF_tape_pleasant_surprise.wav,1,train,5,pleasant_surprise,5,pleasant_surprise,0.976166844367981
data/tess/audio/OAF_tell_pleasant_surprise.wav,OAF_tell_pleasant_surprise.wav,1,train,5,pleasant_surprise,5,pleasant_surprise,0.9760657548904419
data/tess/audio/OAF_thin_pleasant_surprise.wav,OAF_thin_pleasant_surprise.wav,1,train,5,pleasant_surprise,5,pleasant_surprise,0.9754956364631653
data/tess/audio/OAF_third_pleasant_surprise.wav,OAF_third_pleasant_surprise.wav,1,train,5,pleasant_surprise,5,pleasant_surprise,0.9779416918754578
data/tess/audio/OAF_thumb_pleasant_surprise.wav,OAF_thumb_pleasant_surprise.wav,1,train,5,pleasant_surprise,5,pleasant_surprise,0.9752350449562073
data/tess/audio/OAF_time_pleasant_surprise.wav,OAF_time_pleasant_surprise.wav,1,train,5,pleasant_surprise,5,pleasant_surprise,0.9761061072349548
data/tess/audio/OAF_tip_pleasant_surprise.wav,OAF_tip_pleasant_surprise.wav,1,train,5,pleasant_surprise,5,pleasant_surprise,0.9778761863708496
data/tess/audio/OAF_tool_pleasant_surprise.wav,OAF_tool_pleasant_surprise.wav,1,train,5,pleasant_surprise,5,pleasant_surprise,0.9773374795913696
data/tess/audio/OAF_void_pleasant_surprise.wav,OAF_void_pleasant_surprise.wav,1,train,5,pleasant_surprise,5,pleasant_surprise,0.9766802191734314
data/tess/audio/OAF_wag_pleasant_surprise.wav,OAF_wag_pleasant_surprise.wav,1,train,5,pleasant_surprise,5,pleasant_surprise,0.9774796366691589
data/tess/audio/OAF_wash_pleasant_surprise.wav,OAF_wash_pleasant_surprise.wav,1,train,5,pleasant_surprise,5,pleasant_surprise,0.9771243929862976
data/tess/audio/OAF_week_pleasant_surprise.wav,OAF_week_pleasant_surprise.wav,1,train,5,pleasant_surprise,5,pleasant_surprise,0.9777052998542786
data/tess/audio/OAF_when_pleasant_surprise.wav,OAF_when_pleasant_surprise.wav,1,train,5,pleasant_surprise,5,pleasant_surprise,0.9768349528312683
data/tess/audio/OAF_which_pleasant_surprise.wav,OAF_which_pleasant_surprise.wav,1,train,5,pleasant_surprise,5,pleasant_surprise,0.9780069589614868
data/tess/audio/OAF_whip_pleasant_surprise.wav,OAF_whip_pleasant_surprise.wav,1,train,5,pleasant_surprise,5,pleasant_surprise,0.9776502847671509
data/tess/audio/OAF_wire_pleasant_surprise.wav,OAF_wire_pleasant_surprise.wav,1,train,5,pleasant_surprise,5,pleasant_surprise,0.9776867628097534
data/tess/audio/OAF_witch_pleasant_surprise.wav,OAF_witch_pleasant_surprise.wav,1,train,5,pleasant_surprise,5,pleasant_surprise,0.9778465032577515
data/tess/audio/OAF_yes_pleasant_surprise.wav,OAF_yes_pleasant_surprise.wav,1,train,5,pleasant_surprise,5,pleasant_surprise,0.9777191281318665
data/tess/audio/OAF_young_pleasant_surprise.wav,OAF_young_pleasant_surprise.wav,1,train,5,pleasant_surprise,5,pleasant_surprise,0.9774047136306763
data/tess/audio/OAF_back_sad.wav,OAF_back_sad.wav,1,train,6,sad,6,sad,0.9770867228507996
data/tess/audio/OAF_base_sad.wav,OAF_base_sad.wav,1,train,6,sad,6,sad,0.9776791334152222
data/tess/audio/OAF_bath_sad.wav,OAF_bath_sad.wav,1,train,6,sad,6,sad,0.9771752953529358
data/tess/audio/OAF_bean_sad.wav,OAF_bean_sad.wav,1,train,6,sad,6,sad,0.9778753519058228
data/tess/audio/OAF_beg_sad.wav,OAF_beg_sad.wav,1,train,6,sad,6,sad,0.9784558415412903
data/tess/audio/OAF_bite_sad.wav,OAF_bite_sad.wav,1,train,6,sad,6,sad,0.9777867794036865
data/tess/audio/OAF_book_sad.wav,OAF_book_sad.wav,1,train,6,sad,6,sad,0.9783267378807068
data/tess/audio/OAF_bought_sad.wav,OAF_bought_sad.wav,1,train,6,sad,6,sad,0.9780946373939514
data/tess/audio/OAF_burn_sad.wav,OAF_burn_sad.wav,1,train,6,sad,6,sad,0.9764736890792847
data/tess/audio/OAF_cab_sad.wav,OAF_cab_sad.wav,1,train,6,sad,6,sad,0.9784530997276306
data/tess/audio/OAF_cause_sad.wav,OAF_cause_sad.wav,1,train,6,sad,6,sad,0.9776042699813843
data/tess/audio/OAF_chain_sad.wav,OAF_chain_sad.wav,1,train,6,sad,6,sad,0.978358268737793
data/tess/audio/OAF_chalk_sad.wav,OAF_chalk_sad.wav,1,train,6,sad,6,sad,0.9780285954475403
data/tess/audio/OAF_chat_sad.wav,OAF_chat_sad.wav,1,train,6,sad,6,sad,0.9779852628707886
data/tess/audio/OAF_chief_sad.wav,OAF_chief_sad.wav,1,train,6,sad,6,sad,0.9785659909248352
data/tess/audio/OAF_choice_sad.wav,OAF_choice_sad.wav,1,train,6,sad,6,sad,0.977712869644165
data/tess/audio/OAF_cool_sad.wav,OAF_cool_sad.wav,1,train,6,sad,6,sad,0.9777505397796631
data/tess/audio/OAF_dab_sad.wav,OAF_dab_sad.wav,1,train,6,sad,6,sad,0.9780175089836121
data/tess/audio/OAF_date_sad.wav,OAF_date_sad.wav,1,train,6,sad,6,sad,0.9777587652206421
data/tess/audio/OAF_dead_sad.wav,OAF_dead_sad.wav,1,train,6,sad,6,sad,0.9776862859725952
data/tess/audio/OAF_death_sad.wav,OAF_death_sad.wav,1,train,6,sad,6,sad,0.9770813584327698
data/tess/audio/OAF_deep_sad.wav,OAF_deep_sad.wav,1,train,6,sad,6,sad,0.9784649610519409
data/tess/audio/OAF_dime_sad.wav,OAF_dime_sad.wav,1,train,6,sad,6,sad,0.9779005646705627
data/tess/audio/OAF_dip_sad.wav,OAF_dip_sad.wav,1,train,6,sad,6,sad,0.9783331751823425
data/tess/audio/OAF_ditch_sad.wav,OAF_ditch_sad.wav,1,train,6,sad,6,sad,0.9781144857406616
data/tess/audio/OAF_dodge_sad.wav,OAF_dodge_sad.wav,1,train,6,sad,6,sad,0.978432297706604
data/tess/audio/OAF_doll_sad.wav,OAF_doll_sad.wav,1,train,6,sad,6,sad,0.9771175384521484
data/tess/audio/OAF_door_sad.wav,OAF_door_sad.wav,1,train,6,sad,6,sad,0.9784584641456604
data/tess/audio/OAF_fall_sad.wav,OAF_fall_sad.wav,1,train,6,sad,6,sad,0.978364884853363
data/tess/audio/OAF_far_sad.wav,OAF_far_sad.wav,1,train,6,sad,6,sad,0.9784085750579834
data/tess/audio/OAF_fat_sad.wav,OAF_fat_sad.wav,1,train,6,sad,6,sad,0.9775556921958923
data/tess/audio/OAF_fit_sad.wav,OAF_fit_sad.wav,1,train,6,sad,6,sad,0.9780307412147522
data/tess/audio/OAF_five_sad.wav,OAF_five_sad.wav,1,train,6,sad,6,sad,0.977556049823761
data/tess/audio/OAF_food_sad.wav,OAF_food_sad.wav,1,train,6,sad,6,sad,0.9781122803688049
data/tess/audio/OAF_gap_sad.wav,OAF_gap_sad.wav,1,train,6,sad,6,sad,0.9767300486564636
data/tess/audio/OAF_gas_sad.wav,OAF_gas_sad.wav,1,train,6,sad,6,sad,0.9780817627906799
data/tess/audio/OAF_gaze_sad.wav,OAF_gaze_sad.wav,1,train,6,sad,6,sad,0.9779833555221558
data/tess/audio/OAF_germ_sad.wav,OAF_germ_sad.wav,1,train,6,sad,6,sad,0.9782863855361938
data/tess/audio/OAF_good_sad.wav,OAF_good_sad.wav,1,train,6,sad,6,sad,0.9778774380683899
data/tess/audio/OAF_gun_sad.wav,OAF_gun_sad.wav,1,train,6,sad,6,sad,0.9780426025390625
data/tess/audio/OAF_hall_sad.wav,OAF_hall_sad.wav,1,train,6,sad,6,sad,0.9781917929649353
data/tess/audio/OAF_hash_sad.wav,OAF_hash_sad.wav,1,train,6,sad,6,sad,0.9781297445297241
data/tess/audio/OAF_hire_sad.wav,OAF_hire_sad.wav,1,train,6,sad,6,sad,0.9781917929649353
data/tess/audio/OAF_hit_sad.wav,OAF_hit_sad.wav,1,train,6,sad,6,sad,0.978177547454834
data/tess/audio/OAF_hole_sad.wav,OAF_hole_sad.wav,1,train,6,sad,6,sad,0.9784548878669739
data/tess/audio/OAF_hurl_sad.wav,OAF_hurl_sad.wav,1,train,6,sad,6,sad,0.9781816601753235
data/tess/audio/OAF_hush_sad.wav,OAF_hush_sad.wav,1,train,6,sad,6,sad,0.9787876009941101
data/tess/audio/OAF_jail_sad.wav,OAF_jail_sad.wav,1,train,6,sad,6,sad,0.9777733683586121
data/tess/audio/OAF_jar_sad.wav,OAF_jar_sad.wav,1,train,6,sad,6,sad,0.9783625602722168
data/tess/audio/OAF_join_sad.wav,OAF_join_sad.wav,1,train,6,sad,6,sad,0.977942168712616
data/tess/audio/OAF_judge_sad.wav,OAF_judge_sad.wav,1,train,6,sad,6,sad,0.9782602190971375
data/tess/audio/OAF_jug_sad.wav,OAF_jug_sad.wav,1,train,6,sad,6,sad,0.9780844449996948
data/tess/audio/OAF_keep_sad.wav,OAF_keep_sad.wav,1,train,6,sad,6,sad,0.9781025052070618
data/tess/audio/OAF_kick_sad.wav,OAF_kick_sad.wav,1,train,6,sad,6,sad,0.9784564971923828
data/tess/audio/OAF_kill_sad.wav,OAF_kill_sad.wav,1,train,6,sad,6,sad,0.9781448245048523
data/tess/audio/OAF_king_sad.wav,OAF_king_sad.wav,1,train,6,sad,6,sad,0.9784411191940308
data/tess/audio/OAF_kite_sad.wav,OAF_kite_sad.wav,1,train,6,sad,6,sad,0.9777020215988159
data/tess/audio/OAF_knock_sad.wav,OAF_knock_sad.wav,1,train,6,sad,6,sad,0.9783049821853638
data/tess/audio/OAF_laud_sad.wav,OAF_laud_sad.wav,1,train,6,sad,6,sad,0.9782055020332336
data/tess/audio/OAF_lean_sad.wav,OAF_lean_sad.wav,1,train,6,sad,6,sad,0.978644073009491
data/tess/audio/OAF_lease_sad.wav,OAF_lease_sad.wav,1,train,6,sad,6,sad,0.9781100153923035
data/tess/audio/OAF_lid_sad.wav,OAF_lid_sad.wav,1,train,6,sad,6,sad,0.9774637818336487
data/tess/audio/OAF_life_sad.wav,OAF_life_sad.wav,1,train,6,sad,6,sad,0.9783051013946533
data/tess/audio/OAF_long_sad.wav,OAF_long_sad.wav,1,train,6,sad,6,sad,0.9784854054450989
data/tess/audio/OAF_lot_sad.wav,OAF_lot_sad.wav,1,train,6,sad,6,sad,0.9779047966003418
data/tess/audio/OAF_love_sad.wav,OAF_love_sad.wav,1,train,6,sad,6,sad,0.9784048199653625
data/tess/audio/OAF_luck_sad.wav,OAF_luck_sad.wav,1,train,6,sad,6,sad,0.978103756904602
data/tess/audio/OAF_make_sad.wav,OAF_make_sad.wav,1,train,6,sad,6,sad,0.9783797264099121
data/tess/audio/OAF_match_sad.wav,OAF_match_sad.wav,1,train,6,sad,6,sad,0.9780372381210327
data/tess/audio/OAF_merge_sad.wav,OAF_merge_sad.wav,1,train,6,sad,6,sad,0.9781072735786438
data/tess/audio/OAF_met_sad.wav,OAF_met_sad.wav,1,train,6,sad,6,sad,0.9782161116600037
data/tess/audio/OAF_mill_sad.wav,OAF_mill_sad.wav,1,train,6,sad,6,sad,0.9782738089561462
data/tess/audio/OAF_mood_sad.wav,OAF_mood_sad.wav,1,train,6,sad,6,sad,0.9785545468330383
data/tess/audio/OAF_moon_sad.wav,OAF_moon_sad.wav,1,train,6,sad,6,sad,0.9782046675682068
data/tess/audio/OAF_nag_sad.wav,OAF_nag_sad.wav,1,train,6,sad,6,sad,0.9774559140205383
data/tess/audio/OAF_name_sad.wav,OAF_name_sad.wav,1,train,6,sad,6,sad,0.9784622192382812
data/tess/audio/OAF_neat_sad.wav,OAF_neat_sad.wav,1,train,6,sad,6,sad,0.9787722826004028
data/tess/audio/OAF_nice_sad.wav,OAF_nice_sad.wav,1,train,6,sad,6,sad,0.9777708649635315
data/tess/audio/OAF_note_sad.wav,OAF_note_sad.wav,1,train,6,sad,6,sad,0.9781858921051025
data/tess/audio/OAF_numb_sad.wav,OAF_numb_sad.wav,1,train,6,sad,6,sad,0.977816104888916
data/tess/audio/OAF_pad_sad.wav,OAF_pad_sad.wav,1,train,6,sad,6,sad,0.9783416986465454
data/tess/audio/OAF_pain_sad.wav,OAF_pain_sad.wav,1,train,6,sad,6,sad,0.9785159826278687
data/tess/audio/OAF_pass_sad.wav,OAF_pass_sad.wav,1,train,6,sad,6,sad,0.9782000184059143
data/tess/audio/OAF_pearl_sad.wav,OAF_pearl_sad.wav,1,train,6,sad,6,sad,0.9780915379524231
data/tess/audio/OAF_peg_sad.wav,OAF_peg_sad.wav,1,train,6,sad,6,sad,0.9770745635032654
data/tess/audio/OAF_phone_sad.wav,OAF_phone_sad.wav,1,train,6,sad,6,sad,0.9783687591552734
data/tess/audio/OAF_pick_sad.wav,OAF_pick_sad.wav,1,train,6,sad,6,sad,0.9773440957069397
data/tess/audio/OAF_pike_sad.wav,OAF_pike_sad.wav,1,train,6,sad,6,sad,0.9777833819389343
data/tess/audio/OAF_pole_sad.wav,OAF_pole_sad.wav,1,train,6,sad,6,sad,0.9785915613174438
data/tess/audio/OAF_pool_sad.wav,OAF_pool_sad.wav,1,train,6,sad,6,sad,0.9781603217124939
data/tess/audio/OAF_puff_sad.wav,OAF_puff_sad.wav,1,train,6,sad,6,sad,0.9779069423675537
data/tess/audio/OAF_rag_sad.wav,OAF_rag_sad.wav,1,train,6,sad,6,sad,0.9778832197189331
data/tess/audio/OAF_rat_sad.wav,OAF_rat_sad.wav,1,train,6,sad,6,sad,0.9771838188171387
data/tess/audio/OAF_reach_sad.wav,OAF_reach_sad.wav,1,train,6,sad,6,sad,0.9780986309051514
data/tess/audio/OAF_red_sad.wav,OAF_red_sad.wav,1,train,6,sad,6,sad,0.9766384959220886
data/tess/audio/OAF_ring_sad.wav,OAF_ring_sad.wav,1,train,6,sad,6,sad,0.9781524538993835
data/tess/audio/OAF_ripe_sad.wav,OAF_ripe_sad.wav,1,train,6,sad,6,sad,0.97788405418396
data/tess/audio/OAF_road_sad.wav,OAF_road_sad.wav,1,train,6,sad,6,sad,0.9781323671340942
data/tess/audio/OAF_room_sad.wav,OAF_room_sad.wav,1,train,6,sad,6,sad,0.9776782989501953
data/tess/audio/OAF_rose_sad.wav,OAF_rose_sad.wav,1,train,6,sad,6,sad,0.9784502387046814
data/tess/audio/OAF_rot_sad.wav,OAF_rot_sad.wav,1,train,6,sad,6,sad,0.9778517484664917
data/tess/audio/OAF_rough_sad.wav,OAF_rough_sad.wav,1,train,6,sad,6,sad,0.9783517718315125
data/tess/audio/OAF_rush_sad.wav,OAF_rush_sad.wav,1,train,6,sad,6,sad,0.978050172328949
data/tess/audio/OAF_said_sad.wav,OAF_said_sad.wav,1,train,6,sad,6,sad,0.9774911403656006
data/tess/audio/OAF_sail_sad.wav,OAF_sail_sad.wav,1,train,6,sad,6,sad,0.9777782559394836
data/tess/audio/OAF_search_sad.wav,OAF_search_sad.wav,1,train,6,sad,6,sad,0.9777728915214539
data/tess/audio/OAF_seize_sad.wav,OAF_seize_sad.wav,1,train,6,sad,6,sad,0.9781205058097839
data/tess/audio/OAF_sell_sad.wav,OAF_sell_sad.wav,1,train,6,sad,6,sad,0.9779762625694275
data/tess/audio/OAF_shall_sad.wav,OAF_shall_sad.wav,1,train,6,sad,6,sad,0.9782896637916565
data/tess/audio/OAF_sheep_sad.wav,OAF_sheep_sad.wav,1,train,6,sad,6,sad,0.9782518148422241
data/tess/audio/OAF_shirt_sad.wav,OAF_shirt_sad.wav,1,train,6,sad,6,sad,0.9777771234512329
data/tess/audio/OAF_should_sad.wav,OAF_should_sad.wav,1,train,6,sad,6,sad,0.9773958921432495
data/tess/audio/OAF_shout_sad.wav,OAF_shout_sad.wav,1,train,6,sad,6,sad,0.977820634841919
data/tess/audio/OAF_size_sad.wav,OAF_size_sad.wav,1,train,6,sad,6,sad,0.9778297543525696
data/tess/audio/OAF_soup_sad.wav,OAF_soup_sad.wav,1,train,6,sad,6,sad,0.9777096509933472
data/tess/audio/OAF_sour_sad.wav,OAF_sour_sad.wav,1,train,6,sad,6,sad,0.9778110980987549
data/tess/audio/OAF_sub_sad.wav,OAF_sub_sad.wav,1,train,6,sad,6,sad,0.9780526757240295
data/tess/audio/OAF_such_sad.wav,OAF_such_sad.wav,1,train,6,sad,6,sad,0.9775428771972656
data/tess/audio/OAF_sure_sad.wav,OAF_sure_sad.wav,1,train,6,sad,6,sad,0.9784572124481201
data/tess/audio/OAF_take_sad.wav,OAF_take_sad.wav,1,train,6,sad,6,sad,0.9783777594566345
data/tess/audio/OAF_talk_sad.wav,OAF_talk_sad.wav,1,train,6,sad,6,sad,0.9775934219360352
data/tess/audio/OAF_tape_sad.wav,OAF_tape_sad.wav,1,train,6,sad,6,sad,0.9784497618675232
data/tess/audio/OAF_tell_sad.wav,OAF_tell_sad.wav,1,train,6,sad,6,sad,0.9783080220222473
data/tess/audio/OAF_thin_sad.wav,OAF_thin_sad.wav,1,train,6,sad,6,sad,0.9778578281402588
data/tess/audio/OAF_third_sad.wav,OAF_third_sad.wav,1,train,6,sad,6,sad,0.9783874750137329
data/tess/audio/OAF_thumb_sad.wav,OAF_thumb_sad.wav,1,train,6,sad,6,sad,0.9785877466201782
data/tess/audio/OAF_time_sad.wav,OAF_time_sad.wav,1,train,6,sad,6,sad,0.978020966053009
data/tess/audio/OAF_tip_sad.wav,OAF_tip_sad.wav,1,train,6,sad,6,sad,0.9777931571006775
data/tess/audio/OAF_tool_sad.wav,OAF_tool_sad.wav,1,train,6,sad,6,sad,0.9783468246459961
data/tess/audio/OAF_void_sad.wav,OAF_void_sad.wav,1,train,6,sad,6,sad,0.9781920313835144
data/tess/audio/OAF_wag_sad.wav,OAF_wag_sad.wav,1,train,6,sad,6,sad,0.9783068895339966
data/tess/audio/OAF_wash_sad.wav,OAF_wash_sad.wav,1,train,6,sad,6,sad,0.9785876274108887
data/tess/audio/OAF_week_sad.wav,OAF_week_sad.wav,1,train,6,sad,6,sad,0.9780765175819397
data/tess/audio/OAF_when_sad.wav,OAF_when_sad.wav,1,train,6,sad,6,sad,0.9784017205238342
data/tess/audio/OAF_which_sad.wav,OAF_which_sad.wav,1,train,6,sad,6,sad,0.9781087636947632
data/tess/audio/OAF_whip_sad.wav,OAF_whip_sad.wav,1,train,6,sad,6,sad,0.977836012840271
data/tess/audio/OAF_wire_sad.wav,OAF_wire_sad.wav,1,train,6,sad,6,sad,0.9784958958625793
data/tess/audio/OAF_witch_sad.wav,OAF_witch_sad.wav,1,train,6,sad,6,sad,0.9779685139656067
data/tess/audio/OAF_yes_sad.wav,OAF_yes_sad.wav,1,train,6,sad,6,sad,0.9781906604766846
data/tess/audio/OAF_young_sad.wav,OAF_young_sad.wav,1,train,6,sad,6,sad,0.9778438806533813
data/tess/audio/OAF_back_angry.wav,OAF_back_angry.wav,1,train,0,angry,0,angry,0.9749763607978821
data/tess/audio/OAF_base_angry.wav,OAF_base_angry.wav,1,train,0,angry,0,angry,0.9749882817268372
data/tess/audio/OAF_bath_angry.wav,OAF_bath_angry.wav,1,train,0,angry,0,angry,0.9754937291145325
data/tess/audio/OAF_bean_angry.wav,OAF_bean_angry.wav,1,train,0,angry,0,angry,0.9725406169891357
data/tess/audio/OAF_beg_angry.wav,OAF_beg_angry.wav,1,train,0,angry,0,angry,0.9748706817626953
data/tess/audio/OAF_bite_angry.wav,OAF_bite_angry.wav,1,train,0,angry,0,angry,0.9746665358543396
data/tess/audio/OAF_book_angry.wav,OAF_book_angry.wav,1,train,0,angry,0,angry,0.9754390716552734
data/tess/audio/OAF_bought_angry.wav,OAF_bought_angry.wav,1,train,0,angry,0,angry,0.9754385948181152
data/tess/audio/OAF_burn_angry.wav,OAF_burn_angry.wav,1,train,0,angry,0,angry,0.9749070405960083
data/tess/audio/OAF_cab_angry.wav,OAF_cab_angry.wav,1,train,0,angry,0,angry,0.9751594066619873
data/tess/audio/OAF_cause_angry.wav,OAF_cause_angry.wav,1,train,0,angry,0,angry,0.9748677015304565
data/tess/audio/OAF_chain_angry.wav,OAF_chain_angry.wav,1,train,0,angry,0,angry,0.971356987953186
data/tess/audio/OAF_chalk_angry.wav,OAF_chalk_angry.wav,1,train,0,angry,0,angry,0.9747536182403564
data/tess/audio/OAF_chat_angry.wav,OAF_chat_angry.wav,1,train,0,angry,0,angry,0.9741166830062866
data/tess/audio/OAF_chief_angry.wav,OAF_chief_angry.wav,1,train,0,angry,0,angry,0.9736685156822205
data/tess/audio/OAF_choice_angry.wav,OAF_choice_angry.wav,1,train,0,angry,0,angry,0.9661419987678528
data/tess/audio/OAF_cool_angry.wav,OAF_cool_angry.wav,1,train,0,angry,0,angry,0.9751306176185608
data/tess/audio/OAF_dab_angry.wav,OAF_dab_angry.wav,1,train,0,angry,0,angry,0.9750584363937378
data/tess/audio/OAF_date_angry.wav,OAF_date_angry.wav,1,train,0,angry,0,angry,0.973798394203186
data/tess/audio/OAF_dead_angry.wav,OAF_dead_angry.wav,1,train,0,angry,0,angry,0.9740813970565796
data/tess/audio/OAF_death_angry.wav,OAF_death_angry.wav,1,train,0,angry,0,angry,0.9748382568359375
data/tess/audio/OAF_deep_angry.wav,OAF_deep_angry.wav,1,train,0,angry,0,angry,0.9752784371376038
data/tess/audio/OAF_dime_angry.wav,OAF_dime_angry.wav,1,train,0,angry,0,angry,0.9725464582443237
data/tess/audio/OAF_dip_angry.wav,OAF_dip_angry.wav,1,train,0,angry,0,angry,0.9708653688430786
data/tess/audio/OAF_ditch_angry.wav,OAF_ditch_angry.wav,1,train,0,angry,0,angry,0.9750163555145264
data/tess/audio/OAF_dodge_angry.wav,OAF_dodge_angry.wav,1,train,0,angry,0,angry,0.9742461442947388
data/tess/audio/OAF_doll_angry.wav,OAF_doll_angry.wav,1,train,0,angry,0,angry,0.9751188158988953
data/tess/audio/OAF_door_angry.wav,OAF_door_angry.wav,1,train,0,angry,0,angry,0.9748669266700745
data/tess/audio/OAF_fall_angry.wav,OAF_fall_angry.wav,1,train,0,angry,0,angry,0.974770724773407
data/tess/audio/OAF_far_angry.wav,OAF_far_angry.wav,1,train,0,angry,0,angry,0.9746597409248352
data/tess/audio/OAF_fat_angry.wav,OAF_fat_angry.wav,1,train,0,angry,0,angry,0.9750100374221802
data/tess/audio/OAF_fit_angry.wav,OAF_fit_angry.wav,1,train,0,angry,0,angry,0.9748997688293457
data/tess/audio/OAF_five_angry.wav,OAF_five_angry.wav,1,train,0,angry,0,angry,0.9751479625701904
data/tess/audio/OAF_food_angry.wav,OAF_food_angry.wav,1,train,0,angry,0,angry,0.9752530455589294
data/tess/audio/OAF_gap_angry.wav,OAF_gap_angry.wav,1,train,0,angry,0,angry,0.97529536485672
data/tess/audio/OAF_gas_angry.wav,OAF_gas_angry.wav,1,train,0,angry,0,angry,0.9751585125923157
data/tess/audio/OAF_gaze_angry.wav,OAF_gaze_angry.wav,1,train,0,angry,0,angry,0.9694217443466187
data/tess/audio/OAF_germ_angry.wav,OAF_germ_angry.wav,1,train,0,angry,0,angry,0.975109875202179
data/tess/audio/OAF_good_angry.wav,OAF_good_angry.wav,1,train,0,angry,0,angry,0.9754941463470459
data/tess/audio/OAF_gun_angry.wav,OAF_gun_angry.wav,1,train,0,angry,0,angry,0.9747750759124756
data/tess/audio/OAF_hall_angry.wav,OAF_hall_angry.wav,1,train,0,angry,0,angry,0.9683157205581665
data/tess/audio/OAF_hash_angry.wav,OAF_hash_angry.wav,1,train,0,angry,0,angry,0.9743360877037048
data/tess/audio/OAF_hire_angry.wav,OAF_hire_angry.wav,1,train,0,angry,0,angry,0.9748449325561523
data/tess/audio/OAF_hit_angry.wav,OAF_hit_angry.wav,1,train,0,angry,0,angry,0.9728382229804993
data/tess/audio/OAF_hole_angry.wav,OAF_hole_angry.wav,1,train,0,angry,0,angry,0.9748669266700745
data/tess/audio/OAF_hurl_angry.wav,OAF_hurl_angry.wav,1,train,0,angry,0,angry,0.9749786257743835
data/tess/audio/OAF_hush_angry.wav,OAF_hush_angry.wav,1,train,0,angry,0,angry,0.9749943017959595
data/tess/audio/OAF_jail_angry.wav,OAF_jail_angry.wav,1,train,0,angry,0,angry,0.9736393690109253
data/tess/audio/OAF_jar_angry.wav,OAF_jar_angry.wav,1,train,0,angry,0,angry,0.9741777777671814
data/tess/audio/OAF_join_angry.wav,OAF_join_angry.wav,1,train,0,angry,0,angry,0.9748286008834839
data/tess/audio/OAF_judge_angry.wav,OAF_judge_angry.wav,1,train,0,angry,0,angry,0.9748857021331787
data/tess/audio/OAF_jug_angry.wav,OAF_jug_angry.wav,1,train,0,angry,0,angry,0.9742489457130432
data/tess/audio/OAF_keep_angry.wav,OAF_keep_angry.wav,1,train,0,angry,0,angry,0.9746971130371094
data/tess/audio/OAF_kick_angry.wav,OAF_kick_angry.wav,1,train,0,angry,0,angry,0.9745657444000244
data/tess/audio/OAF_kill_angry.wav,OAF_kill_angry.wav,1,train,0,angry,0,angry,0.9703969359397888
data/tess/audio/OAF_king_angry.wav,OAF_king_angry.wav,1,train,0,angry,0,angry,0.9727538228034973
data/tess/audio/OAF_kite_angry.wav,OAF_kite_angry.wav,1,train,0,angry,0,angry,0.9730831384658813
data/tess/audio/OAF_knock_angry.wav,OAF_knock_angry.wav,1,train,0,angry,0,angry,0.9750860929489136
data/tess/audio/OAF_laud_angry.wav,OAF_laud_angry.wav,1,train,0,angry,0,angry,0.9752101898193359
data/tess/audio/OAF_lean_angry.wav,OAF_lean_angry.wav,1,train,0,angry,0,angry,0.9712031483650208
data/tess/audio/OAF_lease_angry.wav,OAF_lease_angry.wav,1,train,0,angry,0,angry,0.9746444821357727
data/tess/audio/OAF_lid_angry.wav,OAF_lid_angry.wav,1,train,0,angry,0,angry,0.9752050042152405
data/tess/audio/OAF_life_angry.wav,OAF_life_angry.wav,1,train,0,angry,0,angry,0.9751538634300232
data/tess/audio/OAF_long_angry.wav,OAF_long_angry.wav,1,train,0,angry,0,angry,0.9749035239219666
data/tess/audio/OAF_lot_angry.wav,OAF_lot_angry.wav,1,train,0,angry,0,angry,0.9748365879058838
data/tess/audio/OAF_love_angry.wav,OAF_love_angry.wav,1,train,0,angry,0,angry,0.9750738143920898
data/tess/audio/OAF_luck_angry.wav,OAF_luck_angry.wav,1,train,0,angry,0,angry,0.9754113554954529
data/tess/audio/OAF_make_angry.wav,OAF_make_angry.wav,1,train,0,angry,0,angry,0.9726515412330627
data/tess/audio/OAF_match_angry.wav,OAF_match_angry.wav,1,train,0,angry,0,angry,0.975426435470581
data/tess/audio/OAF_merge_angry.wav,OAF_merge_angry.wav,1,train,0,angry,0,angry,0.9750681519508362
data/tess/audio/OAF_met_angry.wav,OAF_met_angry.wav,1,train,0,angry,0,angry,0.9748822450637817
data/tess/audio/OAF_mill_angry.wav,OAF_mill_angry.wav,1,train,0,angry,0,angry,0.9749036431312561
data/tess/audio/OAF_mood_angry.wav,OAF_mood_angry.wav,1,train,0,angry,0,angry,0.9750403165817261
data/tess/audio/OAF_moon_angry.wav,OAF_moon_angry.wav,1,train,0,angry,0,angry,0.9746732115745544
data/tess/audio/OAF_nag_angry.wav,OAF_nag_angry.wav,1,train,0,angry,0,angry,0.9750003814697266
data/tess/audio/OAF_name_angry.wav,OAF_name_angry.wav,1,train,0,angry,0,angry,0.9700376391410828
data/tess/audio/OAF_neat_angry.wav,OAF_neat_angry.wav,1,train,0,angry,0,angry,0.9750059247016907
data/tess/audio/OAF_nice_angry.wav,OAF_nice_angry.wav,1,train,0,angry,0,angry,0.9754565954208374
data/tess/audio/OAF_note_angry.wav,OAF_note_angry.wav,1,train,0,angry,0,angry,0.9753803014755249
data/tess/audio/OAF_numb_angry.wav,OAF_numb_angry.wav,1,train,0,angry,0,angry,0.9754578471183777
data/tess/audio/OAF_pad_angry.wav,OAF_pad_angry.wav,1,train,0,angry,0,angry,0.9750252366065979
data/tess/audio/OAF_pain_angry.wav,OAF_pain_angry.wav,1,train,0,angry,0,angry,0.9733062386512756
data/tess/audio/OAF_pass_angry.wav,OAF_pass_angry.wav,1,train,0,angry,0,angry,0.9743801355361938
data/tess/audio/OAF_pearl_angry.wav,OAF_pearl_angry.wav,1,train,0,angry,0,angry,0.9750144481658936
data/tess/audio/OAF_peg_angry.wav,OAF_peg_angry.wav,1,train,0,angry,0,angry,0.9746742248535156
data/tess/audio/OAF_phone_angry.wav,OAF_phone_angry.wav,1,train,0,angry,0,angry,0.9749406576156616
data/tess/audio/OAF_pick_angry.wav,OAF_pick_angry.wav,1,train,0,angry,0,angry,0.9750176072120667
data/tess/audio/OAF_pike_angry.wav,OAF_pike_angry.wav,1,train,0,angry,0,angry,0.9754931330680847
data/tess/audio/OAF_pole_angry.wav,OAF_pole_angry.wav,1,train,0,angry,0,angry,0.9753279089927673
data/tess/audio/OAF_pool_angry.wav,OAF_pool_angry.wav,1,train,0,angry,0,angry,0.9746702909469604
data/tess/audio/OAF_puff_angry.wav,OAF_puff_angry.wav,1,train,0,angry,0,angry,0.9751948714256287
data/tess/audio/OAF_rag_angry.wav,OAF_rag_angry.wav,1,train,0,angry,0,angry,0.9745611548423767
data/tess/audio/OAF_rat_angry.wav,OAF_rat_angry.wav,1,train,0,angry,0,angry,0.9748953580856323
data/tess/audio/OAF_reach_angry.wav,OAF_reach_angry.wav,1,train,0,angry,0,angry,0.9728191494941711
data/tess/audio/OAF_red_angry.wav,OAF_red_angry.wav,1,train,0,angry,0,angry,0.9751538634300232
data/tess/audio/OAF_ring_angry.wav,OAF_ring_angry.wav,1,train,0,angry,0,angry,0.973047137260437
data/tess/audio/OAF_ripe_angry.wav,OAF_ripe_angry.wav,1,train,0,angry,0,angry,0.9747335910797119
data/tess/audio/OAF_road_angry.wav,OAF_road_angry.wav,1,train,0,angry,0,angry,0.9748473167419434
data/tess/audio/OAF_room_angry.wav,OAF_room_angry.wav,1,train,0,angry,0,angry,0.9752825498580933
data/tess/audio/OAF_rose_angry.wav,OAF_rose_angry.wav,1,train,0,angry,0,angry,0.9750455021858215
data/tess/audio/OAF_rot_angry.wav,OAF_rot_angry.wav,1,train,0,angry,0,angry,0.9751484394073486
data/tess/audio/OAF_rough_angry.wav,OAF_rough_angry.wav,1,train,0,angry,0,angry,0.9750612378120422
data/tess/audio/OAF_rush_angry.wav,OAF_rush_angry.wav,1,train,0,angry,0,angry,0.9750726819038391
data/tess/audio/OAF_said_angry.wav,OAF_said_angry.wav,1,train,0,angry,0,angry,0.9735237956047058
data/tess/audio/OAF_sail_angry.wav,OAF_sail_angry.wav,1,train,0,angry,0,angry,0.9706586599349976
data/tess/audio/OAF_search_angry.wav,OAF_search_angry.wav,1,train,0,angry,0,angry,0.9726357460021973
data/tess/audio/OAF_seize_angry.wav,OAF_seize_angry.wav,1,train,0,angry,0,angry,0.970533549785614
data/tess/audio/OAF_sell_angry.wav,OAF_sell_angry.wav,1,train,0,angry,0,angry,0.9718082547187805
data/tess/audio/OAF_shall_angry.wav,OAF_shall_angry.wav,1,train,0,angry,0,angry,0.9748274087905884
data/tess/audio/OAF_sheep_angry.wav,OAF_sheep_angry.wav,1,train,0,angry,0,angry,0.9727814793586731
data/tess/audio/OAF_shirt_angry.wav,OAF_shirt_angry.wav,1,train,0,angry,0,angry,0.9749774932861328
data/tess/audio/OAF_should_angry.wav,OAF_should_angry.wav,1,train,0,angry,0,angry,0.9747143387794495
data/tess/audio/OAF_shout_angry.wav,OAF_shout_angry.wav,1,train,0,angry,0,angry,0.9749153256416321
data/tess/audio/OAF_size_angry.wav,OAF_size_angry.wav,1,train,0,angry,0,angry,0.9736770987510681
data/tess/audio/OAF_soup_angry.wav,OAF_soup_angry.wav,1,train,0,angry,0,angry,0.9752527475357056
data/tess/audio/OAF_sour_angry.wav,OAF_sour_angry.wav,1,train,0,angry,0,angry,0.9744715690612793
data/tess/audio/OAF_sub_angry.wav,OAF_sub_angry.wav,1,train,0,angry,0,angry,0.9744985103607178
data/tess/audio/OAF_such_angry.wav,OAF_such_angry.wav,1,train,0,angry,0,angry,0.9753526449203491
data/tess/audio/OAF_sure_angry.wav,OAF_sure_angry.wav,1,train,0,angry,0,angry,0.9723434448242188
data/tess/audio/OAF_take_angry.wav,OAF_take_angry.wav,1,train,0,angry,0,angry,0.9730791449546814
data/tess/audio/OAF_talk_angry.wav,OAF_talk_angry.wav,1,train,0,angry,0,angry,0.9748592376708984
data/tess/audio/OAF_tape_angry.wav,OAF_tape_angry.wav,1,train,0,angry,0,angry,0.9748172760009766
data/tess/audio/OAF_tell_angry.wav,OAF_tell_angry.wav,1,train,0,angry,0,angry,0.9745464324951172
data/tess/audio/OAF_thin_angry.wav,OAF_thin_angry.wav,1,train,0,angry,0,angry,0.9749404788017273
data/tess/audio/OAF_third_angry.wav,OAF_third_angry.wav,1,train,0,angry,0,angry,0.9742224812507629
data/tess/audio/OAF_thumb_angry.wav,OAF_thumb_angry.wav,1,train,0,angry,0,angry,0.9752375483512878
data/tess/audio/OAF_time_angry.wav,OAF_time_angry.wav,1,train,0,angry,0,angry,0.9748185276985168
data/tess/audio/OAF_tip_angry.wav,OAF_tip_angry.wav,1,train,0,angry,0,angry,0.9734007716178894
data/tess/audio/OAF_tool_angry.wav,OAF_tool_angry.wav,1,train,0,angry,0,angry,0.9754075407981873
data/tess/audio/OAF_void_angry.wav,OAF_void_angry.wav,1,train,0,angry,0,angry,0.9753492474555969
data/tess/audio/OAF_wag_angry.wav,OAF_wag_angry.wav,1,train,0,angry,0,angry,0.9752396941184998
data/tess/audio/OAF_wash_angry.wav,OAF_wash_angry.wav,1,train,0,angry,0,angry,0.9749050140380859
data/tess/audio/OAF_week_angry.wav,OAF_week_angry.wav,1,train,0,angry,0,angry,0.9744466543197632
data/tess/audio/OAF_when_angry.wav,OAF_when_angry.wav,1,train,0,angry,0,angry,0.9751864075660706
data/tess/audio/OAF_which_angry.wav,OAF_which_angry.wav,1,train,0,angry,0,angry,0.9750622510910034
data/tess/audio/OAF_whip_angry.wav,OAF_whip_angry.wav,1,train,0,angry,0,angry,0.9748808741569519
data/tess/audio/OAF_wire_angry.wav,OAF_wire_angry.wav,1,train,0,angry,0,angry,0.9749440550804138
data/tess/audio/OAF_witch_angry.wav,OAF_witch_angry.wav,1,train,0,angry,0,angry,0.9748976230621338
data/tess/audio/OAF_yes_angry.wav,OAF_yes_angry.wav,1,train,0,angry,0,angry,0.9751458168029785
data/tess/audio/OAF_young_angry.wav,OAF_young_angry.wav,1,train,0,angry,0,angry,0.9745410680770874
data/tess/audio/OAF_back_disgust.wav,OAF_back_disgust.wav,1,train,1,disgust,1,disgust,0.981705904006958
data/tess/audio/OAF_base_disgust.wav,OAF_base_disgust.wav,1,train,1,disgust,1,disgust,0.9817837476730347
data/tess/audio/OAF_bath_disgust.wav,OAF_bath_disgust.wav,1,train,1,disgust,1,disgust,0.9820855855941772
data/tess/audio/OAF_bean_disgust.wav,OAF_bean_disgust.wav,1,train,1,disgust,1,disgust,0.9816670417785645
data/tess/audio/OAF_beg_disgust.wav,OAF_beg_disgust.wav,1,train,1,disgust,1,disgust,0.9817549586296082
data/tess/audio/OAF_bite_disgust.wav,OAF_bite_disgust.wav,1,train,1,disgust,1,disgust,0.9818989038467407
data/tess/audio/OAF_book_disgust.wav,OAF_book_disgust.wav,1,train,1,disgust,1,disgust,0.9808470606803894
data/tess/audio/OAF_bought_disgust.wav,OAF_bought_disgust.wav,1,train,1,disgust,1,disgust,0.9819798469543457
data/tess/audio/OAF_burn_disgust.wav,OAF_burn_disgust.wav,1,train,1,disgust,1,disgust,0.9817577004432678
data/tess/audio/OAF_cab_disgust.wav,OAF_cab_disgust.wav,1,train,1,disgust,1,disgust,0.9820974469184875
data/tess/audio/OAF_cause_disgust.wav,OAF_cause_disgust.wav,1,train,1,disgust,1,disgust,0.9816102981567383
data/tess/audio/OAF_chain_disgust.wav,OAF_chain_disgust.wav,1,train,1,disgust,1,disgust,0.9818275570869446
data/tess/audio/OAF_chalk_disgust.wav,OAF_chalk_disgust.wav,1,train,1,disgust,1,disgust,0.9811919331550598
data/tess/audio/OAF_chat_disgust.wav,OAF_chat_disgust.wav,1,train,1,disgust,1,disgust,0.9820241332054138
data/tess/audio/OAF_chief_disgust.wav,OAF_chief_disgust.wav,1,train,1,disgust,1,disgust,0.9820137619972229
data/tess/audio/OAF_choice_disgust.wav,OAF_choice_disgust.wav,1,train,1,disgust,1,disgust,0.9813257455825806
data/tess/audio/OAF_cool_disgust.wav,OAF_cool_disgust.wav,1,train,1,disgust,1,disgust,0.9818922877311707
data/tess/audio/OAF_dab_disgust.wav,OAF_dab_disgust.wav,1,train,1,disgust,1,disgust,0.9816076755523682
data/tess/audio/OAF_date_disgust.wav,OAF_date_disgust.wav,1,train,1,disgust,1,disgust,0.9822317957878113
data/tess/audio/OAF_dead_disgust.wav,OAF_dead_disgust.wav,1,train,1,disgust,1,disgust,0.9820120334625244
data/tess/audio/OAF_death_disgust.wav,OAF_death_disgust.wav,1,train,1,disgust,1,disgust,0.982043445110321
data/tess/audio/OAF_deep_disgust.wav,OAF_deep_disgust.wav,1,train,1,disgust,1,disgust,0.9812818765640259
data/tess/audio/OAF_dime_disgust.wav,OAF_dime_disgust.wav,1,train,1,disgust,1,disgust,0.98177170753479
data/tess/audio/OAF_dip_disgust.wav,OAF_dip_disgust.wav,1,train,1,disgust,1,disgust,0.9822476506233215
data/tess/audio/OAF_ditch_disgust.wav,OAF_ditch_disgust.wav,1,train,1,disgust,1,disgust,0.9822324514389038
data/tess/audio/OAF_dodge_disgust.wav,OAF_dodge_disgust.wav,1,train,1,disgust,1,disgust,0.9814440011978149
data/tess/audio/OAF_doll_disgust.wav,OAF_doll_disgust.wav,1,train,1,disgust,1,disgust,0.9800298810005188
data/tess/audio/OAF_door_disgust.wav,OAF_door_disgust.wav,1,train,1,disgust,1,disgust,0.9820735454559326
data/tess/audio/OAF_fall_disgust.wav,OAF_fall_disgust.wav,1,train,1,disgust,1,disgust,0.9819326996803284
data/tess/audio/OAF_far_disgust.wav,OAF_far_disgust.wav,1,train,1,disgust,1,disgust,0.9819285869598389
data/tess/audio/OAF_fat_disgust.wav,OAF_fat_disgust.wav,1,train,1,disgust,1,disgust,0.9815587401390076
data/tess/audio/OAF_fit_disgust.wav,OAF_fit_disgust.wav,1,train,1,disgust,1,disgust,0.9816847443580627
data/tess/audio/OAF_five_disgust.wav,OAF_five_disgust.wav,1,train,1,disgust,1,disgust,0.9821325540542603
data/tess/audio/OAF_food_disgust.wav,OAF_food_disgust.wav,1,train,1,disgust,1,disgust,0.9817659854888916
data/tess/audio/OAF_gap_disgust.wav,OAF_gap_disgust.wav,1,train,1,disgust,1,disgust,0.9820241332054138
data/tess/audio/OAF_gas_disgust.wav,OAF_gas_disgust.wav,1,train,1,disgust,1,disgust,0.981927216053009
data/tess/audio/OAF_gaze_disgust.wav,OAF_gaze_disgust.wav,1,train,1,disgust,1,disgust,0.9814741015434265
data/tess/audio/OAF_germ_disgust.wav,OAF_germ_disgust.wav,1,train,1,disgust,1,disgust,0.9815218448638916
data/tess/audio/OAF_good_disgust.wav,OAF_good_disgust.wav,1,train,1,disgust,1,disgust,0.9810412526130676
data/tess/audio/OAF_gun_disgust.wav,OAF_gun_disgust.wav,1,train,1,disgust,1,disgust,0.9818761944770813
data/tess/audio/OAF_hall_disgust.wav,OAF_hall_disgust.wav,1,train,1,disgust,1,disgust,0.9817391037940979
data/tess/audio/OAF_hash_disgust.wav,OAF_hash_disgust.wav,1,train,1,disgust,1,disgust,0.9817249774932861
data/tess/audio/OAF_hire_disgust.wav,OAF_hire_disgust.wav,1,train,1,disgust,1,disgust,0.9817492961883545
data/tess/audio/OAF_hit_disgust.wav,OAF_hit_disgust.wav,1,train,1,disgust,1,disgust,0.9813373684883118
data/tess/audio/OAF_hole_disgust.wav,OAF_hole_disgust.wav,1,train,1,disgust,1,disgust,0.9821414947509766
data/tess/audio/OAF_hurl_disgust.wav,OAF_hurl_disgust.wav,1,train,1,disgust,1,disgust,0.9818800687789917
data/tess/audio/OAF_hush_disgust.wav,OAF_hush_disgust.wav,1,train,1,disgust,1,disgust,0.9810099005699158
data/tess/audio/OAF_jail_disgust.wav,OAF_jail_disgust.wav,1,train,1,disgust,1,disgust,0.981410801410675
data/tess/audio/OAF_jar_disgust.wav,OAF_jar_disgust.wav,1,train,1,disgust,1,disgust,0.9819735288619995
data/tess/audio/OAF_join_disgust.wav,OAF_join_disgust.wav,1,train,1,disgust,1,disgust,0.982070803642273
data/tess/audio/OAF_judge_disgust.wav,OAF_judge_disgust.wav,1,train,1,disgust,1,disgust,0.9817857146263123
data/tess/audio/OAF_jug_disgust.wav,OAF_jug_disgust.wav,1,train,1,disgust,1,disgust,0.9817381501197815
data/tess/audio/OAF_keep_disgust.wav,OAF_keep_disgust.wav,1,train,1,disgust,1,disgust,0.9816715121269226
data/tess/audio/OAF_kick_disgust.wav,OAF_kick_disgust.wav,1,train,1,disgust,1,disgust,0.982047438621521
data/tess/audio/OAF_kill_disgust.wav,OAF_kill_disgust.wav,1,train,1,disgust,1,disgust,0.9815877676010132
data/tess/audio/OAF_king_disgust.wav,OAF_king_disgust.wav,1,train,1,disgust,1,disgust,0.9819326996803284
data/tess/audio/OAF_kite_disgust.wav,OAF_kite_disgust.wav,1,train,1,disgust,1,disgust,0.9817959666252136
data/tess/audio/OAF_knock_disgust.wav,OAF_knock_disgust.wav,1,train,1,disgust,1,disgust,0.9816203117370605
data/tess/audio/OAF_laud_disgust.wav,OAF_laud_disgust.wav,1,train,1,disgust,1,disgust,0.9806050062179565
data/tess/audio/OAF_lean_disgust.wav,OAF_lean_disgust.wav,1,train,1,disgust,1,disgust,0.9819554686546326
data/tess/audio/OAF_lease_disgust.wav,OAF_lease_disgust.wav,1,train,1,disgust,1,disgust,0.9818082451820374
data/tess/audio/OAF_lid_disgust.wav,OAF_lid_disgust.wav,1,train,1,disgust,1,disgust,0.9818001985549927
data/tess/audio/OAF_life_disgust.wav,OAF_life_disgust.wav,1,train,1,disgust,1,disgust,0.9819825887680054
data/tess/audio/OAF_long_disgust.wav,OAF_long_disgust.wav,1,train,1,disgust,1,disgust,0.9820934534072876
data/tess/audio/OAF_lot_disgust.wav,OAF_lot_disgust.wav,1,train,1,disgust,1,disgust,0.9817985892295837
data/tess/audio/OAF_love_disgust.wav,OAF_love_disgust.wav,1,train,1,disgust,1,disgust,0.9813786745071411
data/tess/audio/OAF_luck_disgust.wav,OAF_luck_disgust.wav,1,train,1,disgust,1,disgust,0.9821792244911194
data/tess/audio/OAF_make_disgust.wav,OAF_make_disgust.wav,1,train,1,disgust,1,disgust,0.9819869995117188
data/tess/audio/OAF_match_disgust.wav,OAF_match_disgust.wav,1,train,1,disgust,1,disgust,0.9820401072502136
data/tess/audio/OAF_merge_disgust.wav,OAF_merge_disgust.wav,1,train,1,disgust,1,disgust,0.9813531637191772
data/tess/audio/OAF_met_disgust.wav,OAF_met_disgust.wav,1,train,1,disgust,1,disgust,0.9813872575759888
data/tess/audio/OAF_mill_disgust.wav,OAF_mill_disgust.wav,1,train,1,disgust,1,disgust,0.9820868968963623
data/tess/audio/OAF_mood_disgust.wav,OAF_mood_disgust.wav,1,train,1,disgust,1,disgust,0.9815905690193176
data/tess/audio/OAF_moon_disgust.wav,OAF_moon_disgust.wav,1,train,1,disgust,1,disgust,0.9801476001739502
data/tess/audio/OAF_nag_disgust.wav,OAF_nag_disgust.wav,1,train,1,disgust,1,disgust,0.9814864993095398
data/tess/audio/OAF_name_disgust.wav,OAF_name_disgust.wav,1,train,1,disgust,1,disgust,0.9815924763679504
data/tess/audio/OAF_neat_disgust.wav,OAF_neat_disgust.wav,1,train,1,disgust,1,disgust,0.9809585213661194
data/tess/audio/OAF_nice_disgust.wav,OAF_nice_disgust.wav,1,train,1,disgust,1,disgust,0.9816840291023254
data/tess/audio/OAF_note_disgust.wav,OAF_note_disgust.wav,1,train,1,disgust,1,disgust,0.9818291664123535
data/tess/audio/OAF_numb_disgust.wav,OAF_numb_disgust.wav,1,train,1,disgust,1,disgust,0.981437087059021
data/tess/audio/OAF_pad_disgust.wav,OAF_pad_disgust.wav,1,train,1,disgust,1,disgust,0.9797210693359375
data/tess/audio/OAF_pain_disgust.wav,OAF_pain_disgust.wav,1,train,1,disgust,1,disgust,0.981919527053833
data/tess/audio/OAF_pass_disgust.wav,OAF_pass_disgust.wav,1,train,1,disgust,1,disgust,0.9811772108078003
data/tess/audio/OAF_pearl_disgust.wav,OAF_pearl_disgust.wav,1,train,1,disgust,1,disgust,0.9821406602859497
data/tess/audio/OAF_peg_disgust.wav,OAF_peg_disgust.wav,1,train,1,disgust,1,disgust,0.981782078742981
data/tess/audio/OAF_phone_disgust.wav,OAF_phone_disgust.wav,1,train,1,disgust,1,disgust,0.9818442463874817
data/tess/audio/OAF_pick_disgust.wav,OAF_pick_disgust.wav,1,train,1,disgust,1,disgust,0.982315719127655
data/tess/audio/OAF_pike_disgust.wav,OAF_pike_disgust.wav,1,train,1,disgust,1,disgust,0.9788773655891418
data/tess/audio/OAF_pole_disgust.wav,OAF_pole_disgust.wav,1,train,1,disgust,1,disgust,0.9819340109825134
data/tess/audio/OAF_pool_disgust.wav,OAF_pool_disgust.wav,1,train,1,disgust,1,disgust,0.9822596311569214
data/tess/audio/OAF_puff_disgust.wav,OAF_puff_disgust.wav,1,train,1,disgust,1,disgust,0.9819865226745605
data/tess/audio/OAF_rag_disgust.wav,OAF_rag_disgust.wav,1,train,1,disgust,1,disgust,0.9808247685432434
data/tess/audio/OAF_rat_disgust.wav,OAF_rat_disgust.wav,1,train,1,disgust,1,disgust,0.9813703894615173
data/tess/audio/OAF_reach_disgust.wav,OAF_reach_disgust.wav,1,train,1,disgust,1,disgust,0.9800691604614258
data/tess/audio/OAF_red_disgust.wav,OAF_red_disgust.wav,1,train,1,disgust,1,disgust,0.980521559715271
data/tess/audio/OAF_ring_disgust.wav,OAF_ring_disgust.wav,1,train,1,disgust,1,disgust,0.9808951020240784
data/tess/audio/OAF_ripe_disgust.wav,OAF_ripe_disgust.wav,1,train,1,disgust,1,disgust,0.9821474552154541
data/tess/audio/OAF_road_disgust.wav,OAF_road_disgust.wav,1,train,1,disgust,1,disgust,0.9819151163101196
data/tess/audio/OAF_room_disgust.wav,OAF_room_disgust.wav,1,train,1,disgust,1,disgust,0.9814737439155579
data/tess/audio/OAF_rose_disgust.wav,OAF_rose_disgust.wav,1,train,1,disgust,1,disgust,0.9809772372245789
data/tess/audio/OAF_rot_disgust.wav,OAF_rot_disgust.wav,1,train,1,disgust,1,disgust,0.9820277690887451
data/tess/audio/OAF_rough_disgust.wav,OAF_rough_disgust.wav,1,train,1,disgust,1,disgust,0.9808321595191956
data/tess/audio/OAF_rush_disgust.wav,OAF_rush_disgust.wav,1,train,1,disgust,1,disgust,0.979900062084198
data/tess/audio/OAF_said_disgust.wav,OAF_said_disgust.wav,1,train,1,disgust,1,disgust,0.9810529351234436
data/tess/audio/OAF_sail_disgust.wav,OAF_sail_disgust.wav,1,train,1,disgust,1,disgust,0.9820365309715271
data/tess/audio/OAF_search_disgust.wav,OAF_search_disgust.wav,1,train,1,disgust,1,disgust,0.9819421172142029
data/tess/audio/OAF_seize_disgust.wav,OAF_seize_disgust.wav,1,train,1,disgust,1,disgust,0.9818846583366394
data/tess/audio/OAF_sell_disgust.wav,OAF_sell_disgust.wav,1,train,1,disgust,1,disgust,0.9821474552154541
data/tess/audio/OAF_shall_disgust.wav,OAF_shall_disgust.wav,1,train,1,disgust,1,disgust,0.9820806980133057
data/tess/audio/OAF_sheep_disgust.wav,OAF_sheep_disgust.wav,1,train,1,disgust,1,disgust,0.9820220470428467
data/tess/audio/OAF_shirt_disgust.wav,OAF_shirt_disgust.wav,1,train,1,disgust,1,disgust,0.9819945693016052
data/tess/audio/OAF_should_disgust.wav,OAF_should_disgust.wav,1,train,1,disgust,1,disgust,0.9814870357513428
data/tess/audio/OAF_shout_disgust.wav,OAF_shout_disgust.wav,1,train,1,disgust,1,disgust,0.981967568397522
data/tess/audio/OAF_size_disgust.wav,OAF_size_disgust.wav,1,train,1,disgust,1,disgust,0.9817427396774292
data/tess/audio/OAF_soup_disgust.wav,OAF_soup_disgust.wav,1,train,1,disgust,1,disgust,0.9818781018257141
data/tess/audio/OAF_sour_disgust.wav,OAF_sour_disgust.wav,1,train,1,disgust,1,disgust,0.9798348546028137
data/tess/audio/OAF_sub_disgust.wav,OAF_sub_disgust.wav,1,train,1,disgust,1,disgust,0.9822132587432861
data/tess/audio/OAF_such_disgust.wav,OAF_such_disgust.wav,1,train,1,disgust,1,disgust,0.9821235537528992
data/tess/audio/OAF_sure_disgust.wav,OAF_sure_disgust.wav,1,train,1,disgust,1,disgust,0.981268584728241
data/tess/audio/OAF_take_disgust.wav,OAF_take_disgust.wav,1,train,1,disgust,1,disgust,0.9819445610046387
data/tess/audio/OAF_talk_disgust.wav,OAF_talk_disgust.wav,1,train,1,disgust,1,disgust,0.9821765422821045
data/tess/audio/OAF_tape_disgust.wav,OAF_tape_disgust.wav,1,train,1,disgust,1,disgust,0.9821114540100098
data/tess/audio/OAF_tell_disgust.wav,OAF_tell_disgust.wav,1,train,1,disgust,1,disgust,0.9819236397743225
data/tess/audio/OAF_thin_disgust.wav,OAF_thin_disgust.wav,1,train,1,disgust,1,disgust,0.9817880392074585
data/tess/audio/OAF_third_disgust.wav,OAF_third_disgust.wav,1,train,1,disgust,1,disgust,0.9808050394058228
data/tess/audio/OAF_thumb_disgust.wav,OAF_thumb_disgust.wav,1,train,1,disgust,1,disgust,0.9814577698707581
data/tess/audio/OAF_time_disgust.wav,OAF_time_disgust.wav,1,train,1,disgust,1,disgust,0.981879711151123
data/tess/audio/OAF_tip_disgust.wav,OAF_tip_disgust.wav,1,train,1,disgust,1,disgust,0.9818434119224548
data/tess/audio/OAF_tool_disgust.wav,OAF_tool_disgust.wav,1,train,1,disgust,1,disgust,0.9810495972633362
data/tess/audio/OAF_void_disgust.wav,OAF_void_disgust.wav,1,train,1,disgust,1,disgust,0.9820361733436584
data/tess/audio/OAF_wag_disgust.wav,OAF_wag_disgust.wav,1,train,1,disgust,1,disgust,0.9816480875015259
data/tess/audio/OAF_wash_disgust.wav,OAF_wash_disgust.wav,1,train,1,disgust,1,disgust,0.9812591671943665
data/tess/audio/OAF_week_disgust.wav,OAF_week_disgust.wav,1,train,1,disgust,1,disgust,0.9813534021377563
data/tess/audio/OAF_when_disgust.wav,OAF_when_disgust.wav,1,train,1,disgust,1,disgust,0.9815244078636169
data/tess/audio/OAF_which_disgust.wav,OAF_which_disgust.wav,1,train,1,disgust,1,disgust,0.9816564917564392
data/tess/audio/OAF_whip_disgust.wav,OAF_whip_disgust.wav,1,train,1,disgust,1,disgust,0.9816635847091675
data/tess/audio/OAF_wire_disgust.wav,OAF_wire_disgust.wav,1,train,1,disgust,1,disgust,0.9822013974189758
data/tess/audio/OAF_witch_disgust.wav,OAF_witch_disgust.wav,1,train,1,disgust,1,disgust,0.9817017316818237
data/tess/audio/OAF_yes_disgust.wav,OAF_yes_disgust.wav,1,train,1,disgust,1,disgust,0.9803840517997742
data/tess/audio/OAF_young_disgust.wav,OAF_young_disgust.wav,1,train,1,disgust,1,disgust,0.9815070629119873
data/tess/audio/OAF_back_happy.wav,OAF_back_happy.wav,1,train,3,happy,3,happy,0.971032977104187
data/tess/audio/OAF_base_happy.wav,OAF_base_happy.wav,1,train,3,happy,3,happy,0.9770647287368774
data/tess/audio/OAF_bath_happy.wav,OAF_bath_happy.wav,1,train,3,happy,3,happy,0.975257396697998
data/tess/audio/OAF_bean_happy.wav,OAF_bean_happy.wav,1,train,3,happy,3,happy,0.9757083058357239
data/tess/audio/OAF_beg_happy.wav,OAF_beg_happy.wav,1,train,3,happy,3,happy,0.9781758189201355
data/tess/audio/OAF_bite_happy.wav,OAF_bite_happy.wav,1,train,3,happy,3,happy,0.9779321551322937
data/tess/audio/OAF_book_happy.wav,OAF_book_happy.wav,1,train,3,happy,3,happy,0.9774881601333618
data/tess/audio/OAF_bought_happy.wav,OAF_bought_happy.wav,1,train,3,happy,3,happy,0.9781292080879211
data/tess/audio/OAF_burn_happy.wav,OAF_burn_happy.wav,1,train,3,happy,3,happy,0.9755433201789856
data/tess/audio/OAF_cab_happy.wav,OAF_cab_happy.wav,1,train,3,happy,3,happy,0.9779767394065857
data/tess/audio/OAF_cause_happy.wav,OAF_cause_happy.wav,1,train,3,happy,3,happy,0.9765086770057678
data/tess/audio/OAF_chain_happy.wav,OAF_chain_happy.wav,1,train,3,happy,3,happy,0.8346546292304993
data/tess/audio/OAF_chalk_happy.wav,OAF_chalk_happy.wav,1,train,3,happy,3,happy,0.9778990745544434
data/tess/audio/OAF_chat_happy.wav,OAF_chat_happy.wav,1,train,3,happy,3,happy,0.9774061441421509
data/tess/audio/OAF_chief_happy.wav,OAF_chief_happy.wav,1,train,3,happy,3,happy,0.9769495129585266
data/tess/audio/OAF_choice_happy.wav,OAF_choice_happy.wav,1,train,3,happy,3,happy,0.9753803014755249
data/tess/audio/OAF_cool_happy.wav,OAF_cool_happy.wav,1,train,3,happy,3,happy,0.9778410792350769
data/tess/audio/OAF_dab_happy.wav,OAF_dab_happy.wav,1,train,3,happy,3,happy,0.9735543727874756
data/tess/audio/OAF_date_happy.wav,OAF_date_happy.wav,1,train,3,happy,3,happy,0.9780166149139404
data/tess/audio/OAF_dead_happy.wav,OAF_dead_happy.wav,1,train,3,happy,3,happy,0.977479875087738
data/tess/audio/OAF_death_happy.wav,OAF_death_happy.wav,1,train,3,happy,3,happy,0.9762617349624634
data/tess/audio/OAF_deep_happy.wav,OAF_deep_happy.wav,1,train,3,happy,3,happy,0.9743003249168396
data/tess/audio/OAF_dime_happy.wav,OAF_dime_happy.wav,1,train,3,happy,3,happy,0.9781660437583923
data/tess/audio/OAF_dip_happy.wav,OAF_dip_happy.wav,1,train,3,happy,3,happy,0.976396381855011
data/tess/audio/OAF_ditch_happy.wav,OAF_ditch_happy.wav,1,train,3,happy,3,happy,0.9778509736061096
data/tess/audio/OAF_dodge_happy.wav,OAF_dodge_happy.wav,1,train,3,happy,3,happy,0.9777826070785522
data/tess/audio/OAF_doll_happy.wav,OAF_doll_happy.wav,1,train,3,happy,3,happy,0.9772011041641235
data/tess/audio/OAF_door_happy.wav,OAF_door_happy.wav,1,train,3,happy,3,happy,0.9745966792106628
data/tess/audio/OAF_fall_happy.wav,OAF_fall_happy.wav,1,train,3,happy,3,happy,0.9694914221763611
data/tess/audio/OAF_far_happy.wav,OAF_far_happy.wav,1,train,3,happy,3,happy,0.9779988527297974
data/tess/audio/OAF_fat_happy.wav,OAF_fat_happy.wav,1,train,3,happy,3,happy,0.9774355292320251
data/tess/audio/OAF_fit_happy.wav,OAF_fit_happy.wav,1,train,3,happy,3,happy,0.9753387570381165
data/tess/audio/OAF_five_happy.wav,OAF_five_happy.wav,1,train,3,happy,3,happy,0.9773911237716675
data/tess/audio/OAF_food_happy.wav,OAF_food_happy.wav,1,train,3,happy,3,happy,0.9768223166465759
data/tess/audio/OAF_gap_happy.wav,OAF_gap_happy.wav,1,train,3,happy,3,happy,0.9781264662742615
data/tess/audio/OAF_gas_happy.wav,OAF_gas_happy.wav,1,train,3,happy,3,happy,0.9774280190467834
data/tess/audio/OAF_gaze_happy.wav,OAF_gaze_happy.wav,1,train,3,happy,3,happy,0.97756427526474
data/tess/audio/OAF_germ_happy.wav,OAF_germ_happy.wav,1,train,3,happy,3,happy,0.9782261252403259
data/tess/audio/OAF_good_happy.wav,OAF_good_happy.wav,1,train,3,happy,3,happy,0.9756615161895752
data/tess/audio/OAF_gun_happy.wav,OAF_gun_happy.wav,1,train,3,happy,3,happy,0.9775875210762024
data/tess/audio/OAF_hall_happy.wav,OAF_hall_happy.wav,1,train,3,happy,3,happy,0.9777581691741943
data/tess/audio/OAF_hash_happy.wav,OAF_hash_happy.wav,1,train,3,happy,3,happy,0.9782533049583435
data/tess/audio/OAF_hire_happy.wav,OAF_hire_happy.wav,1,train,3,happy,3,happy,0.9764465093612671
data/tess/audio/OAF_hit_happy.wav,OAF_hit_happy.wav,1,train,3,happy,3,happy,0.9773001670837402
data/tess/audio/OAF_hole_happy.wav,OAF_hole_happy.wav,1,train,3,happy,3,happy,0.9780551791191101
data/tess/audio/OAF_hurl_happy.wav,OAF_hurl_happy.wav,1,train,3,happy,3,happy,0.9787406325340271
data/tess/audio/OAF_hush_happy.wav,OAF_hush_happy.wav,1,train,3,happy,3,happy,0.9779459238052368
data/tess/audio/OAF_jail_happy.wav,OAF_jail_happy.wav,1,train,3,happy,3,happy,0.9779579043388367
data/tess/audio/OAF_jar_happy.wav,OAF_jar_happy.wav,1,train,3,happy,3,happy,0.9770633578300476
data/tess/audio/OAF_join_happy.wav,OAF_join_happy.wav,1,train,3,happy,3,happy,0.9771655797958374
data/tess/audio/OAF_judge_happy.wav,OAF_judge_happy.wav,1,train,3,happy,3,happy,0.9736018180847168
data/tess/audio/OAF_jug_happy.wav,OAF_jug_happy.wav,1,train,3,happy,3,happy,0.977423906326294
data/tess/audio/OAF_keep_happy.wav,OAF_keep_happy.wav,1,train,3,happy,3,happy,0.9772844314575195
data/tess/audio/OAF_kick_happy.wav,OAF_kick_happy.wav,1,train,3,happy,3,happy,0.9759166836738586
data/tess/audio/OAF_kill_happy.wav,OAF_kill_happy.wav,1,train,3,happy,3,happy,0.9769648313522339
data/tess/audio/OAF_king_happy.wav,OAF_king_happy.wav,1,train,3,happy,3,happy,0.9763078689575195
data/tess/audio/OAF_kite_happy.wav,OAF_kite_happy.wav,1,train,3,happy,3,happy,0.9666709303855896
data/tess/audio/OAF_knock_happy.wav,OAF_knock_happy.wav,1,train,3,happy,3,happy,0.9741898775100708
data/tess/audio/OAF_laud_happy.wav,OAF_laud_happy.wav,1,train,3,happy,3,happy,0.9778995513916016
data/tess/audio/OAF_lean_happy.wav,OAF_lean_happy.wav,1,train,3,happy,3,happy,0.9779174327850342
data/tess/audio/OAF_lease_happy.wav,OAF_lease_happy.wav,1,train,3,happy,3,happy,0.9761882424354553
data/tess/audio/OAF_lid_happy.wav,OAF_lid_happy.wav,1,train,3,happy,3,happy,0.9764106869697571
data/tess/audio/OAF_life_happy.wav,OAF_life_happy.wav,1,train,3,happy,3,happy,0.9776056408882141
data/tess/audio/OAF_long_happy.wav,OAF_long_happy.wav,1,train,3,happy,3,happy,0.9776585102081299
data/tess/audio/OAF_lot_happy.wav,OAF_lot_happy.wav,1,train,3,happy,3,happy,0.9756891131401062
data/tess/audio/OAF_love_happy.wav,OAF_love_happy.wav,1,train,3,happy,3,happy,0.9777282476425171
data/tess/audio/OAF_luck_happy.wav,OAF_luck_happy.wav,1,train,3,happy,3,happy,0.9778818488121033
data/tess/audio/OAF_make_happy.wav,OAF_make_happy.wav,1,train,3,happy,3,happy,0.9777169227600098
data/tess/audio/OAF_match_happy.wav,OAF_match_happy.wav,1,train,3,happy,3,happy,0.977837085723877
data/tess/audio/OAF_merge_happy.wav,OAF_merge_happy.wav,1,train,3,happy,3,happy,0.9783797264099121
data/tess/audio/OAF_met_happy.wav,OAF_met_happy.wav,1,train,3,happy,3,happy,0.9770299196243286
data/tess/audio/OAF_mill_happy.wav,OAF_mill_happy.wav,1,train,3,happy,3,happy,0.9779589176177979
data/tess/audio/OAF_mood_happy.wav,OAF_mood_happy.wav,1,train,3,happy,3,happy,0.9752553105354309
data/tess/audio/OAF_moon_happy.wav,OAF_moon_happy.wav,1,train,3,happy,3,happy,0.9776130318641663
data/tess/audio/OAF_nag_happy.wav,OAF_nag_happy.wav,1,train,3,happy,3,happy,0.9423488974571228
data/tess/audio/OAF_name_happy.wav,OAF_name_happy.wav,1,train,3,happy,3,happy,0.9775756597518921
data/tess/audio/OAF_neat_happy.wav,OAF_neat_happy.wav,1,train,3,happy,3,happy,0.9783405661582947
data/tess/audio/OAF_nice_happy.wav,OAF_nice_happy.wav,1,train,3,happy,3,happy,0.9769291281700134
data/tess/audio/OAF_note_happy.wav,OAF_note_happy.wav,1,train,3,happy,3,happy,0.9779766201972961
data/tess/audio/OAF_numb_happy.wav,OAF_numb_happy.wav,1,train,3,happy,3,happy,0.9777573943138123
data/tess/audio/OAF_pad_happy.wav,OAF_pad_happy.wav,1,train,3,happy,3,happy,0.9769880771636963
data/tess/audio/OAF_pain_happy.wav,OAF_pain_happy.wav,1,train,3,happy,3,happy,0.9765307307243347
data/tess/audio/OAF_pass_happy.wav,OAF_pass_happy.wav,1,train,3,happy,3,happy,0.9780071377754211
data/tess/audio/OAF_pearl_happy.wav,OAF_pearl_happy.wav,1,train,3,happy,3,happy,0.9781838059425354
data/tess/audio/OAF_peg_happy.wav,OAF_peg_happy.wav,1,train,3,happy,3,happy,0.9773595929145813
data/tess/audio/OAF_phone_happy.wav,OAF_phone_happy.wav,1,train,3,happy,3,happy,0.97774738073349
data/tess/audio/OAF_pick_happy.wav,OAF_pick_happy.wav,1,train,3,happy,3,happy,0.9776392579078674
data/tess/audio/OAF_pike_happy.wav,OAF_pike_happy.wav,1,train,3,happy,3,happy,0.9772920608520508
data/tess/audio/OAF_pole_happy.wav,OAF_pole_happy.wav,1,train,3,happy,3,happy,0.9781594276428223
data/tess/audio/OAF_pool_happy.wav,OAF_pool_happy.wav,1,train,3,happy,3,happy,0.9760668277740479
data/tess/audio/OAF_puff_happy.wav,OAF_puff_happy.wav,1,train,3,happy,3,happy,0.977222740650177
data/tess/audio/OAF_rag_happy.wav,OAF_rag_happy.wav,1,train,3,happy,3,happy,0.977167546749115
data/tess/audio/OAF_rat_happy.wav,OAF_rat_happy.wav,1,train,3,happy,3,happy,0.9774200916290283
data/tess/audio/OAF_reach_happy.wav,OAF_reach_happy.wav,1,train,3,happy,3,happy,0.9778316020965576
data/tess/audio/OAF_red_happy.wav,OAF_red_happy.wav,1,train,3,happy,3,happy,0.9757639765739441
data/tess/audio/OAF_ring_happy.wav,OAF_ring_happy.wav,1,train,3,happy,3,happy,0.9776780605316162
data/tess/audio/OAF_ripe_happy.wav,OAF_ripe_happy.wav,1,train,3,happy,3,happy,0.9780374765396118
data/tess/audio/OAF_road_happy.wav,OAF_road_happy.wav,1,train,3,happy,3,happy,0.977848470211029
data/tess/audio/OAF_room_happy.wav,OAF_room_happy.wav,1,train,3,happy,3,happy,0.9779685139656067
data/tess/audio/OAF_rose_happy.wav,OAF_rose_happy.wav,1,train,3,happy,3,happy,0.9757487773895264
data/tess/audio/OAF_rot_happy.wav,OAF_rot_happy.wav,1,train,3,happy,3,happy,0.976978063583374
data/tess/audio/OAF_rough_happy.wav,OAF_rough_happy.wav,1,train,3,happy,3,happy,0.9775329232215881
data/tess/audio/OAF_rush_happy.wav,OAF_rush_happy.wav,1,train,3,happy,3,happy,0.9777829051017761
data/tess/audio/OAF_said_happy.wav,OAF_said_happy.wav,1,train,3,happy,3,happy,0.9772815704345703
data/tess/audio/OAF_sail_happy.wav,OAF_sail_happy.wav,1,train,3,happy,3,happy,0.9774773716926575
data/tess/audio/OAF_search_happy.wav,OAF_search_happy.wav,1,train,3,happy,3,happy,0.9755545258522034
data/tess/audio/OAF_seize_happy.wav,OAF_seize_happy.wav,1,train,3,happy,3,happy,0.9780800342559814
data/tess/audio/OAF_sell_happy.wav,OAF_sell_happy.wav,1,train,3,happy,3,happy,0.9777765274047852
data/tess/audio/OAF_shall_happy.wav,OAF_shall_happy.wav,1,train,3,happy,3,happy,0.9778195023536682
data/tess/audio/OAF_sheep_happy.wav,OAF_sheep_happy.wav,1,train,3,happy,3,happy,0.9779475331306458
data/tess/audio/OAF_shirt_happy.wav,OAF_shirt_happy.wav,1,train,3,happy,3,happy,0.9779409170150757
data/tess/audio/OAF_should_happy.wav,OAF_should_happy.wav,1,train,3,happy,3,happy,0.9778192639350891
data/tess/audio/OAF_shout_happy.wav,OAF_shout_happy.wav,1,train,3,happy,3,happy,0.9777734875679016
data/tess/audio/OAF_size_happy.wav,OAF_size_happy.wav,1,train,3,happy,3,happy,0.9771857261657715
data/tess/audio/OAF_soup_happy.wav,OAF_soup_happy.wav,1,train,3,happy,3,happy,0.9780108332633972
data/tess/audio/OAF_sour_happy.wav,OAF_sour_happy.wav,1,train,3,happy,3,happy,0.9779354333877563
data/tess/audio/OAF_sub_happy.wav,OAF_sub_happy.wav,1,train,3,happy,3,happy,0.9779869914054871
data/tess/audio/OAF_such_happy.wav,OAF_such_happy.wav,1,train,3,happy,3,happy,0.9540294408798218
data/tess/audio/OAF_sure_happy.wav,OAF_sure_happy.wav,1,train,3,happy,3,happy,0.9779616594314575
data/tess/audio/OAF_take_happy.wav,OAF_take_happy.wav,1,train,3,happy,3,happy,0.9779078364372253
data/tess/audio/OAF_talk_happy.wav,OAF_talk_happy.wav,1,train,3,happy,3,happy,0.9712796211242676
data/tess/audio/OAF_tape_happy.wav,OAF_tape_happy.wav,1,train,3,happy,3,happy,0.9776179194450378
data/tess/audio/OAF_tell_happy.wav,OAF_tell_happy.wav,1,train,3,happy,3,happy,0.9777277708053589
data/tess/audio/OAF_thin_happy.wav,OAF_thin_happy.wav,1,train,3,happy,3,happy,0.9743684530258179
data/tess/audio/OAF_third_happy.wav,OAF_third_happy.wav,1,train,3,happy,3,happy,0.9735392332077026
data/tess/audio/OAF_thumb_happy.wav,OAF_thumb_happy.wav,1,train,3,happy,3,happy,0.9746752977371216
data/tess/audio/OAF_time_happy.wav,OAF_time_happy.wav,1,train,3,happy,3,happy,0.977588415145874
data/tess/audio/OAF_tip_happy.wav,OAF_tip_happy.wav,1,train,3,happy,3,happy,0.977568507194519
data/tess/audio/OAF_tool_happy.wav,OAF_tool_happy.wav,1,train,3,happy,3,happy,0.977233350276947
data/tess/audio/OAF_void_happy.wav,OAF_void_happy.wav,1,train,3,happy,3,happy,0.9779862761497498
data/tess/audio/OAF_wag_happy.wav,OAF_wag_happy.wav,1,train,3,happy,3,happy,0.9775218963623047
data/tess/audio/OAF_wash_happy.wav,OAF_wash_happy.wav,1,train,3,happy,3,happy,0.9780844449996948
data/tess/audio/OAF_week_happy.wav,OAF_week_happy.wav,1,train,3,happy,3,happy,0.9770302772521973
data/tess/audio/OAF_when_happy.wav,OAF_when_happy.wav,1,train,3,happy,3,happy,0.9779561758041382
data/tess/audio/OAF_which_happy.wav,OAF_which_happy.wav,1,train,3,happy,3,happy,0.9775218963623047
data/tess/audio/OAF_whip_happy.wav,OAF_whip_happy.wav,1,train,3,happy,3,happy,0.9769623279571533
data/tess/audio/OAF_wire_happy.wav,OAF_wire_happy.wav,1,train,3,happy,3,happy,0.9780305624008179
data/tess/audio/OAF_witch_happy.wav,OAF_witch_happy.wav,1,train,3,happy,3,happy,0.9775645136833191
data/tess/audio/OAF_yes_happy.wav,OAF_yes_happy.wav,1,train,3,happy,3,happy,0.9777708649635315
data/tess/audio/OAF_young_happy.wav,OAF_young_happy.wav,1,train,3,happy,3,happy,0.9779415130615234
data/tess/audio/OAF_back_neutral.wav,OAF_back_neutral.wav,1,train,4,neutral,4,neutral,0.9780349731445312
data/tess/audio/OAF_base_neutral.wav,OAF_base_neutral.wav,1,train,4,neutral,4,neutral,0.9781873226165771
data/tess/audio/OAF_bath_neutral.wav,OAF_bath_neutral.wav,1,train,4,neutral,4,neutral,0.9781846404075623
data/tess/audio/OAF_bean_neutral.wav,OAF_bean_neutral.wav,1,train,4,neutral,4,neutral,0.9784049391746521
data/tess/audio/OAF_beg_neutral.wav,OAF_beg_neutral.wav,1,train,4,neutral,4,neutral,0.9778434634208679
data/tess/audio/OAF_book_neutral.wav,OAF_book_neutral.wav,1,train,4,neutral,4,neutral,0.9778622388839722
data/tess/audio/OAF_bought_neutral.wav,OAF_bought_neutral.wav,1,train,4,neutral,4,neutral,0.9779886603355408
data/tess/audio/OAF_burn_neutral.wav,OAF_burn_neutral.wav,1,train,4,neutral,4,neutral,0.9761412143707275
data/tess/audio/OAF_cab_neutral.wav,OAF_cab_neutral.wav,1,train,4,neutral,4,neutral,0.9782698154449463
data/tess/audio/OAF_cause_neutral.wav,OAF_cause_neutral.wav,1,train,4,neutral,4,neutral,0.978011965751648
data/tess/audio/OAF_chain_neutral.wav,OAF_chain_neutral.wav,1,train,4,neutral,4,neutral,0.978225588798523
data/tess/audio/OAF_chalk_neutral.wav,OAF_chalk_neutral.wav,1,train,4,neutral,4,neutral,0.9781866669654846
data/tess/audio/OAF_chat_neutral.wav,OAF_chat_neutral.wav,1,train,4,neutral,4,neutral,0.9780572056770325
data/tess/audio/OAF_chief_neutral.wav,OAF_chief_neutral.wav,1,train,4,neutral,4,neutral,0.9763708114624023
data/tess/audio/OAF_choice_neutral.wav,OAF_choice_neutral.wav,1,train,4,neutral,4,neutral,0.9782748222351074
data/tess/audio/OAF_cool_neutral.wav,OAF_cool_neutral.wav,1,train,4,neutral,4,neutral,0.9781845211982727
data/tess/audio/OAF_dab_neutral.wav,OAF_dab_neutral.wav,1,train,4,neutral,4,neutral,0.9778373837471008
data/tess/audio/OAF_date_neutral.wav,OAF_date_neutral.wav,1,train,4,neutral,4,neutral,0.9781800508499146
data/tess/audio/OAF_dead_neutral.wav,OAF_dead_neutral.wav,1,train,4,neutral,4,neutral,0.9781488180160522
data/tess/audio/OAF_death_neutral.wav,OAF_death_neutral.wav,1,train,4,neutral,4,neutral,0.9782792925834656
data/tess/audio/OAF_deep_neutral.wav,OAF_deep_neutral.wav,1,train,4,neutral,4,neutral,0.9782274961471558
data/tess/audio/OAF_dime_neutral.wav,OAF_dime_neutral.wav,1,train,4,neutral,4,neutral,0.9780383110046387
data/tess/audio/OAF_dip_neutral.wav,OAF_dip_neutral.wav,1,train,4,neutral,4,neutral,0.9782222509384155
data/tess/audio/OAF_ditch_neutral.wav,OAF_ditch_neutral.wav,1,train,4,neutral,4,neutral,0.9781860709190369
data/tess/audio/OAF_dodge_neutral.wav,OAF_dodge_neutral.wav,1,train,4,neutral,4,neutral,0.9779062867164612
data/tess/audio/OAF_doll_neutral.wav,OAF_doll_neutral.wav,1,train,4,neutral,4,neutral,0.9781697988510132
data/tess/audio/OAF_door_neutral.wav,OAF_door_neutral.wav,1,train,4,neutral,4,neutral,0.9781591892242432
data/tess/audio/OAF_fall_neutral.wav,OAF_fall_neutral.wav,1,train,4,neutral,4,neutral,0.9778227210044861
data/tess/audio/OAF_far_neutral.wav,OAF_far_neutral.wav,1,train,4,neutral,4,neutral,0.9780980348587036
data/tess/audio/OAF_fat_neutral.wav,OAF_fat_neutral.wav,1,train,4,neutral,4,neutral,0.9772531390190125
data/tess/audio/OAF_fit_neutral.wav,OAF_fit_neutral.wav,1,train,4,neutral,4,neutral,0.9781585931777954
data/tess/audio/OAF_five_neutral.wav,OAF_five_neutral.wav,1,train,4,neutral,4,neutral,0.9780703186988831
data/tess/audio/OAF_food_neutral.wav,OAF_food_neutral.wav,1,train,4,neutral,4,neutral,0.9780394434928894
data/tess/audio/OAF_gap_neutral.wav,OAF_gap_neutral.wav,1,train,4,neutral,4,neutral,0.9779506325721741
data/tess/audio/OAF_gas_neutral.wav,OAF_gas_neutral.wav,1,train,4,neutral,4,neutral,0.9778843522071838
data/tess/audio/OAF_gaze_neutral.wav,OAF_gaze_neutral.wav,1,train,4,neutral,4,neutral,0.9777752757072449
data/tess/audio/OAF_germ_neutral.wav,OAF_germ_neutral.wav,1,train,4,neutral,4,neutral,0.978156566619873
data/tess/audio/OAF_good_neutral.wav,OAF_good_neutral.wav,1,train,4,neutral,4,neutral,0.9781301021575928
data/tess/audio/OAF_gun_neutral.wav,OAF_gun_neutral.wav,1,train,4,neutral,4,neutral,0.9779928922653198
data/tess/audio/OAF_hall_neutral.wav,OAF_hall_neutral.wav,1,train,4,neutral,4,neutral,0.9782083630561829
data/tess/audio/OAF_hash_neutral.wav,OAF_hash_neutral.wav,1,train,4,neutral,4,neutral,0.9777047634124756
data/tess/audio/OAF_hire_neutral.wav,OAF_hire_neutral.wav,1,train,4,neutral,4,neutral,0.9781880378723145
data/tess/audio/OAF_hit_neutral.wav,OAF_hit_neutral.wav,1,train,4,neutral,4,neutral,0.9781147241592407
data/tess/audio/OAF_hole_neutral.wav,OAF_hole_neutral.wav,1,train,4,neutral,4,neutral,0.9779019355773926
data/tess/audio/OAF_hurl_neutral.wav,OAF_hurl_neutral.wav,1,train,4,neutral,4,neutral,0.977739155292511
data/tess/audio/OAF_hush_neutral.wav,OAF_hush_neutral.wav,1,train,4,neutral,4,neutral,0.9768292307853699
data/tess/audio/OAF_jail_neutral.wav,OAF_jail_neutral.wav,1,train,4,neutral,4,neutral,0.9780218601226807
data/tess/audio/OAF_jar_neutral.wav,OAF_jar_neutral.wav,1,train,4,neutral,4,neutral,0.9780819416046143
data/tess/audio/OAF_join_neutral.wav,OAF_join_neutral.wav,1,train,4,neutral,4,neutral,0.9783112406730652
data/tess/audio/OAF_judge_neutral.wav,OAF_judge_neutral.wav,1,train,4,neutral,4,neutral,0.9781488180160522
data/tess/audio/OAF_jug_neutral.wav,OAF_jug_neutral.wav,1,train,4,neutral,4,neutral,0.977581262588501
data/tess/audio/OAF_keep_neutral.wav,OAF_keep_neutral.wav,1,train,4,neutral,4,neutral,0.9781402349472046
data/tess/audio/OAF_kick_neutral.wav,OAF_kick_neutral.wav,1,train,4,neutral,4,neutral,0.978127121925354
data/tess/audio/OAF_kill_neutral.wav,OAF_kill_neutral.wav,1,train,4,neutral,4,neutral,0.9781850576400757
data/tess/audio/OAF_king_neutral.wav,OAF_king_neutral.wav,1,train,4,neutral,4,neutral,0.9770845770835876
data/tess/audio/OAF_kite_neutral.wav,OAF_kite_neutral.wav,1,train,4,neutral,4,neutral,0.9780939221382141
data/tess/audio/OAF_knock_neutral.wav,OAF_knock_neutral.wav,1,train,4,neutral,4,neutral,0.9777483940124512
data/tess/audio/OAF_laud_neutral.wav,OAF_laud_neutral.wav,1,train,4,neutral,4,neutral,0.9780199527740479
data/tess/audio/OAF_lean_neutral.wav,OAF_lean_neutral.wav,1,train,4,neutral,4,neutral,0.9783782362937927
data/tess/audio/OAF_lease_neutral.wav,OAF_lease_neutral.wav,1,train,4,neutral,4,neutral,0.9782772660255432
data/tess/audio/OAF_lid_neutral.wav,OAF_lid_neutral.wav,1,train,4,neutral,4,neutral,0.978126585483551
data/tess/audio/OAF_life_neutral.wav,OAF_life_neutral.wav,1,train,4,neutral,4,neutral,0.9782260060310364
data/tess/audio/OAF_long_neutral.wav,OAF_long_neutral.wav,1,train,4,neutral,4,neutral,0.9782076478004456
data/tess/audio/OAF_lot_neutral.wav,OAF_lot_neutral.wav,1,train,4,neutral,4,neutral,0.978007972240448
data/tess/audio/OAF_love_neutral.wav,OAF_love_neutral.wav,1,train,4,neutral,4,neutral,0.9779686331748962
data/tess/audio/OAF_luck_neutral.wav,OAF_luck_neutral.wav,1,train,4,neutral,4,neutral,0.9777060151100159
data/tess/audio/OAF_make_neutral.wav,OAF_make_neutral.wav,1,train,4,neutral,4,neutral,0.9781820178031921
data/tess/audio/OAF_match_neutral.wav,OAF_match_neutral.wav,1,train,4,neutral,4,neutral,0.9779248237609863
data/tess/audio/OAF_merge_neutral.wav,OAF_merge_neutral.wav,1,train,4,neutral,4,neutral,0.9777098894119263
data/tess/audio/OAF_met_neutral.wav,OAF_met_neutral.wav,1,train,4,neutral,4,neutral,0.9781674146652222
data/tess/audio/OAF_mill_neutral.wav,OAF_mill_neutral.wav,1,train,4,neutral,4,neutral,0.9778916835784912
data/tess/audio/OAF_mood_neutral.wav,OAF_mood_neutral.wav,1,train,4,neutral,4,neutral,0.9782097935676575
data/tess/audio/OAF_moon_neutral.wav,OAF_moon_neutral.wav,1,train,4,neutral,4,neutral,0.9781153798103333
data/tess/audio/OAF_nag_neutral.wav,OAF_nag_neutral.wav,1,train,4,neutral,4,neutral,0.9781697988510132
data/tess/audio/OAF_name_neutral.wav,OAF_name_neutral.wav,1,train,4,neutral,4,neutral,0.9780963063240051
data/tess/audio/OAF_neat_neutral.wav,OAF_neat_neutral.wav,1,train,4,neutral,4,neutral,0.9780772924423218
data/tess/audio/OAF_nice_neutral.wav,OAF_nice_neutral.wav,1,train,4,neutral,4,neutral,0.9740673899650574
data/tess/audio/OAF_note_neutral.wav,OAF_note_neutral.wav,1,train,4,neutral,4,neutral,0.9779472947120667
data/tess/audio/OAF_numb_neutral.wav,OAF_numb_neutral.wav,1,train,4,neutral,4,neutral,0.9780162572860718
data/tess/audio/OAF_pad_neutral.wav,OAF_pad_neutral.wav,1,train,4,neutral,4,neutral,0.9779403209686279
data/tess/audio/OAF_pain_neutral.wav,OAF_pain_neutral.wav,1,train,4,neutral,4,neutral,0.9782538414001465
data/tess/audio/OAF_pass_neutral.wav,OAF_pass_neutral.wav,1,train,4,neutral,4,neutral,0.9778058528900146
data/tess/audio/OAF_pearl_neutral.wav,OAF_pearl_neutral.wav,1,train,4,neutral,4,neutral,0.9770844578742981
data/tess/audio/OAF_peg_neutral.wav,OAF_peg_neutral.wav,1,train,4,neutral,4,neutral,0.9778579473495483
data/tess/audio/OAF_phone_neutral.wav,OAF_phone_neutral.wav,1,train,4,neutral,4,neutral,0.9782230257987976
data/tess/audio/OAF_pick_neutral.wav,OAF_pick_neutral.wav,1,train,4,neutral,4,neutral,0.9780508279800415
data/tess/audio/OAF_pike_neutral.wav,OAF_pike_neutral.wav,1,train,4,neutral,4,neutral,0.9781472086906433
data/tess/audio/OAF_pole_neutral.wav,OAF_pole_neutral.wav,1,train,4,neutral,4,neutral,0.9780002236366272
data/tess/audio/OAF_pool_neutral.wav,OAF_pool_neutral.wav,1,train,4,neutral,4,neutral,0.978168785572052
data/tess/audio/OAF_puff_neutral.wav,OAF_puff_neutral.wav,1,train,4,neutral,4,neutral,0.9782251119613647
data/tess/audio/OAF_rag_neutral.wav,OAF_rag_neutral.wav,1,train,4,neutral,4,neutral,0.9730110168457031
data/tess/audio/OAF_rat_neutral.wav,OAF_rat_neutral.wav,1,train,4,neutral,4,neutral,0.9779561758041382
data/tess/audio/OAF_reach_neutral.wav,OAF_reach_neutral.wav,1,train,4,neutral,4,neutral,0.9755138158798218
data/tess/audio/OAF_red_neutral.wav,OAF_red_neutral.wav,1,train,4,neutral,4,neutral,0.9780265688896179
data/tess/audio/OAF_ring_neutral.wav,OAF_ring_neutral.wav,1,train,4,neutral,4,neutral,0.9779558777809143
data/tess/audio/OAF_ripe_neutral.wav,OAF_ripe_neutral.wav,1,train,4,neutral,4,neutral,0.9760487675666809
data/tess/audio/OAF_road_neutral.wav,OAF_road_neutral.wav,1,train,4,neutral,4,neutral,0.9781482219696045
data/tess/audio/OAF_room_neutral.wav,OAF_room_neutral.wav,1,train,4,neutral,4,neutral,0.9777707457542419
data/tess/audio/OAF_rose_neutral.wav,OAF_rose_neutral.wav,1,train,4,neutral,4,neutral,0.9781990051269531
data/tess/audio/OAF_rot_neutral.wav,OAF_rot_neutral.wav,1,train,4,neutral,4,neutral,0.97809237241745
data/tess/audio/OAF_rough_neutral.wav,OAF_rough_neutral.wav,1,train,4,neutral,4,neutral,0.9781044125556946
data/tess/audio/OAF_rush_neutral.wav,OAF_rush_neutral.wav,1,train,4,neutral,4,neutral,0.9781081080436707
data/tess/audio/OAF_said_neutral.wav,OAF_said_neutral.wav,1,train,4,neutral,4,neutral,0.9779558777809143
data/tess/audio/OAF_sail_neutral.wav,OAF_sail_neutral.wav,1,train,4,neutral,4,neutral,0.9781814217567444
data/tess/audio/OAF_search_neutral.wav,OAF_search_neutral.wav,1,train,4,neutral,4,neutral,0.9780262112617493
data/tess/audio/OAF_seize_neutral.wav,OAF_seize_neutral.wav,1,train,4,neutral,4,neutral,0.9781553149223328
data/tess/audio/OAF_sell_neutral.wav,OAF_sell_neutral.wav,1,train,4,neutral,4,neutral,0.9779708981513977
data/tess/audio/OAF_shall_neutral.wav,OAF_shall_neutral.wav,1,train,4,neutral,4,neutral,0.9779418110847473
data/tess/audio/OAF_sheep_neutral.wav,OAF_sheep_neutral.wav,1,train,4,neutral,4,neutral,0.9781854152679443
data/tess/audio/OAF_shirt_neutral.wav,OAF_shirt_neutral.wav,1,train,4,neutral,4,neutral,0.9780791401863098
data/tess/audio/OAF_should_neutral.wav,OAF_should_neutral.wav,1,train,4,neutral,4,neutral,0.9781866669654846
data/tess/audio/OAF_shout_neutral.wav,OAF_shout_neutral.wav,1,train,4,neutral,4,neutral,0.9778802394866943
data/tess/audio/OAF_size_neutral.wav,OAF_size_neutral.wav,1,train,4,neutral,4,neutral,0.9781714081764221
data/tess/audio/OAF_soup_neutral.wav,OAF_soup_neutral.wav,1,train,4,neutral,4,neutral,0.9779902696609497
data/tess/audio/OAF_sour_neutral.wav,OAF_sour_neutral.wav,1,train,4,neutral,4,neutral,0.9781447052955627
data/tess/audio/OAF_sub_neutral.wav,OAF_sub_neutral.wav,1,train,4,neutral,4,neutral,0.9781001210212708
data/tess/audio/OAF_such_neutral.wav,OAF_such_neutral.wav,1,train,4,neutral,4,neutral,0.978232741355896
data/tess/audio/OAF_sure_neutral.wav,OAF_sure_neutral.wav,1,train,4,neutral,4,neutral,0.9776226878166199
data/tess/audio/OAF_take_neutral.wav,OAF_take_neutral.wav,1,train,4,neutral,4,neutral,0.9781740307807922
data/tess/audio/OAF_talk_neutral.wav,OAF_talk_neutral.wav,1,train,4,neutral,4,neutral,0.9779214262962341
data/tess/audio/OAF_tape_neutral.wav,OAF_tape_neutral.wav,1,train,4,neutral,4,neutral,0.9780294895172119
data/tess/audio/OAF_tell_neutral.wav,OAF_tell_neutral.wav,1,train,4,neutral,4,neutral,0.9780731797218323
data/tess/audio/OAF_thin_neutral.wav,OAF_thin_neutral.wav,1,train,4,neutral,4,neutral,0.9781236052513123
data/tess/audio/OAF_third_neutral.wav,OAF_third_neutral.wav,1,train,4,neutral,4,neutral,0.9780275821685791
data/tess/audio/OAF_thumb_neutral.wav,OAF_thumb_neutral.wav,1,train,4,neutral,4,neutral,0.9777801632881165
data/tess/audio/OAF_time_neutral.wav,OAF_time_neutral.wav,1,train,4,neutral,4,neutral,0.9780054688453674
data/tess/audio/OAF_tip_neutral.wav,OAF_tip_neutral.wav,1,train,4,neutral,4,neutral,0.9782043695449829
data/tess/audio/OAF_tool_neutral.wav,OAF_tool_neutral.wav,1,train,4,neutral,4,neutral,0.9780527949333191
data/tess/audio/OAF_void_neutral.wav,OAF_void_neutral.wav,1,train,4,neutral,4,neutral,0.9781556129455566
data/tess/audio/OAF_wag_neutral.wav,OAF_wag_neutral.wav,1,train,4,neutral,4,neutral,0.9779786467552185
data/tess/audio/OAF_wash_neutral.wav,OAF_wash_neutral.wav,1,train,4,neutral,4,neutral,0.978127121925354
data/tess/audio/OAF_week_neutral.wav,OAF_week_neutral.wav,1,train,4,neutral,4,neutral,0.9781551957130432
data/tess/audio/OAF_when_neutral.wav,OAF_when_neutral.wav,1,train,4,neutral,4,neutral,0.9782529473304749
data/tess/audio/OAF_which_neutral.wav,OAF_which_neutral.wav,1,train,4,neutral,4,neutral,0.9781194925308228
data/tess/audio/OAF_whip_neutral.wav,OAF_whip_neutral.wav,1,train,4,neutral,4,neutral,0.9778605699539185
data/tess/audio/OAF_wire_neutral.wav,OAF_wire_neutral.wav,1,train,4,neutral,4,neutral,0.9782297611236572
data/tess/audio/OAF_witch_neutral.wav,OAF_witch_neutral.wav,1,train,4,neutral,4,neutral,0.9782227277755737
data/tess/audio/OAF_yes_neutral.wav,OAF_yes_neutral.wav,1,train,4,neutral,4,neutral,0.9781128764152527
data/tess/audio/OAF_young_neutral.wav,OAF_young_neutral.wav,1,train,4,neutral,4,neutral,0.9780844449996948
data/tess/audio/OAF_bite_neutral.wav,OAF_bite_neutral.wav,1,train,4,neutral,4,neutral,0.9781656861305237
data/tess/audio/YAF_back_angry.wav,YAF_back_angry.wav,2,train,0,angry,0,angry,0.9748989939689636
data/tess/audio/YAF_base_angry.wav,YAF_base_angry.wav,2,train,0,angry,0,angry,0.9725822806358337
data/tess/audio/YAF_bath_angry.wav,YAF_bath_angry.wav,2,train,0,angry,0,angry,0.9750267863273621
data/tess/audio/YAF_bean_angry.wav,YAF_bean_angry.wav,2,train,0,angry,0,angry,0.970887303352356
data/tess/audio/YAF_beg_angry.wav,YAF_beg_angry.wav,2,train,0,angry,0,angry,0.9738519787788391
data/tess/audio/YAF_bite_angry.wav,YAF_bite_angry.wav,2,train,0,angry,0,angry,0.9743850827217102
data/tess/audio/YAF_book_angry.wav,YAF_book_angry.wav,2,train,0,angry,0,angry,0.9753416180610657
data/tess/audio/YAF_bought_angry.wav,YAF_bought_angry.wav,2,train,0,angry,0,angry,0.9755175113677979
data/tess/audio/YAF_burn_angry.wav,YAF_burn_angry.wav,2,train,0,angry,0,angry,0.9751781225204468
data/tess/audio/YAF_cab_angry.wav,YAF_cab_angry.wav,2,train,0,angry,0,angry,0.9721081256866455
data/tess/audio/YAF_cause_angry.wav,YAF_cause_angry.wav,2,train,0,angry,0,angry,0.9729040265083313
data/tess/audio/YAF_chain_angry.wav,YAF_chain_angry.wav,2,train,0,angry,0,angry,0.9749795198440552
data/tess/audio/YAF_chalk_angry.wav,YAF_chalk_angry.wav,2,train,0,angry,0,angry,0.9747726917266846
data/tess/audio/YAF_chat_angry.wav,YAF_chat_angry.wav,2,train,0,angry,0,angry,0.9755582809448242
data/tess/audio/YAF_chief_angry.wav,YAF_chief_angry.wav,2,train,0,angry,0,angry,0.9744064807891846
data/tess/audio/YAF_choice_angry.wav,YAF_choice_angry.wav,2,train,0,angry,0,angry,0.965944766998291
data/tess/audio/YAF_cool_angry.wav,YAF_cool_angry.wav,2,train,0,angry,0,angry,0.9708396792411804
data/tess/audio/YAF_dab_angry.wav,YAF_dab_angry.wav,2,train,0,angry,0,angry,0.9737793803215027
data/tess/audio/YAF_date_angry.wav,YAF_date_angry.wav,2,train,0,angry,0,angry,0.9745978116989136
data/tess/audio/YAF_dead_angry.wav,YAF_dead_angry.wav,2,train,0,angry,0,angry,0.9728636145591736
data/tess/audio/YAF_death_angry.wav,YAF_death_angry.wav,2,train,0,angry,0,angry,0.9718989133834839
data/tess/audio/YAF_deep_angry.wav,YAF_deep_angry.wav,2,train,0,angry,0,angry,0.9739590287208557
data/tess/audio/YAF_dime_angry.wav,YAF_dime_angry.wav,2,train,0,angry,0,angry,0.9717329144477844
data/tess/audio/YAF_dip_angry.wav,YAF_dip_angry.wav,2,train,0,angry,0,angry,0.9745866060256958
data/tess/audio/YAF_ditch_angry.wav,YAF_ditch_angry.wav,2,train,0,angry,0,angry,0.973108172416687
data/tess/audio/YAF_dodge_angry.wav,YAF_dodge_angry.wav,2,train,0,angry,0,angry,0.9751183986663818
data/tess/audio/YAF_doll_angry.wav,YAF_doll_angry.wav,2,train,0,angry,0,angry,0.9752957820892334
data/tess/audio/YAF_door_angry.wav,YAF_door_angry.wav,2,train,0,angry,0,angry,0.9725658297538757
data/tess/audio/YAF_fall_angry.wav,YAF_fall_angry.wav,2,train,0,angry,0,angry,0.9749412536621094
data/tess/audio/YAF_far_angry.wav,YAF_far_angry.wav,2,train,0,angry,0,angry,0.9730514883995056
data/tess/audio/YAF_fat_angry.wav,YAF_fat_angry.wav,2,train,0,angry,0,angry,0.9722172021865845
data/tess/audio/YAF_fit_angry.wav,YAF_fit_angry.wav,2,train,0,angry,0,angry,0.9751837849617004
data/tess/audio/YAF_five_angry.wav,YAF_five_angry.wav,2,train,0,angry,0,angry,0.9665995240211487
data/tess/audio/YAF_food_angry.wav,YAF_food_angry.wav,2,train,0,angry,0,angry,0.9749875068664551
data/tess/audio/YAF_gap_angry.wav,YAF_gap_angry.wav,2,train,0,angry,0,angry,0.9714152812957764
data/tess/audio/YAF_gas_angry.wav,YAF_gas_angry.wav,2,train,0,angry,0,angry,0.9752891063690186
data/tess/audio/YAF_gaze_angry.wav,YAF_gaze_angry.wav,2,train,0,angry,0,angry,0.9733020663261414
data/tess/audio/YAF_germ_angry.wav,YAF_germ_angry.wav,2,train,0,angry,0,angry,0.9753209948539734
data/tess/audio/YAF_good_angry.wav,YAF_good_angry.wav,2,train,0,angry,0,angry,0.9747614860534668
data/tess/audio/YAF_gun_angry.wav,YAF_gun_angry.wav,2,train,0,angry,0,angry,0.9688519835472107
data/tess/audio/YAF_hall_angry.wav,YAF_hall_angry.wav,2,train,0,angry,0,angry,0.9754953980445862
data/tess/audio/YAF_hash_angry.wav,YAF_hash_angry.wav,2,train,0,angry,0,angry,0.9730663895606995
data/tess/audio/YAF_hire_angry.wav,YAF_hire_angry.wav,2,train,0,angry,0,angry,0.9710868000984192
data/tess/audio/YAF_hit_angry.wav,YAF_hit_angry.wav,2,train,0,angry,0,angry,0.9748262763023376
data/tess/audio/YAF_hole_angry.wav,YAF_hole_angry.wav,2,train,0,angry,0,angry,0.975393533706665
data/tess/audio/YAF_hurl_angry.wav,YAF_hurl_angry.wav,2,train,0,angry,0,angry,0.9752334356307983
data/tess/audio/YAF_hush_angry.wav,YAF_hush_angry.wav,2,train,0,angry,0,angry,0.9755082130432129
data/tess/audio/YAF_jail_angry.wav,YAF_jail_angry.wav,2,train,0,angry,0,angry,0.9673512578010559
data/tess/audio/YAF_jar_angry.wav,YAF_jar_angry.wav,2,train,0,angry,0,angry,0.9743881821632385
data/tess/audio/YAF_join_angry.wav,YAF_join_angry.wav,2,train,0,angry,0,angry,0.9744288921356201
data/tess/audio/YAF_judge_angry.wav,YAF_judge_angry.wav,2,train,0,angry,0,angry,0.9746133089065552
data/tess/audio/YAF_jug_angry.wav,YAF_jug_angry.wav,2,train,0,angry,0,angry,0.9752150774002075
data/tess/audio/YAF_keep_angry.wav,YAF_keep_angry.wav,2,train,0,angry,0,angry,0.9734824299812317
data/tess/audio/YAF_kick_angry.wav,YAF_kick_angry.wav,2,train,0,angry,0,angry,0.9719129800796509
data/tess/audio/YAF_kill_angry.wav,YAF_kill_angry.wav,2,train,0,angry,0,angry,0.9748681783676147
data/tess/audio/YAF_king_angry.wav,YAF_king_angry.wav,2,train,0,angry,0,angry,0.9699743986129761
data/tess/audio/YAF_kite_angry.wav,YAF_kite_angry.wav,2,train,0,angry,0,angry,0.9633633494377136
data/tess/audio/YAF_knock_angry.wav,YAF_knock_angry.wav,2,train,0,angry,0,angry,0.9735279679298401
data/tess/audio/YAF_laud_angry.wav,YAF_laud_angry.wav,2,train,0,angry,0,angry,0.9749007821083069
data/tess/audio/YAF_lean_angry.wav,YAF_lean_angry.wav,2,train,0,angry,0,angry,0.9748585224151611
data/tess/audio/YAF_lease_angry.wav,YAF_lease_angry.wav,2,train,0,angry,0,angry,0.9753934741020203
data/tess/audio/YAF_lid_angry.wav,YAF_lid_angry.wav,2,train,0,angry,0,angry,0.974380373954773
data/tess/audio/YAF_life_angry.wav,YAF_life_angry.wav,2,train,0,angry,0,angry,0.9745315909385681
data/tess/audio/YAF_long_angry.wav,YAF_long_angry.wav,2,train,0,angry,0,angry,0.9752426147460938
data/tess/audio/YAF_lot_angry.wav,YAF_lot_angry.wav,2,train,0,angry,0,angry,0.9755257368087769
data/tess/audio/YAF_love_angry.wav,YAF_love_angry.wav,2,train,0,angry,0,angry,0.9747009873390198
data/tess/audio/YAF_luck_angry.wav,YAF_luck_angry.wav,2,train,0,angry,0,angry,0.9731215834617615
data/tess/audio/YAF_make_angry.wav,YAF_make_angry.wav,2,train,0,angry,0,angry,0.975095808506012
data/tess/audio/YAF_match_angry.wav,YAF_match_angry.wav,2,train,0,angry,0,angry,0.974253237247467
data/tess/audio/YAF_merge_angry.wav,YAF_merge_angry.wav,2,train,0,angry,0,angry,0.973058819770813
data/tess/audio/YAF_met_angry.wav,YAF_met_angry.wav,2,train,0,angry,0,angry,0.9749085903167725
data/tess/audio/YAF_mill_angry.wav,YAF_mill_angry.wav,2,train,0,angry,0,angry,0.9751587510108948
data/tess/audio/YAF_mood_angry.wav,YAF_mood_angry.wav,2,train,0,angry,0,angry,0.9751357436180115
data/tess/audio/YAF_moon_angry.wav,YAF_moon_angry.wav,2,train,0,angry,0,angry,0.9748879671096802
data/tess/audio/YAF_nag_angry.wav,YAF_nag_angry.wav,2,train,0,angry,0,angry,0.9730673432350159
data/tess/audio/YAF_name_angry.wav,YAF_name_angry.wav,2,train,0,angry,0,angry,0.9738315343856812
data/tess/audio/YAF_neat_angry.wav,YAF_neat_angry.wav,2,train,0,angry,0,angry,0.9755885601043701
data/tess/audio/YAF_nice_angry.wav,YAF_nice_angry.wav,2,train,0,angry,0,angry,0.9741823077201843
data/tess/audio/YAF_note_angry.wav,YAF_note_angry.wav,2,train,0,angry,0,angry,0.9754331707954407
data/tess/audio/YAF_numb_angry.wav,YAF_numb_angry.wav,2,train,0,angry,0,angry,0.9727022051811218
data/tess/audio/YAF_pad_angry.wav,YAF_pad_angry.wav,2,train,0,angry,0,angry,0.9699882864952087
data/tess/audio/YAF_pain_angry.wav,YAF_pain_angry.wav,2,train,0,angry,0,angry,0.9728612303733826
data/tess/audio/YAF_pass_angry.wav,YAF_pass_angry.wav,2,train,0,angry,0,angry,0.9753631949424744
data/tess/audio/YAF_pearl_angry.wav,YAF_pearl_angry.wav,2,train,0,angry,0,angry,0.9739686846733093
data/tess/audio/YAF_peg_angry.wav,YAF_peg_angry.wav,2,train,0,angry,0,angry,0.9730300903320312
data/tess/audio/YAF_phone_angry.wav,YAF_phone_angry.wav,2,train,0,angry,0,angry,0.9750365614891052
data/tess/audio/YAF_pick_angry.wav,YAF_pick_angry.wav,2,train,0,angry,0,angry,0.9731121063232422
data/tess/audio/YAF_pike_angry.wav,YAF_pike_angry.wav,2,train,0,angry,0,angry,0.9726948738098145
data/tess/audio/YAF_pole_angry.wav,YAF_pole_angry.wav,2,train,0,angry,0,angry,0.9750270247459412
data/tess/audio/YAF_pool_angry.wav,YAF_pool_angry.wav,2,train,0,angry,0,angry,0.9753475189208984
data/tess/audio/YAF_puff_angry.wav,YAF_puff_angry.wav,2,train,0,angry,0,angry,0.9752364158630371
data/tess/audio/YAF_rag_angry.wav,YAF_rag_angry.wav,2,train,0,angry,0,angry,0.9748406410217285
data/tess/audio/YAF_rat_angry.wav,YAF_rat_angry.wav,2,train,0,angry,0,angry,0.9752112030982971
data/tess/audio/YAF_reach_angry.wav,YAF_reach_angry.wav,2,train,0,angry,0,angry,0.9752115607261658
data/tess/audio/YAF_red_angry.wav,YAF_red_angry.wav,2,train,0,angry,0,angry,0.9754899740219116
data/tess/audio/YAF_ring_angry.wav,YAF_ring_angry.wav,2,train,0,angry,0,angry,0.9746153354644775
data/tess/audio/YAF_ripe_angry.wav,YAF_ripe_angry.wav,2,train,0,angry,0,angry,0.9748185276985168
data/tess/audio/YAF_road_angry.wav,YAF_road_angry.wav,2,train,0,angry,0,angry,0.9750449657440186
data/tess/audio/YAF_room_angry.wav,YAF_room_angry.wav,2,train,0,angry,0,angry,0.974696695804596
data/tess/audio/YAF_rose_angry.wav,YAF_rose_angry.wav,2,train,0,angry,0,angry,0.9753615856170654
data/tess/audio/YAF_rot_angry.wav,YAF_rot_angry.wav,2,train,0,angry,0,angry,0.9747582674026489
data/tess/audio/YAF_rough_angry.wav,YAF_rough_angry.wav,2,train,0,angry,0,angry,0.9755721092224121
data/tess/audio/YAF_rush_angry.wav,YAF_rush_angry.wav,2,train,0,angry,0,angry,0.9745341539382935
data/tess/audio/YAF_said_angry.wav,YAF_said_angry.wav,2,train,0,angry,0,angry,0.9746164083480835
data/tess/audio/YAF_sail_angry.wav,YAF_sail_angry.wav,2,train,0,angry,0,angry,0.9745094180107117
data/tess/audio/YAF_search_angry.wav,YAF_search_angry.wav,2,train,0,angry,0,angry,0.9748361110687256
data/tess/audio/YAF_seize_angry.wav,YAF_seize_angry.wav,2,train,0,angry,0,angry,0.9749119877815247
data/tess/audio/YAF_sell_angry.wav,YAF_sell_angry.wav,2,train,0,angry,0,angry,0.9710074067115784
data/tess/audio/YAF_shall_angry.wav,YAF_shall_angry.wav,2,train,0,angry,0,angry,0.9734032154083252
data/tess/audio/YAF_sheep_angry.wav,YAF_sheep_angry.wav,2,train,0,angry,0,angry,0.9743542075157166
data/tess/audio/YAF_shirt_angry.wav,YAF_shirt_angry.wav,2,train,0,angry,0,angry,0.9750698804855347
data/tess/audio/YAF_should_angry.wav,YAF_should_angry.wav,2,train,0,angry,0,angry,0.9750831127166748
data/tess/audio/YAF_shout_angry.wav,YAF_shout_angry.wav,2,train,0,angry,0,angry,0.9713742136955261
data/tess/audio/YAF_size_angry.wav,YAF_size_angry.wav,2,train,0,angry,0,angry,0.974200427532196
data/tess/audio/YAF_soup_angry.wav,YAF_soup_angry.wav,2,train,0,angry,0,angry,0.9754541516304016
data/tess/audio/YAF_sour_angry.wav,YAF_sour_angry.wav,2,train,0,angry,0,angry,0.9741048216819763
data/tess/audio/YAF_sub_angry.wav,YAF_sub_angry.wav,2,train,0,angry,0,angry,0.9737284183502197
data/tess/audio/YAF_such_angry.wav,YAF_such_angry.wav,2,train,0,angry,0,angry,0.9754251837730408
data/tess/audio/YAF_sure_angry.wav,YAF_sure_angry.wav,2,train,0,angry,0,angry,0.9748592376708984
data/tess/audio/YAF_take_angry.wav,YAF_take_angry.wav,2,train,0,angry,0,angry,0.9749888181686401
data/tess/audio/YAF_talk_angry.wav,YAF_talk_angry.wav,2,train,0,angry,0,angry,0.9751967191696167
data/tess/audio/YAF_tape_angry.wav,YAF_tape_angry.wav,2,train,0,angry,0,angry,0.9750783443450928
data/tess/audio/YAF_tell_angry.wav,YAF_tell_angry.wav,2,train,0,angry,0,angry,0.9731584191322327
data/tess/audio/YAF_thin_angry.wav,YAF_thin_angry.wav,2,train,0,angry,0,angry,0.9744393229484558
data/tess/audio/YAF_third_angry.wav,YAF_third_angry.wav,2,train,0,angry,0,angry,0.9743019342422485
data/tess/audio/YAF_thumb_angry.wav,YAF_thumb_angry.wav,2,train,0,angry,0,angry,0.9752610921859741
data/tess/audio/YAF_time_angry.wav,YAF_time_angry.wav,2,train,0,angry,0,angry,0.9747639298439026
data/tess/audio/YAF_tip_angry.wav,YAF_tip_angry.wav,2,train,0,angry,0,angry,0.9750238656997681
data/tess/audio/YAF_tool_angry.wav,YAF_tool_angry.wav,2,train,0,angry,0,angry,0.9745792150497437
data/tess/audio/YAF_void_angry.wav,YAF_void_angry.wav,2,train,0,angry,0,angry,0.9752641916275024
data/tess/audio/YAF_wag_angry.wav,YAF_wag_angry.wav,2,train,0,angry,0,angry,0.9750086665153503
data/tess/audio/YAF_wash_angry.wav,YAF_wash_angry.wav,2,train,0,angry,0,angry,0.9755176305770874
data/tess/audio/YAF_week_angry.wav,YAF_week_angry.wav,2,train,0,angry,0,angry,0.9754709005355835
data/tess/audio/YAF_when_angry.wav,YAF_when_angry.wav,2,train,0,angry,0,angry,0.9751425385475159
data/tess/audio/YAF_which_angry.wav,YAF_which_angry.wav,2,train,0,angry,0,angry,0.9755468964576721
data/tess/audio/YAF_whip_angry.wav,YAF_whip_angry.wav,2,train,0,angry,0,angry,0.975329577922821
data/tess/audio/YAF_wire_angry.wav,YAF_wire_angry.wav,2,train,0,angry,0,angry,0.9754126071929932
data/tess/audio/YAF_witch_angry.wav,YAF_witch_angry.wav,2,train,0,angry,0,angry,0.9738929867744446
data/tess/audio/YAF_yes_angry.wav,YAF_yes_angry.wav,2,train,0,angry,0,angry,0.9752271175384521
data/tess/audio/YAF_young_angry.wav,YAF_young_angry.wav,2,train,0,angry,0,angry,0.974395751953125
data/tess/audio/YAF_back_disgust.wav,YAF_back_disgust.wav,2,train,1,disgust,1,disgust,0.9819886684417725
data/tess/audio/YAF_base_disgust.wav,YAF_base_disgust.wav,2,train,1,disgust,1,disgust,0.9815343618392944
data/tess/audio/YAF_bath_disgust.wav,YAF_bath_disgust.wav,2,train,1,disgust,1,disgust,0.9820147752761841
data/tess/audio/YAF_bean_disgust.wav,YAF_bean_disgust.wav,2,train,1,disgust,1,disgust,0.973120927810669
data/tess/audio/YAF_beg_disgust.wav,YAF_beg_disgust.wav,2,train,1,disgust,1,disgust,0.9814976453781128
data/tess/audio/YAF_bite_disgust.wav,YAF_bite_disgust.wav,2,train,1,disgust,1,disgust,0.982001006603241
data/tess/audio/YAF_book_disgust.wav,YAF_book_disgust.wav,2,train,1,disgust,1,disgust,0.9822956919670105
data/tess/audio/YAF_bought_disgust.wav,YAF_bought_disgust.wav,2,train,1,disgust,1,disgust,0.982211172580719
data/tess/audio/YAF_burn_disgust.wav,YAF_burn_disgust.wav,2,train,1,disgust,1,disgust,0.9811213612556458
data/tess/audio/YAF_cab_disgust.wav,YAF_cab_disgust.wav,2,train,1,disgust,1,disgust,0.9820165038108826
data/tess/audio/YAF_cause_disgust.wav,YAF_cause_disgust.wav,2,train,1,disgust,1,disgust,0.9821597933769226
data/tess/audio/YAF_chain_disgust.wav,YAF_chain_disgust.wav,2,train,1,disgust,1,disgust,0.9817412495613098
data/tess/audio/YAF_chalk_disgust.wav,YAF_chalk_disgust.wav,2,train,1,disgust,1,disgust,0.9807774424552917
data/tess/audio/YAF_chat_disgust.wav,YAF_chat_disgust.wav,2,train,1,disgust,1,disgust,0.9820859432220459
data/tess/audio/YAF_chief_disgust.wav,YAF_chief_disgust.wav,2,train,1,disgust,1,disgust,0.9821179509162903
data/tess/audio/YAF_choice_disgust.wav,YAF_choice_disgust.wav,2,train,1,disgust,1,disgust,0.9799195528030396
data/tess/audio/YAF_cool_disgust.wav,YAF_cool_disgust.wav,2,train,1,disgust,1,disgust,0.9813722372055054
data/tess/audio/YAF_dab_disgust.wav,YAF_dab_disgust.wav,2,train,1,disgust,1,disgust,0.982130229473114
data/tess/audio/YAF_date_disgust.wav,YAF_date_disgust.wav,2,train,1,disgust,1,disgust,0.9821610450744629
data/tess/audio/YAF_dead_disgust.wav,YAF_dead_disgust.wav,2,train,1,disgust,1,disgust,0.9817943572998047
data/tess/audio/YAF_death_disgust.wav,YAF_death_disgust.wav,2,train,1,disgust,1,disgust,0.9799260497093201
data/tess/audio/YAF_deep_disgust.wav,YAF_deep_disgust.wav,2,train,1,disgust,1,disgust,0.9816853404045105
data/tess/audio/YAF_dime_disgust.wav,YAF_dime_disgust.wav,2,train,1,disgust,1,disgust,0.9807461500167847
data/tess/audio/YAF_dip_disgust.wav,YAF_dip_disgust.wav,2,train,1,disgust,1,disgust,0.9806923270225525
data/tess/audio/YAF_ditch_disgust.wav,YAF_ditch_disgust.wav,2,train,1,disgust,1,disgust,0.9813328385353088
data/tess/audio/YAF_dodge_disgust.wav,YAF_dodge_disgust.wav,2,train,1,disgust,1,disgust,0.9824123978614807
data/tess/audio/YAF_doll_disgust.wav,YAF_doll_disgust.wav,2,train,1,disgust,1,disgust,0.9802826642990112
data/tess/audio/YAF_door_disgust.wav,YAF_door_disgust.wav,2,train,1,disgust,1,disgust,0.981160581111908
data/tess/audio/YAF_fall_disgust.wav,YAF_fall_disgust.wav,2,train,1,disgust,1,disgust,0.9813678860664368
data/tess/audio/YAF_far_disgust.wav,YAF_far_disgust.wav,2,train,1,disgust,1,disgust,0.9821968078613281
data/tess/audio/YAF_fat_disgust.wav,YAF_fat_disgust.wav,2,train,1,disgust,1,disgust,0.9821299910545349
data/tess/audio/YAF_fit_disgust.wav,YAF_fit_disgust.wav,2,train,1,disgust,1,disgust,0.9822850227355957
data/tess/audio/YAF_five_disgust.wav,YAF_five_disgust.wav,2,train,1,disgust,1,disgust,0.9821943640708923
data/tess/audio/YAF_food_disgust.wav,YAF_food_disgust.wav,2,train,1,disgust,1,disgust,0.9821252822875977
data/tess/audio/YAF_gap_disgust.wav,YAF_gap_disgust.wav,2,train,1,disgust,1,disgust,0.9816297292709351
data/tess/audio/YAF_gas_disgust.wav,YAF_gas_disgust.wav,2,train,1,disgust,1,disgust,0.9821043610572815
data/tess/audio/YAF_gaze_disgust.wav,YAF_gaze_disgust.wav,2,train,1,disgust,1,disgust,0.9816719889640808
data/tess/audio/YAF_germ_disgust.wav,YAF_germ_disgust.wav,2,train,1,disgust,1,disgust,0.981979489326477
data/tess/audio/YAF_good_disgust.wav,YAF_good_disgust.wav,2,train,1,disgust,1,disgust,0.981712281703949
data/tess/audio/YAF_gun_disgust.wav,YAF_gun_disgust.wav,2,train,1,disgust,1,disgust,0.9822190999984741
data/tess/audio/YAF_hall_disgust.wav,YAF_hall_disgust.wav,2,train,1,disgust,1,disgust,0.981795608997345
data/tess/audio/YAF_hash_disgust.wav,YAF_hash_disgust.wav,2,train,1,disgust,1,disgust,0.9784466624259949
data/tess/audio/YAF_hire_disgust.wav,YAF_hire_disgust.wav,2,train,1,disgust,1,disgust,0.9817302227020264
data/tess/audio/YAF_hit_disgust.wav,YAF_hit_disgust.wav,2,train,1,disgust,1,disgust,0.9817745685577393
data/tess/audio/YAF_hole_disgust.wav,YAF_hole_disgust.wav,2,train,1,disgust,1,disgust,0.9816381931304932
data/tess/audio/YAF_hurl_disgust.wav,YAF_hurl_disgust.wav,2,train,1,disgust,1,disgust,0.9818981289863586
data/tess/audio/YAF_hush_disgust.wav,YAF_hush_disgust.wav,2,train,1,disgust,1,disgust,0.9820435047149658
data/tess/audio/YAF_jail_disgust.wav,YAF_jail_disgust.wav,2,train,1,disgust,1,disgust,0.9803557395935059
data/tess/audio/YAF_jar_disgust.wav,YAF_jar_disgust.wav,2,train,1,disgust,1,disgust,0.980916440486908
data/tess/audio/YAF_join_disgust.wav,YAF_join_disgust.wav,2,train,1,disgust,1,disgust,0.9814768433570862
data/tess/audio/YAF_judge_disgust.wav,YAF_judge_disgust.wav,2,train,1,disgust,1,disgust,0.9813913106918335
data/tess/audio/YAF_jug_disgust.wav,YAF_jug_disgust.wav,2,train,1,disgust,1,disgust,0.982139527797699
data/tess/audio/YAF_keep_disgust.wav,YAF_keep_disgust.wav,2,train,1,disgust,1,disgust,0.9817776679992676
data/tess/audio/YAF_kick_disgust.wav,YAF_kick_disgust.wav,2,train,1,disgust,1,disgust,0.9811299443244934
data/tess/audio/YAF_kill_disgust.wav,YAF_kill_disgust.wav,2,train,1,disgust,1,disgust,0.9818122982978821
data/tess/audio/YAF_king_disgust.wav,YAF_king_disgust.wav,2,train,1,disgust,1,disgust,0.9802805781364441
data/tess/audio/YAF_kite_disgust.wav,YAF_kite_disgust.wav,2,train,1,disgust,1,disgust,0.9817909002304077
data/tess/audio/YAF_knock_disgust.wav,YAF_knock_disgust.wav,2,train,1,disgust,1,disgust,0.9819648861885071
data/tess/audio/YAF_laud_disgust.wav,YAF_laud_disgust.wav,2,train,1,disgust,1,disgust,0.9815282821655273
data/tess/audio/YAF_lean_disgust.wav,YAF_lean_disgust.wav,2,train,1,disgust,1,disgust,0.9816402792930603
data/tess/audio/YAF_lease_disgust.wav,YAF_lease_disgust.wav,2,train,1,disgust,1,disgust,0.9818863868713379
data/tess/audio/YAF_lid_disgust.wav,YAF_lid_disgust.wav,2,train,1,disgust,1,disgust,0.9818628430366516
data/tess/audio/YAF_life_disgust.wav,YAF_life_disgust.wav,2,train,1,disgust,1,disgust,0.9810104966163635
data/tess/audio/YAF_long_disgust.wav,YAF_long_disgust.wav,2,train,1,disgust,1,disgust,0.9819250106811523
data/tess/audio/YAF_lot_disgust.wav,YAF_lot_disgust.wav,2,train,1,disgust,1,disgust,0.9815157651901245
data/tess/audio/YAF_love_disgust.wav,YAF_love_disgust.wav,2,train,1,disgust,1,disgust,0.9814367890357971
data/tess/audio/YAF_luck_disgust.wav,YAF_luck_disgust.wav,2,train,1,disgust,1,disgust,0.9821027517318726
data/tess/audio/YAF_make_disgust.wav,YAF_make_disgust.wav,2,train,1,disgust,1,disgust,0.9820974469184875
data/tess/audio/YAF_match_disgust.wav,YAF_match_disgust.wav,2,train,1,disgust,1,disgust,0.9809499382972717
data/tess/audio/YAF_merge_disgust.wav,YAF_merge_disgust.wav,2,train,1,disgust,1,disgust,0.9817512631416321
data/tess/audio/YAF_met_disgust.wav,YAF_met_disgust.wav,2,train,1,disgust,1,disgust,0.9817603230476379
data/tess/audio/YAF_mill_disgust.wav,YAF_mill_disgust.wav,2,train,1,disgust,1,disgust,0.9818073511123657
data/tess/audio/YAF_mood_disgust.wav,YAF_mood_disgust.wav,2,train,1,disgust,1,disgust,0.9819667339324951
data/tess/audio/YAF_moon_disgust.wav,YAF_moon_disgust.wav,2,train,1,disgust,1,disgust,0.981351375579834
data/tess/audio/YAF_nag_disgust.wav,YAF_nag_disgust.wav,2,train,1,disgust,1,disgust,0.9814133644104004
data/tess/audio/YAF_name_disgust.wav,YAF_name_disgust.wav,2,train,1,disgust,1,disgust,0.9807285666465759
data/tess/audio/YAF_neat_disgust.wav,YAF_neat_disgust.wav,2,train,1,disgust,1,disgust,0.9813459515571594
data/tess/audio/YAF_nice_disgust.wav,YAF_nice_disgust.wav,2,train,1,disgust,1,disgust,0.9818097352981567
data/tess/audio/YAF_note_disgust.wav,YAF_note_disgust.wav,2,train,1,disgust,1,disgust,0.981369137763977
data/tess/audio/YAF_numb_disgust.wav,YAF_numb_disgust.wav,2,train,1,disgust,1,disgust,0.981864333152771
data/tess/audio/YAF_pad_disgust.wav,YAF_pad_disgust.wav,2,train,1,disgust,1,disgust,0.9818597435951233
data/tess/audio/YAF_pain_disgust.wav,YAF_pain_disgust.wav,2,train,1,disgust,1,disgust,0.981083333492279
data/tess/audio/YAF_pass_disgust.wav,YAF_pass_disgust.wav,2,train,1,disgust,1,disgust,0.9822852611541748
data/tess/audio/YAF_pearl_disgust.wav,YAF_pearl_disgust.wav,2,train,1,disgust,1,disgust,0.9818533062934875
data/tess/audio/YAF_peg_disgust.wav,YAF_peg_disgust.wav,2,train,1,disgust,1,disgust,0.981474757194519
data/tess/audio/YAF_phone_disgust.wav,YAF_phone_disgust.wav,2,train,1,disgust,1,disgust,0.9815968871116638
data/tess/audio/YAF_pick_disgust.wav,YAF_pick_disgust.wav,2,train,1,disgust,1,disgust,0.9818212389945984
data/tess/audio/YAF_pike_disgust.wav,YAF_pike_disgust.wav,2,train,1,disgust,1,disgust,0.9814319610595703
data/tess/audio/YAF_pole_disgust.wav,YAF_pole_disgust.wav,2,train,1,disgust,1,disgust,0.9809631109237671
data/tess/audio/YAF_pool_disgust.wav,YAF_pool_disgust.wav,2,train,1,disgust,1,disgust,0.9808217883110046
data/tess/audio/YAF_puff_disgust.wav,YAF_puff_disgust.wav,2,train,1,disgust,1,disgust,0.9822722673416138
data/tess/audio/YAF_rag_disgust.wav,YAF_rag_disgust.wav,2,train,1,disgust,1,disgust,0.9820736646652222
data/tess/audio/YAF_rat_disgust.wav,YAF_rat_disgust.wav,2,train,1,disgust,1,disgust,0.9819023609161377
data/tess/audio/YAF_reach_disgust.wav,YAF_reach_disgust.wav,2,train,1,disgust,1,disgust,0.9809804558753967
data/tess/audio/YAF_red_disgust.wav,YAF_red_disgust.wav,2,train,1,disgust,1,disgust,0.9817566871643066
data/tess/audio/YAF_ring_disgust.wav,YAF_ring_disgust.wav,2,train,1,disgust,1,disgust,0.9784625768661499
data/tess/audio/YAF_ripe_disgust.wav,YAF_ripe_disgust.wav,2,train,1,disgust,1,disgust,0.9814034700393677
data/tess/audio/YAF_road_disgust.wav,YAF_road_disgust.wav,2,train,1,disgust,1,disgust,0.9816774129867554
data/tess/audio/YAF_room_disgust.wav,YAF_room_disgust.wav,2,train,1,disgust,1,disgust,0.9820986986160278
data/tess/audio/YAF_rose_disgust.wav,YAF_rose_disgust.wav,2,train,1,disgust,1,disgust,0.9818863868713379
data/tess/audio/YAF_rot_disgust.wav,YAF_rot_disgust.wav,2,train,1,disgust,1,disgust,0.9823086261749268
data/tess/audio/YAF_rough_disgust.wav,YAF_rough_disgust.wav,2,train,1,disgust,1,disgust,0.9821078181266785
data/tess/audio/YAF_rush_disgust.wav,YAF_rush_disgust.wav,2,train,1,disgust,1,disgust,0.981519341468811
data/tess/audio/YAF_said_disgust.wav,YAF_said_disgust.wav,2,train,1,disgust,1,disgust,0.9821080565452576
data/tess/audio/YAF_sail_disgust.wav,YAF_sail_disgust.wav,2,train,1,disgust,1,disgust,0.9807690382003784
data/tess/audio/YAF_search_disgust.wav,YAF_search_disgust.wav,2,train,1,disgust,1,disgust,0.9823551774024963
data/tess/audio/YAF_seize_disgust.wav,YAF_seize_disgust.wav,2,train,1,disgust,1,disgust,0.9818791747093201
data/tess/audio/YAF_sell_disgust.wav,YAF_sell_disgust.wav,2,train,1,disgust,1,disgust,0.9821916222572327
data/tess/audio/YAF_shall_disgust.wav,YAF_shall_disgust.wav,2,train,1,disgust,1,disgust,0.9819914698600769
data/tess/audio/YAF_sheep_disgust.wav,YAF_sheep_disgust.wav,2,train,1,disgust,1,disgust,0.9820989370346069
data/tess/audio/YAF_shirt_disgust.wav,YAF_shirt_disgust.wav,2,train,1,disgust,1,disgust,0.9823319315910339
data/tess/audio/YAF_should_disgust.wav,YAF_should_disgust.wav,2,train,1,disgust,1,disgust,0.9821658730506897
data/tess/audio/YAF_shout_disgust.wav,YAF_shout_disgust.wav,2,train,1,disgust,1,disgust,0.9824199676513672
data/tess/audio/YAF_size_disgust.wav,YAF_size_disgust.wav,2,train,1,disgust,1,disgust,0.9817434549331665
data/tess/audio/YAF_soup_disgust.wav,YAF_soup_disgust.wav,2,train,1,disgust,1,disgust,0.9822055697441101
data/tess/audio/YAF_sour_disgust.wav,YAF_sour_disgust.wav,2,train,1,disgust,1,disgust,0.9823557734489441
data/tess/audio/YAF_sub_disgust.wav,YAF_sub_disgust.wav,2,train,1,disgust,1,disgust,0.9820470809936523
data/tess/audio/YAF_such_disgust.wav,YAF_such_disgust.wav,2,train,1,disgust,1,disgust,0.9825342297554016
data/tess/audio/YAF_sure_disgust.wav,YAF_sure_disgust.wav,2,train,1,disgust,1,disgust,0.9820368885993958
data/tess/audio/YAF_take_disgust.wav,YAF_take_disgust.wav,2,train,1,disgust,1,disgust,0.9812619090080261
data/tess/audio/YAF_talk_disgust.wav,YAF_talk_disgust.wav,2,train,1,disgust,1,disgust,0.9823054671287537
data/tess/audio/YAF_tape_disgust.wav,YAF_tape_disgust.wav,2,train,1,disgust,1,disgust,0.9810185432434082
data/tess/audio/YAF_tell_disgust.wav,YAF_tell_disgust.wav,2,train,1,disgust,1,disgust,0.9822283387184143
data/tess/audio/YAF_thin_disgust.wav,YAF_thin_disgust.wav,2,train,1,disgust,1,disgust,0.9815723896026611
data/tess/audio/YAF_third_disgust.wav,YAF_third_disgust.wav,2,train,1,disgust,1,disgust,0.981971800327301
data/tess/audio/YAF_thumb_disgust.wav,YAF_thumb_disgust.wav,2,train,1,disgust,1,disgust,0.9817665219306946
data/tess/audio/YAF_time_disgust.wav,YAF_time_disgust.wav,2,train,1,disgust,1,disgust,0.9818201065063477
data/tess/audio/YAF_tip_disgust.wav,YAF_tip_disgust.wav,2,train,1,disgust,1,disgust,0.9818618893623352
data/tess/audio/YAF_tool_disgust.wav,YAF_tool_disgust.wav,2,train,1,disgust,1,disgust,0.981917679309845
data/tess/audio/YAF_void_disgust.wav,YAF_void_disgust.wav,2,train,1,disgust,1,disgust,0.9817211627960205
data/tess/audio/YAF_wag_disgust.wav,YAF_wag_disgust.wav,2,train,1,disgust,1,disgust,0.9819740056991577
data/tess/audio/YAF_wash_disgust.wav,YAF_wash_disgust.wav,2,train,1,disgust,1,disgust,0.9823223948478699
data/tess/audio/YAF_week_disgust.wav,YAF_week_disgust.wav,2,train,1,disgust,1,disgust,0.9815270304679871
data/tess/audio/YAF_when_disgust.wav,YAF_when_disgust.wav,2,train,1,disgust,1,disgust,0.9814115166664124
data/tess/audio/YAF_which_disgust.wav,YAF_which_disgust.wav,2,train,1,disgust,1,disgust,0.9806522130966187
data/tess/audio/YAF_whip_disgust.wav,YAF_whip_disgust.wav,2,train,1,disgust,1,disgust,0.9812330007553101
data/tess/audio/YAF_wire_disgust.wav,YAF_wire_disgust.wav,2,train,1,disgust,1,disgust,0.982020914554596
data/tess/audio/YAF_witch_disgust.wav,YAF_witch_disgust.wav,2,train,1,disgust,1,disgust,0.9821397662162781
data/tess/audio/YAF_yes_disgust.wav,YAF_yes_disgust.wav,2,train,1,disgust,1,disgust,0.9822882413864136
data/tess/audio/YAF_young_disgust.wav,YAF_young_disgust.wav,2,train,1,disgust,1,disgust,0.9814172387123108
data/tess/audio/YAF_back_fear.wav,YAF_back_fear.wav,2,train,2,fear,2,fear,0.9810975790023804
data/tess/audio/YAF_base_fear.wav,YAF_base_fear.wav,2,train,2,fear,2,fear,0.9808639287948608
data/tess/audio/YAF_bath_fear.wav,YAF_bath_fear.wav,2,train,2,fear,2,fear,0.9808059930801392
data/tess/audio/YAF_bean_fear.wav,YAF_bean_fear.wav,2,train,2,fear,2,fear,0.980288028717041
data/tess/audio/YAF_beg_fear.wav,YAF_beg_fear.wav,2,train,2,fear,2,fear,0.9807195067405701
data/tess/audio/YAF_bite_fear.wav,YAF_bite_fear.wav,2,train,2,fear,2,fear,0.9812003970146179
data/tess/audio/YAF_book_fear.wav,YAF_book_fear.wav,2,train,2,fear,2,fear,0.9811730980873108
data/tess/audio/YAF_bought_fear.wav,YAF_bought_fear.wav,2,train,2,fear,2,fear,0.9813523888587952
data/tess/audio/YAF_burn_fear.wav,YAF_burn_fear.wav,2,train,2,fear,2,fear,0.9808861613273621
data/tess/audio/YAF_cab_fear.wav,YAF_cab_fear.wav,2,train,2,fear,2,fear,0.9811228513717651
data/tess/audio/YAF_cause_fear.wav,YAF_cause_fear.wav,2,train,2,fear,2,fear,0.9812458753585815
data/tess/audio/YAF_chain_fear.wav,YAF_chain_fear.wav,2,train,2,fear,2,fear,0.980791449546814
data/tess/audio/YAF_chalk_fear.wav,YAF_chalk_fear.wav,2,train,2,fear,2,fear,0.9811652898788452
data/tess/audio/YAF_chat_fear.wav,YAF_chat_fear.wav,2,train,2,fear,2,fear,0.9809154868125916
data/tess/audio/YAF_chief_fear.wav,YAF_chief_fear.wav,2,train,2,fear,2,fear,0.9808502793312073
data/tess/audio/YAF_choice_fear.wav,YAF_choice_fear.wav,2,train,2,fear,2,fear,0.9808406233787537
data/tess/audio/YAF_cool_fear.wav,YAF_cool_fear.wav,2,train,2,fear,2,fear,0.9801222085952759
data/tess/audio/YAF_dab_fear.wav,YAF_dab_fear.wav,2,train,2,fear,2,fear,0.9811733365058899
data/tess/audio/YAF_date_fear.wav,YAF_date_fear.wav,2,train,2,fear,2,fear,0.9806632399559021
data/tess/audio/YAF_dead_fear.wav,YAF_dead_fear.wav,2,train,2,fear,2,fear,0.9814266562461853
data/tess/audio/YAF_death_fear.wav,YAF_death_fear.wav,2,train,2,fear,2,fear,0.9810582399368286
data/tess/audio/YAF_deep_fear.wav,YAF_deep_fear.wav,2,train,2,fear,2,fear,0.9803890585899353
data/tess/audio/YAF_dime_fear.wav,YAF_dime_fear.wav,2,train,2,fear,2,fear,0.9809985756874084
data/tess/audio/YAF_dip_fear.wav,YAF_dip_fear.wav,2,train,2,fear,2,fear,0.9811826348304749
data/tess/audio/YAF_ditch_fear.wav,YAF_ditch_fear.wav,2,train,2,fear,2,fear,0.9808050394058228
data/tess/audio/YAF_dodge_fear.wav,YAF_dodge_fear.wav,2,train,2,fear,2,fear,0.9814515709877014
data/tess/audio/YAF_doll_fear.wav,YAF_doll_fear.wav,2,train,2,fear,2,fear,0.9811543822288513
data/tess/audio/YAF_door_fear.wav,YAF_door_fear.wav,2,train,2,fear,2,fear,0.9812922477722168
data/tess/audio/YAF_fall_fear.wav,YAF_fall_fear.wav,2,train,2,fear,2,fear,0.981203019618988
data/tess/audio/YAF_far_fear.wav,YAF_far_fear.wav,2,train,2,fear,2,fear,0.9812514781951904
data/tess/audio/YAF_fat_fear.wav,YAF_fat_fear.wav,2,train,2,fear,2,fear,0.9813387393951416
data/tess/audio/YAF_fit_fear.wav,YAF_fit_fear.wav,2,train,2,fear,2,fear,0.9813294410705566
data/tess/audio/YAF_five_fear.wav,YAF_five_fear.wav,2,train,2,fear,2,fear,0.9811305403709412
data/tess/audio/YAF_food_fear.wav,YAF_food_fear.wav,2,train,2,fear,2,fear,0.9811148047447205
data/tess/audio/YAF_gap_fear.wav,YAF_gap_fear.wav,2,train,2,fear,2,fear,0.9811758399009705
data/tess/audio/YAF_gas_fear.wav,YAF_gas_fear.wav,2,train,2,fear,2,fear,0.9814609885215759
data/tess/audio/YAF_gaze_fear.wav,YAF_gaze_fear.wav,2,train,2,fear,2,fear,0.9801608920097351
data/tess/audio/YAF_germ_fear.wav,YAF_germ_fear.wav,2,train,2,fear,2,fear,0.9810251593589783
data/tess/audio/YAF_good_fear.wav,YAF_good_fear.wav,2,train,2,fear,2,fear,0.9807207584381104
data/tess/audio/YAF_gun_fear.wav,YAF_gun_fear.wav,2,train,2,fear,2,fear,0.9807394742965698
data/tess/audio/YAF_hall_fear.wav,YAF_hall_fear.wav,2,train,2,fear,2,fear,0.9808308482170105
data/tess/audio/YAF_hash_fear.wav,YAF_hash_fear.wav,2,train,2,fear,2,fear,0.9810563921928406
data/tess/audio/YAF_hire_fear.wav,YAF_hire_fear.wav,2,train,2,fear,2,fear,0.9805867671966553
data/tess/audio/YAF_hit_fear.wav,YAF_hit_fear.wav,2,train,2,fear,2,fear,0.9802334904670715
data/tess/audio/YAF_hole_fear.wav,YAF_hole_fear.wav,2,train,2,fear,2,fear,0.9806081056594849
data/tess/audio/YAF_hurl_fear.wav,YAF_hurl_fear.wav,2,train,2,fear,2,fear,0.9808993339538574
data/tess/audio/YAF_hush_fear.wav,YAF_hush_fear.wav,2,train,2,fear,2,fear,0.9807887673377991
data/tess/audio/YAF_jail_fear.wav,YAF_jail_fear.wav,2,train,2,fear,2,fear,0.9808118343353271
data/tess/audio/YAF_jar_fear.wav,YAF_jar_fear.wav,2,train,2,fear,2,fear,0.9811144471168518
data/tess/audio/YAF_join_fear.wav,YAF_join_fear.wav,2,train,2,fear,2,fear,0.9813194274902344
data/tess/audio/YAF_judge_fear.wav,YAF_judge_fear.wav,2,train,2,fear,2,fear,0.9810931086540222
data/tess/audio/YAF_jug_fear.wav,YAF_jug_fear.wav,2,train,2,fear,2,fear,0.980872392654419
data/tess/audio/YAF_keep_fear.wav,YAF_keep_fear.wav,2,train,2,fear,2,fear,0.9806170463562012
data/tess/audio/YAF_kick_fear.wav,YAF_kick_fear.wav,2,train,2,fear,2,fear,0.9807664155960083
data/tess/audio/YAF_kill_fear.wav,YAF_kill_fear.wav,2,train,2,fear,2,fear,0.9807680249214172
data/tess/audio/YAF_king_fear.wav,YAF_king_fear.wav,2,train,2,fear,2,fear,0.9798966646194458
data/tess/audio/YAF_kite_fear.wav,YAF_kite_fear.wav,2,train,2,fear,2,fear,0.9813032746315002
data/tess/audio/YAF_knock_fear.wav,YAF_knock_fear.wav,2,train,2,fear,2,fear,0.9813232421875
data/tess/audio/YAF_laud_fear.wav,YAF_laud_fear.wav,2,train,2,fear,2,fear,0.9810662269592285
data/tess/audio/YAF_lean_fear.wav,YAF_lean_fear.wav,2,train,2,fear,2,fear,0.9812666177749634
data/tess/audio/YAF_lease_fear.wav,YAF_lease_fear.wav,2,train,2,fear,2,fear,0.9813388586044312
data/tess/audio/YAF_lid_fear.wav,YAF_lid_fear.wav,2,train,2,fear,2,fear,0.9805152416229248
data/tess/audio/YAF_life_fear.wav,YAF_life_fear.wav,2,train,2,fear,2,fear,0.98125159740448
data/tess/audio/YAF_long_fear.wav,YAF_long_fear.wav,2,train,2,fear,2,fear,0.9811133146286011
data/tess/audio/YAF_lot_fear.wav,YAF_lot_fear.wav,2,train,2,fear,2,fear,0.9812177419662476
data/tess/audio/YAF_love_fear.wav,YAF_love_fear.wav,2,train,2,fear,2,fear,0.9811477065086365
data/tess/audio/YAF_luck_fear.wav,YAF_luck_fear.wav,2,train,2,fear,2,fear,0.9810195565223694
data/tess/audio/YAF_make_fear.wav,YAF_make_fear.wav,2,train,2,fear,2,fear,0.9807722568511963
data/tess/audio/YAF_match_fear.wav,YAF_match_fear.wav,2,train,2,fear,2,fear,0.9812814593315125
data/tess/audio/YAF_merge_fear.wav,YAF_merge_fear.wav,2,train,2,fear,2,fear,0.98014235496521
data/tess/audio/YAF_met_fear.wav,YAF_met_fear.wav,2,train,2,fear,2,fear,0.9812563061714172
data/tess/audio/YAF_mill_fear.wav,YAF_mill_fear.wav,2,train,2,fear,2,fear,0.9808974862098694
data/tess/audio/YAF_mood_fear.wav,YAF_mood_fear.wav,2,train,2,fear,2,fear,0.9808263778686523
data/tess/audio/YAF_moon_fear.wav,YAF_moon_fear.wav,2,train,2,fear,2,fear,0.9806546568870544
data/tess/audio/YAF_nag_fear.wav,YAF_nag_fear.wav,2,train,2,fear,2,fear,0.9810723662376404
data/tess/audio/YAF_name_fear.wav,YAF_name_fear.wav,2,train,2,fear,2,fear,0.9810675382614136
data/tess/audio/YAF_neat_fear.wav,YAF_neat_fear.wav,2,train,2,fear,2,fear,0.9810900092124939
data/tess/audio/YAF_nice_fear.wav,YAF_nice_fear.wav,2,train,2,fear,2,fear,0.9812893271446228
data/tess/audio/YAF_note_fear.wav,YAF_note_fear.wav,2,train,2,fear,2,fear,0.9812381863594055
data/tess/audio/YAF_numb_fear.wav,YAF_numb_fear.wav,2,train,2,fear,2,fear,0.981283962726593
data/tess/audio/YAF_pad_fear.wav,YAF_pad_fear.wav,2,train,2,fear,2,fear,0.9810139536857605
data/tess/audio/YAF_pain_fear.wav,YAF_pain_fear.wav,2,train,2,fear,2,fear,0.9812487363815308
data/tess/audio/YAF_pass_fear.wav,YAF_pass_fear.wav,2,train,2,fear,2,fear,0.9806110858917236
data/tess/audio/YAF_pearl_fear.wav,YAF_pearl_fear.wav,2,train,2,fear,2,fear,0.9807460308074951
data/tess/audio/YAF_peg_fear.wav,YAF_peg_fear.wav,2,train,2,fear,2,fear,0.9812873005867004
data/tess/audio/YAF_phone_fear.wav,YAF_phone_fear.wav,2,train,2,fear,2,fear,0.9808871746063232
data/tess/audio/YAF_pick_fear.wav,YAF_pick_fear.wav,2,train,2,fear,2,fear,0.9809483289718628
data/tess/audio/YAF_pike_fear.wav,YAF_pike_fear.wav,2,train,2,fear,2,fear,0.9811212420463562
data/tess/audio/YAF_pole_fear.wav,YAF_pole_fear.wav,2,train,2,fear,2,fear,0.9811125993728638
data/tess/audio/YAF_pool_fear.wav,YAF_pool_fear.wav,2,train,2,fear,2,fear,0.9811599850654602
data/tess/audio/YAF_puff_fear.wav,YAF_puff_fear.wav,2,train,2,fear,2,fear,0.9806464910507202
data/tess/audio/YAF_rag_fear.wav,YAF_rag_fear.wav,2,train,2,fear,2,fear,0.9806752800941467
data/tess/audio/YAF_rat_fear.wav,YAF_rat_fear.wav,2,train,2,fear,2,fear,0.9813029170036316
data/tess/audio/YAF_reach_fear.wav,YAF_reach_fear.wav,2,train,2,fear,2,fear,0.9809174537658691
data/tess/audio/YAF_red_fear.wav,YAF_red_fear.wav,2,train,2,fear,2,fear,0.9811150431632996
data/tess/audio/YAF_ring_fear.wav,YAF_ring_fear.wav,2,train,2,fear,2,fear,0.9810481071472168
data/tess/audio/YAF_ripe_fear.wav,YAF_ripe_fear.wav,2,train,2,fear,2,fear,0.9813734889030457
data/tess/audio/YAF_road_fear.wav,YAF_road_fear.wav,2,train,2,fear,2,fear,0.981231153011322
data/tess/audio/YAF_room_fear.wav,YAF_room_fear.wav,2,train,2,fear,2,fear,0.9809970855712891
data/tess/audio/YAF_rose_fear.wav,YAF_rose_fear.wav,2,train,2,fear,2,fear,0.9814844131469727
data/tess/audio/YAF_rot_fear.wav,YAF_rot_fear.wav,2,train,2,fear,2,fear,0.9813812971115112
data/tess/audio/YAF_rough_fear.wav,YAF_rough_fear.wav,2,train,2,fear,2,fear,0.9810070395469666
data/tess/audio/YAF_rush_fear.wav,YAF_rush_fear.wav,2,train,2,fear,2,fear,0.9812943935394287
data/tess/audio/YAF_said_fear.wav,YAF_said_fear.wav,2,train,2,fear,2,fear,0.9809679388999939
data/tess/audio/YAF_sail_fear.wav,YAF_sail_fear.wav,2,train,2,fear,2,fear,0.9802863001823425
data/tess/audio/YAF_search_fear.wav,YAF_search_fear.wav,2,train,2,fear,2,fear,0.981209933757782
data/tess/audio/YAF_seize_fear.wav,YAF_seize_fear.wav,2,train,2,fear,2,fear,0.9809451103210449
data/tess/audio/YAF_sell_fear.wav,YAF_sell_fear.wav,2,train,2,fear,2,fear,0.9811112284660339
data/tess/audio/YAF_shall_fear.wav,YAF_shall_fear.wav,2,train,2,fear,2,fear,0.9806028008460999
data/tess/audio/YAF_sheep_fear.wav,YAF_sheep_fear.wav,2,train,2,fear,2,fear,0.9813248515129089
data/tess/audio/YAF_shirt_fear.wav,YAF_shirt_fear.wav,2,train,2,fear,2,fear,0.981023371219635
data/tess/audio/YAF_should_fear.wav,YAF_should_fear.wav,2,train,2,fear,2,fear,0.9812264442443848
data/tess/audio/YAF_shout_fear.wav,YAF_shout_fear.wav,2,train,2,fear,2,fear,0.9812769889831543
data/tess/audio/YAF_size_fear.wav,YAF_size_fear.wav,2,train,2,fear,2,fear,0.981162965297699
data/tess/audio/YAF_soup_fear.wav,YAF_soup_fear.wav,2,train,2,fear,2,fear,0.9810743927955627
data/tess/audio/YAF_sour_fear.wav,YAF_sour_fear.wav,2,train,2,fear,2,fear,0.9812590479850769
data/tess/audio/YAF_sub_fear.wav,YAF_sub_fear.wav,2,train,2,fear,2,fear,0.9808391332626343
data/tess/audio/YAF_such_fear.wav,YAF_such_fear.wav,2,train,2,fear,2,fear,0.9811782240867615
data/tess/audio/YAF_sure_fear.wav,YAF_sure_fear.wav,2,train,2,fear,2,fear,0.9805065393447876
data/tess/audio/YAF_take_fear.wav,YAF_take_fear.wav,2,train,2,fear,2,fear,0.981063723564148
data/tess/audio/YAF_talk_fear.wav,YAF_talk_fear.wav,2,train,2,fear,2,fear,0.981315553188324
data/tess/audio/YAF_tape_fear.wav,YAF_tape_fear.wav,2,train,2,fear,2,fear,0.9811861515045166
data/tess/audio/YAF_tell_fear.wav,YAF_tell_fear.wav,2,train,2,fear,2,fear,0.9812027215957642
data/tess/audio/YAF_thin_fear.wav,YAF_thin_fear.wav,2,train,2,fear,2,fear,0.9809269905090332
data/tess/audio/YAF_third_fear.wav,YAF_third_fear.wav,2,train,2,fear,2,fear,0.9807358980178833
data/tess/audio/YAF_thumb_fear.wav,YAF_thumb_fear.wav,2,train,2,fear,2,fear,0.9814097881317139
data/tess/audio/YAF_time_fear.wav,YAF_time_fear.wav,2,train,2,fear,2,fear,0.981323778629303
data/tess/audio/YAF_tip_fear.wav,YAF_tip_fear.wav,2,train,2,fear,2,fear,0.9806338548660278
data/tess/audio/YAF_tool_fear.wav,YAF_tool_fear.wav,2,train,2,fear,2,fear,0.9807329177856445
data/tess/audio/YAF_void_fear.wav,YAF_void_fear.wav,2,train,2,fear,2,fear,0.9813272356987
data/tess/audio/YAF_wag_fear.wav,YAF_wag_fear.wav,2,train,2,fear,2,fear,0.9807064533233643
data/tess/audio/YAF_wash_fear.wav,YAF_wash_fear.wav,2,train,2,fear,2,fear,0.9812076091766357
data/tess/audio/YAF_week_fear.wav,YAF_week_fear.wav,2,train,2,fear,2,fear,0.9812544584274292
data/tess/audio/YAF_when_fear.wav,YAF_when_fear.wav,2,train,2,fear,2,fear,0.9812542200088501
data/tess/audio/YAF_which_fear.wav,YAF_which_fear.wav,2,train,2,fear,2,fear,0.9811345338821411
data/tess/audio/YAF_whip_fear.wav,YAF_whip_fear.wav,2,train,2,fear,2,fear,0.9812588095664978
data/tess/audio/YAF_wire_fear.wav,YAF_wire_fear.wav,2,train,2,fear,2,fear,0.9812965989112854
data/tess/audio/YAF_witch_fear.wav,YAF_witch_fear.wav,2,train,2,fear,2,fear,0.9812373518943787
data/tess/audio/YAF_yes_fear.wav,YAF_yes_fear.wav,2,train,2,fear,2,fear,0.981312096118927
data/tess/audio/YAF_young_fear.wav,YAF_young_fear.wav,2,train,2,fear,2,fear,0.9810066223144531
data/tess/audio/YAF_back_happy.wav,YAF_back_happy.wav,2,train,3,happy,3,happy,0.9785359501838684
data/tess/audio/YAF_base_happy.wav,YAF_base_happy.wav,2,train,3,happy,3,happy,0.9781067967414856
data/tess/audio/YAF_bath_happy.wav,YAF_bath_happy.wav,2,train,3,happy,3,happy,0.978588342666626
data/tess/audio/YAF_bean_happy.wav,YAF_bean_happy.wav,2,train,3,happy,3,happy,0.9731865525245667
data/tess/audio/YAF_beg_happy.wav,YAF_beg_happy.wav,2,train,3,happy,3,happy,0.9776324033737183
data/tess/audio/YAF_bite_happy.wav,YAF_bite_happy.wav,2,train,3,happy,3,happy,0.9780243635177612
data/tess/audio/YAF_book_happy.wav,YAF_book_happy.wav,2,train,3,happy,3,happy,0.9772646427154541
data/tess/audio/YAF_bought_happy.wav,YAF_bought_happy.wav,2,train,3,happy,3,happy,0.9782978892326355
data/tess/audio/YAF_burn_happy.wav,YAF_burn_happy.wav,2,train,3,happy,3,happy,0.9757468700408936
data/tess/audio/YAF_cab_happy.wav,YAF_cab_happy.wav,2,train,3,happy,3,happy,0.9784975647926331
data/tess/audio/YAF_cause_happy.wav,YAF_cause_happy.wav,2,train,3,happy,3,happy,0.9781700968742371
data/tess/audio/YAF_chain_happy.wav,YAF_chain_happy.wav,2,train,3,happy,3,happy,0.9783938527107239
data/tess/audio/YAF_chalk_happy.wav,YAF_chalk_happy.wav,2,train,3,happy,3,happy,0.9774773716926575
data/tess/audio/YAF_chat_happy.wav,YAF_chat_happy.wav,2,train,3,happy,3,happy,0.9783499240875244
data/tess/audio/YAF_chief_happy.wav,YAF_chief_happy.wav,2,train,3,happy,3,happy,0.9782952666282654
data/tess/audio/YAF_choice_happy.wav,YAF_choice_happy.wav,2,train,3,happy,3,happy,0.978012204170227
data/tess/audio/YAF_cool_happy.wav,YAF_cool_happy.wav,2,train,3,happy,3,happy,0.9767886400222778
data/tess/audio/YAF_dab_happy.wav,YAF_dab_happy.wav,2,train,3,happy,3,happy,0.9782319664955139
data/tess/audio/YAF_date_happy.wav,YAF_date_happy.wav,2,train,3,happy,3,happy,0.9781603217124939
data/tess/audio/YAF_dead_happy.wav,YAF_dead_happy.wav,2,train,3,happy,3,happy,0.9783005118370056
data/tess/audio/YAF_death_happy.wav,YAF_death_happy.wav,2,train,3,happy,3,happy,0.9785574078559875
data/tess/audio/YAF_deep_happy.wav,YAF_deep_happy.wav,2,train,3,happy,3,happy,0.9779770374298096
data/tess/audio/YAF_dime_happy.wav,YAF_dime_happy.wav,2,train,3,happy,3,happy,0.9781697988510132
data/tess/audio/YAF_dip_happy.wav,YAF_dip_happy.wav,2,train,3,happy,3,happy,0.978158712387085
data/tess/audio/YAF_ditch_happy.wav,YAF_ditch_happy.wav,2,train,3,happy,3,happy,0.9784368872642517
data/tess/audio/YAF_dodge_happy.wav,YAF_dodge_happy.wav,2,train,3,happy,3,happy,0.9781309962272644
data/tess/audio/YAF_doll_happy.wav,YAF_doll_happy.wav,2,train,3,happy,3,happy,0.9780092239379883
data/tess/audio/YAF_door_happy.wav,YAF_door_happy.wav,2,train,3,happy,3,happy,0.9776261448860168
data/tess/audio/YAF_fall_happy.wav,YAF_fall_happy.wav,2,train,3,happy,3,happy,0.9777737855911255
data/tess/audio/YAF_far_happy.wav,YAF_far_happy.wav,2,train,3,happy,3,happy,0.9778750538825989
data/tess/audio/YAF_fat_happy.wav,YAF_fat_happy.wav,2,train,3,happy,3,happy,0.9782521724700928
data/tess/audio/YAF_fit_happy.wav,YAF_fit_happy.wav,2,train,3,happy,3,happy,0.9782152771949768
data/tess/audio/YAF_five_happy.wav,YAF_five_happy.wav,2,train,3,happy,3,happy,0.9780454635620117
data/tess/audio/YAF_food_happy.wav,YAF_food_happy.wav,2,train,3,happy,3,happy,0.9775395393371582
data/tess/audio/YAF_gap_happy.wav,YAF_gap_happy.wav,2,train,3,happy,3,happy,0.9784148335456848
data/tess/audio/YAF_gas_happy.wav,YAF_gas_happy.wav,2,train,3,happy,3,happy,0.9783824682235718
data/tess/audio/YAF_gaze_happy.wav,YAF_gaze_happy.wav,2,train,3,happy,3,happy,0.9776337742805481
data/tess/audio/YAF_germ_happy.wav,YAF_germ_happy.wav,2,train,3,happy,3,happy,0.9774188995361328
data/tess/audio/YAF_good_happy.wav,YAF_good_happy.wav,2,train,3,happy,3,happy,0.9773757457733154
data/tess/audio/YAF_gun_happy.wav,YAF_gun_happy.wav,2,train,3,happy,3,happy,0.9783360958099365
data/tess/audio/YAF_hall_happy.wav,YAF_hall_happy.wav,2,train,3,happy,3,happy,0.9780469536781311
data/tess/audio/YAF_hash_happy.wav,YAF_hash_happy.wav,2,train,3,happy,3,happy,0.972679615020752
data/tess/audio/YAF_hire_happy.wav,YAF_hire_happy.wav,2,train,3,happy,3,happy,0.9776109457015991
data/tess/audio/YAF_hit_happy.wav,YAF_hit_happy.wav,2,train,3,happy,3,happy,0.9785222411155701
data/tess/audio/YAF_hole_happy.wav,YAF_hole_happy.wav,2,train,3,happy,3,happy,0.9763462543487549
data/tess/audio/YAF_hurl_happy.wav,YAF_hurl_happy.wav,2,train,3,happy,3,happy,0.9769740700721741
data/tess/audio/YAF_hush_happy.wav,YAF_hush_happy.wav,2,train,3,happy,3,happy,0.9785048961639404
data/tess/audio/YAF_jail_happy.wav,YAF_jail_happy.wav,2,train,3,happy,3,happy,0.9778733253479004
data/tess/audio/YAF_jar_happy.wav,YAF_jar_happy.wav,2,train,3,happy,3,happy,0.9778372049331665
data/tess/audio/YAF_join_happy.wav,YAF_join_happy.wav,2,train,3,happy,3,happy,0.9782817959785461
data/tess/audio/YAF_judge_happy.wav,YAF_judge_happy.wav,2,train,3,happy,3,happy,0.9781723022460938
data/tess/audio/YAF_jug_happy.wav,YAF_jug_happy.wav,2,train,3,happy,3,happy,0.9781422019004822
data/tess/audio/YAF_keep_happy.wav,YAF_keep_happy.wav,2,train,3,happy,3,happy,0.9782968759536743
data/tess/audio/YAF_kick_happy.wav,YAF_kick_happy.wav,2,train,3,happy,3,happy,0.9785822629928589
data/tess/audio/YAF_kill_happy.wav,YAF_kill_happy.wav,2,train,3,happy,3,happy,0.9783014059066772
data/tess/audio/YAF_king_happy.wav,YAF_king_happy.wav,2,train,3,happy,3,happy,0.9769271612167358
data/tess/audio/YAF_kite_happy.wav,YAF_kite_happy.wav,2,train,3,happy,3,happy,0.9781562089920044
data/tess/audio/YAF_knock_happy.wav,YAF_knock_happy.wav,2,train,3,happy,3,happy,0.9782788157463074
data/tess/audio/YAF_laud_happy.wav,YAF_laud_happy.wav,2,train,3,happy,3,happy,0.9782177209854126
data/tess/audio/YAF_lean_happy.wav,YAF_lean_happy.wav,2,train,3,happy,3,happy,0.9784082174301147
data/tess/audio/YAF_lease_happy.wav,YAF_lease_happy.wav,2,train,3,happy,3,happy,0.9784793257713318
data/tess/audio/YAF_lid_happy.wav,YAF_lid_happy.wav,2,train,3,happy,3,happy,0.9780914187431335
data/tess/audio/YAF_life_happy.wav,YAF_life_happy.wav,2,train,3,happy,3,happy,0.9781573414802551
data/tess/audio/YAF_long_happy.wav,YAF_long_happy.wav,2,train,3,happy,3,happy,0.9784229397773743
data/tess/audio/YAF_lot_happy.wav,YAF_lot_happy.wav,2,train,3,happy,3,happy,0.9781494736671448
data/tess/audio/YAF_love_happy.wav,YAF_love_happy.wav,2,train,3,happy,3,happy,0.9785343408584595
data/tess/audio/YAF_luck_happy.wav,YAF_luck_happy.wav,2,train,3,happy,3,happy,0.9781122803688049
data/tess/audio/YAF_make_happy.wav,YAF_make_happy.wav,2,train,3,happy,3,happy,0.9782415628433228
data/tess/audio/YAF_match_happy.wav,YAF_match_happy.wav,2,train,3,happy,3,happy,0.9749411344528198
data/tess/audio/YAF_merge_happy.wav,YAF_merge_happy.wav,2,train,3,happy,3,happy,0.9737902283668518
data/tess/audio/YAF_met_happy.wav,YAF_met_happy.wav,2,train,3,happy,3,happy,0.9785147309303284
data/tess/audio/YAF_mill_happy.wav,YAF_mill_happy.wav,2,train,3,happy,3,happy,0.9763622879981995
data/tess/audio/YAF_mood_happy.wav,YAF_mood_happy.wav,2,train,3,happy,3,happy,0.9752761721611023
data/tess/audio/YAF_moon_happy.wav,YAF_moon_happy.wav,2,train,3,happy,3,happy,0.977780282497406
data/tess/audio/YAF_nag_happy.wav,YAF_nag_happy.wav,2,train,3,happy,3,happy,0.977813720703125
data/tess/audio/YAF_name_happy.wav,YAF_name_happy.wav,2,train,3,happy,3,happy,0.9785171151161194
data/tess/audio/YAF_neat_happy.wav,YAF_neat_happy.wav,2,train,3,happy,3,happy,0.9786036610603333
data/tess/audio/YAF_nice_happy.wav,YAF_nice_happy.wav,2,train,3,happy,3,happy,0.9783676266670227
data/tess/audio/YAF_note_happy.wav,YAF_note_happy.wav,2,train,3,happy,3,happy,0.9774671196937561
data/tess/audio/YAF_numb_happy.wav,YAF_numb_happy.wav,2,train,3,happy,3,happy,0.9764179587364197
data/tess/audio/YAF_pad_happy.wav,YAF_pad_happy.wav,2,train,3,happy,3,happy,0.9777506589889526
data/tess/audio/YAF_pain_happy.wav,YAF_pain_happy.wav,2,train,3,happy,3,happy,0.9783610105514526
data/tess/audio/YAF_pass_happy.wav,YAF_pass_happy.wav,2,train,3,happy,3,happy,0.9781255125999451
data/tess/audio/YAF_pearl_happy.wav,YAF_pearl_happy.wav,2,train,3,happy,3,happy,0.9780234694480896
data/tess/audio/YAF_peg_happy.wav,YAF_peg_happy.wav,2,train,3,happy,3,happy,0.9785667657852173
data/tess/audio/YAF_phone_happy.wav,YAF_phone_happy.wav,2,train,3,happy,3,happy,0.9778748154640198
data/tess/audio/YAF_pick_happy.wav,YAF_pick_happy.wav,2,train,3,happy,3,happy,0.9779282808303833
data/tess/audio/YAF_pike_happy.wav,YAF_pike_happy.wav,2,train,3,happy,3,happy,0.9784975051879883
data/tess/audio/YAF_pole_happy.wav,YAF_pole_happy.wav,2,train,3,happy,3,happy,0.9782240986824036
data/tess/audio/YAF_pool_happy.wav,YAF_pool_happy.wav,2,train,3,happy,3,happy,0.9781678318977356
data/tess/audio/YAF_puff_happy.wav,YAF_puff_happy.wav,2,train,3,happy,3,happy,0.9784502387046814
data/tess/audio/YAF_rag_happy.wav,YAF_rag_happy.wav,2,train,3,happy,3,happy,0.9780289530754089
data/tess/audio/YAF_rat_happy.wav,YAF_rat_happy.wav,2,train,3,happy,3,happy,0.976650595664978
data/tess/audio/YAF_reach_happy.wav,YAF_reach_happy.wav,2,train,3,happy,3,happy,0.9757930636405945
data/tess/audio/YAF_red_happy.wav,YAF_red_happy.wav,2,train,3,happy,3,happy,0.9784693717956543
data/tess/audio/YAF_ring_happy.wav,YAF_ring_happy.wav,2,train,3,happy,3,happy,0.9785386919975281
data/tess/audio/YAF_ripe_happy.wav,YAF_ripe_happy.wav,2,train,3,happy,3,happy,0.9786412119865417
data/tess/audio/YAF_road_happy.wav,YAF_road_happy.wav,2,train,3,happy,3,happy,0.9781489968299866
data/tess/audio/YAF_room_happy.wav,YAF_room_happy.wav,2,train,3,happy,3,happy,0.9781352281570435
data/tess/audio/YAF_rose_happy.wav,YAF_rose_happy.wav,2,train,3,happy,3,happy,0.9774462580680847
data/tess/audio/YAF_rot_happy.wav,YAF_rot_happy.wav,2,train,3,happy,3,happy,0.9779120683670044
data/tess/audio/YAF_rough_happy.wav,YAF_rough_happy.wav,2,train,3,happy,3,happy,0.9781489968299866
data/tess/audio/YAF_rush_happy.wav,YAF_rush_happy.wav,2,train,3,happy,3,happy,0.9781532287597656
data/tess/audio/YAF_said_happy.wav,YAF_said_happy.wav,2,train,3,happy,3,happy,0.9780750274658203
data/tess/audio/YAF_sail_happy.wav,YAF_sail_happy.wav,2,train,3,happy,3,happy,0.9779998660087585
data/tess/audio/YAF_search_happy.wav,YAF_search_happy.wav,2,train,3,happy,3,happy,0.9779090881347656
data/tess/audio/YAF_seize_happy.wav,YAF_seize_happy.wav,2,train,3,happy,3,happy,0.9780752658843994
data/tess/audio/YAF_sell_happy.wav,YAF_sell_happy.wav,2,train,3,happy,3,happy,0.9781252145767212
data/tess/audio/YAF_shall_happy.wav,YAF_shall_happy.wav,2,train,3,happy,3,happy,0.9785305857658386
data/tess/audio/YAF_sheep_happy.wav,YAF_sheep_happy.wav,2,train,3,happy,3,happy,0.9773170948028564
data/tess/audio/YAF_shirt_happy.wav,YAF_shirt_happy.wav,2,train,3,happy,3,happy,0.9778761863708496
data/tess/audio/YAF_should_happy.wav,YAF_should_happy.wav,2,train,3,happy,3,happy,0.9784905314445496
data/tess/audio/YAF_shout_happy.wav,YAF_shout_happy.wav,2,train,3,happy,3,happy,0.9784871935844421
data/tess/audio/YAF_size_happy.wav,YAF_size_happy.wav,2,train,3,happy,3,happy,0.9765165448188782
data/tess/audio/YAF_soup_happy.wav,YAF_soup_happy.wav,2,train,3,happy,3,happy,0.9784533977508545
data/tess/audio/YAF_sour_happy.wav,YAF_sour_happy.wav,2,train,3,happy,3,happy,0.9780344367027283
data/tess/audio/YAF_sub_happy.wav,YAF_sub_happy.wav,2,train,3,happy,3,happy,0.978004515171051
data/tess/audio/YAF_such_happy.wav,YAF_such_happy.wav,2,train,3,happy,3,happy,0.9783887267112732
data/tess/audio/YAF_sure_happy.wav,YAF_sure_happy.wav,2,train,3,happy,3,happy,0.9779314398765564
data/tess/audio/YAF_take_happy.wav,YAF_take_happy.wav,2,train,3,happy,3,happy,0.9774872660636902
data/tess/audio/YAF_talk_happy.wav,YAF_talk_happy.wav,2,train,3,happy,3,happy,0.9785101413726807
data/tess/audio/YAF_tape_happy.wav,YAF_tape_happy.wav,2,train,3,happy,3,happy,0.9786252379417419
data/tess/audio/YAF_tell_happy.wav,YAF_tell_happy.wav,2,train,3,happy,3,happy,0.9780201315879822
data/tess/audio/YAF_thin_happy.wav,YAF_thin_happy.wav,2,train,3,happy,3,happy,0.9749131202697754
data/tess/audio/YAF_third_happy.wav,YAF_third_happy.wav,2,train,3,happy,3,happy,0.9768795371055603
data/tess/audio/YAF_thumb_happy.wav,YAF_thumb_happy.wav,2,train,3,happy,3,happy,0.9777085185050964
data/tess/audio/YAF_time_happy.wav,YAF_time_happy.wav,2,train,3,happy,3,happy,0.9780177474021912
data/tess/audio/YAF_tip_happy.wav,YAF_tip_happy.wav,2,train,3,happy,3,happy,0.9696053862571716
data/tess/audio/YAF_tool_happy.wav,YAF_tool_happy.wav,2,train,3,happy,3,happy,0.9782224893569946
data/tess/audio/YAF_void_happy.wav,YAF_void_happy.wav,2,train,3,happy,3,happy,0.9776871800422668
data/tess/audio/YAF_wag_happy.wav,YAF_wag_happy.wav,2,train,3,happy,3,happy,0.9766092896461487
data/tess/audio/YAF_wash_happy.wav,YAF_wash_happy.wav,2,train,3,happy,3,happy,0.9776391386985779
data/tess/audio/YAF_week_happy.wav,YAF_week_happy.wav,2,train,3,happy,3,happy,0.9782842993736267
data/tess/audio/YAF_when_happy.wav,YAF_when_happy.wav,2,train,3,happy,3,happy,0.9718285202980042
data/tess/audio/YAF_which_happy.wav,YAF_which_happy.wav,2,train,3,happy,3,happy,0.9738759398460388
data/tess/audio/YAF_whip_happy.wav,YAF_whip_happy.wav,2,train,3,happy,3,happy,0.9770230054855347
data/tess/audio/YAF_wire_happy.wav,YAF_wire_happy.wav,2,train,3,happy,3,happy,0.9764875173568726
data/tess/audio/YAF_witch_happy.wav,YAF_witch_happy.wav,2,train,3,happy,3,happy,0.9778003692626953
data/tess/audio/YAF_yes_happy.wav,YAF_yes_happy.wav,2,train,3,happy,3,happy,0.9782261252403259
data/tess/audio/YAF_young_happy.wav,YAF_young_happy.wav,2,train,3,happy,3,happy,0.9778913259506226
data/tess/audio/YAF_back_neutral.wav,YAF_back_neutral.wav,2,train,4,neutral,4,neutral,0.9778463840484619
data/tess/audio/YAF_base_neutral.wav,YAF_base_neutral.wav,2,train,4,neutral,4,neutral,0.9781618118286133
data/tess/audio/YAF_bath_neutral.wav,YAF_bath_neutral.wav,2,train,4,neutral,4,neutral,0.977642297744751
data/tess/audio/YAF_bean_neutral.wav,YAF_bean_neutral.wav,2,train,4,neutral,4,neutral,0.9780524373054504
data/tess/audio/YAF_beg_neutral.wav,YAF_beg_neutral.wav,2,train,4,neutral,4,neutral,0.977659285068512
data/tess/audio/YAF_bite_neutral.wav,YAF_bite_neutral.wav,2,train,4,neutral,4,neutral,0.978262186050415
data/tess/audio/YAF_book_neutral.wav,YAF_book_neutral.wav,2,train,4,neutral,4,neutral,0.978050947189331
data/tess/audio/YAF_bought_neutral.wav,YAF_bought_neutral.wav,2,train,4,neutral,4,neutral,0.9773241877555847
data/tess/audio/YAF_burn_neutral.wav,YAF_burn_neutral.wav,2,train,4,neutral,4,neutral,0.9781939387321472
data/tess/audio/YAF_cab_neutral.wav,YAF_cab_neutral.wav,2,train,4,neutral,4,neutral,0.977141261100769
data/tess/audio/YAF_cause_neutral.wav,YAF_cause_neutral.wav,2,train,4,neutral,4,neutral,0.9778092503547668
data/tess/audio/YAF_chain_neutral.wav,YAF_chain_neutral.wav,2,train,4,neutral,4,neutral,0.9780547022819519
data/tess/audio/YAF_chalk_neutral.wav,YAF_chalk_neutral.wav,2,train,4,neutral,4,neutral,0.9779980182647705
data/tess/audio/YAF_chat_neutral.wav,YAF_chat_neutral.wav,2,train,4,neutral,4,neutral,0.9774428606033325
data/tess/audio/YAF_chief_neutral.wav,YAF_chief_neutral.wav,2,train,4,neutral,4,neutral,0.9779125452041626
data/tess/audio/YAF_choice_neutral.wav,YAF_choice_neutral.wav,2,train,4,neutral,4,neutral,0.9780305624008179
data/tess/audio/YAF_cool_neutral.wav,YAF_cool_neutral.wav,2,train,4,neutral,4,neutral,0.9780060052871704
data/tess/audio/YAF_dab_neutral.wav,YAF_dab_neutral.wav,2,train,4,neutral,4,neutral,0.9775660037994385
data/tess/audio/YAF_date_neutral.wav,YAF_date_neutral.wav,2,train,4,neutral,4,neutral,0.9777250289916992
data/tess/audio/YAF_dead_neutral.wav,YAF_dead_neutral.wav,2,train,4,neutral,4,neutral,0.9770689606666565
data/tess/audio/YAF_death_neutral.wav,YAF_death_neutral.wav,2,train,4,neutral,4,neutral,0.9780293703079224
data/tess/audio/YAF_deep_neutral.wav,YAF_deep_neutral.wav,2,train,4,neutral,4,neutral,0.9779240489006042
data/tess/audio/YAF_dime_neutral.wav,YAF_dime_neutral.wav,2,train,4,neutral,4,neutral,0.9780870676040649
data/tess/audio/YAF_dip_neutral.wav,YAF_dip_neutral.wav,2,train,4,neutral,4,neutral,0.9778673648834229
data/tess/audio/YAF_ditch_neutral.wav,YAF_ditch_neutral.wav,2,train,4,neutral,4,neutral,0.9775394201278687
data/tess/audio/YAF_dodge_neutral.wav,YAF_dodge_neutral.wav,2,train,4,neutral,4,neutral,0.9773899912834167
data/tess/audio/YAF_doll_neutral.wav,YAF_doll_neutral.wav,2,train,4,neutral,4,neutral,0.9778472185134888
data/tess/audio/YAF_door_neutral.wav,YAF_door_neutral.wav,2,train,4,neutral,4,neutral,0.9781566858291626
data/tess/audio/YAF_fall_neutral.wav,YAF_fall_neutral.wav,2,train,4,neutral,4,neutral,0.9780673384666443
data/tess/audio/YAF_far_neutral.wav,YAF_far_neutral.wav,2,train,4,neutral,4,neutral,0.9776273965835571
data/tess/audio/YAF_fat_neutral.wav,YAF_fat_neutral.wav,2,train,4,neutral,4,neutral,0.978158712387085
data/tess/audio/YAF_fit_neutral.wav,YAF_fit_neutral.wav,2,train,4,neutral,4,neutral,0.9777631163597107
data/tess/audio/YAF_five_neutral.wav,YAF_five_neutral.wav,2,train,4,neutral,4,neutral,0.9774575233459473
data/tess/audio/YAF_food_neutral.wav,YAF_food_neutral.wav,2,train,4,neutral,4,neutral,0.9776749014854431
data/tess/audio/YAF_gap_neutral.wav,YAF_gap_neutral.wav,2,train,4,neutral,4,neutral,0.9776350259780884
data/tess/audio/YAF_gas_neutral.wav,YAF_gas_neutral.wav,2,train,4,neutral,4,neutral,0.97802734375
data/tess/audio/YAF_gaze_neutral.wav,YAF_gaze_neutral.wav,2,train,4,neutral,4,neutral,0.977674663066864
data/tess/audio/YAF_germ_neutral.wav,YAF_germ_neutral.wav,2,train,4,neutral,4,neutral,0.9778283834457397
data/tess/audio/YAF_good_neutral.wav,YAF_good_neutral.wav,2,train,4,neutral,4,neutral,0.9777683615684509
data/tess/audio/YAF_gun_neutral.wav,YAF_gun_neutral.wav,2,train,4,neutral,4,neutral,0.978093683719635
data/tess/audio/YAF_hall_neutral.wav,YAF_hall_neutral.wav,2,train,4,neutral,4,neutral,0.9777951240539551
data/tess/audio/YAF_hash_neutral.wav,YAF_hash_neutral.wav,2,train,4,neutral,4,neutral,0.9781087636947632
data/tess/audio/YAF_hire_neutral.wav,YAF_hire_neutral.wav,2,train,4,neutral,4,neutral,0.9777482748031616
data/tess/audio/YAF_hit_neutral.wav,YAF_hit_neutral.wav,2,train,4,neutral,4,neutral,0.9777495265007019
data/tess/audio/YAF_hole_neutral.wav,YAF_hole_neutral.wav,2,train,4,neutral,4,neutral,0.9779014587402344
data/tess/audio/YAF_hurl_neutral.wav,YAF_hurl_neutral.wav,2,train,4,neutral,4,neutral,0.9780644178390503
data/tess/audio/YAF_hush_neutral.wav,YAF_hush_neutral.wav,2,train,4,neutral,4,neutral,0.9780089855194092
data/tess/audio/YAF_jail_neutral.wav,YAF_jail_neutral.wav,2,train,4,neutral,4,neutral,0.9779341816902161
data/tess/audio/YAF_jar_neutral.wav,YAF_jar_neutral.wav,2,train,4,neutral,4,neutral,0.9781230092048645
data/tess/audio/YAF_join_neutral.wav,YAF_join_neutral.wav,2,train,4,neutral,4,neutral,0.9780908823013306
data/tess/audio/YAF_judge_neutral.wav,YAF_judge_neutral.wav,2,train,4,neutral,4,neutral,0.977865993976593
data/tess/audio/YAF_jug_neutral.wav,YAF_jug_neutral.wav,2,train,4,neutral,4,neutral,0.9777040481567383
data/tess/audio/YAF_keep_neutral.wav,YAF_keep_neutral.wav,2,train,4,neutral,4,neutral,0.9780676960945129
data/tess/audio/YAF_kick_neutral.wav,YAF_kick_neutral.wav,2,train,4,neutral,4,neutral,0.9779499173164368
data/tess/audio/YAF_kill_neutral.wav,YAF_kill_neutral.wav,2,train,4,neutral,4,neutral,0.9778774380683899
data/tess/audio/YAF_king_neutral.wav,YAF_king_neutral.wav,2,train,4,neutral,4,neutral,0.9780040979385376
data/tess/audio/YAF_kite_neutral.wav,YAF_kite_neutral.wav,2,train,4,neutral,4,neutral,0.9779862761497498
data/tess/audio/YAF_knock_neutral.wav,YAF_knock_neutral.wav,2,train,4,neutral,4,neutral,0.978101909160614
data/tess/audio/YAF_laud_neutral.wav,YAF_laud_neutral.wav,2,train,4,neutral,4,neutral,0.9779608845710754
data/tess/audio/YAF_lean_neutral.wav,YAF_lean_neutral.wav,2,train,4,neutral,4,neutral,0.9781539440155029
data/tess/audio/YAF_lease_neutral.wav,YAF_lease_neutral.wav,2,train,4,neutral,4,neutral,0.9781531095504761
data/tess/audio/YAF_lid_neutral.wav,YAF_lid_neutral.wav,2,train,4,neutral,4,neutral,0.9778568148612976
data/tess/audio/YAF_life_neutral.wav,YAF_life_neutral.wav,2,train,4,neutral,4,neutral,0.978148341178894
data/tess/audio/YAF_long_neutral.wav,YAF_long_neutral.wav,2,train,4,neutral,4,neutral,0.9781743288040161
data/tess/audio/YAF_lot_neutral.wav,YAF_lot_neutral.wav,2,train,4,neutral,4,neutral,0.9782012701034546
data/tess/audio/YAF_love_neutral.wav,YAF_love_neutral.wav,2,train,4,neutral,4,neutral,0.9778984785079956
data/tess/audio/YAF_luck_neutral.wav,YAF_luck_neutral.wav,2,train,4,neutral,4,neutral,0.9779737591743469
data/tess/audio/YAF_make_neutral.wav,YAF_make_neutral.wav,2,train,4,neutral,4,neutral,0.9782203435897827
data/tess/audio/YAF_match_neutral.wav,YAF_match_neutral.wav,2,train,4,neutral,4,neutral,0.9777113795280457
data/tess/audio/YAF_merge_neutral.wav,YAF_merge_neutral.wav,2,train,4,neutral,4,neutral,0.9774104952812195
data/tess/audio/YAF_met_neutral.wav,YAF_met_neutral.wav,2,train,4,neutral,4,neutral,0.9782623052597046
data/tess/audio/YAF_mill_neutral.wav,YAF_mill_neutral.wav,2,train,4,neutral,4,neutral,0.9776144027709961
data/tess/audio/YAF_mood_neutral.wav,YAF_mood_neutral.wav,2,train,4,neutral,4,neutral,0.9780616760253906
data/tess/audio/YAF_moon_neutral.wav,YAF_moon_neutral.wav,2,train,4,neutral,4,neutral,0.9781795740127563
data/tess/audio/YAF_nag_neutral.wav,YAF_nag_neutral.wav,2,train,4,neutral,4,neutral,0.9781143665313721
data/tess/audio/YAF_name_neutral.wav,YAF_name_neutral.wav,2,train,4,neutral,4,neutral,0.977871835231781
data/tess/audio/YAF_neat_neutral.wav,YAF_neat_neutral.wav,2,train,4,neutral,4,neutral,0.9781683087348938
data/tess/audio/YAF_nice_neutral.wav,YAF_nice_neutral.wav,2,train,4,neutral,4,neutral,0.9780006408691406
data/tess/audio/YAF_note_neutral.wav,YAF_note_neutral.wav,2,train,4,neutral,4,neutral,0.9778439998626709
data/tess/audio/YAF_numb_neutral.wav,YAF_numb_neutral.wav,2,train,4,neutral,4,neutral,0.9776217937469482
data/tess/audio/YAF_pad_neutral.wav,YAF_pad_neutral.wav,2,train,4,neutral,4,neutral,0.9774469137191772
data/tess/audio/YAF_pain_neutral.wav,YAF_pain_neutral.wav,2,train,4,neutral,4,neutral,0.9779601693153381
data/tess/audio/YAF_pass_neutral.wav,YAF_pass_neutral.wav,2,train,4,neutral,4,neutral,0.9780997633934021
data/tess/audio/YAF_pearl_neutral.wav,YAF_pearl_neutral.wav,2,train,4,neutral,4,neutral,0.9778622388839722
data/tess/audio/YAF_peg_neutral.wav,YAF_peg_neutral.wav,2,train,4,neutral,4,neutral,0.978091299533844
data/tess/audio/YAF_phone_neutral.wav,YAF_phone_neutral.wav,2,train,4,neutral,4,neutral,0.9779108166694641
data/tess/audio/YAF_pick_neutral.wav,YAF_pick_neutral.wav,2,train,4,neutral,4,neutral,0.9778072237968445
data/tess/audio/YAF_pike_neutral.wav,YAF_pike_neutral.wav,2,train,4,neutral,4,neutral,0.9778674840927124
data/tess/audio/YAF_pole_neutral.wav,YAF_pole_neutral.wav,2,train,4,neutral,4,neutral,0.977773129940033
data/tess/audio/YAF_pool_neutral.wav,YAF_pool_neutral.wav,2,train,4,neutral,4,neutral,0.9780561923980713
data/tess/audio/YAF_puff_neutral.wav,YAF_puff_neutral.wav,2,train,4,neutral,4,neutral,0.977876603603363
data/tess/audio/YAF_rag_neutral.wav,YAF_rag_neutral.wav,2,train,4,neutral,4,neutral,0.9776244163513184
data/tess/audio/YAF_rat_neutral.wav,YAF_rat_neutral.wav,2,train,4,neutral,4,neutral,0.9777307510375977
data/tess/audio/YAF_reach_neutral.wav,YAF_reach_neutral.wav,2,train,4,neutral,4,neutral,0.9780062437057495
data/tess/audio/YAF_red_neutral.wav,YAF_red_neutral.wav,2,train,4,neutral,4,neutral,0.9778182506561279
data/tess/audio/YAF_ring_neutral.wav,YAF_ring_neutral.wav,2,train,4,neutral,4,neutral,0.9781416058540344
data/tess/audio/YAF_ripe_neutral.wav,YAF_ripe_neutral.wav,2,train,4,neutral,4,neutral,0.9777853488922119
data/tess/audio/YAF_road_neutral.wav,YAF_road_neutral.wav,2,train,4,neutral,4,neutral,0.9775100350379944
data/tess/audio/YAF_room_neutral.wav,YAF_room_neutral.wav,2,train,4,neutral,4,neutral,0.9777317643165588
data/tess/audio/YAF_rose_neutral.wav,YAF_rose_neutral.wav,2,train,4,neutral,4,neutral,0.9779314398765564
data/tess/audio/YAF_rot_neutral.wav,YAF_rot_neutral.wav,2,train,4,neutral,4,neutral,0.9777656197547913
data/tess/audio/YAF_rough_neutral.wav,YAF_rough_neutral.wav,2,train,4,neutral,4,neutral,0.9777726531028748
data/tess/audio/YAF_rush_neutral.wav,YAF_rush_neutral.wav,2,train,4,neutral,4,neutral,0.9774999022483826
data/tess/audio/YAF_said_neutral.wav,YAF_said_neutral.wav,2,train,4,neutral,4,neutral,0.9775711297988892
data/tess/audio/YAF_sail_neutral.wav,YAF_sail_neutral.wav,2,train,4,neutral,4,neutral,0.9776660203933716
data/tess/audio/YAF_search_neutral.wav,YAF_search_neutral.wav,2,train,4,neutral,4,neutral,0.9776518940925598
data/tess/audio/YAF_seize_neutral.wav,YAF_seize_neutral.wav,2,train,4,neutral,4,neutral,0.9780338406562805
data/tess/audio/YAF_sell_neutral.wav,YAF_sell_neutral.wav,2,train,4,neutral,4,neutral,0.9776676297187805
data/tess/audio/YAF_shall_neutral.wav,YAF_shall_neutral.wav,2,train,4,neutral,4,neutral,0.9777182936668396
data/tess/audio/YAF_sheep_neutral.wav,YAF_sheep_neutral.wav,2,train,4,neutral,4,neutral,0.977784276008606
data/tess/audio/YAF_shirt_neutral.wav,YAF_shirt_neutral.wav,2,train,4,neutral,4,neutral,0.9778165221214294
data/tess/audio/YAF_should_neutral.wav,YAF_should_neutral.wav,2,train,4,neutral,4,neutral,0.9779326915740967
data/tess/audio/YAF_shout_neutral.wav,YAF_shout_neutral.wav,2,train,4,neutral,4,neutral,0.9777929782867432
data/tess/audio/YAF_size_neutral.wav,YAF_size_neutral.wav,2,train,4,neutral,4,neutral,0.9779714941978455
data/tess/audio/YAF_soup_neutral.wav,YAF_soup_neutral.wav,2,train,4,neutral,4,neutral,0.9778123497962952
data/tess/audio/YAF_sour_neutral.wav,YAF_sour_neutral.wav,2,train,4,neutral,4,neutral,0.9776439070701599
data/tess/audio/YAF_sub_neutral.wav,YAF_sub_neutral.wav,2,train,4,neutral,4,neutral,0.9780895113945007
data/tess/audio/YAF_such_neutral.wav,YAF_such_neutral.wav,2,train,4,neutral,4,neutral,0.9779139161109924
data/tess/audio/YAF_sure_neutral.wav,YAF_sure_neutral.wav,2,train,4,neutral,4,neutral,0.977951169013977
data/tess/audio/YAF_take_neutral.wav,YAF_take_neutral.wav,2,train,4,neutral,4,neutral,0.9780942797660828
data/tess/audio/YAF_talk_neutral.wav,YAF_talk_neutral.wav,2,train,4,neutral,4,neutral,0.9777562618255615
data/tess/audio/YAF_tape_neutral.wav,YAF_tape_neutral.wav,2,train,4,neutral,4,neutral,0.9778497219085693
data/tess/audio/YAF_tell_neutral.wav,YAF_tell_neutral.wav,2,train,4,neutral,4,neutral,0.9778919816017151
data/tess/audio/YAF_thin_neutral.wav,YAF_thin_neutral.wav,2,train,4,neutral,4,neutral,0.9780439734458923
data/tess/audio/YAF_third_neutral.wav,YAF_third_neutral.wav,2,train,4,neutral,4,neutral,0.9776344299316406
data/tess/audio/YAF_thumb_neutral.wav,YAF_thumb_neutral.wav,2,train,4,neutral,4,neutral,0.9778310060501099
data/tess/audio/YAF_time_neutral.wav,YAF_time_neutral.wav,2,train,4,neutral,4,neutral,0.9778293371200562
data/tess/audio/YAF_tip_neutral.wav,YAF_tip_neutral.wav,2,train,4,neutral,4,neutral,0.9779858589172363
data/tess/audio/YAF_tool_neutral.wav,YAF_tool_neutral.wav,2,train,4,neutral,4,neutral,0.9778674840927124
data/tess/audio/YAF_void_neutral.wav,YAF_void_neutral.wav,2,train,4,neutral,4,neutral,0.9780332446098328
data/tess/audio/YAF_wag_neutral.wav,YAF_wag_neutral.wav,2,train,4,neutral,4,neutral,0.9773880839347839
data/tess/audio/YAF_wash_neutral.wav,YAF_wash_neutral.wav,2,train,4,neutral,4,neutral,0.9779937267303467
data/tess/audio/YAF_week_neutral.wav,YAF_week_neutral.wav,2,train,4,neutral,4,neutral,0.9779418110847473
data/tess/audio/YAF_when_neutral.wav,YAF_when_neutral.wav,2,train,4,neutral,4,neutral,0.9780529141426086
data/tess/audio/YAF_which_neutral.wav,YAF_which_neutral.wav,2,train,4,neutral,4,neutral,0.9777714014053345
data/tess/audio/YAF_whip_neutral.wav,YAF_whip_neutral.wav,2,train,4,neutral,4,neutral,0.9778423309326172
data/tess/audio/YAF_wire_neutral.wav,YAF_wire_neutral.wav,2,train,4,neutral,4,neutral,0.9779084324836731
data/tess/audio/YAF_witch_neutral.wav,YAF_witch_neutral.wav,2,train,4,neutral,4,neutral,0.97784423828125
data/tess/audio/YAF_yes_neutral.wav,YAF_yes_neutral.wav,2,train,4,neutral,4,neutral,0.9778410792350769
data/tess/audio/YAF_young_neutral.wav,YAF_young_neutral.wav,2,train,4,neutral,4,neutral,0.9781582355499268
data/tess/audio/YAF_back_pleasant_surprise.wav,YAF_back_pleasant_surprise.wav,2,train,5,pleasant_surprise,5,pleasant_surprise,0.9773667454719543
data/tess/audio/YAF_base_pleasant_surprise.wav,YAF_base_pleasant_surprise.wav,2,train,5,pleasant_surprise,5,pleasant_surprise,0.976207435131073
data/tess/audio/YAF_bath_pleasant_surprise.wav,YAF_bath_pleasant_surprise.wav,2,train,5,pleasant_surprise,5,pleasant_surprise,0.9775609374046326
data/tess/audio/YAF_bean_pleasant_surprise.wav,YAF_bean_pleasant_surprise.wav,2,train,5,pleasant_surprise,5,pleasant_surprise,0.9771565794944763
data/tess/audio/YAF_beg_pleasant_surprise.wav,YAF_beg_pleasant_surprise.wav,2,train,5,pleasant_surprise,5,pleasant_surprise,0.977024495601654
data/tess/audio/YAF_bite_pleasant_surprise.wav,YAF_bite_pleasant_surprise.wav,2,train,5,pleasant_surprise,5,pleasant_surprise,0.9772890210151672
data/tess/audio/YAF_book_pleasant_surprise.wav,YAF_book_pleasant_surprise.wav,2,train,5,pleasant_surprise,5,pleasant_surprise,0.9766201972961426
data/tess/audio/YAF_bought_pleasant_surprise.wav,YAF_bought_pleasant_surprise.wav,2,train,5,pleasant_surprise,5,pleasant_surprise,0.9774549007415771
data/tess/audio/YAF_burn_pleasant_surprise.wav,YAF_burn_pleasant_surprise.wav,2,train,5,pleasant_surprise,5,pleasant_surprise,0.9774755239486694
data/tess/audio/YAF_cab_pleasant_surprise.wav,YAF_cab_pleasant_surprise.wav,2,train,5,pleasant_surprise,5,pleasant_surprise,0.9775078892707825
data/tess/audio/YAF_cause_pleasant_surprise.wav,YAF_cause_pleasant_surprise.wav,2,train,5,pleasant_surprise,5,pleasant_surprise,0.9774633646011353
data/tess/audio/YAF_chain_pleasant_surprise.wav,YAF_chain_pleasant_surprise.wav,2,train,5,pleasant_surprise,5,pleasant_surprise,0.976061224937439
data/tess/audio/YAF_chalk_pleasant_surprise.wav,YAF_chalk_pleasant_surprise.wav,2,train,5,pleasant_surprise,5,pleasant_surprise,0.97755366563797
data/tess/audio/YAF_chat_pleasant_surprise.wav,YAF_chat_pleasant_surprise.wav,2,train,5,pleasant_surprise,5,pleasant_surprise,0.9775058031082153
data/tess/audio/YAF_chief_pleasant_surprise.wav,YAF_chief_pleasant_surprise.wav,2,train,5,pleasant_surprise,5,pleasant_surprise,0.9766891002655029
data/tess/audio/YAF_choice_pleasant_surprise.wav,YAF_choice_pleasant_surprise.wav,2,train,5,pleasant_surprise,5,pleasant_surprise,0.9772751331329346
data/tess/audio/YAF_cool_pleasant_surprise.wav,YAF_cool_pleasant_surprise.wav,2,train,5,pleasant_surprise,5,pleasant_surprise,0.9770215153694153
data/tess/audio/YAF_dab_pleasant_surprise.wav,YAF_dab_pleasant_surprise.wav,2,train,5,pleasant_surprise,5,pleasant_surprise,0.977801501750946
data/tess/audio/YAF_date_pleasant_surprise.wav,YAF_date_pleasant_surprise.wav,2,train,5,pleasant_surprise,5,pleasant_surprise,0.9772782921791077
data/tess/audio/YAF_dead_pleasant_surprise.wav,YAF_dead_pleasant_surprise.wav,2,train,5,pleasant_surprise,5,pleasant_surprise,0.9776421785354614
data/tess/audio/YAF_death_pleasant_surprise.wav,YAF_death_pleasant_surprise.wav,2,train,5,pleasant_surprise,5,pleasant_surprise,0.9774119853973389
data/tess/audio/YAF_deep_pleasant_surprise.wav,YAF_deep_pleasant_surprise.wav,2,train,5,pleasant_surprise,5,pleasant_surprise,0.9774938821792603
data/tess/audio/YAF_dime_pleasant_surprise.wav,YAF_dime_pleasant_surprise.wav,2,train,5,pleasant_surprise,5,pleasant_surprise,0.9773704409599304
data/tess/audio/YAF_dip_pleasant_surprise.wav,YAF_dip_pleasant_surprise.wav,2,train,5,pleasant_surprise,5,pleasant_surprise,0.9775410294532776
data/tess/audio/YAF_ditch_pleasant_surprise.wav,YAF_ditch_pleasant_surprise.wav,2,train,5,pleasant_surprise,5,pleasant_surprise,0.9764000177383423
data/tess/audio/YAF_dodge_pleasant_surprise.wav,YAF_dodge_pleasant_surprise.wav,2,train,5,pleasant_surprise,5,pleasant_surprise,0.9771788120269775
data/tess/audio/YAF_doll_pleasant_surprise.wav,YAF_doll_pleasant_surprise.wav,2,train,5,pleasant_surprise,5,pleasant_surprise,0.9768522381782532
data/tess/audio/YAF_door_pleasant_surprise.wav,YAF_door_pleasant_surprise.wav,2,train,5,pleasant_surprise,5,pleasant_surprise,0.9768998622894287
data/tess/audio/YAF_fall_pleasant_surprise.wav,YAF_fall_pleasant_surprise.wav,2,train,5,pleasant_surprise,5,pleasant_surprise,0.9771893620491028
data/tess/audio/YAF_far_pleasant_surprise.wav,YAF_far_pleasant_surprise.wav,2,train,5,pleasant_surprise,5,pleasant_surprise,0.9767568111419678
data/tess/audio/YAF_fat_pleasant_surprise.wav,YAF_fat_pleasant_surprise.wav,2,train,5,pleasant_surprise,5,pleasant_surprise,0.9774917960166931
data/tess/audio/YAF_fit_pleasant_surprise.wav,YAF_fit_pleasant_surprise.wav,2,train,5,pleasant_surprise,5,pleasant_surprise,0.9771949648857117
data/tess/audio/YAF_five_pleasant_surprise.wav,YAF_five_pleasant_surprise.wav,2,train,5,pleasant_surprise,5,pleasant_surprise,0.9773225784301758
data/tess/audio/YAF_food_pleasant_surprise.wav,YAF_food_pleasant_surprise.wav,2,train,5,pleasant_surprise,5,pleasant_surprise,0.9774672389030457
data/tess/audio/YAF_gap_pleasant_surprise.wav,YAF_gap_pleasant_surprise.wav,2,train,5,pleasant_surprise,5,pleasant_surprise,0.9774686098098755
data/tess/audio/YAF_gas_pleasant_surprise.wav,YAF_gas_pleasant_surprise.wav,2,train,5,pleasant_surprise,5,pleasant_surprise,0.9774163961410522
data/tess/audio/YAF_gaze_pleasant_surprise.wav,YAF_gaze_pleasant_surprise.wav,2,train,5,pleasant_surprise,5,pleasant_surprise,0.9772771596908569
data/tess/audio/YAF_germ_pleasant_surprise.wav,YAF_germ_pleasant_surprise.wav,2,train,5,pleasant_surprise,5,pleasant_surprise,0.9774919152259827
data/tess/audio/YAF_good_pleasant_surprise.wav,YAF_good_pleasant_surprise.wav,2,train,5,pleasant_surprise,5,pleasant_surprise,0.9766526222229004
data/tess/audio/YAF_gun_pleasant_surprise.wav,YAF_gun_pleasant_surprise.wav,2,train,5,pleasant_surprise,5,pleasant_surprise,0.9775968194007874
data/tess/audio/YAF_hall_pleasant_surprise.wav,YAF_hall_pleasant_surprise.wav,2,train,5,pleasant_surprise,5,pleasant_surprise,0.9757005572319031
data/tess/audio/YAF_hash_pleasant_surprise.wav,YAF_hash_pleasant_surprise.wav,2,train,5,pleasant_surprise,5,pleasant_surprise,0.9770335555076599
data/tess/audio/YAF_hire_pleasant_surprise.wav,YAF_hire_pleasant_surprise.wav,2,train,5,pleasant_surprise,5,pleasant_surprise,0.9773642420768738
data/tess/audio/YAF_hit_pleasant_surprise.wav,YAF_hit_pleasant_surprise.wav,2,train,5,pleasant_surprise,5,pleasant_surprise,0.9761713147163391
data/tess/audio/YAF_hole_pleasant_surprise.wav,YAF_hole_pleasant_surprise.wav,2,train,5,pleasant_surprise,5,pleasant_surprise,0.9764893651008606
data/tess/audio/YAF_hurl_pleasant_surprise.wav,YAF_hurl_pleasant_surprise.wav,2,train,5,pleasant_surprise,5,pleasant_surprise,0.9770612120628357
data/tess/audio/YAF_hush_pleasant_surprise.wav,YAF_hush_pleasant_surprise.wav,2,train,5,pleasant_surprise,5,pleasant_surprise,0.9762426614761353
data/tess/audio/YAF_jail_pleasant_surprise.wav,YAF_jail_pleasant_surprise.wav,2,train,5,pleasant_surprise,5,pleasant_surprise,0.9765368700027466
data/tess/audio/YAF_jar_pleasant_surprise.wav,YAF_jar_pleasant_surprise.wav,2,train,5,pleasant_surprise,5,pleasant_surprise,0.977177083492279
data/tess/audio/YAF_join_pleasant_surprise.wav,YAF_join_pleasant_surprise.wav,2,train,5,pleasant_surprise,5,pleasant_surprise,0.9772725105285645
data/tess/audio/YAF_judge_pleasant_surprise.wav,YAF_judge_pleasant_surprise.wav,2,train,5,pleasant_surprise,5,pleasant_surprise,0.9772436618804932
data/tess/audio/YAF_jug_pleasant_surprise.wav,YAF_jug_pleasant_surprise.wav,2,train,5,pleasant_surprise,5,pleasant_surprise,0.9768151044845581
data/tess/audio/YAF_keep_pleasant_surprise.wav,YAF_keep_pleasant_surprise.wav,2,train,5,pleasant_surprise,5,pleasant_surprise,0.9772411584854126
data/tess/audio/YAF_kick_pleasant_surprise.wav,YAF_kick_pleasant_surprise.wav,2,train,5,pleasant_surprise,5,pleasant_surprise,0.9769306182861328
data/tess/audio/YAF_kill_pleasant_surprise.wav,YAF_kill_pleasant_surprise.wav,2,train,5,pleasant_surprise,5,pleasant_surprise,0.9770973920822144
data/tess/audio/YAF_king_pleasant_surprise.wav,YAF_king_pleasant_surprise.wav,2,train,5,pleasant_surprise,5,pleasant_surprise,0.9763927459716797
data/tess/audio/YAF_kite_pleasant_surprise.wav,YAF_kite_pleasant_surprise.wav,2,train,5,pleasant_surprise,5,pleasant_surprise,0.9773095846176147
data/tess/audio/YAF_knock_pleasant_surprise.wav,YAF_knock_pleasant_surprise.wav,2,train,5,pleasant_surprise,5,pleasant_surprise,0.9776796698570251
data/tess/audio/YAF_laud_pleasant_surprise.wav,YAF_laud_pleasant_surprise.wav,2,train,5,pleasant_surprise,5,pleasant_surprise,0.9729481339454651
data/tess/audio/YAF_lean_pleasant_surprise.wav,YAF_lean_pleasant_surprise.wav,2,train,5,pleasant_surprise,5,pleasant_surprise,0.9774060845375061
data/tess/audio/YAF_lease_pleasant_surprise.wav,YAF_lease_pleasant_surprise.wav,2,train,5,pleasant_surprise,5,pleasant_surprise,0.9773918390274048
data/tess/audio/YAF_lid_pleasant_surprise.wav,YAF_lid_pleasant_surprise.wav,2,train,5,pleasant_surprise,5,pleasant_surprise,0.9775573015213013
data/tess/audio/YAF_life_pleasant_surprise.wav,YAF_life_pleasant_surprise.wav,2,train,5,pleasant_surprise,5,pleasant_surprise,0.9774689078330994
data/tess/audio/YAF_long_pleasant_surprise.wav,YAF_long_pleasant_surprise.wav,2,train,5,pleasant_surprise,5,pleasant_surprise,0.9771435260772705
data/tess/audio/YAF_lot_pleasant_surprise.wav,YAF_lot_pleasant_surprise.wav,2,train,5,pleasant_surprise,5,pleasant_surprise,0.9775261282920837
data/tess/audio/YAF_love_pleasant_surprise.wav,YAF_love_pleasant_surprise.wav,2,train,5,pleasant_surprise,5,pleasant_surprise,0.9771915674209595
data/tess/audio/YAF_luck_pleasant_surprise.wav,YAF_luck_pleasant_surprise.wav,2,train,5,pleasant_surprise,5,pleasant_surprise,0.9774712920188904
data/tess/audio/YAF_make_pleasant_surprise.wav,YAF_make_pleasant_surprise.wav,2,train,5,pleasant_surprise,5,pleasant_surprise,0.9770691990852356
data/tess/audio/YAF_match_pleasant_surprise.wav,YAF_match_pleasant_surprise.wav,2,train,5,pleasant_surprise,5,pleasant_surprise,0.9769121408462524
data/tess/audio/YAF_merge_pleasant_surprise.wav,YAF_merge_pleasant_surprise.wav,2,train,5,pleasant_surprise,5,pleasant_surprise,0.9760493040084839
data/tess/audio/YAF_met_pleasant_surprise.wav,YAF_met_pleasant_surprise.wav,2,train,5,pleasant_surprise,5,pleasant_surprise,0.9773335456848145
data/tess/audio/YAF_mill_pleasant_surprise.wav,YAF_mill_pleasant_surprise.wav,2,train,5,pleasant_surprise,5,pleasant_surprise,0.975300669670105
data/tess/audio/YAF_mood_pleasant_surprise.wav,YAF_mood_pleasant_surprise.wav,2,train,5,pleasant_surprise,5,pleasant_surprise,0.9774293899536133
data/tess/audio/YAF_moon_pleasant_surprise.wav,YAF_moon_pleasant_surprise.wav,2,train,5,pleasant_surprise,5,pleasant_surprise,0.9768194556236267
data/tess/audio/YAF_nag_pleasant_surprise.wav,YAF_nag_pleasant_surprise.wav,2,train,5,pleasant_surprise,5,pleasant_surprise,0.9774712920188904
data/tess/audio/YAF_name_pleasant_surprise.wav,YAF_name_pleasant_surprise.wav,2,train,5,pleasant_surprise,5,pleasant_surprise,0.9767709970474243
data/tess/audio/YAF_neat_pleasant_surprise.wav,YAF_neat_pleasant_surprise.wav,2,train,5,pleasant_surprise,5,pleasant_surprise,0.9774550199508667
data/tess/audio/YAF_nice_pleasant_surprise.wav,YAF_nice_pleasant_surprise.wav,2,train,5,pleasant_surprise,5,pleasant_surprise,0.9776001572608948
data/tess/audio/YAF_note_pleasant_surprise.wav,YAF_note_pleasant_surprise.wav,2,train,5,pleasant_surprise,5,pleasant_surprise,0.97664475440979
data/tess/audio/YAF_numb_pleasant_surprise.wav,YAF_numb_pleasant_surprise.wav,2,train,5,pleasant_surprise,5,pleasant_surprise,0.9773331880569458
data/tess/audio/YAF_pad_pleasant_surprise.wav,YAF_pad_pleasant_surprise.wav,2,train,5,pleasant_surprise,5,pleasant_surprise,0.9773129224777222
data/tess/audio/YAF_pain_pleasant_surprise.wav,YAF_pain_pleasant_surprise.wav,2,train,5,pleasant_surprise,5,pleasant_surprise,0.9767773747444153
data/tess/audio/YAF_pass_pleasant_surprise.wav,YAF_pass_pleasant_surprise.wav,2,train,5,pleasant_surprise,5,pleasant_surprise,0.9774176478385925
data/tess/audio/YAF_pearl_pleasant_surprise.wav,YAF_pearl_pleasant_surprise.wav,2,train,5,pleasant_surprise,5,pleasant_surprise,0.977169930934906
data/tess/audio/YAF_peg_pleasant_surprise.wav,YAF_peg_pleasant_surprise.wav,2,train,5,pleasant_surprise,5,pleasant_surprise,0.9774041175842285
data/tess/audio/YAF_phone_pleasant_surprise.wav,YAF_phone_pleasant_surprise.wav,2,train,5,pleasant_surprise,5,pleasant_surprise,0.977226972579956
data/tess/audio/YAF_pick_pleasant_surprise.wav,YAF_pick_pleasant_surprise.wav,2,train,5,pleasant_surprise,5,pleasant_surprise,0.9758421182632446
data/tess/audio/YAF_pike_pleasant_surprise.wav,YAF_pike_pleasant_surprise.wav,2,train,5,pleasant_surprise,5,pleasant_surprise,0.977681040763855
data/tess/audio/YAF_pole_pleasant_surprise.wav,YAF_pole_pleasant_surprise.wav,2,train,5,pleasant_surprise,5,pleasant_surprise,0.9762744307518005
data/tess/audio/YAF_pool_pleasant_surprise.wav,YAF_pool_pleasant_surprise.wav,2,train,5,pleasant_surprise,5,pleasant_surprise,0.9761602878570557
data/tess/audio/YAF_puff_pleasant_surprise.wav,YAF_puff_pleasant_surprise.wav,2,train,5,pleasant_surprise,5,pleasant_surprise,0.9774295091629028
data/tess/audio/YAF_rag_pleasant_surprise.wav,YAF_rag_pleasant_surprise.wav,2,train,5,pleasant_surprise,5,pleasant_surprise,0.977497398853302
data/tess/audio/YAF_rat_pleasant_surprise.wav,YAF_rat_pleasant_surprise.wav,2,train,5,pleasant_surprise,5,pleasant_surprise,0.9773191809654236
data/tess/audio/YAF_reach_pleasant_surprise.wav,YAF_reach_pleasant_surprise.wav,2,train,5,pleasant_surprise,5,pleasant_surprise,0.9768241047859192
data/tess/audio/YAF_red_pleasant_surprise.wav,YAF_red_pleasant_surprise.wav,2,train,5,pleasant_surprise,5,pleasant_surprise,0.9770033955574036
data/tess/audio/YAF_ring_pleasant_surprise.wav,YAF_ring_pleasant_surprise.wav,2,train,5,pleasant_surprise,5,pleasant_surprise,0.9771863222122192
data/tess/audio/YAF_ripe_pleasant_surprise.wav,YAF_ripe_pleasant_surprise.wav,2,train,5,pleasant_surprise,5,pleasant_surprise,0.9774173498153687
data/tess/audio/YAF_road_pleasant_surprise.wav,YAF_road_pleasant_surprise.wav,2,train,5,pleasant_surprise,5,pleasant_surprise,0.976303219795227
data/tess/audio/YAF_room_pleasant_surprise.wav,YAF_room_pleasant_surprise.wav,2,train,5,pleasant_surprise,5,pleasant_surprise,0.9767979383468628
data/tess/audio/YAF_rose_pleasant_surprise.wav,YAF_rose_pleasant_surprise.wav,2,train,5,pleasant_surprise,5,pleasant_surprise,0.9775395393371582
data/tess/audio/YAF_rot_pleasant_surprise.wav,YAF_rot_pleasant_surprise.wav,2,train,5,pleasant_surprise,5,pleasant_surprise,0.9767264127731323
data/tess/audio/YAF_rough_pleasant_surprise.wav,YAF_rough_pleasant_surprise.wav,2,train,5,pleasant_surprise,5,pleasant_surprise,0.9776401519775391
data/tess/audio/YAF_rush_pleasant_surprise.wav,YAF_rush_pleasant_surprise.wav,2,train,5,pleasant_surprise,5,pleasant_surprise,0.976378321647644
data/tess/audio/YAF_said_pleasant_surprise.wav,YAF_said_pleasant_surprise.wav,2,train,5,pleasant_surprise,5,pleasant_surprise,0.977629542350769
data/tess/audio/YAF_sail_pleasant_surprise.wav,YAF_sail_pleasant_surprise.wav,2,train,5,pleasant_surprise,5,pleasant_surprise,0.9772034883499146
data/tess/audio/YAF_search_pleasant_surprise.wav,YAF_search_pleasant_surprise.wav,2,train,5,pleasant_surprise,5,pleasant_surprise,0.977198600769043
data/tess/audio/YAF_seize_pleasant_surprise.wav,YAF_seize_pleasant_surprise.wav,2,train,5,pleasant_surprise,5,pleasant_surprise,0.9777711629867554
data/tess/audio/YAF_sell_pleasant_surprise.wav,YAF_sell_pleasant_surprise.wav,2,train,5,pleasant_surprise,5,pleasant_surprise,0.9771385192871094
data/tess/audio/YAF_shall_pleasant_surprise.wav,YAF_shall_pleasant_surprise.wav,2,train,5,pleasant_surprise,5,pleasant_surprise,0.9770948886871338
data/tess/audio/YAF_sheep_pleasant_surprise.wav,YAF_sheep_pleasant_surprise.wav,2,train,5,pleasant_surprise,5,pleasant_surprise,0.9777040481567383
data/tess/audio/YAF_shirt_pleasant_surprise.wav,YAF_shirt_pleasant_surprise.wav,2,train,5,pleasant_surprise,5,pleasant_surprise,0.9773107171058655
data/tess/audio/YAF_should_pleasant_surprise.wav,YAF_should_pleasant_surprise.wav,2,train,5,pleasant_surprise,5,pleasant_surprise,0.9771105051040649
data/tess/audio/YAF_shout_pleasant_surprise.wav,YAF_shout_pleasant_surprise.wav,2,train,5,pleasant_surprise,5,pleasant_surprise,0.9771564602851868
data/tess/audio/YAF_size_pleasant_surprise.wav,YAF_size_pleasant_surprise.wav,2,train,5,pleasant_surprise,5,pleasant_surprise,0.9778136014938354
data/tess/audio/YAF_soup_pleasant_surprise.wav,YAF_soup_pleasant_surprise.wav,2,train,5,pleasant_surprise,5,pleasant_surprise,0.9774289727210999
data/tess/audio/YAF_sour_pleasant_surprise.wav,YAF_sour_pleasant_surprise.wav,2,train,5,pleasant_surprise,5,pleasant_surprise,0.9777517914772034
data/tess/audio/YAF_sub_pleasant_surprise.wav,YAF_sub_pleasant_surprise.wav,2,train,5,pleasant_surprise,5,pleasant_surprise,0.9770585894584656
data/tess/audio/YAF_such_pleasant_surprise.wav,YAF_such_pleasant_surprise.wav,2,train,5,pleasant_surprise,5,pleasant_surprise,0.9772650599479675
data/tess/audio/YAF_sure_pleasant_surprise.wav,YAF_sure_pleasant_surprise.wav,2,train,5,pleasant_surprise,5,pleasant_surprise,0.9767683744430542
data/tess/audio/YAF_take_pleasant_surprise.wav,YAF_take_pleasant_surprise.wav,2,train,5,pleasant_surprise,5,pleasant_surprise,0.9737908244132996
data/tess/audio/YAF_talk_pleasant_surprise.wav,YAF_talk_pleasant_surprise.wav,2,train,5,pleasant_surprise,5,pleasant_surprise,0.9778543710708618
data/tess/audio/YAF_tape_pleasant_surprise.wav,YAF_tape_pleasant_surprise.wav,2,train,5,pleasant_surprise,5,pleasant_surprise,0.9775427579879761
data/tess/audio/YAF_tell_pleasant_surprise.wav,YAF_tell_pleasant_surprise.wav,2,train,5,pleasant_surprise,5,pleasant_surprise,0.9772738814353943
data/tess/audio/YAF_thin_pleasant_surprise.wav,YAF_thin_pleasant_surprise.wav,2,train,5,pleasant_surprise,5,pleasant_surprise,0.9775066375732422
data/tess/audio/YAF_third_pleasant_surprise.wav,YAF_third_pleasant_surprise.wav,2,train,5,pleasant_surprise,5,pleasant_surprise,0.9766591191291809
data/tess/audio/YAF_thumb_pleasant_surprise.wav,YAF_thumb_pleasant_surprise.wav,2,train,5,pleasant_surprise,5,pleasant_surprise,0.977148175239563
data/tess/audio/YAF_time_pleasant_surprise.wav,YAF_time_pleasant_surprise.wav,2,train,5,pleasant_surprise,5,pleasant_surprise,0.9774187207221985
data/tess/audio/YAF_tip_pleasant_surprise.wav,YAF_tip_pleasant_surprise.wav,2,train,5,pleasant_surprise,5,pleasant_surprise,0.9768682718276978
data/tess/audio/YAF_tool_pleasant_surprise.wav,YAF_tool_pleasant_surprise.wav,2,train,5,pleasant_surprise,5,pleasant_surprise,0.9769538044929504
data/tess/audio/YAF_void_pleasant_surprise.wav,YAF_void_pleasant_surprise.wav,2,train,5,pleasant_surprise,5,pleasant_surprise,0.9779021739959717
data/tess/audio/YAF_wag_pleasant_surprise.wav,YAF_wag_pleasant_surprise.wav,2,train,5,pleasant_surprise,5,pleasant_surprise,0.9774722456932068
data/tess/audio/YAF_wash_pleasant_surprise.wav,YAF_wash_pleasant_surprise.wav,2,train,5,pleasant_surprise,5,pleasant_surprise,0.977375864982605
data/tess/audio/YAF_week_pleasant_surprise.wav,YAF_week_pleasant_surprise.wav,2,train,5,pleasant_surprise,5,pleasant_surprise,0.976326048374176
data/tess/audio/YAF_when_pleasant_surprise.wav,YAF_when_pleasant_surprise.wav,2,train,5,pleasant_surprise,5,pleasant_surprise,0.977371096611023
data/tess/audio/YAF_which_pleasant_surprise.wav,YAF_which_pleasant_surprise.wav,2,train,5,pleasant_surprise,5,pleasant_surprise,0.9770797491073608
data/tess/audio/YAF_whip_pleasant_surprise.wav,YAF_whip_pleasant_surprise.wav,2,train,5,pleasant_surprise,5,pleasant_surprise,0.9772756695747375
data/tess/audio/YAF_wire_pleasant_surprise.wav,YAF_wire_pleasant_surprise.wav,2,train,5,pleasant_surprise,5,pleasant_surprise,0.9772705435752869
data/tess/audio/YAF_witch_pleasant_surprise.wav,YAF_witch_pleasant_surprise.wav,2,train,5,pleasant_surprise,5,pleasant_surprise,0.9767398238182068
data/tess/audio/YAF_yes_pleasant_surprise.wav,YAF_yes_pleasant_surprise.wav,2,train,5,pleasant_surprise,5,pleasant_surprise,0.9771950840950012
data/tess/audio/YAF_young_pleasant_surprise.wav,YAF_young_pleasant_surprise.wav,2,train,5,pleasant_surprise,5,pleasant_surprise,0.9769253730773926
data/tess/audio/YAF_back_sad.wav,YAF_back_sad.wav,2,train,6,sad,6,sad,0.9776361584663391
data/tess/audio/YAF_base_sad.wav,YAF_base_sad.wav,2,train,6,sad,6,sad,0.9782636761665344
data/tess/audio/YAF_bath_sad.wav,YAF_bath_sad.wav,2,train,6,sad,6,sad,0.9775328040122986
data/tess/audio/YAF_bean_sad.wav,YAF_bean_sad.wav,2,train,6,sad,6,sad,0.9781107902526855
data/tess/audio/YAF_beg_sad.wav,YAF_beg_sad.wav,2,train,6,sad,6,sad,0.9777600169181824
data/tess/audio/YAF_bite_sad.wav,YAF_bite_sad.wav,2,train,6,sad,6,sad,0.9768480062484741
data/tess/audio/YAF_book_sad.wav,YAF_book_sad.wav,2,train,6,sad,6,sad,0.9705582857131958
data/tess/audio/YAF_bought_sad.wav,YAF_bought_sad.wav,2,train,6,sad,6,sad,0.9742038249969482
data/tess/audio/YAF_burn_sad.wav,YAF_burn_sad.wav,2,train,6,sad,6,sad,0.9780033826828003
data/tess/audio/YAF_cab_sad.wav,YAF_cab_sad.wav,2,train,6,sad,6,sad,0.9774045944213867
data/tess/audio/YAF_cause_sad.wav,YAF_cause_sad.wav,2,train,6,sad,6,sad,0.9781724214553833
data/tess/audio/YAF_chain_sad.wav,YAF_chain_sad.wav,2,train,6,sad,6,sad,0.9782276153564453
data/tess/audio/YAF_chalk_sad.wav,YAF_chalk_sad.wav,2,train,6,sad,6,sad,0.9779163002967834
data/tess/audio/YAF_chat_sad.wav,YAF_chat_sad.wav,2,train,6,sad,6,sad,0.977895975112915
data/tess/audio/YAF_chief_sad.wav,YAF_chief_sad.wav,2,train,6,sad,6,sad,0.9692538380622864
data/tess/audio/YAF_choice_sad.wav,YAF_choice_sad.wav,2,train,6,sad,6,sad,0.9779911041259766
data/tess/audio/YAF_cool_sad.wav,YAF_cool_sad.wav,2,train,6,sad,6,sad,0.9782846570014954
data/tess/audio/YAF_dab_sad.wav,YAF_dab_sad.wav,2,train,6,sad,6,sad,0.9779952764511108
data/tess/audio/YAF_date_sad.wav,YAF_date_sad.wav,2,train,6,sad,6,sad,0.9779641628265381
data/tess/audio/YAF_dead_sad.wav,YAF_dead_sad.wav,2,train,6,sad,6,sad,0.9779902696609497
data/tess/audio/YAF_death_sad.wav,YAF_death_sad.wav,2,train,6,sad,6,sad,0.9778946042060852
data/tess/audio/YAF_deep_sad.wav,YAF_deep_sad.wav,2,train,6,sad,6,sad,0.9776666760444641
data/tess/audio/YAF_dime_sad.wav,YAF_dime_sad.wav,2,train,6,sad,6,sad,0.9778859615325928
data/tess/audio/YAF_dip_sad.wav,YAF_dip_sad.wav,2,train,6,sad,6,sad,0.977989137172699
data/tess/audio/YAF_ditch_sad.wav,YAF_ditch_sad.wav,2,train,6,sad,6,sad,0.9780730605125427
data/tess/audio/YAF_dodge_sad.wav,YAF_dodge_sad.wav,2,train,6,sad,6,sad,0.9777672290802002
data/tess/audio/YAF_doll_sad.wav,YAF_doll_sad.wav,2,train,6,sad,6,sad,0.978128969669342
data/tess/audio/YAF_door_sad.wav,YAF_door_sad.wav,2,train,6,sad,6,sad,0.9780728220939636
data/tess/audio/YAF_fall_sad.wav,YAF_fall_sad.wav,2,train,6,sad,6,sad,0.9774529933929443
data/tess/audio/YAF_far_sad.wav,YAF_far_sad.wav,2,train,6,sad,6,sad,0.9780905246734619
data/tess/audio/YAF_fat_sad.wav,YAF_fat_sad.wav,2,train,6,sad,6,sad,0.9776806831359863
data/tess/audio/YAF_fit_sad.wav,YAF_fit_sad.wav,2,train,6,sad,6,sad,0.977668285369873
data/tess/audio/YAF_five_sad.wav,YAF_five_sad.wav,2,train,6,sad,6,sad,0.9774133563041687
data/tess/audio/YAF_food_sad.wav,YAF_food_sad.wav,2,train,6,sad,6,sad,0.9778302311897278
data/tess/audio/YAF_gap_sad.wav,YAF_gap_sad.wav,2,train,6,sad,6,sad,0.9768427610397339
data/tess/audio/YAF_gas_sad.wav,YAF_gas_sad.wav,2,train,6,sad,6,sad,0.9779812693595886
data/tess/audio/YAF_gaze_sad.wav,YAF_gaze_sad.wav,2,train,6,sad,6,sad,0.978150486946106
data/tess/audio/YAF_germ_sad.wav,YAF_germ_sad.wav,2,train,6,sad,6,sad,0.9780880212783813
data/tess/audio/YAF_good_sad.wav,YAF_good_sad.wav,2,train,6,sad,6,sad,0.9782662987709045
data/tess/audio/YAF_gun_sad.wav,YAF_gun_sad.wav,2,train,6,sad,6,sad,0.9781489968299866
data/tess/audio/YAF_hall_sad.wav,YAF_hall_sad.wav,2,train,6,sad,6,sad,0.9781962633132935
data/tess/audio/YAF_hash_sad.wav,YAF_hash_sad.wav,2,train,6,sad,6,sad,0.9779847860336304
data/tess/audio/YAF_hire_sad.wav,YAF_hire_sad.wav,2,train,6,sad,6,sad,0.9780590534210205
data/tess/audio/YAF_hit_sad.wav,YAF_hit_sad.wav,2,train,6,sad,6,sad,0.9774051308631897
data/tess/audio/YAF_hole_sad.wav,YAF_hole_sad.wav,2,train,6,sad,6,sad,0.9779157042503357
data/tess/audio/YAF_hurl_sad.wav,YAF_hurl_sad.wav,2,train,6,sad,6,sad,0.9780486822128296
data/tess/audio/YAF_hush_sad.wav,YAF_hush_sad.wav,2,train,6,sad,6,sad,0.9779447913169861
data/tess/audio/YAF_jail_sad.wav,YAF_jail_sad.wav,2,train,6,sad,6,sad,0.9773920774459839
data/tess/audio/YAF_jar_sad.wav,YAF_jar_sad.wav,2,train,6,sad,6,sad,0.9780684113502502
data/tess/audio/YAF_join_sad.wav,YAF_join_sad.wav,2,train,6,sad,6,sad,0.9780542254447937
data/tess/audio/YAF_judge_sad.wav,YAF_judge_sad.wav,2,train,6,sad,6,sad,0.9778577089309692
data/tess/audio/YAF_jug_sad.wav,YAF_jug_sad.wav,2,train,6,sad,6,sad,0.9776982665061951
data/tess/audio/YAF_keep_sad.wav,YAF_keep_sad.wav,2,train,6,sad,6,sad,0.9780794382095337
data/tess/audio/YAF_kick_sad.wav,YAF_kick_sad.wav,2,train,6,sad,6,sad,0.9779947400093079
data/tess/audio/YAF_kill_sad.wav,YAF_kill_sad.wav,2,train,6,sad,6,sad,0.9779505133628845
data/tess/audio/YAF_king_sad.wav,YAF_king_sad.wav,2,train,6,sad,6,sad,0.9776211380958557
data/tess/audio/YAF_kite_sad.wav,YAF_kite_sad.wav,2,train,6,sad,6,sad,0.9779466390609741
data/tess/audio/YAF_knock_sad.wav,YAF_knock_sad.wav,2,train,6,sad,6,sad,0.9778573513031006
data/tess/audio/YAF_laud_sad.wav,YAF_laud_sad.wav,2,train,6,sad,6,sad,0.9775517582893372
data/tess/audio/YAF_lean_sad.wav,YAF_lean_sad.wav,2,train,6,sad,6,sad,0.9778581261634827
data/tess/audio/YAF_lease_sad.wav,YAF_lease_sad.wav,2,train,6,sad,6,sad,0.9780340790748596
data/tess/audio/YAF_lid_sad.wav,YAF_lid_sad.wav,2,train,6,sad,6,sad,0.9778493642807007
data/tess/audio/YAF_life_sad.wav,YAF_life_sad.wav,2,train,6,sad,6,sad,0.9779127836227417
data/tess/audio/YAF_long_sad.wav,YAF_long_sad.wav,2,train,6,sad,6,sad,0.9784516096115112
data/tess/audio/YAF_lot_sad.wav,YAF_lot_sad.wav,2,train,6,sad,6,sad,0.9776482582092285
data/tess/audio/YAF_love_sad.wav,YAF_love_sad.wav,2,train,6,sad,6,sad,0.9781055450439453
data/tess/audio/YAF_luck_sad.wav,YAF_luck_sad.wav,2,train,6,sad,6,sad,0.9777023792266846
data/tess/audio/YAF_make_sad.wav,YAF_make_sad.wav,2,train,6,sad,6,sad,0.9776895642280579
data/tess/audio/YAF_match_sad.wav,YAF_match_sad.wav,2,train,6,sad,6,sad,0.9781947731971741
data/tess/audio/YAF_merge_sad.wav,YAF_merge_sad.wav,2,train,6,sad,6,sad,0.9778457283973694
data/tess/audio/YAF_met_sad.wav,YAF_met_sad.wav,2,train,6,sad,6,sad,0.9775052666664124
data/tess/audio/YAF_mill_sad.wav,YAF_mill_sad.wav,2,train,6,sad,6,sad,0.9782066345214844
data/tess/audio/YAF_mood_sad.wav,YAF_mood_sad.wav,2,train,6,sad,6,sad,0.9778479933738708
data/tess/audio/YAF_moon_sad.wav,YAF_moon_sad.wav,2,train,6,sad,6,sad,0.9776827692985535
data/tess/audio/YAF_nag_sad.wav,YAF_nag_sad.wav,2,train,6,sad,6,sad,0.9781619310379028
data/tess/audio/YAF_name_sad.wav,YAF_name_sad.wav,2,train,6,sad,6,sad,0.9784488677978516
data/tess/audio/YAF_neat_sad.wav,YAF_neat_sad.wav,2,train,6,sad,6,sad,0.9781898856163025
data/tess/audio/YAF_nice_sad.wav,YAF_nice_sad.wav,2,train,6,sad,6,sad,0.9783748984336853
data/tess/audio/YAF_note_sad.wav,YAF_note_sad.wav,2,train,6,sad,6,sad,0.9784191846847534
data/tess/audio/YAF_numb_sad.wav,YAF_numb_sad.wav,2,train,6,sad,6,sad,0.9785500764846802
data/tess/audio/YAF_pad_sad.wav,YAF_pad_sad.wav,2,train,6,sad,6,sad,0.9777756333351135
data/tess/audio/YAF_pain_sad.wav,YAF_pain_sad.wav,2,train,6,sad,6,sad,0.9783766269683838
data/tess/audio/YAF_pass_sad.wav,YAF_pass_sad.wav,2,train,6,sad,6,sad,0.9779989719390869
data/tess/audio/YAF_pearl_sad.wav,YAF_pearl_sad.wav,2,train,6,sad,6,sad,0.977719247341156
data/tess/audio/YAF_peg_sad.wav,YAF_peg_sad.wav,2,train,6,sad,6,sad,0.978158175945282
data/tess/audio/YAF_phone_sad.wav,YAF_phone_sad.wav,2,train,6,sad,6,sad,0.978032112121582
data/tess/audio/YAF_pick_sad.wav,YAF_pick_sad.wav,2,train,6,sad,6,sad,0.9780152440071106
data/tess/audio/YAF_pike_sad.wav,YAF_pike_sad.wav,2,train,6,sad,6,sad,0.9778841733932495
data/tess/audio/YAF_pole_sad.wav,YAF_pole_sad.wav,2,train,6,sad,6,sad,0.9780329465866089
data/tess/audio/YAF_pool_sad.wav,YAF_pool_sad.wav,2,train,6,sad,6,sad,0.9774224758148193
data/tess/audio/YAF_puff_sad.wav,YAF_puff_sad.wav,2,train,6,sad,6,sad,0.9775322675704956
data/tess/audio/YAF_rag_sad.wav,YAF_rag_sad.wav,2,train,6,sad,6,sad,0.9748289585113525
data/tess/audio/YAF_rat_sad.wav,YAF_rat_sad.wav,2,train,6,sad,6,sad,0.9768526554107666
data/tess/audio/YAF_reach_sad.wav,YAF_reach_sad.wav,2,train,6,sad,6,sad,0.9776356816291809
data/tess/audio/YAF_red_sad.wav,YAF_red_sad.wav,2,train,6,sad,6,sad,0.9775725603103638
data/tess/audio/YAF_ring_sad.wav,YAF_ring_sad.wav,2,train,6,sad,6,sad,0.9782508015632629
data/tess/audio/YAF_ripe_sad.wav,YAF_ripe_sad.wav,2,train,6,sad,6,sad,0.9771378040313721
data/tess/audio/YAF_road_sad.wav,YAF_road_sad.wav,2,train,6,sad,6,sad,0.9774883985519409
data/tess/audio/YAF_room_sad.wav,YAF_room_sad.wav,2,train,6,sad,6,sad,0.9778468608856201
data/tess/audio/YAF_rose_sad.wav,YAF_rose_sad.wav,2,train,6,sad,6,sad,0.9773955941200256
data/tess/audio/YAF_rot_sad.wav,YAF_rot_sad.wav,2,train,6,sad,6,sad,0.9779874086380005
data/tess/audio/YAF_rough_sad.wav,YAF_rough_sad.wav,2,train,6,sad,6,sad,0.9776221513748169
data/tess/audio/YAF_rush_sad.wav,YAF_rush_sad.wav,2,train,6,sad,6,sad,0.9778044819831848
data/tess/audio/YAF_said_sad.wav,YAF_said_sad.wav,2,train,6,sad,6,sad,0.9778107404708862
data/tess/audio/YAF_sail_sad.wav,YAF_sail_sad.wav,2,train,6,sad,6,sad,0.9777572751045227
data/tess/audio/YAF_search_sad.wav,YAF_search_sad.wav,2,train,6,sad,6,sad,0.9781806468963623
data/tess/audio/YAF_seize_sad.wav,YAF_seize_sad.wav,2,train,6,sad,6,sad,0.9781966805458069
data/tess/audio/YAF_sell_sad.wav,YAF_sell_sad.wav,2,train,6,sad,6,sad,0.9775477647781372
data/tess/audio/YAF_shall_sad.wav,YAF_shall_sad.wav,2,train,6,sad,6,sad,0.9774662852287292
data/tess/audio/YAF_sheep_sad.wav,YAF_sheep_sad.wav,2,train,6,sad,6,sad,0.9777146577835083
data/tess/audio/YAF_shirt_sad.wav,YAF_shirt_sad.wav,2,train,6,sad,6,sad,0.977425217628479
data/tess/audio/YAF_should_sad.wav,YAF_should_sad.wav,2,train,6,sad,6,sad,0.9777290225028992
data/tess/audio/YAF_shout_sad.wav,YAF_shout_sad.wav,2,train,6,sad,6,sad,0.9781314730644226
data/tess/audio/YAF_size_sad.wav,YAF_size_sad.wav,2,train,6,sad,6,sad,0.9777977466583252
data/tess/audio/YAF_soup_sad.wav,YAF_soup_sad.wav,2,train,6,sad,6,sad,0.978095293045044
data/tess/audio/YAF_sour_sad.wav,YAF_sour_sad.wav,2,train,6,sad,6,sad,0.9780465960502625
data/tess/audio/YAF_sub_sad.wav,YAF_sub_sad.wav,2,train,6,sad,6,sad,0.9767953157424927
data/tess/audio/YAF_such_sad.wav,YAF_such_sad.wav,2,train,6,sad,6,sad,0.977878212928772
data/tess/audio/YAF_sure_sad.wav,YAF_sure_sad.wav,2,train,6,sad,6,sad,0.9776836633682251
data/tess/audio/YAF_take_sad.wav,YAF_take_sad.wav,2,train,6,sad,6,sad,0.9777179956436157
data/tess/audio/YAF_talk_sad.wav,YAF_talk_sad.wav,2,train,6,sad,6,sad,0.9778769612312317
data/tess/audio/YAF_tape_sad.wav,YAF_tape_sad.wav,2,train,6,sad,6,sad,0.977554440498352
data/tess/audio/YAF_tell_sad.wav,YAF_tell_sad.wav,2,train,6,sad,6,sad,0.977977991104126
data/tess/audio/YAF_thin_sad.wav,YAF_thin_sad.wav,2,train,6,sad,6,sad,0.9779050946235657
data/tess/audio/YAF_third_sad.wav,YAF_third_sad.wav,2,train,6,sad,6,sad,0.9771255254745483
data/tess/audio/YAF_thumb_sad.wav,YAF_thumb_sad.wav,2,train,6,sad,6,sad,0.977696418762207
data/tess/audio/YAF_time_sad.wav,YAF_time_sad.wav,2,train,6,sad,6,sad,0.9778542518615723
data/tess/audio/YAF_tip_sad.wav,YAF_tip_sad.wav,2,train,6,sad,6,sad,0.9774073362350464
data/tess/audio/YAF_tool_sad.wav,YAF_tool_sad.wav,2,train,6,sad,6,sad,0.9779350161552429
data/tess/audio/YAF_void_sad.wav,YAF_void_sad.wav,2,train,6,sad,6,sad,0.9780726432800293
data/tess/audio/YAF_wag_sad.wav,YAF_wag_sad.wav,2,train,6,sad,6,sad,0.9776797890663147
data/tess/audio/YAF_wash_sad.wav,YAF_wash_sad.wav,2,train,6,sad,6,sad,0.9778717160224915
data/tess/audio/YAF_week_sad.wav,YAF_week_sad.wav,2,train,6,sad,6,sad,0.9778587222099304
data/tess/audio/YAF_when_sad.wav,YAF_when_sad.wav,2,train,6,sad,6,sad,0.9775829315185547
data/tess/audio/YAF_which_sad.wav,YAF_which_sad.wav,2,train,6,sad,6,sad,0.9775030016899109
data/tess/audio/YAF_whip_sad.wav,YAF_whip_sad.wav,2,train,6,sad,6,sad,0.9773803353309631
data/tess/audio/YAF_wire_sad.wav,YAF_wire_sad.wav,2,train,6,sad,6,sad,0.9778301119804382
data/tess/audio/YAF_witch_sad.wav,YAF_witch_sad.wav,2,train,6,sad,6,sad,0.9779025912284851
data/tess/audio/YAF_yes_sad.wav,YAF_yes_sad.wav,2,train,6,sad,6,sad,0.9781937599182129
data/tess/audio/YAF_young_sad.wav,YAF_young_sad.wav,2,train,6,sad,6,sad,0.9779792428016663
