filepath,filename,actor_id,split,true_label,true_emotion,predicted_label,predicted_emotion,confidence
/Users/prarthanapatel/Desktop/Himanshi/speech_emotion_detection-develop-v2/tess_preprocessed/audio/OAF_back_fear.wav,OAF_back_fear.wav,1,train,2,fear,2,fear,0.9808472990989685
/Users/prarthanapatel/Desktop/Himanshi/speech_emotion_detection-develop-v2/tess_preprocessed/audio/OAF_base_fear.wav,OAF_base_fear.wav,1,train,2,fear,2,fear,0.979822039604187
/Users/prarthanapatel/Desktop/Himanshi/speech_emotion_detection-develop-v2/tess_preprocessed/audio/OAF_bath_fear.wav,OAF_bath_fear.wav,1,train,2,fear,2,fear,0.9805907607078552
/Users/prarthanapatel/Desktop/Himanshi/speech_emotion_detection-develop-v2/tess_preprocessed/audio/OAF_bean_fear.wav,OAF_bean_fear.wav,1,train,2,fear,2,fear,0.9807360172271729
/Users/prarthanapatel/Desktop/Himanshi/speech_emotion_detection-develop-v2/tess_preprocessed/audio/OAF_beg_fear.wav,OAF_beg_fear.wav,1,train,2,fear,2,fear,0.9804118871688843
/Users/prarthanapatel/Desktop/Himanshi/speech_emotion_detection-develop-v2/tess_preprocessed/audio/OAF_bite_fear.wav,OAF_bite_fear.wav,1,train,2,fear,2,fear,0.9787406325340271
/Users/prarthanapatel/Desktop/Himanshi/speech_emotion_detection-develop-v2/tess_preprocessed/audio/OAF_book_fear.wav,OAF_book_fear.wav,1,train,2,fear,2,fear,0.9802189469337463
/Users/prarthanapatel/Desktop/Himanshi/speech_emotion_detection-develop-v2/tess_preprocessed/audio/OAF_bought_fear.wav,OAF_bought_fear.wav,1,train,2,fear,2,fear,0.9801931977272034
/Users/prarthanapatel/Desktop/Himanshi/speech_emotion_detection-develop-v2/tess_preprocessed/audio/OAF_burn_fear.wav,OAF_burn_fear.wav,1,train,2,fear,2,fear,0.980362594127655
/Users/prarthanapatel/Desktop/Himanshi/speech_emotion_detection-develop-v2/tess_preprocessed/audio/OAF_cab_fear.wav,OAF_cab_fear.wav,1,train,2,fear,2,fear,0.9801991581916809
/Users/prarthanapatel/Desktop/Himanshi/speech_emotion_detection-develop-v2/tess_preprocessed/audio/OAF_cause_fear.wav,OAF_cause_fear.wav,1,train,2,fear,2,fear,0.9787574410438538
/Users/prarthanapatel/Desktop/Himanshi/speech_emotion_detection-develop-v2/tess_preprocessed/audio/OAF_chain_fear.wav,OAF_chain_fear.wav,1,train,2,fear,2,fear,0.9804102778434753
/Users/prarthanapatel/Desktop/Himanshi/speech_emotion_detection-develop-v2/tess_preprocessed/audio/OAF_chalk_fear.wav,OAF_chalk_fear.wav,1,train,2,fear,2,fear,0.9790322780609131
/Users/prarthanapatel/Desktop/Himanshi/speech_emotion_detection-develop-v2/tess_preprocessed/audio/OAF_chat_fear.wav,OAF_chat_fear.wav,1,train,2,fear,2,fear,0.979933500289917
/Users/prarthanapatel/Desktop/Himanshi/speech_emotion_detection-develop-v2/tess_preprocessed/audio/OAF_chief_fear.wav,OAF_chief_fear.wav,1,train,2,fear,2,fear,0.9791914820671082
/Users/prarthanapatel/Desktop/Himanshi/speech_emotion_detection-develop-v2/tess_preprocessed/audio/OAF_choice_fear.wav,OAF_choice_fear.wav,1,train,2,fear,2,fear,0.9794976711273193
/Users/prarthanapatel/Desktop/Himanshi/speech_emotion_detection-develop-v2/tess_preprocessed/audio/OAF_cool_fear.wav,OAF_cool_fear.wav,1,train,2,fear,2,fear,0.9807003736495972
/Users/prarthanapatel/Desktop/Himanshi/speech_emotion_detection-develop-v2/tess_preprocessed/audio/OAF_dab_fear.wav,OAF_dab_fear.wav,1,train,2,fear,2,fear,0.9808925986289978
/Users/prarthanapatel/Desktop/Himanshi/speech_emotion_detection-develop-v2/tess_preprocessed/audio/OAF_date_fear.wav,OAF_date_fear.wav,1,train,2,fear,2,fear,0.9801504611968994
/Users/prarthanapatel/Desktop/Himanshi/speech_emotion_detection-develop-v2/tess_preprocessed/audio/OAF_dead_fear.wav,OAF_dead_fear.wav,1,train,2,fear,2,fear,0.9807018637657166
/Users/prarthanapatel/Desktop/Himanshi/speech_emotion_detection-develop-v2/tess_preprocessed/audio/OAF_death_fear.wav,OAF_death_fear.wav,1,train,2,fear,2,fear,0.9811811447143555
/Users/prarthanapatel/Desktop/Himanshi/speech_emotion_detection-develop-v2/tess_preprocessed/audio/OAF_deep_fear.wav,OAF_deep_fear.wav,1,train,2,fear,2,fear,0.9791772961616516
/Users/prarthanapatel/Desktop/Himanshi/speech_emotion_detection-develop-v2/tess_preprocessed/audio/OAF_dime_fear.wav,OAF_dime_fear.wav,1,train,2,fear,2,fear,0.9805163741111755
/Users/prarthanapatel/Desktop/Himanshi/speech_emotion_detection-develop-v2/tess_preprocessed/audio/OAF_dip_fear.wav,OAF_dip_fear.wav,1,train,2,fear,2,fear,0.9795950055122375
/Users/prarthanapatel/Desktop/Himanshi/speech_emotion_detection-develop-v2/tess_preprocessed/audio/OAF_ditch_fear.wav,OAF_ditch_fear.wav,1,train,2,fear,2,fear,0.9803645610809326
/Users/prarthanapatel/Desktop/Himanshi/speech_emotion_detection-develop-v2/tess_preprocessed/audio/OAF_dodge_fear.wav,OAF_dodge_fear.wav,1,train,2,fear,2,fear,0.9792788028717041
/Users/prarthanapatel/Desktop/Himanshi/speech_emotion_detection-develop-v2/tess_preprocessed/audio/OAF_doll_fear.wav,OAF_doll_fear.wav,1,train,2,fear,2,fear,0.9803087711334229
/Users/prarthanapatel/Desktop/Himanshi/speech_emotion_detection-develop-v2/tess_preprocessed/audio/OAF_door_fear.wav,OAF_door_fear.wav,1,train,2,fear,2,fear,0.9803536534309387
/Users/prarthanapatel/Desktop/Himanshi/speech_emotion_detection-develop-v2/tess_preprocessed/audio/OAF_fall_fear.wav,OAF_fall_fear.wav,1,train,2,fear,2,fear,0.9791476726531982
/Users/prarthanapatel/Desktop/Himanshi/speech_emotion_detection-develop-v2/tess_preprocessed/audio/OAF_far_fear.wav,OAF_far_fear.wav,1,train,2,fear,2,fear,0.9794102907180786
/Users/prarthanapatel/Desktop/Himanshi/speech_emotion_detection-develop-v2/tess_preprocessed/audio/OAF_fat_fear.wav,OAF_fat_fear.wav,1,train,2,fear,2,fear,0.9799140095710754
/Users/prarthanapatel/Desktop/Himanshi/speech_emotion_detection-develop-v2/tess_preprocessed/audio/OAF_fit_fear.wav,OAF_fit_fear.wav,1,train,2,fear,2,fear,0.9793115258216858
/Users/prarthanapatel/Desktop/Himanshi/speech_emotion_detection-develop-v2/tess_preprocessed/audio/OAF_five_fear.wav,OAF_five_fear.wav,1,train,2,fear,2,fear,0.9801283478736877
/Users/prarthanapatel/Desktop/Himanshi/speech_emotion_detection-develop-v2/tess_preprocessed/audio/OAF_food_fear.wav,OAF_food_fear.wav,1,train,2,fear,2,fear,0.9803339838981628
/Users/prarthanapatel/Desktop/Himanshi/speech_emotion_detection-develop-v2/tess_preprocessed/audio/OAF_gap_fear.wav,OAF_gap_fear.wav,1,train,2,fear,2,fear,0.980513870716095
/Users/prarthanapatel/Desktop/Himanshi/speech_emotion_detection-develop-v2/tess_preprocessed/audio/OAF_gas_fear.wav,OAF_gas_fear.wav,1,train,2,fear,2,fear,0.9794486165046692
/Users/prarthanapatel/Desktop/Himanshi/speech_emotion_detection-develop-v2/tess_preprocessed/audio/OAF_gaze_fear.wav,OAF_gaze_fear.wav,1,train,2,fear,2,fear,0.9785869717597961
/Users/prarthanapatel/Desktop/Himanshi/speech_emotion_detection-develop-v2/tess_preprocessed/audio/OAF_germ_fear.wav,OAF_germ_fear.wav,1,train,2,fear,2,fear,0.9796480536460876
/Users/prarthanapatel/Desktop/Himanshi/speech_emotion_detection-develop-v2/tess_preprocessed/audio/OAF_good_fear.wav,OAF_good_fear.wav,1,train,2,fear,2,fear,0.9800562262535095
/Users/prarthanapatel/Desktop/Himanshi/speech_emotion_detection-develop-v2/tess_preprocessed/audio/OAF_gun_fear.wav,OAF_gun_fear.wav,1,train,2,fear,2,fear,0.9801761507987976
/Users/prarthanapatel/Desktop/Himanshi/speech_emotion_detection-develop-v2/tess_preprocessed/audio/OAF_hall_fear.wav,OAF_hall_fear.wav,1,train,2,fear,2,fear,0.9801945686340332
/Users/prarthanapatel/Desktop/Himanshi/speech_emotion_detection-develop-v2/tess_preprocessed/audio/OAF_hash_fear.wav,OAF_hash_fear.wav,1,train,2,fear,2,fear,0.9796450138092041
/Users/prarthanapatel/Desktop/Himanshi/speech_emotion_detection-develop-v2/tess_preprocessed/audio/OAF_hire_fear.wav,OAF_hire_fear.wav,1,train,2,fear,2,fear,0.9802389144897461
/Users/prarthanapatel/Desktop/Himanshi/speech_emotion_detection-develop-v2/tess_preprocessed/audio/OAF_hit_fear.wav,OAF_hit_fear.wav,1,train,2,fear,2,fear,0.9797312617301941
/Users/prarthanapatel/Desktop/Himanshi/speech_emotion_detection-develop-v2/tess_preprocessed/audio/OAF_hole_fear.wav,OAF_hole_fear.wav,1,train,2,fear,2,fear,0.9798776507377625
/Users/prarthanapatel/Desktop/Himanshi/speech_emotion_detection-develop-v2/tess_preprocessed/audio/OAF_hurl_fear.wav,OAF_hurl_fear.wav,1,train,2,fear,2,fear,0.9804854393005371
/Users/prarthanapatel/Desktop/Himanshi/speech_emotion_detection-develop-v2/tess_preprocessed/audio/OAF_hush_fear.wav,OAF_hush_fear.wav,1,train,2,fear,2,fear,0.9795800447463989
/Users/prarthanapatel/Desktop/Himanshi/speech_emotion_detection-develop-v2/tess_preprocessed/audio/OAF_jail_fear.wav,OAF_jail_fear.wav,1,train,2,fear,2,fear,0.9804173707962036
/Users/prarthanapatel/Desktop/Himanshi/speech_emotion_detection-develop-v2/tess_preprocessed/audio/OAF_jar_fear.wav,OAF_jar_fear.wav,1,train,2,fear,2,fear,0.981008768081665
/Users/prarthanapatel/Desktop/Himanshi/speech_emotion_detection-develop-v2/tess_preprocessed/audio/OAF_join_fear.wav,OAF_join_fear.wav,1,train,2,fear,2,fear,0.9801772832870483
/Users/prarthanapatel/Desktop/Himanshi/speech_emotion_detection-develop-v2/tess_preprocessed/audio/OAF_judge_fear.wav,OAF_judge_fear.wav,1,train,2,fear,2,fear,0.9799274206161499
/Users/prarthanapatel/Desktop/Himanshi/speech_emotion_detection-develop-v2/tess_preprocessed/audio/OAF_jug_fear.wav,OAF_jug_fear.wav,1,train,2,fear,2,fear,0.9802200198173523
/Users/prarthanapatel/Desktop/Himanshi/speech_emotion_detection-develop-v2/tess_preprocessed/audio/OAF_keep_fear.wav,OAF_keep_fear.wav,1,train,2,fear,2,fear,0.9799121022224426
/Users/prarthanapatel/Desktop/Himanshi/speech_emotion_detection-develop-v2/tess_preprocessed/audio/OAF_kick_fear.wav,OAF_kick_fear.wav,1,train,2,fear,2,fear,0.979250431060791
/Users/prarthanapatel/Desktop/Himanshi/speech_emotion_detection-develop-v2/tess_preprocessed/audio/OAF_kill_fear.wav,OAF_kill_fear.wav,1,train,2,fear,2,fear,0.9801402688026428
/Users/prarthanapatel/Desktop/Himanshi/speech_emotion_detection-develop-v2/tess_preprocessed/audio/OAF_king_fear.wav,OAF_king_fear.wav,1,train,2,fear,2,fear,0.9803769588470459
/Users/prarthanapatel/Desktop/Himanshi/speech_emotion_detection-develop-v2/tess_preprocessed/audio/OAF_kite_fear.wav,OAF_kite_fear.wav,1,train,2,fear,2,fear,0.979411780834198
/Users/prarthanapatel/Desktop/Himanshi/speech_emotion_detection-develop-v2/tess_preprocessed/audio/OAF_knock_fear.wav,OAF_knock_fear.wav,1,train,2,fear,2,fear,0.9801180362701416
/Users/prarthanapatel/Desktop/Himanshi/speech_emotion_detection-develop-v2/tess_preprocessed/audio/OAF_laud_fear.wav,OAF_laud_fear.wav,1,train,2,fear,2,fear,0.9807345271110535
/Users/prarthanapatel/Desktop/Himanshi/speech_emotion_detection-develop-v2/tess_preprocessed/audio/OAF_lean_fear.wav,OAF_lean_fear.wav,1,train,2,fear,2,fear,0.980885922908783
/Users/prarthanapatel/Desktop/Himanshi/speech_emotion_detection-develop-v2/tess_preprocessed/audio/OAF_lease_fear.wav,OAF_lease_fear.wav,1,train,2,fear,2,fear,0.9804269075393677
/Users/prarthanapatel/Desktop/Himanshi/speech_emotion_detection-develop-v2/tess_preprocessed/audio/OAF_lid_fear.wav,OAF_lid_fear.wav,1,train,2,fear,2,fear,0.9808682799339294
/Users/prarthanapatel/Desktop/Himanshi/speech_emotion_detection-develop-v2/tess_preprocessed/audio/OAF_life_fear.wav,OAF_life_fear.wav,1,train,2,fear,2,fear,0.9791695475578308
/Users/prarthanapatel/Desktop/Himanshi/speech_emotion_detection-develop-v2/tess_preprocessed/audio/OAF_long_fear.wav,OAF_long_fear.wav,1,train,2,fear,2,fear,0.9788282513618469
/Users/prarthanapatel/Desktop/Himanshi/speech_emotion_detection-develop-v2/tess_preprocessed/audio/OAF_lot_fear.wav,OAF_lot_fear.wav,1,train,2,fear,2,fear,0.9802890419960022
/Users/prarthanapatel/Desktop/Himanshi/speech_emotion_detection-develop-v2/tess_preprocessed/audio/OAF_love_fear.wav,OAF_love_fear.wav,1,train,2,fear,2,fear,0.9801441431045532
/Users/prarthanapatel/Desktop/Himanshi/speech_emotion_detection-develop-v2/tess_preprocessed/audio/OAF_luck_fear.wav,OAF_luck_fear.wav,1,train,2,fear,2,fear,0.9795662760734558
/Users/prarthanapatel/Desktop/Himanshi/speech_emotion_detection-develop-v2/tess_preprocessed/audio/OAF_make_fear.wav,OAF_make_fear.wav,1,train,2,fear,2,fear,0.9806216359138489
/Users/prarthanapatel/Desktop/Himanshi/speech_emotion_detection-develop-v2/tess_preprocessed/audio/OAF_match_fear.wav,OAF_match_fear.wav,1,train,2,fear,2,fear,0.9801414012908936
/Users/prarthanapatel/Desktop/Himanshi/speech_emotion_detection-develop-v2/tess_preprocessed/audio/OAF_merge_fear.wav,OAF_merge_fear.wav,1,train,2,fear,2,fear,0.9801726937294006
/Users/prarthanapatel/Desktop/Himanshi/speech_emotion_detection-develop-v2/tess_preprocessed/audio/OAF_met_fear.wav,OAF_met_fear.wav,1,train,2,fear,2,fear,0.9796432852745056
/Users/prarthanapatel/Desktop/Himanshi/speech_emotion_detection-develop-v2/tess_preprocessed/audio/OAF_mill_fear.wav,OAF_mill_fear.wav,1,train,2,fear,2,fear,0.9807166457176208
/Users/prarthanapatel/Desktop/Himanshi/speech_emotion_detection-develop-v2/tess_preprocessed/audio/OAF_mood_fear.wav,OAF_mood_fear.wav,1,train,2,fear,2,fear,0.9802358150482178
/Users/prarthanapatel/Desktop/Himanshi/speech_emotion_detection-develop-v2/tess_preprocessed/audio/OAF_moon_fear.wav,OAF_moon_fear.wav,1,train,2,fear,2,fear,0.9799453020095825
/Users/prarthanapatel/Desktop/Himanshi/speech_emotion_detection-develop-v2/tess_preprocessed/audio/OAF_nag_fear.wav,OAF_nag_fear.wav,1,train,2,fear,2,fear,0.9791650772094727
/Users/prarthanapatel/Desktop/Himanshi/speech_emotion_detection-develop-v2/tess_preprocessed/audio/OAF_name_fear.wav,OAF_name_fear.wav,1,train,2,fear,2,fear,0.9805905818939209
/Users/prarthanapatel/Desktop/Himanshi/speech_emotion_detection-develop-v2/tess_preprocessed/audio/OAF_neat_fear.wav,OAF_neat_fear.wav,1,train,2,fear,2,fear,0.9801495671272278
/Users/prarthanapatel/Desktop/Himanshi/speech_emotion_detection-develop-v2/tess_preprocessed/audio/OAF_nice_fear.wav,OAF_nice_fear.wav,1,train,2,fear,2,fear,0.9797978401184082
/Users/prarthanapatel/Desktop/Himanshi/speech_emotion_detection-develop-v2/tess_preprocessed/audio/OAF_note_fear.wav,OAF_note_fear.wav,1,train,2,fear,2,fear,0.9802992343902588
/Users/prarthanapatel/Desktop/Himanshi/speech_emotion_detection-develop-v2/tess_preprocessed/audio/OAF_numb_fear.wav,OAF_numb_fear.wav,1,train,2,fear,2,fear,0.9800447821617126
/Users/prarthanapatel/Desktop/Himanshi/speech_emotion_detection-develop-v2/tess_preprocessed/audio/OAF_pad_fear.wav,OAF_pad_fear.wav,1,train,2,fear,2,fear,0.9800546169281006
/Users/prarthanapatel/Desktop/Himanshi/speech_emotion_detection-develop-v2/tess_preprocessed/audio/OAF_pain_fear.wav,OAF_pain_fear.wav,1,train,2,fear,2,fear,0.9799760580062866
/Users/prarthanapatel/Desktop/Himanshi/speech_emotion_detection-develop-v2/tess_preprocessed/audio/OAF_pass_fear.wav,OAF_pass_fear.wav,1,train,2,fear,2,fear,0.9793382287025452
/Users/prarthanapatel/Desktop/Himanshi/speech_emotion_detection-develop-v2/tess_preprocessed/audio/OAF_pearl_fear.wav,OAF_pearl_fear.wav,1,train,2,fear,2,fear,0.9804086685180664
/Users/prarthanapatel/Desktop/Himanshi/speech_emotion_detection-develop-v2/tess_preprocessed/audio/OAF_peg_fear.wav,OAF_peg_fear.wav,1,train,2,fear,2,fear,0.9807214736938477
/Users/prarthanapatel/Desktop/Himanshi/speech_emotion_detection-develop-v2/tess_preprocessed/audio/OAF_phone_fear.wav,OAF_phone_fear.wav,1,train,2,fear,2,fear,0.9796510338783264
/Users/prarthanapatel/Desktop/Himanshi/speech_emotion_detection-develop-v2/tess_preprocessed/audio/OAF_pick_fear.wav,OAF_pick_fear.wav,1,train,2,fear,2,fear,0.9801267385482788
/Users/prarthanapatel/Desktop/Himanshi/speech_emotion_detection-develop-v2/tess_preprocessed/audio/OAF_pike_fear.wav,OAF_pike_fear.wav,1,train,2,fear,2,fear,0.9798454642295837
/Users/prarthanapatel/Desktop/Himanshi/speech_emotion_detection-develop-v2/tess_preprocessed/audio/OAF_pole_fear.wav,OAF_pole_fear.wav,1,train,2,fear,2,fear,0.9790763854980469
/Users/prarthanapatel/Desktop/Himanshi/speech_emotion_detection-develop-v2/tess_preprocessed/audio/OAF_pool_fear.wav,OAF_pool_fear.wav,1,train,2,fear,2,fear,0.9795829057693481
/Users/prarthanapatel/Desktop/Himanshi/speech_emotion_detection-develop-v2/tess_preprocessed/audio/OAF_puff_fear.wav,OAF_puff_fear.wav,1,train,2,fear,2,fear,0.9795171022415161
/Users/prarthanapatel/Desktop/Himanshi/speech_emotion_detection-develop-v2/tess_preprocessed/audio/OAF_rag_fear.wav,OAF_rag_fear.wav,1,train,2,fear,2,fear,0.9787150621414185
/Users/prarthanapatel/Desktop/Himanshi/speech_emotion_detection-develop-v2/tess_preprocessed/audio/OAF_rat_fear.wav,OAF_rat_fear.wav,1,train,2,fear,2,fear,0.9807906150817871
/Users/prarthanapatel/Desktop/Himanshi/speech_emotion_detection-develop-v2/tess_preprocessed/audio/OAF_reach_fear.wav,OAF_reach_fear.wav,1,train,2,fear,2,fear,0.9806010723114014
/Users/prarthanapatel/Desktop/Himanshi/speech_emotion_detection-develop-v2/tess_preprocessed/audio/OAF_red_fear.wav,OAF_red_fear.wav,1,train,2,fear,2,fear,0.9803682565689087
/Users/prarthanapatel/Desktop/Himanshi/speech_emotion_detection-develop-v2/tess_preprocessed/audio/OAF_ring_fear.wav,OAF_ring_fear.wav,1,train,2,fear,2,fear,0.9800238013267517
/Users/prarthanapatel/Desktop/Himanshi/speech_emotion_detection-develop-v2/tess_preprocessed/audio/OAF_ripe_fear.wav,OAF_ripe_fear.wav,1,train,2,fear,2,fear,0.9800525903701782
/Users/prarthanapatel/Desktop/Himanshi/speech_emotion_detection-develop-v2/tess_preprocessed/audio/OAF_road_fear.wav,OAF_road_fear.wav,1,train,2,fear,2,fear,0.9793476462364197
/Users/prarthanapatel/Desktop/Himanshi/speech_emotion_detection-develop-v2/tess_preprocessed/audio/OAF_room_fear.wav,OAF_room_fear.wav,1,train,2,fear,2,fear,0.9799285531044006
/Users/prarthanapatel/Desktop/Himanshi/speech_emotion_detection-develop-v2/tess_preprocessed/audio/OAF_rose_fear.wav,OAF_rose_fear.wav,1,train,2,fear,2,fear,0.9799710512161255
/Users/prarthanapatel/Desktop/Himanshi/speech_emotion_detection-develop-v2/tess_preprocessed/audio/OAF_rot_fear.wav,OAF_rot_fear.wav,1,train,2,fear,2,fear,0.9770452976226807
/Users/prarthanapatel/Desktop/Himanshi/speech_emotion_detection-develop-v2/tess_preprocessed/audio/OAF_rough_fear.wav,OAF_rough_fear.wav,1,train,2,fear,2,fear,0.980846107006073
/Users/prarthanapatel/Desktop/Himanshi/speech_emotion_detection-develop-v2/tess_preprocessed/audio/OAF_rush_fear.wav,OAF_rush_fear.wav,1,train,2,fear,2,fear,0.9798524379730225
/Users/prarthanapatel/Desktop/Himanshi/speech_emotion_detection-develop-v2/tess_preprocessed/audio/OAF_said_fear.wav,OAF_said_fear.wav,1,train,2,fear,2,fear,0.9803958535194397
/Users/prarthanapatel/Desktop/Himanshi/speech_emotion_detection-develop-v2/tess_preprocessed/audio/OAF_sail_fear.wav,OAF_sail_fear.wav,1,train,2,fear,2,fear,0.9799860715866089
/Users/prarthanapatel/Desktop/Himanshi/speech_emotion_detection-develop-v2/tess_preprocessed/audio/OAF_search_fear.wav,OAF_search_fear.wav,1,train,2,fear,2,fear,0.9782689213752747
/Users/prarthanapatel/Desktop/Himanshi/speech_emotion_detection-develop-v2/tess_preprocessed/audio/OAF_seize_fear.wav,OAF_seize_fear.wav,1,train,2,fear,2,fear,0.9802240133285522
/Users/prarthanapatel/Desktop/Himanshi/speech_emotion_detection-develop-v2/tess_preprocessed/audio/OAF_sell_fear.wav,OAF_sell_fear.wav,1,train,2,fear,2,fear,0.9801833629608154
/Users/prarthanapatel/Desktop/Himanshi/speech_emotion_detection-develop-v2/tess_preprocessed/audio/OAF_shall_fear.wav,OAF_shall_fear.wav,1,train,2,fear,2,fear,0.9799289107322693
/Users/prarthanapatel/Desktop/Himanshi/speech_emotion_detection-develop-v2/tess_preprocessed/audio/OAF_sheep_fear.wav,OAF_sheep_fear.wav,1,train,2,fear,2,fear,0.9805400967597961
/Users/prarthanapatel/Desktop/Himanshi/speech_emotion_detection-develop-v2/tess_preprocessed/audio/OAF_shirt_fear.wav,OAF_shirt_fear.wav,1,train,2,fear,2,fear,0.9806545376777649
/Users/prarthanapatel/Desktop/Himanshi/speech_emotion_detection-develop-v2/tess_preprocessed/audio/OAF_should_fear.wav,OAF_should_fear.wav,1,train,2,fear,2,fear,0.9809684157371521
/Users/prarthanapatel/Desktop/Himanshi/speech_emotion_detection-develop-v2/tess_preprocessed/audio/OAF_shout_fear.wav,OAF_shout_fear.wav,1,train,2,fear,2,fear,0.9796930551528931
/Users/prarthanapatel/Desktop/Himanshi/speech_emotion_detection-develop-v2/tess_preprocessed/audio/OAF_size_fear.wav,OAF_size_fear.wav,1,train,2,fear,2,fear,0.9796152710914612
/Users/prarthanapatel/Desktop/Himanshi/speech_emotion_detection-develop-v2/tess_preprocessed/audio/OAF_soup_fear.wav,OAF_soup_fear.wav,1,train,2,fear,2,fear,0.978857159614563
/Users/prarthanapatel/Desktop/Himanshi/speech_emotion_detection-develop-v2/tess_preprocessed/audio/OAF_sour_fear.wav,OAF_sour_fear.wav,1,train,2,fear,2,fear,0.9809374213218689
/Users/prarthanapatel/Desktop/Himanshi/speech_emotion_detection-develop-v2/tess_preprocessed/audio/OAF_sub_fear.wav,OAF_sub_fear.wav,1,train,2,fear,2,fear,0.9801599979400635
/Users/prarthanapatel/Desktop/Himanshi/speech_emotion_detection-develop-v2/tess_preprocessed/audio/OAF_such_fear.wav,OAF_such_fear.wav,1,train,2,fear,2,fear,0.9794713854789734
/Users/prarthanapatel/Desktop/Himanshi/speech_emotion_detection-develop-v2/tess_preprocessed/audio/OAF_sure_fear.wav,OAF_sure_fear.wav,1,train,2,fear,2,fear,0.9806626439094543
/Users/prarthanapatel/Desktop/Himanshi/speech_emotion_detection-develop-v2/tess_preprocessed/audio/OAF_take_fear.wav,OAF_take_fear.wav,1,train,2,fear,2,fear,0.978955864906311
/Users/prarthanapatel/Desktop/Himanshi/speech_emotion_detection-develop-v2/tess_preprocessed/audio/OAF_talk_fear.wav,OAF_talk_fear.wav,1,train,2,fear,2,fear,0.9802452921867371
/Users/prarthanapatel/Desktop/Himanshi/speech_emotion_detection-develop-v2/tess_preprocessed/audio/OAF_tape_fear.wav,OAF_tape_fear.wav,1,train,2,fear,2,fear,0.9801520705223083
/Users/prarthanapatel/Desktop/Himanshi/speech_emotion_detection-develop-v2/tess_preprocessed/audio/OAF_tell_fear.wav,OAF_tell_fear.wav,1,train,2,fear,2,fear,0.9797413349151611
/Users/prarthanapatel/Desktop/Himanshi/speech_emotion_detection-develop-v2/tess_preprocessed/audio/OAF_thin_fear.wav,OAF_thin_fear.wav,1,train,2,fear,2,fear,0.9798190593719482
/Users/prarthanapatel/Desktop/Himanshi/speech_emotion_detection-develop-v2/tess_preprocessed/audio/OAF_third_fear.wav,OAF_third_fear.wav,1,train,2,fear,2,fear,0.9800375699996948
/Users/prarthanapatel/Desktop/Himanshi/speech_emotion_detection-develop-v2/tess_preprocessed/audio/OAF_thumb_fear.wav,OAF_thumb_fear.wav,1,train,2,fear,2,fear,0.9806766510009766
/Users/prarthanapatel/Desktop/Himanshi/speech_emotion_detection-develop-v2/tess_preprocessed/audio/OAF_time_fear.wav,OAF_time_fear.wav,1,train,2,fear,2,fear,0.9798659682273865
/Users/prarthanapatel/Desktop/Himanshi/speech_emotion_detection-develop-v2/tess_preprocessed/audio/OAF_tip_fear.wav,OAF_tip_fear.wav,1,train,2,fear,2,fear,0.9771996140480042
/Users/prarthanapatel/Desktop/Himanshi/speech_emotion_detection-develop-v2/tess_preprocessed/audio/OAF_tool_fear.wav,OAF_tool_fear.wav,1,train,2,fear,2,fear,0.9803099036216736
/Users/prarthanapatel/Desktop/Himanshi/speech_emotion_detection-develop-v2/tess_preprocessed/audio/OAF_void_fear.wav,OAF_void_fear.wav,1,train,2,fear,2,fear,0.9803464412689209
/Users/prarthanapatel/Desktop/Himanshi/speech_emotion_detection-develop-v2/tess_preprocessed/audio/OAF_wag_fear.wav,OAF_wag_fear.wav,1,train,2,fear,2,fear,0.9804874062538147
/Users/prarthanapatel/Desktop/Himanshi/speech_emotion_detection-develop-v2/tess_preprocessed/audio/OAF_wash_fear.wav,OAF_wash_fear.wav,1,train,2,fear,2,fear,0.9804601073265076
/Users/prarthanapatel/Desktop/Himanshi/speech_emotion_detection-develop-v2/tess_preprocessed/audio/OAF_week_fear.wav,OAF_week_fear.wav,1,train,2,fear,2,fear,0.9806420207023621
/Users/prarthanapatel/Desktop/Himanshi/speech_emotion_detection-develop-v2/tess_preprocessed/audio/OAF_when_fear.wav,OAF_when_fear.wav,1,train,2,fear,2,fear,0.980337381362915
/Users/prarthanapatel/Desktop/Himanshi/speech_emotion_detection-develop-v2/tess_preprocessed/audio/OAF_which_fear.wav,OAF_which_fear.wav,1,train,2,fear,2,fear,0.9808068871498108
/Users/prarthanapatel/Desktop/Himanshi/speech_emotion_detection-develop-v2/tess_preprocessed/audio/OAF_whip_fear.wav,OAF_whip_fear.wav,1,train,2,fear,2,fear,0.9807063341140747
/Users/prarthanapatel/Desktop/Himanshi/speech_emotion_detection-develop-v2/tess_preprocessed/audio/OAF_wire_fear.wav,OAF_wire_fear.wav,1,train,2,fear,2,fear,0.9802496433258057
/Users/prarthanapatel/Desktop/Himanshi/speech_emotion_detection-develop-v2/tess_preprocessed/audio/OAF_witch_fear.wav,OAF_witch_fear.wav,1,train,2,fear,2,fear,0.9799995422363281
/Users/prarthanapatel/Desktop/Himanshi/speech_emotion_detection-develop-v2/tess_preprocessed/audio/OAF_yes_fear.wav,OAF_yes_fear.wav,1,train,2,fear,2,fear,0.978342592716217
/Users/prarthanapatel/Desktop/Himanshi/speech_emotion_detection-develop-v2/tess_preprocessed/audio/OAF_young_fear.wav,OAF_young_fear.wav,1,train,2,fear,2,fear,0.9809380173683167
/Users/prarthanapatel/Desktop/Himanshi/speech_emotion_detection-develop-v2/tess_preprocessed/audio/OAF_back_pleasant_surprise.wav,OAF_back_pleasant_surprise.wav,1,train,5,pleasant_surprise,5,pleasant_surprise,0.9635946750640869
/Users/prarthanapatel/Desktop/Himanshi/speech_emotion_detection-develop-v2/tess_preprocessed/audio/OAF_base_pleasant_surprise.wav,OAF_base_pleasant_surprise.wav,1,train,5,pleasant_surprise,5,pleasant_surprise,0.955285906791687
/Users/prarthanapatel/Desktop/Himanshi/speech_emotion_detection-develop-v2/tess_preprocessed/audio/OAF_bath_pleasant_surprise.wav,OAF_bath_pleasant_surprise.wav,1,train,5,pleasant_surprise,5,pleasant_surprise,0.9661128520965576
/Users/prarthanapatel/Desktop/Himanshi/speech_emotion_detection-develop-v2/tess_preprocessed/audio/OAF_bean_pleasant_surprise.wav,OAF_bean_pleasant_surprise.wav,1,train,5,pleasant_surprise,5,pleasant_surprise,0.9691698551177979
/Users/prarthanapatel/Desktop/Himanshi/speech_emotion_detection-develop-v2/tess_preprocessed/audio/OAF_beg_pleasant_surprise.wav,OAF_beg_pleasant_surprise.wav,1,train,5,pleasant_surprise,5,pleasant_surprise,0.968149721622467
/Users/prarthanapatel/Desktop/Himanshi/speech_emotion_detection-develop-v2/tess_preprocessed/audio/OAF_bite_pleasant_surprise.wav,OAF_bite_pleasant_surprise.wav,1,train,5,pleasant_surprise,5,pleasant_surprise,0.9594066739082336
/Users/prarthanapatel/Desktop/Himanshi/speech_emotion_detection-develop-v2/tess_preprocessed/audio/OAF_book_pleasant_surprise.wav,OAF_book_pleasant_surprise.wav,1,train,5,pleasant_surprise,5,pleasant_surprise,0.9428920745849609
/Users/prarthanapatel/Desktop/Himanshi/speech_emotion_detection-develop-v2/tess_preprocessed/audio/OAF_bought_pleasant_surprise.wav,OAF_bought_pleasant_surprise.wav,1,train,5,pleasant_surprise,5,pleasant_surprise,0.9491426348686218
/Users/prarthanapatel/Desktop/Himanshi/speech_emotion_detection-develop-v2/tess_preprocessed/audio/OAF_burn_pleasant_surprise.wav,OAF_burn_pleasant_surprise.wav,1,train,5,pleasant_surprise,5,pleasant_surprise,0.9678207635879517
/Users/prarthanapatel/Desktop/Himanshi/speech_emotion_detection-develop-v2/tess_preprocessed/audio/OAF_cab_pleasant_surprise.wav,OAF_cab_pleasant_surprise.wav,1,train,5,pleasant_surprise,5,pleasant_surprise,0.9666956663131714
/Users/prarthanapatel/Desktop/Himanshi/speech_emotion_detection-develop-v2/tess_preprocessed/audio/OAF_cause_pleasant_surprise.wav,OAF_cause_pleasant_surprise.wav,1,train,5,pleasant_surprise,5,pleasant_surprise,0.9677982330322266
/Users/prarthanapatel/Desktop/Himanshi/speech_emotion_detection-develop-v2/tess_preprocessed/audio/OAF_chain_pleasant_surprise.wav,OAF_chain_pleasant_surprise.wav,1,train,5,pleasant_surprise,5,pleasant_surprise,0.9414403438568115
/Users/prarthanapatel/Desktop/Himanshi/speech_emotion_detection-develop-v2/tess_preprocessed/audio/OAF_chalk_pleasant_surprise.wav,OAF_chalk_pleasant_surprise.wav,1,train,5,pleasant_surprise,5,pleasant_surprise,0.9679746627807617
/Users/prarthanapatel/Desktop/Himanshi/speech_emotion_detection-develop-v2/tess_preprocessed/audio/OAF_chat_pleasant_surprise.wav,OAF_chat_pleasant_surprise.wav,1,train,5,pleasant_surprise,5,pleasant_surprise,0.9690379500389099
/Users/prarthanapatel/Desktop/Himanshi/speech_emotion_detection-develop-v2/tess_preprocessed/audio/OAF_chief_pleasant_surprise.wav,OAF_chief_pleasant_surprise.wav,1,train,5,pleasant_surprise,5,pleasant_surprise,0.9517757892608643
/Users/prarthanapatel/Desktop/Himanshi/speech_emotion_detection-develop-v2/tess_preprocessed/audio/OAF_choice_pleasant_surprise.wav,OAF_choice_pleasant_surprise.wav,1,train,5,pleasant_surprise,5,pleasant_surprise,0.9667097926139832
/Users/prarthanapatel/Desktop/Himanshi/speech_emotion_detection-develop-v2/tess_preprocessed/audio/OAF_cool_pleasant_surprise.wav,OAF_cool_pleasant_surprise.wav,1,train,5,pleasant_surprise,5,pleasant_surprise,0.967096745967865
/Users/prarthanapatel/Desktop/Himanshi/speech_emotion_detection-develop-v2/tess_preprocessed/audio/OAF_dab_pleasant_surprise.wav,OAF_dab_pleasant_surprise.wav,1,train,5,pleasant_surprise,5,pleasant_surprise,0.9535616636276245
/Users/prarthanapatel/Desktop/Himanshi/speech_emotion_detection-develop-v2/tess_preprocessed/audio/OAF_date_pleasant_surprise.wav,OAF_date_pleasant_surprise.wav,1,train,5,pleasant_surprise,5,pleasant_surprise,0.9675779938697815
/Users/prarthanapatel/Desktop/Himanshi/speech_emotion_detection-develop-v2/tess_preprocessed/audio/OAF_dead_pleasant_surprise.wav,OAF_dead_pleasant_surprise.wav,1,train,5,pleasant_surprise,5,pleasant_surprise,0.9452376365661621
/Users/prarthanapatel/Desktop/Himanshi/speech_emotion_detection-develop-v2/tess_preprocessed/audio/OAF_death_pleasant_surprise.wav,OAF_death_pleasant_surprise.wav,1,train,5,pleasant_surprise,5,pleasant_surprise,0.9678964018821716
/Users/prarthanapatel/Desktop/Himanshi/speech_emotion_detection-develop-v2/tess_preprocessed/audio/OAF_deep_pleasant_surprise.wav,OAF_deep_pleasant_surprise.wav,1,train,5,pleasant_surprise,5,pleasant_surprise,0.886523962020874
/Users/prarthanapatel/Desktop/Himanshi/speech_emotion_detection-develop-v2/tess_preprocessed/audio/OAF_dime_pleasant_surprise.wav,OAF_dime_pleasant_surprise.wav,1,train,5,pleasant_surprise,5,pleasant_surprise,0.9673029780387878
/Users/prarthanapatel/Desktop/Himanshi/speech_emotion_detection-develop-v2/tess_preprocessed/audio/OAF_dip_pleasant_surprise.wav,OAF_dip_pleasant_surprise.wav,1,train,5,pleasant_surprise,5,pleasant_surprise,0.963988184928894
/Users/prarthanapatel/Desktop/Himanshi/speech_emotion_detection-develop-v2/tess_preprocessed/audio/OAF_ditch_pleasant_surprise.wav,OAF_ditch_pleasant_surprise.wav,1,train,5,pleasant_surprise,5,pleasant_surprise,0.9679924249649048
/Users/prarthanapatel/Desktop/Himanshi/speech_emotion_detection-develop-v2/tess_preprocessed/audio/OAF_dodge_pleasant_surprise.wav,OAF_dodge_pleasant_surprise.wav,1,train,5,pleasant_surprise,5,pleasant_surprise,0.9619227647781372
/Users/prarthanapatel/Desktop/Himanshi/speech_emotion_detection-develop-v2/tess_preprocessed/audio/OAF_doll_pleasant_surprise.wav,OAF_doll_pleasant_surprise.wav,1,train,5,pleasant_surprise,5,pleasant_surprise,0.9676154851913452
/Users/prarthanapatel/Desktop/Himanshi/speech_emotion_detection-develop-v2/tess_preprocessed/audio/OAF_door_pleasant_surprise.wav,OAF_door_pleasant_surprise.wav,1,train,5,pleasant_surprise,5,pleasant_surprise,0.9638112187385559
/Users/prarthanapatel/Desktop/Himanshi/speech_emotion_detection-develop-v2/tess_preprocessed/audio/OAF_fall_pleasant_surprise.wav,OAF_fall_pleasant_surprise.wav,1,train,5,pleasant_surprise,5,pleasant_surprise,0.9687234163284302
/Users/prarthanapatel/Desktop/Himanshi/speech_emotion_detection-develop-v2/tess_preprocessed/audio/OAF_far_pleasant_surprise.wav,OAF_far_pleasant_surprise.wav,1,train,5,pleasant_surprise,5,pleasant_surprise,0.966734766960144
/Users/prarthanapatel/Desktop/Himanshi/speech_emotion_detection-develop-v2/tess_preprocessed/audio/OAF_fat_pleasant_surprise.wav,OAF_fat_pleasant_surprise.wav,1,train,5,pleasant_surprise,5,pleasant_surprise,0.9659645557403564
/Users/prarthanapatel/Desktop/Himanshi/speech_emotion_detection-develop-v2/tess_preprocessed/audio/OAF_fit_pleasant_surprise.wav,OAF_fit_pleasant_surprise.wav,1,train,5,pleasant_surprise,5,pleasant_surprise,0.4933103322982788
/Users/prarthanapatel/Desktop/Himanshi/speech_emotion_detection-develop-v2/tess_preprocessed/audio/OAF_five_pleasant_surprise.wav,OAF_five_pleasant_surprise.wav,1,train,5,pleasant_surprise,5,pleasant_surprise,0.9591925740242004
/Users/prarthanapatel/Desktop/Himanshi/speech_emotion_detection-develop-v2/tess_preprocessed/audio/OAF_food_pleasant_surprise.wav,OAF_food_pleasant_surprise.wav,1,train,5,pleasant_surprise,5,pleasant_surprise,0.9388868808746338
/Users/prarthanapatel/Desktop/Himanshi/speech_emotion_detection-develop-v2/tess_preprocessed/audio/OAF_gap_pleasant_surprise.wav,OAF_gap_pleasant_surprise.wav,1,train,5,pleasant_surprise,5,pleasant_surprise,0.9649330973625183
/Users/prarthanapatel/Desktop/Himanshi/speech_emotion_detection-develop-v2/tess_preprocessed/audio/OAF_gas_pleasant_surprise.wav,OAF_gas_pleasant_surprise.wav,1,train,5,pleasant_surprise,5,pleasant_surprise,0.965299129486084
/Users/prarthanapatel/Desktop/Himanshi/speech_emotion_detection-develop-v2/tess_preprocessed/audio/OAF_gaze_pleasant_surprise.wav,OAF_gaze_pleasant_surprise.wav,1,train,5,pleasant_surprise,5,pleasant_surprise,0.967892587184906
/Users/prarthanapatel/Desktop/Himanshi/speech_emotion_detection-develop-v2/tess_preprocessed/audio/OAF_germ_pleasant_surprise.wav,OAF_germ_pleasant_surprise.wav,1,train,5,pleasant_surprise,5,pleasant_surprise,0.9512658715248108
/Users/prarthanapatel/Desktop/Himanshi/speech_emotion_detection-develop-v2/tess_preprocessed/audio/OAF_good_pleasant_surprise.wav,OAF_good_pleasant_surprise.wav,1,train,5,pleasant_surprise,5,pleasant_surprise,0.9637963771820068
/Users/prarthanapatel/Desktop/Himanshi/speech_emotion_detection-develop-v2/tess_preprocessed/audio/OAF_gun_pleasant_surprise.wav,OAF_gun_pleasant_surprise.wav,1,train,5,pleasant_surprise,5,pleasant_surprise,0.9476269483566284
/Users/prarthanapatel/Desktop/Himanshi/speech_emotion_detection-develop-v2/tess_preprocessed/audio/OAF_hall_pleasant_surprise.wav,OAF_hall_pleasant_surprise.wav,1,train,5,pleasant_surprise,5,pleasant_surprise,0.7274757027626038
/Users/prarthanapatel/Desktop/Himanshi/speech_emotion_detection-develop-v2/tess_preprocessed/audio/OAF_hash_pleasant_surprise.wav,OAF_hash_pleasant_surprise.wav,1,train,5,pleasant_surprise,5,pleasant_surprise,0.9668540954589844
/Users/prarthanapatel/Desktop/Himanshi/speech_emotion_detection-develop-v2/tess_preprocessed/audio/OAF_hire_pleasant_surprise.wav,OAF_hire_pleasant_surprise.wav,1,train,5,pleasant_surprise,5,pleasant_surprise,0.8935290575027466
/Users/prarthanapatel/Desktop/Himanshi/speech_emotion_detection-develop-v2/tess_preprocessed/audio/OAF_hit_pleasant_surprise.wav,OAF_hit_pleasant_surprise.wav,1,train,5,pleasant_surprise,5,pleasant_surprise,0.8630369901657104
/Users/prarthanapatel/Desktop/Himanshi/speech_emotion_detection-develop-v2/tess_preprocessed/audio/OAF_hole_pleasant_surprise.wav,OAF_hole_pleasant_surprise.wav,1,train,5,pleasant_surprise,5,pleasant_surprise,0.952424168586731
/Users/prarthanapatel/Desktop/Himanshi/speech_emotion_detection-develop-v2/tess_preprocessed/audio/OAF_hurl_pleasant_surprise.wav,OAF_hurl_pleasant_surprise.wav,1,train,5,pleasant_surprise,5,pleasant_surprise,0.9317796230316162
/Users/prarthanapatel/Desktop/Himanshi/speech_emotion_detection-develop-v2/tess_preprocessed/audio/OAF_hush_pleasant_surprise.wav,OAF_hush_pleasant_surprise.wav,1,train,5,pleasant_surprise,5,pleasant_surprise,0.9665848612785339
/Users/prarthanapatel/Desktop/Himanshi/speech_emotion_detection-develop-v2/tess_preprocessed/audio/OAF_jail_pleasant_surprise.wav,OAF_jail_pleasant_surprise.wav,1,train,5,pleasant_surprise,5,pleasant_surprise,0.9686926603317261
/Users/prarthanapatel/Desktop/Himanshi/speech_emotion_detection-develop-v2/tess_preprocessed/audio/OAF_jar_pleasant_surprise.wav,OAF_jar_pleasant_surprise.wav,1,train,5,pleasant_surprise,5,pleasant_surprise,0.9683729410171509
/Users/prarthanapatel/Desktop/Himanshi/speech_emotion_detection-develop-v2/tess_preprocessed/audio/OAF_join_pleasant_surprise.wav,OAF_join_pleasant_surprise.wav,1,train,5,pleasant_surprise,5,pleasant_surprise,0.9673723578453064
/Users/prarthanapatel/Desktop/Himanshi/speech_emotion_detection-develop-v2/tess_preprocessed/audio/OAF_judge_pleasant_surprise.wav,OAF_judge_pleasant_surprise.wav,1,train,5,pleasant_surprise,5,pleasant_surprise,0.9634609818458557
/Users/prarthanapatel/Desktop/Himanshi/speech_emotion_detection-develop-v2/tess_preprocessed/audio/OAF_jug_pleasant_surprise.wav,OAF_jug_pleasant_surprise.wav,1,train,5,pleasant_surprise,5,pleasant_surprise,0.9451372027397156
/Users/prarthanapatel/Desktop/Himanshi/speech_emotion_detection-develop-v2/tess_preprocessed/audio/OAF_keep_pleasant_surprise.wav,OAF_keep_pleasant_surprise.wav,1,train,5,pleasant_surprise,5,pleasant_surprise,0.9675286412239075
/Users/prarthanapatel/Desktop/Himanshi/speech_emotion_detection-develop-v2/tess_preprocessed/audio/OAF_kick_pleasant_surprise.wav,OAF_kick_pleasant_surprise.wav,1,train,5,pleasant_surprise,5,pleasant_surprise,0.9494970440864563
/Users/prarthanapatel/Desktop/Himanshi/speech_emotion_detection-develop-v2/tess_preprocessed/audio/OAF_kill_pleasant_surprise.wav,OAF_kill_pleasant_surprise.wav,1,train,5,pleasant_surprise,5,pleasant_surprise,0.9395619034767151
/Users/prarthanapatel/Desktop/Himanshi/speech_emotion_detection-develop-v2/tess_preprocessed/audio/OAF_king_pleasant_surprise.wav,OAF_king_pleasant_surprise.wav,1,train,5,pleasant_surprise,5,pleasant_surprise,0.9694281220436096
/Users/prarthanapatel/Desktop/Himanshi/speech_emotion_detection-develop-v2/tess_preprocessed/audio/OAF_kite_pleasant_surprise.wav,OAF_kite_pleasant_surprise.wav,1,train,5,pleasant_surprise,5,pleasant_surprise,0.9659525156021118
/Users/prarthanapatel/Desktop/Himanshi/speech_emotion_detection-develop-v2/tess_preprocessed/audio/OAF_knock_pleasant_surprise.wav,OAF_knock_pleasant_surprise.wav,1,train,5,pleasant_surprise,5,pleasant_surprise,0.9683947563171387
/Users/prarthanapatel/Desktop/Himanshi/speech_emotion_detection-develop-v2/tess_preprocessed/audio/OAF_laud_pleasant_surprise.wav,OAF_laud_pleasant_surprise.wav,1,train,5,pleasant_surprise,5,pleasant_surprise,0.9670131802558899
/Users/prarthanapatel/Desktop/Himanshi/speech_emotion_detection-develop-v2/tess_preprocessed/audio/OAF_lean_pleasant_surprise.wav,OAF_lean_pleasant_surprise.wav,1,train,5,pleasant_surprise,5,pleasant_surprise,0.9450023174285889
/Users/prarthanapatel/Desktop/Himanshi/speech_emotion_detection-develop-v2/tess_preprocessed/audio/OAF_lease_pleasant_surprise.wav,OAF_lease_pleasant_surprise.wav,1,train,5,pleasant_surprise,5,pleasant_surprise,0.9580888152122498
/Users/prarthanapatel/Desktop/Himanshi/speech_emotion_detection-develop-v2/tess_preprocessed/audio/OAF_lid_pleasant_surprise.wav,OAF_lid_pleasant_surprise.wav,1,train,5,pleasant_surprise,5,pleasant_surprise,0.9414041042327881
/Users/prarthanapatel/Desktop/Himanshi/speech_emotion_detection-develop-v2/tess_preprocessed/audio/OAF_life_pleasant_surprise.wav,OAF_life_pleasant_surprise.wav,1,train,5,pleasant_surprise,5,pleasant_surprise,0.9317673444747925
/Users/prarthanapatel/Desktop/Himanshi/speech_emotion_detection-develop-v2/tess_preprocessed/audio/OAF_long_pleasant_surprise.wav,OAF_long_pleasant_surprise.wav,1,train,5,pleasant_surprise,5,pleasant_surprise,0.9432045817375183
/Users/prarthanapatel/Desktop/Himanshi/speech_emotion_detection-develop-v2/tess_preprocessed/audio/OAF_lot_pleasant_surprise.wav,OAF_lot_pleasant_surprise.wav,1,train,5,pleasant_surprise,5,pleasant_surprise,0.9680497646331787
/Users/prarthanapatel/Desktop/Himanshi/speech_emotion_detection-develop-v2/tess_preprocessed/audio/OAF_love_pleasant_surprise.wav,OAF_love_pleasant_surprise.wav,1,train,5,pleasant_surprise,5,pleasant_surprise,0.9685755372047424
/Users/prarthanapatel/Desktop/Himanshi/speech_emotion_detection-develop-v2/tess_preprocessed/audio/OAF_luck_pleasant_surprise.wav,OAF_luck_pleasant_surprise.wav,1,train,5,pleasant_surprise,5,pleasant_surprise,0.8964083194732666
/Users/prarthanapatel/Desktop/Himanshi/speech_emotion_detection-develop-v2/tess_preprocessed/audio/OAF_make_pleasant_surprise.wav,OAF_make_pleasant_surprise.wav,1,train,5,pleasant_surprise,5,pleasant_surprise,0.8350013494491577
/Users/prarthanapatel/Desktop/Himanshi/speech_emotion_detection-develop-v2/tess_preprocessed/audio/OAF_match_pleasant_surprise.wav,OAF_match_pleasant_surprise.wav,1,train,5,pleasant_surprise,5,pleasant_surprise,0.9652025103569031
/Users/prarthanapatel/Desktop/Himanshi/speech_emotion_detection-develop-v2/tess_preprocessed/audio/OAF_merge_pleasant_surprise.wav,OAF_merge_pleasant_surprise.wav,1,train,5,pleasant_surprise,5,pleasant_surprise,0.9645344018936157
/Users/prarthanapatel/Desktop/Himanshi/speech_emotion_detection-develop-v2/tess_preprocessed/audio/OAF_met_pleasant_surprise.wav,OAF_met_pleasant_surprise.wav,1,train,5,pleasant_surprise,5,pleasant_surprise,0.949869692325592
/Users/prarthanapatel/Desktop/Himanshi/speech_emotion_detection-develop-v2/tess_preprocessed/audio/OAF_mill_pleasant_surprise.wav,OAF_mill_pleasant_surprise.wav,1,train,5,pleasant_surprise,5,pleasant_surprise,0.9630468487739563
/Users/prarthanapatel/Desktop/Himanshi/speech_emotion_detection-develop-v2/tess_preprocessed/audio/OAF_mood_pleasant_surprise.wav,OAF_mood_pleasant_surprise.wav,1,train,5,pleasant_surprise,5,pleasant_surprise,0.9313183426856995
/Users/prarthanapatel/Desktop/Himanshi/speech_emotion_detection-develop-v2/tess_preprocessed/audio/OAF_moon_pleasant_surprise.wav,OAF_moon_pleasant_surprise.wav,1,train,5,pleasant_surprise,5,pleasant_surprise,0.9676998853683472
/Users/prarthanapatel/Desktop/Himanshi/speech_emotion_detection-develop-v2/tess_preprocessed/audio/OAF_nag_pleasant_surprise.wav,OAF_nag_pleasant_surprise.wav,1,train,5,pleasant_surprise,5,pleasant_surprise,0.9627050161361694
/Users/prarthanapatel/Desktop/Himanshi/speech_emotion_detection-develop-v2/tess_preprocessed/audio/OAF_name_pleasant_surprise.wav,OAF_name_pleasant_surprise.wav,1,train,5,pleasant_surprise,5,pleasant_surprise,0.9693320393562317
/Users/prarthanapatel/Desktop/Himanshi/speech_emotion_detection-develop-v2/tess_preprocessed/audio/OAF_neat_pleasant_surprise.wav,OAF_neat_pleasant_surprise.wav,1,train,5,pleasant_surprise,5,pleasant_surprise,0.9523030519485474
/Users/prarthanapatel/Desktop/Himanshi/speech_emotion_detection-develop-v2/tess_preprocessed/audio/OAF_nice_pleasant_surprise.wav,OAF_nice_pleasant_surprise.wav,1,train,5,pleasant_surprise,5,pleasant_surprise,0.965167224407196
/Users/prarthanapatel/Desktop/Himanshi/speech_emotion_detection-develop-v2/tess_preprocessed/audio/OAF_note_pleasant_surprise.wav,OAF_note_pleasant_surprise.wav,1,train,5,pleasant_surprise,5,pleasant_surprise,0.9671911001205444
/Users/prarthanapatel/Desktop/Himanshi/speech_emotion_detection-develop-v2/tess_preprocessed/audio/OAF_numb_pleasant_surprise.wav,OAF_numb_pleasant_surprise.wav,1,train,5,pleasant_surprise,5,pleasant_surprise,0.950642466545105
/Users/prarthanapatel/Desktop/Himanshi/speech_emotion_detection-develop-v2/tess_preprocessed/audio/OAF_pad_pleasant_surprise.wav,OAF_pad_pleasant_surprise.wav,1,train,5,pleasant_surprise,5,pleasant_surprise,0.9693174362182617
/Users/prarthanapatel/Desktop/Himanshi/speech_emotion_detection-develop-v2/tess_preprocessed/audio/OAF_pain_pleasant_surprise.wav,OAF_pain_pleasant_surprise.wav,1,train,5,pleasant_surprise,5,pleasant_surprise,0.9608715772628784
/Users/prarthanapatel/Desktop/Himanshi/speech_emotion_detection-develop-v2/tess_preprocessed/audio/OAF_pass_pleasant_surprise.wav,OAF_pass_pleasant_surprise.wav,1,train,5,pleasant_surprise,5,pleasant_surprise,0.966151773929596
/Users/prarthanapatel/Desktop/Himanshi/speech_emotion_detection-develop-v2/tess_preprocessed/audio/OAF_pearl_pleasant_surprise.wav,OAF_pearl_pleasant_surprise.wav,1,train,5,pleasant_surprise,5,pleasant_surprise,0.9665573239326477
/Users/prarthanapatel/Desktop/Himanshi/speech_emotion_detection-develop-v2/tess_preprocessed/audio/OAF_peg_pleasant_surprise.wav,OAF_peg_pleasant_surprise.wav,1,train,5,pleasant_surprise,5,pleasant_surprise,0.9366039633750916
/Users/prarthanapatel/Desktop/Himanshi/speech_emotion_detection-develop-v2/tess_preprocessed/audio/OAF_phone_pleasant_surprise.wav,OAF_phone_pleasant_surprise.wav,1,train,5,pleasant_surprise,5,pleasant_surprise,0.964208722114563
/Users/prarthanapatel/Desktop/Himanshi/speech_emotion_detection-develop-v2/tess_preprocessed/audio/OAF_pick_pleasant_surprise.wav,OAF_pick_pleasant_surprise.wav,1,train,5,pleasant_surprise,5,pleasant_surprise,0.9675621390342712
/Users/prarthanapatel/Desktop/Himanshi/speech_emotion_detection-develop-v2/tess_preprocessed/audio/OAF_pike_pleasant_surprise.wav,OAF_pike_pleasant_surprise.wav,1,train,5,pleasant_surprise,5,pleasant_surprise,0.9672219753265381
/Users/prarthanapatel/Desktop/Himanshi/speech_emotion_detection-develop-v2/tess_preprocessed/audio/OAF_pole_pleasant_surprise.wav,OAF_pole_pleasant_surprise.wav,1,train,5,pleasant_surprise,5,pleasant_surprise,0.9351356029510498
/Users/prarthanapatel/Desktop/Himanshi/speech_emotion_detection-develop-v2/tess_preprocessed/audio/OAF_pool_pleasant_surprise.wav,OAF_pool_pleasant_surprise.wav,1,train,5,pleasant_surprise,5,pleasant_surprise,0.9684757590293884
/Users/prarthanapatel/Desktop/Himanshi/speech_emotion_detection-develop-v2/tess_preprocessed/audio/OAF_puff_pleasant_surprise.wav,OAF_puff_pleasant_surprise.wav,1,train,5,pleasant_surprise,5,pleasant_surprise,0.9557817578315735
/Users/prarthanapatel/Desktop/Himanshi/speech_emotion_detection-develop-v2/tess_preprocessed/audio/OAF_rag_pleasant_surprise.wav,OAF_rag_pleasant_surprise.wav,1,train,5,pleasant_surprise,5,pleasant_surprise,0.9686296582221985
/Users/prarthanapatel/Desktop/Himanshi/speech_emotion_detection-develop-v2/tess_preprocessed/audio/OAF_rat_pleasant_surprise.wav,OAF_rat_pleasant_surprise.wav,1,train,5,pleasant_surprise,5,pleasant_surprise,0.9527514576911926
/Users/prarthanapatel/Desktop/Himanshi/speech_emotion_detection-develop-v2/tess_preprocessed/audio/OAF_reach_pleasant_surprise.wav,OAF_reach_pleasant_surprise.wav,1,train,5,pleasant_surprise,5,pleasant_surprise,0.9653721451759338
/Users/prarthanapatel/Desktop/Himanshi/speech_emotion_detection-develop-v2/tess_preprocessed/audio/OAF_red_pleasant_surprise.wav,OAF_red_pleasant_surprise.wav,1,train,5,pleasant_surprise,5,pleasant_surprise,0.9311256408691406
/Users/prarthanapatel/Desktop/Himanshi/speech_emotion_detection-develop-v2/tess_preprocessed/audio/OAF_ring_pleasant_surprise.wav,OAF_ring_pleasant_surprise.wav,1,train,5,pleasant_surprise,5,pleasant_surprise,0.9596936106681824
/Users/prarthanapatel/Desktop/Himanshi/speech_emotion_detection-develop-v2/tess_preprocessed/audio/OAF_ripe_pleasant_surprise.wav,OAF_ripe_pleasant_surprise.wav,1,train,5,pleasant_surprise,5,pleasant_surprise,0.9515634179115295
/Users/prarthanapatel/Desktop/Himanshi/speech_emotion_detection-develop-v2/tess_preprocessed/audio/OAF_road_pleasant_surprise.wav,OAF_road_pleasant_surprise.wav,1,train,5,pleasant_surprise,5,pleasant_surprise,0.9633679389953613
/Users/prarthanapatel/Desktop/Himanshi/speech_emotion_detection-develop-v2/tess_preprocessed/audio/OAF_room_pleasant_surprise.wav,OAF_room_pleasant_surprise.wav,1,train,5,pleasant_surprise,5,pleasant_surprise,0.9681558609008789
/Users/prarthanapatel/Desktop/Himanshi/speech_emotion_detection-develop-v2/tess_preprocessed/audio/OAF_rose_pleasant_surprise.wav,OAF_rose_pleasant_surprise.wav,1,train,5,pleasant_surprise,5,pleasant_surprise,0.9542549252510071
/Users/prarthanapatel/Desktop/Himanshi/speech_emotion_detection-develop-v2/tess_preprocessed/audio/OAF_rot_pleasant_surprise.wav,OAF_rot_pleasant_surprise.wav,1,train,5,pleasant_surprise,5,pleasant_surprise,0.9539636969566345
/Users/prarthanapatel/Desktop/Himanshi/speech_emotion_detection-develop-v2/tess_preprocessed/audio/OAF_rough_pleasant_surprise.wav,OAF_rough_pleasant_surprise.wav,1,train,5,pleasant_surprise,5,pleasant_surprise,0.770974338054657
/Users/prarthanapatel/Desktop/Himanshi/speech_emotion_detection-develop-v2/tess_preprocessed/audio/OAF_rush_pleasant_surprise.wav,OAF_rush_pleasant_surprise.wav,1,train,5,pleasant_surprise,5,pleasant_surprise,0.9670774936676025
/Users/prarthanapatel/Desktop/Himanshi/speech_emotion_detection-develop-v2/tess_preprocessed/audio/OAF_said_pleasant_surprise.wav,OAF_said_pleasant_surprise.wav,1,train,5,pleasant_surprise,5,pleasant_surprise,0.9095260500907898
/Users/prarthanapatel/Desktop/Himanshi/speech_emotion_detection-develop-v2/tess_preprocessed/audio/OAF_sail_pleasant_surprise.wav,OAF_sail_pleasant_surprise.wav,1,train,5,pleasant_surprise,5,pleasant_surprise,0.9474632143974304
/Users/prarthanapatel/Desktop/Himanshi/speech_emotion_detection-develop-v2/tess_preprocessed/audio/OAF_search_pleasant_surprise.wav,OAF_search_pleasant_surprise.wav,1,train,5,pleasant_surprise,5,pleasant_surprise,0.9557086825370789
/Users/prarthanapatel/Desktop/Himanshi/speech_emotion_detection-develop-v2/tess_preprocessed/audio/OAF_seize_pleasant_surprise.wav,OAF_seize_pleasant_surprise.wav,1,train,5,pleasant_surprise,5,pleasant_surprise,0.9580588340759277
/Users/prarthanapatel/Desktop/Himanshi/speech_emotion_detection-develop-v2/tess_preprocessed/audio/OAF_sell_pleasant_surprise.wav,OAF_sell_pleasant_surprise.wav,1,train,5,pleasant_surprise,5,pleasant_surprise,0.9693325757980347
/Users/prarthanapatel/Desktop/Himanshi/speech_emotion_detection-develop-v2/tess_preprocessed/audio/OAF_shall_pleasant_surprise.wav,OAF_shall_pleasant_surprise.wav,1,train,5,pleasant_surprise,5,pleasant_surprise,0.9523216485977173
/Users/prarthanapatel/Desktop/Himanshi/speech_emotion_detection-develop-v2/tess_preprocessed/audio/OAF_sheep_pleasant_surprise.wav,OAF_sheep_pleasant_surprise.wav,1,train,5,pleasant_surprise,5,pleasant_surprise,0.9574346542358398
/Users/prarthanapatel/Desktop/Himanshi/speech_emotion_detection-develop-v2/tess_preprocessed/audio/OAF_shirt_pleasant_surprise.wav,OAF_shirt_pleasant_surprise.wav,1,train,5,pleasant_surprise,5,pleasant_surprise,0.9685057401657104
/Users/prarthanapatel/Desktop/Himanshi/speech_emotion_detection-develop-v2/tess_preprocessed/audio/OAF_should_pleasant_surprise.wav,OAF_should_pleasant_surprise.wav,1,train,5,pleasant_surprise,5,pleasant_surprise,0.9021638035774231
/Users/prarthanapatel/Desktop/Himanshi/speech_emotion_detection-develop-v2/tess_preprocessed/audio/OAF_shout_pleasant_surprise.wav,OAF_shout_pleasant_surprise.wav,1,train,5,pleasant_surprise,5,pleasant_surprise,0.965969979763031
/Users/prarthanapatel/Desktop/Himanshi/speech_emotion_detection-develop-v2/tess_preprocessed/audio/OAF_size_pleasant_surprise.wav,OAF_size_pleasant_surprise.wav,1,train,5,pleasant_surprise,5,pleasant_surprise,0.9651387929916382
/Users/prarthanapatel/Desktop/Himanshi/speech_emotion_detection-develop-v2/tess_preprocessed/audio/OAF_soup_pleasant_surprise.wav,OAF_soup_pleasant_surprise.wav,1,train,5,pleasant_surprise,5,pleasant_surprise,0.835877537727356
/Users/prarthanapatel/Desktop/Himanshi/speech_emotion_detection-develop-v2/tess_preprocessed/audio/OAF_sour_pleasant_surprise.wav,OAF_sour_pleasant_surprise.wav,1,train,5,pleasant_surprise,5,pleasant_surprise,0.9091470241546631
/Users/prarthanapatel/Desktop/Himanshi/speech_emotion_detection-develop-v2/tess_preprocessed/audio/OAF_sub_pleasant_surprise.wav,OAF_sub_pleasant_surprise.wav,1,train,5,pleasant_surprise,5,pleasant_surprise,0.9673486948013306
/Users/prarthanapatel/Desktop/Himanshi/speech_emotion_detection-develop-v2/tess_preprocessed/audio/OAF_such_pleasant_surprise.wav,OAF_such_pleasant_surprise.wav,1,train,5,pleasant_surprise,5,pleasant_surprise,0.9503670930862427
/Users/prarthanapatel/Desktop/Himanshi/speech_emotion_detection-develop-v2/tess_preprocessed/audio/OAF_sure_pleasant_surprise.wav,OAF_sure_pleasant_surprise.wav,1,train,5,pleasant_surprise,5,pleasant_surprise,0.9650095701217651
/Users/prarthanapatel/Desktop/Himanshi/speech_emotion_detection-develop-v2/tess_preprocessed/audio/OAF_take_pleasant_surprise.wav,OAF_take_pleasant_surprise.wav,1,train,5,pleasant_surprise,5,pleasant_surprise,0.9664167761802673
/Users/prarthanapatel/Desktop/Himanshi/speech_emotion_detection-develop-v2/tess_preprocessed/audio/OAF_talk_pleasant_surprise.wav,OAF_talk_pleasant_surprise.wav,1,train,5,pleasant_surprise,5,pleasant_surprise,0.9628525376319885
/Users/prarthanapatel/Desktop/Himanshi/speech_emotion_detection-develop-v2/tess_preprocessed/audio/OAF_tape_pleasant_surprise.wav,OAF_tape_pleasant_surprise.wav,1,train,5,pleasant_surprise,5,pleasant_surprise,0.9463988542556763
/Users/prarthanapatel/Desktop/Himanshi/speech_emotion_detection-develop-v2/tess_preprocessed/audio/OAF_tell_pleasant_surprise.wav,OAF_tell_pleasant_surprise.wav,1,train,5,pleasant_surprise,5,pleasant_surprise,0.9455440640449524
/Users/prarthanapatel/Desktop/Himanshi/speech_emotion_detection-develop-v2/tess_preprocessed/audio/OAF_thin_pleasant_surprise.wav,OAF_thin_pleasant_surprise.wav,1,train,5,pleasant_surprise,5,pleasant_surprise,0.8983368277549744
/Users/prarthanapatel/Desktop/Himanshi/speech_emotion_detection-develop-v2/tess_preprocessed/audio/OAF_third_pleasant_surprise.wav,OAF_third_pleasant_surprise.wav,1,train,5,pleasant_surprise,5,pleasant_surprise,0.9661924839019775
/Users/prarthanapatel/Desktop/Himanshi/speech_emotion_detection-develop-v2/tess_preprocessed/audio/OAF_thumb_pleasant_surprise.wav,OAF_thumb_pleasant_surprise.wav,1,train,5,pleasant_surprise,5,pleasant_surprise,0.9337056875228882
/Users/prarthanapatel/Desktop/Himanshi/speech_emotion_detection-develop-v2/tess_preprocessed/audio/OAF_time_pleasant_surprise.wav,OAF_time_pleasant_surprise.wav,1,train,5,pleasant_surprise,3,happy,0.4680202007293701
/Users/prarthanapatel/Desktop/Himanshi/speech_emotion_detection-develop-v2/tess_preprocessed/audio/OAF_tip_pleasant_surprise.wav,OAF_tip_pleasant_surprise.wav,1,train,5,pleasant_surprise,5,pleasant_surprise,0.9679957032203674
/Users/prarthanapatel/Desktop/Himanshi/speech_emotion_detection-develop-v2/tess_preprocessed/audio/OAF_tool_pleasant_surprise.wav,OAF_tool_pleasant_surprise.wav,1,train,5,pleasant_surprise,5,pleasant_surprise,0.966459333896637
/Users/prarthanapatel/Desktop/Himanshi/speech_emotion_detection-develop-v2/tess_preprocessed/audio/OAF_void_pleasant_surprise.wav,OAF_void_pleasant_surprise.wav,1,train,5,pleasant_surprise,5,pleasant_surprise,0.9577425122261047
/Users/prarthanapatel/Desktop/Himanshi/speech_emotion_detection-develop-v2/tess_preprocessed/audio/OAF_wag_pleasant_surprise.wav,OAF_wag_pleasant_surprise.wav,1,train,5,pleasant_surprise,5,pleasant_surprise,0.968130886554718
/Users/prarthanapatel/Desktop/Himanshi/speech_emotion_detection-develop-v2/tess_preprocessed/audio/OAF_wash_pleasant_surprise.wav,OAF_wash_pleasant_surprise.wav,1,train,5,pleasant_surprise,5,pleasant_surprise,0.9028785228729248
/Users/prarthanapatel/Desktop/Himanshi/speech_emotion_detection-develop-v2/tess_preprocessed/audio/OAF_week_pleasant_surprise.wav,OAF_week_pleasant_surprise.wav,1,train,5,pleasant_surprise,5,pleasant_surprise,0.9691619277000427
/Users/prarthanapatel/Desktop/Himanshi/speech_emotion_detection-develop-v2/tess_preprocessed/audio/OAF_when_pleasant_surprise.wav,OAF_when_pleasant_surprise.wav,1,train,5,pleasant_surprise,5,pleasant_surprise,0.9599704742431641
/Users/prarthanapatel/Desktop/Himanshi/speech_emotion_detection-develop-v2/tess_preprocessed/audio/OAF_which_pleasant_surprise.wav,OAF_which_pleasant_surprise.wav,1,train,5,pleasant_surprise,5,pleasant_surprise,0.9680667519569397
/Users/prarthanapatel/Desktop/Himanshi/speech_emotion_detection-develop-v2/tess_preprocessed/audio/OAF_whip_pleasant_surprise.wav,OAF_whip_pleasant_surprise.wav,1,train,5,pleasant_surprise,5,pleasant_surprise,0.9669283032417297
/Users/prarthanapatel/Desktop/Himanshi/speech_emotion_detection-develop-v2/tess_preprocessed/audio/OAF_wire_pleasant_surprise.wav,OAF_wire_pleasant_surprise.wav,1,train,5,pleasant_surprise,5,pleasant_surprise,0.9377073645591736
/Users/prarthanapatel/Desktop/Himanshi/speech_emotion_detection-develop-v2/tess_preprocessed/audio/OAF_witch_pleasant_surprise.wav,OAF_witch_pleasant_surprise.wav,1,train,5,pleasant_surprise,5,pleasant_surprise,0.9661992788314819
/Users/prarthanapatel/Desktop/Himanshi/speech_emotion_detection-develop-v2/tess_preprocessed/audio/OAF_yes_pleasant_surprise.wav,OAF_yes_pleasant_surprise.wav,1,train,5,pleasant_surprise,5,pleasant_surprise,0.9662919044494629
/Users/prarthanapatel/Desktop/Himanshi/speech_emotion_detection-develop-v2/tess_preprocessed/audio/OAF_young_pleasant_surprise.wav,OAF_young_pleasant_surprise.wav,1,train,5,pleasant_surprise,5,pleasant_surprise,0.5983993411064148
/Users/prarthanapatel/Desktop/Himanshi/speech_emotion_detection-develop-v2/tess_preprocessed/audio/OAF_back_sad.wav,OAF_back_sad.wav,1,train,6,sad,6,sad,0.9668697118759155
/Users/prarthanapatel/Desktop/Himanshi/speech_emotion_detection-develop-v2/tess_preprocessed/audio/OAF_base_sad.wav,OAF_base_sad.wav,1,train,6,sad,6,sad,0.968289315700531
/Users/prarthanapatel/Desktop/Himanshi/speech_emotion_detection-develop-v2/tess_preprocessed/audio/OAF_bath_sad.wav,OAF_bath_sad.wav,1,train,6,sad,6,sad,0.9654552340507507
/Users/prarthanapatel/Desktop/Himanshi/speech_emotion_detection-develop-v2/tess_preprocessed/audio/OAF_bean_sad.wav,OAF_bean_sad.wav,1,train,6,sad,6,sad,0.9678675532341003
/Users/prarthanapatel/Desktop/Himanshi/speech_emotion_detection-develop-v2/tess_preprocessed/audio/OAF_beg_sad.wav,OAF_beg_sad.wav,1,train,6,sad,6,sad,0.9677296876907349
/Users/prarthanapatel/Desktop/Himanshi/speech_emotion_detection-develop-v2/tess_preprocessed/audio/OAF_bite_sad.wav,OAF_bite_sad.wav,1,train,6,sad,6,sad,0.9665775895118713
/Users/prarthanapatel/Desktop/Himanshi/speech_emotion_detection-develop-v2/tess_preprocessed/audio/OAF_book_sad.wav,OAF_book_sad.wav,1,train,6,sad,6,sad,0.9661725759506226
/Users/prarthanapatel/Desktop/Himanshi/speech_emotion_detection-develop-v2/tess_preprocessed/audio/OAF_bought_sad.wav,OAF_bought_sad.wav,1,train,6,sad,6,sad,0.9672333598136902
/Users/prarthanapatel/Desktop/Himanshi/speech_emotion_detection-develop-v2/tess_preprocessed/audio/OAF_burn_sad.wav,OAF_burn_sad.wav,1,train,6,sad,6,sad,0.9591150283813477
/Users/prarthanapatel/Desktop/Himanshi/speech_emotion_detection-develop-v2/tess_preprocessed/audio/OAF_cab_sad.wav,OAF_cab_sad.wav,1,train,6,sad,6,sad,0.9687994718551636
/Users/prarthanapatel/Desktop/Himanshi/speech_emotion_detection-develop-v2/tess_preprocessed/audio/OAF_cause_sad.wav,OAF_cause_sad.wav,1,train,6,sad,6,sad,0.9683669805526733
/Users/prarthanapatel/Desktop/Himanshi/speech_emotion_detection-develop-v2/tess_preprocessed/audio/OAF_chain_sad.wav,OAF_chain_sad.wav,1,train,6,sad,6,sad,0.9658376574516296
/Users/prarthanapatel/Desktop/Himanshi/speech_emotion_detection-develop-v2/tess_preprocessed/audio/OAF_chalk_sad.wav,OAF_chalk_sad.wav,1,train,6,sad,6,sad,0.9674737453460693
/Users/prarthanapatel/Desktop/Himanshi/speech_emotion_detection-develop-v2/tess_preprocessed/audio/OAF_chat_sad.wav,OAF_chat_sad.wav,1,train,6,sad,6,sad,0.968730092048645
/Users/prarthanapatel/Desktop/Himanshi/speech_emotion_detection-develop-v2/tess_preprocessed/audio/OAF_chief_sad.wav,OAF_chief_sad.wav,1,train,6,sad,6,sad,0.9684730172157288
/Users/prarthanapatel/Desktop/Himanshi/speech_emotion_detection-develop-v2/tess_preprocessed/audio/OAF_choice_sad.wav,OAF_choice_sad.wav,1,train,6,sad,6,sad,0.9662548303604126
/Users/prarthanapatel/Desktop/Himanshi/speech_emotion_detection-develop-v2/tess_preprocessed/audio/OAF_cool_sad.wav,OAF_cool_sad.wav,1,train,6,sad,6,sad,0.967110276222229
/Users/prarthanapatel/Desktop/Himanshi/speech_emotion_detection-develop-v2/tess_preprocessed/audio/OAF_dab_sad.wav,OAF_dab_sad.wav,1,train,6,sad,6,sad,0.9674789905548096
/Users/prarthanapatel/Desktop/Himanshi/speech_emotion_detection-develop-v2/tess_preprocessed/audio/OAF_date_sad.wav,OAF_date_sad.wav,1,train,6,sad,6,sad,0.9676262140274048
/Users/prarthanapatel/Desktop/Himanshi/speech_emotion_detection-develop-v2/tess_preprocessed/audio/OAF_dead_sad.wav,OAF_dead_sad.wav,1,train,6,sad,6,sad,0.9686112999916077
/Users/prarthanapatel/Desktop/Himanshi/speech_emotion_detection-develop-v2/tess_preprocessed/audio/OAF_death_sad.wav,OAF_death_sad.wav,1,train,6,sad,6,sad,0.9669778347015381
/Users/prarthanapatel/Desktop/Himanshi/speech_emotion_detection-develop-v2/tess_preprocessed/audio/OAF_deep_sad.wav,OAF_deep_sad.wav,1,train,6,sad,6,sad,0.9686791896820068
/Users/prarthanapatel/Desktop/Himanshi/speech_emotion_detection-develop-v2/tess_preprocessed/audio/OAF_dime_sad.wav,OAF_dime_sad.wav,1,train,6,sad,6,sad,0.9654022455215454
/Users/prarthanapatel/Desktop/Himanshi/speech_emotion_detection-develop-v2/tess_preprocessed/audio/OAF_dip_sad.wav,OAF_dip_sad.wav,1,train,6,sad,6,sad,0.9610465168952942
/Users/prarthanapatel/Desktop/Himanshi/speech_emotion_detection-develop-v2/tess_preprocessed/audio/OAF_ditch_sad.wav,OAF_ditch_sad.wav,1,train,6,sad,6,sad,0.9670577645301819
/Users/prarthanapatel/Desktop/Himanshi/speech_emotion_detection-develop-v2/tess_preprocessed/audio/OAF_dodge_sad.wav,OAF_dodge_sad.wav,1,train,6,sad,6,sad,0.9681881666183472
/Users/prarthanapatel/Desktop/Himanshi/speech_emotion_detection-develop-v2/tess_preprocessed/audio/OAF_doll_sad.wav,OAF_doll_sad.wav,1,train,6,sad,6,sad,0.9649732708930969
/Users/prarthanapatel/Desktop/Himanshi/speech_emotion_detection-develop-v2/tess_preprocessed/audio/OAF_door_sad.wav,OAF_door_sad.wav,1,train,6,sad,6,sad,0.9668067693710327
/Users/prarthanapatel/Desktop/Himanshi/speech_emotion_detection-develop-v2/tess_preprocessed/audio/OAF_fall_sad.wav,OAF_fall_sad.wav,1,train,6,sad,6,sad,0.9674870371818542
/Users/prarthanapatel/Desktop/Himanshi/speech_emotion_detection-develop-v2/tess_preprocessed/audio/OAF_far_sad.wav,OAF_far_sad.wav,1,train,6,sad,6,sad,0.9675416350364685
/Users/prarthanapatel/Desktop/Himanshi/speech_emotion_detection-develop-v2/tess_preprocessed/audio/OAF_fat_sad.wav,OAF_fat_sad.wav,1,train,6,sad,6,sad,0.9686582088470459
/Users/prarthanapatel/Desktop/Himanshi/speech_emotion_detection-develop-v2/tess_preprocessed/audio/OAF_fit_sad.wav,OAF_fit_sad.wav,1,train,6,sad,6,sad,0.9670499563217163
/Users/prarthanapatel/Desktop/Himanshi/speech_emotion_detection-develop-v2/tess_preprocessed/audio/OAF_five_sad.wav,OAF_five_sad.wav,1,train,6,sad,6,sad,0.9632321000099182
/Users/prarthanapatel/Desktop/Himanshi/speech_emotion_detection-develop-v2/tess_preprocessed/audio/OAF_food_sad.wav,OAF_food_sad.wav,1,train,6,sad,6,sad,0.9645805358886719
/Users/prarthanapatel/Desktop/Himanshi/speech_emotion_detection-develop-v2/tess_preprocessed/audio/OAF_gap_sad.wav,OAF_gap_sad.wav,1,train,6,sad,6,sad,0.9674599170684814
/Users/prarthanapatel/Desktop/Himanshi/speech_emotion_detection-develop-v2/tess_preprocessed/audio/OAF_gas_sad.wav,OAF_gas_sad.wav,1,train,6,sad,6,sad,0.9685945510864258
/Users/prarthanapatel/Desktop/Himanshi/speech_emotion_detection-develop-v2/tess_preprocessed/audio/OAF_gaze_sad.wav,OAF_gaze_sad.wav,1,train,6,sad,6,sad,0.9689621925354004
/Users/prarthanapatel/Desktop/Himanshi/speech_emotion_detection-develop-v2/tess_preprocessed/audio/OAF_germ_sad.wav,OAF_germ_sad.wav,1,train,6,sad,6,sad,0.965710461139679
/Users/prarthanapatel/Desktop/Himanshi/speech_emotion_detection-develop-v2/tess_preprocessed/audio/OAF_good_sad.wav,OAF_good_sad.wav,1,train,6,sad,6,sad,0.9675337076187134
/Users/prarthanapatel/Desktop/Himanshi/speech_emotion_detection-develop-v2/tess_preprocessed/audio/OAF_gun_sad.wav,OAF_gun_sad.wav,1,train,6,sad,6,sad,0.9662224650382996
/Users/prarthanapatel/Desktop/Himanshi/speech_emotion_detection-develop-v2/tess_preprocessed/audio/OAF_hall_sad.wav,OAF_hall_sad.wav,1,train,6,sad,6,sad,0.9607245922088623
/Users/prarthanapatel/Desktop/Himanshi/speech_emotion_detection-develop-v2/tess_preprocessed/audio/OAF_hash_sad.wav,OAF_hash_sad.wav,1,train,6,sad,6,sad,0.9678124189376831
/Users/prarthanapatel/Desktop/Himanshi/speech_emotion_detection-develop-v2/tess_preprocessed/audio/OAF_hire_sad.wav,OAF_hire_sad.wav,1,train,6,sad,6,sad,0.9693055748939514
/Users/prarthanapatel/Desktop/Himanshi/speech_emotion_detection-develop-v2/tess_preprocessed/audio/OAF_hit_sad.wav,OAF_hit_sad.wav,1,train,6,sad,6,sad,0.9677690863609314
/Users/prarthanapatel/Desktop/Himanshi/speech_emotion_detection-develop-v2/tess_preprocessed/audio/OAF_hole_sad.wav,OAF_hole_sad.wav,1,train,6,sad,6,sad,0.9668790698051453
/Users/prarthanapatel/Desktop/Himanshi/speech_emotion_detection-develop-v2/tess_preprocessed/audio/OAF_hurl_sad.wav,OAF_hurl_sad.wav,1,train,6,sad,6,sad,0.9640098214149475
/Users/prarthanapatel/Desktop/Himanshi/speech_emotion_detection-develop-v2/tess_preprocessed/audio/OAF_hush_sad.wav,OAF_hush_sad.wav,1,train,6,sad,6,sad,0.9680845141410828
/Users/prarthanapatel/Desktop/Himanshi/speech_emotion_detection-develop-v2/tess_preprocessed/audio/OAF_jail_sad.wav,OAF_jail_sad.wav,1,train,6,sad,6,sad,0.9687077403068542
/Users/prarthanapatel/Desktop/Himanshi/speech_emotion_detection-develop-v2/tess_preprocessed/audio/OAF_jar_sad.wav,OAF_jar_sad.wav,1,train,6,sad,6,sad,0.9683331251144409
/Users/prarthanapatel/Desktop/Himanshi/speech_emotion_detection-develop-v2/tess_preprocessed/audio/OAF_join_sad.wav,OAF_join_sad.wav,1,train,6,sad,6,sad,0.9679930210113525
/Users/prarthanapatel/Desktop/Himanshi/speech_emotion_detection-develop-v2/tess_preprocessed/audio/OAF_judge_sad.wav,OAF_judge_sad.wav,1,train,6,sad,6,sad,0.9675570130348206
/Users/prarthanapatel/Desktop/Himanshi/speech_emotion_detection-develop-v2/tess_preprocessed/audio/OAF_jug_sad.wav,OAF_jug_sad.wav,1,train,6,sad,6,sad,0.9692877531051636
/Users/prarthanapatel/Desktop/Himanshi/speech_emotion_detection-develop-v2/tess_preprocessed/audio/OAF_keep_sad.wav,OAF_keep_sad.wav,1,train,6,sad,6,sad,0.9662877917289734
/Users/prarthanapatel/Desktop/Himanshi/speech_emotion_detection-develop-v2/tess_preprocessed/audio/OAF_kick_sad.wav,OAF_kick_sad.wav,1,train,6,sad,6,sad,0.9674698710441589
/Users/prarthanapatel/Desktop/Himanshi/speech_emotion_detection-develop-v2/tess_preprocessed/audio/OAF_kill_sad.wav,OAF_kill_sad.wav,1,train,6,sad,6,sad,0.9679025411605835
/Users/prarthanapatel/Desktop/Himanshi/speech_emotion_detection-develop-v2/tess_preprocessed/audio/OAF_king_sad.wav,OAF_king_sad.wav,1,train,6,sad,6,sad,0.9591325521469116
/Users/prarthanapatel/Desktop/Himanshi/speech_emotion_detection-develop-v2/tess_preprocessed/audio/OAF_kite_sad.wav,OAF_kite_sad.wav,1,train,6,sad,6,sad,0.9658843278884888
/Users/prarthanapatel/Desktop/Himanshi/speech_emotion_detection-develop-v2/tess_preprocessed/audio/OAF_knock_sad.wav,OAF_knock_sad.wav,1,train,6,sad,6,sad,0.9691827297210693
/Users/prarthanapatel/Desktop/Himanshi/speech_emotion_detection-develop-v2/tess_preprocessed/audio/OAF_laud_sad.wav,OAF_laud_sad.wav,1,train,6,sad,6,sad,0.9673306345939636
/Users/prarthanapatel/Desktop/Himanshi/speech_emotion_detection-develop-v2/tess_preprocessed/audio/OAF_lean_sad.wav,OAF_lean_sad.wav,1,train,6,sad,6,sad,0.9665942192077637
/Users/prarthanapatel/Desktop/Himanshi/speech_emotion_detection-develop-v2/tess_preprocessed/audio/OAF_lease_sad.wav,OAF_lease_sad.wav,1,train,6,sad,6,sad,0.9664981961250305
/Users/prarthanapatel/Desktop/Himanshi/speech_emotion_detection-develop-v2/tess_preprocessed/audio/OAF_lid_sad.wav,OAF_lid_sad.wav,1,train,6,sad,6,sad,0.9684790372848511
/Users/prarthanapatel/Desktop/Himanshi/speech_emotion_detection-develop-v2/tess_preprocessed/audio/OAF_life_sad.wav,OAF_life_sad.wav,1,train,6,sad,6,sad,0.9675993919372559
/Users/prarthanapatel/Desktop/Himanshi/speech_emotion_detection-develop-v2/tess_preprocessed/audio/OAF_long_sad.wav,OAF_long_sad.wav,1,train,6,sad,6,sad,0.9678896069526672
/Users/prarthanapatel/Desktop/Himanshi/speech_emotion_detection-develop-v2/tess_preprocessed/audio/OAF_lot_sad.wav,OAF_lot_sad.wav,1,train,6,sad,6,sad,0.968262255191803
/Users/prarthanapatel/Desktop/Himanshi/speech_emotion_detection-develop-v2/tess_preprocessed/audio/OAF_love_sad.wav,OAF_love_sad.wav,1,train,6,sad,6,sad,0.9679953455924988
/Users/prarthanapatel/Desktop/Himanshi/speech_emotion_detection-develop-v2/tess_preprocessed/audio/OAF_luck_sad.wav,OAF_luck_sad.wav,1,train,6,sad,6,sad,0.968366801738739
/Users/prarthanapatel/Desktop/Himanshi/speech_emotion_detection-develop-v2/tess_preprocessed/audio/OAF_make_sad.wav,OAF_make_sad.wav,1,train,6,sad,6,sad,0.9687105417251587
/Users/prarthanapatel/Desktop/Himanshi/speech_emotion_detection-develop-v2/tess_preprocessed/audio/OAF_match_sad.wav,OAF_match_sad.wav,1,train,6,sad,6,sad,0.9655138254165649
/Users/prarthanapatel/Desktop/Himanshi/speech_emotion_detection-develop-v2/tess_preprocessed/audio/OAF_merge_sad.wav,OAF_merge_sad.wav,1,train,6,sad,6,sad,0.9672752022743225
/Users/prarthanapatel/Desktop/Himanshi/speech_emotion_detection-develop-v2/tess_preprocessed/audio/OAF_met_sad.wav,OAF_met_sad.wav,1,train,6,sad,6,sad,0.9666141271591187
/Users/prarthanapatel/Desktop/Himanshi/speech_emotion_detection-develop-v2/tess_preprocessed/audio/OAF_mill_sad.wav,OAF_mill_sad.wav,1,train,6,sad,6,sad,0.9666606783866882
/Users/prarthanapatel/Desktop/Himanshi/speech_emotion_detection-develop-v2/tess_preprocessed/audio/OAF_mood_sad.wav,OAF_mood_sad.wav,1,train,6,sad,6,sad,0.9659505486488342
/Users/prarthanapatel/Desktop/Himanshi/speech_emotion_detection-develop-v2/tess_preprocessed/audio/OAF_moon_sad.wav,OAF_moon_sad.wav,1,train,6,sad,6,sad,0.9689812064170837
/Users/prarthanapatel/Desktop/Himanshi/speech_emotion_detection-develop-v2/tess_preprocessed/audio/OAF_nag_sad.wav,OAF_nag_sad.wav,1,train,6,sad,6,sad,0.9691475629806519
/Users/prarthanapatel/Desktop/Himanshi/speech_emotion_detection-develop-v2/tess_preprocessed/audio/OAF_name_sad.wav,OAF_name_sad.wav,1,train,6,sad,6,sad,0.9680988788604736
/Users/prarthanapatel/Desktop/Himanshi/speech_emotion_detection-develop-v2/tess_preprocessed/audio/OAF_neat_sad.wav,OAF_neat_sad.wav,1,train,6,sad,6,sad,0.9678905010223389
/Users/prarthanapatel/Desktop/Himanshi/speech_emotion_detection-develop-v2/tess_preprocessed/audio/OAF_nice_sad.wav,OAF_nice_sad.wav,1,train,6,sad,6,sad,0.9692042469978333
/Users/prarthanapatel/Desktop/Himanshi/speech_emotion_detection-develop-v2/tess_preprocessed/audio/OAF_note_sad.wav,OAF_note_sad.wav,1,train,6,sad,6,sad,0.9683892726898193
/Users/prarthanapatel/Desktop/Himanshi/speech_emotion_detection-develop-v2/tess_preprocessed/audio/OAF_numb_sad.wav,OAF_numb_sad.wav,1,train,6,sad,6,sad,0.9691508412361145
/Users/prarthanapatel/Desktop/Himanshi/speech_emotion_detection-develop-v2/tess_preprocessed/audio/OAF_pad_sad.wav,OAF_pad_sad.wav,1,train,6,sad,6,sad,0.9672032594680786
/Users/prarthanapatel/Desktop/Himanshi/speech_emotion_detection-develop-v2/tess_preprocessed/audio/OAF_pain_sad.wav,OAF_pain_sad.wav,1,train,6,sad,6,sad,0.968360185623169
/Users/prarthanapatel/Desktop/Himanshi/speech_emotion_detection-develop-v2/tess_preprocessed/audio/OAF_pass_sad.wav,OAF_pass_sad.wav,1,train,6,sad,6,sad,0.9682012796401978
/Users/prarthanapatel/Desktop/Himanshi/speech_emotion_detection-develop-v2/tess_preprocessed/audio/OAF_pearl_sad.wav,OAF_pearl_sad.wav,1,train,6,sad,6,sad,0.969290018081665
/Users/prarthanapatel/Desktop/Himanshi/speech_emotion_detection-develop-v2/tess_preprocessed/audio/OAF_peg_sad.wav,OAF_peg_sad.wav,1,train,6,sad,6,sad,0.9679925441741943
/Users/prarthanapatel/Desktop/Himanshi/speech_emotion_detection-develop-v2/tess_preprocessed/audio/OAF_phone_sad.wav,OAF_phone_sad.wav,1,train,6,sad,6,sad,0.9632327556610107
/Users/prarthanapatel/Desktop/Himanshi/speech_emotion_detection-develop-v2/tess_preprocessed/audio/OAF_pick_sad.wav,OAF_pick_sad.wav,1,train,6,sad,6,sad,0.9662045240402222
/Users/prarthanapatel/Desktop/Himanshi/speech_emotion_detection-develop-v2/tess_preprocessed/audio/OAF_pike_sad.wav,OAF_pike_sad.wav,1,train,6,sad,6,sad,0.9674540162086487
/Users/prarthanapatel/Desktop/Himanshi/speech_emotion_detection-develop-v2/tess_preprocessed/audio/OAF_pole_sad.wav,OAF_pole_sad.wav,1,train,6,sad,6,sad,0.9674117565155029
/Users/prarthanapatel/Desktop/Himanshi/speech_emotion_detection-develop-v2/tess_preprocessed/audio/OAF_pool_sad.wav,OAF_pool_sad.wav,1,train,6,sad,6,sad,0.9676519632339478
/Users/prarthanapatel/Desktop/Himanshi/speech_emotion_detection-develop-v2/tess_preprocessed/audio/OAF_puff_sad.wav,OAF_puff_sad.wav,1,train,6,sad,6,sad,0.9669206142425537
/Users/prarthanapatel/Desktop/Himanshi/speech_emotion_detection-develop-v2/tess_preprocessed/audio/OAF_rag_sad.wav,OAF_rag_sad.wav,1,train,6,sad,6,sad,0.9673739075660706
/Users/prarthanapatel/Desktop/Himanshi/speech_emotion_detection-develop-v2/tess_preprocessed/audio/OAF_rat_sad.wav,OAF_rat_sad.wav,1,train,6,sad,6,sad,0.9693757891654968
/Users/prarthanapatel/Desktop/Himanshi/speech_emotion_detection-develop-v2/tess_preprocessed/audio/OAF_reach_sad.wav,OAF_reach_sad.wav,1,train,6,sad,6,sad,0.9695487022399902
/Users/prarthanapatel/Desktop/Himanshi/speech_emotion_detection-develop-v2/tess_preprocessed/audio/OAF_red_sad.wav,OAF_red_sad.wav,1,train,6,sad,6,sad,0.9653722643852234
/Users/prarthanapatel/Desktop/Himanshi/speech_emotion_detection-develop-v2/tess_preprocessed/audio/OAF_ring_sad.wav,OAF_ring_sad.wav,1,train,6,sad,6,sad,0.9669040441513062
/Users/prarthanapatel/Desktop/Himanshi/speech_emotion_detection-develop-v2/tess_preprocessed/audio/OAF_ripe_sad.wav,OAF_ripe_sad.wav,1,train,6,sad,6,sad,0.9691658020019531
/Users/prarthanapatel/Desktop/Himanshi/speech_emotion_detection-develop-v2/tess_preprocessed/audio/OAF_road_sad.wav,OAF_road_sad.wav,1,train,6,sad,6,sad,0.9685003757476807
/Users/prarthanapatel/Desktop/Himanshi/speech_emotion_detection-develop-v2/tess_preprocessed/audio/OAF_room_sad.wav,OAF_room_sad.wav,1,train,6,sad,6,sad,0.9681006669998169
/Users/prarthanapatel/Desktop/Himanshi/speech_emotion_detection-develop-v2/tess_preprocessed/audio/OAF_rose_sad.wav,OAF_rose_sad.wav,1,train,6,sad,6,sad,0.9656921029090881
/Users/prarthanapatel/Desktop/Himanshi/speech_emotion_detection-develop-v2/tess_preprocessed/audio/OAF_rot_sad.wav,OAF_rot_sad.wav,1,train,6,sad,6,sad,0.9693032503128052
/Users/prarthanapatel/Desktop/Himanshi/speech_emotion_detection-develop-v2/tess_preprocessed/audio/OAF_rough_sad.wav,OAF_rough_sad.wav,1,train,6,sad,6,sad,0.967954158782959
/Users/prarthanapatel/Desktop/Himanshi/speech_emotion_detection-develop-v2/tess_preprocessed/audio/OAF_rush_sad.wav,OAF_rush_sad.wav,1,train,6,sad,6,sad,0.9683870077133179
/Users/prarthanapatel/Desktop/Himanshi/speech_emotion_detection-develop-v2/tess_preprocessed/audio/OAF_said_sad.wav,OAF_said_sad.wav,1,train,6,sad,6,sad,0.9684336185455322
/Users/prarthanapatel/Desktop/Himanshi/speech_emotion_detection-develop-v2/tess_preprocessed/audio/OAF_sail_sad.wav,OAF_sail_sad.wav,1,train,6,sad,6,sad,0.9671414494514465
/Users/prarthanapatel/Desktop/Himanshi/speech_emotion_detection-develop-v2/tess_preprocessed/audio/OAF_search_sad.wav,OAF_search_sad.wav,1,train,6,sad,6,sad,0.9570523500442505
/Users/prarthanapatel/Desktop/Himanshi/speech_emotion_detection-develop-v2/tess_preprocessed/audio/OAF_seize_sad.wav,OAF_seize_sad.wav,1,train,6,sad,6,sad,0.9665543437004089
/Users/prarthanapatel/Desktop/Himanshi/speech_emotion_detection-develop-v2/tess_preprocessed/audio/OAF_sell_sad.wav,OAF_sell_sad.wav,1,train,6,sad,6,sad,0.9687358140945435
/Users/prarthanapatel/Desktop/Himanshi/speech_emotion_detection-develop-v2/tess_preprocessed/audio/OAF_shall_sad.wav,OAF_shall_sad.wav,1,train,6,sad,6,sad,0.9691317677497864
/Users/prarthanapatel/Desktop/Himanshi/speech_emotion_detection-develop-v2/tess_preprocessed/audio/OAF_sheep_sad.wav,OAF_sheep_sad.wav,1,train,6,sad,6,sad,0.9665277004241943
/Users/prarthanapatel/Desktop/Himanshi/speech_emotion_detection-develop-v2/tess_preprocessed/audio/OAF_shirt_sad.wav,OAF_shirt_sad.wav,1,train,6,sad,6,sad,0.9631660580635071
/Users/prarthanapatel/Desktop/Himanshi/speech_emotion_detection-develop-v2/tess_preprocessed/audio/OAF_should_sad.wav,OAF_should_sad.wav,1,train,6,sad,6,sad,0.9650880694389343
/Users/prarthanapatel/Desktop/Himanshi/speech_emotion_detection-develop-v2/tess_preprocessed/audio/OAF_shout_sad.wav,OAF_shout_sad.wav,1,train,6,sad,6,sad,0.964000403881073
/Users/prarthanapatel/Desktop/Himanshi/speech_emotion_detection-develop-v2/tess_preprocessed/audio/OAF_size_sad.wav,OAF_size_sad.wav,1,train,6,sad,6,sad,0.9682778120040894
/Users/prarthanapatel/Desktop/Himanshi/speech_emotion_detection-develop-v2/tess_preprocessed/audio/OAF_soup_sad.wav,OAF_soup_sad.wav,1,train,6,sad,6,sad,0.9661258459091187
/Users/prarthanapatel/Desktop/Himanshi/speech_emotion_detection-develop-v2/tess_preprocessed/audio/OAF_sour_sad.wav,OAF_sour_sad.wav,1,train,6,sad,6,sad,0.9681543111801147
/Users/prarthanapatel/Desktop/Himanshi/speech_emotion_detection-develop-v2/tess_preprocessed/audio/OAF_sub_sad.wav,OAF_sub_sad.wav,1,train,6,sad,6,sad,0.9683687090873718
/Users/prarthanapatel/Desktop/Himanshi/speech_emotion_detection-develop-v2/tess_preprocessed/audio/OAF_such_sad.wav,OAF_such_sad.wav,1,train,6,sad,6,sad,0.966700553894043
/Users/prarthanapatel/Desktop/Himanshi/speech_emotion_detection-develop-v2/tess_preprocessed/audio/OAF_sure_sad.wav,OAF_sure_sad.wav,1,train,6,sad,6,sad,0.965210497379303
/Users/prarthanapatel/Desktop/Himanshi/speech_emotion_detection-develop-v2/tess_preprocessed/audio/OAF_take_sad.wav,OAF_take_sad.wav,1,train,6,sad,6,sad,0.9680548906326294
/Users/prarthanapatel/Desktop/Himanshi/speech_emotion_detection-develop-v2/tess_preprocessed/audio/OAF_talk_sad.wav,OAF_talk_sad.wav,1,train,6,sad,6,sad,0.9665532112121582
/Users/prarthanapatel/Desktop/Himanshi/speech_emotion_detection-develop-v2/tess_preprocessed/audio/OAF_tape_sad.wav,OAF_tape_sad.wav,1,train,6,sad,6,sad,0.967300534248352
/Users/prarthanapatel/Desktop/Himanshi/speech_emotion_detection-develop-v2/tess_preprocessed/audio/OAF_tell_sad.wav,OAF_tell_sad.wav,1,train,6,sad,6,sad,0.9678096175193787
/Users/prarthanapatel/Desktop/Himanshi/speech_emotion_detection-develop-v2/tess_preprocessed/audio/OAF_thin_sad.wav,OAF_thin_sad.wav,1,train,6,sad,6,sad,0.9666679501533508
/Users/prarthanapatel/Desktop/Himanshi/speech_emotion_detection-develop-v2/tess_preprocessed/audio/OAF_third_sad.wav,OAF_third_sad.wav,1,train,6,sad,6,sad,0.9664649963378906
/Users/prarthanapatel/Desktop/Himanshi/speech_emotion_detection-develop-v2/tess_preprocessed/audio/OAF_thumb_sad.wav,OAF_thumb_sad.wav,1,train,6,sad,6,sad,0.966831386089325
/Users/prarthanapatel/Desktop/Himanshi/speech_emotion_detection-develop-v2/tess_preprocessed/audio/OAF_time_sad.wav,OAF_time_sad.wav,1,train,6,sad,6,sad,0.9672293663024902
/Users/prarthanapatel/Desktop/Himanshi/speech_emotion_detection-develop-v2/tess_preprocessed/audio/OAF_tip_sad.wav,OAF_tip_sad.wav,1,train,6,sad,6,sad,0.9641560912132263
/Users/prarthanapatel/Desktop/Himanshi/speech_emotion_detection-develop-v2/tess_preprocessed/audio/OAF_tool_sad.wav,OAF_tool_sad.wav,1,train,6,sad,6,sad,0.9667267799377441
/Users/prarthanapatel/Desktop/Himanshi/speech_emotion_detection-develop-v2/tess_preprocessed/audio/OAF_void_sad.wav,OAF_void_sad.wav,1,train,6,sad,6,sad,0.9657588005065918
/Users/prarthanapatel/Desktop/Himanshi/speech_emotion_detection-develop-v2/tess_preprocessed/audio/OAF_wag_sad.wav,OAF_wag_sad.wav,1,train,6,sad,6,sad,0.9690409898757935
/Users/prarthanapatel/Desktop/Himanshi/speech_emotion_detection-develop-v2/tess_preprocessed/audio/OAF_wash_sad.wav,OAF_wash_sad.wav,1,train,6,sad,6,sad,0.9663428664207458
/Users/prarthanapatel/Desktop/Himanshi/speech_emotion_detection-develop-v2/tess_preprocessed/audio/OAF_week_sad.wav,OAF_week_sad.wav,1,train,6,sad,6,sad,0.9663766026496887
/Users/prarthanapatel/Desktop/Himanshi/speech_emotion_detection-develop-v2/tess_preprocessed/audio/OAF_when_sad.wav,OAF_when_sad.wav,1,train,6,sad,6,sad,0.9689038991928101
/Users/prarthanapatel/Desktop/Himanshi/speech_emotion_detection-develop-v2/tess_preprocessed/audio/OAF_which_sad.wav,OAF_which_sad.wav,1,train,6,sad,6,sad,0.9675589203834534
/Users/prarthanapatel/Desktop/Himanshi/speech_emotion_detection-develop-v2/tess_preprocessed/audio/OAF_whip_sad.wav,OAF_whip_sad.wav,1,train,6,sad,6,sad,0.9678358435630798
/Users/prarthanapatel/Desktop/Himanshi/speech_emotion_detection-develop-v2/tess_preprocessed/audio/OAF_wire_sad.wav,OAF_wire_sad.wav,1,train,6,sad,6,sad,0.9680790305137634
/Users/prarthanapatel/Desktop/Himanshi/speech_emotion_detection-develop-v2/tess_preprocessed/audio/OAF_witch_sad.wav,OAF_witch_sad.wav,1,train,6,sad,6,sad,0.9678204655647278
/Users/prarthanapatel/Desktop/Himanshi/speech_emotion_detection-develop-v2/tess_preprocessed/audio/OAF_yes_sad.wav,OAF_yes_sad.wav,1,train,6,sad,6,sad,0.9671347737312317
/Users/prarthanapatel/Desktop/Himanshi/speech_emotion_detection-develop-v2/tess_preprocessed/audio/OAF_young_sad.wav,OAF_young_sad.wav,1,train,6,sad,6,sad,0.9687314629554749
/Users/prarthanapatel/Desktop/Himanshi/speech_emotion_detection-develop-v2/tess_preprocessed/audio/OAF_back_angry.wav,OAF_back_angry.wav,1,train,0,angry,0,angry,0.9676862359046936
/Users/prarthanapatel/Desktop/Himanshi/speech_emotion_detection-develop-v2/tess_preprocessed/audio/OAF_base_angry.wav,OAF_base_angry.wav,1,train,0,angry,0,angry,0.9683742523193359
/Users/prarthanapatel/Desktop/Himanshi/speech_emotion_detection-develop-v2/tess_preprocessed/audio/OAF_bath_angry.wav,OAF_bath_angry.wav,1,train,0,angry,0,angry,0.9680398106575012
/Users/prarthanapatel/Desktop/Himanshi/speech_emotion_detection-develop-v2/tess_preprocessed/audio/OAF_bean_angry.wav,OAF_bean_angry.wav,1,train,0,angry,0,angry,0.9481380581855774
/Users/prarthanapatel/Desktop/Himanshi/speech_emotion_detection-develop-v2/tess_preprocessed/audio/OAF_beg_angry.wav,OAF_beg_angry.wav,1,train,0,angry,0,angry,0.9693179130554199
/Users/prarthanapatel/Desktop/Himanshi/speech_emotion_detection-develop-v2/tess_preprocessed/audio/OAF_bite_angry.wav,OAF_bite_angry.wav,1,train,0,angry,0,angry,0.9556053876876831
/Users/prarthanapatel/Desktop/Himanshi/speech_emotion_detection-develop-v2/tess_preprocessed/audio/OAF_book_angry.wav,OAF_book_angry.wav,1,train,0,angry,0,angry,0.9718827605247498
/Users/prarthanapatel/Desktop/Himanshi/speech_emotion_detection-develop-v2/tess_preprocessed/audio/OAF_bought_angry.wav,OAF_bought_angry.wav,1,train,0,angry,0,angry,0.9708735942840576
/Users/prarthanapatel/Desktop/Himanshi/speech_emotion_detection-develop-v2/tess_preprocessed/audio/OAF_burn_angry.wav,OAF_burn_angry.wav,1,train,0,angry,0,angry,0.9517673254013062
/Users/prarthanapatel/Desktop/Himanshi/speech_emotion_detection-develop-v2/tess_preprocessed/audio/OAF_cab_angry.wav,OAF_cab_angry.wav,1,train,0,angry,0,angry,0.962440550327301
/Users/prarthanapatel/Desktop/Himanshi/speech_emotion_detection-develop-v2/tess_preprocessed/audio/OAF_cause_angry.wav,OAF_cause_angry.wav,1,train,0,angry,0,angry,0.9701172709465027
/Users/prarthanapatel/Desktop/Himanshi/speech_emotion_detection-develop-v2/tess_preprocessed/audio/OAF_chain_angry.wav,OAF_chain_angry.wav,1,train,0,angry,0,angry,0.9712445139884949
/Users/prarthanapatel/Desktop/Himanshi/speech_emotion_detection-develop-v2/tess_preprocessed/audio/OAF_chalk_angry.wav,OAF_chalk_angry.wav,1,train,0,angry,0,angry,0.9550653100013733
/Users/prarthanapatel/Desktop/Himanshi/speech_emotion_detection-develop-v2/tess_preprocessed/audio/OAF_chat_angry.wav,OAF_chat_angry.wav,1,train,0,angry,0,angry,0.9618808627128601
/Users/prarthanapatel/Desktop/Himanshi/speech_emotion_detection-develop-v2/tess_preprocessed/audio/OAF_chief_angry.wav,OAF_chief_angry.wav,1,train,0,angry,0,angry,0.9665167927742004
/Users/prarthanapatel/Desktop/Himanshi/speech_emotion_detection-develop-v2/tess_preprocessed/audio/OAF_choice_angry.wav,OAF_choice_angry.wav,1,train,0,angry,0,angry,0.9686359167098999
/Users/prarthanapatel/Desktop/Himanshi/speech_emotion_detection-develop-v2/tess_preprocessed/audio/OAF_cool_angry.wav,OAF_cool_angry.wav,1,train,0,angry,0,angry,0.9701242446899414
/Users/prarthanapatel/Desktop/Himanshi/speech_emotion_detection-develop-v2/tess_preprocessed/audio/OAF_dab_angry.wav,OAF_dab_angry.wav,1,train,0,angry,0,angry,0.9653488993644714
/Users/prarthanapatel/Desktop/Himanshi/speech_emotion_detection-develop-v2/tess_preprocessed/audio/OAF_date_angry.wav,OAF_date_angry.wav,1,train,0,angry,0,angry,0.9705633521080017
/Users/prarthanapatel/Desktop/Himanshi/speech_emotion_detection-develop-v2/tess_preprocessed/audio/OAF_dead_angry.wav,OAF_dead_angry.wav,1,train,0,angry,0,angry,0.9709157347679138
/Users/prarthanapatel/Desktop/Himanshi/speech_emotion_detection-develop-v2/tess_preprocessed/audio/OAF_death_angry.wav,OAF_death_angry.wav,1,train,0,angry,0,angry,0.960993230342865
/Users/prarthanapatel/Desktop/Himanshi/speech_emotion_detection-develop-v2/tess_preprocessed/audio/OAF_deep_angry.wav,OAF_deep_angry.wav,1,train,0,angry,0,angry,0.9547628164291382
/Users/prarthanapatel/Desktop/Himanshi/speech_emotion_detection-develop-v2/tess_preprocessed/audio/OAF_dime_angry.wav,OAF_dime_angry.wav,1,train,0,angry,0,angry,0.9704214334487915
/Users/prarthanapatel/Desktop/Himanshi/speech_emotion_detection-develop-v2/tess_preprocessed/audio/OAF_dip_angry.wav,OAF_dip_angry.wav,1,train,0,angry,0,angry,0.9638845324516296
/Users/prarthanapatel/Desktop/Himanshi/speech_emotion_detection-develop-v2/tess_preprocessed/audio/OAF_ditch_angry.wav,OAF_ditch_angry.wav,1,train,0,angry,0,angry,0.9644012451171875
/Users/prarthanapatel/Desktop/Himanshi/speech_emotion_detection-develop-v2/tess_preprocessed/audio/OAF_dodge_angry.wav,OAF_dodge_angry.wav,1,train,0,angry,0,angry,0.9719015955924988
/Users/prarthanapatel/Desktop/Himanshi/speech_emotion_detection-develop-v2/tess_preprocessed/audio/OAF_doll_angry.wav,OAF_doll_angry.wav,1,train,0,angry,0,angry,0.9713757634162903
/Users/prarthanapatel/Desktop/Himanshi/speech_emotion_detection-develop-v2/tess_preprocessed/audio/OAF_door_angry.wav,OAF_door_angry.wav,1,train,0,angry,0,angry,0.9712694883346558
/Users/prarthanapatel/Desktop/Himanshi/speech_emotion_detection-develop-v2/tess_preprocessed/audio/OAF_fall_angry.wav,OAF_fall_angry.wav,1,train,0,angry,0,angry,0.9721142053604126
/Users/prarthanapatel/Desktop/Himanshi/speech_emotion_detection-develop-v2/tess_preprocessed/audio/OAF_far_angry.wav,OAF_far_angry.wav,1,train,0,angry,0,angry,0.9518486857414246
/Users/prarthanapatel/Desktop/Himanshi/speech_emotion_detection-develop-v2/tess_preprocessed/audio/OAF_fat_angry.wav,OAF_fat_angry.wav,1,train,0,angry,0,angry,0.9723725914955139
/Users/prarthanapatel/Desktop/Himanshi/speech_emotion_detection-develop-v2/tess_preprocessed/audio/OAF_fit_angry.wav,OAF_fit_angry.wav,1,train,0,angry,0,angry,0.9634891748428345
/Users/prarthanapatel/Desktop/Himanshi/speech_emotion_detection-develop-v2/tess_preprocessed/audio/OAF_five_angry.wav,OAF_five_angry.wav,1,train,0,angry,0,angry,0.9698863625526428
/Users/prarthanapatel/Desktop/Himanshi/speech_emotion_detection-develop-v2/tess_preprocessed/audio/OAF_food_angry.wav,OAF_food_angry.wav,1,train,0,angry,0,angry,0.9685431122779846
/Users/prarthanapatel/Desktop/Himanshi/speech_emotion_detection-develop-v2/tess_preprocessed/audio/OAF_gap_angry.wav,OAF_gap_angry.wav,1,train,0,angry,0,angry,0.9555742740631104
/Users/prarthanapatel/Desktop/Himanshi/speech_emotion_detection-develop-v2/tess_preprocessed/audio/OAF_gas_angry.wav,OAF_gas_angry.wav,1,train,0,angry,0,angry,0.9667273163795471
/Users/prarthanapatel/Desktop/Himanshi/speech_emotion_detection-develop-v2/tess_preprocessed/audio/OAF_gaze_angry.wav,OAF_gaze_angry.wav,1,train,0,angry,0,angry,0.9659738540649414
/Users/prarthanapatel/Desktop/Himanshi/speech_emotion_detection-develop-v2/tess_preprocessed/audio/OAF_germ_angry.wav,OAF_germ_angry.wav,1,train,0,angry,0,angry,0.972588837146759
/Users/prarthanapatel/Desktop/Himanshi/speech_emotion_detection-develop-v2/tess_preprocessed/audio/OAF_good_angry.wav,OAF_good_angry.wav,1,train,0,angry,0,angry,0.9715418219566345
/Users/prarthanapatel/Desktop/Himanshi/speech_emotion_detection-develop-v2/tess_preprocessed/audio/OAF_gun_angry.wav,OAF_gun_angry.wav,1,train,0,angry,0,angry,0.9706816077232361
/Users/prarthanapatel/Desktop/Himanshi/speech_emotion_detection-develop-v2/tess_preprocessed/audio/OAF_hall_angry.wav,OAF_hall_angry.wav,1,train,0,angry,0,angry,0.9725801944732666
/Users/prarthanapatel/Desktop/Himanshi/speech_emotion_detection-develop-v2/tess_preprocessed/audio/OAF_hash_angry.wav,OAF_hash_angry.wav,1,train,0,angry,0,angry,0.9705825448036194
/Users/prarthanapatel/Desktop/Himanshi/speech_emotion_detection-develop-v2/tess_preprocessed/audio/OAF_hire_angry.wav,OAF_hire_angry.wav,1,train,0,angry,0,angry,0.9718366265296936
/Users/prarthanapatel/Desktop/Himanshi/speech_emotion_detection-develop-v2/tess_preprocessed/audio/OAF_hit_angry.wav,OAF_hit_angry.wav,1,train,0,angry,0,angry,0.9657526016235352
/Users/prarthanapatel/Desktop/Himanshi/speech_emotion_detection-develop-v2/tess_preprocessed/audio/OAF_hole_angry.wav,OAF_hole_angry.wav,1,train,0,angry,0,angry,0.9719129800796509
/Users/prarthanapatel/Desktop/Himanshi/speech_emotion_detection-develop-v2/tess_preprocessed/audio/OAF_hurl_angry.wav,OAF_hurl_angry.wav,1,train,0,angry,0,angry,0.9631404876708984
/Users/prarthanapatel/Desktop/Himanshi/speech_emotion_detection-develop-v2/tess_preprocessed/audio/OAF_hush_angry.wav,OAF_hush_angry.wav,1,train,0,angry,0,angry,0.970213770866394
/Users/prarthanapatel/Desktop/Himanshi/speech_emotion_detection-develop-v2/tess_preprocessed/audio/OAF_jail_angry.wav,OAF_jail_angry.wav,1,train,0,angry,0,angry,0.9695485830307007
/Users/prarthanapatel/Desktop/Himanshi/speech_emotion_detection-develop-v2/tess_preprocessed/audio/OAF_jar_angry.wav,OAF_jar_angry.wav,1,train,0,angry,0,angry,0.9675905108451843
/Users/prarthanapatel/Desktop/Himanshi/speech_emotion_detection-develop-v2/tess_preprocessed/audio/OAF_join_angry.wav,OAF_join_angry.wav,1,train,0,angry,0,angry,0.9707769751548767
/Users/prarthanapatel/Desktop/Himanshi/speech_emotion_detection-develop-v2/tess_preprocessed/audio/OAF_judge_angry.wav,OAF_judge_angry.wav,1,train,0,angry,0,angry,0.969192385673523
/Users/prarthanapatel/Desktop/Himanshi/speech_emotion_detection-develop-v2/tess_preprocessed/audio/OAF_jug_angry.wav,OAF_jug_angry.wav,1,train,0,angry,0,angry,0.9719260334968567
/Users/prarthanapatel/Desktop/Himanshi/speech_emotion_detection-develop-v2/tess_preprocessed/audio/OAF_keep_angry.wav,OAF_keep_angry.wav,1,train,0,angry,0,angry,0.9621967077255249
/Users/prarthanapatel/Desktop/Himanshi/speech_emotion_detection-develop-v2/tess_preprocessed/audio/OAF_kick_angry.wav,OAF_kick_angry.wav,1,train,0,angry,0,angry,0.9721872210502625
/Users/prarthanapatel/Desktop/Himanshi/speech_emotion_detection-develop-v2/tess_preprocessed/audio/OAF_kill_angry.wav,OAF_kill_angry.wav,1,train,0,angry,0,angry,0.9699109196662903
/Users/prarthanapatel/Desktop/Himanshi/speech_emotion_detection-develop-v2/tess_preprocessed/audio/OAF_king_angry.wav,OAF_king_angry.wav,1,train,0,angry,0,angry,0.9658776521682739
/Users/prarthanapatel/Desktop/Himanshi/speech_emotion_detection-develop-v2/tess_preprocessed/audio/OAF_kite_angry.wav,OAF_kite_angry.wav,1,train,0,angry,0,angry,0.9629877209663391
/Users/prarthanapatel/Desktop/Himanshi/speech_emotion_detection-develop-v2/tess_preprocessed/audio/OAF_knock_angry.wav,OAF_knock_angry.wav,1,train,0,angry,0,angry,0.970663845539093
/Users/prarthanapatel/Desktop/Himanshi/speech_emotion_detection-develop-v2/tess_preprocessed/audio/OAF_laud_angry.wav,OAF_laud_angry.wav,1,train,0,angry,0,angry,0.9697160124778748
/Users/prarthanapatel/Desktop/Himanshi/speech_emotion_detection-develop-v2/tess_preprocessed/audio/OAF_lean_angry.wav,OAF_lean_angry.wav,1,train,0,angry,0,angry,0.9690151214599609
/Users/prarthanapatel/Desktop/Himanshi/speech_emotion_detection-develop-v2/tess_preprocessed/audio/OAF_lease_angry.wav,OAF_lease_angry.wav,1,train,0,angry,0,angry,0.9702370166778564
/Users/prarthanapatel/Desktop/Himanshi/speech_emotion_detection-develop-v2/tess_preprocessed/audio/OAF_lid_angry.wav,OAF_lid_angry.wav,1,train,0,angry,0,angry,0.9666196703910828
/Users/prarthanapatel/Desktop/Himanshi/speech_emotion_detection-develop-v2/tess_preprocessed/audio/OAF_life_angry.wav,OAF_life_angry.wav,1,train,0,angry,0,angry,0.9720126390457153
/Users/prarthanapatel/Desktop/Himanshi/speech_emotion_detection-develop-v2/tess_preprocessed/audio/OAF_long_angry.wav,OAF_long_angry.wav,1,train,0,angry,0,angry,0.9670954346656799
/Users/prarthanapatel/Desktop/Himanshi/speech_emotion_detection-develop-v2/tess_preprocessed/audio/OAF_lot_angry.wav,OAF_lot_angry.wav,1,train,0,angry,0,angry,0.9634835720062256
/Users/prarthanapatel/Desktop/Himanshi/speech_emotion_detection-develop-v2/tess_preprocessed/audio/OAF_love_angry.wav,OAF_love_angry.wav,1,train,0,angry,0,angry,0.9645748138427734
/Users/prarthanapatel/Desktop/Himanshi/speech_emotion_detection-develop-v2/tess_preprocessed/audio/OAF_luck_angry.wav,OAF_luck_angry.wav,1,train,0,angry,0,angry,0.9717806577682495
/Users/prarthanapatel/Desktop/Himanshi/speech_emotion_detection-develop-v2/tess_preprocessed/audio/OAF_make_angry.wav,OAF_make_angry.wav,1,train,0,angry,0,angry,0.9674083590507507
/Users/prarthanapatel/Desktop/Himanshi/speech_emotion_detection-develop-v2/tess_preprocessed/audio/OAF_match_angry.wav,OAF_match_angry.wav,1,train,0,angry,0,angry,0.968107283115387
/Users/prarthanapatel/Desktop/Himanshi/speech_emotion_detection-develop-v2/tess_preprocessed/audio/OAF_merge_angry.wav,OAF_merge_angry.wav,1,train,0,angry,0,angry,0.9709997773170471
/Users/prarthanapatel/Desktop/Himanshi/speech_emotion_detection-develop-v2/tess_preprocessed/audio/OAF_met_angry.wav,OAF_met_angry.wav,1,train,0,angry,0,angry,0.9454060792922974
/Users/prarthanapatel/Desktop/Himanshi/speech_emotion_detection-develop-v2/tess_preprocessed/audio/OAF_mill_angry.wav,OAF_mill_angry.wav,1,train,0,angry,0,angry,0.9708188772201538
/Users/prarthanapatel/Desktop/Himanshi/speech_emotion_detection-develop-v2/tess_preprocessed/audio/OAF_mood_angry.wav,OAF_mood_angry.wav,1,train,0,angry,0,angry,0.9646563529968262
/Users/prarthanapatel/Desktop/Himanshi/speech_emotion_detection-develop-v2/tess_preprocessed/audio/OAF_moon_angry.wav,OAF_moon_angry.wav,1,train,0,angry,0,angry,0.882554292678833
/Users/prarthanapatel/Desktop/Himanshi/speech_emotion_detection-develop-v2/tess_preprocessed/audio/OAF_nag_angry.wav,OAF_nag_angry.wav,1,train,0,angry,0,angry,0.970723032951355
/Users/prarthanapatel/Desktop/Himanshi/speech_emotion_detection-develop-v2/tess_preprocessed/audio/OAF_name_angry.wav,OAF_name_angry.wav,1,train,0,angry,0,angry,0.9631581902503967
/Users/prarthanapatel/Desktop/Himanshi/speech_emotion_detection-develop-v2/tess_preprocessed/audio/OAF_neat_angry.wav,OAF_neat_angry.wav,1,train,0,angry,0,angry,0.9504808783531189
/Users/prarthanapatel/Desktop/Himanshi/speech_emotion_detection-develop-v2/tess_preprocessed/audio/OAF_nice_angry.wav,OAF_nice_angry.wav,1,train,0,angry,0,angry,0.970674991607666
/Users/prarthanapatel/Desktop/Himanshi/speech_emotion_detection-develop-v2/tess_preprocessed/audio/OAF_note_angry.wav,OAF_note_angry.wav,1,train,0,angry,0,angry,0.9701575636863708
/Users/prarthanapatel/Desktop/Himanshi/speech_emotion_detection-develop-v2/tess_preprocessed/audio/OAF_numb_angry.wav,OAF_numb_angry.wav,1,train,0,angry,0,angry,0.9696144461631775
/Users/prarthanapatel/Desktop/Himanshi/speech_emotion_detection-develop-v2/tess_preprocessed/audio/OAF_pad_angry.wav,OAF_pad_angry.wav,1,train,0,angry,0,angry,0.9681011438369751
/Users/prarthanapatel/Desktop/Himanshi/speech_emotion_detection-develop-v2/tess_preprocessed/audio/OAF_pain_angry.wav,OAF_pain_angry.wav,1,train,0,angry,0,angry,0.9703206419944763
/Users/prarthanapatel/Desktop/Himanshi/speech_emotion_detection-develop-v2/tess_preprocessed/audio/OAF_pass_angry.wav,OAF_pass_angry.wav,1,train,0,angry,0,angry,0.969341516494751
/Users/prarthanapatel/Desktop/Himanshi/speech_emotion_detection-develop-v2/tess_preprocessed/audio/OAF_pearl_angry.wav,OAF_pearl_angry.wav,1,train,0,angry,0,angry,0.9702629446983337
/Users/prarthanapatel/Desktop/Himanshi/speech_emotion_detection-develop-v2/tess_preprocessed/audio/OAF_peg_angry.wav,OAF_peg_angry.wav,1,train,0,angry,0,angry,0.9712737798690796
/Users/prarthanapatel/Desktop/Himanshi/speech_emotion_detection-develop-v2/tess_preprocessed/audio/OAF_phone_angry.wav,OAF_phone_angry.wav,1,train,0,angry,0,angry,0.9713294506072998
/Users/prarthanapatel/Desktop/Himanshi/speech_emotion_detection-develop-v2/tess_preprocessed/audio/OAF_pick_angry.wav,OAF_pick_angry.wav,1,train,0,angry,0,angry,0.965448796749115
/Users/prarthanapatel/Desktop/Himanshi/speech_emotion_detection-develop-v2/tess_preprocessed/audio/OAF_pike_angry.wav,OAF_pike_angry.wav,1,train,0,angry,0,angry,0.9686527252197266
/Users/prarthanapatel/Desktop/Himanshi/speech_emotion_detection-develop-v2/tess_preprocessed/audio/OAF_pole_angry.wav,OAF_pole_angry.wav,1,train,0,angry,0,angry,0.972567081451416
/Users/prarthanapatel/Desktop/Himanshi/speech_emotion_detection-develop-v2/tess_preprocessed/audio/OAF_pool_angry.wav,OAF_pool_angry.wav,1,train,0,angry,0,angry,0.9643738865852356
/Users/prarthanapatel/Desktop/Himanshi/speech_emotion_detection-develop-v2/tess_preprocessed/audio/OAF_puff_angry.wav,OAF_puff_angry.wav,1,train,0,angry,0,angry,0.9719699621200562
/Users/prarthanapatel/Desktop/Himanshi/speech_emotion_detection-develop-v2/tess_preprocessed/audio/OAF_rag_angry.wav,OAF_rag_angry.wav,1,train,0,angry,0,angry,0.9672099351882935
/Users/prarthanapatel/Desktop/Himanshi/speech_emotion_detection-develop-v2/tess_preprocessed/audio/OAF_rat_angry.wav,OAF_rat_angry.wav,1,train,0,angry,0,angry,0.9722278118133545
/Users/prarthanapatel/Desktop/Himanshi/speech_emotion_detection-develop-v2/tess_preprocessed/audio/OAF_reach_angry.wav,OAF_reach_angry.wav,1,train,0,angry,0,angry,0.9713624119758606
/Users/prarthanapatel/Desktop/Himanshi/speech_emotion_detection-develop-v2/tess_preprocessed/audio/OAF_red_angry.wav,OAF_red_angry.wav,1,train,0,angry,0,angry,0.9698125720024109
/Users/prarthanapatel/Desktop/Himanshi/speech_emotion_detection-develop-v2/tess_preprocessed/audio/OAF_ring_angry.wav,OAF_ring_angry.wav,1,train,0,angry,0,angry,0.970527708530426
/Users/prarthanapatel/Desktop/Himanshi/speech_emotion_detection-develop-v2/tess_preprocessed/audio/OAF_ripe_angry.wav,OAF_ripe_angry.wav,1,train,0,angry,0,angry,0.9734635353088379
/Users/prarthanapatel/Desktop/Himanshi/speech_emotion_detection-develop-v2/tess_preprocessed/audio/OAF_road_angry.wav,OAF_road_angry.wav,1,train,0,angry,0,angry,0.9708531498908997
/Users/prarthanapatel/Desktop/Himanshi/speech_emotion_detection-develop-v2/tess_preprocessed/audio/OAF_room_angry.wav,OAF_room_angry.wav,1,train,0,angry,0,angry,0.9622683525085449
/Users/prarthanapatel/Desktop/Himanshi/speech_emotion_detection-develop-v2/tess_preprocessed/audio/OAF_rose_angry.wav,OAF_rose_angry.wav,1,train,0,angry,0,angry,0.9706940650939941
/Users/prarthanapatel/Desktop/Himanshi/speech_emotion_detection-develop-v2/tess_preprocessed/audio/OAF_rot_angry.wav,OAF_rot_angry.wav,1,train,0,angry,0,angry,0.967666745185852
/Users/prarthanapatel/Desktop/Himanshi/speech_emotion_detection-develop-v2/tess_preprocessed/audio/OAF_rough_angry.wav,OAF_rough_angry.wav,1,train,0,angry,0,angry,0.9709334969520569
/Users/prarthanapatel/Desktop/Himanshi/speech_emotion_detection-develop-v2/tess_preprocessed/audio/OAF_rush_angry.wav,OAF_rush_angry.wav,1,train,0,angry,0,angry,0.9678401350975037
/Users/prarthanapatel/Desktop/Himanshi/speech_emotion_detection-develop-v2/tess_preprocessed/audio/OAF_said_angry.wav,OAF_said_angry.wav,1,train,0,angry,0,angry,0.9705010056495667
/Users/prarthanapatel/Desktop/Himanshi/speech_emotion_detection-develop-v2/tess_preprocessed/audio/OAF_sail_angry.wav,OAF_sail_angry.wav,1,train,0,angry,0,angry,0.965788722038269
/Users/prarthanapatel/Desktop/Himanshi/speech_emotion_detection-develop-v2/tess_preprocessed/audio/OAF_search_angry.wav,OAF_search_angry.wav,1,train,0,angry,0,angry,0.9644737839698792
/Users/prarthanapatel/Desktop/Himanshi/speech_emotion_detection-develop-v2/tess_preprocessed/audio/OAF_seize_angry.wav,OAF_seize_angry.wav,1,train,0,angry,0,angry,0.96957927942276
/Users/prarthanapatel/Desktop/Himanshi/speech_emotion_detection-develop-v2/tess_preprocessed/audio/OAF_sell_angry.wav,OAF_sell_angry.wav,1,train,0,angry,0,angry,0.9632917046546936
/Users/prarthanapatel/Desktop/Himanshi/speech_emotion_detection-develop-v2/tess_preprocessed/audio/OAF_shall_angry.wav,OAF_shall_angry.wav,1,train,0,angry,0,angry,0.9694671034812927
/Users/prarthanapatel/Desktop/Himanshi/speech_emotion_detection-develop-v2/tess_preprocessed/audio/OAF_sheep_angry.wav,OAF_sheep_angry.wav,1,train,0,angry,0,angry,0.9710419178009033
/Users/prarthanapatel/Desktop/Himanshi/speech_emotion_detection-develop-v2/tess_preprocessed/audio/OAF_shirt_angry.wav,OAF_shirt_angry.wav,1,train,0,angry,0,angry,0.9714263081550598
/Users/prarthanapatel/Desktop/Himanshi/speech_emotion_detection-develop-v2/tess_preprocessed/audio/OAF_should_angry.wav,OAF_should_angry.wav,1,train,0,angry,0,angry,0.971135139465332
/Users/prarthanapatel/Desktop/Himanshi/speech_emotion_detection-develop-v2/tess_preprocessed/audio/OAF_shout_angry.wav,OAF_shout_angry.wav,1,train,0,angry,0,angry,0.963596522808075
/Users/prarthanapatel/Desktop/Himanshi/speech_emotion_detection-develop-v2/tess_preprocessed/audio/OAF_size_angry.wav,OAF_size_angry.wav,1,train,0,angry,0,angry,0.9495616555213928
/Users/prarthanapatel/Desktop/Himanshi/speech_emotion_detection-develop-v2/tess_preprocessed/audio/OAF_soup_angry.wav,OAF_soup_angry.wav,1,train,0,angry,0,angry,0.9639995098114014
/Users/prarthanapatel/Desktop/Himanshi/speech_emotion_detection-develop-v2/tess_preprocessed/audio/OAF_sour_angry.wav,OAF_sour_angry.wav,1,train,0,angry,0,angry,0.9709028005599976
/Users/prarthanapatel/Desktop/Himanshi/speech_emotion_detection-develop-v2/tess_preprocessed/audio/OAF_sub_angry.wav,OAF_sub_angry.wav,1,train,0,angry,0,angry,0.9695889353752136
/Users/prarthanapatel/Desktop/Himanshi/speech_emotion_detection-develop-v2/tess_preprocessed/audio/OAF_such_angry.wav,OAF_such_angry.wav,1,train,0,angry,0,angry,0.9662573933601379
/Users/prarthanapatel/Desktop/Himanshi/speech_emotion_detection-develop-v2/tess_preprocessed/audio/OAF_sure_angry.wav,OAF_sure_angry.wav,1,train,0,angry,0,angry,0.9690229892730713
/Users/prarthanapatel/Desktop/Himanshi/speech_emotion_detection-develop-v2/tess_preprocessed/audio/OAF_take_angry.wav,OAF_take_angry.wav,1,train,0,angry,0,angry,0.9672518968582153
/Users/prarthanapatel/Desktop/Himanshi/speech_emotion_detection-develop-v2/tess_preprocessed/audio/OAF_talk_angry.wav,OAF_talk_angry.wav,1,train,0,angry,0,angry,0.9706154465675354
/Users/prarthanapatel/Desktop/Himanshi/speech_emotion_detection-develop-v2/tess_preprocessed/audio/OAF_tape_angry.wav,OAF_tape_angry.wav,1,train,0,angry,0,angry,0.9699797630310059
/Users/prarthanapatel/Desktop/Himanshi/speech_emotion_detection-develop-v2/tess_preprocessed/audio/OAF_tell_angry.wav,OAF_tell_angry.wav,1,train,0,angry,0,angry,0.9666790962219238
/Users/prarthanapatel/Desktop/Himanshi/speech_emotion_detection-develop-v2/tess_preprocessed/audio/OAF_thin_angry.wav,OAF_thin_angry.wav,1,train,0,angry,0,angry,0.9653451442718506
/Users/prarthanapatel/Desktop/Himanshi/speech_emotion_detection-develop-v2/tess_preprocessed/audio/OAF_third_angry.wav,OAF_third_angry.wav,1,train,0,angry,0,angry,0.9613181352615356
/Users/prarthanapatel/Desktop/Himanshi/speech_emotion_detection-develop-v2/tess_preprocessed/audio/OAF_thumb_angry.wav,OAF_thumb_angry.wav,1,train,0,angry,0,angry,0.9715749025344849
/Users/prarthanapatel/Desktop/Himanshi/speech_emotion_detection-develop-v2/tess_preprocessed/audio/OAF_time_angry.wav,OAF_time_angry.wav,1,train,0,angry,0,angry,0.9693803787231445
/Users/prarthanapatel/Desktop/Himanshi/speech_emotion_detection-develop-v2/tess_preprocessed/audio/OAF_tip_angry.wav,OAF_tip_angry.wav,1,train,0,angry,0,angry,0.9686402082443237
/Users/prarthanapatel/Desktop/Himanshi/speech_emotion_detection-develop-v2/tess_preprocessed/audio/OAF_tool_angry.wav,OAF_tool_angry.wav,1,train,0,angry,0,angry,0.9738204479217529
/Users/prarthanapatel/Desktop/Himanshi/speech_emotion_detection-develop-v2/tess_preprocessed/audio/OAF_void_angry.wav,OAF_void_angry.wav,1,train,0,angry,0,angry,0.9704293012619019
/Users/prarthanapatel/Desktop/Himanshi/speech_emotion_detection-develop-v2/tess_preprocessed/audio/OAF_wag_angry.wav,OAF_wag_angry.wav,1,train,0,angry,0,angry,0.9720677137374878
/Users/prarthanapatel/Desktop/Himanshi/speech_emotion_detection-develop-v2/tess_preprocessed/audio/OAF_wash_angry.wav,OAF_wash_angry.wav,1,train,0,angry,0,angry,0.9713687300682068
/Users/prarthanapatel/Desktop/Himanshi/speech_emotion_detection-develop-v2/tess_preprocessed/audio/OAF_week_angry.wav,OAF_week_angry.wav,1,train,0,angry,0,angry,0.9661783576011658
/Users/prarthanapatel/Desktop/Himanshi/speech_emotion_detection-develop-v2/tess_preprocessed/audio/OAF_when_angry.wav,OAF_when_angry.wav,1,train,0,angry,0,angry,0.949351966381073
/Users/prarthanapatel/Desktop/Himanshi/speech_emotion_detection-develop-v2/tess_preprocessed/audio/OAF_which_angry.wav,OAF_which_angry.wav,1,train,0,angry,0,angry,0.9664363861083984
/Users/prarthanapatel/Desktop/Himanshi/speech_emotion_detection-develop-v2/tess_preprocessed/audio/OAF_whip_angry.wav,OAF_whip_angry.wav,1,train,0,angry,0,angry,0.9510983824729919
/Users/prarthanapatel/Desktop/Himanshi/speech_emotion_detection-develop-v2/tess_preprocessed/audio/OAF_wire_angry.wav,OAF_wire_angry.wav,1,train,0,angry,0,angry,0.970541775226593
/Users/prarthanapatel/Desktop/Himanshi/speech_emotion_detection-develop-v2/tess_preprocessed/audio/OAF_witch_angry.wav,OAF_witch_angry.wav,1,train,0,angry,0,angry,0.9655206799507141
/Users/prarthanapatel/Desktop/Himanshi/speech_emotion_detection-develop-v2/tess_preprocessed/audio/OAF_yes_angry.wav,OAF_yes_angry.wav,1,train,0,angry,0,angry,0.9606529474258423
/Users/prarthanapatel/Desktop/Himanshi/speech_emotion_detection-develop-v2/tess_preprocessed/audio/OAF_young_angry.wav,OAF_young_angry.wav,1,train,0,angry,0,angry,0.9696890115737915
/Users/prarthanapatel/Desktop/Himanshi/speech_emotion_detection-develop-v2/tess_preprocessed/audio/OAF_back_disgust.wav,OAF_back_disgust.wav,1,train,1,disgust,1,disgust,0.9587770700454712
/Users/prarthanapatel/Desktop/Himanshi/speech_emotion_detection-develop-v2/tess_preprocessed/audio/OAF_base_disgust.wav,OAF_base_disgust.wav,1,train,1,disgust,1,disgust,0.9590961933135986
/Users/prarthanapatel/Desktop/Himanshi/speech_emotion_detection-develop-v2/tess_preprocessed/audio/OAF_bath_disgust.wav,OAF_bath_disgust.wav,1,train,1,disgust,1,disgust,0.9578787684440613
/Users/prarthanapatel/Desktop/Himanshi/speech_emotion_detection-develop-v2/tess_preprocessed/audio/OAF_bean_disgust.wav,OAF_bean_disgust.wav,1,train,1,disgust,1,disgust,0.9614577293395996
/Users/prarthanapatel/Desktop/Himanshi/speech_emotion_detection-develop-v2/tess_preprocessed/audio/OAF_beg_disgust.wav,OAF_beg_disgust.wav,1,train,1,disgust,1,disgust,0.9673458933830261
/Users/prarthanapatel/Desktop/Himanshi/speech_emotion_detection-develop-v2/tess_preprocessed/audio/OAF_bite_disgust.wav,OAF_bite_disgust.wav,1,train,1,disgust,1,disgust,0.9646582007408142
/Users/prarthanapatel/Desktop/Himanshi/speech_emotion_detection-develop-v2/tess_preprocessed/audio/OAF_book_disgust.wav,OAF_book_disgust.wav,1,train,1,disgust,1,disgust,0.9652804136276245
/Users/prarthanapatel/Desktop/Himanshi/speech_emotion_detection-develop-v2/tess_preprocessed/audio/OAF_bought_disgust.wav,OAF_bought_disgust.wav,1,train,1,disgust,1,disgust,0.9553470015525818
/Users/prarthanapatel/Desktop/Himanshi/speech_emotion_detection-develop-v2/tess_preprocessed/audio/OAF_burn_disgust.wav,OAF_burn_disgust.wav,1,train,1,disgust,1,disgust,0.9636025428771973
/Users/prarthanapatel/Desktop/Himanshi/speech_emotion_detection-develop-v2/tess_preprocessed/audio/OAF_cab_disgust.wav,OAF_cab_disgust.wav,1,train,1,disgust,1,disgust,0.9626986980438232
/Users/prarthanapatel/Desktop/Himanshi/speech_emotion_detection-develop-v2/tess_preprocessed/audio/OAF_cause_disgust.wav,OAF_cause_disgust.wav,1,train,1,disgust,1,disgust,0.9621409773826599
/Users/prarthanapatel/Desktop/Himanshi/speech_emotion_detection-develop-v2/tess_preprocessed/audio/OAF_chain_disgust.wav,OAF_chain_disgust.wav,1,train,1,disgust,1,disgust,0.9655334949493408
/Users/prarthanapatel/Desktop/Himanshi/speech_emotion_detection-develop-v2/tess_preprocessed/audio/OAF_chalk_disgust.wav,OAF_chalk_disgust.wav,1,train,1,disgust,1,disgust,0.9663552641868591
/Users/prarthanapatel/Desktop/Himanshi/speech_emotion_detection-develop-v2/tess_preprocessed/audio/OAF_chat_disgust.wav,OAF_chat_disgust.wav,1,train,1,disgust,1,disgust,0.949162483215332
/Users/prarthanapatel/Desktop/Himanshi/speech_emotion_detection-develop-v2/tess_preprocessed/audio/OAF_chief_disgust.wav,OAF_chief_disgust.wav,1,train,1,disgust,1,disgust,0.961098849773407
/Users/prarthanapatel/Desktop/Himanshi/speech_emotion_detection-develop-v2/tess_preprocessed/audio/OAF_choice_disgust.wav,OAF_choice_disgust.wav,1,train,1,disgust,1,disgust,0.9678139686584473
/Users/prarthanapatel/Desktop/Himanshi/speech_emotion_detection-develop-v2/tess_preprocessed/audio/OAF_cool_disgust.wav,OAF_cool_disgust.wav,1,train,1,disgust,1,disgust,0.9547172784805298
/Users/prarthanapatel/Desktop/Himanshi/speech_emotion_detection-develop-v2/tess_preprocessed/audio/OAF_dab_disgust.wav,OAF_dab_disgust.wav,1,train,1,disgust,1,disgust,0.9658277630805969
/Users/prarthanapatel/Desktop/Himanshi/speech_emotion_detection-develop-v2/tess_preprocessed/audio/OAF_date_disgust.wav,OAF_date_disgust.wav,1,train,1,disgust,1,disgust,0.9533160328865051
/Users/prarthanapatel/Desktop/Himanshi/speech_emotion_detection-develop-v2/tess_preprocessed/audio/OAF_dead_disgust.wav,OAF_dead_disgust.wav,1,train,1,disgust,1,disgust,0.9553292989730835
/Users/prarthanapatel/Desktop/Himanshi/speech_emotion_detection-develop-v2/tess_preprocessed/audio/OAF_death_disgust.wav,OAF_death_disgust.wav,1,train,1,disgust,1,disgust,0.9575406908988953
/Users/prarthanapatel/Desktop/Himanshi/speech_emotion_detection-develop-v2/tess_preprocessed/audio/OAF_deep_disgust.wav,OAF_deep_disgust.wav,1,train,1,disgust,1,disgust,0.960785984992981
/Users/prarthanapatel/Desktop/Himanshi/speech_emotion_detection-develop-v2/tess_preprocessed/audio/OAF_dime_disgust.wav,OAF_dime_disgust.wav,1,train,1,disgust,1,disgust,0.9690978527069092
/Users/prarthanapatel/Desktop/Himanshi/speech_emotion_detection-develop-v2/tess_preprocessed/audio/OAF_dip_disgust.wav,OAF_dip_disgust.wav,1,train,1,disgust,1,disgust,0.9322366118431091
/Users/prarthanapatel/Desktop/Himanshi/speech_emotion_detection-develop-v2/tess_preprocessed/audio/OAF_ditch_disgust.wav,OAF_ditch_disgust.wav,1,train,1,disgust,1,disgust,0.9548876881599426
/Users/prarthanapatel/Desktop/Himanshi/speech_emotion_detection-develop-v2/tess_preprocessed/audio/OAF_dodge_disgust.wav,OAF_dodge_disgust.wav,1,train,1,disgust,1,disgust,0.9645326733589172
/Users/prarthanapatel/Desktop/Himanshi/speech_emotion_detection-develop-v2/tess_preprocessed/audio/OAF_doll_disgust.wav,OAF_doll_disgust.wav,1,train,1,disgust,1,disgust,0.9586600661277771
/Users/prarthanapatel/Desktop/Himanshi/speech_emotion_detection-develop-v2/tess_preprocessed/audio/OAF_door_disgust.wav,OAF_door_disgust.wav,1,train,1,disgust,1,disgust,0.949448823928833
/Users/prarthanapatel/Desktop/Himanshi/speech_emotion_detection-develop-v2/tess_preprocessed/audio/OAF_fall_disgust.wav,OAF_fall_disgust.wav,1,train,1,disgust,1,disgust,0.9681733250617981
/Users/prarthanapatel/Desktop/Himanshi/speech_emotion_detection-develop-v2/tess_preprocessed/audio/OAF_far_disgust.wav,OAF_far_disgust.wav,1,train,1,disgust,1,disgust,0.9689006209373474
/Users/prarthanapatel/Desktop/Himanshi/speech_emotion_detection-develop-v2/tess_preprocessed/audio/OAF_fat_disgust.wav,OAF_fat_disgust.wav,1,train,1,disgust,1,disgust,0.9690117835998535
/Users/prarthanapatel/Desktop/Himanshi/speech_emotion_detection-develop-v2/tess_preprocessed/audio/OAF_fit_disgust.wav,OAF_fit_disgust.wav,1,train,1,disgust,1,disgust,0.9672560095787048
/Users/prarthanapatel/Desktop/Himanshi/speech_emotion_detection-develop-v2/tess_preprocessed/audio/OAF_five_disgust.wav,OAF_five_disgust.wav,1,train,1,disgust,1,disgust,0.9635051488876343
/Users/prarthanapatel/Desktop/Himanshi/speech_emotion_detection-develop-v2/tess_preprocessed/audio/OAF_food_disgust.wav,OAF_food_disgust.wav,1,train,1,disgust,1,disgust,0.9552823901176453
/Users/prarthanapatel/Desktop/Himanshi/speech_emotion_detection-develop-v2/tess_preprocessed/audio/OAF_gap_disgust.wav,OAF_gap_disgust.wav,1,train,1,disgust,1,disgust,0.9645821452140808
/Users/prarthanapatel/Desktop/Himanshi/speech_emotion_detection-develop-v2/tess_preprocessed/audio/OAF_gas_disgust.wav,OAF_gas_disgust.wav,1,train,1,disgust,1,disgust,0.9600967168807983
/Users/prarthanapatel/Desktop/Himanshi/speech_emotion_detection-develop-v2/tess_preprocessed/audio/OAF_gaze_disgust.wav,OAF_gaze_disgust.wav,1,train,1,disgust,1,disgust,0.9493020176887512
/Users/prarthanapatel/Desktop/Himanshi/speech_emotion_detection-develop-v2/tess_preprocessed/audio/OAF_germ_disgust.wav,OAF_germ_disgust.wav,1,train,1,disgust,1,disgust,0.9618969559669495
/Users/prarthanapatel/Desktop/Himanshi/speech_emotion_detection-develop-v2/tess_preprocessed/audio/OAF_good_disgust.wav,OAF_good_disgust.wav,1,train,1,disgust,1,disgust,0.9245719313621521
/Users/prarthanapatel/Desktop/Himanshi/speech_emotion_detection-develop-v2/tess_preprocessed/audio/OAF_gun_disgust.wav,OAF_gun_disgust.wav,1,train,1,disgust,1,disgust,0.9630274176597595
/Users/prarthanapatel/Desktop/Himanshi/speech_emotion_detection-develop-v2/tess_preprocessed/audio/OAF_hall_disgust.wav,OAF_hall_disgust.wav,1,train,1,disgust,1,disgust,0.9526672959327698
/Users/prarthanapatel/Desktop/Himanshi/speech_emotion_detection-develop-v2/tess_preprocessed/audio/OAF_hash_disgust.wav,OAF_hash_disgust.wav,1,train,1,disgust,1,disgust,0.9630553722381592
/Users/prarthanapatel/Desktop/Himanshi/speech_emotion_detection-develop-v2/tess_preprocessed/audio/OAF_hire_disgust.wav,OAF_hire_disgust.wav,1,train,1,disgust,1,disgust,0.9641246199607849
/Users/prarthanapatel/Desktop/Himanshi/speech_emotion_detection-develop-v2/tess_preprocessed/audio/OAF_hit_disgust.wav,OAF_hit_disgust.wav,1,train,1,disgust,1,disgust,0.9597114324569702
/Users/prarthanapatel/Desktop/Himanshi/speech_emotion_detection-develop-v2/tess_preprocessed/audio/OAF_hole_disgust.wav,OAF_hole_disgust.wav,1,train,1,disgust,1,disgust,0.9596483707427979
/Users/prarthanapatel/Desktop/Himanshi/speech_emotion_detection-develop-v2/tess_preprocessed/audio/OAF_hurl_disgust.wav,OAF_hurl_disgust.wav,1,train,1,disgust,1,disgust,0.9622671604156494
/Users/prarthanapatel/Desktop/Himanshi/speech_emotion_detection-develop-v2/tess_preprocessed/audio/OAF_hush_disgust.wav,OAF_hush_disgust.wav,1,train,1,disgust,1,disgust,0.9589558243751526
/Users/prarthanapatel/Desktop/Himanshi/speech_emotion_detection-develop-v2/tess_preprocessed/audio/OAF_jail_disgust.wav,OAF_jail_disgust.wav,1,train,1,disgust,1,disgust,0.9518576264381409
/Users/prarthanapatel/Desktop/Himanshi/speech_emotion_detection-develop-v2/tess_preprocessed/audio/OAF_jar_disgust.wav,OAF_jar_disgust.wav,1,train,1,disgust,1,disgust,0.9667141437530518
/Users/prarthanapatel/Desktop/Himanshi/speech_emotion_detection-develop-v2/tess_preprocessed/audio/OAF_join_disgust.wav,OAF_join_disgust.wav,1,train,1,disgust,1,disgust,0.9668108820915222
/Users/prarthanapatel/Desktop/Himanshi/speech_emotion_detection-develop-v2/tess_preprocessed/audio/OAF_judge_disgust.wav,OAF_judge_disgust.wav,1,train,1,disgust,1,disgust,0.9612274765968323
/Users/prarthanapatel/Desktop/Himanshi/speech_emotion_detection-develop-v2/tess_preprocessed/audio/OAF_jug_disgust.wav,OAF_jug_disgust.wav,1,train,1,disgust,1,disgust,0.9614120125770569
/Users/prarthanapatel/Desktop/Himanshi/speech_emotion_detection-develop-v2/tess_preprocessed/audio/OAF_keep_disgust.wav,OAF_keep_disgust.wav,1,train,1,disgust,1,disgust,0.9596539735794067
/Users/prarthanapatel/Desktop/Himanshi/speech_emotion_detection-develop-v2/tess_preprocessed/audio/OAF_kick_disgust.wav,OAF_kick_disgust.wav,1,train,1,disgust,1,disgust,0.956784188747406
/Users/prarthanapatel/Desktop/Himanshi/speech_emotion_detection-develop-v2/tess_preprocessed/audio/OAF_kill_disgust.wav,OAF_kill_disgust.wav,1,train,1,disgust,1,disgust,0.9645400643348694
/Users/prarthanapatel/Desktop/Himanshi/speech_emotion_detection-develop-v2/tess_preprocessed/audio/OAF_king_disgust.wav,OAF_king_disgust.wav,1,train,1,disgust,1,disgust,0.954147458076477
/Users/prarthanapatel/Desktop/Himanshi/speech_emotion_detection-develop-v2/tess_preprocessed/audio/OAF_kite_disgust.wav,OAF_kite_disgust.wav,1,train,1,disgust,1,disgust,0.9687010049819946
/Users/prarthanapatel/Desktop/Himanshi/speech_emotion_detection-develop-v2/tess_preprocessed/audio/OAF_knock_disgust.wav,OAF_knock_disgust.wav,1,train,1,disgust,1,disgust,0.9665996432304382
/Users/prarthanapatel/Desktop/Himanshi/speech_emotion_detection-develop-v2/tess_preprocessed/audio/OAF_laud_disgust.wav,OAF_laud_disgust.wav,1,train,1,disgust,1,disgust,0.962962806224823
/Users/prarthanapatel/Desktop/Himanshi/speech_emotion_detection-develop-v2/tess_preprocessed/audio/OAF_lean_disgust.wav,OAF_lean_disgust.wav,1,train,1,disgust,1,disgust,0.959587812423706
/Users/prarthanapatel/Desktop/Himanshi/speech_emotion_detection-develop-v2/tess_preprocessed/audio/OAF_lease_disgust.wav,OAF_lease_disgust.wav,1,train,1,disgust,1,disgust,0.9663727283477783
/Users/prarthanapatel/Desktop/Himanshi/speech_emotion_detection-develop-v2/tess_preprocessed/audio/OAF_lid_disgust.wav,OAF_lid_disgust.wav,1,train,1,disgust,1,disgust,0.7199281454086304
/Users/prarthanapatel/Desktop/Himanshi/speech_emotion_detection-develop-v2/tess_preprocessed/audio/OAF_life_disgust.wav,OAF_life_disgust.wav,1,train,1,disgust,1,disgust,0.9650859236717224
/Users/prarthanapatel/Desktop/Himanshi/speech_emotion_detection-develop-v2/tess_preprocessed/audio/OAF_long_disgust.wav,OAF_long_disgust.wav,1,train,1,disgust,1,disgust,0.9569995999336243
/Users/prarthanapatel/Desktop/Himanshi/speech_emotion_detection-develop-v2/tess_preprocessed/audio/OAF_lot_disgust.wav,OAF_lot_disgust.wav,1,train,1,disgust,1,disgust,0.9660477638244629
/Users/prarthanapatel/Desktop/Himanshi/speech_emotion_detection-develop-v2/tess_preprocessed/audio/OAF_love_disgust.wav,OAF_love_disgust.wav,1,train,1,disgust,1,disgust,0.9650605916976929
/Users/prarthanapatel/Desktop/Himanshi/speech_emotion_detection-develop-v2/tess_preprocessed/audio/OAF_luck_disgust.wav,OAF_luck_disgust.wav,1,train,1,disgust,1,disgust,0.9621387720108032
/Users/prarthanapatel/Desktop/Himanshi/speech_emotion_detection-develop-v2/tess_preprocessed/audio/OAF_make_disgust.wav,OAF_make_disgust.wav,1,train,1,disgust,1,disgust,0.953735888004303
/Users/prarthanapatel/Desktop/Himanshi/speech_emotion_detection-develop-v2/tess_preprocessed/audio/OAF_match_disgust.wav,OAF_match_disgust.wav,1,train,1,disgust,1,disgust,0.9622966051101685
/Users/prarthanapatel/Desktop/Himanshi/speech_emotion_detection-develop-v2/tess_preprocessed/audio/OAF_merge_disgust.wav,OAF_merge_disgust.wav,1,train,1,disgust,1,disgust,0.9586654901504517
/Users/prarthanapatel/Desktop/Himanshi/speech_emotion_detection-develop-v2/tess_preprocessed/audio/OAF_met_disgust.wav,OAF_met_disgust.wav,1,train,1,disgust,1,disgust,0.9606180787086487
/Users/prarthanapatel/Desktop/Himanshi/speech_emotion_detection-develop-v2/tess_preprocessed/audio/OAF_mill_disgust.wav,OAF_mill_disgust.wav,1,train,1,disgust,1,disgust,0.9652949571609497
/Users/prarthanapatel/Desktop/Himanshi/speech_emotion_detection-develop-v2/tess_preprocessed/audio/OAF_mood_disgust.wav,OAF_mood_disgust.wav,1,train,1,disgust,1,disgust,0.941512405872345
/Users/prarthanapatel/Desktop/Himanshi/speech_emotion_detection-develop-v2/tess_preprocessed/audio/OAF_moon_disgust.wav,OAF_moon_disgust.wav,1,train,1,disgust,1,disgust,0.8439400792121887
/Users/prarthanapatel/Desktop/Himanshi/speech_emotion_detection-develop-v2/tess_preprocessed/audio/OAF_nag_disgust.wav,OAF_nag_disgust.wav,1,train,1,disgust,1,disgust,0.9635042548179626
/Users/prarthanapatel/Desktop/Himanshi/speech_emotion_detection-develop-v2/tess_preprocessed/audio/OAF_name_disgust.wav,OAF_name_disgust.wav,1,train,1,disgust,1,disgust,0.9626696705818176
/Users/prarthanapatel/Desktop/Himanshi/speech_emotion_detection-develop-v2/tess_preprocessed/audio/OAF_neat_disgust.wav,OAF_neat_disgust.wav,1,train,1,disgust,1,disgust,0.9484263062477112
/Users/prarthanapatel/Desktop/Himanshi/speech_emotion_detection-develop-v2/tess_preprocessed/audio/OAF_nice_disgust.wav,OAF_nice_disgust.wav,1,train,1,disgust,1,disgust,0.9604398012161255
/Users/prarthanapatel/Desktop/Himanshi/speech_emotion_detection-develop-v2/tess_preprocessed/audio/OAF_note_disgust.wav,OAF_note_disgust.wav,1,train,1,disgust,1,disgust,0.9652539491653442
/Users/prarthanapatel/Desktop/Himanshi/speech_emotion_detection-develop-v2/tess_preprocessed/audio/OAF_numb_disgust.wav,OAF_numb_disgust.wav,1,train,1,disgust,1,disgust,0.9667972922325134
/Users/prarthanapatel/Desktop/Himanshi/speech_emotion_detection-develop-v2/tess_preprocessed/audio/OAF_pad_disgust.wav,OAF_pad_disgust.wav,1,train,1,disgust,1,disgust,0.9558700919151306
/Users/prarthanapatel/Desktop/Himanshi/speech_emotion_detection-develop-v2/tess_preprocessed/audio/OAF_pain_disgust.wav,OAF_pain_disgust.wav,1,train,1,disgust,1,disgust,0.9501944184303284
/Users/prarthanapatel/Desktop/Himanshi/speech_emotion_detection-develop-v2/tess_preprocessed/audio/OAF_pass_disgust.wav,OAF_pass_disgust.wav,1,train,1,disgust,1,disgust,0.965261697769165
/Users/prarthanapatel/Desktop/Himanshi/speech_emotion_detection-develop-v2/tess_preprocessed/audio/OAF_pearl_disgust.wav,OAF_pearl_disgust.wav,1,train,1,disgust,1,disgust,0.9602760076522827
/Users/prarthanapatel/Desktop/Himanshi/speech_emotion_detection-develop-v2/tess_preprocessed/audio/OAF_peg_disgust.wav,OAF_peg_disgust.wav,1,train,1,disgust,1,disgust,0.9483377933502197
/Users/prarthanapatel/Desktop/Himanshi/speech_emotion_detection-develop-v2/tess_preprocessed/audio/OAF_phone_disgust.wav,OAF_phone_disgust.wav,1,train,1,disgust,1,disgust,0.9463087916374207
/Users/prarthanapatel/Desktop/Himanshi/speech_emotion_detection-develop-v2/tess_preprocessed/audio/OAF_pick_disgust.wav,OAF_pick_disgust.wav,1,train,1,disgust,1,disgust,0.9320043921470642
/Users/prarthanapatel/Desktop/Himanshi/speech_emotion_detection-develop-v2/tess_preprocessed/audio/OAF_pike_disgust.wav,OAF_pike_disgust.wav,1,train,1,disgust,1,disgust,0.9654581546783447
/Users/prarthanapatel/Desktop/Himanshi/speech_emotion_detection-develop-v2/tess_preprocessed/audio/OAF_pole_disgust.wav,OAF_pole_disgust.wav,1,train,1,disgust,1,disgust,0.9599373936653137
/Users/prarthanapatel/Desktop/Himanshi/speech_emotion_detection-develop-v2/tess_preprocessed/audio/OAF_pool_disgust.wav,OAF_pool_disgust.wav,1,train,1,disgust,1,disgust,0.959479808807373
/Users/prarthanapatel/Desktop/Himanshi/speech_emotion_detection-develop-v2/tess_preprocessed/audio/OAF_puff_disgust.wav,OAF_puff_disgust.wav,1,train,1,disgust,1,disgust,0.9617685675621033
/Users/prarthanapatel/Desktop/Himanshi/speech_emotion_detection-develop-v2/tess_preprocessed/audio/OAF_rag_disgust.wav,OAF_rag_disgust.wav,1,train,1,disgust,1,disgust,0.9597797989845276
/Users/prarthanapatel/Desktop/Himanshi/speech_emotion_detection-develop-v2/tess_preprocessed/audio/OAF_rat_disgust.wav,OAF_rat_disgust.wav,1,train,1,disgust,1,disgust,0.9614947438240051
/Users/prarthanapatel/Desktop/Himanshi/speech_emotion_detection-develop-v2/tess_preprocessed/audio/OAF_reach_disgust.wav,OAF_reach_disgust.wav,1,train,1,disgust,1,disgust,0.9445844292640686
/Users/prarthanapatel/Desktop/Himanshi/speech_emotion_detection-develop-v2/tess_preprocessed/audio/OAF_red_disgust.wav,OAF_red_disgust.wav,1,train,1,disgust,1,disgust,0.9546036124229431
/Users/prarthanapatel/Desktop/Himanshi/speech_emotion_detection-develop-v2/tess_preprocessed/audio/OAF_ring_disgust.wav,OAF_ring_disgust.wav,1,train,1,disgust,1,disgust,0.9525304436683655
/Users/prarthanapatel/Desktop/Himanshi/speech_emotion_detection-develop-v2/tess_preprocessed/audio/OAF_ripe_disgust.wav,OAF_ripe_disgust.wav,1,train,1,disgust,1,disgust,0.9656309485435486
/Users/prarthanapatel/Desktop/Himanshi/speech_emotion_detection-develop-v2/tess_preprocessed/audio/OAF_road_disgust.wav,OAF_road_disgust.wav,1,train,1,disgust,1,disgust,0.9576528668403625
/Users/prarthanapatel/Desktop/Himanshi/speech_emotion_detection-develop-v2/tess_preprocessed/audio/OAF_room_disgust.wav,OAF_room_disgust.wav,1,train,1,disgust,1,disgust,0.925248384475708
/Users/prarthanapatel/Desktop/Himanshi/speech_emotion_detection-develop-v2/tess_preprocessed/audio/OAF_rose_disgust.wav,OAF_rose_disgust.wav,1,train,1,disgust,1,disgust,0.964070737361908
/Users/prarthanapatel/Desktop/Himanshi/speech_emotion_detection-develop-v2/tess_preprocessed/audio/OAF_rot_disgust.wav,OAF_rot_disgust.wav,1,train,1,disgust,1,disgust,0.964144766330719
/Users/prarthanapatel/Desktop/Himanshi/speech_emotion_detection-develop-v2/tess_preprocessed/audio/OAF_rough_disgust.wav,OAF_rough_disgust.wav,1,train,1,disgust,1,disgust,0.9663022756576538
/Users/prarthanapatel/Desktop/Himanshi/speech_emotion_detection-develop-v2/tess_preprocessed/audio/OAF_rush_disgust.wav,OAF_rush_disgust.wav,1,train,1,disgust,1,disgust,0.9660112857818604
/Users/prarthanapatel/Desktop/Himanshi/speech_emotion_detection-develop-v2/tess_preprocessed/audio/OAF_said_disgust.wav,OAF_said_disgust.wav,1,train,1,disgust,1,disgust,0.9659965634346008
/Users/prarthanapatel/Desktop/Himanshi/speech_emotion_detection-develop-v2/tess_preprocessed/audio/OAF_sail_disgust.wav,OAF_sail_disgust.wav,1,train,1,disgust,1,disgust,0.9593150019645691
/Users/prarthanapatel/Desktop/Himanshi/speech_emotion_detection-develop-v2/tess_preprocessed/audio/OAF_search_disgust.wav,OAF_search_disgust.wav,1,train,1,disgust,1,disgust,0.9669222831726074
/Users/prarthanapatel/Desktop/Himanshi/speech_emotion_detection-develop-v2/tess_preprocessed/audio/OAF_seize_disgust.wav,OAF_seize_disgust.wav,1,train,1,disgust,1,disgust,0.9622737765312195
/Users/prarthanapatel/Desktop/Himanshi/speech_emotion_detection-develop-v2/tess_preprocessed/audio/OAF_sell_disgust.wav,OAF_sell_disgust.wav,1,train,1,disgust,1,disgust,0.9682710766792297
/Users/prarthanapatel/Desktop/Himanshi/speech_emotion_detection-develop-v2/tess_preprocessed/audio/OAF_shall_disgust.wav,OAF_shall_disgust.wav,1,train,1,disgust,1,disgust,0.9652674794197083
/Users/prarthanapatel/Desktop/Himanshi/speech_emotion_detection-develop-v2/tess_preprocessed/audio/OAF_sheep_disgust.wav,OAF_sheep_disgust.wav,1,train,1,disgust,1,disgust,0.9648016691207886
/Users/prarthanapatel/Desktop/Himanshi/speech_emotion_detection-develop-v2/tess_preprocessed/audio/OAF_shirt_disgust.wav,OAF_shirt_disgust.wav,1,train,1,disgust,1,disgust,0.9630990624427795
/Users/prarthanapatel/Desktop/Himanshi/speech_emotion_detection-develop-v2/tess_preprocessed/audio/OAF_should_disgust.wav,OAF_should_disgust.wav,1,train,1,disgust,1,disgust,0.9453130960464478
/Users/prarthanapatel/Desktop/Himanshi/speech_emotion_detection-develop-v2/tess_preprocessed/audio/OAF_shout_disgust.wav,OAF_shout_disgust.wav,1,train,1,disgust,1,disgust,0.9661231637001038
/Users/prarthanapatel/Desktop/Himanshi/speech_emotion_detection-develop-v2/tess_preprocessed/audio/OAF_size_disgust.wav,OAF_size_disgust.wav,1,train,1,disgust,1,disgust,0.959054172039032
/Users/prarthanapatel/Desktop/Himanshi/speech_emotion_detection-develop-v2/tess_preprocessed/audio/OAF_soup_disgust.wav,OAF_soup_disgust.wav,1,train,1,disgust,1,disgust,0.9534852504730225
/Users/prarthanapatel/Desktop/Himanshi/speech_emotion_detection-develop-v2/tess_preprocessed/audio/OAF_sour_disgust.wav,OAF_sour_disgust.wav,1,train,1,disgust,1,disgust,0.9653581380844116
/Users/prarthanapatel/Desktop/Himanshi/speech_emotion_detection-develop-v2/tess_preprocessed/audio/OAF_sub_disgust.wav,OAF_sub_disgust.wav,1,train,1,disgust,1,disgust,0.9636850953102112
/Users/prarthanapatel/Desktop/Himanshi/speech_emotion_detection-develop-v2/tess_preprocessed/audio/OAF_such_disgust.wav,OAF_such_disgust.wav,1,train,1,disgust,1,disgust,0.961511492729187
/Users/prarthanapatel/Desktop/Himanshi/speech_emotion_detection-develop-v2/tess_preprocessed/audio/OAF_sure_disgust.wav,OAF_sure_disgust.wav,1,train,1,disgust,1,disgust,0.9478127360343933
/Users/prarthanapatel/Desktop/Himanshi/speech_emotion_detection-develop-v2/tess_preprocessed/audio/OAF_take_disgust.wav,OAF_take_disgust.wav,1,train,1,disgust,1,disgust,0.9630563259124756
/Users/prarthanapatel/Desktop/Himanshi/speech_emotion_detection-develop-v2/tess_preprocessed/audio/OAF_talk_disgust.wav,OAF_talk_disgust.wav,1,train,1,disgust,1,disgust,0.9648946523666382
/Users/prarthanapatel/Desktop/Himanshi/speech_emotion_detection-develop-v2/tess_preprocessed/audio/OAF_tape_disgust.wav,OAF_tape_disgust.wav,1,train,1,disgust,1,disgust,0.96727454662323
/Users/prarthanapatel/Desktop/Himanshi/speech_emotion_detection-develop-v2/tess_preprocessed/audio/OAF_tell_disgust.wav,OAF_tell_disgust.wav,1,train,1,disgust,1,disgust,0.9658955931663513
/Users/prarthanapatel/Desktop/Himanshi/speech_emotion_detection-develop-v2/tess_preprocessed/audio/OAF_thin_disgust.wav,OAF_thin_disgust.wav,1,train,1,disgust,1,disgust,0.9539540410041809
/Users/prarthanapatel/Desktop/Himanshi/speech_emotion_detection-develop-v2/tess_preprocessed/audio/OAF_third_disgust.wav,OAF_third_disgust.wav,1,train,1,disgust,1,disgust,0.95041424036026
/Users/prarthanapatel/Desktop/Himanshi/speech_emotion_detection-develop-v2/tess_preprocessed/audio/OAF_thumb_disgust.wav,OAF_thumb_disgust.wav,1,train,1,disgust,1,disgust,0.9667178392410278
/Users/prarthanapatel/Desktop/Himanshi/speech_emotion_detection-develop-v2/tess_preprocessed/audio/OAF_time_disgust.wav,OAF_time_disgust.wav,1,train,1,disgust,1,disgust,0.9680554270744324
/Users/prarthanapatel/Desktop/Himanshi/speech_emotion_detection-develop-v2/tess_preprocessed/audio/OAF_tip_disgust.wav,OAF_tip_disgust.wav,1,train,1,disgust,1,disgust,0.9591109752655029
/Users/prarthanapatel/Desktop/Himanshi/speech_emotion_detection-develop-v2/tess_preprocessed/audio/OAF_tool_disgust.wav,OAF_tool_disgust.wav,1,train,1,disgust,1,disgust,0.9654059410095215
/Users/prarthanapatel/Desktop/Himanshi/speech_emotion_detection-develop-v2/tess_preprocessed/audio/OAF_void_disgust.wav,OAF_void_disgust.wav,1,train,1,disgust,1,disgust,0.9666791558265686
/Users/prarthanapatel/Desktop/Himanshi/speech_emotion_detection-develop-v2/tess_preprocessed/audio/OAF_wag_disgust.wav,OAF_wag_disgust.wav,1,train,1,disgust,1,disgust,0.9652162194252014
/Users/prarthanapatel/Desktop/Himanshi/speech_emotion_detection-develop-v2/tess_preprocessed/audio/OAF_wash_disgust.wav,OAF_wash_disgust.wav,1,train,1,disgust,1,disgust,0.9666643738746643
/Users/prarthanapatel/Desktop/Himanshi/speech_emotion_detection-develop-v2/tess_preprocessed/audio/OAF_week_disgust.wav,OAF_week_disgust.wav,1,train,1,disgust,1,disgust,0.9626796841621399
/Users/prarthanapatel/Desktop/Himanshi/speech_emotion_detection-develop-v2/tess_preprocessed/audio/OAF_when_disgust.wav,OAF_when_disgust.wav,1,train,1,disgust,1,disgust,0.9536328911781311
/Users/prarthanapatel/Desktop/Himanshi/speech_emotion_detection-develop-v2/tess_preprocessed/audio/OAF_which_disgust.wav,OAF_which_disgust.wav,1,train,1,disgust,1,disgust,0.9527570009231567
/Users/prarthanapatel/Desktop/Himanshi/speech_emotion_detection-develop-v2/tess_preprocessed/audio/OAF_whip_disgust.wav,OAF_whip_disgust.wav,1,train,1,disgust,1,disgust,0.9431161880493164
/Users/prarthanapatel/Desktop/Himanshi/speech_emotion_detection-develop-v2/tess_preprocessed/audio/OAF_wire_disgust.wav,OAF_wire_disgust.wav,1,train,1,disgust,1,disgust,0.9536837339401245
/Users/prarthanapatel/Desktop/Himanshi/speech_emotion_detection-develop-v2/tess_preprocessed/audio/OAF_witch_disgust.wav,OAF_witch_disgust.wav,1,train,1,disgust,1,disgust,0.9201777577400208
/Users/prarthanapatel/Desktop/Himanshi/speech_emotion_detection-develop-v2/tess_preprocessed/audio/OAF_yes_disgust.wav,OAF_yes_disgust.wav,1,train,1,disgust,1,disgust,0.9482132196426392
/Users/prarthanapatel/Desktop/Himanshi/speech_emotion_detection-develop-v2/tess_preprocessed/audio/OAF_young_disgust.wav,OAF_young_disgust.wav,1,train,1,disgust,1,disgust,0.9662336707115173
/Users/prarthanapatel/Desktop/Himanshi/speech_emotion_detection-develop-v2/tess_preprocessed/audio/OAF_back_happy.wav,OAF_back_happy.wav,1,train,3,happy,3,happy,0.9562206268310547
/Users/prarthanapatel/Desktop/Himanshi/speech_emotion_detection-develop-v2/tess_preprocessed/audio/OAF_base_happy.wav,OAF_base_happy.wav,1,train,3,happy,3,happy,0.9634717106819153
/Users/prarthanapatel/Desktop/Himanshi/speech_emotion_detection-develop-v2/tess_preprocessed/audio/OAF_bath_happy.wav,OAF_bath_happy.wav,1,train,3,happy,3,happy,0.9648290872573853
/Users/prarthanapatel/Desktop/Himanshi/speech_emotion_detection-develop-v2/tess_preprocessed/audio/OAF_bean_happy.wav,OAF_bean_happy.wav,1,train,3,happy,3,happy,0.9647597074508667
/Users/prarthanapatel/Desktop/Himanshi/speech_emotion_detection-develop-v2/tess_preprocessed/audio/OAF_beg_happy.wav,OAF_beg_happy.wav,1,train,3,happy,3,happy,0.9661077260971069
/Users/prarthanapatel/Desktop/Himanshi/speech_emotion_detection-develop-v2/tess_preprocessed/audio/OAF_bite_happy.wav,OAF_bite_happy.wav,1,train,3,happy,3,happy,0.9633785486221313
/Users/prarthanapatel/Desktop/Himanshi/speech_emotion_detection-develop-v2/tess_preprocessed/audio/OAF_book_happy.wav,OAF_book_happy.wav,1,train,3,happy,3,happy,0.9669383764266968
/Users/prarthanapatel/Desktop/Himanshi/speech_emotion_detection-develop-v2/tess_preprocessed/audio/OAF_bought_happy.wav,OAF_bought_happy.wav,1,train,3,happy,3,happy,0.9642141461372375
/Users/prarthanapatel/Desktop/Himanshi/speech_emotion_detection-develop-v2/tess_preprocessed/audio/OAF_burn_happy.wav,OAF_burn_happy.wav,1,train,3,happy,3,happy,0.9656249284744263
/Users/prarthanapatel/Desktop/Himanshi/speech_emotion_detection-develop-v2/tess_preprocessed/audio/OAF_cab_happy.wav,OAF_cab_happy.wav,1,train,3,happy,3,happy,0.9639914035797119
/Users/prarthanapatel/Desktop/Himanshi/speech_emotion_detection-develop-v2/tess_preprocessed/audio/OAF_cause_happy.wav,OAF_cause_happy.wav,1,train,3,happy,3,happy,0.959323525428772
/Users/prarthanapatel/Desktop/Himanshi/speech_emotion_detection-develop-v2/tess_preprocessed/audio/OAF_chain_happy.wav,OAF_chain_happy.wav,1,train,3,happy,3,happy,0.9637776613235474
/Users/prarthanapatel/Desktop/Himanshi/speech_emotion_detection-develop-v2/tess_preprocessed/audio/OAF_chalk_happy.wav,OAF_chalk_happy.wav,1,train,3,happy,3,happy,0.9642948508262634
/Users/prarthanapatel/Desktop/Himanshi/speech_emotion_detection-develop-v2/tess_preprocessed/audio/OAF_chat_happy.wav,OAF_chat_happy.wav,1,train,3,happy,3,happy,0.9657505750656128
/Users/prarthanapatel/Desktop/Himanshi/speech_emotion_detection-develop-v2/tess_preprocessed/audio/OAF_chief_happy.wav,OAF_chief_happy.wav,1,train,3,happy,3,happy,0.9623464941978455
/Users/prarthanapatel/Desktop/Himanshi/speech_emotion_detection-develop-v2/tess_preprocessed/audio/OAF_choice_happy.wav,OAF_choice_happy.wav,1,train,3,happy,3,happy,0.9619596004486084
/Users/prarthanapatel/Desktop/Himanshi/speech_emotion_detection-develop-v2/tess_preprocessed/audio/OAF_cool_happy.wav,OAF_cool_happy.wav,1,train,3,happy,3,happy,0.9660863280296326
/Users/prarthanapatel/Desktop/Himanshi/speech_emotion_detection-develop-v2/tess_preprocessed/audio/OAF_dab_happy.wav,OAF_dab_happy.wav,1,train,3,happy,3,happy,0.9661893844604492
/Users/prarthanapatel/Desktop/Himanshi/speech_emotion_detection-develop-v2/tess_preprocessed/audio/OAF_date_happy.wav,OAF_date_happy.wav,1,train,3,happy,3,happy,0.9643566608428955
/Users/prarthanapatel/Desktop/Himanshi/speech_emotion_detection-develop-v2/tess_preprocessed/audio/OAF_dead_happy.wav,OAF_dead_happy.wav,1,train,3,happy,3,happy,0.9655798077583313
/Users/prarthanapatel/Desktop/Himanshi/speech_emotion_detection-develop-v2/tess_preprocessed/audio/OAF_death_happy.wav,OAF_death_happy.wav,1,train,3,happy,3,happy,0.9632772207260132
/Users/prarthanapatel/Desktop/Himanshi/speech_emotion_detection-develop-v2/tess_preprocessed/audio/OAF_deep_happy.wav,OAF_deep_happy.wav,1,train,3,happy,3,happy,0.9660703539848328
/Users/prarthanapatel/Desktop/Himanshi/speech_emotion_detection-develop-v2/tess_preprocessed/audio/OAF_dime_happy.wav,OAF_dime_happy.wav,1,train,3,happy,3,happy,0.9639833569526672
/Users/prarthanapatel/Desktop/Himanshi/speech_emotion_detection-develop-v2/tess_preprocessed/audio/OAF_dip_happy.wav,OAF_dip_happy.wav,1,train,3,happy,3,happy,0.9643807411193848
/Users/prarthanapatel/Desktop/Himanshi/speech_emotion_detection-develop-v2/tess_preprocessed/audio/OAF_ditch_happy.wav,OAF_ditch_happy.wav,1,train,3,happy,3,happy,0.9623386859893799
/Users/prarthanapatel/Desktop/Himanshi/speech_emotion_detection-develop-v2/tess_preprocessed/audio/OAF_dodge_happy.wav,OAF_dodge_happy.wav,1,train,3,happy,3,happy,0.9664406180381775
/Users/prarthanapatel/Desktop/Himanshi/speech_emotion_detection-develop-v2/tess_preprocessed/audio/OAF_doll_happy.wav,OAF_doll_happy.wav,1,train,3,happy,3,happy,0.9658994674682617
/Users/prarthanapatel/Desktop/Himanshi/speech_emotion_detection-develop-v2/tess_preprocessed/audio/OAF_door_happy.wav,OAF_door_happy.wav,1,train,3,happy,3,happy,0.9678176641464233
/Users/prarthanapatel/Desktop/Himanshi/speech_emotion_detection-develop-v2/tess_preprocessed/audio/OAF_fall_happy.wav,OAF_fall_happy.wav,1,train,3,happy,3,happy,0.9646462202072144
/Users/prarthanapatel/Desktop/Himanshi/speech_emotion_detection-develop-v2/tess_preprocessed/audio/OAF_far_happy.wav,OAF_far_happy.wav,1,train,3,happy,3,happy,0.9612467288970947
/Users/prarthanapatel/Desktop/Himanshi/speech_emotion_detection-develop-v2/tess_preprocessed/audio/OAF_fat_happy.wav,OAF_fat_happy.wav,1,train,3,happy,3,happy,0.9599164128303528
/Users/prarthanapatel/Desktop/Himanshi/speech_emotion_detection-develop-v2/tess_preprocessed/audio/OAF_fit_happy.wav,OAF_fit_happy.wav,1,train,3,happy,3,happy,0.9590991139411926
/Users/prarthanapatel/Desktop/Himanshi/speech_emotion_detection-develop-v2/tess_preprocessed/audio/OAF_five_happy.wav,OAF_five_happy.wav,1,train,3,happy,3,happy,0.9658419489860535
/Users/prarthanapatel/Desktop/Himanshi/speech_emotion_detection-develop-v2/tess_preprocessed/audio/OAF_food_happy.wav,OAF_food_happy.wav,1,train,3,happy,3,happy,0.9633451104164124
/Users/prarthanapatel/Desktop/Himanshi/speech_emotion_detection-develop-v2/tess_preprocessed/audio/OAF_gap_happy.wav,OAF_gap_happy.wav,1,train,3,happy,3,happy,0.962621808052063
/Users/prarthanapatel/Desktop/Himanshi/speech_emotion_detection-develop-v2/tess_preprocessed/audio/OAF_gas_happy.wav,OAF_gas_happy.wav,1,train,3,happy,3,happy,0.9615529179573059
/Users/prarthanapatel/Desktop/Himanshi/speech_emotion_detection-develop-v2/tess_preprocessed/audio/OAF_gaze_happy.wav,OAF_gaze_happy.wav,1,train,3,happy,3,happy,0.965255618095398
/Users/prarthanapatel/Desktop/Himanshi/speech_emotion_detection-develop-v2/tess_preprocessed/audio/OAF_germ_happy.wav,OAF_germ_happy.wav,1,train,3,happy,3,happy,0.9612011313438416
/Users/prarthanapatel/Desktop/Himanshi/speech_emotion_detection-develop-v2/tess_preprocessed/audio/OAF_good_happy.wav,OAF_good_happy.wav,1,train,3,happy,3,happy,0.9660331606864929
/Users/prarthanapatel/Desktop/Himanshi/speech_emotion_detection-develop-v2/tess_preprocessed/audio/OAF_gun_happy.wav,OAF_gun_happy.wav,1,train,3,happy,3,happy,0.9656938910484314
/Users/prarthanapatel/Desktop/Himanshi/speech_emotion_detection-develop-v2/tess_preprocessed/audio/OAF_hall_happy.wav,OAF_hall_happy.wav,1,train,3,happy,3,happy,0.964620053768158
/Users/prarthanapatel/Desktop/Himanshi/speech_emotion_detection-develop-v2/tess_preprocessed/audio/OAF_hash_happy.wav,OAF_hash_happy.wav,1,train,3,happy,3,happy,0.9588689208030701
/Users/prarthanapatel/Desktop/Himanshi/speech_emotion_detection-develop-v2/tess_preprocessed/audio/OAF_hire_happy.wav,OAF_hire_happy.wav,1,train,3,happy,3,happy,0.9662737250328064
/Users/prarthanapatel/Desktop/Himanshi/speech_emotion_detection-develop-v2/tess_preprocessed/audio/OAF_hit_happy.wav,OAF_hit_happy.wav,1,train,3,happy,3,happy,0.9611881375312805
/Users/prarthanapatel/Desktop/Himanshi/speech_emotion_detection-develop-v2/tess_preprocessed/audio/OAF_hole_happy.wav,OAF_hole_happy.wav,1,train,3,happy,3,happy,0.9641835689544678
/Users/prarthanapatel/Desktop/Himanshi/speech_emotion_detection-develop-v2/tess_preprocessed/audio/OAF_hurl_happy.wav,OAF_hurl_happy.wav,1,train,3,happy,3,happy,0.9638305902481079
/Users/prarthanapatel/Desktop/Himanshi/speech_emotion_detection-develop-v2/tess_preprocessed/audio/OAF_hush_happy.wav,OAF_hush_happy.wav,1,train,3,happy,3,happy,0.9618653059005737
/Users/prarthanapatel/Desktop/Himanshi/speech_emotion_detection-develop-v2/tess_preprocessed/audio/OAF_jail_happy.wav,OAF_jail_happy.wav,1,train,3,happy,3,happy,0.9607999324798584
/Users/prarthanapatel/Desktop/Himanshi/speech_emotion_detection-develop-v2/tess_preprocessed/audio/OAF_jar_happy.wav,OAF_jar_happy.wav,1,train,3,happy,3,happy,0.9612376093864441
/Users/prarthanapatel/Desktop/Himanshi/speech_emotion_detection-develop-v2/tess_preprocessed/audio/OAF_join_happy.wav,OAF_join_happy.wav,1,train,3,happy,3,happy,0.9638510942459106
/Users/prarthanapatel/Desktop/Himanshi/speech_emotion_detection-develop-v2/tess_preprocessed/audio/OAF_judge_happy.wav,OAF_judge_happy.wav,1,train,3,happy,3,happy,0.9647157788276672
/Users/prarthanapatel/Desktop/Himanshi/speech_emotion_detection-develop-v2/tess_preprocessed/audio/OAF_jug_happy.wav,OAF_jug_happy.wav,1,train,3,happy,3,happy,0.963968813419342
/Users/prarthanapatel/Desktop/Himanshi/speech_emotion_detection-develop-v2/tess_preprocessed/audio/OAF_keep_happy.wav,OAF_keep_happy.wav,1,train,3,happy,3,happy,0.964182436466217
/Users/prarthanapatel/Desktop/Himanshi/speech_emotion_detection-develop-v2/tess_preprocessed/audio/OAF_kick_happy.wav,OAF_kick_happy.wav,1,train,3,happy,3,happy,0.9613698124885559
/Users/prarthanapatel/Desktop/Himanshi/speech_emotion_detection-develop-v2/tess_preprocessed/audio/OAF_kill_happy.wav,OAF_kill_happy.wav,1,train,3,happy,3,happy,0.9546730518341064
/Users/prarthanapatel/Desktop/Himanshi/speech_emotion_detection-develop-v2/tess_preprocessed/audio/OAF_king_happy.wav,OAF_king_happy.wav,1,train,3,happy,3,happy,0.961682915687561
/Users/prarthanapatel/Desktop/Himanshi/speech_emotion_detection-develop-v2/tess_preprocessed/audio/OAF_kite_happy.wav,OAF_kite_happy.wav,1,train,3,happy,3,happy,0.9648864269256592
/Users/prarthanapatel/Desktop/Himanshi/speech_emotion_detection-develop-v2/tess_preprocessed/audio/OAF_knock_happy.wav,OAF_knock_happy.wav,1,train,3,happy,3,happy,0.9586619138717651
/Users/prarthanapatel/Desktop/Himanshi/speech_emotion_detection-develop-v2/tess_preprocessed/audio/OAF_laud_happy.wav,OAF_laud_happy.wav,1,train,3,happy,3,happy,0.9664167761802673
/Users/prarthanapatel/Desktop/Himanshi/speech_emotion_detection-develop-v2/tess_preprocessed/audio/OAF_lean_happy.wav,OAF_lean_happy.wav,1,train,3,happy,3,happy,0.9647643566131592
/Users/prarthanapatel/Desktop/Himanshi/speech_emotion_detection-develop-v2/tess_preprocessed/audio/OAF_lease_happy.wav,OAF_lease_happy.wav,1,train,3,happy,3,happy,0.9629842638969421
/Users/prarthanapatel/Desktop/Himanshi/speech_emotion_detection-develop-v2/tess_preprocessed/audio/OAF_lid_happy.wav,OAF_lid_happy.wav,1,train,3,happy,3,happy,0.9614956378936768
/Users/prarthanapatel/Desktop/Himanshi/speech_emotion_detection-develop-v2/tess_preprocessed/audio/OAF_life_happy.wav,OAF_life_happy.wav,1,train,3,happy,3,happy,0.9628498554229736
/Users/prarthanapatel/Desktop/Himanshi/speech_emotion_detection-develop-v2/tess_preprocessed/audio/OAF_long_happy.wav,OAF_long_happy.wav,1,train,3,happy,3,happy,0.9670526385307312
/Users/prarthanapatel/Desktop/Himanshi/speech_emotion_detection-develop-v2/tess_preprocessed/audio/OAF_lot_happy.wav,OAF_lot_happy.wav,1,train,3,happy,3,happy,0.9663628339767456
/Users/prarthanapatel/Desktop/Himanshi/speech_emotion_detection-develop-v2/tess_preprocessed/audio/OAF_love_happy.wav,OAF_love_happy.wav,1,train,3,happy,3,happy,0.9625489115715027
/Users/prarthanapatel/Desktop/Himanshi/speech_emotion_detection-develop-v2/tess_preprocessed/audio/OAF_luck_happy.wav,OAF_luck_happy.wav,1,train,3,happy,3,happy,0.9646066427230835
/Users/prarthanapatel/Desktop/Himanshi/speech_emotion_detection-develop-v2/tess_preprocessed/audio/OAF_make_happy.wav,OAF_make_happy.wav,1,train,3,happy,3,happy,0.9649806618690491
/Users/prarthanapatel/Desktop/Himanshi/speech_emotion_detection-develop-v2/tess_preprocessed/audio/OAF_match_happy.wav,OAF_match_happy.wav,1,train,3,happy,3,happy,0.9597242474555969
/Users/prarthanapatel/Desktop/Himanshi/speech_emotion_detection-develop-v2/tess_preprocessed/audio/OAF_merge_happy.wav,OAF_merge_happy.wav,1,train,3,happy,3,happy,0.9616256952285767
/Users/prarthanapatel/Desktop/Himanshi/speech_emotion_detection-develop-v2/tess_preprocessed/audio/OAF_met_happy.wav,OAF_met_happy.wav,1,train,3,happy,3,happy,0.9638588428497314
/Users/prarthanapatel/Desktop/Himanshi/speech_emotion_detection-develop-v2/tess_preprocessed/audio/OAF_mill_happy.wav,OAF_mill_happy.wav,1,train,3,happy,3,happy,0.9636110663414001
/Users/prarthanapatel/Desktop/Himanshi/speech_emotion_detection-develop-v2/tess_preprocessed/audio/OAF_mood_happy.wav,OAF_mood_happy.wav,1,train,3,happy,3,happy,0.9676680564880371
/Users/prarthanapatel/Desktop/Himanshi/speech_emotion_detection-develop-v2/tess_preprocessed/audio/OAF_moon_happy.wav,OAF_moon_happy.wav,1,train,3,happy,3,happy,0.965344250202179
/Users/prarthanapatel/Desktop/Himanshi/speech_emotion_detection-develop-v2/tess_preprocessed/audio/OAF_nag_happy.wav,OAF_nag_happy.wav,1,train,3,happy,3,happy,0.9653227925300598
/Users/prarthanapatel/Desktop/Himanshi/speech_emotion_detection-develop-v2/tess_preprocessed/audio/OAF_name_happy.wav,OAF_name_happy.wav,1,train,3,happy,3,happy,0.9630950689315796
/Users/prarthanapatel/Desktop/Himanshi/speech_emotion_detection-develop-v2/tess_preprocessed/audio/OAF_neat_happy.wav,OAF_neat_happy.wav,1,train,3,happy,3,happy,0.9573180675506592
/Users/prarthanapatel/Desktop/Himanshi/speech_emotion_detection-develop-v2/tess_preprocessed/audio/OAF_nice_happy.wav,OAF_nice_happy.wav,1,train,3,happy,3,happy,0.9633192420005798
/Users/prarthanapatel/Desktop/Himanshi/speech_emotion_detection-develop-v2/tess_preprocessed/audio/OAF_note_happy.wav,OAF_note_happy.wav,1,train,3,happy,3,happy,0.9666691422462463
/Users/prarthanapatel/Desktop/Himanshi/speech_emotion_detection-develop-v2/tess_preprocessed/audio/OAF_numb_happy.wav,OAF_numb_happy.wav,1,train,3,happy,3,happy,0.9616674780845642
/Users/prarthanapatel/Desktop/Himanshi/speech_emotion_detection-develop-v2/tess_preprocessed/audio/OAF_pad_happy.wav,OAF_pad_happy.wav,1,train,3,happy,3,happy,0.9658474326133728
/Users/prarthanapatel/Desktop/Himanshi/speech_emotion_detection-develop-v2/tess_preprocessed/audio/OAF_pain_happy.wav,OAF_pain_happy.wav,1,train,3,happy,3,happy,0.96396803855896
/Users/prarthanapatel/Desktop/Himanshi/speech_emotion_detection-develop-v2/tess_preprocessed/audio/OAF_pass_happy.wav,OAF_pass_happy.wav,1,train,3,happy,3,happy,0.9618352651596069
/Users/prarthanapatel/Desktop/Himanshi/speech_emotion_detection-develop-v2/tess_preprocessed/audio/OAF_pearl_happy.wav,OAF_pearl_happy.wav,1,train,3,happy,3,happy,0.9626962542533875
/Users/prarthanapatel/Desktop/Himanshi/speech_emotion_detection-develop-v2/tess_preprocessed/audio/OAF_peg_happy.wav,OAF_peg_happy.wav,1,train,3,happy,3,happy,0.9646969437599182
/Users/prarthanapatel/Desktop/Himanshi/speech_emotion_detection-develop-v2/tess_preprocessed/audio/OAF_phone_happy.wav,OAF_phone_happy.wav,1,train,3,happy,3,happy,0.9654539227485657
/Users/prarthanapatel/Desktop/Himanshi/speech_emotion_detection-develop-v2/tess_preprocessed/audio/OAF_pick_happy.wav,OAF_pick_happy.wav,1,train,3,happy,3,happy,0.9575024247169495
/Users/prarthanapatel/Desktop/Himanshi/speech_emotion_detection-develop-v2/tess_preprocessed/audio/OAF_pike_happy.wav,OAF_pike_happy.wav,1,train,3,happy,3,happy,0.9603191614151001
/Users/prarthanapatel/Desktop/Himanshi/speech_emotion_detection-develop-v2/tess_preprocessed/audio/OAF_pole_happy.wav,OAF_pole_happy.wav,1,train,3,happy,3,happy,0.9632630348205566
/Users/prarthanapatel/Desktop/Himanshi/speech_emotion_detection-develop-v2/tess_preprocessed/audio/OAF_pool_happy.wav,OAF_pool_happy.wav,1,train,3,happy,3,happy,0.9630124568939209
/Users/prarthanapatel/Desktop/Himanshi/speech_emotion_detection-develop-v2/tess_preprocessed/audio/OAF_puff_happy.wav,OAF_puff_happy.wav,1,train,3,happy,3,happy,0.9585339426994324
/Users/prarthanapatel/Desktop/Himanshi/speech_emotion_detection-develop-v2/tess_preprocessed/audio/OAF_rag_happy.wav,OAF_rag_happy.wav,1,train,3,happy,3,happy,0.9668247103691101
/Users/prarthanapatel/Desktop/Himanshi/speech_emotion_detection-develop-v2/tess_preprocessed/audio/OAF_rat_happy.wav,OAF_rat_happy.wav,1,train,3,happy,3,happy,0.964467465877533
/Users/prarthanapatel/Desktop/Himanshi/speech_emotion_detection-develop-v2/tess_preprocessed/audio/OAF_reach_happy.wav,OAF_reach_happy.wav,1,train,3,happy,3,happy,0.9651914238929749
/Users/prarthanapatel/Desktop/Himanshi/speech_emotion_detection-develop-v2/tess_preprocessed/audio/OAF_red_happy.wav,OAF_red_happy.wav,1,train,3,happy,3,happy,0.9638577103614807
/Users/prarthanapatel/Desktop/Himanshi/speech_emotion_detection-develop-v2/tess_preprocessed/audio/OAF_ring_happy.wav,OAF_ring_happy.wav,1,train,3,happy,3,happy,0.9667540192604065
/Users/prarthanapatel/Desktop/Himanshi/speech_emotion_detection-develop-v2/tess_preprocessed/audio/OAF_ripe_happy.wav,OAF_ripe_happy.wav,1,train,3,happy,3,happy,0.9638466238975525
/Users/prarthanapatel/Desktop/Himanshi/speech_emotion_detection-develop-v2/tess_preprocessed/audio/OAF_road_happy.wav,OAF_road_happy.wav,1,train,3,happy,3,happy,0.9677624106407166
/Users/prarthanapatel/Desktop/Himanshi/speech_emotion_detection-develop-v2/tess_preprocessed/audio/OAF_room_happy.wav,OAF_room_happy.wav,1,train,3,happy,3,happy,0.9660779237747192
/Users/prarthanapatel/Desktop/Himanshi/speech_emotion_detection-develop-v2/tess_preprocessed/audio/OAF_rose_happy.wav,OAF_rose_happy.wav,1,train,3,happy,3,happy,0.9609778523445129
/Users/prarthanapatel/Desktop/Himanshi/speech_emotion_detection-develop-v2/tess_preprocessed/audio/OAF_rot_happy.wav,OAF_rot_happy.wav,1,train,3,happy,3,happy,0.9646960496902466
/Users/prarthanapatel/Desktop/Himanshi/speech_emotion_detection-develop-v2/tess_preprocessed/audio/OAF_rough_happy.wav,OAF_rough_happy.wav,1,train,3,happy,3,happy,0.9606344699859619
/Users/prarthanapatel/Desktop/Himanshi/speech_emotion_detection-develop-v2/tess_preprocessed/audio/OAF_rush_happy.wav,OAF_rush_happy.wav,1,train,3,happy,3,happy,0.9627293944358826
/Users/prarthanapatel/Desktop/Himanshi/speech_emotion_detection-develop-v2/tess_preprocessed/audio/OAF_said_happy.wav,OAF_said_happy.wav,1,train,3,happy,3,happy,0.9641792178153992
/Users/prarthanapatel/Desktop/Himanshi/speech_emotion_detection-develop-v2/tess_preprocessed/audio/OAF_sail_happy.wav,OAF_sail_happy.wav,1,train,3,happy,3,happy,0.9642336368560791
/Users/prarthanapatel/Desktop/Himanshi/speech_emotion_detection-develop-v2/tess_preprocessed/audio/OAF_search_happy.wav,OAF_search_happy.wav,1,train,3,happy,3,happy,0.9636289477348328
/Users/prarthanapatel/Desktop/Himanshi/speech_emotion_detection-develop-v2/tess_preprocessed/audio/OAF_seize_happy.wav,OAF_seize_happy.wav,1,train,3,happy,3,happy,0.9619932174682617
/Users/prarthanapatel/Desktop/Himanshi/speech_emotion_detection-develop-v2/tess_preprocessed/audio/OAF_sell_happy.wav,OAF_sell_happy.wav,1,train,3,happy,3,happy,0.9635930061340332
/Users/prarthanapatel/Desktop/Himanshi/speech_emotion_detection-develop-v2/tess_preprocessed/audio/OAF_shall_happy.wav,OAF_shall_happy.wav,1,train,3,happy,3,happy,0.966328501701355
/Users/prarthanapatel/Desktop/Himanshi/speech_emotion_detection-develop-v2/tess_preprocessed/audio/OAF_sheep_happy.wav,OAF_sheep_happy.wav,1,train,3,happy,3,happy,0.9638920426368713
/Users/prarthanapatel/Desktop/Himanshi/speech_emotion_detection-develop-v2/tess_preprocessed/audio/OAF_shirt_happy.wav,OAF_shirt_happy.wav,1,train,3,happy,3,happy,0.9633949995040894
/Users/prarthanapatel/Desktop/Himanshi/speech_emotion_detection-develop-v2/tess_preprocessed/audio/OAF_should_happy.wav,OAF_should_happy.wav,1,train,3,happy,3,happy,0.9639250636100769
/Users/prarthanapatel/Desktop/Himanshi/speech_emotion_detection-develop-v2/tess_preprocessed/audio/OAF_shout_happy.wav,OAF_shout_happy.wav,1,train,3,happy,3,happy,0.9650348424911499
/Users/prarthanapatel/Desktop/Himanshi/speech_emotion_detection-develop-v2/tess_preprocessed/audio/OAF_size_happy.wav,OAF_size_happy.wav,1,train,3,happy,3,happy,0.9651772379875183
/Users/prarthanapatel/Desktop/Himanshi/speech_emotion_detection-develop-v2/tess_preprocessed/audio/OAF_soup_happy.wav,OAF_soup_happy.wav,1,train,3,happy,3,happy,0.9567508697509766
/Users/prarthanapatel/Desktop/Himanshi/speech_emotion_detection-develop-v2/tess_preprocessed/audio/OAF_sour_happy.wav,OAF_sour_happy.wav,1,train,3,happy,3,happy,0.9647656083106995
/Users/prarthanapatel/Desktop/Himanshi/speech_emotion_detection-develop-v2/tess_preprocessed/audio/OAF_sub_happy.wav,OAF_sub_happy.wav,1,train,3,happy,3,happy,0.9617546796798706
/Users/prarthanapatel/Desktop/Himanshi/speech_emotion_detection-develop-v2/tess_preprocessed/audio/OAF_such_happy.wav,OAF_such_happy.wav,1,train,3,happy,3,happy,0.9407795667648315
/Users/prarthanapatel/Desktop/Himanshi/speech_emotion_detection-develop-v2/tess_preprocessed/audio/OAF_sure_happy.wav,OAF_sure_happy.wav,1,train,3,happy,3,happy,0.9634504318237305
/Users/prarthanapatel/Desktop/Himanshi/speech_emotion_detection-develop-v2/tess_preprocessed/audio/OAF_take_happy.wav,OAF_take_happy.wav,1,train,3,happy,3,happy,0.9628951549530029
/Users/prarthanapatel/Desktop/Himanshi/speech_emotion_detection-develop-v2/tess_preprocessed/audio/OAF_talk_happy.wav,OAF_talk_happy.wav,1,train,3,happy,3,happy,0.9631054401397705
/Users/prarthanapatel/Desktop/Himanshi/speech_emotion_detection-develop-v2/tess_preprocessed/audio/OAF_tape_happy.wav,OAF_tape_happy.wav,1,train,3,happy,3,happy,0.9591796398162842
/Users/prarthanapatel/Desktop/Himanshi/speech_emotion_detection-develop-v2/tess_preprocessed/audio/OAF_tell_happy.wav,OAF_tell_happy.wav,1,train,3,happy,3,happy,0.9644144177436829
/Users/prarthanapatel/Desktop/Himanshi/speech_emotion_detection-develop-v2/tess_preprocessed/audio/OAF_thin_happy.wav,OAF_thin_happy.wav,1,train,3,happy,3,happy,0.9640229940414429
/Users/prarthanapatel/Desktop/Himanshi/speech_emotion_detection-develop-v2/tess_preprocessed/audio/OAF_third_happy.wav,OAF_third_happy.wav,1,train,3,happy,3,happy,0.9660198092460632
/Users/prarthanapatel/Desktop/Himanshi/speech_emotion_detection-develop-v2/tess_preprocessed/audio/OAF_thumb_happy.wav,OAF_thumb_happy.wav,1,train,3,happy,3,happy,0.9614589214324951
/Users/prarthanapatel/Desktop/Himanshi/speech_emotion_detection-develop-v2/tess_preprocessed/audio/OAF_time_happy.wav,OAF_time_happy.wav,1,train,3,happy,3,happy,0.9664660096168518
/Users/prarthanapatel/Desktop/Himanshi/speech_emotion_detection-develop-v2/tess_preprocessed/audio/OAF_tip_happy.wav,OAF_tip_happy.wav,1,train,3,happy,3,happy,0.9620309472084045
/Users/prarthanapatel/Desktop/Himanshi/speech_emotion_detection-develop-v2/tess_preprocessed/audio/OAF_tool_happy.wav,OAF_tool_happy.wav,1,train,3,happy,3,happy,0.9644031524658203
/Users/prarthanapatel/Desktop/Himanshi/speech_emotion_detection-develop-v2/tess_preprocessed/audio/OAF_void_happy.wav,OAF_void_happy.wav,1,train,3,happy,3,happy,0.9657910466194153
/Users/prarthanapatel/Desktop/Himanshi/speech_emotion_detection-develop-v2/tess_preprocessed/audio/OAF_wag_happy.wav,OAF_wag_happy.wav,1,train,3,happy,3,happy,0.9669188857078552
/Users/prarthanapatel/Desktop/Himanshi/speech_emotion_detection-develop-v2/tess_preprocessed/audio/OAF_wash_happy.wav,OAF_wash_happy.wav,1,train,3,happy,3,happy,0.964747965335846
/Users/prarthanapatel/Desktop/Himanshi/speech_emotion_detection-develop-v2/tess_preprocessed/audio/OAF_week_happy.wav,OAF_week_happy.wav,1,train,3,happy,3,happy,0.9662060737609863
/Users/prarthanapatel/Desktop/Himanshi/speech_emotion_detection-develop-v2/tess_preprocessed/audio/OAF_when_happy.wav,OAF_when_happy.wav,1,train,3,happy,3,happy,0.9664211273193359
/Users/prarthanapatel/Desktop/Himanshi/speech_emotion_detection-develop-v2/tess_preprocessed/audio/OAF_which_happy.wav,OAF_which_happy.wav,1,train,3,happy,3,happy,0.9646024107933044
/Users/prarthanapatel/Desktop/Himanshi/speech_emotion_detection-develop-v2/tess_preprocessed/audio/OAF_whip_happy.wav,OAF_whip_happy.wav,1,train,3,happy,3,happy,0.9659885764122009
/Users/prarthanapatel/Desktop/Himanshi/speech_emotion_detection-develop-v2/tess_preprocessed/audio/OAF_wire_happy.wav,OAF_wire_happy.wav,1,train,3,happy,3,happy,0.9662938117980957
/Users/prarthanapatel/Desktop/Himanshi/speech_emotion_detection-develop-v2/tess_preprocessed/audio/OAF_witch_happy.wav,OAF_witch_happy.wav,1,train,3,happy,3,happy,0.96211838722229
/Users/prarthanapatel/Desktop/Himanshi/speech_emotion_detection-develop-v2/tess_preprocessed/audio/OAF_yes_happy.wav,OAF_yes_happy.wav,1,train,3,happy,3,happy,0.9663645625114441
/Users/prarthanapatel/Desktop/Himanshi/speech_emotion_detection-develop-v2/tess_preprocessed/audio/OAF_young_happy.wav,OAF_young_happy.wav,1,train,3,happy,3,happy,0.9620630741119385
/Users/prarthanapatel/Desktop/Himanshi/speech_emotion_detection-develop-v2/tess_preprocessed/audio/OAF_back_neutral.wav,OAF_back_neutral.wav,1,train,4,neutral,4,neutral,0.9696595072746277
/Users/prarthanapatel/Desktop/Himanshi/speech_emotion_detection-develop-v2/tess_preprocessed/audio/OAF_base_neutral.wav,OAF_base_neutral.wav,1,train,4,neutral,4,neutral,0.9695759415626526
/Users/prarthanapatel/Desktop/Himanshi/speech_emotion_detection-develop-v2/tess_preprocessed/audio/OAF_bath_neutral.wav,OAF_bath_neutral.wav,1,train,4,neutral,4,neutral,0.96932452917099
/Users/prarthanapatel/Desktop/Himanshi/speech_emotion_detection-develop-v2/tess_preprocessed/audio/OAF_bean_neutral.wav,OAF_bean_neutral.wav,1,train,4,neutral,4,neutral,0.9696111083030701
/Users/prarthanapatel/Desktop/Himanshi/speech_emotion_detection-develop-v2/tess_preprocessed/audio/OAF_beg_neutral.wav,OAF_beg_neutral.wav,1,train,4,neutral,4,neutral,0.9700937271118164
/Users/prarthanapatel/Desktop/Himanshi/speech_emotion_detection-develop-v2/tess_preprocessed/audio/OAF_book_neutral.wav,OAF_book_neutral.wav,1,train,4,neutral,4,neutral,0.9693694114685059
/Users/prarthanapatel/Desktop/Himanshi/speech_emotion_detection-develop-v2/tess_preprocessed/audio/OAF_bought_neutral.wav,OAF_bought_neutral.wav,1,train,4,neutral,4,neutral,0.9695191383361816
/Users/prarthanapatel/Desktop/Himanshi/speech_emotion_detection-develop-v2/tess_preprocessed/audio/OAF_burn_neutral.wav,OAF_burn_neutral.wav,1,train,4,neutral,4,neutral,0.9694361090660095
/Users/prarthanapatel/Desktop/Himanshi/speech_emotion_detection-develop-v2/tess_preprocessed/audio/OAF_cab_neutral.wav,OAF_cab_neutral.wav,1,train,4,neutral,4,neutral,0.9700360894203186
/Users/prarthanapatel/Desktop/Himanshi/speech_emotion_detection-develop-v2/tess_preprocessed/audio/OAF_cause_neutral.wav,OAF_cause_neutral.wav,1,train,4,neutral,4,neutral,0.9699497222900391
/Users/prarthanapatel/Desktop/Himanshi/speech_emotion_detection-develop-v2/tess_preprocessed/audio/OAF_chain_neutral.wav,OAF_chain_neutral.wav,1,train,4,neutral,4,neutral,0.9685243368148804
/Users/prarthanapatel/Desktop/Himanshi/speech_emotion_detection-develop-v2/tess_preprocessed/audio/OAF_chalk_neutral.wav,OAF_chalk_neutral.wav,1,train,4,neutral,4,neutral,0.9689604043960571
/Users/prarthanapatel/Desktop/Himanshi/speech_emotion_detection-develop-v2/tess_preprocessed/audio/OAF_chat_neutral.wav,OAF_chat_neutral.wav,1,train,4,neutral,4,neutral,0.9697535634040833
/Users/prarthanapatel/Desktop/Himanshi/speech_emotion_detection-develop-v2/tess_preprocessed/audio/OAF_chief_neutral.wav,OAF_chief_neutral.wav,1,train,4,neutral,4,neutral,0.9691562056541443
/Users/prarthanapatel/Desktop/Himanshi/speech_emotion_detection-develop-v2/tess_preprocessed/audio/OAF_choice_neutral.wav,OAF_choice_neutral.wav,1,train,4,neutral,4,neutral,0.9690592288970947
/Users/prarthanapatel/Desktop/Himanshi/speech_emotion_detection-develop-v2/tess_preprocessed/audio/OAF_cool_neutral.wav,OAF_cool_neutral.wav,1,train,4,neutral,4,neutral,0.969147264957428
/Users/prarthanapatel/Desktop/Himanshi/speech_emotion_detection-develop-v2/tess_preprocessed/audio/OAF_dab_neutral.wav,OAF_dab_neutral.wav,1,train,4,neutral,4,neutral,0.969925045967102
/Users/prarthanapatel/Desktop/Himanshi/speech_emotion_detection-develop-v2/tess_preprocessed/audio/OAF_date_neutral.wav,OAF_date_neutral.wav,1,train,4,neutral,4,neutral,0.969916582107544
/Users/prarthanapatel/Desktop/Himanshi/speech_emotion_detection-develop-v2/tess_preprocessed/audio/OAF_dead_neutral.wav,OAF_dead_neutral.wav,1,train,4,neutral,4,neutral,0.9701268076896667
/Users/prarthanapatel/Desktop/Himanshi/speech_emotion_detection-develop-v2/tess_preprocessed/audio/OAF_death_neutral.wav,OAF_death_neutral.wav,1,train,4,neutral,4,neutral,0.9697840809822083
/Users/prarthanapatel/Desktop/Himanshi/speech_emotion_detection-develop-v2/tess_preprocessed/audio/OAF_deep_neutral.wav,OAF_deep_neutral.wav,1,train,4,neutral,4,neutral,0.9700055718421936
/Users/prarthanapatel/Desktop/Himanshi/speech_emotion_detection-develop-v2/tess_preprocessed/audio/OAF_dime_neutral.wav,OAF_dime_neutral.wav,1,train,4,neutral,4,neutral,0.9692305326461792
/Users/prarthanapatel/Desktop/Himanshi/speech_emotion_detection-develop-v2/tess_preprocessed/audio/OAF_dip_neutral.wav,OAF_dip_neutral.wav,1,train,4,neutral,4,neutral,0.9699501395225525
/Users/prarthanapatel/Desktop/Himanshi/speech_emotion_detection-develop-v2/tess_preprocessed/audio/OAF_ditch_neutral.wav,OAF_ditch_neutral.wav,1,train,4,neutral,4,neutral,0.9691178798675537
/Users/prarthanapatel/Desktop/Himanshi/speech_emotion_detection-develop-v2/tess_preprocessed/audio/OAF_dodge_neutral.wav,OAF_dodge_neutral.wav,1,train,4,neutral,4,neutral,0.9692357182502747
/Users/prarthanapatel/Desktop/Himanshi/speech_emotion_detection-develop-v2/tess_preprocessed/audio/OAF_doll_neutral.wav,OAF_doll_neutral.wav,1,train,4,neutral,4,neutral,0.9686606526374817
/Users/prarthanapatel/Desktop/Himanshi/speech_emotion_detection-develop-v2/tess_preprocessed/audio/OAF_door_neutral.wav,OAF_door_neutral.wav,1,train,4,neutral,4,neutral,0.9695143103599548
/Users/prarthanapatel/Desktop/Himanshi/speech_emotion_detection-develop-v2/tess_preprocessed/audio/OAF_fall_neutral.wav,OAF_fall_neutral.wav,1,train,4,neutral,4,neutral,0.9698026776313782
/Users/prarthanapatel/Desktop/Himanshi/speech_emotion_detection-develop-v2/tess_preprocessed/audio/OAF_far_neutral.wav,OAF_far_neutral.wav,1,train,4,neutral,4,neutral,0.9696680307388306
/Users/prarthanapatel/Desktop/Himanshi/speech_emotion_detection-develop-v2/tess_preprocessed/audio/OAF_fat_neutral.wav,OAF_fat_neutral.wav,1,train,4,neutral,4,neutral,0.9687772989273071
/Users/prarthanapatel/Desktop/Himanshi/speech_emotion_detection-develop-v2/tess_preprocessed/audio/OAF_fit_neutral.wav,OAF_fit_neutral.wav,1,train,4,neutral,4,neutral,0.9690442085266113
/Users/prarthanapatel/Desktop/Himanshi/speech_emotion_detection-develop-v2/tess_preprocessed/audio/OAF_five_neutral.wav,OAF_five_neutral.wav,1,train,4,neutral,4,neutral,0.9703087210655212
/Users/prarthanapatel/Desktop/Himanshi/speech_emotion_detection-develop-v2/tess_preprocessed/audio/OAF_food_neutral.wav,OAF_food_neutral.wav,1,train,4,neutral,4,neutral,0.9689467549324036
/Users/prarthanapatel/Desktop/Himanshi/speech_emotion_detection-develop-v2/tess_preprocessed/audio/OAF_gap_neutral.wav,OAF_gap_neutral.wav,1,train,4,neutral,4,neutral,0.969464898109436
/Users/prarthanapatel/Desktop/Himanshi/speech_emotion_detection-develop-v2/tess_preprocessed/audio/OAF_gas_neutral.wav,OAF_gas_neutral.wav,1,train,4,neutral,4,neutral,0.9692118167877197
/Users/prarthanapatel/Desktop/Himanshi/speech_emotion_detection-develop-v2/tess_preprocessed/audio/OAF_gaze_neutral.wav,OAF_gaze_neutral.wav,1,train,4,neutral,4,neutral,0.9697026014328003
/Users/prarthanapatel/Desktop/Himanshi/speech_emotion_detection-develop-v2/tess_preprocessed/audio/OAF_germ_neutral.wav,OAF_germ_neutral.wav,1,train,4,neutral,4,neutral,0.9681128859519958
/Users/prarthanapatel/Desktop/Himanshi/speech_emotion_detection-develop-v2/tess_preprocessed/audio/OAF_good_neutral.wav,OAF_good_neutral.wav,1,train,4,neutral,4,neutral,0.9697625637054443
/Users/prarthanapatel/Desktop/Himanshi/speech_emotion_detection-develop-v2/tess_preprocessed/audio/OAF_gun_neutral.wav,OAF_gun_neutral.wav,1,train,4,neutral,4,neutral,0.9694414734840393
/Users/prarthanapatel/Desktop/Himanshi/speech_emotion_detection-develop-v2/tess_preprocessed/audio/OAF_hall_neutral.wav,OAF_hall_neutral.wav,1,train,4,neutral,4,neutral,0.9695079922676086
/Users/prarthanapatel/Desktop/Himanshi/speech_emotion_detection-develop-v2/tess_preprocessed/audio/OAF_hash_neutral.wav,OAF_hash_neutral.wav,1,train,4,neutral,4,neutral,0.9678034782409668
/Users/prarthanapatel/Desktop/Himanshi/speech_emotion_detection-develop-v2/tess_preprocessed/audio/OAF_hire_neutral.wav,OAF_hire_neutral.wav,1,train,4,neutral,4,neutral,0.9696899056434631
/Users/prarthanapatel/Desktop/Himanshi/speech_emotion_detection-develop-v2/tess_preprocessed/audio/OAF_hit_neutral.wav,OAF_hit_neutral.wav,1,train,4,neutral,4,neutral,0.9698293805122375
/Users/prarthanapatel/Desktop/Himanshi/speech_emotion_detection-develop-v2/tess_preprocessed/audio/OAF_hole_neutral.wav,OAF_hole_neutral.wav,1,train,4,neutral,4,neutral,0.968959629535675
/Users/prarthanapatel/Desktop/Himanshi/speech_emotion_detection-develop-v2/tess_preprocessed/audio/OAF_hurl_neutral.wav,OAF_hurl_neutral.wav,1,train,4,neutral,4,neutral,0.9691030979156494
/Users/prarthanapatel/Desktop/Himanshi/speech_emotion_detection-develop-v2/tess_preprocessed/audio/OAF_hush_neutral.wav,OAF_hush_neutral.wav,1,train,4,neutral,4,neutral,0.9690437912940979
/Users/prarthanapatel/Desktop/Himanshi/speech_emotion_detection-develop-v2/tess_preprocessed/audio/OAF_jail_neutral.wav,OAF_jail_neutral.wav,1,train,4,neutral,4,neutral,0.9694794416427612
/Users/prarthanapatel/Desktop/Himanshi/speech_emotion_detection-develop-v2/tess_preprocessed/audio/OAF_jar_neutral.wav,OAF_jar_neutral.wav,1,train,4,neutral,4,neutral,0.9698687195777893
/Users/prarthanapatel/Desktop/Himanshi/speech_emotion_detection-develop-v2/tess_preprocessed/audio/OAF_join_neutral.wav,OAF_join_neutral.wav,1,train,4,neutral,4,neutral,0.9695308804512024
/Users/prarthanapatel/Desktop/Himanshi/speech_emotion_detection-develop-v2/tess_preprocessed/audio/OAF_judge_neutral.wav,OAF_judge_neutral.wav,1,train,4,neutral,4,neutral,0.9679147005081177
/Users/prarthanapatel/Desktop/Himanshi/speech_emotion_detection-develop-v2/tess_preprocessed/audio/OAF_jug_neutral.wav,OAF_jug_neutral.wav,1,train,4,neutral,4,neutral,0.9698770046234131
/Users/prarthanapatel/Desktop/Himanshi/speech_emotion_detection-develop-v2/tess_preprocessed/audio/OAF_keep_neutral.wav,OAF_keep_neutral.wav,1,train,4,neutral,4,neutral,0.9701804518699646
/Users/prarthanapatel/Desktop/Himanshi/speech_emotion_detection-develop-v2/tess_preprocessed/audio/OAF_kick_neutral.wav,OAF_kick_neutral.wav,1,train,4,neutral,4,neutral,0.9695079326629639
/Users/prarthanapatel/Desktop/Himanshi/speech_emotion_detection-develop-v2/tess_preprocessed/audio/OAF_kill_neutral.wav,OAF_kill_neutral.wav,1,train,4,neutral,4,neutral,0.9698734283447266
/Users/prarthanapatel/Desktop/Himanshi/speech_emotion_detection-develop-v2/tess_preprocessed/audio/OAF_king_neutral.wav,OAF_king_neutral.wav,1,train,4,neutral,4,neutral,0.9702022075653076
/Users/prarthanapatel/Desktop/Himanshi/speech_emotion_detection-develop-v2/tess_preprocessed/audio/OAF_kite_neutral.wav,OAF_kite_neutral.wav,1,train,4,neutral,4,neutral,0.9702085256576538
/Users/prarthanapatel/Desktop/Himanshi/speech_emotion_detection-develop-v2/tess_preprocessed/audio/OAF_knock_neutral.wav,OAF_knock_neutral.wav,1,train,4,neutral,4,neutral,0.9697115421295166
/Users/prarthanapatel/Desktop/Himanshi/speech_emotion_detection-develop-v2/tess_preprocessed/audio/OAF_laud_neutral.wav,OAF_laud_neutral.wav,1,train,4,neutral,4,neutral,0.9695233702659607
/Users/prarthanapatel/Desktop/Himanshi/speech_emotion_detection-develop-v2/tess_preprocessed/audio/OAF_lean_neutral.wav,OAF_lean_neutral.wav,1,train,4,neutral,4,neutral,0.9678105115890503
/Users/prarthanapatel/Desktop/Himanshi/speech_emotion_detection-develop-v2/tess_preprocessed/audio/OAF_lease_neutral.wav,OAF_lease_neutral.wav,1,train,4,neutral,4,neutral,0.9668427109718323
/Users/prarthanapatel/Desktop/Himanshi/speech_emotion_detection-develop-v2/tess_preprocessed/audio/OAF_lid_neutral.wav,OAF_lid_neutral.wav,1,train,4,neutral,4,neutral,0.9689199924468994
/Users/prarthanapatel/Desktop/Himanshi/speech_emotion_detection-develop-v2/tess_preprocessed/audio/OAF_life_neutral.wav,OAF_life_neutral.wav,1,train,4,neutral,4,neutral,0.9691579937934875
/Users/prarthanapatel/Desktop/Himanshi/speech_emotion_detection-develop-v2/tess_preprocessed/audio/OAF_long_neutral.wav,OAF_long_neutral.wav,1,train,4,neutral,4,neutral,0.968231201171875
/Users/prarthanapatel/Desktop/Himanshi/speech_emotion_detection-develop-v2/tess_preprocessed/audio/OAF_lot_neutral.wav,OAF_lot_neutral.wav,1,train,4,neutral,4,neutral,0.9665796160697937
/Users/prarthanapatel/Desktop/Himanshi/speech_emotion_detection-develop-v2/tess_preprocessed/audio/OAF_love_neutral.wav,OAF_love_neutral.wav,1,train,4,neutral,4,neutral,0.9699908494949341
/Users/prarthanapatel/Desktop/Himanshi/speech_emotion_detection-develop-v2/tess_preprocessed/audio/OAF_luck_neutral.wav,OAF_luck_neutral.wav,1,train,4,neutral,4,neutral,0.9683505892753601
/Users/prarthanapatel/Desktop/Himanshi/speech_emotion_detection-develop-v2/tess_preprocessed/audio/OAF_make_neutral.wav,OAF_make_neutral.wav,1,train,4,neutral,4,neutral,0.969423770904541
/Users/prarthanapatel/Desktop/Himanshi/speech_emotion_detection-develop-v2/tess_preprocessed/audio/OAF_match_neutral.wav,OAF_match_neutral.wav,1,train,4,neutral,4,neutral,0.9695547223091125
/Users/prarthanapatel/Desktop/Himanshi/speech_emotion_detection-develop-v2/tess_preprocessed/audio/OAF_merge_neutral.wav,OAF_merge_neutral.wav,1,train,4,neutral,4,neutral,0.969366729259491
/Users/prarthanapatel/Desktop/Himanshi/speech_emotion_detection-develop-v2/tess_preprocessed/audio/OAF_met_neutral.wav,OAF_met_neutral.wav,1,train,4,neutral,4,neutral,0.9690983295440674
/Users/prarthanapatel/Desktop/Himanshi/speech_emotion_detection-develop-v2/tess_preprocessed/audio/OAF_mill_neutral.wav,OAF_mill_neutral.wav,1,train,4,neutral,4,neutral,0.9691222906112671
/Users/prarthanapatel/Desktop/Himanshi/speech_emotion_detection-develop-v2/tess_preprocessed/audio/OAF_mood_neutral.wav,OAF_mood_neutral.wav,1,train,4,neutral,4,neutral,0.9690831899642944
/Users/prarthanapatel/Desktop/Himanshi/speech_emotion_detection-develop-v2/tess_preprocessed/audio/OAF_moon_neutral.wav,OAF_moon_neutral.wav,1,train,4,neutral,4,neutral,0.9684749841690063
/Users/prarthanapatel/Desktop/Himanshi/speech_emotion_detection-develop-v2/tess_preprocessed/audio/OAF_nag_neutral.wav,OAF_nag_neutral.wav,1,train,4,neutral,4,neutral,0.9685249924659729
/Users/prarthanapatel/Desktop/Himanshi/speech_emotion_detection-develop-v2/tess_preprocessed/audio/OAF_name_neutral.wav,OAF_name_neutral.wav,1,train,4,neutral,4,neutral,0.9693871140480042
/Users/prarthanapatel/Desktop/Himanshi/speech_emotion_detection-develop-v2/tess_preprocessed/audio/OAF_neat_neutral.wav,OAF_neat_neutral.wav,1,train,4,neutral,4,neutral,0.9693575501441956
/Users/prarthanapatel/Desktop/Himanshi/speech_emotion_detection-develop-v2/tess_preprocessed/audio/OAF_nice_neutral.wav,OAF_nice_neutral.wav,1,train,4,neutral,4,neutral,0.9695752263069153
/Users/prarthanapatel/Desktop/Himanshi/speech_emotion_detection-develop-v2/tess_preprocessed/audio/OAF_note_neutral.wav,OAF_note_neutral.wav,1,train,4,neutral,4,neutral,0.9689235687255859
/Users/prarthanapatel/Desktop/Himanshi/speech_emotion_detection-develop-v2/tess_preprocessed/audio/OAF_numb_neutral.wav,OAF_numb_neutral.wav,1,train,4,neutral,4,neutral,0.9696611166000366
/Users/prarthanapatel/Desktop/Himanshi/speech_emotion_detection-develop-v2/tess_preprocessed/audio/OAF_pad_neutral.wav,OAF_pad_neutral.wav,1,train,4,neutral,4,neutral,0.9697707295417786
/Users/prarthanapatel/Desktop/Himanshi/speech_emotion_detection-develop-v2/tess_preprocessed/audio/OAF_pain_neutral.wav,OAF_pain_neutral.wav,1,train,4,neutral,4,neutral,0.9701544046401978
/Users/prarthanapatel/Desktop/Himanshi/speech_emotion_detection-develop-v2/tess_preprocessed/audio/OAF_pass_neutral.wav,OAF_pass_neutral.wav,1,train,4,neutral,4,neutral,0.9690805077552795
/Users/prarthanapatel/Desktop/Himanshi/speech_emotion_detection-develop-v2/tess_preprocessed/audio/OAF_pearl_neutral.wav,OAF_pearl_neutral.wav,1,train,4,neutral,4,neutral,0.9695578813552856
/Users/prarthanapatel/Desktop/Himanshi/speech_emotion_detection-develop-v2/tess_preprocessed/audio/OAF_peg_neutral.wav,OAF_peg_neutral.wav,1,train,4,neutral,4,neutral,0.9696958661079407
/Users/prarthanapatel/Desktop/Himanshi/speech_emotion_detection-develop-v2/tess_preprocessed/audio/OAF_phone_neutral.wav,OAF_phone_neutral.wav,1,train,4,neutral,4,neutral,0.969594419002533
/Users/prarthanapatel/Desktop/Himanshi/speech_emotion_detection-develop-v2/tess_preprocessed/audio/OAF_pick_neutral.wav,OAF_pick_neutral.wav,1,train,4,neutral,4,neutral,0.9697129726409912
/Users/prarthanapatel/Desktop/Himanshi/speech_emotion_detection-develop-v2/tess_preprocessed/audio/OAF_pike_neutral.wav,OAF_pike_neutral.wav,1,train,4,neutral,4,neutral,0.9697633385658264
/Users/prarthanapatel/Desktop/Himanshi/speech_emotion_detection-develop-v2/tess_preprocessed/audio/OAF_pole_neutral.wav,OAF_pole_neutral.wav,1,train,4,neutral,4,neutral,0.9700167775154114
/Users/prarthanapatel/Desktop/Himanshi/speech_emotion_detection-develop-v2/tess_preprocessed/audio/OAF_pool_neutral.wav,OAF_pool_neutral.wav,1,train,4,neutral,4,neutral,0.9694924354553223
/Users/prarthanapatel/Desktop/Himanshi/speech_emotion_detection-develop-v2/tess_preprocessed/audio/OAF_puff_neutral.wav,OAF_puff_neutral.wav,1,train,4,neutral,4,neutral,0.9698103070259094
/Users/prarthanapatel/Desktop/Himanshi/speech_emotion_detection-develop-v2/tess_preprocessed/audio/OAF_rag_neutral.wav,OAF_rag_neutral.wav,1,train,4,neutral,4,neutral,0.9690309166908264
/Users/prarthanapatel/Desktop/Himanshi/speech_emotion_detection-develop-v2/tess_preprocessed/audio/OAF_rat_neutral.wav,OAF_rat_neutral.wav,1,train,4,neutral,4,neutral,0.9695390462875366
/Users/prarthanapatel/Desktop/Himanshi/speech_emotion_detection-develop-v2/tess_preprocessed/audio/OAF_reach_neutral.wav,OAF_reach_neutral.wav,1,train,4,neutral,4,neutral,0.9680602550506592
/Users/prarthanapatel/Desktop/Himanshi/speech_emotion_detection-develop-v2/tess_preprocessed/audio/OAF_red_neutral.wav,OAF_red_neutral.wav,1,train,4,neutral,4,neutral,0.9695175290107727
/Users/prarthanapatel/Desktop/Himanshi/speech_emotion_detection-develop-v2/tess_preprocessed/audio/OAF_ring_neutral.wav,OAF_ring_neutral.wav,1,train,4,neutral,4,neutral,0.9688940048217773
/Users/prarthanapatel/Desktop/Himanshi/speech_emotion_detection-develop-v2/tess_preprocessed/audio/OAF_ripe_neutral.wav,OAF_ripe_neutral.wav,1,train,4,neutral,4,neutral,0.9685705900192261
/Users/prarthanapatel/Desktop/Himanshi/speech_emotion_detection-develop-v2/tess_preprocessed/audio/OAF_road_neutral.wav,OAF_road_neutral.wav,1,train,4,neutral,4,neutral,0.9682146906852722
/Users/prarthanapatel/Desktop/Himanshi/speech_emotion_detection-develop-v2/tess_preprocessed/audio/OAF_room_neutral.wav,OAF_room_neutral.wav,1,train,4,neutral,4,neutral,0.9692565202713013
/Users/prarthanapatel/Desktop/Himanshi/speech_emotion_detection-develop-v2/tess_preprocessed/audio/OAF_rose_neutral.wav,OAF_rose_neutral.wav,1,train,4,neutral,4,neutral,0.9680915474891663
/Users/prarthanapatel/Desktop/Himanshi/speech_emotion_detection-develop-v2/tess_preprocessed/audio/OAF_rot_neutral.wav,OAF_rot_neutral.wav,1,train,4,neutral,4,neutral,0.9677625298500061
/Users/prarthanapatel/Desktop/Himanshi/speech_emotion_detection-develop-v2/tess_preprocessed/audio/OAF_rough_neutral.wav,OAF_rough_neutral.wav,1,train,4,neutral,4,neutral,0.9680385589599609
/Users/prarthanapatel/Desktop/Himanshi/speech_emotion_detection-develop-v2/tess_preprocessed/audio/OAF_rush_neutral.wav,OAF_rush_neutral.wav,1,train,4,neutral,4,neutral,0.9677716493606567
/Users/prarthanapatel/Desktop/Himanshi/speech_emotion_detection-develop-v2/tess_preprocessed/audio/OAF_said_neutral.wav,OAF_said_neutral.wav,1,train,4,neutral,4,neutral,0.9696271419525146
/Users/prarthanapatel/Desktop/Himanshi/speech_emotion_detection-develop-v2/tess_preprocessed/audio/OAF_sail_neutral.wav,OAF_sail_neutral.wav,1,train,4,neutral,4,neutral,0.9699914455413818
/Users/prarthanapatel/Desktop/Himanshi/speech_emotion_detection-develop-v2/tess_preprocessed/audio/OAF_search_neutral.wav,OAF_search_neutral.wav,1,train,4,neutral,4,neutral,0.9682442545890808
/Users/prarthanapatel/Desktop/Himanshi/speech_emotion_detection-develop-v2/tess_preprocessed/audio/OAF_seize_neutral.wav,OAF_seize_neutral.wav,1,train,4,neutral,4,neutral,0.969651997089386
/Users/prarthanapatel/Desktop/Himanshi/speech_emotion_detection-develop-v2/tess_preprocessed/audio/OAF_sell_neutral.wav,OAF_sell_neutral.wav,1,train,4,neutral,4,neutral,0.9691168069839478
/Users/prarthanapatel/Desktop/Himanshi/speech_emotion_detection-develop-v2/tess_preprocessed/audio/OAF_shall_neutral.wav,OAF_shall_neutral.wav,1,train,4,neutral,4,neutral,0.9696626663208008
/Users/prarthanapatel/Desktop/Himanshi/speech_emotion_detection-develop-v2/tess_preprocessed/audio/OAF_sheep_neutral.wav,OAF_sheep_neutral.wav,1,train,4,neutral,4,neutral,0.9691527485847473
/Users/prarthanapatel/Desktop/Himanshi/speech_emotion_detection-develop-v2/tess_preprocessed/audio/OAF_shirt_neutral.wav,OAF_shirt_neutral.wav,1,train,4,neutral,4,neutral,0.9677810668945312
/Users/prarthanapatel/Desktop/Himanshi/speech_emotion_detection-develop-v2/tess_preprocessed/audio/OAF_should_neutral.wav,OAF_should_neutral.wav,1,train,4,neutral,4,neutral,0.9676966667175293
/Users/prarthanapatel/Desktop/Himanshi/speech_emotion_detection-develop-v2/tess_preprocessed/audio/OAF_shout_neutral.wav,OAF_shout_neutral.wav,1,train,4,neutral,4,neutral,0.9679294228553772
/Users/prarthanapatel/Desktop/Himanshi/speech_emotion_detection-develop-v2/tess_preprocessed/audio/OAF_size_neutral.wav,OAF_size_neutral.wav,1,train,4,neutral,4,neutral,0.969619870185852
/Users/prarthanapatel/Desktop/Himanshi/speech_emotion_detection-develop-v2/tess_preprocessed/audio/OAF_soup_neutral.wav,OAF_soup_neutral.wav,1,train,4,neutral,4,neutral,0.9686244130134583
/Users/prarthanapatel/Desktop/Himanshi/speech_emotion_detection-develop-v2/tess_preprocessed/audio/OAF_sour_neutral.wav,OAF_sour_neutral.wav,1,train,4,neutral,4,neutral,0.9689850211143494
/Users/prarthanapatel/Desktop/Himanshi/speech_emotion_detection-develop-v2/tess_preprocessed/audio/OAF_sub_neutral.wav,OAF_sub_neutral.wav,1,train,4,neutral,4,neutral,0.9696163535118103
/Users/prarthanapatel/Desktop/Himanshi/speech_emotion_detection-develop-v2/tess_preprocessed/audio/OAF_such_neutral.wav,OAF_such_neutral.wav,1,train,4,neutral,4,neutral,0.9682479500770569
/Users/prarthanapatel/Desktop/Himanshi/speech_emotion_detection-develop-v2/tess_preprocessed/audio/OAF_sure_neutral.wav,OAF_sure_neutral.wav,1,train,4,neutral,4,neutral,0.9692838788032532
/Users/prarthanapatel/Desktop/Himanshi/speech_emotion_detection-develop-v2/tess_preprocessed/audio/OAF_take_neutral.wav,OAF_take_neutral.wav,1,train,4,neutral,4,neutral,0.9695433378219604
/Users/prarthanapatel/Desktop/Himanshi/speech_emotion_detection-develop-v2/tess_preprocessed/audio/OAF_talk_neutral.wav,OAF_talk_neutral.wav,1,train,4,neutral,4,neutral,0.9697265625
/Users/prarthanapatel/Desktop/Himanshi/speech_emotion_detection-develop-v2/tess_preprocessed/audio/OAF_tape_neutral.wav,OAF_tape_neutral.wav,1,train,4,neutral,4,neutral,0.9699735641479492
/Users/prarthanapatel/Desktop/Himanshi/speech_emotion_detection-develop-v2/tess_preprocessed/audio/OAF_tell_neutral.wav,OAF_tell_neutral.wav,1,train,4,neutral,4,neutral,0.9699555039405823
/Users/prarthanapatel/Desktop/Himanshi/speech_emotion_detection-develop-v2/tess_preprocessed/audio/OAF_thin_neutral.wav,OAF_thin_neutral.wav,1,train,4,neutral,4,neutral,0.9699043035507202
/Users/prarthanapatel/Desktop/Himanshi/speech_emotion_detection-develop-v2/tess_preprocessed/audio/OAF_third_neutral.wav,OAF_third_neutral.wav,1,train,4,neutral,4,neutral,0.9700163006782532
/Users/prarthanapatel/Desktop/Himanshi/speech_emotion_detection-develop-v2/tess_preprocessed/audio/OAF_thumb_neutral.wav,OAF_thumb_neutral.wav,1,train,4,neutral,4,neutral,0.9698721766471863
/Users/prarthanapatel/Desktop/Himanshi/speech_emotion_detection-develop-v2/tess_preprocessed/audio/OAF_time_neutral.wav,OAF_time_neutral.wav,1,train,4,neutral,4,neutral,0.9691622257232666
/Users/prarthanapatel/Desktop/Himanshi/speech_emotion_detection-develop-v2/tess_preprocessed/audio/OAF_tip_neutral.wav,OAF_tip_neutral.wav,1,train,4,neutral,4,neutral,0.9699681997299194
/Users/prarthanapatel/Desktop/Himanshi/speech_emotion_detection-develop-v2/tess_preprocessed/audio/OAF_tool_neutral.wav,OAF_tool_neutral.wav,1,train,4,neutral,4,neutral,0.9695456624031067
/Users/prarthanapatel/Desktop/Himanshi/speech_emotion_detection-develop-v2/tess_preprocessed/audio/OAF_void_neutral.wav,OAF_void_neutral.wav,1,train,4,neutral,4,neutral,0.9680545330047607
/Users/prarthanapatel/Desktop/Himanshi/speech_emotion_detection-develop-v2/tess_preprocessed/audio/OAF_wag_neutral.wav,OAF_wag_neutral.wav,1,train,4,neutral,4,neutral,0.9693633913993835
/Users/prarthanapatel/Desktop/Himanshi/speech_emotion_detection-develop-v2/tess_preprocessed/audio/OAF_wash_neutral.wav,OAF_wash_neutral.wav,1,train,4,neutral,4,neutral,0.969215452671051
/Users/prarthanapatel/Desktop/Himanshi/speech_emotion_detection-develop-v2/tess_preprocessed/audio/OAF_week_neutral.wav,OAF_week_neutral.wav,1,train,4,neutral,4,neutral,0.9689109325408936
/Users/prarthanapatel/Desktop/Himanshi/speech_emotion_detection-develop-v2/tess_preprocessed/audio/OAF_when_neutral.wav,OAF_when_neutral.wav,1,train,4,neutral,4,neutral,0.9678670167922974
/Users/prarthanapatel/Desktop/Himanshi/speech_emotion_detection-develop-v2/tess_preprocessed/audio/OAF_which_neutral.wav,OAF_which_neutral.wav,1,train,4,neutral,4,neutral,0.9692044258117676
/Users/prarthanapatel/Desktop/Himanshi/speech_emotion_detection-develop-v2/tess_preprocessed/audio/OAF_whip_neutral.wav,OAF_whip_neutral.wav,1,train,4,neutral,4,neutral,0.9694064855575562
/Users/prarthanapatel/Desktop/Himanshi/speech_emotion_detection-develop-v2/tess_preprocessed/audio/OAF_wire_neutral.wav,OAF_wire_neutral.wav,1,train,4,neutral,4,neutral,0.9679468870162964
/Users/prarthanapatel/Desktop/Himanshi/speech_emotion_detection-develop-v2/tess_preprocessed/audio/OAF_witch_neutral.wav,OAF_witch_neutral.wav,1,train,4,neutral,4,neutral,0.9692639112472534
/Users/prarthanapatel/Desktop/Himanshi/speech_emotion_detection-develop-v2/tess_preprocessed/audio/OAF_yes_neutral.wav,OAF_yes_neutral.wav,1,train,4,neutral,4,neutral,0.966948926448822
/Users/prarthanapatel/Desktop/Himanshi/speech_emotion_detection-develop-v2/tess_preprocessed/audio/OAF_young_neutral.wav,OAF_young_neutral.wav,1,train,4,neutral,4,neutral,0.9693381786346436
/Users/prarthanapatel/Desktop/Himanshi/speech_emotion_detection-develop-v2/tess_preprocessed/audio/OAF_bite_neutral.wav,OAF_bite_neutral.wav,1,train,4,neutral,4,neutral,0.9696614146232605
/Users/prarthanapatel/Desktop/Himanshi/speech_emotion_detection-develop-v2/tess_preprocessed/audio/YAF_back_angry.wav,YAF_back_angry.wav,2,train,0,angry,0,angry,0.9712680578231812
/Users/prarthanapatel/Desktop/Himanshi/speech_emotion_detection-develop-v2/tess_preprocessed/audio/YAF_base_angry.wav,YAF_base_angry.wav,2,train,0,angry,0,angry,0.9733539819717407
/Users/prarthanapatel/Desktop/Himanshi/speech_emotion_detection-develop-v2/tess_preprocessed/audio/YAF_bath_angry.wav,YAF_bath_angry.wav,2,train,0,angry,0,angry,0.9699254631996155
/Users/prarthanapatel/Desktop/Himanshi/speech_emotion_detection-develop-v2/tess_preprocessed/audio/YAF_bean_angry.wav,YAF_bean_angry.wav,2,train,0,angry,0,angry,0.9382490515708923
/Users/prarthanapatel/Desktop/Himanshi/speech_emotion_detection-develop-v2/tess_preprocessed/audio/YAF_beg_angry.wav,YAF_beg_angry.wav,2,train,0,angry,0,angry,0.9703824520111084
/Users/prarthanapatel/Desktop/Himanshi/speech_emotion_detection-develop-v2/tess_preprocessed/audio/YAF_bite_angry.wav,YAF_bite_angry.wav,2,train,0,angry,0,angry,0.9719284772872925
/Users/prarthanapatel/Desktop/Himanshi/speech_emotion_detection-develop-v2/tess_preprocessed/audio/YAF_book_angry.wav,YAF_book_angry.wav,2,train,0,angry,0,angry,0.9721121191978455
/Users/prarthanapatel/Desktop/Himanshi/speech_emotion_detection-develop-v2/tess_preprocessed/audio/YAF_bought_angry.wav,YAF_bought_angry.wav,2,train,0,angry,0,angry,0.9707581996917725
/Users/prarthanapatel/Desktop/Himanshi/speech_emotion_detection-develop-v2/tess_preprocessed/audio/YAF_burn_angry.wav,YAF_burn_angry.wav,2,train,0,angry,0,angry,0.9635177254676819
/Users/prarthanapatel/Desktop/Himanshi/speech_emotion_detection-develop-v2/tess_preprocessed/audio/YAF_cab_angry.wav,YAF_cab_angry.wav,2,train,0,angry,0,angry,0.9697722792625427
/Users/prarthanapatel/Desktop/Himanshi/speech_emotion_detection-develop-v2/tess_preprocessed/audio/YAF_cause_angry.wav,YAF_cause_angry.wav,2,train,0,angry,0,angry,0.9706010818481445
/Users/prarthanapatel/Desktop/Himanshi/speech_emotion_detection-develop-v2/tess_preprocessed/audio/YAF_chain_angry.wav,YAF_chain_angry.wav,2,train,0,angry,0,angry,0.9687772393226624
/Users/prarthanapatel/Desktop/Himanshi/speech_emotion_detection-develop-v2/tess_preprocessed/audio/YAF_chalk_angry.wav,YAF_chalk_angry.wav,2,train,0,angry,0,angry,0.9683245420455933
/Users/prarthanapatel/Desktop/Himanshi/speech_emotion_detection-develop-v2/tess_preprocessed/audio/YAF_chat_angry.wav,YAF_chat_angry.wav,2,train,0,angry,0,angry,0.9709721207618713
/Users/prarthanapatel/Desktop/Himanshi/speech_emotion_detection-develop-v2/tess_preprocessed/audio/YAF_chief_angry.wav,YAF_chief_angry.wav,2,train,0,angry,0,angry,0.9685453176498413
/Users/prarthanapatel/Desktop/Himanshi/speech_emotion_detection-develop-v2/tess_preprocessed/audio/YAF_choice_angry.wav,YAF_choice_angry.wav,2,train,0,angry,0,angry,0.9700993299484253
/Users/prarthanapatel/Desktop/Himanshi/speech_emotion_detection-develop-v2/tess_preprocessed/audio/YAF_cool_angry.wav,YAF_cool_angry.wav,2,train,0,angry,0,angry,0.9699504971504211
/Users/prarthanapatel/Desktop/Himanshi/speech_emotion_detection-develop-v2/tess_preprocessed/audio/YAF_dab_angry.wav,YAF_dab_angry.wav,2,train,0,angry,0,angry,0.9682072997093201
/Users/prarthanapatel/Desktop/Himanshi/speech_emotion_detection-develop-v2/tess_preprocessed/audio/YAF_date_angry.wav,YAF_date_angry.wav,2,train,0,angry,0,angry,0.9701981544494629
/Users/prarthanapatel/Desktop/Himanshi/speech_emotion_detection-develop-v2/tess_preprocessed/audio/YAF_dead_angry.wav,YAF_dead_angry.wav,2,train,0,angry,0,angry,0.9712040424346924
/Users/prarthanapatel/Desktop/Himanshi/speech_emotion_detection-develop-v2/tess_preprocessed/audio/YAF_death_angry.wav,YAF_death_angry.wav,2,train,0,angry,0,angry,0.9631117582321167
/Users/prarthanapatel/Desktop/Himanshi/speech_emotion_detection-develop-v2/tess_preprocessed/audio/YAF_deep_angry.wav,YAF_deep_angry.wav,2,train,0,angry,0,angry,0.9454917311668396
/Users/prarthanapatel/Desktop/Himanshi/speech_emotion_detection-develop-v2/tess_preprocessed/audio/YAF_dime_angry.wav,YAF_dime_angry.wav,2,train,0,angry,0,angry,0.9667009115219116
/Users/prarthanapatel/Desktop/Himanshi/speech_emotion_detection-develop-v2/tess_preprocessed/audio/YAF_dip_angry.wav,YAF_dip_angry.wav,2,train,0,angry,0,angry,0.9694585204124451
/Users/prarthanapatel/Desktop/Himanshi/speech_emotion_detection-develop-v2/tess_preprocessed/audio/YAF_ditch_angry.wav,YAF_ditch_angry.wav,2,train,0,angry,0,angry,0.9706407189369202
/Users/prarthanapatel/Desktop/Himanshi/speech_emotion_detection-develop-v2/tess_preprocessed/audio/YAF_dodge_angry.wav,YAF_dodge_angry.wav,2,train,0,angry,0,angry,0.9701834917068481
/Users/prarthanapatel/Desktop/Himanshi/speech_emotion_detection-develop-v2/tess_preprocessed/audio/YAF_doll_angry.wav,YAF_doll_angry.wav,2,train,0,angry,0,angry,0.9669128656387329
/Users/prarthanapatel/Desktop/Himanshi/speech_emotion_detection-develop-v2/tess_preprocessed/audio/YAF_door_angry.wav,YAF_door_angry.wav,2,train,0,angry,0,angry,0.9711114168167114
/Users/prarthanapatel/Desktop/Himanshi/speech_emotion_detection-develop-v2/tess_preprocessed/audio/YAF_fall_angry.wav,YAF_fall_angry.wav,2,train,0,angry,0,angry,0.968104362487793
/Users/prarthanapatel/Desktop/Himanshi/speech_emotion_detection-develop-v2/tess_preprocessed/audio/YAF_far_angry.wav,YAF_far_angry.wav,2,train,0,angry,0,angry,0.9710902571678162
/Users/prarthanapatel/Desktop/Himanshi/speech_emotion_detection-develop-v2/tess_preprocessed/audio/YAF_fat_angry.wav,YAF_fat_angry.wav,2,train,0,angry,0,angry,0.9651622176170349
/Users/prarthanapatel/Desktop/Himanshi/speech_emotion_detection-develop-v2/tess_preprocessed/audio/YAF_fit_angry.wav,YAF_fit_angry.wav,2,train,0,angry,0,angry,0.968475341796875
/Users/prarthanapatel/Desktop/Himanshi/speech_emotion_detection-develop-v2/tess_preprocessed/audio/YAF_five_angry.wav,YAF_five_angry.wav,2,train,0,angry,0,angry,0.9704836010932922
/Users/prarthanapatel/Desktop/Himanshi/speech_emotion_detection-develop-v2/tess_preprocessed/audio/YAF_food_angry.wav,YAF_food_angry.wav,2,train,0,angry,0,angry,0.9722414612770081
/Users/prarthanapatel/Desktop/Himanshi/speech_emotion_detection-develop-v2/tess_preprocessed/audio/YAF_gap_angry.wav,YAF_gap_angry.wav,2,train,0,angry,0,angry,0.9704678058624268
/Users/prarthanapatel/Desktop/Himanshi/speech_emotion_detection-develop-v2/tess_preprocessed/audio/YAF_gas_angry.wav,YAF_gas_angry.wav,2,train,0,angry,0,angry,0.9645912051200867
/Users/prarthanapatel/Desktop/Himanshi/speech_emotion_detection-develop-v2/tess_preprocessed/audio/YAF_gaze_angry.wav,YAF_gaze_angry.wav,2,train,0,angry,0,angry,0.9714410305023193
/Users/prarthanapatel/Desktop/Himanshi/speech_emotion_detection-develop-v2/tess_preprocessed/audio/YAF_germ_angry.wav,YAF_germ_angry.wav,2,train,0,angry,0,angry,0.9685574173927307
/Users/prarthanapatel/Desktop/Himanshi/speech_emotion_detection-develop-v2/tess_preprocessed/audio/YAF_good_angry.wav,YAF_good_angry.wav,2,train,0,angry,0,angry,0.968855082988739
/Users/prarthanapatel/Desktop/Himanshi/speech_emotion_detection-develop-v2/tess_preprocessed/audio/YAF_gun_angry.wav,YAF_gun_angry.wav,2,train,0,angry,0,angry,0.9591445326805115
/Users/prarthanapatel/Desktop/Himanshi/speech_emotion_detection-develop-v2/tess_preprocessed/audio/YAF_hall_angry.wav,YAF_hall_angry.wav,2,train,0,angry,0,angry,0.9689616560935974
/Users/prarthanapatel/Desktop/Himanshi/speech_emotion_detection-develop-v2/tess_preprocessed/audio/YAF_hash_angry.wav,YAF_hash_angry.wav,2,train,0,angry,0,angry,0.9689387083053589
/Users/prarthanapatel/Desktop/Himanshi/speech_emotion_detection-develop-v2/tess_preprocessed/audio/YAF_hire_angry.wav,YAF_hire_angry.wav,2,train,0,angry,0,angry,0.9726080298423767
/Users/prarthanapatel/Desktop/Himanshi/speech_emotion_detection-develop-v2/tess_preprocessed/audio/YAF_hit_angry.wav,YAF_hit_angry.wav,2,train,0,angry,0,angry,0.9713283181190491
/Users/prarthanapatel/Desktop/Himanshi/speech_emotion_detection-develop-v2/tess_preprocessed/audio/YAF_hole_angry.wav,YAF_hole_angry.wav,2,train,0,angry,0,angry,0.9658844470977783
/Users/prarthanapatel/Desktop/Himanshi/speech_emotion_detection-develop-v2/tess_preprocessed/audio/YAF_hurl_angry.wav,YAF_hurl_angry.wav,2,train,0,angry,0,angry,0.9721992015838623
/Users/prarthanapatel/Desktop/Himanshi/speech_emotion_detection-develop-v2/tess_preprocessed/audio/YAF_hush_angry.wav,YAF_hush_angry.wav,2,train,0,angry,0,angry,0.9656540751457214
/Users/prarthanapatel/Desktop/Himanshi/speech_emotion_detection-develop-v2/tess_preprocessed/audio/YAF_jail_angry.wav,YAF_jail_angry.wav,2,train,0,angry,0,angry,0.964543879032135
/Users/prarthanapatel/Desktop/Himanshi/speech_emotion_detection-develop-v2/tess_preprocessed/audio/YAF_jar_angry.wav,YAF_jar_angry.wav,2,train,0,angry,0,angry,0.9679825901985168
/Users/prarthanapatel/Desktop/Himanshi/speech_emotion_detection-develop-v2/tess_preprocessed/audio/YAF_join_angry.wav,YAF_join_angry.wav,2,train,0,angry,0,angry,0.9679798483848572
/Users/prarthanapatel/Desktop/Himanshi/speech_emotion_detection-develop-v2/tess_preprocessed/audio/YAF_judge_angry.wav,YAF_judge_angry.wav,2,train,0,angry,0,angry,0.9659101366996765
/Users/prarthanapatel/Desktop/Himanshi/speech_emotion_detection-develop-v2/tess_preprocessed/audio/YAF_jug_angry.wav,YAF_jug_angry.wav,2,train,0,angry,0,angry,0.9710521697998047
/Users/prarthanapatel/Desktop/Himanshi/speech_emotion_detection-develop-v2/tess_preprocessed/audio/YAF_keep_angry.wav,YAF_keep_angry.wav,2,train,0,angry,0,angry,0.9707900881767273
/Users/prarthanapatel/Desktop/Himanshi/speech_emotion_detection-develop-v2/tess_preprocessed/audio/YAF_kick_angry.wav,YAF_kick_angry.wav,2,train,0,angry,0,angry,0.9676120281219482
/Users/prarthanapatel/Desktop/Himanshi/speech_emotion_detection-develop-v2/tess_preprocessed/audio/YAF_kill_angry.wav,YAF_kill_angry.wav,2,train,0,angry,0,angry,0.9699222445487976
/Users/prarthanapatel/Desktop/Himanshi/speech_emotion_detection-develop-v2/tess_preprocessed/audio/YAF_king_angry.wav,YAF_king_angry.wav,2,train,0,angry,0,angry,0.9701396226882935
/Users/prarthanapatel/Desktop/Himanshi/speech_emotion_detection-develop-v2/tess_preprocessed/audio/YAF_kite_angry.wav,YAF_kite_angry.wav,2,train,0,angry,0,angry,0.9666575789451599
/Users/prarthanapatel/Desktop/Himanshi/speech_emotion_detection-develop-v2/tess_preprocessed/audio/YAF_knock_angry.wav,YAF_knock_angry.wav,2,train,0,angry,0,angry,0.9673236012458801
/Users/prarthanapatel/Desktop/Himanshi/speech_emotion_detection-develop-v2/tess_preprocessed/audio/YAF_laud_angry.wav,YAF_laud_angry.wav,2,train,0,angry,0,angry,0.9694473743438721
/Users/prarthanapatel/Desktop/Himanshi/speech_emotion_detection-develop-v2/tess_preprocessed/audio/YAF_lean_angry.wav,YAF_lean_angry.wav,2,train,0,angry,0,angry,0.9669077396392822
/Users/prarthanapatel/Desktop/Himanshi/speech_emotion_detection-develop-v2/tess_preprocessed/audio/YAF_lease_angry.wav,YAF_lease_angry.wav,2,train,0,angry,0,angry,0.9606868624687195
/Users/prarthanapatel/Desktop/Himanshi/speech_emotion_detection-develop-v2/tess_preprocessed/audio/YAF_lid_angry.wav,YAF_lid_angry.wav,2,train,0,angry,0,angry,0.9699912071228027
/Users/prarthanapatel/Desktop/Himanshi/speech_emotion_detection-develop-v2/tess_preprocessed/audio/YAF_life_angry.wav,YAF_life_angry.wav,2,train,0,angry,0,angry,0.9717965126037598
/Users/prarthanapatel/Desktop/Himanshi/speech_emotion_detection-develop-v2/tess_preprocessed/audio/YAF_long_angry.wav,YAF_long_angry.wav,2,train,0,angry,0,angry,0.9711794257164001
/Users/prarthanapatel/Desktop/Himanshi/speech_emotion_detection-develop-v2/tess_preprocessed/audio/YAF_lot_angry.wav,YAF_lot_angry.wav,2,train,0,angry,0,angry,0.9693260788917542
/Users/prarthanapatel/Desktop/Himanshi/speech_emotion_detection-develop-v2/tess_preprocessed/audio/YAF_love_angry.wav,YAF_love_angry.wav,2,train,0,angry,0,angry,0.9700065851211548
/Users/prarthanapatel/Desktop/Himanshi/speech_emotion_detection-develop-v2/tess_preprocessed/audio/YAF_luck_angry.wav,YAF_luck_angry.wav,2,train,0,angry,0,angry,0.9686068296432495
/Users/prarthanapatel/Desktop/Himanshi/speech_emotion_detection-develop-v2/tess_preprocessed/audio/YAF_make_angry.wav,YAF_make_angry.wav,2,train,0,angry,0,angry,0.9694152474403381
/Users/prarthanapatel/Desktop/Himanshi/speech_emotion_detection-develop-v2/tess_preprocessed/audio/YAF_match_angry.wav,YAF_match_angry.wav,2,train,0,angry,0,angry,0.9720410108566284
/Users/prarthanapatel/Desktop/Himanshi/speech_emotion_detection-develop-v2/tess_preprocessed/audio/YAF_merge_angry.wav,YAF_merge_angry.wav,2,train,0,angry,0,angry,0.969416618347168
/Users/prarthanapatel/Desktop/Himanshi/speech_emotion_detection-develop-v2/tess_preprocessed/audio/YAF_met_angry.wav,YAF_met_angry.wav,2,train,0,angry,0,angry,0.9706391096115112
/Users/prarthanapatel/Desktop/Himanshi/speech_emotion_detection-develop-v2/tess_preprocessed/audio/YAF_mill_angry.wav,YAF_mill_angry.wav,2,train,0,angry,0,angry,0.9707826972007751
/Users/prarthanapatel/Desktop/Himanshi/speech_emotion_detection-develop-v2/tess_preprocessed/audio/YAF_mood_angry.wav,YAF_mood_angry.wav,2,train,0,angry,0,angry,0.9591051340103149
/Users/prarthanapatel/Desktop/Himanshi/speech_emotion_detection-develop-v2/tess_preprocessed/audio/YAF_moon_angry.wav,YAF_moon_angry.wav,2,train,0,angry,0,angry,0.9691329002380371
/Users/prarthanapatel/Desktop/Himanshi/speech_emotion_detection-develop-v2/tess_preprocessed/audio/YAF_nag_angry.wav,YAF_nag_angry.wav,2,train,0,angry,0,angry,0.9637405872344971
/Users/prarthanapatel/Desktop/Himanshi/speech_emotion_detection-develop-v2/tess_preprocessed/audio/YAF_name_angry.wav,YAF_name_angry.wav,2,train,0,angry,0,angry,0.9644221067428589
/Users/prarthanapatel/Desktop/Himanshi/speech_emotion_detection-develop-v2/tess_preprocessed/audio/YAF_neat_angry.wav,YAF_neat_angry.wav,2,train,0,angry,0,angry,0.963614821434021
/Users/prarthanapatel/Desktop/Himanshi/speech_emotion_detection-develop-v2/tess_preprocessed/audio/YAF_nice_angry.wav,YAF_nice_angry.wav,2,train,0,angry,0,angry,0.9720750451087952
/Users/prarthanapatel/Desktop/Himanshi/speech_emotion_detection-develop-v2/tess_preprocessed/audio/YAF_note_angry.wav,YAF_note_angry.wav,2,train,0,angry,0,angry,0.9712936878204346
/Users/prarthanapatel/Desktop/Himanshi/speech_emotion_detection-develop-v2/tess_preprocessed/audio/YAF_numb_angry.wav,YAF_numb_angry.wav,2,train,0,angry,0,angry,0.9693959951400757
/Users/prarthanapatel/Desktop/Himanshi/speech_emotion_detection-develop-v2/tess_preprocessed/audio/YAF_pad_angry.wav,YAF_pad_angry.wav,2,train,0,angry,0,angry,0.9694212079048157
/Users/prarthanapatel/Desktop/Himanshi/speech_emotion_detection-develop-v2/tess_preprocessed/audio/YAF_pain_angry.wav,YAF_pain_angry.wav,2,train,0,angry,0,angry,0.9676910638809204
/Users/prarthanapatel/Desktop/Himanshi/speech_emotion_detection-develop-v2/tess_preprocessed/audio/YAF_pass_angry.wav,YAF_pass_angry.wav,2,train,0,angry,0,angry,0.9706675410270691
/Users/prarthanapatel/Desktop/Himanshi/speech_emotion_detection-develop-v2/tess_preprocessed/audio/YAF_pearl_angry.wav,YAF_pearl_angry.wav,2,train,0,angry,0,angry,0.972504198551178
/Users/prarthanapatel/Desktop/Himanshi/speech_emotion_detection-develop-v2/tess_preprocessed/audio/YAF_peg_angry.wav,YAF_peg_angry.wav,2,train,0,angry,0,angry,0.9703041315078735
/Users/prarthanapatel/Desktop/Himanshi/speech_emotion_detection-develop-v2/tess_preprocessed/audio/YAF_phone_angry.wav,YAF_phone_angry.wav,2,train,0,angry,0,angry,0.9698916077613831
/Users/prarthanapatel/Desktop/Himanshi/speech_emotion_detection-develop-v2/tess_preprocessed/audio/YAF_pick_angry.wav,YAF_pick_angry.wav,2,train,0,angry,0,angry,0.9726553559303284
/Users/prarthanapatel/Desktop/Himanshi/speech_emotion_detection-develop-v2/tess_preprocessed/audio/YAF_pike_angry.wav,YAF_pike_angry.wav,2,train,0,angry,0,angry,0.9690311551094055
/Users/prarthanapatel/Desktop/Himanshi/speech_emotion_detection-develop-v2/tess_preprocessed/audio/YAF_pole_angry.wav,YAF_pole_angry.wav,2,train,0,angry,0,angry,0.9694194793701172
/Users/prarthanapatel/Desktop/Himanshi/speech_emotion_detection-develop-v2/tess_preprocessed/audio/YAF_pool_angry.wav,YAF_pool_angry.wav,2,train,0,angry,0,angry,0.970902681350708
/Users/prarthanapatel/Desktop/Himanshi/speech_emotion_detection-develop-v2/tess_preprocessed/audio/YAF_puff_angry.wav,YAF_puff_angry.wav,2,train,0,angry,0,angry,0.9717386960983276
/Users/prarthanapatel/Desktop/Himanshi/speech_emotion_detection-develop-v2/tess_preprocessed/audio/YAF_rag_angry.wav,YAF_rag_angry.wav,2,train,0,angry,0,angry,0.9654791355133057
/Users/prarthanapatel/Desktop/Himanshi/speech_emotion_detection-develop-v2/tess_preprocessed/audio/YAF_rat_angry.wav,YAF_rat_angry.wav,2,train,0,angry,0,angry,0.9686673879623413
/Users/prarthanapatel/Desktop/Himanshi/speech_emotion_detection-develop-v2/tess_preprocessed/audio/YAF_reach_angry.wav,YAF_reach_angry.wav,2,train,0,angry,0,angry,0.9695619344711304
/Users/prarthanapatel/Desktop/Himanshi/speech_emotion_detection-develop-v2/tess_preprocessed/audio/YAF_red_angry.wav,YAF_red_angry.wav,2,train,0,angry,0,angry,0.9706375598907471
/Users/prarthanapatel/Desktop/Himanshi/speech_emotion_detection-develop-v2/tess_preprocessed/audio/YAF_ring_angry.wav,YAF_ring_angry.wav,2,train,0,angry,0,angry,0.9713946580886841
/Users/prarthanapatel/Desktop/Himanshi/speech_emotion_detection-develop-v2/tess_preprocessed/audio/YAF_ripe_angry.wav,YAF_ripe_angry.wav,2,train,0,angry,0,angry,0.968360960483551
/Users/prarthanapatel/Desktop/Himanshi/speech_emotion_detection-develop-v2/tess_preprocessed/audio/YAF_road_angry.wav,YAF_road_angry.wav,2,train,0,angry,0,angry,0.9690199494361877
/Users/prarthanapatel/Desktop/Himanshi/speech_emotion_detection-develop-v2/tess_preprocessed/audio/YAF_room_angry.wav,YAF_room_angry.wav,2,train,0,angry,0,angry,0.9641355872154236
/Users/prarthanapatel/Desktop/Himanshi/speech_emotion_detection-develop-v2/tess_preprocessed/audio/YAF_rose_angry.wav,YAF_rose_angry.wav,2,train,0,angry,0,angry,0.9703009724617004
/Users/prarthanapatel/Desktop/Himanshi/speech_emotion_detection-develop-v2/tess_preprocessed/audio/YAF_rot_angry.wav,YAF_rot_angry.wav,2,train,0,angry,0,angry,0.9701802134513855
/Users/prarthanapatel/Desktop/Himanshi/speech_emotion_detection-develop-v2/tess_preprocessed/audio/YAF_rough_angry.wav,YAF_rough_angry.wav,2,train,0,angry,0,angry,0.9704646468162537
/Users/prarthanapatel/Desktop/Himanshi/speech_emotion_detection-develop-v2/tess_preprocessed/audio/YAF_rush_angry.wav,YAF_rush_angry.wav,2,train,0,angry,0,angry,0.9705795049667358
/Users/prarthanapatel/Desktop/Himanshi/speech_emotion_detection-develop-v2/tess_preprocessed/audio/YAF_said_angry.wav,YAF_said_angry.wav,2,train,0,angry,0,angry,0.9705787301063538
/Users/prarthanapatel/Desktop/Himanshi/speech_emotion_detection-develop-v2/tess_preprocessed/audio/YAF_sail_angry.wav,YAF_sail_angry.wav,2,train,0,angry,0,angry,0.969968318939209
/Users/prarthanapatel/Desktop/Himanshi/speech_emotion_detection-develop-v2/tess_preprocessed/audio/YAF_search_angry.wav,YAF_search_angry.wav,2,train,0,angry,0,angry,0.9699289202690125
/Users/prarthanapatel/Desktop/Himanshi/speech_emotion_detection-develop-v2/tess_preprocessed/audio/YAF_seize_angry.wav,YAF_seize_angry.wav,2,train,0,angry,0,angry,0.9685662388801575
/Users/prarthanapatel/Desktop/Himanshi/speech_emotion_detection-develop-v2/tess_preprocessed/audio/YAF_sell_angry.wav,YAF_sell_angry.wav,2,train,0,angry,0,angry,0.96775883436203
/Users/prarthanapatel/Desktop/Himanshi/speech_emotion_detection-develop-v2/tess_preprocessed/audio/YAF_shall_angry.wav,YAF_shall_angry.wav,2,train,0,angry,0,angry,0.9624750018119812
/Users/prarthanapatel/Desktop/Himanshi/speech_emotion_detection-develop-v2/tess_preprocessed/audio/YAF_sheep_angry.wav,YAF_sheep_angry.wav,2,train,0,angry,0,angry,0.9708982110023499
/Users/prarthanapatel/Desktop/Himanshi/speech_emotion_detection-develop-v2/tess_preprocessed/audio/YAF_shirt_angry.wav,YAF_shirt_angry.wav,2,train,0,angry,0,angry,0.9692506790161133
/Users/prarthanapatel/Desktop/Himanshi/speech_emotion_detection-develop-v2/tess_preprocessed/audio/YAF_should_angry.wav,YAF_should_angry.wav,2,train,0,angry,0,angry,0.9696650505065918
/Users/prarthanapatel/Desktop/Himanshi/speech_emotion_detection-develop-v2/tess_preprocessed/audio/YAF_shout_angry.wav,YAF_shout_angry.wav,2,train,0,angry,0,angry,0.966249406337738
/Users/prarthanapatel/Desktop/Himanshi/speech_emotion_detection-develop-v2/tess_preprocessed/audio/YAF_size_angry.wav,YAF_size_angry.wav,2,train,0,angry,0,angry,0.9500323534011841
/Users/prarthanapatel/Desktop/Himanshi/speech_emotion_detection-develop-v2/tess_preprocessed/audio/YAF_soup_angry.wav,YAF_soup_angry.wav,2,train,0,angry,0,angry,0.9670594334602356
/Users/prarthanapatel/Desktop/Himanshi/speech_emotion_detection-develop-v2/tess_preprocessed/audio/YAF_sour_angry.wav,YAF_sour_angry.wav,2,train,0,angry,0,angry,0.9638416767120361
/Users/prarthanapatel/Desktop/Himanshi/speech_emotion_detection-develop-v2/tess_preprocessed/audio/YAF_sub_angry.wav,YAF_sub_angry.wav,2,train,0,angry,0,angry,0.963070273399353
/Users/prarthanapatel/Desktop/Himanshi/speech_emotion_detection-develop-v2/tess_preprocessed/audio/YAF_such_angry.wav,YAF_such_angry.wav,2,train,0,angry,0,angry,0.9679470062255859
/Users/prarthanapatel/Desktop/Himanshi/speech_emotion_detection-develop-v2/tess_preprocessed/audio/YAF_sure_angry.wav,YAF_sure_angry.wav,2,train,0,angry,0,angry,0.9618209600448608
/Users/prarthanapatel/Desktop/Himanshi/speech_emotion_detection-develop-v2/tess_preprocessed/audio/YAF_take_angry.wav,YAF_take_angry.wav,2,train,0,angry,0,angry,0.9659829139709473
/Users/prarthanapatel/Desktop/Himanshi/speech_emotion_detection-develop-v2/tess_preprocessed/audio/YAF_talk_angry.wav,YAF_talk_angry.wav,2,train,0,angry,0,angry,0.967187225818634
/Users/prarthanapatel/Desktop/Himanshi/speech_emotion_detection-develop-v2/tess_preprocessed/audio/YAF_tape_angry.wav,YAF_tape_angry.wav,2,train,0,angry,0,angry,0.9557554125785828
/Users/prarthanapatel/Desktop/Himanshi/speech_emotion_detection-develop-v2/tess_preprocessed/audio/YAF_tell_angry.wav,YAF_tell_angry.wav,2,train,0,angry,0,angry,0.9710199236869812
/Users/prarthanapatel/Desktop/Himanshi/speech_emotion_detection-develop-v2/tess_preprocessed/audio/YAF_thin_angry.wav,YAF_thin_angry.wav,2,train,0,angry,0,angry,0.9633889198303223
/Users/prarthanapatel/Desktop/Himanshi/speech_emotion_detection-develop-v2/tess_preprocessed/audio/YAF_third_angry.wav,YAF_third_angry.wav,2,train,0,angry,0,angry,0.9664916396141052
/Users/prarthanapatel/Desktop/Himanshi/speech_emotion_detection-develop-v2/tess_preprocessed/audio/YAF_thumb_angry.wav,YAF_thumb_angry.wav,2,train,0,angry,0,angry,0.9592043161392212
/Users/prarthanapatel/Desktop/Himanshi/speech_emotion_detection-develop-v2/tess_preprocessed/audio/YAF_time_angry.wav,YAF_time_angry.wav,2,train,0,angry,0,angry,0.9687519073486328
/Users/prarthanapatel/Desktop/Himanshi/speech_emotion_detection-develop-v2/tess_preprocessed/audio/YAF_tip_angry.wav,YAF_tip_angry.wav,2,train,0,angry,0,angry,0.968603253364563
/Users/prarthanapatel/Desktop/Himanshi/speech_emotion_detection-develop-v2/tess_preprocessed/audio/YAF_tool_angry.wav,YAF_tool_angry.wav,2,train,0,angry,0,angry,0.9712349772453308
/Users/prarthanapatel/Desktop/Himanshi/speech_emotion_detection-develop-v2/tess_preprocessed/audio/YAF_void_angry.wav,YAF_void_angry.wav,2,train,0,angry,0,angry,0.967318594455719
/Users/prarthanapatel/Desktop/Himanshi/speech_emotion_detection-develop-v2/tess_preprocessed/audio/YAF_wag_angry.wav,YAF_wag_angry.wav,2,train,0,angry,0,angry,0.9708573222160339
/Users/prarthanapatel/Desktop/Himanshi/speech_emotion_detection-develop-v2/tess_preprocessed/audio/YAF_wash_angry.wav,YAF_wash_angry.wav,2,train,0,angry,0,angry,0.9704927206039429
/Users/prarthanapatel/Desktop/Himanshi/speech_emotion_detection-develop-v2/tess_preprocessed/audio/YAF_week_angry.wav,YAF_week_angry.wav,2,train,0,angry,0,angry,0.9711200594902039
/Users/prarthanapatel/Desktop/Himanshi/speech_emotion_detection-develop-v2/tess_preprocessed/audio/YAF_when_angry.wav,YAF_when_angry.wav,2,train,0,angry,0,angry,0.97014319896698
/Users/prarthanapatel/Desktop/Himanshi/speech_emotion_detection-develop-v2/tess_preprocessed/audio/YAF_which_angry.wav,YAF_which_angry.wav,2,train,0,angry,0,angry,0.9716743230819702
/Users/prarthanapatel/Desktop/Himanshi/speech_emotion_detection-develop-v2/tess_preprocessed/audio/YAF_whip_angry.wav,YAF_whip_angry.wav,2,train,0,angry,0,angry,0.9728617072105408
/Users/prarthanapatel/Desktop/Himanshi/speech_emotion_detection-develop-v2/tess_preprocessed/audio/YAF_wire_angry.wav,YAF_wire_angry.wav,2,train,0,angry,0,angry,0.9691027998924255
/Users/prarthanapatel/Desktop/Himanshi/speech_emotion_detection-develop-v2/tess_preprocessed/audio/YAF_witch_angry.wav,YAF_witch_angry.wav,2,train,0,angry,0,angry,0.9676337838172913
/Users/prarthanapatel/Desktop/Himanshi/speech_emotion_detection-develop-v2/tess_preprocessed/audio/YAF_yes_angry.wav,YAF_yes_angry.wav,2,train,0,angry,0,angry,0.9726945161819458
/Users/prarthanapatel/Desktop/Himanshi/speech_emotion_detection-develop-v2/tess_preprocessed/audio/YAF_young_angry.wav,YAF_young_angry.wav,2,train,0,angry,0,angry,0.9708269834518433
/Users/prarthanapatel/Desktop/Himanshi/speech_emotion_detection-develop-v2/tess_preprocessed/audio/YAF_back_disgust.wav,YAF_back_disgust.wav,2,train,1,disgust,1,disgust,0.9661598801612854
/Users/prarthanapatel/Desktop/Himanshi/speech_emotion_detection-develop-v2/tess_preprocessed/audio/YAF_base_disgust.wav,YAF_base_disgust.wav,2,train,1,disgust,1,disgust,0.9462480545043945
/Users/prarthanapatel/Desktop/Himanshi/speech_emotion_detection-develop-v2/tess_preprocessed/audio/YAF_bath_disgust.wav,YAF_bath_disgust.wav,2,train,1,disgust,1,disgust,0.9671962261199951
/Users/prarthanapatel/Desktop/Himanshi/speech_emotion_detection-develop-v2/tess_preprocessed/audio/YAF_bean_disgust.wav,YAF_bean_disgust.wav,2,train,1,disgust,1,disgust,0.8128979802131653
/Users/prarthanapatel/Desktop/Himanshi/speech_emotion_detection-develop-v2/tess_preprocessed/audio/YAF_beg_disgust.wav,YAF_beg_disgust.wav,2,train,1,disgust,1,disgust,0.9618388414382935
/Users/prarthanapatel/Desktop/Himanshi/speech_emotion_detection-develop-v2/tess_preprocessed/audio/YAF_bite_disgust.wav,YAF_bite_disgust.wav,2,train,1,disgust,1,disgust,0.9644162058830261
/Users/prarthanapatel/Desktop/Himanshi/speech_emotion_detection-develop-v2/tess_preprocessed/audio/YAF_book_disgust.wav,YAF_book_disgust.wav,2,train,1,disgust,1,disgust,0.9660480618476868
/Users/prarthanapatel/Desktop/Himanshi/speech_emotion_detection-develop-v2/tess_preprocessed/audio/YAF_bought_disgust.wav,YAF_bought_disgust.wav,2,train,1,disgust,1,disgust,0.9664483070373535
/Users/prarthanapatel/Desktop/Himanshi/speech_emotion_detection-develop-v2/tess_preprocessed/audio/YAF_burn_disgust.wav,YAF_burn_disgust.wav,2,train,1,disgust,1,disgust,0.945651113986969
/Users/prarthanapatel/Desktop/Himanshi/speech_emotion_detection-develop-v2/tess_preprocessed/audio/YAF_cab_disgust.wav,YAF_cab_disgust.wav,2,train,1,disgust,1,disgust,0.9662622809410095
/Users/prarthanapatel/Desktop/Himanshi/speech_emotion_detection-develop-v2/tess_preprocessed/audio/YAF_cause_disgust.wav,YAF_cause_disgust.wav,2,train,1,disgust,1,disgust,0.9645419716835022
/Users/prarthanapatel/Desktop/Himanshi/speech_emotion_detection-develop-v2/tess_preprocessed/audio/YAF_chain_disgust.wav,YAF_chain_disgust.wav,2,train,1,disgust,1,disgust,0.9595343470573425
/Users/prarthanapatel/Desktop/Himanshi/speech_emotion_detection-develop-v2/tess_preprocessed/audio/YAF_chalk_disgust.wav,YAF_chalk_disgust.wav,2,train,1,disgust,1,disgust,0.9543179273605347
/Users/prarthanapatel/Desktop/Himanshi/speech_emotion_detection-develop-v2/tess_preprocessed/audio/YAF_chat_disgust.wav,YAF_chat_disgust.wav,2,train,1,disgust,1,disgust,0.9603947997093201
/Users/prarthanapatel/Desktop/Himanshi/speech_emotion_detection-develop-v2/tess_preprocessed/audio/YAF_chief_disgust.wav,YAF_chief_disgust.wav,2,train,1,disgust,1,disgust,0.9665356278419495
/Users/prarthanapatel/Desktop/Himanshi/speech_emotion_detection-develop-v2/tess_preprocessed/audio/YAF_choice_disgust.wav,YAF_choice_disgust.wav,2,train,1,disgust,1,disgust,0.958970308303833
/Users/prarthanapatel/Desktop/Himanshi/speech_emotion_detection-develop-v2/tess_preprocessed/audio/YAF_cool_disgust.wav,YAF_cool_disgust.wav,2,train,1,disgust,1,disgust,0.9630469679832458
/Users/prarthanapatel/Desktop/Himanshi/speech_emotion_detection-develop-v2/tess_preprocessed/audio/YAF_dab_disgust.wav,YAF_dab_disgust.wav,2,train,1,disgust,1,disgust,0.9687442183494568
/Users/prarthanapatel/Desktop/Himanshi/speech_emotion_detection-develop-v2/tess_preprocessed/audio/YAF_date_disgust.wav,YAF_date_disgust.wav,2,train,1,disgust,1,disgust,0.9607422947883606
/Users/prarthanapatel/Desktop/Himanshi/speech_emotion_detection-develop-v2/tess_preprocessed/audio/YAF_dead_disgust.wav,YAF_dead_disgust.wav,2,train,1,disgust,1,disgust,0.9617947936058044
/Users/prarthanapatel/Desktop/Himanshi/speech_emotion_detection-develop-v2/tess_preprocessed/audio/YAF_death_disgust.wav,YAF_death_disgust.wav,2,train,1,disgust,1,disgust,0.942866325378418
/Users/prarthanapatel/Desktop/Himanshi/speech_emotion_detection-develop-v2/tess_preprocessed/audio/YAF_deep_disgust.wav,YAF_deep_disgust.wav,2,train,1,disgust,1,disgust,0.9632726907730103
/Users/prarthanapatel/Desktop/Himanshi/speech_emotion_detection-develop-v2/tess_preprocessed/audio/YAF_dime_disgust.wav,YAF_dime_disgust.wav,2,train,1,disgust,1,disgust,0.9351884722709656
/Users/prarthanapatel/Desktop/Himanshi/speech_emotion_detection-develop-v2/tess_preprocessed/audio/YAF_dip_disgust.wav,YAF_dip_disgust.wav,2,train,1,disgust,1,disgust,0.960819661617279
/Users/prarthanapatel/Desktop/Himanshi/speech_emotion_detection-develop-v2/tess_preprocessed/audio/YAF_ditch_disgust.wav,YAF_ditch_disgust.wav,2,train,1,disgust,1,disgust,0.9637713432312012
/Users/prarthanapatel/Desktop/Himanshi/speech_emotion_detection-develop-v2/tess_preprocessed/audio/YAF_dodge_disgust.wav,YAF_dodge_disgust.wav,2,train,1,disgust,1,disgust,0.9683669209480286
/Users/prarthanapatel/Desktop/Himanshi/speech_emotion_detection-develop-v2/tess_preprocessed/audio/YAF_doll_disgust.wav,YAF_doll_disgust.wav,2,train,1,disgust,1,disgust,0.9579189419746399
/Users/prarthanapatel/Desktop/Himanshi/speech_emotion_detection-develop-v2/tess_preprocessed/audio/YAF_door_disgust.wav,YAF_door_disgust.wav,2,train,1,disgust,1,disgust,0.9641609191894531
/Users/prarthanapatel/Desktop/Himanshi/speech_emotion_detection-develop-v2/tess_preprocessed/audio/YAF_fall_disgust.wav,YAF_fall_disgust.wav,2,train,1,disgust,1,disgust,0.9589961767196655
/Users/prarthanapatel/Desktop/Himanshi/speech_emotion_detection-develop-v2/tess_preprocessed/audio/YAF_far_disgust.wav,YAF_far_disgust.wav,2,train,1,disgust,1,disgust,0.9685671329498291
/Users/prarthanapatel/Desktop/Himanshi/speech_emotion_detection-develop-v2/tess_preprocessed/audio/YAF_fat_disgust.wav,YAF_fat_disgust.wav,2,train,1,disgust,1,disgust,0.9619379639625549
/Users/prarthanapatel/Desktop/Himanshi/speech_emotion_detection-develop-v2/tess_preprocessed/audio/YAF_fit_disgust.wav,YAF_fit_disgust.wav,2,train,1,disgust,1,disgust,0.9632694721221924
/Users/prarthanapatel/Desktop/Himanshi/speech_emotion_detection-develop-v2/tess_preprocessed/audio/YAF_five_disgust.wav,YAF_five_disgust.wav,2,train,1,disgust,1,disgust,0.9662109613418579
/Users/prarthanapatel/Desktop/Himanshi/speech_emotion_detection-develop-v2/tess_preprocessed/audio/YAF_food_disgust.wav,YAF_food_disgust.wav,2,train,1,disgust,1,disgust,0.9639369249343872
/Users/prarthanapatel/Desktop/Himanshi/speech_emotion_detection-develop-v2/tess_preprocessed/audio/YAF_gap_disgust.wav,YAF_gap_disgust.wav,2,train,1,disgust,1,disgust,0.9551077485084534
/Users/prarthanapatel/Desktop/Himanshi/speech_emotion_detection-develop-v2/tess_preprocessed/audio/YAF_gas_disgust.wav,YAF_gas_disgust.wav,2,train,1,disgust,1,disgust,0.9660958051681519
/Users/prarthanapatel/Desktop/Himanshi/speech_emotion_detection-develop-v2/tess_preprocessed/audio/YAF_gaze_disgust.wav,YAF_gaze_disgust.wav,2,train,1,disgust,1,disgust,0.9653461575508118
/Users/prarthanapatel/Desktop/Himanshi/speech_emotion_detection-develop-v2/tess_preprocessed/audio/YAF_germ_disgust.wav,YAF_germ_disgust.wav,2,train,1,disgust,1,disgust,0.9652742743492126
/Users/prarthanapatel/Desktop/Himanshi/speech_emotion_detection-develop-v2/tess_preprocessed/audio/YAF_good_disgust.wav,YAF_good_disgust.wav,2,train,1,disgust,1,disgust,0.9611983895301819
/Users/prarthanapatel/Desktop/Himanshi/speech_emotion_detection-develop-v2/tess_preprocessed/audio/YAF_gun_disgust.wav,YAF_gun_disgust.wav,2,train,1,disgust,1,disgust,0.9661687016487122
/Users/prarthanapatel/Desktop/Himanshi/speech_emotion_detection-develop-v2/tess_preprocessed/audio/YAF_hall_disgust.wav,YAF_hall_disgust.wav,2,train,1,disgust,1,disgust,0.9636524319648743
/Users/prarthanapatel/Desktop/Himanshi/speech_emotion_detection-develop-v2/tess_preprocessed/audio/YAF_hash_disgust.wav,YAF_hash_disgust.wav,2,train,1,disgust,1,disgust,0.9606149196624756
/Users/prarthanapatel/Desktop/Himanshi/speech_emotion_detection-develop-v2/tess_preprocessed/audio/YAF_hire_disgust.wav,YAF_hire_disgust.wav,2,train,1,disgust,1,disgust,0.9687841534614563
/Users/prarthanapatel/Desktop/Himanshi/speech_emotion_detection-develop-v2/tess_preprocessed/audio/YAF_hit_disgust.wav,YAF_hit_disgust.wav,2,train,1,disgust,1,disgust,0.9641851782798767
/Users/prarthanapatel/Desktop/Himanshi/speech_emotion_detection-develop-v2/tess_preprocessed/audio/YAF_hole_disgust.wav,YAF_hole_disgust.wav,2,train,1,disgust,1,disgust,0.9645960927009583
/Users/prarthanapatel/Desktop/Himanshi/speech_emotion_detection-develop-v2/tess_preprocessed/audio/YAF_hurl_disgust.wav,YAF_hurl_disgust.wav,2,train,1,disgust,1,disgust,0.9599171876907349
/Users/prarthanapatel/Desktop/Himanshi/speech_emotion_detection-develop-v2/tess_preprocessed/audio/YAF_hush_disgust.wav,YAF_hush_disgust.wav,2,train,1,disgust,1,disgust,0.9665257930755615
/Users/prarthanapatel/Desktop/Himanshi/speech_emotion_detection-develop-v2/tess_preprocessed/audio/YAF_jail_disgust.wav,YAF_jail_disgust.wav,2,train,1,disgust,1,disgust,0.963394820690155
/Users/prarthanapatel/Desktop/Himanshi/speech_emotion_detection-develop-v2/tess_preprocessed/audio/YAF_jar_disgust.wav,YAF_jar_disgust.wav,2,train,1,disgust,1,disgust,0.9558454751968384
/Users/prarthanapatel/Desktop/Himanshi/speech_emotion_detection-develop-v2/tess_preprocessed/audio/YAF_join_disgust.wav,YAF_join_disgust.wav,2,train,1,disgust,1,disgust,0.9585009813308716
/Users/prarthanapatel/Desktop/Himanshi/speech_emotion_detection-develop-v2/tess_preprocessed/audio/YAF_judge_disgust.wav,YAF_judge_disgust.wav,2,train,1,disgust,1,disgust,0.9612095952033997
/Users/prarthanapatel/Desktop/Himanshi/speech_emotion_detection-develop-v2/tess_preprocessed/audio/YAF_jug_disgust.wav,YAF_jug_disgust.wav,2,train,1,disgust,1,disgust,0.9635851383209229
/Users/prarthanapatel/Desktop/Himanshi/speech_emotion_detection-develop-v2/tess_preprocessed/audio/YAF_keep_disgust.wav,YAF_keep_disgust.wav,2,train,1,disgust,1,disgust,0.9655215740203857
/Users/prarthanapatel/Desktop/Himanshi/speech_emotion_detection-develop-v2/tess_preprocessed/audio/YAF_kick_disgust.wav,YAF_kick_disgust.wav,2,train,1,disgust,1,disgust,0.9424331784248352
/Users/prarthanapatel/Desktop/Himanshi/speech_emotion_detection-develop-v2/tess_preprocessed/audio/YAF_kill_disgust.wav,YAF_kill_disgust.wav,2,train,1,disgust,1,disgust,0.9657319188117981
/Users/prarthanapatel/Desktop/Himanshi/speech_emotion_detection-develop-v2/tess_preprocessed/audio/YAF_king_disgust.wav,YAF_king_disgust.wav,2,train,1,disgust,1,disgust,0.9654494524002075
/Users/prarthanapatel/Desktop/Himanshi/speech_emotion_detection-develop-v2/tess_preprocessed/audio/YAF_kite_disgust.wav,YAF_kite_disgust.wav,2,train,1,disgust,1,disgust,0.9656879901885986
/Users/prarthanapatel/Desktop/Himanshi/speech_emotion_detection-develop-v2/tess_preprocessed/audio/YAF_knock_disgust.wav,YAF_knock_disgust.wav,2,train,1,disgust,1,disgust,0.9672474265098572
/Users/prarthanapatel/Desktop/Himanshi/speech_emotion_detection-develop-v2/tess_preprocessed/audio/YAF_laud_disgust.wav,YAF_laud_disgust.wav,2,train,1,disgust,1,disgust,0.9570257067680359
/Users/prarthanapatel/Desktop/Himanshi/speech_emotion_detection-develop-v2/tess_preprocessed/audio/YAF_lean_disgust.wav,YAF_lean_disgust.wav,2,train,1,disgust,1,disgust,0.963019073009491
/Users/prarthanapatel/Desktop/Himanshi/speech_emotion_detection-develop-v2/tess_preprocessed/audio/YAF_lease_disgust.wav,YAF_lease_disgust.wav,2,train,1,disgust,1,disgust,0.9604175686836243
/Users/prarthanapatel/Desktop/Himanshi/speech_emotion_detection-develop-v2/tess_preprocessed/audio/YAF_lid_disgust.wav,YAF_lid_disgust.wav,2,train,1,disgust,1,disgust,0.9624476432800293
/Users/prarthanapatel/Desktop/Himanshi/speech_emotion_detection-develop-v2/tess_preprocessed/audio/YAF_life_disgust.wav,YAF_life_disgust.wav,2,train,1,disgust,1,disgust,0.9529871344566345
/Users/prarthanapatel/Desktop/Himanshi/speech_emotion_detection-develop-v2/tess_preprocessed/audio/YAF_long_disgust.wav,YAF_long_disgust.wav,2,train,1,disgust,1,disgust,0.9627217650413513
/Users/prarthanapatel/Desktop/Himanshi/speech_emotion_detection-develop-v2/tess_preprocessed/audio/YAF_lot_disgust.wav,YAF_lot_disgust.wav,2,train,1,disgust,1,disgust,0.9613705277442932
/Users/prarthanapatel/Desktop/Himanshi/speech_emotion_detection-develop-v2/tess_preprocessed/audio/YAF_love_disgust.wav,YAF_love_disgust.wav,2,train,1,disgust,1,disgust,0.9544153213500977
/Users/prarthanapatel/Desktop/Himanshi/speech_emotion_detection-develop-v2/tess_preprocessed/audio/YAF_luck_disgust.wav,YAF_luck_disgust.wav,2,train,1,disgust,1,disgust,0.9678154587745667
/Users/prarthanapatel/Desktop/Himanshi/speech_emotion_detection-develop-v2/tess_preprocessed/audio/YAF_make_disgust.wav,YAF_make_disgust.wav,2,train,1,disgust,1,disgust,0.9660160541534424
/Users/prarthanapatel/Desktop/Himanshi/speech_emotion_detection-develop-v2/tess_preprocessed/audio/YAF_match_disgust.wav,YAF_match_disgust.wav,2,train,1,disgust,1,disgust,0.9602765440940857
/Users/prarthanapatel/Desktop/Himanshi/speech_emotion_detection-develop-v2/tess_preprocessed/audio/YAF_merge_disgust.wav,YAF_merge_disgust.wav,2,train,1,disgust,1,disgust,0.9616677165031433
/Users/prarthanapatel/Desktop/Himanshi/speech_emotion_detection-develop-v2/tess_preprocessed/audio/YAF_met_disgust.wav,YAF_met_disgust.wav,2,train,1,disgust,1,disgust,0.9624529480934143
/Users/prarthanapatel/Desktop/Himanshi/speech_emotion_detection-develop-v2/tess_preprocessed/audio/YAF_mill_disgust.wav,YAF_mill_disgust.wav,2,train,1,disgust,1,disgust,0.9666445255279541
/Users/prarthanapatel/Desktop/Himanshi/speech_emotion_detection-develop-v2/tess_preprocessed/audio/YAF_mood_disgust.wav,YAF_mood_disgust.wav,2,train,1,disgust,1,disgust,0.9628679752349854
/Users/prarthanapatel/Desktop/Himanshi/speech_emotion_detection-develop-v2/tess_preprocessed/audio/YAF_moon_disgust.wav,YAF_moon_disgust.wav,2,train,1,disgust,1,disgust,0.9561741948127747
/Users/prarthanapatel/Desktop/Himanshi/speech_emotion_detection-develop-v2/tess_preprocessed/audio/YAF_nag_disgust.wav,YAF_nag_disgust.wav,2,train,1,disgust,1,disgust,0.962760329246521
/Users/prarthanapatel/Desktop/Himanshi/speech_emotion_detection-develop-v2/tess_preprocessed/audio/YAF_name_disgust.wav,YAF_name_disgust.wav,2,train,1,disgust,1,disgust,0.9613725543022156
/Users/prarthanapatel/Desktop/Himanshi/speech_emotion_detection-develop-v2/tess_preprocessed/audio/YAF_neat_disgust.wav,YAF_neat_disgust.wav,2,train,1,disgust,1,disgust,0.9588996767997742
/Users/prarthanapatel/Desktop/Himanshi/speech_emotion_detection-develop-v2/tess_preprocessed/audio/YAF_nice_disgust.wav,YAF_nice_disgust.wav,2,train,1,disgust,1,disgust,0.9634286761283875
/Users/prarthanapatel/Desktop/Himanshi/speech_emotion_detection-develop-v2/tess_preprocessed/audio/YAF_note_disgust.wav,YAF_note_disgust.wav,2,train,1,disgust,1,disgust,0.9594984650611877
/Users/prarthanapatel/Desktop/Himanshi/speech_emotion_detection-develop-v2/tess_preprocessed/audio/YAF_numb_disgust.wav,YAF_numb_disgust.wav,2,train,1,disgust,1,disgust,0.9663483500480652
/Users/prarthanapatel/Desktop/Himanshi/speech_emotion_detection-develop-v2/tess_preprocessed/audio/YAF_pad_disgust.wav,YAF_pad_disgust.wav,2,train,1,disgust,1,disgust,0.9586517214775085
/Users/prarthanapatel/Desktop/Himanshi/speech_emotion_detection-develop-v2/tess_preprocessed/audio/YAF_pain_disgust.wav,YAF_pain_disgust.wav,2,train,1,disgust,1,disgust,0.9635775089263916
/Users/prarthanapatel/Desktop/Himanshi/speech_emotion_detection-develop-v2/tess_preprocessed/audio/YAF_pass_disgust.wav,YAF_pass_disgust.wav,2,train,1,disgust,1,disgust,0.9665231108665466
/Users/prarthanapatel/Desktop/Himanshi/speech_emotion_detection-develop-v2/tess_preprocessed/audio/YAF_pearl_disgust.wav,YAF_pearl_disgust.wav,2,train,1,disgust,1,disgust,0.9653497934341431
/Users/prarthanapatel/Desktop/Himanshi/speech_emotion_detection-develop-v2/tess_preprocessed/audio/YAF_peg_disgust.wav,YAF_peg_disgust.wav,2,train,1,disgust,1,disgust,0.9609754085540771
/Users/prarthanapatel/Desktop/Himanshi/speech_emotion_detection-develop-v2/tess_preprocessed/audio/YAF_phone_disgust.wav,YAF_phone_disgust.wav,2,train,1,disgust,1,disgust,0.9677292108535767
/Users/prarthanapatel/Desktop/Himanshi/speech_emotion_detection-develop-v2/tess_preprocessed/audio/YAF_pick_disgust.wav,YAF_pick_disgust.wav,2,train,1,disgust,1,disgust,0.9670380353927612
/Users/prarthanapatel/Desktop/Himanshi/speech_emotion_detection-develop-v2/tess_preprocessed/audio/YAF_pike_disgust.wav,YAF_pike_disgust.wav,2,train,1,disgust,1,disgust,0.9615011215209961
/Users/prarthanapatel/Desktop/Himanshi/speech_emotion_detection-develop-v2/tess_preprocessed/audio/YAF_pole_disgust.wav,YAF_pole_disgust.wav,2,train,1,disgust,1,disgust,0.9632514119148254
/Users/prarthanapatel/Desktop/Himanshi/speech_emotion_detection-develop-v2/tess_preprocessed/audio/YAF_pool_disgust.wav,YAF_pool_disgust.wav,2,train,1,disgust,1,disgust,0.9291743040084839
/Users/prarthanapatel/Desktop/Himanshi/speech_emotion_detection-develop-v2/tess_preprocessed/audio/YAF_puff_disgust.wav,YAF_puff_disgust.wav,2,train,1,disgust,1,disgust,0.9626795649528503
/Users/prarthanapatel/Desktop/Himanshi/speech_emotion_detection-develop-v2/tess_preprocessed/audio/YAF_rag_disgust.wav,YAF_rag_disgust.wav,2,train,1,disgust,1,disgust,0.9597663283348083
/Users/prarthanapatel/Desktop/Himanshi/speech_emotion_detection-develop-v2/tess_preprocessed/audio/YAF_rat_disgust.wav,YAF_rat_disgust.wav,2,train,1,disgust,1,disgust,0.9627896547317505
/Users/prarthanapatel/Desktop/Himanshi/speech_emotion_detection-develop-v2/tess_preprocessed/audio/YAF_reach_disgust.wav,YAF_reach_disgust.wav,2,train,1,disgust,1,disgust,0.9633745551109314
/Users/prarthanapatel/Desktop/Himanshi/speech_emotion_detection-develop-v2/tess_preprocessed/audio/YAF_red_disgust.wav,YAF_red_disgust.wav,2,train,1,disgust,1,disgust,0.9670587778091431
/Users/prarthanapatel/Desktop/Himanshi/speech_emotion_detection-develop-v2/tess_preprocessed/audio/YAF_ring_disgust.wav,YAF_ring_disgust.wav,2,train,1,disgust,1,disgust,0.960383951663971
/Users/prarthanapatel/Desktop/Himanshi/speech_emotion_detection-develop-v2/tess_preprocessed/audio/YAF_ripe_disgust.wav,YAF_ripe_disgust.wav,2,train,1,disgust,1,disgust,0.9607256650924683
/Users/prarthanapatel/Desktop/Himanshi/speech_emotion_detection-develop-v2/tess_preprocessed/audio/YAF_road_disgust.wav,YAF_road_disgust.wav,2,train,1,disgust,1,disgust,0.9665377140045166
/Users/prarthanapatel/Desktop/Himanshi/speech_emotion_detection-develop-v2/tess_preprocessed/audio/YAF_room_disgust.wav,YAF_room_disgust.wav,2,train,1,disgust,1,disgust,0.9615609645843506
/Users/prarthanapatel/Desktop/Himanshi/speech_emotion_detection-develop-v2/tess_preprocessed/audio/YAF_rose_disgust.wav,YAF_rose_disgust.wav,2,train,1,disgust,1,disgust,0.9546113610267639
/Users/prarthanapatel/Desktop/Himanshi/speech_emotion_detection-develop-v2/tess_preprocessed/audio/YAF_rot_disgust.wav,YAF_rot_disgust.wav,2,train,1,disgust,1,disgust,0.9647976756095886
/Users/prarthanapatel/Desktop/Himanshi/speech_emotion_detection-develop-v2/tess_preprocessed/audio/YAF_rough_disgust.wav,YAF_rough_disgust.wav,2,train,1,disgust,1,disgust,0.9596792459487915
/Users/prarthanapatel/Desktop/Himanshi/speech_emotion_detection-develop-v2/tess_preprocessed/audio/YAF_rush_disgust.wav,YAF_rush_disgust.wav,2,train,1,disgust,1,disgust,0.9639955163002014
/Users/prarthanapatel/Desktop/Himanshi/speech_emotion_detection-develop-v2/tess_preprocessed/audio/YAF_said_disgust.wav,YAF_said_disgust.wav,2,train,1,disgust,1,disgust,0.9645149111747742
/Users/prarthanapatel/Desktop/Himanshi/speech_emotion_detection-develop-v2/tess_preprocessed/audio/YAF_sail_disgust.wav,YAF_sail_disgust.wav,2,train,1,disgust,1,disgust,0.9654155969619751
/Users/prarthanapatel/Desktop/Himanshi/speech_emotion_detection-develop-v2/tess_preprocessed/audio/YAF_search_disgust.wav,YAF_search_disgust.wav,2,train,1,disgust,1,disgust,0.9665263891220093
/Users/prarthanapatel/Desktop/Himanshi/speech_emotion_detection-develop-v2/tess_preprocessed/audio/YAF_seize_disgust.wav,YAF_seize_disgust.wav,2,train,1,disgust,1,disgust,0.9654806852340698
/Users/prarthanapatel/Desktop/Himanshi/speech_emotion_detection-develop-v2/tess_preprocessed/audio/YAF_sell_disgust.wav,YAF_sell_disgust.wav,2,train,1,disgust,1,disgust,0.9672196507453918
/Users/prarthanapatel/Desktop/Himanshi/speech_emotion_detection-develop-v2/tess_preprocessed/audio/YAF_shall_disgust.wav,YAF_shall_disgust.wav,2,train,1,disgust,1,disgust,0.9645598530769348
/Users/prarthanapatel/Desktop/Himanshi/speech_emotion_detection-develop-v2/tess_preprocessed/audio/YAF_sheep_disgust.wav,YAF_sheep_disgust.wav,2,train,1,disgust,1,disgust,0.9689359068870544
/Users/prarthanapatel/Desktop/Himanshi/speech_emotion_detection-develop-v2/tess_preprocessed/audio/YAF_shirt_disgust.wav,YAF_shirt_disgust.wav,2,train,1,disgust,1,disgust,0.9662848711013794
/Users/prarthanapatel/Desktop/Himanshi/speech_emotion_detection-develop-v2/tess_preprocessed/audio/YAF_should_disgust.wav,YAF_should_disgust.wav,2,train,1,disgust,1,disgust,0.9635976552963257
/Users/prarthanapatel/Desktop/Himanshi/speech_emotion_detection-develop-v2/tess_preprocessed/audio/YAF_shout_disgust.wav,YAF_shout_disgust.wav,2,train,1,disgust,1,disgust,0.9665763974189758
/Users/prarthanapatel/Desktop/Himanshi/speech_emotion_detection-develop-v2/tess_preprocessed/audio/YAF_size_disgust.wav,YAF_size_disgust.wav,2,train,1,disgust,1,disgust,0.9657630324363708
/Users/prarthanapatel/Desktop/Himanshi/speech_emotion_detection-develop-v2/tess_preprocessed/audio/YAF_soup_disgust.wav,YAF_soup_disgust.wav,2,train,1,disgust,1,disgust,0.9666448831558228
/Users/prarthanapatel/Desktop/Himanshi/speech_emotion_detection-develop-v2/tess_preprocessed/audio/YAF_sour_disgust.wav,YAF_sour_disgust.wav,2,train,1,disgust,1,disgust,0.9658128619194031
/Users/prarthanapatel/Desktop/Himanshi/speech_emotion_detection-develop-v2/tess_preprocessed/audio/YAF_sub_disgust.wav,YAF_sub_disgust.wav,2,train,1,disgust,1,disgust,0.9639960527420044
/Users/prarthanapatel/Desktop/Himanshi/speech_emotion_detection-develop-v2/tess_preprocessed/audio/YAF_such_disgust.wav,YAF_such_disgust.wav,2,train,1,disgust,1,disgust,0.9643779397010803
/Users/prarthanapatel/Desktop/Himanshi/speech_emotion_detection-develop-v2/tess_preprocessed/audio/YAF_sure_disgust.wav,YAF_sure_disgust.wav,2,train,1,disgust,1,disgust,0.9673892855644226
/Users/prarthanapatel/Desktop/Himanshi/speech_emotion_detection-develop-v2/tess_preprocessed/audio/YAF_take_disgust.wav,YAF_take_disgust.wav,2,train,1,disgust,1,disgust,0.9651603102684021
/Users/prarthanapatel/Desktop/Himanshi/speech_emotion_detection-develop-v2/tess_preprocessed/audio/YAF_talk_disgust.wav,YAF_talk_disgust.wav,2,train,1,disgust,1,disgust,0.9674206376075745
/Users/prarthanapatel/Desktop/Himanshi/speech_emotion_detection-develop-v2/tess_preprocessed/audio/YAF_tape_disgust.wav,YAF_tape_disgust.wav,2,train,1,disgust,1,disgust,0.9616805911064148
/Users/prarthanapatel/Desktop/Himanshi/speech_emotion_detection-develop-v2/tess_preprocessed/audio/YAF_tell_disgust.wav,YAF_tell_disgust.wav,2,train,1,disgust,1,disgust,0.9686405062675476
/Users/prarthanapatel/Desktop/Himanshi/speech_emotion_detection-develop-v2/tess_preprocessed/audio/YAF_thin_disgust.wav,YAF_thin_disgust.wav,2,train,1,disgust,1,disgust,0.9648690223693848
/Users/prarthanapatel/Desktop/Himanshi/speech_emotion_detection-develop-v2/tess_preprocessed/audio/YAF_third_disgust.wav,YAF_third_disgust.wav,2,train,1,disgust,1,disgust,0.9652188420295715
/Users/prarthanapatel/Desktop/Himanshi/speech_emotion_detection-develop-v2/tess_preprocessed/audio/YAF_thumb_disgust.wav,YAF_thumb_disgust.wav,2,train,1,disgust,1,disgust,0.9606850743293762
/Users/prarthanapatel/Desktop/Himanshi/speech_emotion_detection-develop-v2/tess_preprocessed/audio/YAF_time_disgust.wav,YAF_time_disgust.wav,2,train,1,disgust,1,disgust,0.9615151286125183
/Users/prarthanapatel/Desktop/Himanshi/speech_emotion_detection-develop-v2/tess_preprocessed/audio/YAF_tip_disgust.wav,YAF_tip_disgust.wav,2,train,1,disgust,1,disgust,0.9655566811561584
/Users/prarthanapatel/Desktop/Himanshi/speech_emotion_detection-develop-v2/tess_preprocessed/audio/YAF_tool_disgust.wav,YAF_tool_disgust.wav,2,train,1,disgust,1,disgust,0.9519124031066895
/Users/prarthanapatel/Desktop/Himanshi/speech_emotion_detection-develop-v2/tess_preprocessed/audio/YAF_void_disgust.wav,YAF_void_disgust.wav,2,train,1,disgust,1,disgust,0.9654584527015686
/Users/prarthanapatel/Desktop/Himanshi/speech_emotion_detection-develop-v2/tess_preprocessed/audio/YAF_wag_disgust.wav,YAF_wag_disgust.wav,2,train,1,disgust,1,disgust,0.962440013885498
/Users/prarthanapatel/Desktop/Himanshi/speech_emotion_detection-develop-v2/tess_preprocessed/audio/YAF_wash_disgust.wav,YAF_wash_disgust.wav,2,train,1,disgust,1,disgust,0.9663218259811401
/Users/prarthanapatel/Desktop/Himanshi/speech_emotion_detection-develop-v2/tess_preprocessed/audio/YAF_week_disgust.wav,YAF_week_disgust.wav,2,train,1,disgust,1,disgust,0.9635670781135559
/Users/prarthanapatel/Desktop/Himanshi/speech_emotion_detection-develop-v2/tess_preprocessed/audio/YAF_when_disgust.wav,YAF_when_disgust.wav,2,train,1,disgust,1,disgust,0.9642813205718994
/Users/prarthanapatel/Desktop/Himanshi/speech_emotion_detection-develop-v2/tess_preprocessed/audio/YAF_which_disgust.wav,YAF_which_disgust.wav,2,train,1,disgust,1,disgust,0.9677411913871765
/Users/prarthanapatel/Desktop/Himanshi/speech_emotion_detection-develop-v2/tess_preprocessed/audio/YAF_whip_disgust.wav,YAF_whip_disgust.wav,2,train,1,disgust,1,disgust,0.9624638557434082
/Users/prarthanapatel/Desktop/Himanshi/speech_emotion_detection-develop-v2/tess_preprocessed/audio/YAF_wire_disgust.wav,YAF_wire_disgust.wav,2,train,1,disgust,1,disgust,0.9668771624565125
/Users/prarthanapatel/Desktop/Himanshi/speech_emotion_detection-develop-v2/tess_preprocessed/audio/YAF_witch_disgust.wav,YAF_witch_disgust.wav,2,train,1,disgust,1,disgust,0.9618908762931824
/Users/prarthanapatel/Desktop/Himanshi/speech_emotion_detection-develop-v2/tess_preprocessed/audio/YAF_yes_disgust.wav,YAF_yes_disgust.wav,2,train,1,disgust,1,disgust,0.9674890637397766
/Users/prarthanapatel/Desktop/Himanshi/speech_emotion_detection-develop-v2/tess_preprocessed/audio/YAF_young_disgust.wav,YAF_young_disgust.wav,2,train,1,disgust,1,disgust,0.9590721726417542
/Users/prarthanapatel/Desktop/Himanshi/speech_emotion_detection-develop-v2/tess_preprocessed/audio/YAF_back_fear.wav,YAF_back_fear.wav,2,train,2,fear,2,fear,0.9783782362937927
/Users/prarthanapatel/Desktop/Himanshi/speech_emotion_detection-develop-v2/tess_preprocessed/audio/YAF_base_fear.wav,YAF_base_fear.wav,2,train,2,fear,2,fear,0.9753830432891846
/Users/prarthanapatel/Desktop/Himanshi/speech_emotion_detection-develop-v2/tess_preprocessed/audio/YAF_bath_fear.wav,YAF_bath_fear.wav,2,train,2,fear,2,fear,0.9786108136177063
/Users/prarthanapatel/Desktop/Himanshi/speech_emotion_detection-develop-v2/tess_preprocessed/audio/YAF_bean_fear.wav,YAF_bean_fear.wav,2,train,2,fear,2,fear,0.9783333539962769
/Users/prarthanapatel/Desktop/Himanshi/speech_emotion_detection-develop-v2/tess_preprocessed/audio/YAF_beg_fear.wav,YAF_beg_fear.wav,2,train,2,fear,2,fear,0.9782951474189758
/Users/prarthanapatel/Desktop/Himanshi/speech_emotion_detection-develop-v2/tess_preprocessed/audio/YAF_bite_fear.wav,YAF_bite_fear.wav,2,train,2,fear,2,fear,0.9777544140815735
/Users/prarthanapatel/Desktop/Himanshi/speech_emotion_detection-develop-v2/tess_preprocessed/audio/YAF_book_fear.wav,YAF_book_fear.wav,2,train,2,fear,2,fear,0.9785121083259583
/Users/prarthanapatel/Desktop/Himanshi/speech_emotion_detection-develop-v2/tess_preprocessed/audio/YAF_bought_fear.wav,YAF_bought_fear.wav,2,train,2,fear,2,fear,0.9765803217887878
/Users/prarthanapatel/Desktop/Himanshi/speech_emotion_detection-develop-v2/tess_preprocessed/audio/YAF_burn_fear.wav,YAF_burn_fear.wav,2,train,2,fear,2,fear,0.9798154830932617
/Users/prarthanapatel/Desktop/Himanshi/speech_emotion_detection-develop-v2/tess_preprocessed/audio/YAF_cab_fear.wav,YAF_cab_fear.wav,2,train,2,fear,2,fear,0.9787470698356628
/Users/prarthanapatel/Desktop/Himanshi/speech_emotion_detection-develop-v2/tess_preprocessed/audio/YAF_cause_fear.wav,YAF_cause_fear.wav,2,train,2,fear,2,fear,0.979854166507721
/Users/prarthanapatel/Desktop/Himanshi/speech_emotion_detection-develop-v2/tess_preprocessed/audio/YAF_chain_fear.wav,YAF_chain_fear.wav,2,train,2,fear,2,fear,0.977380096912384
/Users/prarthanapatel/Desktop/Himanshi/speech_emotion_detection-develop-v2/tess_preprocessed/audio/YAF_chalk_fear.wav,YAF_chalk_fear.wav,2,train,2,fear,2,fear,0.9800712466239929
/Users/prarthanapatel/Desktop/Himanshi/speech_emotion_detection-develop-v2/tess_preprocessed/audio/YAF_chat_fear.wav,YAF_chat_fear.wav,2,train,2,fear,2,fear,0.9774147272109985
/Users/prarthanapatel/Desktop/Himanshi/speech_emotion_detection-develop-v2/tess_preprocessed/audio/YAF_chief_fear.wav,YAF_chief_fear.wav,2,train,2,fear,2,fear,0.9750162363052368
/Users/prarthanapatel/Desktop/Himanshi/speech_emotion_detection-develop-v2/tess_preprocessed/audio/YAF_choice_fear.wav,YAF_choice_fear.wav,2,train,2,fear,2,fear,0.9793980717658997
/Users/prarthanapatel/Desktop/Himanshi/speech_emotion_detection-develop-v2/tess_preprocessed/audio/YAF_cool_fear.wav,YAF_cool_fear.wav,2,train,2,fear,2,fear,0.9776000380516052
/Users/prarthanapatel/Desktop/Himanshi/speech_emotion_detection-develop-v2/tess_preprocessed/audio/YAF_dab_fear.wav,YAF_dab_fear.wav,2,train,2,fear,2,fear,0.9810996651649475
/Users/prarthanapatel/Desktop/Himanshi/speech_emotion_detection-develop-v2/tess_preprocessed/audio/YAF_date_fear.wav,YAF_date_fear.wav,2,train,2,fear,2,fear,0.9752234816551208
/Users/prarthanapatel/Desktop/Himanshi/speech_emotion_detection-develop-v2/tess_preprocessed/audio/YAF_dead_fear.wav,YAF_dead_fear.wav,2,train,2,fear,2,fear,0.9789904356002808
/Users/prarthanapatel/Desktop/Himanshi/speech_emotion_detection-develop-v2/tess_preprocessed/audio/YAF_death_fear.wav,YAF_death_fear.wav,2,train,2,fear,2,fear,0.9779345393180847
/Users/prarthanapatel/Desktop/Himanshi/speech_emotion_detection-develop-v2/tess_preprocessed/audio/YAF_deep_fear.wav,YAF_deep_fear.wav,2,train,2,fear,2,fear,0.9781380891799927
/Users/prarthanapatel/Desktop/Himanshi/speech_emotion_detection-develop-v2/tess_preprocessed/audio/YAF_dime_fear.wav,YAF_dime_fear.wav,2,train,2,fear,2,fear,0.9799050092697144
/Users/prarthanapatel/Desktop/Himanshi/speech_emotion_detection-develop-v2/tess_preprocessed/audio/YAF_dip_fear.wav,YAF_dip_fear.wav,2,train,2,fear,2,fear,0.9793072938919067
/Users/prarthanapatel/Desktop/Himanshi/speech_emotion_detection-develop-v2/tess_preprocessed/audio/YAF_ditch_fear.wav,YAF_ditch_fear.wav,2,train,2,fear,2,fear,0.9776207804679871
/Users/prarthanapatel/Desktop/Himanshi/speech_emotion_detection-develop-v2/tess_preprocessed/audio/YAF_dodge_fear.wav,YAF_dodge_fear.wav,2,train,2,fear,2,fear,0.9795742034912109
/Users/prarthanapatel/Desktop/Himanshi/speech_emotion_detection-develop-v2/tess_preprocessed/audio/YAF_doll_fear.wav,YAF_doll_fear.wav,2,train,2,fear,2,fear,0.9801053404808044
/Users/prarthanapatel/Desktop/Himanshi/speech_emotion_detection-develop-v2/tess_preprocessed/audio/YAF_door_fear.wav,YAF_door_fear.wav,2,train,2,fear,2,fear,0.9798910021781921
/Users/prarthanapatel/Desktop/Himanshi/speech_emotion_detection-develop-v2/tess_preprocessed/audio/YAF_fall_fear.wav,YAF_fall_fear.wav,2,train,2,fear,2,fear,0.979223370552063
/Users/prarthanapatel/Desktop/Himanshi/speech_emotion_detection-develop-v2/tess_preprocessed/audio/YAF_far_fear.wav,YAF_far_fear.wav,2,train,2,fear,2,fear,0.9786863923072815
/Users/prarthanapatel/Desktop/Himanshi/speech_emotion_detection-develop-v2/tess_preprocessed/audio/YAF_fat_fear.wav,YAF_fat_fear.wav,2,train,2,fear,2,fear,0.9793333411216736
/Users/prarthanapatel/Desktop/Himanshi/speech_emotion_detection-develop-v2/tess_preprocessed/audio/YAF_fit_fear.wav,YAF_fit_fear.wav,2,train,2,fear,2,fear,0.9784201979637146
/Users/prarthanapatel/Desktop/Himanshi/speech_emotion_detection-develop-v2/tess_preprocessed/audio/YAF_five_fear.wav,YAF_five_fear.wav,2,train,2,fear,2,fear,0.9788788557052612
/Users/prarthanapatel/Desktop/Himanshi/speech_emotion_detection-develop-v2/tess_preprocessed/audio/YAF_food_fear.wav,YAF_food_fear.wav,2,train,2,fear,2,fear,0.9788282513618469
/Users/prarthanapatel/Desktop/Himanshi/speech_emotion_detection-develop-v2/tess_preprocessed/audio/YAF_gap_fear.wav,YAF_gap_fear.wav,2,train,2,fear,2,fear,0.9795956611633301
/Users/prarthanapatel/Desktop/Himanshi/speech_emotion_detection-develop-v2/tess_preprocessed/audio/YAF_gas_fear.wav,YAF_gas_fear.wav,2,train,2,fear,2,fear,0.9795879125595093
/Users/prarthanapatel/Desktop/Himanshi/speech_emotion_detection-develop-v2/tess_preprocessed/audio/YAF_gaze_fear.wav,YAF_gaze_fear.wav,2,train,2,fear,2,fear,0.9791098833084106
/Users/prarthanapatel/Desktop/Himanshi/speech_emotion_detection-develop-v2/tess_preprocessed/audio/YAF_germ_fear.wav,YAF_germ_fear.wav,2,train,2,fear,2,fear,0.9798253178596497
/Users/prarthanapatel/Desktop/Himanshi/speech_emotion_detection-develop-v2/tess_preprocessed/audio/YAF_good_fear.wav,YAF_good_fear.wav,2,train,2,fear,2,fear,0.979033887386322
/Users/prarthanapatel/Desktop/Himanshi/speech_emotion_detection-develop-v2/tess_preprocessed/audio/YAF_gun_fear.wav,YAF_gun_fear.wav,2,train,2,fear,2,fear,0.9799553751945496
/Users/prarthanapatel/Desktop/Himanshi/speech_emotion_detection-develop-v2/tess_preprocessed/audio/YAF_hall_fear.wav,YAF_hall_fear.wav,2,train,2,fear,2,fear,0.9789657592773438
/Users/prarthanapatel/Desktop/Himanshi/speech_emotion_detection-develop-v2/tess_preprocessed/audio/YAF_hash_fear.wav,YAF_hash_fear.wav,2,train,2,fear,2,fear,0.9780189990997314
/Users/prarthanapatel/Desktop/Himanshi/speech_emotion_detection-develop-v2/tess_preprocessed/audio/YAF_hire_fear.wav,YAF_hire_fear.wav,2,train,2,fear,2,fear,0.979500412940979
/Users/prarthanapatel/Desktop/Himanshi/speech_emotion_detection-develop-v2/tess_preprocessed/audio/YAF_hit_fear.wav,YAF_hit_fear.wav,2,train,2,fear,2,fear,0.9784194231033325
/Users/prarthanapatel/Desktop/Himanshi/speech_emotion_detection-develop-v2/tess_preprocessed/audio/YAF_hole_fear.wav,YAF_hole_fear.wav,2,train,2,fear,2,fear,0.9800439476966858
/Users/prarthanapatel/Desktop/Himanshi/speech_emotion_detection-develop-v2/tess_preprocessed/audio/YAF_hurl_fear.wav,YAF_hurl_fear.wav,2,train,2,fear,2,fear,0.9797934889793396
/Users/prarthanapatel/Desktop/Himanshi/speech_emotion_detection-develop-v2/tess_preprocessed/audio/YAF_hush_fear.wav,YAF_hush_fear.wav,2,train,2,fear,2,fear,0.9797278046607971
/Users/prarthanapatel/Desktop/Himanshi/speech_emotion_detection-develop-v2/tess_preprocessed/audio/YAF_jail_fear.wav,YAF_jail_fear.wav,2,train,2,fear,2,fear,0.9786748886108398
/Users/prarthanapatel/Desktop/Himanshi/speech_emotion_detection-develop-v2/tess_preprocessed/audio/YAF_jar_fear.wav,YAF_jar_fear.wav,2,train,2,fear,2,fear,0.9806000590324402
/Users/prarthanapatel/Desktop/Himanshi/speech_emotion_detection-develop-v2/tess_preprocessed/audio/YAF_join_fear.wav,YAF_join_fear.wav,2,train,2,fear,2,fear,0.9797109961509705
/Users/prarthanapatel/Desktop/Himanshi/speech_emotion_detection-develop-v2/tess_preprocessed/audio/YAF_judge_fear.wav,YAF_judge_fear.wav,2,train,2,fear,2,fear,0.9785628914833069
/Users/prarthanapatel/Desktop/Himanshi/speech_emotion_detection-develop-v2/tess_preprocessed/audio/YAF_jug_fear.wav,YAF_jug_fear.wav,2,train,2,fear,2,fear,0.9788402318954468
/Users/prarthanapatel/Desktop/Himanshi/speech_emotion_detection-develop-v2/tess_preprocessed/audio/YAF_keep_fear.wav,YAF_keep_fear.wav,2,train,2,fear,2,fear,0.9788383841514587
/Users/prarthanapatel/Desktop/Himanshi/speech_emotion_detection-develop-v2/tess_preprocessed/audio/YAF_kick_fear.wav,YAF_kick_fear.wav,2,train,2,fear,2,fear,0.977626383304596
/Users/prarthanapatel/Desktop/Himanshi/speech_emotion_detection-develop-v2/tess_preprocessed/audio/YAF_kill_fear.wav,YAF_kill_fear.wav,2,train,2,fear,2,fear,0.9782906174659729
/Users/prarthanapatel/Desktop/Himanshi/speech_emotion_detection-develop-v2/tess_preprocessed/audio/YAF_king_fear.wav,YAF_king_fear.wav,2,train,2,fear,2,fear,0.9790929555892944
/Users/prarthanapatel/Desktop/Himanshi/speech_emotion_detection-develop-v2/tess_preprocessed/audio/YAF_kite_fear.wav,YAF_kite_fear.wav,2,train,2,fear,2,fear,0.9767709970474243
/Users/prarthanapatel/Desktop/Himanshi/speech_emotion_detection-develop-v2/tess_preprocessed/audio/YAF_knock_fear.wav,YAF_knock_fear.wav,2,train,2,fear,2,fear,0.9799675941467285
/Users/prarthanapatel/Desktop/Himanshi/speech_emotion_detection-develop-v2/tess_preprocessed/audio/YAF_laud_fear.wav,YAF_laud_fear.wav,2,train,2,fear,2,fear,0.9798842668533325
/Users/prarthanapatel/Desktop/Himanshi/speech_emotion_detection-develop-v2/tess_preprocessed/audio/YAF_lean_fear.wav,YAF_lean_fear.wav,2,train,2,fear,2,fear,0.9790264368057251
/Users/prarthanapatel/Desktop/Himanshi/speech_emotion_detection-develop-v2/tess_preprocessed/audio/YAF_lease_fear.wav,YAF_lease_fear.wav,2,train,2,fear,2,fear,0.9791027903556824
/Users/prarthanapatel/Desktop/Himanshi/speech_emotion_detection-develop-v2/tess_preprocessed/audio/YAF_lid_fear.wav,YAF_lid_fear.wav,2,train,2,fear,2,fear,0.9788892269134521
/Users/prarthanapatel/Desktop/Himanshi/speech_emotion_detection-develop-v2/tess_preprocessed/audio/YAF_life_fear.wav,YAF_life_fear.wav,2,train,2,fear,2,fear,0.980560302734375
/Users/prarthanapatel/Desktop/Himanshi/speech_emotion_detection-develop-v2/tess_preprocessed/audio/YAF_long_fear.wav,YAF_long_fear.wav,2,train,2,fear,2,fear,0.9791361689567566
/Users/prarthanapatel/Desktop/Himanshi/speech_emotion_detection-develop-v2/tess_preprocessed/audio/YAF_lot_fear.wav,YAF_lot_fear.wav,2,train,2,fear,2,fear,0.9791715741157532
/Users/prarthanapatel/Desktop/Himanshi/speech_emotion_detection-develop-v2/tess_preprocessed/audio/YAF_love_fear.wav,YAF_love_fear.wav,2,train,2,fear,2,fear,0.9791989922523499
/Users/prarthanapatel/Desktop/Himanshi/speech_emotion_detection-develop-v2/tess_preprocessed/audio/YAF_luck_fear.wav,YAF_luck_fear.wav,2,train,2,fear,2,fear,0.9787560701370239
/Users/prarthanapatel/Desktop/Himanshi/speech_emotion_detection-develop-v2/tess_preprocessed/audio/YAF_make_fear.wav,YAF_make_fear.wav,2,train,2,fear,2,fear,0.9783391952514648
/Users/prarthanapatel/Desktop/Himanshi/speech_emotion_detection-develop-v2/tess_preprocessed/audio/YAF_match_fear.wav,YAF_match_fear.wav,2,train,2,fear,2,fear,0.9786860942840576
/Users/prarthanapatel/Desktop/Himanshi/speech_emotion_detection-develop-v2/tess_preprocessed/audio/YAF_merge_fear.wav,YAF_merge_fear.wav,2,train,2,fear,2,fear,0.977732241153717
/Users/prarthanapatel/Desktop/Himanshi/speech_emotion_detection-develop-v2/tess_preprocessed/audio/YAF_met_fear.wav,YAF_met_fear.wav,2,train,2,fear,2,fear,0.976725161075592
/Users/prarthanapatel/Desktop/Himanshi/speech_emotion_detection-develop-v2/tess_preprocessed/audio/YAF_mill_fear.wav,YAF_mill_fear.wav,2,train,2,fear,2,fear,0.979525089263916
/Users/prarthanapatel/Desktop/Himanshi/speech_emotion_detection-develop-v2/tess_preprocessed/audio/YAF_mood_fear.wav,YAF_mood_fear.wav,2,train,2,fear,2,fear,0.9784874320030212
/Users/prarthanapatel/Desktop/Himanshi/speech_emotion_detection-develop-v2/tess_preprocessed/audio/YAF_moon_fear.wav,YAF_moon_fear.wav,2,train,2,fear,2,fear,0.9794953465461731
/Users/prarthanapatel/Desktop/Himanshi/speech_emotion_detection-develop-v2/tess_preprocessed/audio/YAF_nag_fear.wav,YAF_nag_fear.wav,2,train,2,fear,2,fear,0.9785082936286926
/Users/prarthanapatel/Desktop/Himanshi/speech_emotion_detection-develop-v2/tess_preprocessed/audio/YAF_name_fear.wav,YAF_name_fear.wav,2,train,2,fear,2,fear,0.9778249859809875
/Users/prarthanapatel/Desktop/Himanshi/speech_emotion_detection-develop-v2/tess_preprocessed/audio/YAF_neat_fear.wav,YAF_neat_fear.wav,2,train,2,fear,2,fear,0.9777076244354248
/Users/prarthanapatel/Desktop/Himanshi/speech_emotion_detection-develop-v2/tess_preprocessed/audio/YAF_nice_fear.wav,YAF_nice_fear.wav,2,train,2,fear,2,fear,0.9767753481864929
/Users/prarthanapatel/Desktop/Himanshi/speech_emotion_detection-develop-v2/tess_preprocessed/audio/YAF_note_fear.wav,YAF_note_fear.wav,2,train,2,fear,2,fear,0.9787696599960327
/Users/prarthanapatel/Desktop/Himanshi/speech_emotion_detection-develop-v2/tess_preprocessed/audio/YAF_numb_fear.wav,YAF_numb_fear.wav,2,train,2,fear,2,fear,0.9792037010192871
/Users/prarthanapatel/Desktop/Himanshi/speech_emotion_detection-develop-v2/tess_preprocessed/audio/YAF_pad_fear.wav,YAF_pad_fear.wav,2,train,2,fear,2,fear,0.9779109358787537
/Users/prarthanapatel/Desktop/Himanshi/speech_emotion_detection-develop-v2/tess_preprocessed/audio/YAF_pain_fear.wav,YAF_pain_fear.wav,2,train,2,fear,2,fear,0.979584813117981
/Users/prarthanapatel/Desktop/Himanshi/speech_emotion_detection-develop-v2/tess_preprocessed/audio/YAF_pass_fear.wav,YAF_pass_fear.wav,2,train,2,fear,2,fear,0.9786460995674133
/Users/prarthanapatel/Desktop/Himanshi/speech_emotion_detection-develop-v2/tess_preprocessed/audio/YAF_pearl_fear.wav,YAF_pearl_fear.wav,2,train,2,fear,2,fear,0.9799416065216064
/Users/prarthanapatel/Desktop/Himanshi/speech_emotion_detection-develop-v2/tess_preprocessed/audio/YAF_peg_fear.wav,YAF_peg_fear.wav,2,train,2,fear,2,fear,0.9785043001174927
/Users/prarthanapatel/Desktop/Himanshi/speech_emotion_detection-develop-v2/tess_preprocessed/audio/YAF_phone_fear.wav,YAF_phone_fear.wav,2,train,2,fear,2,fear,0.9784138202667236
/Users/prarthanapatel/Desktop/Himanshi/speech_emotion_detection-develop-v2/tess_preprocessed/audio/YAF_pick_fear.wav,YAF_pick_fear.wav,2,train,2,fear,2,fear,0.9760528206825256
/Users/prarthanapatel/Desktop/Himanshi/speech_emotion_detection-develop-v2/tess_preprocessed/audio/YAF_pike_fear.wav,YAF_pike_fear.wav,2,train,2,fear,2,fear,0.9778845906257629
/Users/prarthanapatel/Desktop/Himanshi/speech_emotion_detection-develop-v2/tess_preprocessed/audio/YAF_pole_fear.wav,YAF_pole_fear.wav,2,train,2,fear,2,fear,0.9789101481437683
/Users/prarthanapatel/Desktop/Himanshi/speech_emotion_detection-develop-v2/tess_preprocessed/audio/YAF_pool_fear.wav,YAF_pool_fear.wav,2,train,2,fear,2,fear,0.9772417545318604
/Users/prarthanapatel/Desktop/Himanshi/speech_emotion_detection-develop-v2/tess_preprocessed/audio/YAF_puff_fear.wav,YAF_puff_fear.wav,2,train,2,fear,2,fear,0.9779322743415833
/Users/prarthanapatel/Desktop/Himanshi/speech_emotion_detection-develop-v2/tess_preprocessed/audio/YAF_rag_fear.wav,YAF_rag_fear.wav,2,train,2,fear,2,fear,0.9776048064231873
/Users/prarthanapatel/Desktop/Himanshi/speech_emotion_detection-develop-v2/tess_preprocessed/audio/YAF_rat_fear.wav,YAF_rat_fear.wav,2,train,2,fear,2,fear,0.9774216413497925
/Users/prarthanapatel/Desktop/Himanshi/speech_emotion_detection-develop-v2/tess_preprocessed/audio/YAF_reach_fear.wav,YAF_reach_fear.wav,2,train,2,fear,2,fear,0.9782742857933044
/Users/prarthanapatel/Desktop/Himanshi/speech_emotion_detection-develop-v2/tess_preprocessed/audio/YAF_red_fear.wav,YAF_red_fear.wav,2,train,2,fear,2,fear,0.9786943793296814
/Users/prarthanapatel/Desktop/Himanshi/speech_emotion_detection-develop-v2/tess_preprocessed/audio/YAF_ring_fear.wav,YAF_ring_fear.wav,2,train,2,fear,2,fear,0.9796944260597229
/Users/prarthanapatel/Desktop/Himanshi/speech_emotion_detection-develop-v2/tess_preprocessed/audio/YAF_ripe_fear.wav,YAF_ripe_fear.wav,2,train,2,fear,2,fear,0.9785433411598206
/Users/prarthanapatel/Desktop/Himanshi/speech_emotion_detection-develop-v2/tess_preprocessed/audio/YAF_road_fear.wav,YAF_road_fear.wav,2,train,2,fear,2,fear,0.9797961711883545
/Users/prarthanapatel/Desktop/Himanshi/speech_emotion_detection-develop-v2/tess_preprocessed/audio/YAF_room_fear.wav,YAF_room_fear.wav,2,train,2,fear,2,fear,0.9798555374145508
/Users/prarthanapatel/Desktop/Himanshi/speech_emotion_detection-develop-v2/tess_preprocessed/audio/YAF_rose_fear.wav,YAF_rose_fear.wav,2,train,2,fear,2,fear,0.9797673225402832
/Users/prarthanapatel/Desktop/Himanshi/speech_emotion_detection-develop-v2/tess_preprocessed/audio/YAF_rot_fear.wav,YAF_rot_fear.wav,2,train,2,fear,2,fear,0.978293240070343
/Users/prarthanapatel/Desktop/Himanshi/speech_emotion_detection-develop-v2/tess_preprocessed/audio/YAF_rough_fear.wav,YAF_rough_fear.wav,2,train,2,fear,2,fear,0.9784296751022339
/Users/prarthanapatel/Desktop/Himanshi/speech_emotion_detection-develop-v2/tess_preprocessed/audio/YAF_rush_fear.wav,YAF_rush_fear.wav,2,train,2,fear,2,fear,0.9791033267974854
/Users/prarthanapatel/Desktop/Himanshi/speech_emotion_detection-develop-v2/tess_preprocessed/audio/YAF_said_fear.wav,YAF_said_fear.wav,2,train,2,fear,2,fear,0.9800062775611877
/Users/prarthanapatel/Desktop/Himanshi/speech_emotion_detection-develop-v2/tess_preprocessed/audio/YAF_sail_fear.wav,YAF_sail_fear.wav,2,train,2,fear,2,fear,0.9791335463523865
/Users/prarthanapatel/Desktop/Himanshi/speech_emotion_detection-develop-v2/tess_preprocessed/audio/YAF_search_fear.wav,YAF_search_fear.wav,2,train,2,fear,2,fear,0.9788484573364258
/Users/prarthanapatel/Desktop/Himanshi/speech_emotion_detection-develop-v2/tess_preprocessed/audio/YAF_seize_fear.wav,YAF_seize_fear.wav,2,train,2,fear,2,fear,0.9789101481437683
/Users/prarthanapatel/Desktop/Himanshi/speech_emotion_detection-develop-v2/tess_preprocessed/audio/YAF_sell_fear.wav,YAF_sell_fear.wav,2,train,2,fear,2,fear,0.9787003397941589
/Users/prarthanapatel/Desktop/Himanshi/speech_emotion_detection-develop-v2/tess_preprocessed/audio/YAF_shall_fear.wav,YAF_shall_fear.wav,2,train,2,fear,2,fear,0.978983461856842
/Users/prarthanapatel/Desktop/Himanshi/speech_emotion_detection-develop-v2/tess_preprocessed/audio/YAF_sheep_fear.wav,YAF_sheep_fear.wav,2,train,2,fear,2,fear,0.9785488247871399
/Users/prarthanapatel/Desktop/Himanshi/speech_emotion_detection-develop-v2/tess_preprocessed/audio/YAF_shirt_fear.wav,YAF_shirt_fear.wav,2,train,2,fear,2,fear,0.9791718125343323
/Users/prarthanapatel/Desktop/Himanshi/speech_emotion_detection-develop-v2/tess_preprocessed/audio/YAF_should_fear.wav,YAF_should_fear.wav,2,train,2,fear,2,fear,0.9781930446624756
/Users/prarthanapatel/Desktop/Himanshi/speech_emotion_detection-develop-v2/tess_preprocessed/audio/YAF_shout_fear.wav,YAF_shout_fear.wav,2,train,2,fear,2,fear,0.9772858023643494
/Users/prarthanapatel/Desktop/Himanshi/speech_emotion_detection-develop-v2/tess_preprocessed/audio/YAF_size_fear.wav,YAF_size_fear.wav,2,train,2,fear,2,fear,0.9805321097373962
/Users/prarthanapatel/Desktop/Himanshi/speech_emotion_detection-develop-v2/tess_preprocessed/audio/YAF_soup_fear.wav,YAF_soup_fear.wav,2,train,2,fear,2,fear,0.9797948598861694
/Users/prarthanapatel/Desktop/Himanshi/speech_emotion_detection-develop-v2/tess_preprocessed/audio/YAF_sour_fear.wav,YAF_sour_fear.wav,2,train,2,fear,2,fear,0.9797924757003784
/Users/prarthanapatel/Desktop/Himanshi/speech_emotion_detection-develop-v2/tess_preprocessed/audio/YAF_sub_fear.wav,YAF_sub_fear.wav,2,train,2,fear,2,fear,0.9775174260139465
/Users/prarthanapatel/Desktop/Himanshi/speech_emotion_detection-develop-v2/tess_preprocessed/audio/YAF_such_fear.wav,YAF_such_fear.wav,2,train,2,fear,2,fear,0.9788485765457153
/Users/prarthanapatel/Desktop/Himanshi/speech_emotion_detection-develop-v2/tess_preprocessed/audio/YAF_sure_fear.wav,YAF_sure_fear.wav,2,train,2,fear,2,fear,0.9799812436103821
/Users/prarthanapatel/Desktop/Himanshi/speech_emotion_detection-develop-v2/tess_preprocessed/audio/YAF_take_fear.wav,YAF_take_fear.wav,2,train,2,fear,2,fear,0.9769869446754456
/Users/prarthanapatel/Desktop/Himanshi/speech_emotion_detection-develop-v2/tess_preprocessed/audio/YAF_talk_fear.wav,YAF_talk_fear.wav,2,train,2,fear,2,fear,0.9765926003456116
/Users/prarthanapatel/Desktop/Himanshi/speech_emotion_detection-develop-v2/tess_preprocessed/audio/YAF_tape_fear.wav,YAF_tape_fear.wav,2,train,2,fear,2,fear,0.9765487909317017
/Users/prarthanapatel/Desktop/Himanshi/speech_emotion_detection-develop-v2/tess_preprocessed/audio/YAF_tell_fear.wav,YAF_tell_fear.wav,2,train,2,fear,2,fear,0.978344202041626
/Users/prarthanapatel/Desktop/Himanshi/speech_emotion_detection-develop-v2/tess_preprocessed/audio/YAF_thin_fear.wav,YAF_thin_fear.wav,2,train,2,fear,2,fear,0.9792194962501526
/Users/prarthanapatel/Desktop/Himanshi/speech_emotion_detection-develop-v2/tess_preprocessed/audio/YAF_third_fear.wav,YAF_third_fear.wav,2,train,2,fear,2,fear,0.9795631766319275
/Users/prarthanapatel/Desktop/Himanshi/speech_emotion_detection-develop-v2/tess_preprocessed/audio/YAF_thumb_fear.wav,YAF_thumb_fear.wav,2,train,2,fear,2,fear,0.976111888885498
/Users/prarthanapatel/Desktop/Himanshi/speech_emotion_detection-develop-v2/tess_preprocessed/audio/YAF_time_fear.wav,YAF_time_fear.wav,2,train,2,fear,2,fear,0.9785811305046082
/Users/prarthanapatel/Desktop/Himanshi/speech_emotion_detection-develop-v2/tess_preprocessed/audio/YAF_tip_fear.wav,YAF_tip_fear.wav,2,train,2,fear,2,fear,0.9772858023643494
/Users/prarthanapatel/Desktop/Himanshi/speech_emotion_detection-develop-v2/tess_preprocessed/audio/YAF_tool_fear.wav,YAF_tool_fear.wav,2,train,2,fear,2,fear,0.9777477383613586
/Users/prarthanapatel/Desktop/Himanshi/speech_emotion_detection-develop-v2/tess_preprocessed/audio/YAF_void_fear.wav,YAF_void_fear.wav,2,train,2,fear,2,fear,0.9804477691650391
/Users/prarthanapatel/Desktop/Himanshi/speech_emotion_detection-develop-v2/tess_preprocessed/audio/YAF_wag_fear.wav,YAF_wag_fear.wav,2,train,2,fear,2,fear,0.9780650734901428
/Users/prarthanapatel/Desktop/Himanshi/speech_emotion_detection-develop-v2/tess_preprocessed/audio/YAF_wash_fear.wav,YAF_wash_fear.wav,2,train,2,fear,2,fear,0.9792711734771729
/Users/prarthanapatel/Desktop/Himanshi/speech_emotion_detection-develop-v2/tess_preprocessed/audio/YAF_week_fear.wav,YAF_week_fear.wav,2,train,2,fear,2,fear,0.9776237607002258
/Users/prarthanapatel/Desktop/Himanshi/speech_emotion_detection-develop-v2/tess_preprocessed/audio/YAF_when_fear.wav,YAF_when_fear.wav,2,train,2,fear,2,fear,0.9796662926673889
/Users/prarthanapatel/Desktop/Himanshi/speech_emotion_detection-develop-v2/tess_preprocessed/audio/YAF_which_fear.wav,YAF_which_fear.wav,2,train,2,fear,2,fear,0.9776914119720459
/Users/prarthanapatel/Desktop/Himanshi/speech_emotion_detection-develop-v2/tess_preprocessed/audio/YAF_whip_fear.wav,YAF_whip_fear.wav,2,train,2,fear,2,fear,0.9803547263145447
/Users/prarthanapatel/Desktop/Himanshi/speech_emotion_detection-develop-v2/tess_preprocessed/audio/YAF_wire_fear.wav,YAF_wire_fear.wav,2,train,2,fear,2,fear,0.9807029962539673
/Users/prarthanapatel/Desktop/Himanshi/speech_emotion_detection-develop-v2/tess_preprocessed/audio/YAF_witch_fear.wav,YAF_witch_fear.wav,2,train,2,fear,2,fear,0.9776418805122375
/Users/prarthanapatel/Desktop/Himanshi/speech_emotion_detection-develop-v2/tess_preprocessed/audio/YAF_yes_fear.wav,YAF_yes_fear.wav,2,train,2,fear,2,fear,0.9775230288505554
/Users/prarthanapatel/Desktop/Himanshi/speech_emotion_detection-develop-v2/tess_preprocessed/audio/YAF_young_fear.wav,YAF_young_fear.wav,2,train,2,fear,2,fear,0.9780258536338806
/Users/prarthanapatel/Desktop/Himanshi/speech_emotion_detection-develop-v2/tess_preprocessed/audio/YAF_back_happy.wav,YAF_back_happy.wav,2,train,3,happy,3,happy,0.9659161567687988
/Users/prarthanapatel/Desktop/Himanshi/speech_emotion_detection-develop-v2/tess_preprocessed/audio/YAF_base_happy.wav,YAF_base_happy.wav,2,train,3,happy,3,happy,0.9640113711357117
/Users/prarthanapatel/Desktop/Himanshi/speech_emotion_detection-develop-v2/tess_preprocessed/audio/YAF_bath_happy.wav,YAF_bath_happy.wav,2,train,3,happy,3,happy,0.9658858776092529
/Users/prarthanapatel/Desktop/Himanshi/speech_emotion_detection-develop-v2/tess_preprocessed/audio/YAF_bean_happy.wav,YAF_bean_happy.wav,2,train,3,happy,3,happy,0.9613545536994934
/Users/prarthanapatel/Desktop/Himanshi/speech_emotion_detection-develop-v2/tess_preprocessed/audio/YAF_beg_happy.wav,YAF_beg_happy.wav,2,train,3,happy,3,happy,0.9562369585037231
/Users/prarthanapatel/Desktop/Himanshi/speech_emotion_detection-develop-v2/tess_preprocessed/audio/YAF_bite_happy.wav,YAF_bite_happy.wav,2,train,3,happy,3,happy,0.959686815738678
/Users/prarthanapatel/Desktop/Himanshi/speech_emotion_detection-develop-v2/tess_preprocessed/audio/YAF_book_happy.wav,YAF_book_happy.wav,2,train,3,happy,3,happy,0.9575493335723877
/Users/prarthanapatel/Desktop/Himanshi/speech_emotion_detection-develop-v2/tess_preprocessed/audio/YAF_bought_happy.wav,YAF_bought_happy.wav,2,train,3,happy,3,happy,0.9549972414970398
/Users/prarthanapatel/Desktop/Himanshi/speech_emotion_detection-develop-v2/tess_preprocessed/audio/YAF_burn_happy.wav,YAF_burn_happy.wav,2,train,3,happy,3,happy,0.9663541316986084
/Users/prarthanapatel/Desktop/Himanshi/speech_emotion_detection-develop-v2/tess_preprocessed/audio/YAF_cab_happy.wav,YAF_cab_happy.wav,2,train,3,happy,3,happy,0.9644460678100586
/Users/prarthanapatel/Desktop/Himanshi/speech_emotion_detection-develop-v2/tess_preprocessed/audio/YAF_cause_happy.wav,YAF_cause_happy.wav,2,train,3,happy,3,happy,0.9584771394729614
/Users/prarthanapatel/Desktop/Himanshi/speech_emotion_detection-develop-v2/tess_preprocessed/audio/YAF_chain_happy.wav,YAF_chain_happy.wav,2,train,3,happy,3,happy,0.9641066193580627
/Users/prarthanapatel/Desktop/Himanshi/speech_emotion_detection-develop-v2/tess_preprocessed/audio/YAF_chalk_happy.wav,YAF_chalk_happy.wav,2,train,3,happy,3,happy,0.9644155502319336
/Users/prarthanapatel/Desktop/Himanshi/speech_emotion_detection-develop-v2/tess_preprocessed/audio/YAF_chat_happy.wav,YAF_chat_happy.wav,2,train,3,happy,3,happy,0.9610956311225891
/Users/prarthanapatel/Desktop/Himanshi/speech_emotion_detection-develop-v2/tess_preprocessed/audio/YAF_chief_happy.wav,YAF_chief_happy.wav,2,train,3,happy,3,happy,0.9559032320976257
/Users/prarthanapatel/Desktop/Himanshi/speech_emotion_detection-develop-v2/tess_preprocessed/audio/YAF_choice_happy.wav,YAF_choice_happy.wav,2,train,3,happy,3,happy,0.9604358673095703
/Users/prarthanapatel/Desktop/Himanshi/speech_emotion_detection-develop-v2/tess_preprocessed/audio/YAF_cool_happy.wav,YAF_cool_happy.wav,2,train,3,happy,3,happy,0.9590266346931458
/Users/prarthanapatel/Desktop/Himanshi/speech_emotion_detection-develop-v2/tess_preprocessed/audio/YAF_dab_happy.wav,YAF_dab_happy.wav,2,train,3,happy,3,happy,0.9666887521743774
/Users/prarthanapatel/Desktop/Himanshi/speech_emotion_detection-develop-v2/tess_preprocessed/audio/YAF_date_happy.wav,YAF_date_happy.wav,2,train,3,happy,3,happy,0.9663383364677429
/Users/prarthanapatel/Desktop/Himanshi/speech_emotion_detection-develop-v2/tess_preprocessed/audio/YAF_dead_happy.wav,YAF_dead_happy.wav,2,train,3,happy,3,happy,0.964455783367157
/Users/prarthanapatel/Desktop/Himanshi/speech_emotion_detection-develop-v2/tess_preprocessed/audio/YAF_death_happy.wav,YAF_death_happy.wav,2,train,3,happy,3,happy,0.9610827565193176
/Users/prarthanapatel/Desktop/Himanshi/speech_emotion_detection-develop-v2/tess_preprocessed/audio/YAF_deep_happy.wav,YAF_deep_happy.wav,2,train,3,happy,3,happy,0.9603650569915771
/Users/prarthanapatel/Desktop/Himanshi/speech_emotion_detection-develop-v2/tess_preprocessed/audio/YAF_dime_happy.wav,YAF_dime_happy.wav,2,train,3,happy,3,happy,0.9645528197288513
/Users/prarthanapatel/Desktop/Himanshi/speech_emotion_detection-develop-v2/tess_preprocessed/audio/YAF_dip_happy.wav,YAF_dip_happy.wav,2,train,3,happy,3,happy,0.965548038482666
/Users/prarthanapatel/Desktop/Himanshi/speech_emotion_detection-develop-v2/tess_preprocessed/audio/YAF_ditch_happy.wav,YAF_ditch_happy.wav,2,train,3,happy,3,happy,0.9666483402252197
/Users/prarthanapatel/Desktop/Himanshi/speech_emotion_detection-develop-v2/tess_preprocessed/audio/YAF_dodge_happy.wav,YAF_dodge_happy.wav,2,train,3,happy,3,happy,0.9657807946205139
/Users/prarthanapatel/Desktop/Himanshi/speech_emotion_detection-develop-v2/tess_preprocessed/audio/YAF_doll_happy.wav,YAF_doll_happy.wav,2,train,3,happy,3,happy,0.9612594842910767
/Users/prarthanapatel/Desktop/Himanshi/speech_emotion_detection-develop-v2/tess_preprocessed/audio/YAF_door_happy.wav,YAF_door_happy.wav,2,train,3,happy,3,happy,0.9579832553863525
/Users/prarthanapatel/Desktop/Himanshi/speech_emotion_detection-develop-v2/tess_preprocessed/audio/YAF_fall_happy.wav,YAF_fall_happy.wav,2,train,3,happy,3,happy,0.9586308002471924
/Users/prarthanapatel/Desktop/Himanshi/speech_emotion_detection-develop-v2/tess_preprocessed/audio/YAF_far_happy.wav,YAF_far_happy.wav,2,train,3,happy,3,happy,0.9638885259628296
/Users/prarthanapatel/Desktop/Himanshi/speech_emotion_detection-develop-v2/tess_preprocessed/audio/YAF_fat_happy.wav,YAF_fat_happy.wav,2,train,3,happy,3,happy,0.959557294845581
/Users/prarthanapatel/Desktop/Himanshi/speech_emotion_detection-develop-v2/tess_preprocessed/audio/YAF_fit_happy.wav,YAF_fit_happy.wav,2,train,3,happy,3,happy,0.9613574743270874
/Users/prarthanapatel/Desktop/Himanshi/speech_emotion_detection-develop-v2/tess_preprocessed/audio/YAF_five_happy.wav,YAF_five_happy.wav,2,train,3,happy,3,happy,0.9630938172340393
/Users/prarthanapatel/Desktop/Himanshi/speech_emotion_detection-develop-v2/tess_preprocessed/audio/YAF_food_happy.wav,YAF_food_happy.wav,2,train,3,happy,3,happy,0.9670343399047852
/Users/prarthanapatel/Desktop/Himanshi/speech_emotion_detection-develop-v2/tess_preprocessed/audio/YAF_gap_happy.wav,YAF_gap_happy.wav,2,train,3,happy,3,happy,0.9661118388175964
/Users/prarthanapatel/Desktop/Himanshi/speech_emotion_detection-develop-v2/tess_preprocessed/audio/YAF_gas_happy.wav,YAF_gas_happy.wav,2,train,3,happy,3,happy,0.9656844139099121
/Users/prarthanapatel/Desktop/Himanshi/speech_emotion_detection-develop-v2/tess_preprocessed/audio/YAF_gaze_happy.wav,YAF_gaze_happy.wav,2,train,3,happy,3,happy,0.9645165801048279
/Users/prarthanapatel/Desktop/Himanshi/speech_emotion_detection-develop-v2/tess_preprocessed/audio/YAF_germ_happy.wav,YAF_germ_happy.wav,2,train,3,happy,3,happy,0.9650407433509827
/Users/prarthanapatel/Desktop/Himanshi/speech_emotion_detection-develop-v2/tess_preprocessed/audio/YAF_good_happy.wav,YAF_good_happy.wav,2,train,3,happy,3,happy,0.9646394848823547
/Users/prarthanapatel/Desktop/Himanshi/speech_emotion_detection-develop-v2/tess_preprocessed/audio/YAF_gun_happy.wav,YAF_gun_happy.wav,2,train,3,happy,3,happy,0.9669695496559143
/Users/prarthanapatel/Desktop/Himanshi/speech_emotion_detection-develop-v2/tess_preprocessed/audio/YAF_hall_happy.wav,YAF_hall_happy.wav,2,train,3,happy,3,happy,0.9659174084663391
/Users/prarthanapatel/Desktop/Himanshi/speech_emotion_detection-develop-v2/tess_preprocessed/audio/YAF_hash_happy.wav,YAF_hash_happy.wav,2,train,3,happy,3,happy,0.9611932039260864
/Users/prarthanapatel/Desktop/Himanshi/speech_emotion_detection-develop-v2/tess_preprocessed/audio/YAF_hire_happy.wav,YAF_hire_happy.wav,2,train,3,happy,3,happy,0.9682279825210571
/Users/prarthanapatel/Desktop/Himanshi/speech_emotion_detection-develop-v2/tess_preprocessed/audio/YAF_hit_happy.wav,YAF_hit_happy.wav,2,train,3,happy,3,happy,0.9610438942909241
/Users/prarthanapatel/Desktop/Himanshi/speech_emotion_detection-develop-v2/tess_preprocessed/audio/YAF_hole_happy.wav,YAF_hole_happy.wav,2,train,3,happy,3,happy,0.9652387499809265
/Users/prarthanapatel/Desktop/Himanshi/speech_emotion_detection-develop-v2/tess_preprocessed/audio/YAF_hurl_happy.wav,YAF_hurl_happy.wav,2,train,3,happy,3,happy,0.9667149186134338
/Users/prarthanapatel/Desktop/Himanshi/speech_emotion_detection-develop-v2/tess_preprocessed/audio/YAF_hush_happy.wav,YAF_hush_happy.wav,2,train,3,happy,3,happy,0.965682864189148
/Users/prarthanapatel/Desktop/Himanshi/speech_emotion_detection-develop-v2/tess_preprocessed/audio/YAF_jail_happy.wav,YAF_jail_happy.wav,2,train,3,happy,3,happy,0.9633580446243286
/Users/prarthanapatel/Desktop/Himanshi/speech_emotion_detection-develop-v2/tess_preprocessed/audio/YAF_jar_happy.wav,YAF_jar_happy.wav,2,train,3,happy,3,happy,0.9619277119636536
/Users/prarthanapatel/Desktop/Himanshi/speech_emotion_detection-develop-v2/tess_preprocessed/audio/YAF_join_happy.wav,YAF_join_happy.wav,2,train,3,happy,3,happy,0.9643848538398743
/Users/prarthanapatel/Desktop/Himanshi/speech_emotion_detection-develop-v2/tess_preprocessed/audio/YAF_judge_happy.wav,YAF_judge_happy.wav,2,train,3,happy,3,happy,0.9646430015563965
/Users/prarthanapatel/Desktop/Himanshi/speech_emotion_detection-develop-v2/tess_preprocessed/audio/YAF_jug_happy.wav,YAF_jug_happy.wav,2,train,3,happy,3,happy,0.9646533131599426
/Users/prarthanapatel/Desktop/Himanshi/speech_emotion_detection-develop-v2/tess_preprocessed/audio/YAF_keep_happy.wav,YAF_keep_happy.wav,2,train,3,happy,3,happy,0.9614825248718262
/Users/prarthanapatel/Desktop/Himanshi/speech_emotion_detection-develop-v2/tess_preprocessed/audio/YAF_kick_happy.wav,YAF_kick_happy.wav,2,train,3,happy,3,happy,0.9601309299468994
/Users/prarthanapatel/Desktop/Himanshi/speech_emotion_detection-develop-v2/tess_preprocessed/audio/YAF_kill_happy.wav,YAF_kill_happy.wav,2,train,3,happy,3,happy,0.9613585472106934
/Users/prarthanapatel/Desktop/Himanshi/speech_emotion_detection-develop-v2/tess_preprocessed/audio/YAF_king_happy.wav,YAF_king_happy.wav,2,train,3,happy,3,happy,0.960687518119812
/Users/prarthanapatel/Desktop/Himanshi/speech_emotion_detection-develop-v2/tess_preprocessed/audio/YAF_kite_happy.wav,YAF_kite_happy.wav,2,train,3,happy,3,happy,0.9642075896263123
/Users/prarthanapatel/Desktop/Himanshi/speech_emotion_detection-develop-v2/tess_preprocessed/audio/YAF_knock_happy.wav,YAF_knock_happy.wav,2,train,3,happy,3,happy,0.9642208814620972
/Users/prarthanapatel/Desktop/Himanshi/speech_emotion_detection-develop-v2/tess_preprocessed/audio/YAF_laud_happy.wav,YAF_laud_happy.wav,2,train,3,happy,3,happy,0.9643700122833252
/Users/prarthanapatel/Desktop/Himanshi/speech_emotion_detection-develop-v2/tess_preprocessed/audio/YAF_lean_happy.wav,YAF_lean_happy.wav,2,train,3,happy,3,happy,0.9643355011940002
/Users/prarthanapatel/Desktop/Himanshi/speech_emotion_detection-develop-v2/tess_preprocessed/audio/YAF_lease_happy.wav,YAF_lease_happy.wav,2,train,3,happy,3,happy,0.964607298374176
/Users/prarthanapatel/Desktop/Himanshi/speech_emotion_detection-develop-v2/tess_preprocessed/audio/YAF_lid_happy.wav,YAF_lid_happy.wav,2,train,3,happy,3,happy,0.9614642262458801
/Users/prarthanapatel/Desktop/Himanshi/speech_emotion_detection-develop-v2/tess_preprocessed/audio/YAF_life_happy.wav,YAF_life_happy.wav,2,train,3,happy,3,happy,0.9604378342628479
/Users/prarthanapatel/Desktop/Himanshi/speech_emotion_detection-develop-v2/tess_preprocessed/audio/YAF_long_happy.wav,YAF_long_happy.wav,2,train,3,happy,3,happy,0.9643869400024414
/Users/prarthanapatel/Desktop/Himanshi/speech_emotion_detection-develop-v2/tess_preprocessed/audio/YAF_lot_happy.wav,YAF_lot_happy.wav,2,train,3,happy,3,happy,0.9631534218788147
/Users/prarthanapatel/Desktop/Himanshi/speech_emotion_detection-develop-v2/tess_preprocessed/audio/YAF_love_happy.wav,YAF_love_happy.wav,2,train,3,happy,3,happy,0.9663819670677185
/Users/prarthanapatel/Desktop/Himanshi/speech_emotion_detection-develop-v2/tess_preprocessed/audio/YAF_luck_happy.wav,YAF_luck_happy.wav,2,train,3,happy,3,happy,0.961329460144043
/Users/prarthanapatel/Desktop/Himanshi/speech_emotion_detection-develop-v2/tess_preprocessed/audio/YAF_make_happy.wav,YAF_make_happy.wav,2,train,3,happy,3,happy,0.9656571745872498
/Users/prarthanapatel/Desktop/Himanshi/speech_emotion_detection-develop-v2/tess_preprocessed/audio/YAF_match_happy.wav,YAF_match_happy.wav,2,train,3,happy,3,happy,0.9521437287330627
/Users/prarthanapatel/Desktop/Himanshi/speech_emotion_detection-develop-v2/tess_preprocessed/audio/YAF_merge_happy.wav,YAF_merge_happy.wav,2,train,3,happy,3,happy,0.959754228591919
/Users/prarthanapatel/Desktop/Himanshi/speech_emotion_detection-develop-v2/tess_preprocessed/audio/YAF_met_happy.wav,YAF_met_happy.wav,2,train,3,happy,3,happy,0.965104341506958
/Users/prarthanapatel/Desktop/Himanshi/speech_emotion_detection-develop-v2/tess_preprocessed/audio/YAF_mill_happy.wav,YAF_mill_happy.wav,2,train,3,happy,3,happy,0.9638866186141968
/Users/prarthanapatel/Desktop/Himanshi/speech_emotion_detection-develop-v2/tess_preprocessed/audio/YAF_mood_happy.wav,YAF_mood_happy.wav,2,train,3,happy,3,happy,0.9644085764884949
/Users/prarthanapatel/Desktop/Himanshi/speech_emotion_detection-develop-v2/tess_preprocessed/audio/YAF_moon_happy.wav,YAF_moon_happy.wav,2,train,3,happy,3,happy,0.964424729347229
/Users/prarthanapatel/Desktop/Himanshi/speech_emotion_detection-develop-v2/tess_preprocessed/audio/YAF_nag_happy.wav,YAF_nag_happy.wav,2,train,3,happy,3,happy,0.9641454219818115
/Users/prarthanapatel/Desktop/Himanshi/speech_emotion_detection-develop-v2/tess_preprocessed/audio/YAF_name_happy.wav,YAF_name_happy.wav,2,train,3,happy,3,happy,0.9648928642272949
/Users/prarthanapatel/Desktop/Himanshi/speech_emotion_detection-develop-v2/tess_preprocessed/audio/YAF_neat_happy.wav,YAF_neat_happy.wav,2,train,3,happy,3,happy,0.9657105207443237
/Users/prarthanapatel/Desktop/Himanshi/speech_emotion_detection-develop-v2/tess_preprocessed/audio/YAF_nice_happy.wav,YAF_nice_happy.wav,2,train,3,happy,3,happy,0.9643396139144897
/Users/prarthanapatel/Desktop/Himanshi/speech_emotion_detection-develop-v2/tess_preprocessed/audio/YAF_note_happy.wav,YAF_note_happy.wav,2,train,3,happy,3,happy,0.962843656539917
/Users/prarthanapatel/Desktop/Himanshi/speech_emotion_detection-develop-v2/tess_preprocessed/audio/YAF_numb_happy.wav,YAF_numb_happy.wav,2,train,3,happy,3,happy,0.9643957018852234
/Users/prarthanapatel/Desktop/Himanshi/speech_emotion_detection-develop-v2/tess_preprocessed/audio/YAF_pad_happy.wav,YAF_pad_happy.wav,2,train,3,happy,3,happy,0.9638833999633789
/Users/prarthanapatel/Desktop/Himanshi/speech_emotion_detection-develop-v2/tess_preprocessed/audio/YAF_pain_happy.wav,YAF_pain_happy.wav,2,train,3,happy,3,happy,0.9666173458099365
/Users/prarthanapatel/Desktop/Himanshi/speech_emotion_detection-develop-v2/tess_preprocessed/audio/YAF_pass_happy.wav,YAF_pass_happy.wav,2,train,3,happy,3,happy,0.9656785130500793
/Users/prarthanapatel/Desktop/Himanshi/speech_emotion_detection-develop-v2/tess_preprocessed/audio/YAF_pearl_happy.wav,YAF_pearl_happy.wav,2,train,3,happy,3,happy,0.9653512835502625
/Users/prarthanapatel/Desktop/Himanshi/speech_emotion_detection-develop-v2/tess_preprocessed/audio/YAF_peg_happy.wav,YAF_peg_happy.wav,2,train,3,happy,3,happy,0.9629337787628174
/Users/prarthanapatel/Desktop/Himanshi/speech_emotion_detection-develop-v2/tess_preprocessed/audio/YAF_phone_happy.wav,YAF_phone_happy.wav,2,train,3,happy,3,happy,0.9668886661529541
/Users/prarthanapatel/Desktop/Himanshi/speech_emotion_detection-develop-v2/tess_preprocessed/audio/YAF_pick_happy.wav,YAF_pick_happy.wav,2,train,3,happy,3,happy,0.9594389796257019
/Users/prarthanapatel/Desktop/Himanshi/speech_emotion_detection-develop-v2/tess_preprocessed/audio/YAF_pike_happy.wav,YAF_pike_happy.wav,2,train,3,happy,3,happy,0.9665600061416626
/Users/prarthanapatel/Desktop/Himanshi/speech_emotion_detection-develop-v2/tess_preprocessed/audio/YAF_pole_happy.wav,YAF_pole_happy.wav,2,train,3,happy,3,happy,0.9636583924293518
/Users/prarthanapatel/Desktop/Himanshi/speech_emotion_detection-develop-v2/tess_preprocessed/audio/YAF_pool_happy.wav,YAF_pool_happy.wav,2,train,3,happy,3,happy,0.9623121619224548
/Users/prarthanapatel/Desktop/Himanshi/speech_emotion_detection-develop-v2/tess_preprocessed/audio/YAF_puff_happy.wav,YAF_puff_happy.wav,2,train,3,happy,3,happy,0.9656020402908325
/Users/prarthanapatel/Desktop/Himanshi/speech_emotion_detection-develop-v2/tess_preprocessed/audio/YAF_rag_happy.wav,YAF_rag_happy.wav,2,train,3,happy,3,happy,0.9661749005317688
/Users/prarthanapatel/Desktop/Himanshi/speech_emotion_detection-develop-v2/tess_preprocessed/audio/YAF_rat_happy.wav,YAF_rat_happy.wav,2,train,3,happy,3,happy,0.935763418674469
/Users/prarthanapatel/Desktop/Himanshi/speech_emotion_detection-develop-v2/tess_preprocessed/audio/YAF_reach_happy.wav,YAF_reach_happy.wav,2,train,3,happy,3,happy,0.9591620564460754
/Users/prarthanapatel/Desktop/Himanshi/speech_emotion_detection-develop-v2/tess_preprocessed/audio/YAF_red_happy.wav,YAF_red_happy.wav,2,train,3,happy,3,happy,0.9657458066940308
/Users/prarthanapatel/Desktop/Himanshi/speech_emotion_detection-develop-v2/tess_preprocessed/audio/YAF_ring_happy.wav,YAF_ring_happy.wav,2,train,3,happy,3,happy,0.9625693559646606
/Users/prarthanapatel/Desktop/Himanshi/speech_emotion_detection-develop-v2/tess_preprocessed/audio/YAF_ripe_happy.wav,YAF_ripe_happy.wav,2,train,3,happy,3,happy,0.9645377397537231
/Users/prarthanapatel/Desktop/Himanshi/speech_emotion_detection-develop-v2/tess_preprocessed/audio/YAF_road_happy.wav,YAF_road_happy.wav,2,train,3,happy,3,happy,0.9611598253250122
/Users/prarthanapatel/Desktop/Himanshi/speech_emotion_detection-develop-v2/tess_preprocessed/audio/YAF_room_happy.wav,YAF_room_happy.wav,2,train,3,happy,3,happy,0.9441430568695068
/Users/prarthanapatel/Desktop/Himanshi/speech_emotion_detection-develop-v2/tess_preprocessed/audio/YAF_rose_happy.wav,YAF_rose_happy.wav,2,train,3,happy,3,happy,0.9641060829162598
/Users/prarthanapatel/Desktop/Himanshi/speech_emotion_detection-develop-v2/tess_preprocessed/audio/YAF_rot_happy.wav,YAF_rot_happy.wav,2,train,3,happy,3,happy,0.9652799367904663
/Users/prarthanapatel/Desktop/Himanshi/speech_emotion_detection-develop-v2/tess_preprocessed/audio/YAF_rough_happy.wav,YAF_rough_happy.wav,2,train,3,happy,3,happy,0.966670036315918
/Users/prarthanapatel/Desktop/Himanshi/speech_emotion_detection-develop-v2/tess_preprocessed/audio/YAF_rush_happy.wav,YAF_rush_happy.wav,2,train,3,happy,3,happy,0.9649670124053955
/Users/prarthanapatel/Desktop/Himanshi/speech_emotion_detection-develop-v2/tess_preprocessed/audio/YAF_said_happy.wav,YAF_said_happy.wav,2,train,3,happy,3,happy,0.966817319393158
/Users/prarthanapatel/Desktop/Himanshi/speech_emotion_detection-develop-v2/tess_preprocessed/audio/YAF_sail_happy.wav,YAF_sail_happy.wav,2,train,3,happy,3,happy,0.965495228767395
/Users/prarthanapatel/Desktop/Himanshi/speech_emotion_detection-develop-v2/tess_preprocessed/audio/YAF_search_happy.wav,YAF_search_happy.wav,2,train,3,happy,3,happy,0.9655099511146545
/Users/prarthanapatel/Desktop/Himanshi/speech_emotion_detection-develop-v2/tess_preprocessed/audio/YAF_seize_happy.wav,YAF_seize_happy.wav,2,train,3,happy,3,happy,0.9650934934616089
/Users/prarthanapatel/Desktop/Himanshi/speech_emotion_detection-develop-v2/tess_preprocessed/audio/YAF_sell_happy.wav,YAF_sell_happy.wav,2,train,3,happy,3,happy,0.9673848152160645
/Users/prarthanapatel/Desktop/Himanshi/speech_emotion_detection-develop-v2/tess_preprocessed/audio/YAF_shall_happy.wav,YAF_shall_happy.wav,2,train,3,happy,3,happy,0.9654608964920044
/Users/prarthanapatel/Desktop/Himanshi/speech_emotion_detection-develop-v2/tess_preprocessed/audio/YAF_sheep_happy.wav,YAF_sheep_happy.wav,2,train,3,happy,3,happy,0.9504734873771667
/Users/prarthanapatel/Desktop/Himanshi/speech_emotion_detection-develop-v2/tess_preprocessed/audio/YAF_shirt_happy.wav,YAF_shirt_happy.wav,2,train,3,happy,3,happy,0.9622013568878174
/Users/prarthanapatel/Desktop/Himanshi/speech_emotion_detection-develop-v2/tess_preprocessed/audio/YAF_should_happy.wav,YAF_should_happy.wav,2,train,3,happy,3,happy,0.9672160744667053
/Users/prarthanapatel/Desktop/Himanshi/speech_emotion_detection-develop-v2/tess_preprocessed/audio/YAF_shout_happy.wav,YAF_shout_happy.wav,2,train,3,happy,3,happy,0.9640491604804993
/Users/prarthanapatel/Desktop/Himanshi/speech_emotion_detection-develop-v2/tess_preprocessed/audio/YAF_size_happy.wav,YAF_size_happy.wav,2,train,3,happy,3,happy,0.9622519016265869
/Users/prarthanapatel/Desktop/Himanshi/speech_emotion_detection-develop-v2/tess_preprocessed/audio/YAF_soup_happy.wav,YAF_soup_happy.wav,2,train,3,happy,3,happy,0.9658567905426025
/Users/prarthanapatel/Desktop/Himanshi/speech_emotion_detection-develop-v2/tess_preprocessed/audio/YAF_sour_happy.wav,YAF_sour_happy.wav,2,train,3,happy,3,happy,0.9665161371231079
/Users/prarthanapatel/Desktop/Himanshi/speech_emotion_detection-develop-v2/tess_preprocessed/audio/YAF_sub_happy.wav,YAF_sub_happy.wav,2,train,3,happy,3,happy,0.9653549194335938
/Users/prarthanapatel/Desktop/Himanshi/speech_emotion_detection-develop-v2/tess_preprocessed/audio/YAF_such_happy.wav,YAF_such_happy.wav,2,train,3,happy,3,happy,0.9644795060157776
/Users/prarthanapatel/Desktop/Himanshi/speech_emotion_detection-develop-v2/tess_preprocessed/audio/YAF_sure_happy.wav,YAF_sure_happy.wav,2,train,3,happy,3,happy,0.9609627723693848
/Users/prarthanapatel/Desktop/Himanshi/speech_emotion_detection-develop-v2/tess_preprocessed/audio/YAF_take_happy.wav,YAF_take_happy.wav,2,train,3,happy,3,happy,0.9638705849647522
/Users/prarthanapatel/Desktop/Himanshi/speech_emotion_detection-develop-v2/tess_preprocessed/audio/YAF_talk_happy.wav,YAF_talk_happy.wav,2,train,3,happy,3,happy,0.9660150408744812
/Users/prarthanapatel/Desktop/Himanshi/speech_emotion_detection-develop-v2/tess_preprocessed/audio/YAF_tape_happy.wav,YAF_tape_happy.wav,2,train,3,happy,3,happy,0.9643889665603638
/Users/prarthanapatel/Desktop/Himanshi/speech_emotion_detection-develop-v2/tess_preprocessed/audio/YAF_tell_happy.wav,YAF_tell_happy.wav,2,train,3,happy,3,happy,0.9631456732749939
/Users/prarthanapatel/Desktop/Himanshi/speech_emotion_detection-develop-v2/tess_preprocessed/audio/YAF_thin_happy.wav,YAF_thin_happy.wav,2,train,3,happy,3,happy,0.9654262661933899
/Users/prarthanapatel/Desktop/Himanshi/speech_emotion_detection-develop-v2/tess_preprocessed/audio/YAF_third_happy.wav,YAF_third_happy.wav,2,train,3,happy,3,happy,0.9616246819496155
/Users/prarthanapatel/Desktop/Himanshi/speech_emotion_detection-develop-v2/tess_preprocessed/audio/YAF_thumb_happy.wav,YAF_thumb_happy.wav,2,train,3,happy,3,happy,0.9637736678123474
/Users/prarthanapatel/Desktop/Himanshi/speech_emotion_detection-develop-v2/tess_preprocessed/audio/YAF_time_happy.wav,YAF_time_happy.wav,2,train,3,happy,3,happy,0.9626335501670837
/Users/prarthanapatel/Desktop/Himanshi/speech_emotion_detection-develop-v2/tess_preprocessed/audio/YAF_tip_happy.wav,YAF_tip_happy.wav,2,train,3,happy,3,happy,0.9448933005332947
/Users/prarthanapatel/Desktop/Himanshi/speech_emotion_detection-develop-v2/tess_preprocessed/audio/YAF_tool_happy.wav,YAF_tool_happy.wav,2,train,3,happy,3,happy,0.9613161087036133
/Users/prarthanapatel/Desktop/Himanshi/speech_emotion_detection-develop-v2/tess_preprocessed/audio/YAF_void_happy.wav,YAF_void_happy.wav,2,train,3,happy,3,happy,0.9565367102622986
/Users/prarthanapatel/Desktop/Himanshi/speech_emotion_detection-develop-v2/tess_preprocessed/audio/YAF_wag_happy.wav,YAF_wag_happy.wav,2,train,3,happy,3,happy,0.9649757742881775
/Users/prarthanapatel/Desktop/Himanshi/speech_emotion_detection-develop-v2/tess_preprocessed/audio/YAF_wash_happy.wav,YAF_wash_happy.wav,2,train,3,happy,3,happy,0.9668697118759155
/Users/prarthanapatel/Desktop/Himanshi/speech_emotion_detection-develop-v2/tess_preprocessed/audio/YAF_week_happy.wav,YAF_week_happy.wav,2,train,3,happy,3,happy,0.9636196494102478
/Users/prarthanapatel/Desktop/Himanshi/speech_emotion_detection-develop-v2/tess_preprocessed/audio/YAF_when_happy.wav,YAF_when_happy.wav,2,train,3,happy,3,happy,0.9647417664527893
/Users/prarthanapatel/Desktop/Himanshi/speech_emotion_detection-develop-v2/tess_preprocessed/audio/YAF_which_happy.wav,YAF_which_happy.wav,2,train,3,happy,3,happy,0.9552070498466492
/Users/prarthanapatel/Desktop/Himanshi/speech_emotion_detection-develop-v2/tess_preprocessed/audio/YAF_whip_happy.wav,YAF_whip_happy.wav,2,train,3,happy,3,happy,0.9592390656471252
/Users/prarthanapatel/Desktop/Himanshi/speech_emotion_detection-develop-v2/tess_preprocessed/audio/YAF_wire_happy.wav,YAF_wire_happy.wav,2,train,3,happy,3,happy,0.963366687297821
/Users/prarthanapatel/Desktop/Himanshi/speech_emotion_detection-develop-v2/tess_preprocessed/audio/YAF_witch_happy.wav,YAF_witch_happy.wav,2,train,3,happy,3,happy,0.9632740020751953
/Users/prarthanapatel/Desktop/Himanshi/speech_emotion_detection-develop-v2/tess_preprocessed/audio/YAF_yes_happy.wav,YAF_yes_happy.wav,2,train,3,happy,3,happy,0.9655330181121826
/Users/prarthanapatel/Desktop/Himanshi/speech_emotion_detection-develop-v2/tess_preprocessed/audio/YAF_young_happy.wav,YAF_young_happy.wav,2,train,3,happy,3,happy,0.9663669466972351
/Users/prarthanapatel/Desktop/Himanshi/speech_emotion_detection-develop-v2/tess_preprocessed/audio/YAF_back_neutral.wav,YAF_back_neutral.wav,2,train,4,neutral,4,neutral,0.9684538841247559
/Users/prarthanapatel/Desktop/Himanshi/speech_emotion_detection-develop-v2/tess_preprocessed/audio/YAF_base_neutral.wav,YAF_base_neutral.wav,2,train,4,neutral,4,neutral,0.9697586297988892
/Users/prarthanapatel/Desktop/Himanshi/speech_emotion_detection-develop-v2/tess_preprocessed/audio/YAF_bath_neutral.wav,YAF_bath_neutral.wav,2,train,4,neutral,4,neutral,0.9693776369094849
/Users/prarthanapatel/Desktop/Himanshi/speech_emotion_detection-develop-v2/tess_preprocessed/audio/YAF_bean_neutral.wav,YAF_bean_neutral.wav,2,train,4,neutral,4,neutral,0.9664750099182129
/Users/prarthanapatel/Desktop/Himanshi/speech_emotion_detection-develop-v2/tess_preprocessed/audio/YAF_beg_neutral.wav,YAF_beg_neutral.wav,2,train,4,neutral,4,neutral,0.9690558910369873
/Users/prarthanapatel/Desktop/Himanshi/speech_emotion_detection-develop-v2/tess_preprocessed/audio/YAF_bite_neutral.wav,YAF_bite_neutral.wav,2,train,4,neutral,4,neutral,0.9685267806053162
/Users/prarthanapatel/Desktop/Himanshi/speech_emotion_detection-develop-v2/tess_preprocessed/audio/YAF_book_neutral.wav,YAF_book_neutral.wav,2,train,4,neutral,4,neutral,0.9692155122756958
/Users/prarthanapatel/Desktop/Himanshi/speech_emotion_detection-develop-v2/tess_preprocessed/audio/YAF_bought_neutral.wav,YAF_bought_neutral.wav,2,train,4,neutral,4,neutral,0.9678450226783752
/Users/prarthanapatel/Desktop/Himanshi/speech_emotion_detection-develop-v2/tess_preprocessed/audio/YAF_burn_neutral.wav,YAF_burn_neutral.wav,2,train,4,neutral,4,neutral,0.9669591784477234
/Users/prarthanapatel/Desktop/Himanshi/speech_emotion_detection-develop-v2/tess_preprocessed/audio/YAF_cab_neutral.wav,YAF_cab_neutral.wav,2,train,4,neutral,4,neutral,0.9688130021095276
/Users/prarthanapatel/Desktop/Himanshi/speech_emotion_detection-develop-v2/tess_preprocessed/audio/YAF_cause_neutral.wav,YAF_cause_neutral.wav,2,train,4,neutral,4,neutral,0.9692047834396362
/Users/prarthanapatel/Desktop/Himanshi/speech_emotion_detection-develop-v2/tess_preprocessed/audio/YAF_chain_neutral.wav,YAF_chain_neutral.wav,2,train,4,neutral,4,neutral,0.9689124822616577
/Users/prarthanapatel/Desktop/Himanshi/speech_emotion_detection-develop-v2/tess_preprocessed/audio/YAF_chalk_neutral.wav,YAF_chalk_neutral.wav,2,train,4,neutral,4,neutral,0.9683719277381897
/Users/prarthanapatel/Desktop/Himanshi/speech_emotion_detection-develop-v2/tess_preprocessed/audio/YAF_chat_neutral.wav,YAF_chat_neutral.wav,2,train,4,neutral,4,neutral,0.9692491292953491
/Users/prarthanapatel/Desktop/Himanshi/speech_emotion_detection-develop-v2/tess_preprocessed/audio/YAF_chief_neutral.wav,YAF_chief_neutral.wav,2,train,4,neutral,4,neutral,0.968957245349884
/Users/prarthanapatel/Desktop/Himanshi/speech_emotion_detection-develop-v2/tess_preprocessed/audio/YAF_choice_neutral.wav,YAF_choice_neutral.wav,2,train,4,neutral,4,neutral,0.9680395722389221
/Users/prarthanapatel/Desktop/Himanshi/speech_emotion_detection-develop-v2/tess_preprocessed/audio/YAF_cool_neutral.wav,YAF_cool_neutral.wav,2,train,4,neutral,4,neutral,0.9697058200836182
/Users/prarthanapatel/Desktop/Himanshi/speech_emotion_detection-develop-v2/tess_preprocessed/audio/YAF_dab_neutral.wav,YAF_dab_neutral.wav,2,train,4,neutral,4,neutral,0.9689497947692871
/Users/prarthanapatel/Desktop/Himanshi/speech_emotion_detection-develop-v2/tess_preprocessed/audio/YAF_date_neutral.wav,YAF_date_neutral.wav,2,train,4,neutral,4,neutral,0.9695084691047668
/Users/prarthanapatel/Desktop/Himanshi/speech_emotion_detection-develop-v2/tess_preprocessed/audio/YAF_dead_neutral.wav,YAF_dead_neutral.wav,2,train,4,neutral,4,neutral,0.9695685505867004
/Users/prarthanapatel/Desktop/Himanshi/speech_emotion_detection-develop-v2/tess_preprocessed/audio/YAF_death_neutral.wav,YAF_death_neutral.wav,2,train,4,neutral,4,neutral,0.9666422009468079
/Users/prarthanapatel/Desktop/Himanshi/speech_emotion_detection-develop-v2/tess_preprocessed/audio/YAF_deep_neutral.wav,YAF_deep_neutral.wav,2,train,4,neutral,4,neutral,0.9697738885879517
/Users/prarthanapatel/Desktop/Himanshi/speech_emotion_detection-develop-v2/tess_preprocessed/audio/YAF_dime_neutral.wav,YAF_dime_neutral.wav,2,train,4,neutral,4,neutral,0.9681819081306458
/Users/prarthanapatel/Desktop/Himanshi/speech_emotion_detection-develop-v2/tess_preprocessed/audio/YAF_dip_neutral.wav,YAF_dip_neutral.wav,2,train,4,neutral,4,neutral,0.9693752527236938
/Users/prarthanapatel/Desktop/Himanshi/speech_emotion_detection-develop-v2/tess_preprocessed/audio/YAF_ditch_neutral.wav,YAF_ditch_neutral.wav,2,train,4,neutral,4,neutral,0.9695148468017578
/Users/prarthanapatel/Desktop/Himanshi/speech_emotion_detection-develop-v2/tess_preprocessed/audio/YAF_dodge_neutral.wav,YAF_dodge_neutral.wav,2,train,4,neutral,4,neutral,0.9697469472885132
/Users/prarthanapatel/Desktop/Himanshi/speech_emotion_detection-develop-v2/tess_preprocessed/audio/YAF_doll_neutral.wav,YAF_doll_neutral.wav,2,train,4,neutral,4,neutral,0.9695910811424255
/Users/prarthanapatel/Desktop/Himanshi/speech_emotion_detection-develop-v2/tess_preprocessed/audio/YAF_door_neutral.wav,YAF_door_neutral.wav,2,train,4,neutral,4,neutral,0.9686499238014221
/Users/prarthanapatel/Desktop/Himanshi/speech_emotion_detection-develop-v2/tess_preprocessed/audio/YAF_fall_neutral.wav,YAF_fall_neutral.wav,2,train,4,neutral,4,neutral,0.9680602550506592
/Users/prarthanapatel/Desktop/Himanshi/speech_emotion_detection-develop-v2/tess_preprocessed/audio/YAF_far_neutral.wav,YAF_far_neutral.wav,2,train,4,neutral,4,neutral,0.9677354693412781
/Users/prarthanapatel/Desktop/Himanshi/speech_emotion_detection-develop-v2/tess_preprocessed/audio/YAF_fat_neutral.wav,YAF_fat_neutral.wav,2,train,4,neutral,4,neutral,0.9634703993797302
/Users/prarthanapatel/Desktop/Himanshi/speech_emotion_detection-develop-v2/tess_preprocessed/audio/YAF_fit_neutral.wav,YAF_fit_neutral.wav,2,train,4,neutral,4,neutral,0.9690379500389099
/Users/prarthanapatel/Desktop/Himanshi/speech_emotion_detection-develop-v2/tess_preprocessed/audio/YAF_five_neutral.wav,YAF_five_neutral.wav,2,train,4,neutral,4,neutral,0.9692278504371643
/Users/prarthanapatel/Desktop/Himanshi/speech_emotion_detection-develop-v2/tess_preprocessed/audio/YAF_food_neutral.wav,YAF_food_neutral.wav,2,train,4,neutral,4,neutral,0.9696300625801086
/Users/prarthanapatel/Desktop/Himanshi/speech_emotion_detection-develop-v2/tess_preprocessed/audio/YAF_gap_neutral.wav,YAF_gap_neutral.wav,2,train,4,neutral,4,neutral,0.9695066809654236
/Users/prarthanapatel/Desktop/Himanshi/speech_emotion_detection-develop-v2/tess_preprocessed/audio/YAF_gas_neutral.wav,YAF_gas_neutral.wav,2,train,4,neutral,4,neutral,0.9688411951065063
/Users/prarthanapatel/Desktop/Himanshi/speech_emotion_detection-develop-v2/tess_preprocessed/audio/YAF_gaze_neutral.wav,YAF_gaze_neutral.wav,2,train,4,neutral,4,neutral,0.9699890613555908
/Users/prarthanapatel/Desktop/Himanshi/speech_emotion_detection-develop-v2/tess_preprocessed/audio/YAF_germ_neutral.wav,YAF_germ_neutral.wav,2,train,4,neutral,4,neutral,0.9689184427261353
/Users/prarthanapatel/Desktop/Himanshi/speech_emotion_detection-develop-v2/tess_preprocessed/audio/YAF_good_neutral.wav,YAF_good_neutral.wav,2,train,4,neutral,4,neutral,0.9697722792625427
/Users/prarthanapatel/Desktop/Himanshi/speech_emotion_detection-develop-v2/tess_preprocessed/audio/YAF_gun_neutral.wav,YAF_gun_neutral.wav,2,train,4,neutral,4,neutral,0.9691113829612732
/Users/prarthanapatel/Desktop/Himanshi/speech_emotion_detection-develop-v2/tess_preprocessed/audio/YAF_hall_neutral.wav,YAF_hall_neutral.wav,2,train,4,neutral,4,neutral,0.9690460562705994
/Users/prarthanapatel/Desktop/Himanshi/speech_emotion_detection-develop-v2/tess_preprocessed/audio/YAF_hash_neutral.wav,YAF_hash_neutral.wav,2,train,4,neutral,4,neutral,0.9668635725975037
/Users/prarthanapatel/Desktop/Himanshi/speech_emotion_detection-develop-v2/tess_preprocessed/audio/YAF_hire_neutral.wav,YAF_hire_neutral.wav,2,train,4,neutral,4,neutral,0.9687671661376953
/Users/prarthanapatel/Desktop/Himanshi/speech_emotion_detection-develop-v2/tess_preprocessed/audio/YAF_hit_neutral.wav,YAF_hit_neutral.wav,2,train,4,neutral,4,neutral,0.9685796499252319
/Users/prarthanapatel/Desktop/Himanshi/speech_emotion_detection-develop-v2/tess_preprocessed/audio/YAF_hole_neutral.wav,YAF_hole_neutral.wav,2,train,4,neutral,4,neutral,0.9698916077613831
/Users/prarthanapatel/Desktop/Himanshi/speech_emotion_detection-develop-v2/tess_preprocessed/audio/YAF_hurl_neutral.wav,YAF_hurl_neutral.wav,2,train,4,neutral,4,neutral,0.9682143330574036
/Users/prarthanapatel/Desktop/Himanshi/speech_emotion_detection-develop-v2/tess_preprocessed/audio/YAF_hush_neutral.wav,YAF_hush_neutral.wav,2,train,4,neutral,4,neutral,0.9681610465049744
/Users/prarthanapatel/Desktop/Himanshi/speech_emotion_detection-develop-v2/tess_preprocessed/audio/YAF_jail_neutral.wav,YAF_jail_neutral.wav,2,train,4,neutral,4,neutral,0.9673278331756592
/Users/prarthanapatel/Desktop/Himanshi/speech_emotion_detection-develop-v2/tess_preprocessed/audio/YAF_jar_neutral.wav,YAF_jar_neutral.wav,2,train,4,neutral,4,neutral,0.9661220908164978
/Users/prarthanapatel/Desktop/Himanshi/speech_emotion_detection-develop-v2/tess_preprocessed/audio/YAF_join_neutral.wav,YAF_join_neutral.wav,2,train,4,neutral,4,neutral,0.9680190086364746
/Users/prarthanapatel/Desktop/Himanshi/speech_emotion_detection-develop-v2/tess_preprocessed/audio/YAF_judge_neutral.wav,YAF_judge_neutral.wav,2,train,4,neutral,4,neutral,0.9682461619377136
/Users/prarthanapatel/Desktop/Himanshi/speech_emotion_detection-develop-v2/tess_preprocessed/audio/YAF_jug_neutral.wav,YAF_jug_neutral.wav,2,train,4,neutral,4,neutral,0.9697468280792236
/Users/prarthanapatel/Desktop/Himanshi/speech_emotion_detection-develop-v2/tess_preprocessed/audio/YAF_keep_neutral.wav,YAF_keep_neutral.wav,2,train,4,neutral,4,neutral,0.9688382148742676
/Users/prarthanapatel/Desktop/Himanshi/speech_emotion_detection-develop-v2/tess_preprocessed/audio/YAF_kick_neutral.wav,YAF_kick_neutral.wav,2,train,4,neutral,4,neutral,0.9678948521614075
/Users/prarthanapatel/Desktop/Himanshi/speech_emotion_detection-develop-v2/tess_preprocessed/audio/YAF_kill_neutral.wav,YAF_kill_neutral.wav,2,train,4,neutral,4,neutral,0.9696195125579834
/Users/prarthanapatel/Desktop/Himanshi/speech_emotion_detection-develop-v2/tess_preprocessed/audio/YAF_king_neutral.wav,YAF_king_neutral.wav,2,train,4,neutral,4,neutral,0.9642969369888306
/Users/prarthanapatel/Desktop/Himanshi/speech_emotion_detection-develop-v2/tess_preprocessed/audio/YAF_kite_neutral.wav,YAF_kite_neutral.wav,2,train,4,neutral,4,neutral,0.9660309553146362
/Users/prarthanapatel/Desktop/Himanshi/speech_emotion_detection-develop-v2/tess_preprocessed/audio/YAF_knock_neutral.wav,YAF_knock_neutral.wav,2,train,4,neutral,4,neutral,0.9683122634887695
/Users/prarthanapatel/Desktop/Himanshi/speech_emotion_detection-develop-v2/tess_preprocessed/audio/YAF_laud_neutral.wav,YAF_laud_neutral.wav,2,train,4,neutral,4,neutral,0.9677877426147461
/Users/prarthanapatel/Desktop/Himanshi/speech_emotion_detection-develop-v2/tess_preprocessed/audio/YAF_lean_neutral.wav,YAF_lean_neutral.wav,2,train,4,neutral,4,neutral,0.9661670327186584
/Users/prarthanapatel/Desktop/Himanshi/speech_emotion_detection-develop-v2/tess_preprocessed/audio/YAF_lease_neutral.wav,YAF_lease_neutral.wav,2,train,4,neutral,4,neutral,0.9658018350601196
/Users/prarthanapatel/Desktop/Himanshi/speech_emotion_detection-develop-v2/tess_preprocessed/audio/YAF_lid_neutral.wav,YAF_lid_neutral.wav,2,train,4,neutral,4,neutral,0.9694039225578308
/Users/prarthanapatel/Desktop/Himanshi/speech_emotion_detection-develop-v2/tess_preprocessed/audio/YAF_life_neutral.wav,YAF_life_neutral.wav,2,train,4,neutral,4,neutral,0.968848466873169
/Users/prarthanapatel/Desktop/Himanshi/speech_emotion_detection-develop-v2/tess_preprocessed/audio/YAF_long_neutral.wav,YAF_long_neutral.wav,2,train,4,neutral,4,neutral,0.9685757756233215
/Users/prarthanapatel/Desktop/Himanshi/speech_emotion_detection-develop-v2/tess_preprocessed/audio/YAF_lot_neutral.wav,YAF_lot_neutral.wav,2,train,4,neutral,4,neutral,0.9661422967910767
/Users/prarthanapatel/Desktop/Himanshi/speech_emotion_detection-develop-v2/tess_preprocessed/audio/YAF_love_neutral.wav,YAF_love_neutral.wav,2,train,4,neutral,4,neutral,0.966854989528656
/Users/prarthanapatel/Desktop/Himanshi/speech_emotion_detection-develop-v2/tess_preprocessed/audio/YAF_luck_neutral.wav,YAF_luck_neutral.wav,2,train,4,neutral,4,neutral,0.9691565036773682
/Users/prarthanapatel/Desktop/Himanshi/speech_emotion_detection-develop-v2/tess_preprocessed/audio/YAF_make_neutral.wav,YAF_make_neutral.wav,2,train,4,neutral,4,neutral,0.9687146544456482
/Users/prarthanapatel/Desktop/Himanshi/speech_emotion_detection-develop-v2/tess_preprocessed/audio/YAF_match_neutral.wav,YAF_match_neutral.wav,2,train,4,neutral,4,neutral,0.9682039618492126
/Users/prarthanapatel/Desktop/Himanshi/speech_emotion_detection-develop-v2/tess_preprocessed/audio/YAF_merge_neutral.wav,YAF_merge_neutral.wav,2,train,4,neutral,4,neutral,0.9689270257949829
/Users/prarthanapatel/Desktop/Himanshi/speech_emotion_detection-develop-v2/tess_preprocessed/audio/YAF_met_neutral.wav,YAF_met_neutral.wav,2,train,4,neutral,4,neutral,0.9654364585876465
/Users/prarthanapatel/Desktop/Himanshi/speech_emotion_detection-develop-v2/tess_preprocessed/audio/YAF_mill_neutral.wav,YAF_mill_neutral.wav,2,train,4,neutral,4,neutral,0.9692584276199341
/Users/prarthanapatel/Desktop/Himanshi/speech_emotion_detection-develop-v2/tess_preprocessed/audio/YAF_mood_neutral.wav,YAF_mood_neutral.wav,2,train,4,neutral,4,neutral,0.9679544568061829
/Users/prarthanapatel/Desktop/Himanshi/speech_emotion_detection-develop-v2/tess_preprocessed/audio/YAF_moon_neutral.wav,YAF_moon_neutral.wav,2,train,4,neutral,4,neutral,0.9683573842048645
/Users/prarthanapatel/Desktop/Himanshi/speech_emotion_detection-develop-v2/tess_preprocessed/audio/YAF_nag_neutral.wav,YAF_nag_neutral.wav,2,train,4,neutral,4,neutral,0.9673811793327332
/Users/prarthanapatel/Desktop/Himanshi/speech_emotion_detection-develop-v2/tess_preprocessed/audio/YAF_name_neutral.wav,YAF_name_neutral.wav,2,train,4,neutral,4,neutral,0.9692511558532715
/Users/prarthanapatel/Desktop/Himanshi/speech_emotion_detection-develop-v2/tess_preprocessed/audio/YAF_neat_neutral.wav,YAF_neat_neutral.wav,2,train,4,neutral,4,neutral,0.9667134881019592
/Users/prarthanapatel/Desktop/Himanshi/speech_emotion_detection-develop-v2/tess_preprocessed/audio/YAF_nice_neutral.wav,YAF_nice_neutral.wav,2,train,4,neutral,4,neutral,0.9680766463279724
/Users/prarthanapatel/Desktop/Himanshi/speech_emotion_detection-develop-v2/tess_preprocessed/audio/YAF_note_neutral.wav,YAF_note_neutral.wav,2,train,4,neutral,4,neutral,0.9694897532463074
/Users/prarthanapatel/Desktop/Himanshi/speech_emotion_detection-develop-v2/tess_preprocessed/audio/YAF_numb_neutral.wav,YAF_numb_neutral.wav,2,train,4,neutral,4,neutral,0.969021737575531
/Users/prarthanapatel/Desktop/Himanshi/speech_emotion_detection-develop-v2/tess_preprocessed/audio/YAF_pad_neutral.wav,YAF_pad_neutral.wav,2,train,4,neutral,4,neutral,0.9681933522224426
/Users/prarthanapatel/Desktop/Himanshi/speech_emotion_detection-develop-v2/tess_preprocessed/audio/YAF_pain_neutral.wav,YAF_pain_neutral.wav,2,train,4,neutral,4,neutral,0.9696810245513916
/Users/prarthanapatel/Desktop/Himanshi/speech_emotion_detection-develop-v2/tess_preprocessed/audio/YAF_pass_neutral.wav,YAF_pass_neutral.wav,2,train,4,neutral,4,neutral,0.9670608639717102
/Users/prarthanapatel/Desktop/Himanshi/speech_emotion_detection-develop-v2/tess_preprocessed/audio/YAF_pearl_neutral.wav,YAF_pearl_neutral.wav,2,train,4,neutral,4,neutral,0.9694520235061646
/Users/prarthanapatel/Desktop/Himanshi/speech_emotion_detection-develop-v2/tess_preprocessed/audio/YAF_peg_neutral.wav,YAF_peg_neutral.wav,2,train,4,neutral,4,neutral,0.9684023261070251
/Users/prarthanapatel/Desktop/Himanshi/speech_emotion_detection-develop-v2/tess_preprocessed/audio/YAF_phone_neutral.wav,YAF_phone_neutral.wav,2,train,4,neutral,4,neutral,0.9696481823921204
/Users/prarthanapatel/Desktop/Himanshi/speech_emotion_detection-develop-v2/tess_preprocessed/audio/YAF_pick_neutral.wav,YAF_pick_neutral.wav,2,train,4,neutral,4,neutral,0.9682647585868835
/Users/prarthanapatel/Desktop/Himanshi/speech_emotion_detection-develop-v2/tess_preprocessed/audio/YAF_pike_neutral.wav,YAF_pike_neutral.wav,2,train,4,neutral,4,neutral,0.9682212471961975
/Users/prarthanapatel/Desktop/Himanshi/speech_emotion_detection-develop-v2/tess_preprocessed/audio/YAF_pole_neutral.wav,YAF_pole_neutral.wav,2,train,4,neutral,4,neutral,0.9690216183662415
/Users/prarthanapatel/Desktop/Himanshi/speech_emotion_detection-develop-v2/tess_preprocessed/audio/YAF_pool_neutral.wav,YAF_pool_neutral.wav,2,train,4,neutral,4,neutral,0.9689683318138123
/Users/prarthanapatel/Desktop/Himanshi/speech_emotion_detection-develop-v2/tess_preprocessed/audio/YAF_puff_neutral.wav,YAF_puff_neutral.wav,2,train,4,neutral,4,neutral,0.9685171842575073
/Users/prarthanapatel/Desktop/Himanshi/speech_emotion_detection-develop-v2/tess_preprocessed/audio/YAF_rag_neutral.wav,YAF_rag_neutral.wav,2,train,4,neutral,4,neutral,0.9686489105224609
/Users/prarthanapatel/Desktop/Himanshi/speech_emotion_detection-develop-v2/tess_preprocessed/audio/YAF_rat_neutral.wav,YAF_rat_neutral.wav,2,train,4,neutral,4,neutral,0.9691947102546692
/Users/prarthanapatel/Desktop/Himanshi/speech_emotion_detection-develop-v2/tess_preprocessed/audio/YAF_reach_neutral.wav,YAF_reach_neutral.wav,2,train,4,neutral,4,neutral,0.9682366847991943
/Users/prarthanapatel/Desktop/Himanshi/speech_emotion_detection-develop-v2/tess_preprocessed/audio/YAF_red_neutral.wav,YAF_red_neutral.wav,2,train,4,neutral,4,neutral,0.9690296649932861
/Users/prarthanapatel/Desktop/Himanshi/speech_emotion_detection-develop-v2/tess_preprocessed/audio/YAF_ring_neutral.wav,YAF_ring_neutral.wav,2,train,4,neutral,4,neutral,0.9689439535140991
/Users/prarthanapatel/Desktop/Himanshi/speech_emotion_detection-develop-v2/tess_preprocessed/audio/YAF_ripe_neutral.wav,YAF_ripe_neutral.wav,2,train,4,neutral,4,neutral,0.9692192077636719
/Users/prarthanapatel/Desktop/Himanshi/speech_emotion_detection-develop-v2/tess_preprocessed/audio/YAF_road_neutral.wav,YAF_road_neutral.wav,2,train,4,neutral,4,neutral,0.9692931771278381
/Users/prarthanapatel/Desktop/Himanshi/speech_emotion_detection-develop-v2/tess_preprocessed/audio/YAF_room_neutral.wav,YAF_room_neutral.wav,2,train,4,neutral,4,neutral,0.9689898490905762
/Users/prarthanapatel/Desktop/Himanshi/speech_emotion_detection-develop-v2/tess_preprocessed/audio/YAF_rose_neutral.wav,YAF_rose_neutral.wav,2,train,4,neutral,4,neutral,0.9665690064430237
/Users/prarthanapatel/Desktop/Himanshi/speech_emotion_detection-develop-v2/tess_preprocessed/audio/YAF_rot_neutral.wav,YAF_rot_neutral.wav,2,train,4,neutral,4,neutral,0.9689697027206421
/Users/prarthanapatel/Desktop/Himanshi/speech_emotion_detection-develop-v2/tess_preprocessed/audio/YAF_rough_neutral.wav,YAF_rough_neutral.wav,2,train,4,neutral,4,neutral,0.9693886041641235
/Users/prarthanapatel/Desktop/Himanshi/speech_emotion_detection-develop-v2/tess_preprocessed/audio/YAF_rush_neutral.wav,YAF_rush_neutral.wav,2,train,4,neutral,4,neutral,0.9682270884513855
/Users/prarthanapatel/Desktop/Himanshi/speech_emotion_detection-develop-v2/tess_preprocessed/audio/YAF_said_neutral.wav,YAF_said_neutral.wav,2,train,4,neutral,4,neutral,0.9694961309432983
/Users/prarthanapatel/Desktop/Himanshi/speech_emotion_detection-develop-v2/tess_preprocessed/audio/YAF_sail_neutral.wav,YAF_sail_neutral.wav,2,train,4,neutral,4,neutral,0.9682299494743347
/Users/prarthanapatel/Desktop/Himanshi/speech_emotion_detection-develop-v2/tess_preprocessed/audio/YAF_search_neutral.wav,YAF_search_neutral.wav,2,train,4,neutral,4,neutral,0.9696009159088135
/Users/prarthanapatel/Desktop/Himanshi/speech_emotion_detection-develop-v2/tess_preprocessed/audio/YAF_seize_neutral.wav,YAF_seize_neutral.wav,2,train,4,neutral,4,neutral,0.9690585732460022
/Users/prarthanapatel/Desktop/Himanshi/speech_emotion_detection-develop-v2/tess_preprocessed/audio/YAF_sell_neutral.wav,YAF_sell_neutral.wav,2,train,4,neutral,4,neutral,0.9688946008682251
/Users/prarthanapatel/Desktop/Himanshi/speech_emotion_detection-develop-v2/tess_preprocessed/audio/YAF_shall_neutral.wav,YAF_shall_neutral.wav,2,train,4,neutral,4,neutral,0.9687725305557251
/Users/prarthanapatel/Desktop/Himanshi/speech_emotion_detection-develop-v2/tess_preprocessed/audio/YAF_sheep_neutral.wav,YAF_sheep_neutral.wav,2,train,4,neutral,4,neutral,0.9693962931632996
/Users/prarthanapatel/Desktop/Himanshi/speech_emotion_detection-develop-v2/tess_preprocessed/audio/YAF_shirt_neutral.wav,YAF_shirt_neutral.wav,2,train,4,neutral,4,neutral,0.968346118927002
/Users/prarthanapatel/Desktop/Himanshi/speech_emotion_detection-develop-v2/tess_preprocessed/audio/YAF_should_neutral.wav,YAF_should_neutral.wav,2,train,4,neutral,4,neutral,0.9693180322647095
/Users/prarthanapatel/Desktop/Himanshi/speech_emotion_detection-develop-v2/tess_preprocessed/audio/YAF_shout_neutral.wav,YAF_shout_neutral.wav,2,train,4,neutral,4,neutral,0.9686639904975891
/Users/prarthanapatel/Desktop/Himanshi/speech_emotion_detection-develop-v2/tess_preprocessed/audio/YAF_size_neutral.wav,YAF_size_neutral.wav,2,train,4,neutral,4,neutral,0.9660791158676147
/Users/prarthanapatel/Desktop/Himanshi/speech_emotion_detection-develop-v2/tess_preprocessed/audio/YAF_soup_neutral.wav,YAF_soup_neutral.wav,2,train,4,neutral,4,neutral,0.9692960381507874
/Users/prarthanapatel/Desktop/Himanshi/speech_emotion_detection-develop-v2/tess_preprocessed/audio/YAF_sour_neutral.wav,YAF_sour_neutral.wav,2,train,4,neutral,4,neutral,0.9686426520347595
/Users/prarthanapatel/Desktop/Himanshi/speech_emotion_detection-develop-v2/tess_preprocessed/audio/YAF_sub_neutral.wav,YAF_sub_neutral.wav,2,train,4,neutral,4,neutral,0.9686163663864136
/Users/prarthanapatel/Desktop/Himanshi/speech_emotion_detection-develop-v2/tess_preprocessed/audio/YAF_such_neutral.wav,YAF_such_neutral.wav,2,train,4,neutral,4,neutral,0.9684669375419617
/Users/prarthanapatel/Desktop/Himanshi/speech_emotion_detection-develop-v2/tess_preprocessed/audio/YAF_sure_neutral.wav,YAF_sure_neutral.wav,2,train,4,neutral,4,neutral,0.968100368976593
/Users/prarthanapatel/Desktop/Himanshi/speech_emotion_detection-develop-v2/tess_preprocessed/audio/YAF_take_neutral.wav,YAF_take_neutral.wav,2,train,4,neutral,4,neutral,0.9688466787338257
/Users/prarthanapatel/Desktop/Himanshi/speech_emotion_detection-develop-v2/tess_preprocessed/audio/YAF_talk_neutral.wav,YAF_talk_neutral.wav,2,train,4,neutral,4,neutral,0.9687989354133606
/Users/prarthanapatel/Desktop/Himanshi/speech_emotion_detection-develop-v2/tess_preprocessed/audio/YAF_tape_neutral.wav,YAF_tape_neutral.wav,2,train,4,neutral,4,neutral,0.9696974158287048
/Users/prarthanapatel/Desktop/Himanshi/speech_emotion_detection-develop-v2/tess_preprocessed/audio/YAF_tell_neutral.wav,YAF_tell_neutral.wav,2,train,4,neutral,4,neutral,0.9685487151145935
/Users/prarthanapatel/Desktop/Himanshi/speech_emotion_detection-develop-v2/tess_preprocessed/audio/YAF_thin_neutral.wav,YAF_thin_neutral.wav,2,train,4,neutral,4,neutral,0.9687376022338867
/Users/prarthanapatel/Desktop/Himanshi/speech_emotion_detection-develop-v2/tess_preprocessed/audio/YAF_third_neutral.wav,YAF_third_neutral.wav,2,train,4,neutral,4,neutral,0.9693092703819275
/Users/prarthanapatel/Desktop/Himanshi/speech_emotion_detection-develop-v2/tess_preprocessed/audio/YAF_thumb_neutral.wav,YAF_thumb_neutral.wav,2,train,4,neutral,4,neutral,0.9690481424331665
/Users/prarthanapatel/Desktop/Himanshi/speech_emotion_detection-develop-v2/tess_preprocessed/audio/YAF_time_neutral.wav,YAF_time_neutral.wav,2,train,4,neutral,4,neutral,0.9691541790962219
/Users/prarthanapatel/Desktop/Himanshi/speech_emotion_detection-develop-v2/tess_preprocessed/audio/YAF_tip_neutral.wav,YAF_tip_neutral.wav,2,train,4,neutral,4,neutral,0.9682877659797668
/Users/prarthanapatel/Desktop/Himanshi/speech_emotion_detection-develop-v2/tess_preprocessed/audio/YAF_tool_neutral.wav,YAF_tool_neutral.wav,2,train,4,neutral,4,neutral,0.9683798551559448
/Users/prarthanapatel/Desktop/Himanshi/speech_emotion_detection-develop-v2/tess_preprocessed/audio/YAF_void_neutral.wav,YAF_void_neutral.wav,2,train,4,neutral,4,neutral,0.9693389534950256
/Users/prarthanapatel/Desktop/Himanshi/speech_emotion_detection-develop-v2/tess_preprocessed/audio/YAF_wag_neutral.wav,YAF_wag_neutral.wav,2,train,4,neutral,4,neutral,0.9684560894966125
/Users/prarthanapatel/Desktop/Himanshi/speech_emotion_detection-develop-v2/tess_preprocessed/audio/YAF_wash_neutral.wav,YAF_wash_neutral.wav,2,train,4,neutral,4,neutral,0.9694457054138184
/Users/prarthanapatel/Desktop/Himanshi/speech_emotion_detection-develop-v2/tess_preprocessed/audio/YAF_week_neutral.wav,YAF_week_neutral.wav,2,train,4,neutral,4,neutral,0.968900740146637
/Users/prarthanapatel/Desktop/Himanshi/speech_emotion_detection-develop-v2/tess_preprocessed/audio/YAF_when_neutral.wav,YAF_when_neutral.wav,2,train,4,neutral,4,neutral,0.9683675765991211
/Users/prarthanapatel/Desktop/Himanshi/speech_emotion_detection-develop-v2/tess_preprocessed/audio/YAF_which_neutral.wav,YAF_which_neutral.wav,2,train,4,neutral,4,neutral,0.9687778949737549
/Users/prarthanapatel/Desktop/Himanshi/speech_emotion_detection-develop-v2/tess_preprocessed/audio/YAF_whip_neutral.wav,YAF_whip_neutral.wav,2,train,4,neutral,4,neutral,0.9682294130325317
/Users/prarthanapatel/Desktop/Himanshi/speech_emotion_detection-develop-v2/tess_preprocessed/audio/YAF_wire_neutral.wav,YAF_wire_neutral.wav,2,train,4,neutral,4,neutral,0.9676432609558105
/Users/prarthanapatel/Desktop/Himanshi/speech_emotion_detection-develop-v2/tess_preprocessed/audio/YAF_witch_neutral.wav,YAF_witch_neutral.wav,2,train,4,neutral,4,neutral,0.9670817255973816
/Users/prarthanapatel/Desktop/Himanshi/speech_emotion_detection-develop-v2/tess_preprocessed/audio/YAF_yes_neutral.wav,YAF_yes_neutral.wav,2,train,4,neutral,4,neutral,0.9689415097236633
/Users/prarthanapatel/Desktop/Himanshi/speech_emotion_detection-develop-v2/tess_preprocessed/audio/YAF_young_neutral.wav,YAF_young_neutral.wav,2,train,4,neutral,4,neutral,0.9687557220458984
/Users/prarthanapatel/Desktop/Himanshi/speech_emotion_detection-develop-v2/tess_preprocessed/audio/YAF_back_pleasant_surprise.wav,YAF_back_pleasant_surprise.wav,2,train,5,pleasant_surprise,5,pleasant_surprise,0.968731701374054
/Users/prarthanapatel/Desktop/Himanshi/speech_emotion_detection-develop-v2/tess_preprocessed/audio/YAF_base_pleasant_surprise.wav,YAF_base_pleasant_surprise.wav,2,train,5,pleasant_surprise,5,pleasant_surprise,0.968589723110199
/Users/prarthanapatel/Desktop/Himanshi/speech_emotion_detection-develop-v2/tess_preprocessed/audio/YAF_bath_pleasant_surprise.wav,YAF_bath_pleasant_surprise.wav,2,train,5,pleasant_surprise,5,pleasant_surprise,0.9681258201599121
/Users/prarthanapatel/Desktop/Himanshi/speech_emotion_detection-develop-v2/tess_preprocessed/audio/YAF_bean_pleasant_surprise.wav,YAF_bean_pleasant_surprise.wav,2,train,5,pleasant_surprise,5,pleasant_surprise,0.9692106246948242
/Users/prarthanapatel/Desktop/Himanshi/speech_emotion_detection-develop-v2/tess_preprocessed/audio/YAF_beg_pleasant_surprise.wav,YAF_beg_pleasant_surprise.wav,2,train,5,pleasant_surprise,5,pleasant_surprise,0.9686227440834045
/Users/prarthanapatel/Desktop/Himanshi/speech_emotion_detection-develop-v2/tess_preprocessed/audio/YAF_bite_pleasant_surprise.wav,YAF_bite_pleasant_surprise.wav,2,train,5,pleasant_surprise,5,pleasant_surprise,0.9683178067207336
/Users/prarthanapatel/Desktop/Himanshi/speech_emotion_detection-develop-v2/tess_preprocessed/audio/YAF_book_pleasant_surprise.wav,YAF_book_pleasant_surprise.wav,2,train,5,pleasant_surprise,5,pleasant_surprise,0.9681318402290344
/Users/prarthanapatel/Desktop/Himanshi/speech_emotion_detection-develop-v2/tess_preprocessed/audio/YAF_bought_pleasant_surprise.wav,YAF_bought_pleasant_surprise.wav,2,train,5,pleasant_surprise,5,pleasant_surprise,0.9686939716339111
/Users/prarthanapatel/Desktop/Himanshi/speech_emotion_detection-develop-v2/tess_preprocessed/audio/YAF_burn_pleasant_surprise.wav,YAF_burn_pleasant_surprise.wav,2,train,5,pleasant_surprise,5,pleasant_surprise,0.9692755937576294
/Users/prarthanapatel/Desktop/Himanshi/speech_emotion_detection-develop-v2/tess_preprocessed/audio/YAF_cab_pleasant_surprise.wav,YAF_cab_pleasant_surprise.wav,2,train,5,pleasant_surprise,5,pleasant_surprise,0.96819669008255
/Users/prarthanapatel/Desktop/Himanshi/speech_emotion_detection-develop-v2/tess_preprocessed/audio/YAF_cause_pleasant_surprise.wav,YAF_cause_pleasant_surprise.wav,2,train,5,pleasant_surprise,5,pleasant_surprise,0.9678061604499817
/Users/prarthanapatel/Desktop/Himanshi/speech_emotion_detection-develop-v2/tess_preprocessed/audio/YAF_chain_pleasant_surprise.wav,YAF_chain_pleasant_surprise.wav,2,train,5,pleasant_surprise,5,pleasant_surprise,0.96580570936203
/Users/prarthanapatel/Desktop/Himanshi/speech_emotion_detection-develop-v2/tess_preprocessed/audio/YAF_chalk_pleasant_surprise.wav,YAF_chalk_pleasant_surprise.wav,2,train,5,pleasant_surprise,5,pleasant_surprise,0.9681437015533447
/Users/prarthanapatel/Desktop/Himanshi/speech_emotion_detection-develop-v2/tess_preprocessed/audio/YAF_chat_pleasant_surprise.wav,YAF_chat_pleasant_surprise.wav,2,train,5,pleasant_surprise,5,pleasant_surprise,0.9674401879310608
/Users/prarthanapatel/Desktop/Himanshi/speech_emotion_detection-develop-v2/tess_preprocessed/audio/YAF_chief_pleasant_surprise.wav,YAF_chief_pleasant_surprise.wav,2,train,5,pleasant_surprise,5,pleasant_surprise,0.9677208662033081
/Users/prarthanapatel/Desktop/Himanshi/speech_emotion_detection-develop-v2/tess_preprocessed/audio/YAF_choice_pleasant_surprise.wav,YAF_choice_pleasant_surprise.wav,2,train,5,pleasant_surprise,5,pleasant_surprise,0.9682410359382629
/Users/prarthanapatel/Desktop/Himanshi/speech_emotion_detection-develop-v2/tess_preprocessed/audio/YAF_cool_pleasant_surprise.wav,YAF_cool_pleasant_surprise.wav,2,train,5,pleasant_surprise,5,pleasant_surprise,0.9686101078987122
/Users/prarthanapatel/Desktop/Himanshi/speech_emotion_detection-develop-v2/tess_preprocessed/audio/YAF_dab_pleasant_surprise.wav,YAF_dab_pleasant_surprise.wav,2,train,5,pleasant_surprise,5,pleasant_surprise,0.9680321216583252
/Users/prarthanapatel/Desktop/Himanshi/speech_emotion_detection-develop-v2/tess_preprocessed/audio/YAF_date_pleasant_surprise.wav,YAF_date_pleasant_surprise.wav,2,train,5,pleasant_surprise,5,pleasant_surprise,0.9671461582183838
/Users/prarthanapatel/Desktop/Himanshi/speech_emotion_detection-develop-v2/tess_preprocessed/audio/YAF_dead_pleasant_surprise.wav,YAF_dead_pleasant_surprise.wav,2,train,5,pleasant_surprise,5,pleasant_surprise,0.9675633907318115
/Users/prarthanapatel/Desktop/Himanshi/speech_emotion_detection-develop-v2/tess_preprocessed/audio/YAF_death_pleasant_surprise.wav,YAF_death_pleasant_surprise.wav,2,train,5,pleasant_surprise,5,pleasant_surprise,0.96722412109375
/Users/prarthanapatel/Desktop/Himanshi/speech_emotion_detection-develop-v2/tess_preprocessed/audio/YAF_deep_pleasant_surprise.wav,YAF_deep_pleasant_surprise.wav,2,train,5,pleasant_surprise,5,pleasant_surprise,0.9684157371520996
/Users/prarthanapatel/Desktop/Himanshi/speech_emotion_detection-develop-v2/tess_preprocessed/audio/YAF_dime_pleasant_surprise.wav,YAF_dime_pleasant_surprise.wav,2,train,5,pleasant_surprise,5,pleasant_surprise,0.9676939845085144
/Users/prarthanapatel/Desktop/Himanshi/speech_emotion_detection-develop-v2/tess_preprocessed/audio/YAF_dip_pleasant_surprise.wav,YAF_dip_pleasant_surprise.wav,2,train,5,pleasant_surprise,5,pleasant_surprise,0.9680591225624084
/Users/prarthanapatel/Desktop/Himanshi/speech_emotion_detection-develop-v2/tess_preprocessed/audio/YAF_ditch_pleasant_surprise.wav,YAF_ditch_pleasant_surprise.wav,2,train,5,pleasant_surprise,5,pleasant_surprise,0.9679742455482483
/Users/prarthanapatel/Desktop/Himanshi/speech_emotion_detection-develop-v2/tess_preprocessed/audio/YAF_dodge_pleasant_surprise.wav,YAF_dodge_pleasant_surprise.wav,2,train,5,pleasant_surprise,5,pleasant_surprise,0.9678212404251099
/Users/prarthanapatel/Desktop/Himanshi/speech_emotion_detection-develop-v2/tess_preprocessed/audio/YAF_doll_pleasant_surprise.wav,YAF_doll_pleasant_surprise.wav,2,train,5,pleasant_surprise,5,pleasant_surprise,0.9685085415840149
/Users/prarthanapatel/Desktop/Himanshi/speech_emotion_detection-develop-v2/tess_preprocessed/audio/YAF_door_pleasant_surprise.wav,YAF_door_pleasant_surprise.wav,2,train,5,pleasant_surprise,5,pleasant_surprise,0.9695972204208374
/Users/prarthanapatel/Desktop/Himanshi/speech_emotion_detection-develop-v2/tess_preprocessed/audio/YAF_fall_pleasant_surprise.wav,YAF_fall_pleasant_surprise.wav,2,train,5,pleasant_surprise,5,pleasant_surprise,0.9692585468292236
/Users/prarthanapatel/Desktop/Himanshi/speech_emotion_detection-develop-v2/tess_preprocessed/audio/YAF_far_pleasant_surprise.wav,YAF_far_pleasant_surprise.wav,2,train,5,pleasant_surprise,5,pleasant_surprise,0.9686039686203003
/Users/prarthanapatel/Desktop/Himanshi/speech_emotion_detection-develop-v2/tess_preprocessed/audio/YAF_fat_pleasant_surprise.wav,YAF_fat_pleasant_surprise.wav,2,train,5,pleasant_surprise,5,pleasant_surprise,0.9683384895324707
/Users/prarthanapatel/Desktop/Himanshi/speech_emotion_detection-develop-v2/tess_preprocessed/audio/YAF_fit_pleasant_surprise.wav,YAF_fit_pleasant_surprise.wav,2,train,5,pleasant_surprise,5,pleasant_surprise,0.9675955176353455
/Users/prarthanapatel/Desktop/Himanshi/speech_emotion_detection-develop-v2/tess_preprocessed/audio/YAF_five_pleasant_surprise.wav,YAF_five_pleasant_surprise.wav,2,train,5,pleasant_surprise,5,pleasant_surprise,0.9676010012626648
/Users/prarthanapatel/Desktop/Himanshi/speech_emotion_detection-develop-v2/tess_preprocessed/audio/YAF_food_pleasant_surprise.wav,YAF_food_pleasant_surprise.wav,2,train,5,pleasant_surprise,5,pleasant_surprise,0.9667802453041077
/Users/prarthanapatel/Desktop/Himanshi/speech_emotion_detection-develop-v2/tess_preprocessed/audio/YAF_gap_pleasant_surprise.wav,YAF_gap_pleasant_surprise.wav,2,train,5,pleasant_surprise,5,pleasant_surprise,0.9630773663520813
/Users/prarthanapatel/Desktop/Himanshi/speech_emotion_detection-develop-v2/tess_preprocessed/audio/YAF_gas_pleasant_surprise.wav,YAF_gas_pleasant_surprise.wav,2,train,5,pleasant_surprise,5,pleasant_surprise,0.9688618183135986
/Users/prarthanapatel/Desktop/Himanshi/speech_emotion_detection-develop-v2/tess_preprocessed/audio/YAF_gaze_pleasant_surprise.wav,YAF_gaze_pleasant_surprise.wav,2,train,5,pleasant_surprise,5,pleasant_surprise,0.9687066078186035
/Users/prarthanapatel/Desktop/Himanshi/speech_emotion_detection-develop-v2/tess_preprocessed/audio/YAF_germ_pleasant_surprise.wav,YAF_germ_pleasant_surprise.wav,2,train,5,pleasant_surprise,5,pleasant_surprise,0.966147780418396
/Users/prarthanapatel/Desktop/Himanshi/speech_emotion_detection-develop-v2/tess_preprocessed/audio/YAF_good_pleasant_surprise.wav,YAF_good_pleasant_surprise.wav,2,train,5,pleasant_surprise,5,pleasant_surprise,0.9677116870880127
/Users/prarthanapatel/Desktop/Himanshi/speech_emotion_detection-develop-v2/tess_preprocessed/audio/YAF_gun_pleasant_surprise.wav,YAF_gun_pleasant_surprise.wav,2,train,5,pleasant_surprise,5,pleasant_surprise,0.9690797328948975
/Users/prarthanapatel/Desktop/Himanshi/speech_emotion_detection-develop-v2/tess_preprocessed/audio/YAF_hall_pleasant_surprise.wav,YAF_hall_pleasant_surprise.wav,2,train,5,pleasant_surprise,5,pleasant_surprise,0.9662967920303345
/Users/prarthanapatel/Desktop/Himanshi/speech_emotion_detection-develop-v2/tess_preprocessed/audio/YAF_hash_pleasant_surprise.wav,YAF_hash_pleasant_surprise.wav,2,train,5,pleasant_surprise,5,pleasant_surprise,0.9654830098152161
/Users/prarthanapatel/Desktop/Himanshi/speech_emotion_detection-develop-v2/tess_preprocessed/audio/YAF_hire_pleasant_surprise.wav,YAF_hire_pleasant_surprise.wav,2,train,5,pleasant_surprise,5,pleasant_surprise,0.9677493572235107
/Users/prarthanapatel/Desktop/Himanshi/speech_emotion_detection-develop-v2/tess_preprocessed/audio/YAF_hit_pleasant_surprise.wav,YAF_hit_pleasant_surprise.wav,2,train,5,pleasant_surprise,5,pleasant_surprise,0.9672858119010925
/Users/prarthanapatel/Desktop/Himanshi/speech_emotion_detection-develop-v2/tess_preprocessed/audio/YAF_hole_pleasant_surprise.wav,YAF_hole_pleasant_surprise.wav,2,train,5,pleasant_surprise,5,pleasant_surprise,0.9659547805786133
/Users/prarthanapatel/Desktop/Himanshi/speech_emotion_detection-develop-v2/tess_preprocessed/audio/YAF_hurl_pleasant_surprise.wav,YAF_hurl_pleasant_surprise.wav,2,train,5,pleasant_surprise,5,pleasant_surprise,0.9683091044425964
/Users/prarthanapatel/Desktop/Himanshi/speech_emotion_detection-develop-v2/tess_preprocessed/audio/YAF_hush_pleasant_surprise.wav,YAF_hush_pleasant_surprise.wav,2,train,5,pleasant_surprise,5,pleasant_surprise,0.9689565896987915
/Users/prarthanapatel/Desktop/Himanshi/speech_emotion_detection-develop-v2/tess_preprocessed/audio/YAF_jail_pleasant_surprise.wav,YAF_jail_pleasant_surprise.wav,2,train,5,pleasant_surprise,5,pleasant_surprise,0.967140793800354
/Users/prarthanapatel/Desktop/Himanshi/speech_emotion_detection-develop-v2/tess_preprocessed/audio/YAF_jar_pleasant_surprise.wav,YAF_jar_pleasant_surprise.wav,2,train,5,pleasant_surprise,5,pleasant_surprise,0.9629213809967041
/Users/prarthanapatel/Desktop/Himanshi/speech_emotion_detection-develop-v2/tess_preprocessed/audio/YAF_join_pleasant_surprise.wav,YAF_join_pleasant_surprise.wav,2,train,5,pleasant_surprise,5,pleasant_surprise,0.9680922031402588
/Users/prarthanapatel/Desktop/Himanshi/speech_emotion_detection-develop-v2/tess_preprocessed/audio/YAF_judge_pleasant_surprise.wav,YAF_judge_pleasant_surprise.wav,2,train,5,pleasant_surprise,5,pleasant_surprise,0.9679663181304932
/Users/prarthanapatel/Desktop/Himanshi/speech_emotion_detection-develop-v2/tess_preprocessed/audio/YAF_jug_pleasant_surprise.wav,YAF_jug_pleasant_surprise.wav,2,train,5,pleasant_surprise,5,pleasant_surprise,0.9683678150177002
/Users/prarthanapatel/Desktop/Himanshi/speech_emotion_detection-develop-v2/tess_preprocessed/audio/YAF_keep_pleasant_surprise.wav,YAF_keep_pleasant_surprise.wav,2,train,5,pleasant_surprise,5,pleasant_surprise,0.9680050611495972
/Users/prarthanapatel/Desktop/Himanshi/speech_emotion_detection-develop-v2/tess_preprocessed/audio/YAF_kick_pleasant_surprise.wav,YAF_kick_pleasant_surprise.wav,2,train,5,pleasant_surprise,5,pleasant_surprise,0.9682193398475647
/Users/prarthanapatel/Desktop/Himanshi/speech_emotion_detection-develop-v2/tess_preprocessed/audio/YAF_kill_pleasant_surprise.wav,YAF_kill_pleasant_surprise.wav,2,train,5,pleasant_surprise,5,pleasant_surprise,0.9682259559631348
/Users/prarthanapatel/Desktop/Himanshi/speech_emotion_detection-develop-v2/tess_preprocessed/audio/YAF_king_pleasant_surprise.wav,YAF_king_pleasant_surprise.wav,2,train,5,pleasant_surprise,5,pleasant_surprise,0.9689541459083557
/Users/prarthanapatel/Desktop/Himanshi/speech_emotion_detection-develop-v2/tess_preprocessed/audio/YAF_kite_pleasant_surprise.wav,YAF_kite_pleasant_surprise.wav,2,train,5,pleasant_surprise,5,pleasant_surprise,0.9681566953659058
/Users/prarthanapatel/Desktop/Himanshi/speech_emotion_detection-develop-v2/tess_preprocessed/audio/YAF_knock_pleasant_surprise.wav,YAF_knock_pleasant_surprise.wav,2,train,5,pleasant_surprise,5,pleasant_surprise,0.9666600227355957
/Users/prarthanapatel/Desktop/Himanshi/speech_emotion_detection-develop-v2/tess_preprocessed/audio/YAF_laud_pleasant_surprise.wav,YAF_laud_pleasant_surprise.wav,2,train,5,pleasant_surprise,5,pleasant_surprise,0.9648160934448242
/Users/prarthanapatel/Desktop/Himanshi/speech_emotion_detection-develop-v2/tess_preprocessed/audio/YAF_lean_pleasant_surprise.wav,YAF_lean_pleasant_surprise.wav,2,train,5,pleasant_surprise,5,pleasant_surprise,0.9672977328300476
/Users/prarthanapatel/Desktop/Himanshi/speech_emotion_detection-develop-v2/tess_preprocessed/audio/YAF_lease_pleasant_surprise.wav,YAF_lease_pleasant_surprise.wav,2,train,5,pleasant_surprise,5,pleasant_surprise,0.968364417552948
/Users/prarthanapatel/Desktop/Himanshi/speech_emotion_detection-develop-v2/tess_preprocessed/audio/YAF_lid_pleasant_surprise.wav,YAF_lid_pleasant_surprise.wav,2,train,5,pleasant_surprise,5,pleasant_surprise,0.9681853652000427
/Users/prarthanapatel/Desktop/Himanshi/speech_emotion_detection-develop-v2/tess_preprocessed/audio/YAF_life_pleasant_surprise.wav,YAF_life_pleasant_surprise.wav,2,train,5,pleasant_surprise,5,pleasant_surprise,0.967159628868103
/Users/prarthanapatel/Desktop/Himanshi/speech_emotion_detection-develop-v2/tess_preprocessed/audio/YAF_long_pleasant_surprise.wav,YAF_long_pleasant_surprise.wav,2,train,5,pleasant_surprise,5,pleasant_surprise,0.9666116833686829
/Users/prarthanapatel/Desktop/Himanshi/speech_emotion_detection-develop-v2/tess_preprocessed/audio/YAF_lot_pleasant_surprise.wav,YAF_lot_pleasant_surprise.wav,2,train,5,pleasant_surprise,5,pleasant_surprise,0.9686034917831421
/Users/prarthanapatel/Desktop/Himanshi/speech_emotion_detection-develop-v2/tess_preprocessed/audio/YAF_love_pleasant_surprise.wav,YAF_love_pleasant_surprise.wav,2,train,5,pleasant_surprise,5,pleasant_surprise,0.9663228392601013
/Users/prarthanapatel/Desktop/Himanshi/speech_emotion_detection-develop-v2/tess_preprocessed/audio/YAF_luck_pleasant_surprise.wav,YAF_luck_pleasant_surprise.wav,2,train,5,pleasant_surprise,5,pleasant_surprise,0.9685781002044678
/Users/prarthanapatel/Desktop/Himanshi/speech_emotion_detection-develop-v2/tess_preprocessed/audio/YAF_make_pleasant_surprise.wav,YAF_make_pleasant_surprise.wav,2,train,5,pleasant_surprise,5,pleasant_surprise,0.9656654000282288
/Users/prarthanapatel/Desktop/Himanshi/speech_emotion_detection-develop-v2/tess_preprocessed/audio/YAF_match_pleasant_surprise.wav,YAF_match_pleasant_surprise.wav,2,train,5,pleasant_surprise,5,pleasant_surprise,0.9679044485092163
/Users/prarthanapatel/Desktop/Himanshi/speech_emotion_detection-develop-v2/tess_preprocessed/audio/YAF_merge_pleasant_surprise.wav,YAF_merge_pleasant_surprise.wav,2,train,5,pleasant_surprise,5,pleasant_surprise,0.9683837890625
/Users/prarthanapatel/Desktop/Himanshi/speech_emotion_detection-develop-v2/tess_preprocessed/audio/YAF_met_pleasant_surprise.wav,YAF_met_pleasant_surprise.wav,2,train,5,pleasant_surprise,5,pleasant_surprise,0.9625720977783203
/Users/prarthanapatel/Desktop/Himanshi/speech_emotion_detection-develop-v2/tess_preprocessed/audio/YAF_mill_pleasant_surprise.wav,YAF_mill_pleasant_surprise.wav,2,train,5,pleasant_surprise,5,pleasant_surprise,0.9677562713623047
/Users/prarthanapatel/Desktop/Himanshi/speech_emotion_detection-develop-v2/tess_preprocessed/audio/YAF_mood_pleasant_surprise.wav,YAF_mood_pleasant_surprise.wav,2,train,5,pleasant_surprise,5,pleasant_surprise,0.9686245322227478
/Users/prarthanapatel/Desktop/Himanshi/speech_emotion_detection-develop-v2/tess_preprocessed/audio/YAF_moon_pleasant_surprise.wav,YAF_moon_pleasant_surprise.wav,2,train,5,pleasant_surprise,5,pleasant_surprise,0.957365095615387
/Users/prarthanapatel/Desktop/Himanshi/speech_emotion_detection-develop-v2/tess_preprocessed/audio/YAF_nag_pleasant_surprise.wav,YAF_nag_pleasant_surprise.wav,2,train,5,pleasant_surprise,5,pleasant_surprise,0.9688582420349121
/Users/prarthanapatel/Desktop/Himanshi/speech_emotion_detection-develop-v2/tess_preprocessed/audio/YAF_name_pleasant_surprise.wav,YAF_name_pleasant_surprise.wav,2,train,5,pleasant_surprise,5,pleasant_surprise,0.9677446484565735
/Users/prarthanapatel/Desktop/Himanshi/speech_emotion_detection-develop-v2/tess_preprocessed/audio/YAF_neat_pleasant_surprise.wav,YAF_neat_pleasant_surprise.wav,2,train,5,pleasant_surprise,5,pleasant_surprise,0.9682504534721375
/Users/prarthanapatel/Desktop/Himanshi/speech_emotion_detection-develop-v2/tess_preprocessed/audio/YAF_nice_pleasant_surprise.wav,YAF_nice_pleasant_surprise.wav,2,train,5,pleasant_surprise,5,pleasant_surprise,0.9679103493690491
/Users/prarthanapatel/Desktop/Himanshi/speech_emotion_detection-develop-v2/tess_preprocessed/audio/YAF_note_pleasant_surprise.wav,YAF_note_pleasant_surprise.wav,2,train,5,pleasant_surprise,5,pleasant_surprise,0.9675208330154419
/Users/prarthanapatel/Desktop/Himanshi/speech_emotion_detection-develop-v2/tess_preprocessed/audio/YAF_numb_pleasant_surprise.wav,YAF_numb_pleasant_surprise.wav,2,train,5,pleasant_surprise,5,pleasant_surprise,0.9663494229316711
/Users/prarthanapatel/Desktop/Himanshi/speech_emotion_detection-develop-v2/tess_preprocessed/audio/YAF_pad_pleasant_surprise.wav,YAF_pad_pleasant_surprise.wav,2,train,5,pleasant_surprise,5,pleasant_surprise,0.9677413105964661
/Users/prarthanapatel/Desktop/Himanshi/speech_emotion_detection-develop-v2/tess_preprocessed/audio/YAF_pain_pleasant_surprise.wav,YAF_pain_pleasant_surprise.wav,2,train,5,pleasant_surprise,5,pleasant_surprise,0.9670827388763428
/Users/prarthanapatel/Desktop/Himanshi/speech_emotion_detection-develop-v2/tess_preprocessed/audio/YAF_pass_pleasant_surprise.wav,YAF_pass_pleasant_surprise.wav,2,train,5,pleasant_surprise,5,pleasant_surprise,0.9681174755096436
/Users/prarthanapatel/Desktop/Himanshi/speech_emotion_detection-develop-v2/tess_preprocessed/audio/YAF_pearl_pleasant_surprise.wav,YAF_pearl_pleasant_surprise.wav,2,train,5,pleasant_surprise,5,pleasant_surprise,0.9686520099639893
/Users/prarthanapatel/Desktop/Himanshi/speech_emotion_detection-develop-v2/tess_preprocessed/audio/YAF_peg_pleasant_surprise.wav,YAF_peg_pleasant_surprise.wav,2,train,5,pleasant_surprise,5,pleasant_surprise,0.9684393405914307
/Users/prarthanapatel/Desktop/Himanshi/speech_emotion_detection-develop-v2/tess_preprocessed/audio/YAF_phone_pleasant_surprise.wav,YAF_phone_pleasant_surprise.wav,2,train,5,pleasant_surprise,5,pleasant_surprise,0.9677900671958923
/Users/prarthanapatel/Desktop/Himanshi/speech_emotion_detection-develop-v2/tess_preprocessed/audio/YAF_pick_pleasant_surprise.wav,YAF_pick_pleasant_surprise.wav,2,train,5,pleasant_surprise,5,pleasant_surprise,0.9687340259552002
/Users/prarthanapatel/Desktop/Himanshi/speech_emotion_detection-develop-v2/tess_preprocessed/audio/YAF_pike_pleasant_surprise.wav,YAF_pike_pleasant_surprise.wav,2,train,5,pleasant_surprise,5,pleasant_surprise,0.968377947807312
/Users/prarthanapatel/Desktop/Himanshi/speech_emotion_detection-develop-v2/tess_preprocessed/audio/YAF_pole_pleasant_surprise.wav,YAF_pole_pleasant_surprise.wav,2,train,5,pleasant_surprise,5,pleasant_surprise,0.9676182866096497
/Users/prarthanapatel/Desktop/Himanshi/speech_emotion_detection-develop-v2/tess_preprocessed/audio/YAF_pool_pleasant_surprise.wav,YAF_pool_pleasant_surprise.wav,2,train,5,pleasant_surprise,5,pleasant_surprise,0.9644210934638977
/Users/prarthanapatel/Desktop/Himanshi/speech_emotion_detection-develop-v2/tess_preprocessed/audio/YAF_puff_pleasant_surprise.wav,YAF_puff_pleasant_surprise.wav,2,train,5,pleasant_surprise,5,pleasant_surprise,0.9679840803146362
/Users/prarthanapatel/Desktop/Himanshi/speech_emotion_detection-develop-v2/tess_preprocessed/audio/YAF_rag_pleasant_surprise.wav,YAF_rag_pleasant_surprise.wav,2,train,5,pleasant_surprise,5,pleasant_surprise,0.9684789180755615
/Users/prarthanapatel/Desktop/Himanshi/speech_emotion_detection-develop-v2/tess_preprocessed/audio/YAF_rat_pleasant_surprise.wav,YAF_rat_pleasant_surprise.wav,2,train,5,pleasant_surprise,5,pleasant_surprise,0.967796802520752
/Users/prarthanapatel/Desktop/Himanshi/speech_emotion_detection-develop-v2/tess_preprocessed/audio/YAF_reach_pleasant_surprise.wav,YAF_reach_pleasant_surprise.wav,2,train,5,pleasant_surprise,5,pleasant_surprise,0.9683690071105957
/Users/prarthanapatel/Desktop/Himanshi/speech_emotion_detection-develop-v2/tess_preprocessed/audio/YAF_red_pleasant_surprise.wav,YAF_red_pleasant_surprise.wav,2,train,5,pleasant_surprise,5,pleasant_surprise,0.967944324016571
/Users/prarthanapatel/Desktop/Himanshi/speech_emotion_detection-develop-v2/tess_preprocessed/audio/YAF_ring_pleasant_surprise.wav,YAF_ring_pleasant_surprise.wav,2,train,5,pleasant_surprise,5,pleasant_surprise,0.9671716094017029
/Users/prarthanapatel/Desktop/Himanshi/speech_emotion_detection-develop-v2/tess_preprocessed/audio/YAF_ripe_pleasant_surprise.wav,YAF_ripe_pleasant_surprise.wav,2,train,5,pleasant_surprise,5,pleasant_surprise,0.9679598212242126
/Users/prarthanapatel/Desktop/Himanshi/speech_emotion_detection-develop-v2/tess_preprocessed/audio/YAF_road_pleasant_surprise.wav,YAF_road_pleasant_surprise.wav,2,train,5,pleasant_surprise,5,pleasant_surprise,0.9687309861183167
/Users/prarthanapatel/Desktop/Himanshi/speech_emotion_detection-develop-v2/tess_preprocessed/audio/YAF_room_pleasant_surprise.wav,YAF_room_pleasant_surprise.wav,2,train,5,pleasant_surprise,5,pleasant_surprise,0.9685357213020325
/Users/prarthanapatel/Desktop/Himanshi/speech_emotion_detection-develop-v2/tess_preprocessed/audio/YAF_rose_pleasant_surprise.wav,YAF_rose_pleasant_surprise.wav,2,train,5,pleasant_surprise,5,pleasant_surprise,0.9691990613937378
/Users/prarthanapatel/Desktop/Himanshi/speech_emotion_detection-develop-v2/tess_preprocessed/audio/YAF_rot_pleasant_surprise.wav,YAF_rot_pleasant_surprise.wav,2,train,5,pleasant_surprise,5,pleasant_surprise,0.9685289859771729
/Users/prarthanapatel/Desktop/Himanshi/speech_emotion_detection-develop-v2/tess_preprocessed/audio/YAF_rough_pleasant_surprise.wav,YAF_rough_pleasant_surprise.wav,2,train,5,pleasant_surprise,5,pleasant_surprise,0.9673017263412476
/Users/prarthanapatel/Desktop/Himanshi/speech_emotion_detection-develop-v2/tess_preprocessed/audio/YAF_rush_pleasant_surprise.wav,YAF_rush_pleasant_surprise.wav,2,train,5,pleasant_surprise,5,pleasant_surprise,0.9681826829910278
/Users/prarthanapatel/Desktop/Himanshi/speech_emotion_detection-develop-v2/tess_preprocessed/audio/YAF_said_pleasant_surprise.wav,YAF_said_pleasant_surprise.wav,2,train,5,pleasant_surprise,5,pleasant_surprise,0.9664867520332336
/Users/prarthanapatel/Desktop/Himanshi/speech_emotion_detection-develop-v2/tess_preprocessed/audio/YAF_sail_pleasant_surprise.wav,YAF_sail_pleasant_surprise.wav,2,train,5,pleasant_surprise,5,pleasant_surprise,0.9667816758155823
/Users/prarthanapatel/Desktop/Himanshi/speech_emotion_detection-develop-v2/tess_preprocessed/audio/YAF_search_pleasant_surprise.wav,YAF_search_pleasant_surprise.wav,2,train,5,pleasant_surprise,5,pleasant_surprise,0.9681203365325928
/Users/prarthanapatel/Desktop/Himanshi/speech_emotion_detection-develop-v2/tess_preprocessed/audio/YAF_seize_pleasant_surprise.wav,YAF_seize_pleasant_surprise.wav,2,train,5,pleasant_surprise,5,pleasant_surprise,0.9676347970962524
/Users/prarthanapatel/Desktop/Himanshi/speech_emotion_detection-develop-v2/tess_preprocessed/audio/YAF_sell_pleasant_surprise.wav,YAF_sell_pleasant_surprise.wav,2,train,5,pleasant_surprise,5,pleasant_surprise,0.9635930061340332
/Users/prarthanapatel/Desktop/Himanshi/speech_emotion_detection-develop-v2/tess_preprocessed/audio/YAF_shall_pleasant_surprise.wav,YAF_shall_pleasant_surprise.wav,2,train,5,pleasant_surprise,5,pleasant_surprise,0.9670941829681396
/Users/prarthanapatel/Desktop/Himanshi/speech_emotion_detection-develop-v2/tess_preprocessed/audio/YAF_sheep_pleasant_surprise.wav,YAF_sheep_pleasant_surprise.wav,2,train,5,pleasant_surprise,5,pleasant_surprise,0.9681404829025269
/Users/prarthanapatel/Desktop/Himanshi/speech_emotion_detection-develop-v2/tess_preprocessed/audio/YAF_shirt_pleasant_surprise.wav,YAF_shirt_pleasant_surprise.wav,2,train,5,pleasant_surprise,5,pleasant_surprise,0.9674387574195862
/Users/prarthanapatel/Desktop/Himanshi/speech_emotion_detection-develop-v2/tess_preprocessed/audio/YAF_should_pleasant_surprise.wav,YAF_should_pleasant_surprise.wav,2,train,5,pleasant_surprise,5,pleasant_surprise,0.9676588177680969
/Users/prarthanapatel/Desktop/Himanshi/speech_emotion_detection-develop-v2/tess_preprocessed/audio/YAF_shout_pleasant_surprise.wav,YAF_shout_pleasant_surprise.wav,2,train,5,pleasant_surprise,5,pleasant_surprise,0.9627046585083008
/Users/prarthanapatel/Desktop/Himanshi/speech_emotion_detection-develop-v2/tess_preprocessed/audio/YAF_size_pleasant_surprise.wav,YAF_size_pleasant_surprise.wav,2,train,5,pleasant_surprise,5,pleasant_surprise,0.9667956233024597
/Users/prarthanapatel/Desktop/Himanshi/speech_emotion_detection-develop-v2/tess_preprocessed/audio/YAF_soup_pleasant_surprise.wav,YAF_soup_pleasant_surprise.wav,2,train,5,pleasant_surprise,5,pleasant_surprise,0.9683635234832764
/Users/prarthanapatel/Desktop/Himanshi/speech_emotion_detection-develop-v2/tess_preprocessed/audio/YAF_sour_pleasant_surprise.wav,YAF_sour_pleasant_surprise.wav,2,train,5,pleasant_surprise,5,pleasant_surprise,0.9672443866729736
/Users/prarthanapatel/Desktop/Himanshi/speech_emotion_detection-develop-v2/tess_preprocessed/audio/YAF_sub_pleasant_surprise.wav,YAF_sub_pleasant_surprise.wav,2,train,5,pleasant_surprise,5,pleasant_surprise,0.9659934639930725
/Users/prarthanapatel/Desktop/Himanshi/speech_emotion_detection-develop-v2/tess_preprocessed/audio/YAF_such_pleasant_surprise.wav,YAF_such_pleasant_surprise.wav,2,train,5,pleasant_surprise,5,pleasant_surprise,0.9675365686416626
/Users/prarthanapatel/Desktop/Himanshi/speech_emotion_detection-develop-v2/tess_preprocessed/audio/YAF_sure_pleasant_surprise.wav,YAF_sure_pleasant_surprise.wav,2,train,5,pleasant_surprise,5,pleasant_surprise,0.9668060541152954
/Users/prarthanapatel/Desktop/Himanshi/speech_emotion_detection-develop-v2/tess_preprocessed/audio/YAF_take_pleasant_surprise.wav,YAF_take_pleasant_surprise.wav,2,train,5,pleasant_surprise,5,pleasant_surprise,0.9488034844398499
/Users/prarthanapatel/Desktop/Himanshi/speech_emotion_detection-develop-v2/tess_preprocessed/audio/YAF_talk_pleasant_surprise.wav,YAF_talk_pleasant_surprise.wav,2,train,5,pleasant_surprise,5,pleasant_surprise,0.9700628519058228
/Users/prarthanapatel/Desktop/Himanshi/speech_emotion_detection-develop-v2/tess_preprocessed/audio/YAF_tape_pleasant_surprise.wav,YAF_tape_pleasant_surprise.wav,2,train,5,pleasant_surprise,5,pleasant_surprise,0.9684993624687195
/Users/prarthanapatel/Desktop/Himanshi/speech_emotion_detection-develop-v2/tess_preprocessed/audio/YAF_tell_pleasant_surprise.wav,YAF_tell_pleasant_surprise.wav,2,train,5,pleasant_surprise,5,pleasant_surprise,0.9692192077636719
/Users/prarthanapatel/Desktop/Himanshi/speech_emotion_detection-develop-v2/tess_preprocessed/audio/YAF_thin_pleasant_surprise.wav,YAF_thin_pleasant_surprise.wav,2,train,5,pleasant_surprise,5,pleasant_surprise,0.968288004398346
/Users/prarthanapatel/Desktop/Himanshi/speech_emotion_detection-develop-v2/tess_preprocessed/audio/YAF_third_pleasant_surprise.wav,YAF_third_pleasant_surprise.wav,2,train,5,pleasant_surprise,5,pleasant_surprise,0.9683954119682312
/Users/prarthanapatel/Desktop/Himanshi/speech_emotion_detection-develop-v2/tess_preprocessed/audio/YAF_thumb_pleasant_surprise.wav,YAF_thumb_pleasant_surprise.wav,2,train,5,pleasant_surprise,5,pleasant_surprise,0.9679325819015503
/Users/prarthanapatel/Desktop/Himanshi/speech_emotion_detection-develop-v2/tess_preprocessed/audio/YAF_time_pleasant_surprise.wav,YAF_time_pleasant_surprise.wav,2,train,5,pleasant_surprise,5,pleasant_surprise,0.9684470295906067
/Users/prarthanapatel/Desktop/Himanshi/speech_emotion_detection-develop-v2/tess_preprocessed/audio/YAF_tip_pleasant_surprise.wav,YAF_tip_pleasant_surprise.wav,2,train,5,pleasant_surprise,5,pleasant_surprise,0.9671315550804138
/Users/prarthanapatel/Desktop/Himanshi/speech_emotion_detection-develop-v2/tess_preprocessed/audio/YAF_tool_pleasant_surprise.wav,YAF_tool_pleasant_surprise.wav,2,train,5,pleasant_surprise,5,pleasant_surprise,0.9692038893699646
/Users/prarthanapatel/Desktop/Himanshi/speech_emotion_detection-develop-v2/tess_preprocessed/audio/YAF_void_pleasant_surprise.wav,YAF_void_pleasant_surprise.wav,2,train,5,pleasant_surprise,5,pleasant_surprise,0.9688387513160706
/Users/prarthanapatel/Desktop/Himanshi/speech_emotion_detection-develop-v2/tess_preprocessed/audio/YAF_wag_pleasant_surprise.wav,YAF_wag_pleasant_surprise.wav,2,train,5,pleasant_surprise,5,pleasant_surprise,0.9682698845863342
/Users/prarthanapatel/Desktop/Himanshi/speech_emotion_detection-develop-v2/tess_preprocessed/audio/YAF_wash_pleasant_surprise.wav,YAF_wash_pleasant_surprise.wav,2,train,5,pleasant_surprise,5,pleasant_surprise,0.9657540321350098
/Users/prarthanapatel/Desktop/Himanshi/speech_emotion_detection-develop-v2/tess_preprocessed/audio/YAF_week_pleasant_surprise.wav,YAF_week_pleasant_surprise.wav,2,train,5,pleasant_surprise,5,pleasant_surprise,0.9639939665794373
/Users/prarthanapatel/Desktop/Himanshi/speech_emotion_detection-develop-v2/tess_preprocessed/audio/YAF_when_pleasant_surprise.wav,YAF_when_pleasant_surprise.wav,2,train,5,pleasant_surprise,5,pleasant_surprise,0.9677870869636536
/Users/prarthanapatel/Desktop/Himanshi/speech_emotion_detection-develop-v2/tess_preprocessed/audio/YAF_which_pleasant_surprise.wav,YAF_which_pleasant_surprise.wav,2,train,5,pleasant_surprise,5,pleasant_surprise,0.9678807854652405
/Users/prarthanapatel/Desktop/Himanshi/speech_emotion_detection-develop-v2/tess_preprocessed/audio/YAF_whip_pleasant_surprise.wav,YAF_whip_pleasant_surprise.wav,2,train,5,pleasant_surprise,5,pleasant_surprise,0.9687023758888245
/Users/prarthanapatel/Desktop/Himanshi/speech_emotion_detection-develop-v2/tess_preprocessed/audio/YAF_wire_pleasant_surprise.wav,YAF_wire_pleasant_surprise.wav,2,train,5,pleasant_surprise,5,pleasant_surprise,0.9682664275169373
/Users/prarthanapatel/Desktop/Himanshi/speech_emotion_detection-develop-v2/tess_preprocessed/audio/YAF_witch_pleasant_surprise.wav,YAF_witch_pleasant_surprise.wav,2,train,5,pleasant_surprise,5,pleasant_surprise,0.9684600234031677
/Users/prarthanapatel/Desktop/Himanshi/speech_emotion_detection-develop-v2/tess_preprocessed/audio/YAF_yes_pleasant_surprise.wav,YAF_yes_pleasant_surprise.wav,2,train,5,pleasant_surprise,5,pleasant_surprise,0.9633687138557434
/Users/prarthanapatel/Desktop/Himanshi/speech_emotion_detection-develop-v2/tess_preprocessed/audio/YAF_young_pleasant_surprise.wav,YAF_young_pleasant_surprise.wav,2,train,5,pleasant_surprise,5,pleasant_surprise,0.9684455990791321
/Users/prarthanapatel/Desktop/Himanshi/speech_emotion_detection-develop-v2/tess_preprocessed/audio/YAF_back_sad.wav,YAF_back_sad.wav,2,train,6,sad,6,sad,0.967286229133606
/Users/prarthanapatel/Desktop/Himanshi/speech_emotion_detection-develop-v2/tess_preprocessed/audio/YAF_base_sad.wav,YAF_base_sad.wav,2,train,6,sad,6,sad,0.967596173286438
/Users/prarthanapatel/Desktop/Himanshi/speech_emotion_detection-develop-v2/tess_preprocessed/audio/YAF_bath_sad.wav,YAF_bath_sad.wav,2,train,6,sad,6,sad,0.9672485589981079
/Users/prarthanapatel/Desktop/Himanshi/speech_emotion_detection-develop-v2/tess_preprocessed/audio/YAF_bean_sad.wav,YAF_bean_sad.wav,2,train,6,sad,6,sad,0.9688247442245483
/Users/prarthanapatel/Desktop/Himanshi/speech_emotion_detection-develop-v2/tess_preprocessed/audio/YAF_beg_sad.wav,YAF_beg_sad.wav,2,train,6,sad,6,sad,0.9672855734825134
/Users/prarthanapatel/Desktop/Himanshi/speech_emotion_detection-develop-v2/tess_preprocessed/audio/YAF_bite_sad.wav,YAF_bite_sad.wav,2,train,6,sad,6,sad,0.9668120741844177
/Users/prarthanapatel/Desktop/Himanshi/speech_emotion_detection-develop-v2/tess_preprocessed/audio/YAF_book_sad.wav,YAF_book_sad.wav,2,train,6,sad,6,sad,0.966950535774231
/Users/prarthanapatel/Desktop/Himanshi/speech_emotion_detection-develop-v2/tess_preprocessed/audio/YAF_bought_sad.wav,YAF_bought_sad.wav,2,train,6,sad,6,sad,0.9669263362884521
/Users/prarthanapatel/Desktop/Himanshi/speech_emotion_detection-develop-v2/tess_preprocessed/audio/YAF_burn_sad.wav,YAF_burn_sad.wav,2,train,6,sad,6,sad,0.9689086675643921
/Users/prarthanapatel/Desktop/Himanshi/speech_emotion_detection-develop-v2/tess_preprocessed/audio/YAF_cab_sad.wav,YAF_cab_sad.wav,2,train,6,sad,6,sad,0.9660292863845825
/Users/prarthanapatel/Desktop/Himanshi/speech_emotion_detection-develop-v2/tess_preprocessed/audio/YAF_cause_sad.wav,YAF_cause_sad.wav,2,train,6,sad,6,sad,0.9673828482627869
/Users/prarthanapatel/Desktop/Himanshi/speech_emotion_detection-develop-v2/tess_preprocessed/audio/YAF_chain_sad.wav,YAF_chain_sad.wav,2,train,6,sad,6,sad,0.9665697813034058
/Users/prarthanapatel/Desktop/Himanshi/speech_emotion_detection-develop-v2/tess_preprocessed/audio/YAF_chalk_sad.wav,YAF_chalk_sad.wav,2,train,6,sad,6,sad,0.9655081629753113
/Users/prarthanapatel/Desktop/Himanshi/speech_emotion_detection-develop-v2/tess_preprocessed/audio/YAF_chat_sad.wav,YAF_chat_sad.wav,2,train,6,sad,6,sad,0.9657045602798462
/Users/prarthanapatel/Desktop/Himanshi/speech_emotion_detection-develop-v2/tess_preprocessed/audio/YAF_chief_sad.wav,YAF_chief_sad.wav,2,train,6,sad,6,sad,0.8979508876800537
/Users/prarthanapatel/Desktop/Himanshi/speech_emotion_detection-develop-v2/tess_preprocessed/audio/YAF_choice_sad.wav,YAF_choice_sad.wav,2,train,6,sad,6,sad,0.9676854610443115
/Users/prarthanapatel/Desktop/Himanshi/speech_emotion_detection-develop-v2/tess_preprocessed/audio/YAF_cool_sad.wav,YAF_cool_sad.wav,2,train,6,sad,6,sad,0.9672749638557434
/Users/prarthanapatel/Desktop/Himanshi/speech_emotion_detection-develop-v2/tess_preprocessed/audio/YAF_dab_sad.wav,YAF_dab_sad.wav,2,train,6,sad,6,sad,0.9657267928123474
/Users/prarthanapatel/Desktop/Himanshi/speech_emotion_detection-develop-v2/tess_preprocessed/audio/YAF_date_sad.wav,YAF_date_sad.wav,2,train,6,sad,6,sad,0.9675136208534241
/Users/prarthanapatel/Desktop/Himanshi/speech_emotion_detection-develop-v2/tess_preprocessed/audio/YAF_dead_sad.wav,YAF_dead_sad.wav,2,train,6,sad,6,sad,0.9663767218589783
/Users/prarthanapatel/Desktop/Himanshi/speech_emotion_detection-develop-v2/tess_preprocessed/audio/YAF_death_sad.wav,YAF_death_sad.wav,2,train,6,sad,6,sad,0.9664589762687683
/Users/prarthanapatel/Desktop/Himanshi/speech_emotion_detection-develop-v2/tess_preprocessed/audio/YAF_deep_sad.wav,YAF_deep_sad.wav,2,train,6,sad,6,sad,0.9672402739524841
/Users/prarthanapatel/Desktop/Himanshi/speech_emotion_detection-develop-v2/tess_preprocessed/audio/YAF_dime_sad.wav,YAF_dime_sad.wav,2,train,6,sad,6,sad,0.9663663506507874
/Users/prarthanapatel/Desktop/Himanshi/speech_emotion_detection-develop-v2/tess_preprocessed/audio/YAF_dip_sad.wav,YAF_dip_sad.wav,2,train,6,sad,6,sad,0.9670371413230896
/Users/prarthanapatel/Desktop/Himanshi/speech_emotion_detection-develop-v2/tess_preprocessed/audio/YAF_ditch_sad.wav,YAF_ditch_sad.wav,2,train,6,sad,6,sad,0.9676007628440857
/Users/prarthanapatel/Desktop/Himanshi/speech_emotion_detection-develop-v2/tess_preprocessed/audio/YAF_dodge_sad.wav,YAF_dodge_sad.wav,2,train,6,sad,6,sad,0.966850221157074
/Users/prarthanapatel/Desktop/Himanshi/speech_emotion_detection-develop-v2/tess_preprocessed/audio/YAF_doll_sad.wav,YAF_doll_sad.wav,2,train,6,sad,6,sad,0.9688631296157837
/Users/prarthanapatel/Desktop/Himanshi/speech_emotion_detection-develop-v2/tess_preprocessed/audio/YAF_door_sad.wav,YAF_door_sad.wav,2,train,6,sad,6,sad,0.9679563641548157
/Users/prarthanapatel/Desktop/Himanshi/speech_emotion_detection-develop-v2/tess_preprocessed/audio/YAF_fall_sad.wav,YAF_fall_sad.wav,2,train,6,sad,6,sad,0.9680492877960205
/Users/prarthanapatel/Desktop/Himanshi/speech_emotion_detection-develop-v2/tess_preprocessed/audio/YAF_far_sad.wav,YAF_far_sad.wav,2,train,6,sad,6,sad,0.9684866070747375
/Users/prarthanapatel/Desktop/Himanshi/speech_emotion_detection-develop-v2/tess_preprocessed/audio/YAF_fat_sad.wav,YAF_fat_sad.wav,2,train,6,sad,6,sad,0.9634371995925903
/Users/prarthanapatel/Desktop/Himanshi/speech_emotion_detection-develop-v2/tess_preprocessed/audio/YAF_fit_sad.wav,YAF_fit_sad.wav,2,train,6,sad,6,sad,0.9674116373062134
/Users/prarthanapatel/Desktop/Himanshi/speech_emotion_detection-develop-v2/tess_preprocessed/audio/YAF_five_sad.wav,YAF_five_sad.wav,2,train,6,sad,6,sad,0.9676002860069275
/Users/prarthanapatel/Desktop/Himanshi/speech_emotion_detection-develop-v2/tess_preprocessed/audio/YAF_food_sad.wav,YAF_food_sad.wav,2,train,6,sad,6,sad,0.9668954610824585
/Users/prarthanapatel/Desktop/Himanshi/speech_emotion_detection-develop-v2/tess_preprocessed/audio/YAF_gap_sad.wav,YAF_gap_sad.wav,2,train,6,sad,6,sad,0.9671758413314819
/Users/prarthanapatel/Desktop/Himanshi/speech_emotion_detection-develop-v2/tess_preprocessed/audio/YAF_gas_sad.wav,YAF_gas_sad.wav,2,train,6,sad,6,sad,0.9675952792167664
/Users/prarthanapatel/Desktop/Himanshi/speech_emotion_detection-develop-v2/tess_preprocessed/audio/YAF_gaze_sad.wav,YAF_gaze_sad.wav,2,train,6,sad,6,sad,0.9672671556472778
/Users/prarthanapatel/Desktop/Himanshi/speech_emotion_detection-develop-v2/tess_preprocessed/audio/YAF_germ_sad.wav,YAF_germ_sad.wav,2,train,6,sad,6,sad,0.9688105583190918
/Users/prarthanapatel/Desktop/Himanshi/speech_emotion_detection-develop-v2/tess_preprocessed/audio/YAF_good_sad.wav,YAF_good_sad.wav,2,train,6,sad,6,sad,0.9669925570487976
/Users/prarthanapatel/Desktop/Himanshi/speech_emotion_detection-develop-v2/tess_preprocessed/audio/YAF_gun_sad.wav,YAF_gun_sad.wav,2,train,6,sad,6,sad,0.9662829041481018
/Users/prarthanapatel/Desktop/Himanshi/speech_emotion_detection-develop-v2/tess_preprocessed/audio/YAF_hall_sad.wav,YAF_hall_sad.wav,2,train,6,sad,6,sad,0.9667732119560242
/Users/prarthanapatel/Desktop/Himanshi/speech_emotion_detection-develop-v2/tess_preprocessed/audio/YAF_hash_sad.wav,YAF_hash_sad.wav,2,train,6,sad,6,sad,0.9645151495933533
/Users/prarthanapatel/Desktop/Himanshi/speech_emotion_detection-develop-v2/tess_preprocessed/audio/YAF_hire_sad.wav,YAF_hire_sad.wav,2,train,6,sad,6,sad,0.9694161415100098
/Users/prarthanapatel/Desktop/Himanshi/speech_emotion_detection-develop-v2/tess_preprocessed/audio/YAF_hit_sad.wav,YAF_hit_sad.wav,2,train,6,sad,6,sad,0.9682683348655701
/Users/prarthanapatel/Desktop/Himanshi/speech_emotion_detection-develop-v2/tess_preprocessed/audio/YAF_hole_sad.wav,YAF_hole_sad.wav,2,train,6,sad,6,sad,0.9680933356285095
/Users/prarthanapatel/Desktop/Himanshi/speech_emotion_detection-develop-v2/tess_preprocessed/audio/YAF_hurl_sad.wav,YAF_hurl_sad.wav,2,train,6,sad,6,sad,0.9651748538017273
/Users/prarthanapatel/Desktop/Himanshi/speech_emotion_detection-develop-v2/tess_preprocessed/audio/YAF_hush_sad.wav,YAF_hush_sad.wav,2,train,6,sad,6,sad,0.9676753282546997
/Users/prarthanapatel/Desktop/Himanshi/speech_emotion_detection-develop-v2/tess_preprocessed/audio/YAF_jail_sad.wav,YAF_jail_sad.wav,2,train,6,sad,6,sad,0.9676634669303894
/Users/prarthanapatel/Desktop/Himanshi/speech_emotion_detection-develop-v2/tess_preprocessed/audio/YAF_jar_sad.wav,YAF_jar_sad.wav,2,train,6,sad,6,sad,0.9683954119682312
/Users/prarthanapatel/Desktop/Himanshi/speech_emotion_detection-develop-v2/tess_preprocessed/audio/YAF_join_sad.wav,YAF_join_sad.wav,2,train,6,sad,6,sad,0.9680707454681396
/Users/prarthanapatel/Desktop/Himanshi/speech_emotion_detection-develop-v2/tess_preprocessed/audio/YAF_judge_sad.wav,YAF_judge_sad.wav,2,train,6,sad,6,sad,0.9667391180992126
/Users/prarthanapatel/Desktop/Himanshi/speech_emotion_detection-develop-v2/tess_preprocessed/audio/YAF_jug_sad.wav,YAF_jug_sad.wav,2,train,6,sad,6,sad,0.9666141271591187
/Users/prarthanapatel/Desktop/Himanshi/speech_emotion_detection-develop-v2/tess_preprocessed/audio/YAF_keep_sad.wav,YAF_keep_sad.wav,2,train,6,sad,6,sad,0.965506911277771
/Users/prarthanapatel/Desktop/Himanshi/speech_emotion_detection-develop-v2/tess_preprocessed/audio/YAF_kick_sad.wav,YAF_kick_sad.wav,2,train,6,sad,6,sad,0.9674018025398254
/Users/prarthanapatel/Desktop/Himanshi/speech_emotion_detection-develop-v2/tess_preprocessed/audio/YAF_kill_sad.wav,YAF_kill_sad.wav,2,train,6,sad,6,sad,0.9677304625511169
/Users/prarthanapatel/Desktop/Himanshi/speech_emotion_detection-develop-v2/tess_preprocessed/audio/YAF_king_sad.wav,YAF_king_sad.wav,2,train,6,sad,6,sad,0.9674727320671082
/Users/prarthanapatel/Desktop/Himanshi/speech_emotion_detection-develop-v2/tess_preprocessed/audio/YAF_kite_sad.wav,YAF_kite_sad.wav,2,train,6,sad,6,sad,0.9669627547264099
/Users/prarthanapatel/Desktop/Himanshi/speech_emotion_detection-develop-v2/tess_preprocessed/audio/YAF_knock_sad.wav,YAF_knock_sad.wav,2,train,6,sad,6,sad,0.9660468697547913
/Users/prarthanapatel/Desktop/Himanshi/speech_emotion_detection-develop-v2/tess_preprocessed/audio/YAF_laud_sad.wav,YAF_laud_sad.wav,2,train,6,sad,6,sad,0.9664681553840637
/Users/prarthanapatel/Desktop/Himanshi/speech_emotion_detection-develop-v2/tess_preprocessed/audio/YAF_lean_sad.wav,YAF_lean_sad.wav,2,train,6,sad,6,sad,0.9655095934867859
/Users/prarthanapatel/Desktop/Himanshi/speech_emotion_detection-develop-v2/tess_preprocessed/audio/YAF_lease_sad.wav,YAF_lease_sad.wav,2,train,6,sad,6,sad,0.9662177562713623
/Users/prarthanapatel/Desktop/Himanshi/speech_emotion_detection-develop-v2/tess_preprocessed/audio/YAF_lid_sad.wav,YAF_lid_sad.wav,2,train,6,sad,6,sad,0.967391312122345
/Users/prarthanapatel/Desktop/Himanshi/speech_emotion_detection-develop-v2/tess_preprocessed/audio/YAF_life_sad.wav,YAF_life_sad.wav,2,train,6,sad,6,sad,0.9666849970817566
/Users/prarthanapatel/Desktop/Himanshi/speech_emotion_detection-develop-v2/tess_preprocessed/audio/YAF_long_sad.wav,YAF_long_sad.wav,2,train,6,sad,6,sad,0.9688794016838074
/Users/prarthanapatel/Desktop/Himanshi/speech_emotion_detection-develop-v2/tess_preprocessed/audio/YAF_lot_sad.wav,YAF_lot_sad.wav,2,train,6,sad,6,sad,0.966629147529602
/Users/prarthanapatel/Desktop/Himanshi/speech_emotion_detection-develop-v2/tess_preprocessed/audio/YAF_love_sad.wav,YAF_love_sad.wav,2,train,6,sad,6,sad,0.9689733982086182
/Users/prarthanapatel/Desktop/Himanshi/speech_emotion_detection-develop-v2/tess_preprocessed/audio/YAF_luck_sad.wav,YAF_luck_sad.wav,2,train,6,sad,6,sad,0.9676458239555359
/Users/prarthanapatel/Desktop/Himanshi/speech_emotion_detection-develop-v2/tess_preprocessed/audio/YAF_make_sad.wav,YAF_make_sad.wav,2,train,6,sad,6,sad,0.966156542301178
/Users/prarthanapatel/Desktop/Himanshi/speech_emotion_detection-develop-v2/tess_preprocessed/audio/YAF_match_sad.wav,YAF_match_sad.wav,2,train,6,sad,6,sad,0.9660952687263489
/Users/prarthanapatel/Desktop/Himanshi/speech_emotion_detection-develop-v2/tess_preprocessed/audio/YAF_merge_sad.wav,YAF_merge_sad.wav,2,train,6,sad,6,sad,0.9673588275909424
/Users/prarthanapatel/Desktop/Himanshi/speech_emotion_detection-develop-v2/tess_preprocessed/audio/YAF_met_sad.wav,YAF_met_sad.wav,2,train,6,sad,6,sad,0.9662960171699524
/Users/prarthanapatel/Desktop/Himanshi/speech_emotion_detection-develop-v2/tess_preprocessed/audio/YAF_mill_sad.wav,YAF_mill_sad.wav,2,train,6,sad,6,sad,0.9671393632888794
/Users/prarthanapatel/Desktop/Himanshi/speech_emotion_detection-develop-v2/tess_preprocessed/audio/YAF_mood_sad.wav,YAF_mood_sad.wav,2,train,6,sad,6,sad,0.9661624431610107
/Users/prarthanapatel/Desktop/Himanshi/speech_emotion_detection-develop-v2/tess_preprocessed/audio/YAF_moon_sad.wav,YAF_moon_sad.wav,2,train,6,sad,6,sad,0.9652306437492371
/Users/prarthanapatel/Desktop/Himanshi/speech_emotion_detection-develop-v2/tess_preprocessed/audio/YAF_nag_sad.wav,YAF_nag_sad.wav,2,train,6,sad,6,sad,0.966127872467041
/Users/prarthanapatel/Desktop/Himanshi/speech_emotion_detection-develop-v2/tess_preprocessed/audio/YAF_name_sad.wav,YAF_name_sad.wav,2,train,6,sad,6,sad,0.9678918123245239
/Users/prarthanapatel/Desktop/Himanshi/speech_emotion_detection-develop-v2/tess_preprocessed/audio/YAF_neat_sad.wav,YAF_neat_sad.wav,2,train,6,sad,6,sad,0.9684134125709534
/Users/prarthanapatel/Desktop/Himanshi/speech_emotion_detection-develop-v2/tess_preprocessed/audio/YAF_nice_sad.wav,YAF_nice_sad.wav,2,train,6,sad,6,sad,0.9680643677711487
/Users/prarthanapatel/Desktop/Himanshi/speech_emotion_detection-develop-v2/tess_preprocessed/audio/YAF_note_sad.wav,YAF_note_sad.wav,2,train,6,sad,6,sad,0.9677969217300415
/Users/prarthanapatel/Desktop/Himanshi/speech_emotion_detection-develop-v2/tess_preprocessed/audio/YAF_numb_sad.wav,YAF_numb_sad.wav,2,train,6,sad,6,sad,0.9678253531455994
/Users/prarthanapatel/Desktop/Himanshi/speech_emotion_detection-develop-v2/tess_preprocessed/audio/YAF_pad_sad.wav,YAF_pad_sad.wav,2,train,6,sad,6,sad,0.9666269421577454
/Users/prarthanapatel/Desktop/Himanshi/speech_emotion_detection-develop-v2/tess_preprocessed/audio/YAF_pain_sad.wav,YAF_pain_sad.wav,2,train,6,sad,6,sad,0.9635236859321594
/Users/prarthanapatel/Desktop/Himanshi/speech_emotion_detection-develop-v2/tess_preprocessed/audio/YAF_pass_sad.wav,YAF_pass_sad.wav,2,train,6,sad,6,sad,0.9579976797103882
/Users/prarthanapatel/Desktop/Himanshi/speech_emotion_detection-develop-v2/tess_preprocessed/audio/YAF_pearl_sad.wav,YAF_pearl_sad.wav,2,train,6,sad,6,sad,0.9682945609092712
/Users/prarthanapatel/Desktop/Himanshi/speech_emotion_detection-develop-v2/tess_preprocessed/audio/YAF_peg_sad.wav,YAF_peg_sad.wav,2,train,6,sad,6,sad,0.9609434604644775
/Users/prarthanapatel/Desktop/Himanshi/speech_emotion_detection-develop-v2/tess_preprocessed/audio/YAF_phone_sad.wav,YAF_phone_sad.wav,2,train,6,sad,6,sad,0.9684029221534729
/Users/prarthanapatel/Desktop/Himanshi/speech_emotion_detection-develop-v2/tess_preprocessed/audio/YAF_pick_sad.wav,YAF_pick_sad.wav,2,train,6,sad,6,sad,0.9543642401695251
/Users/prarthanapatel/Desktop/Himanshi/speech_emotion_detection-develop-v2/tess_preprocessed/audio/YAF_pike_sad.wav,YAF_pike_sad.wav,2,train,6,sad,6,sad,0.9631041288375854
/Users/prarthanapatel/Desktop/Himanshi/speech_emotion_detection-develop-v2/tess_preprocessed/audio/YAF_pole_sad.wav,YAF_pole_sad.wav,2,train,6,sad,6,sad,0.9663729071617126
/Users/prarthanapatel/Desktop/Himanshi/speech_emotion_detection-develop-v2/tess_preprocessed/audio/YAF_pool_sad.wav,YAF_pool_sad.wav,2,train,6,sad,6,sad,0.9660651087760925
/Users/prarthanapatel/Desktop/Himanshi/speech_emotion_detection-develop-v2/tess_preprocessed/audio/YAF_puff_sad.wav,YAF_puff_sad.wav,2,train,6,sad,6,sad,0.9659545421600342
/Users/prarthanapatel/Desktop/Himanshi/speech_emotion_detection-develop-v2/tess_preprocessed/audio/YAF_rag_sad.wav,YAF_rag_sad.wav,2,train,6,sad,6,sad,0.9610860347747803
/Users/prarthanapatel/Desktop/Himanshi/speech_emotion_detection-develop-v2/tess_preprocessed/audio/YAF_rat_sad.wav,YAF_rat_sad.wav,2,train,6,sad,6,sad,0.968062698841095
/Users/prarthanapatel/Desktop/Himanshi/speech_emotion_detection-develop-v2/tess_preprocessed/audio/YAF_reach_sad.wav,YAF_reach_sad.wav,2,train,6,sad,6,sad,0.96714848279953
/Users/prarthanapatel/Desktop/Himanshi/speech_emotion_detection-develop-v2/tess_preprocessed/audio/YAF_red_sad.wav,YAF_red_sad.wav,2,train,6,sad,6,sad,0.966119647026062
/Users/prarthanapatel/Desktop/Himanshi/speech_emotion_detection-develop-v2/tess_preprocessed/audio/YAF_ring_sad.wav,YAF_ring_sad.wav,2,train,6,sad,6,sad,0.9669302105903625
/Users/prarthanapatel/Desktop/Himanshi/speech_emotion_detection-develop-v2/tess_preprocessed/audio/YAF_ripe_sad.wav,YAF_ripe_sad.wav,2,train,6,sad,6,sad,0.9671509861946106
/Users/prarthanapatel/Desktop/Himanshi/speech_emotion_detection-develop-v2/tess_preprocessed/audio/YAF_road_sad.wav,YAF_road_sad.wav,2,train,6,sad,6,sad,0.968542218208313
/Users/prarthanapatel/Desktop/Himanshi/speech_emotion_detection-develop-v2/tess_preprocessed/audio/YAF_room_sad.wav,YAF_room_sad.wav,2,train,6,sad,6,sad,0.9636157155036926
/Users/prarthanapatel/Desktop/Himanshi/speech_emotion_detection-develop-v2/tess_preprocessed/audio/YAF_rose_sad.wav,YAF_rose_sad.wav,2,train,6,sad,6,sad,0.9672949314117432
/Users/prarthanapatel/Desktop/Himanshi/speech_emotion_detection-develop-v2/tess_preprocessed/audio/YAF_rot_sad.wav,YAF_rot_sad.wav,2,train,6,sad,6,sad,0.9674513339996338
/Users/prarthanapatel/Desktop/Himanshi/speech_emotion_detection-develop-v2/tess_preprocessed/audio/YAF_rough_sad.wav,YAF_rough_sad.wav,2,train,6,sad,6,sad,0.9681808352470398
/Users/prarthanapatel/Desktop/Himanshi/speech_emotion_detection-develop-v2/tess_preprocessed/audio/YAF_rush_sad.wav,YAF_rush_sad.wav,2,train,6,sad,6,sad,0.9677076935768127
/Users/prarthanapatel/Desktop/Himanshi/speech_emotion_detection-develop-v2/tess_preprocessed/audio/YAF_said_sad.wav,YAF_said_sad.wav,2,train,6,sad,6,sad,0.9662240147590637
/Users/prarthanapatel/Desktop/Himanshi/speech_emotion_detection-develop-v2/tess_preprocessed/audio/YAF_sail_sad.wav,YAF_sail_sad.wav,2,train,6,sad,6,sad,0.9634650349617004
/Users/prarthanapatel/Desktop/Himanshi/speech_emotion_detection-develop-v2/tess_preprocessed/audio/YAF_search_sad.wav,YAF_search_sad.wav,2,train,6,sad,6,sad,0.967819094657898
/Users/prarthanapatel/Desktop/Himanshi/speech_emotion_detection-develop-v2/tess_preprocessed/audio/YAF_seize_sad.wav,YAF_seize_sad.wav,2,train,6,sad,6,sad,0.9649906754493713
/Users/prarthanapatel/Desktop/Himanshi/speech_emotion_detection-develop-v2/tess_preprocessed/audio/YAF_sell_sad.wav,YAF_sell_sad.wav,2,train,6,sad,6,sad,0.9675655961036682
/Users/prarthanapatel/Desktop/Himanshi/speech_emotion_detection-develop-v2/tess_preprocessed/audio/YAF_shall_sad.wav,YAF_shall_sad.wav,2,train,6,sad,6,sad,0.9648022055625916
/Users/prarthanapatel/Desktop/Himanshi/speech_emotion_detection-develop-v2/tess_preprocessed/audio/YAF_sheep_sad.wav,YAF_sheep_sad.wav,2,train,6,sad,6,sad,0.9655637145042419
/Users/prarthanapatel/Desktop/Himanshi/speech_emotion_detection-develop-v2/tess_preprocessed/audio/YAF_shirt_sad.wav,YAF_shirt_sad.wav,2,train,6,sad,6,sad,0.9687767624855042
/Users/prarthanapatel/Desktop/Himanshi/speech_emotion_detection-develop-v2/tess_preprocessed/audio/YAF_should_sad.wav,YAF_should_sad.wav,2,train,6,sad,6,sad,0.9685050845146179
/Users/prarthanapatel/Desktop/Himanshi/speech_emotion_detection-develop-v2/tess_preprocessed/audio/YAF_shout_sad.wav,YAF_shout_sad.wav,2,train,6,sad,6,sad,0.962817370891571
/Users/prarthanapatel/Desktop/Himanshi/speech_emotion_detection-develop-v2/tess_preprocessed/audio/YAF_size_sad.wav,YAF_size_sad.wav,2,train,6,sad,6,sad,0.9691192507743835
/Users/prarthanapatel/Desktop/Himanshi/speech_emotion_detection-develop-v2/tess_preprocessed/audio/YAF_soup_sad.wav,YAF_soup_sad.wav,2,train,6,sad,6,sad,0.9661567807197571
/Users/prarthanapatel/Desktop/Himanshi/speech_emotion_detection-develop-v2/tess_preprocessed/audio/YAF_sour_sad.wav,YAF_sour_sad.wav,2,train,6,sad,6,sad,0.9686583876609802
/Users/prarthanapatel/Desktop/Himanshi/speech_emotion_detection-develop-v2/tess_preprocessed/audio/YAF_sub_sad.wav,YAF_sub_sad.wav,2,train,6,sad,6,sad,0.9672717452049255
/Users/prarthanapatel/Desktop/Himanshi/speech_emotion_detection-develop-v2/tess_preprocessed/audio/YAF_such_sad.wav,YAF_such_sad.wav,2,train,6,sad,6,sad,0.9672351479530334
/Users/prarthanapatel/Desktop/Himanshi/speech_emotion_detection-develop-v2/tess_preprocessed/audio/YAF_sure_sad.wav,YAF_sure_sad.wav,2,train,6,sad,6,sad,0.9674281477928162
/Users/prarthanapatel/Desktop/Himanshi/speech_emotion_detection-develop-v2/tess_preprocessed/audio/YAF_take_sad.wav,YAF_take_sad.wav,2,train,6,sad,6,sad,0.9665869474411011
/Users/prarthanapatel/Desktop/Himanshi/speech_emotion_detection-develop-v2/tess_preprocessed/audio/YAF_talk_sad.wav,YAF_talk_sad.wav,2,train,6,sad,6,sad,0.9664726853370667
/Users/prarthanapatel/Desktop/Himanshi/speech_emotion_detection-develop-v2/tess_preprocessed/audio/YAF_tape_sad.wav,YAF_tape_sad.wav,2,train,6,sad,6,sad,0.9668645858764648
/Users/prarthanapatel/Desktop/Himanshi/speech_emotion_detection-develop-v2/tess_preprocessed/audio/YAF_tell_sad.wav,YAF_tell_sad.wav,2,train,6,sad,6,sad,0.966995120048523
/Users/prarthanapatel/Desktop/Himanshi/speech_emotion_detection-develop-v2/tess_preprocessed/audio/YAF_thin_sad.wav,YAF_thin_sad.wav,2,train,6,sad,6,sad,0.9669533967971802
/Users/prarthanapatel/Desktop/Himanshi/speech_emotion_detection-develop-v2/tess_preprocessed/audio/YAF_third_sad.wav,YAF_third_sad.wav,2,train,6,sad,6,sad,0.9686633348464966
/Users/prarthanapatel/Desktop/Himanshi/speech_emotion_detection-develop-v2/tess_preprocessed/audio/YAF_thumb_sad.wav,YAF_thumb_sad.wav,2,train,6,sad,6,sad,0.9676947593688965
/Users/prarthanapatel/Desktop/Himanshi/speech_emotion_detection-develop-v2/tess_preprocessed/audio/YAF_time_sad.wav,YAF_time_sad.wav,2,train,6,sad,6,sad,0.9684905409812927
/Users/prarthanapatel/Desktop/Himanshi/speech_emotion_detection-develop-v2/tess_preprocessed/audio/YAF_tip_sad.wav,YAF_tip_sad.wav,2,train,6,sad,6,sad,0.9648339748382568
/Users/prarthanapatel/Desktop/Himanshi/speech_emotion_detection-develop-v2/tess_preprocessed/audio/YAF_tool_sad.wav,YAF_tool_sad.wav,2,train,6,sad,6,sad,0.9664312601089478
/Users/prarthanapatel/Desktop/Himanshi/speech_emotion_detection-develop-v2/tess_preprocessed/audio/YAF_void_sad.wav,YAF_void_sad.wav,2,train,6,sad,6,sad,0.966543436050415
/Users/prarthanapatel/Desktop/Himanshi/speech_emotion_detection-develop-v2/tess_preprocessed/audio/YAF_wag_sad.wav,YAF_wag_sad.wav,2,train,6,sad,6,sad,0.966334879398346
/Users/prarthanapatel/Desktop/Himanshi/speech_emotion_detection-develop-v2/tess_preprocessed/audio/YAF_wash_sad.wav,YAF_wash_sad.wav,2,train,6,sad,6,sad,0.9686543941497803
/Users/prarthanapatel/Desktop/Himanshi/speech_emotion_detection-develop-v2/tess_preprocessed/audio/YAF_week_sad.wav,YAF_week_sad.wav,2,train,6,sad,6,sad,0.9657565951347351
/Users/prarthanapatel/Desktop/Himanshi/speech_emotion_detection-develop-v2/tess_preprocessed/audio/YAF_when_sad.wav,YAF_when_sad.wav,2,train,6,sad,6,sad,0.968791663646698
/Users/prarthanapatel/Desktop/Himanshi/speech_emotion_detection-develop-v2/tess_preprocessed/audio/YAF_which_sad.wav,YAF_which_sad.wav,2,train,6,sad,6,sad,0.9672598242759705
/Users/prarthanapatel/Desktop/Himanshi/speech_emotion_detection-develop-v2/tess_preprocessed/audio/YAF_whip_sad.wav,YAF_whip_sad.wav,2,train,6,sad,6,sad,0.9658402800559998
/Users/prarthanapatel/Desktop/Himanshi/speech_emotion_detection-develop-v2/tess_preprocessed/audio/YAF_wire_sad.wav,YAF_wire_sad.wav,2,train,6,sad,6,sad,0.9692515730857849
/Users/prarthanapatel/Desktop/Himanshi/speech_emotion_detection-develop-v2/tess_preprocessed/audio/YAF_witch_sad.wav,YAF_witch_sad.wav,2,train,6,sad,6,sad,0.9679920077323914
/Users/prarthanapatel/Desktop/Himanshi/speech_emotion_detection-develop-v2/tess_preprocessed/audio/YAF_yes_sad.wav,YAF_yes_sad.wav,2,train,6,sad,6,sad,0.9680553078651428
/Users/prarthanapatel/Desktop/Himanshi/speech_emotion_detection-develop-v2/tess_preprocessed/audio/YAF_young_sad.wav,YAF_young_sad.wav,2,train,6,sad,6,sad,0.9646751880645752
