filepath,filename,actor_id,split,true_label,true_emotion,predicted_label,predicted_emotion,confidence
data/cremad/audio/1009_DFA_ANG_XX.wav,1009_DFA_ANG_XX.wav,1009,test,3,angry,3,angry,0.9397606253623962
data/cremad/audio/1009_DFA_DIS_XX.wav,1009_DFA_DIS_XX.wav,1009,test,5,disgust,5,disgust,0.45903342962265015
data/cremad/audio/1009_DFA_FEA_XX.wav,1009_DFA_FEA_XX.wav,1009,test,4,fearful,4,fearful,0.8998106122016907
data/cremad/audio/1009_DFA_HAP_XX.wav,1009_DFA_HAP_XX.wav,1009,test,1,happy,1,happy,0.9443909525871277
data/cremad/audio/1009_DFA_NEU_XX.wav,1009_DFA_NEU_XX.wav,1009,test,0,neutral,0,neutral,0.9456993937492371
data/cremad/audio/1009_DFA_SAD_XX.wav,1009_DFA_SAD_XX.wav,1009,test,2,sad,2,sad,0.7553778290748596
data/cremad/audio/1009_IEO_ANG_HI.wav,1009_IEO_ANG_HI.wav,1009,test,3,angry,4,fearful,0.7477671504020691
data/cremad/audio/1009_IEO_ANG_LO.wav,1009_IEO_ANG_LO.wav,1009,test,3,angry,4,fearful,0.6193999648094177
data/cremad/audio/1009_IEO_ANG_MD.wav,1009_IEO_ANG_MD.wav,1009,test,3,angry,3,angry,0.9223868250846863
data/cremad/audio/1009_IEO_DIS_HI.wav,1009_IEO_DIS_HI.wav,1009,test,5,disgust,3,angry,0.6766488552093506
data/cremad/audio/1009_IEO_DIS_LO.wav,1009_IEO_DIS_LO.wav,1009,test,5,disgust,4,fearful,0.4477148950099945
data/cremad/audio/1009_IEO_DIS_MD.wav,1009_IEO_DIS_MD.wav,1009,test,5,disgust,4,fearful,0.3972253203392029
data/cremad/audio/1009_IEO_FEA_HI.wav,1009_IEO_FEA_HI.wav,1009,test,4,fearful,4,fearful,0.8537489175796509
data/cremad/audio/1009_IEO_FEA_LO.wav,1009_IEO_FEA_LO.wav,1009,test,4,fearful,4,fearful,0.8999422192573547
data/cremad/audio/1009_IEO_FEA_MD.wav,1009_IEO_FEA_MD.wav,1009,test,4,fearful,4,fearful,0.8214645385742188
data/cremad/audio/1009_IEO_HAP_HI.wav,1009_IEO_HAP_HI.wav,1009,test,1,happy,4,fearful,0.46671777963638306
data/cremad/audio/1009_IEO_HAP_LO.wav,1009_IEO_HAP_LO.wav,1009,test,1,happy,1,happy,0.907721996307373
data/cremad/audio/1009_IEO_HAP_MD.wav,1009_IEO_HAP_MD.wav,1009,test,1,happy,4,fearful,0.8164801597595215
data/cremad/audio/1009_IEO_NEU_XX.wav,1009_IEO_NEU_XX.wav,1009,test,0,neutral,0,neutral,0.608278214931488
data/cremad/audio/1009_IEO_SAD_HI.wav,1009_IEO_SAD_HI.wav,1009,test,2,sad,2,sad,0.7862950563430786
data/cremad/audio/1009_IEO_SAD_LO.wav,1009_IEO_SAD_LO.wav,1009,test,2,sad,2,sad,0.6095279455184937
data/cremad/audio/1009_IEO_SAD_MD.wav,1009_IEO_SAD_MD.wav,1009,test,2,sad,2,sad,0.6952285766601562
data/cremad/audio/1009_IOM_ANG_XX.wav,1009_IOM_ANG_XX.wav,1009,test,3,angry,3,angry,0.9829722046852112
data/cremad/audio/1009_IOM_DIS_XX.wav,1009_IOM_DIS_XX.wav,1009,test,5,disgust,5,disgust,0.5965321660041809
data/cremad/audio/1009_IOM_FEA_XX.wav,1009_IOM_FEA_XX.wav,1009,test,4,fearful,4,fearful,0.8623181581497192
data/cremad/audio/1009_IOM_HAP_XX.wav,1009_IOM_HAP_XX.wav,1009,test,1,happy,1,happy,0.8381233811378479
data/cremad/audio/1009_IOM_NEU_XX.wav,1009_IOM_NEU_XX.wav,1009,test,0,neutral,0,neutral,0.9573649764060974
data/cremad/audio/1009_IOM_SAD_XX.wav,1009_IOM_SAD_XX.wav,1009,test,2,sad,4,fearful,0.4387240707874298
data/cremad/audio/1009_ITH_ANG_XX.wav,1009_ITH_ANG_XX.wav,1009,test,3,angry,3,angry,0.8028453588485718
data/cremad/audio/1009_ITH_DIS_XX.wav,1009_ITH_DIS_XX.wav,1009,test,5,disgust,5,disgust,0.5437775254249573
data/cremad/audio/1009_ITH_FEA_XX.wav,1009_ITH_FEA_XX.wav,1009,test,4,fearful,4,fearful,0.6201212406158447
data/cremad/audio/1009_ITH_HAP_XX.wav,1009_ITH_HAP_XX.wav,1009,test,1,happy,1,happy,0.9547829031944275
data/cremad/audio/1009_ITH_NEU_XX.wav,1009_ITH_NEU_XX.wav,1009,test,0,neutral,0,neutral,0.9306215643882751
data/cremad/audio/1009_ITH_SAD_XX.wav,1009_ITH_SAD_XX.wav,1009,test,2,sad,2,sad,0.6770517826080322
data/cremad/audio/1009_ITS_ANG_XX.wav,1009_ITS_ANG_XX.wav,1009,test,3,angry,3,angry,0.9839043021202087
data/cremad/audio/1009_ITS_DIS_XX.wav,1009_ITS_DIS_XX.wav,1009,test,5,disgust,0,neutral,0.5148427486419678
data/cremad/audio/1009_ITS_FEA_XX.wav,1009_ITS_FEA_XX.wav,1009,test,4,fearful,4,fearful,0.9000378847122192
data/cremad/audio/1009_ITS_HAP_XX.wav,1009_ITS_HAP_XX.wav,1009,test,1,happy,1,happy,0.5816052556037903
data/cremad/audio/1009_ITS_NEU_XX.wav,1009_ITS_NEU_XX.wav,1009,test,0,neutral,0,neutral,0.7346471548080444
data/cremad/audio/1009_ITS_SAD_XX.wav,1009_ITS_SAD_XX.wav,1009,test,2,sad,2,sad,0.6654256582260132
data/cremad/audio/1009_IWL_ANG_XX.wav,1009_IWL_ANG_XX.wav,1009,test,3,angry,3,angry,0.5031639933586121
data/cremad/audio/1009_IWL_DIS_XX.wav,1009_IWL_DIS_XX.wav,1009,test,5,disgust,5,disgust,0.8316967487335205
data/cremad/audio/1009_IWL_FEA_XX.wav,1009_IWL_FEA_XX.wav,1009,test,4,fearful,4,fearful,0.8471137285232544
data/cremad/audio/1009_IWL_HAP_XX.wav,1009_IWL_HAP_XX.wav,1009,test,1,happy,1,happy,0.8283210396766663
data/cremad/audio/1009_IWL_NEU_XX.wav,1009_IWL_NEU_XX.wav,1009,test,0,neutral,0,neutral,0.9214682579040527
data/cremad/audio/1009_IWL_SAD_XX.wav,1009_IWL_SAD_XX.wav,1009,test,2,sad,2,sad,0.8358209729194641
data/cremad/audio/1009_IWW_ANG_XX.wav,1009_IWW_ANG_XX.wav,1009,test,3,angry,3,angry,0.9805090427398682
data/cremad/audio/1009_IWW_DIS_XX.wav,1009_IWW_DIS_XX.wav,1009,test,5,disgust,4,fearful,0.7043436169624329
data/cremad/audio/1009_IWW_FEA_XX.wav,1009_IWW_FEA_XX.wav,1009,test,4,fearful,4,fearful,0.9315787553787231
data/cremad/audio/1009_IWW_HAP_XX.wav,1009_IWW_HAP_XX.wav,1009,test,1,happy,1,happy,0.5161342024803162
data/cremad/audio/1009_IWW_NEU_XX.wav,1009_IWW_NEU_XX.wav,1009,test,0,neutral,0,neutral,0.9540069699287415
data/cremad/audio/1009_IWW_SAD_XX.wav,1009_IWW_SAD_XX.wav,1009,test,2,sad,2,sad,0.822174072265625
data/cremad/audio/1009_TAI_ANG_XX.wav,1009_TAI_ANG_XX.wav,1009,test,3,angry,3,angry,0.970390796661377
data/cremad/audio/1009_TAI_DIS_XX.wav,1009_TAI_DIS_XX.wav,1009,test,5,disgust,5,disgust,0.46428126096725464
data/cremad/audio/1009_TAI_FEA_XX.wav,1009_TAI_FEA_XX.wav,1009,test,4,fearful,4,fearful,0.8771288990974426
data/cremad/audio/1009_TAI_HAP_XX.wav,1009_TAI_HAP_XX.wav,1009,test,1,happy,1,happy,0.8121920824050903
data/cremad/audio/1009_TAI_NEU_XX.wav,1009_TAI_NEU_XX.wav,1009,test,0,neutral,0,neutral,0.5750716924667358
data/cremad/audio/1009_TAI_SAD_XX.wav,1009_TAI_SAD_XX.wav,1009,test,2,sad,4,fearful,0.8003832697868347
data/cremad/audio/1009_TIE_ANG_XX.wav,1009_TIE_ANG_XX.wav,1009,test,3,angry,3,angry,0.9452729821205139
data/cremad/audio/1009_TIE_DIS_XX.wav,1009_TIE_DIS_XX.wav,1009,test,5,disgust,4,fearful,0.6191384196281433
data/cremad/audio/1009_TIE_FEA_XX.wav,1009_TIE_FEA_XX.wav,1009,test,4,fearful,4,fearful,0.9347733855247498
data/cremad/audio/1009_TIE_HAP_XX.wav,1009_TIE_HAP_XX.wav,1009,test,1,happy,5,disgust,0.4338895082473755
data/cremad/audio/1009_TIE_NEU_XX.wav,1009_TIE_NEU_XX.wav,1009,test,0,neutral,0,neutral,0.8814244866371155
data/cremad/audio/1009_TIE_SAD_XX.wav,1009_TIE_SAD_XX.wav,1009,test,2,sad,0,neutral,0.8559032678604126
data/cremad/audio/1009_TSI_ANG_XX.wav,1009_TSI_ANG_XX.wav,1009,test,3,angry,3,angry,0.9808475375175476
data/cremad/audio/1009_TSI_DIS_XX.wav,1009_TSI_DIS_XX.wav,1009,test,5,disgust,0,neutral,0.736966073513031
data/cremad/audio/1009_TSI_FEA_XX.wav,1009_TSI_FEA_XX.wav,1009,test,4,fearful,4,fearful,0.9260875582695007
data/cremad/audio/1009_TSI_HAP_XX.wav,1009_TSI_HAP_XX.wav,1009,test,1,happy,1,happy,0.8099494576454163
data/cremad/audio/1009_TSI_NEU_XX.wav,1009_TSI_NEU_XX.wav,1009,test,0,neutral,0,neutral,0.7725827097892761
data/cremad/audio/1009_TSI_SAD_XX.wav,1009_TSI_SAD_XX.wav,1009,test,2,sad,2,sad,0.7872798442840576
data/cremad/audio/1009_WSI_ANG_XX.wav,1009_WSI_ANG_XX.wav,1009,test,3,angry,3,angry,0.9834866523742676
data/cremad/audio/1009_WSI_DIS_XX.wav,1009_WSI_DIS_XX.wav,1009,test,5,disgust,5,disgust,0.6461395621299744
data/cremad/audio/1009_WSI_FEA_XX.wav,1009_WSI_FEA_XX.wav,1009,test,4,fearful,4,fearful,0.915103554725647
data/cremad/audio/1009_WSI_HAP_XX.wav,1009_WSI_HAP_XX.wav,1009,test,1,happy,1,happy,0.5481041669845581
data/cremad/audio/1009_WSI_NEU_XX.wav,1009_WSI_NEU_XX.wav,1009,test,0,neutral,0,neutral,0.8810060024261475
data/cremad/audio/1009_WSI_SAD_XX.wav,1009_WSI_SAD_XX.wav,1009,test,2,sad,2,sad,0.7231999039649963
data/cremad/audio/1013_DFA_ANG_XX.wav,1013_DFA_ANG_XX.wav,1013,test,3,angry,3,angry,0.9851702451705933
data/cremad/audio/1013_DFA_DIS_XX.wav,1013_DFA_DIS_XX.wav,1013,test,5,disgust,5,disgust,0.9037467241287231
data/cremad/audio/1013_DFA_FEA_XX.wav,1013_DFA_FEA_XX.wav,1013,test,4,fearful,2,sad,0.5459034442901611
data/cremad/audio/1013_DFA_HAP_XX.wav,1013_DFA_HAP_XX.wav,1013,test,1,happy,1,happy,0.8651543259620667
data/cremad/audio/1013_DFA_NEU_XX.wav,1013_DFA_NEU_XX.wav,1013,test,0,neutral,0,neutral,0.9508002996444702
data/cremad/audio/1013_DFA_SAD_XX.wav,1013_DFA_SAD_XX.wav,1013,test,2,sad,2,sad,0.7317037582397461
data/cremad/audio/1013_IEO_ANG_HI.wav,1013_IEO_ANG_HI.wav,1013,test,3,angry,3,angry,0.9812130928039551
data/cremad/audio/1013_IEO_ANG_LO.wav,1013_IEO_ANG_LO.wav,1013,test,3,angry,3,angry,0.8340221047401428
data/cremad/audio/1013_IEO_ANG_MD.wav,1013_IEO_ANG_MD.wav,1013,test,3,angry,3,angry,0.9778299927711487
data/cremad/audio/1013_IEO_DIS_HI.wav,1013_IEO_DIS_HI.wav,1013,test,5,disgust,5,disgust,0.5590333342552185
data/cremad/audio/1013_IEO_DIS_LO.wav,1013_IEO_DIS_LO.wav,1013,test,5,disgust,5,disgust,0.9274232983589172
data/cremad/audio/1013_IEO_DIS_MD.wav,1013_IEO_DIS_MD.wav,1013,test,5,disgust,4,fearful,0.5181301832199097
data/cremad/audio/1013_IEO_FEA_HI.wav,1013_IEO_FEA_HI.wav,1013,test,4,fearful,4,fearful,0.9234105944633484
data/cremad/audio/1013_IEO_FEA_LO.wav,1013_IEO_FEA_LO.wav,1013,test,4,fearful,2,sad,0.8182178735733032
data/cremad/audio/1013_IEO_FEA_MD.wav,1013_IEO_FEA_MD.wav,1013,test,4,fearful,2,sad,0.4868549704551697
data/cremad/audio/1013_IEO_HAP_HI.wav,1013_IEO_HAP_HI.wav,1013,test,1,happy,4,fearful,0.8193562030792236
data/cremad/audio/1013_IEO_HAP_LO.wav,1013_IEO_HAP_LO.wav,1013,test,1,happy,4,fearful,0.7685837149620056
data/cremad/audio/1013_IEO_HAP_MD.wav,1013_IEO_HAP_MD.wav,1013,test,1,happy,1,happy,0.7417042255401611
data/cremad/audio/1013_IEO_NEU_XX.wav,1013_IEO_NEU_XX.wav,1013,test,0,neutral,0,neutral,0.6484622359275818
data/cremad/audio/1013_IEO_SAD_HI.wav,1013_IEO_SAD_HI.wav,1013,test,2,sad,2,sad,0.5171521902084351
data/cremad/audio/1013_IEO_SAD_LO.wav,1013_IEO_SAD_LO.wav,1013,test,2,sad,2,sad,0.72173011302948
data/cremad/audio/1013_IEO_SAD_MD.wav,1013_IEO_SAD_MD.wav,1013,test,2,sad,2,sad,0.4773685336112976
data/cremad/audio/1013_IOM_ANG_XX.wav,1013_IOM_ANG_XX.wav,1013,test,3,angry,3,angry,0.9737368822097778
data/cremad/audio/1013_IOM_DIS_XX.wav,1013_IOM_DIS_XX.wav,1013,test,5,disgust,5,disgust,0.8874222040176392
data/cremad/audio/1013_IOM_FEA_XX.wav,1013_IOM_FEA_XX.wav,1013,test,4,fearful,4,fearful,0.5177000761032104
data/cremad/audio/1013_IOM_HAP_XX.wav,1013_IOM_HAP_XX.wav,1013,test,1,happy,1,happy,0.5553714036941528
data/cremad/audio/1013_IOM_NEU_XX.wav,1013_IOM_NEU_XX.wav,1013,test,0,neutral,0,neutral,0.9345589280128479
data/cremad/audio/1013_IOM_SAD_XX.wav,1013_IOM_SAD_XX.wav,1013,test,2,sad,2,sad,0.6958163976669312
data/cremad/audio/1013_ITH_ANG_XX.wav,1013_ITH_ANG_XX.wav,1013,test,3,angry,3,angry,0.9812206029891968
data/cremad/audio/1013_ITH_DIS_XX.wav,1013_ITH_DIS_XX.wav,1013,test,5,disgust,5,disgust,0.913662314414978
data/cremad/audio/1013_ITH_FEA_XX.wav,1013_ITH_FEA_XX.wav,1013,test,4,fearful,4,fearful,0.6897469758987427
data/cremad/audio/1013_ITH_HAP_XX.wav,1013_ITH_HAP_XX.wav,1013,test,1,happy,3,angry,0.8108571171760559
data/cremad/audio/1013_ITH_NEU_XX.wav,1013_ITH_NEU_XX.wav,1013,test,0,neutral,0,neutral,0.9636507034301758
data/cremad/audio/1013_ITH_SAD_XX.wav,1013_ITH_SAD_XX.wav,1013,test,2,sad,2,sad,0.592498242855072
data/cremad/audio/1013_ITS_ANG_XX.wav,1013_ITS_ANG_XX.wav,1013,test,3,angry,3,angry,0.9845133423805237
data/cremad/audio/1013_ITS_DIS_XX.wav,1013_ITS_DIS_XX.wav,1013,test,5,disgust,5,disgust,0.6172255277633667
data/cremad/audio/1013_ITS_FEA_XX.wav,1013_ITS_FEA_XX.wav,1013,test,4,fearful,4,fearful,0.5192736387252808
data/cremad/audio/1013_ITS_HAP_XX.wav,1013_ITS_HAP_XX.wav,1013,test,1,happy,1,happy,0.7294586300849915
data/cremad/audio/1013_ITS_NEU_XX.wav,1013_ITS_NEU_XX.wav,1013,test,0,neutral,0,neutral,0.9617177844047546
data/cremad/audio/1013_ITS_SAD_XX.wav,1013_ITS_SAD_XX.wav,1013,test,2,sad,2,sad,0.8508098125457764
data/cremad/audio/1013_IWL_ANG_XX.wav,1013_IWL_ANG_XX.wav,1013,test,3,angry,3,angry,0.9822409749031067
data/cremad/audio/1013_IWL_DIS_XX.wav,1013_IWL_DIS_XX.wav,1013,test,5,disgust,5,disgust,0.546943724155426
data/cremad/audio/1013_IWL_FEA_XX.wav,1013_IWL_FEA_XX.wav,1013,test,4,fearful,4,fearful,0.8000258207321167
data/cremad/audio/1013_IWL_HAP_XX.wav,1013_IWL_HAP_XX.wav,1013,test,1,happy,3,angry,0.476960152387619
data/cremad/audio/1013_IWL_NEU_XX.wav,1013_IWL_NEU_XX.wav,1013,test,0,neutral,0,neutral,0.8287352323532104
data/cremad/audio/1013_IWL_SAD_XX.wav,1013_IWL_SAD_XX.wav,1013,test,2,sad,2,sad,0.439610093832016
data/cremad/audio/1013_IWW_ANG_XX.wav,1013_IWW_ANG_XX.wav,1013,test,3,angry,3,angry,0.9846472144126892
data/cremad/audio/1013_IWW_DIS_XX.wav,1013_IWW_DIS_XX.wav,1013,test,5,disgust,5,disgust,0.8531957268714905
data/cremad/audio/1013_IWW_FEA_XX.wav,1013_IWW_FEA_XX.wav,1013,test,4,fearful,4,fearful,0.7676907777786255
data/cremad/audio/1013_IWW_HAP_XX.wav,1013_IWW_HAP_XX.wav,1013,test,1,happy,1,happy,0.9539480209350586
data/cremad/audio/1013_IWW_NEU_XX.wav,1013_IWW_NEU_XX.wav,1013,test,0,neutral,0,neutral,0.9645464420318604
data/cremad/audio/1013_IWW_SAD_XX.wav,1013_IWW_SAD_XX.wav,1013,test,2,sad,2,sad,0.6830356121063232
data/cremad/audio/1013_MTI_ANG_XX.wav,1013_MTI_ANG_XX.wav,1013,test,3,angry,3,angry,0.9838320016860962
data/cremad/audio/1013_MTI_DIS_XX.wav,1013_MTI_DIS_XX.wav,1013,test,5,disgust,5,disgust,0.7664861679077148
data/cremad/audio/1013_MTI_FEA_XX.wav,1013_MTI_FEA_XX.wav,1013,test,4,fearful,4,fearful,0.6200199127197266
data/cremad/audio/1013_MTI_HAP_XX.wav,1013_MTI_HAP_XX.wav,1013,test,1,happy,1,happy,0.9202907085418701
data/cremad/audio/1013_MTI_NEU_XX.wav,1013_MTI_NEU_XX.wav,1013,test,0,neutral,0,neutral,0.958338737487793
data/cremad/audio/1013_MTI_SAD_XX.wav,1013_MTI_SAD_XX.wav,1013,test,2,sad,2,sad,0.7882943153381348
data/cremad/audio/1013_TAI_ANG_XX.wav,1013_TAI_ANG_XX.wav,1013,test,3,angry,3,angry,0.9775804877281189
data/cremad/audio/1013_TAI_DIS_XX.wav,1013_TAI_DIS_XX.wav,1013,test,5,disgust,5,disgust,0.851117730140686
data/cremad/audio/1013_TAI_FEA_XX.wav,1013_TAI_FEA_XX.wav,1013,test,4,fearful,4,fearful,0.4705732464790344
data/cremad/audio/1013_TAI_HAP_XX.wav,1013_TAI_HAP_XX.wav,1013,test,1,happy,3,angry,0.4547699987888336
data/cremad/audio/1013_TAI_NEU_XX.wav,1013_TAI_NEU_XX.wav,1013,test,0,neutral,0,neutral,0.9124933481216431
data/cremad/audio/1013_TAI_SAD_XX.wav,1013_TAI_SAD_XX.wav,1013,test,2,sad,2,sad,0.6976343989372253
data/cremad/audio/1013_TIE_ANG_XX.wav,1013_TIE_ANG_XX.wav,1013,test,3,angry,3,angry,0.9836828708648682
data/cremad/audio/1013_TIE_DIS_XX.wav,1013_TIE_DIS_XX.wav,1013,test,5,disgust,5,disgust,0.4825170934200287
data/cremad/audio/1013_TIE_FEA_XX.wav,1013_TIE_FEA_XX.wav,1013,test,4,fearful,4,fearful,0.8897871375083923
data/cremad/audio/1013_TIE_HAP_XX.wav,1013_TIE_HAP_XX.wav,1013,test,1,happy,1,happy,0.5184814929962158
data/cremad/audio/1013_TIE_NEU_XX.wav,1013_TIE_NEU_XX.wav,1013,test,0,neutral,0,neutral,0.9710392355918884
data/cremad/audio/1013_TIE_SAD_XX.wav,1013_TIE_SAD_XX.wav,1013,test,2,sad,2,sad,0.6431937217712402
data/cremad/audio/1013_TSI_ANG_XX.wav,1013_TSI_ANG_XX.wav,1013,test,3,angry,3,angry,0.9730590581893921
data/cremad/audio/1013_TSI_DIS_XX.wav,1013_TSI_DIS_XX.wav,1013,test,5,disgust,5,disgust,0.5704214572906494
data/cremad/audio/1013_TSI_FEA_XX.wav,1013_TSI_FEA_XX.wav,1013,test,4,fearful,4,fearful,0.7330607771873474
data/cremad/audio/1013_TSI_HAP_XX.wav,1013_TSI_HAP_XX.wav,1013,test,1,happy,1,happy,0.5633876919746399
data/cremad/audio/1013_TSI_NEU_XX.wav,1013_TSI_NEU_XX.wav,1013,test,0,neutral,0,neutral,0.9626719951629639
data/cremad/audio/1013_TSI_SAD_XX.wav,1013_TSI_SAD_XX.wav,1013,test,2,sad,2,sad,0.7049867510795593
data/cremad/audio/1013_WSI_ANG_XX.wav,1013_WSI_ANG_XX.wav,1013,test,3,angry,3,angry,0.9847422242164612
data/cremad/audio/1013_WSI_DIS_XX.wav,1013_WSI_DIS_XX.wav,1013,test,5,disgust,5,disgust,0.9206641316413879
data/cremad/audio/1013_WSI_FEA_XX.wav,1013_WSI_FEA_XX.wav,1013,test,4,fearful,2,sad,0.5091016888618469
data/cremad/audio/1013_WSI_HAP_XX.wav,1013_WSI_HAP_XX.wav,1013,test,1,happy,4,fearful,0.8104276657104492
data/cremad/audio/1013_WSI_NEU_XX.wav,1013_WSI_NEU_XX.wav,1013,test,0,neutral,0,neutral,0.6596866846084595
data/cremad/audio/1013_WSI_SAD_XX.wav,1013_WSI_SAD_XX.wav,1013,test,2,sad,5,disgust,0.9214832782745361
data/cremad/audio/1014_DFA_ANG_XX.wav,1014_DFA_ANG_XX.wav,1014,test,3,angry,3,angry,0.9828534126281738
data/cremad/audio/1014_DFA_DIS_XX.wav,1014_DFA_DIS_XX.wav,1014,test,5,disgust,5,disgust,0.7555838227272034
data/cremad/audio/1014_DFA_FEA_XX.wav,1014_DFA_FEA_XX.wav,1014,test,4,fearful,4,fearful,0.8980337381362915
data/cremad/audio/1014_DFA_HAP_XX.wav,1014_DFA_HAP_XX.wav,1014,test,1,happy,1,happy,0.8100629448890686
data/cremad/audio/1014_DFA_NEU_XX.wav,1014_DFA_NEU_XX.wav,1014,test,0,neutral,5,disgust,0.8476602435112
data/cremad/audio/1014_DFA_SAD_XX.wav,1014_DFA_SAD_XX.wav,1014,test,2,sad,5,disgust,0.8924332857131958
data/cremad/audio/1014_IEO_ANG_HI.wav,1014_IEO_ANG_HI.wav,1014,test,3,angry,3,angry,0.9840713739395142
data/cremad/audio/1014_IEO_ANG_LO.wav,1014_IEO_ANG_LO.wav,1014,test,3,angry,5,disgust,0.3033621311187744
data/cremad/audio/1014_IEO_ANG_MD.wav,1014_IEO_ANG_MD.wav,1014,test,3,angry,3,angry,0.9720231890678406
data/cremad/audio/1014_IEO_DIS_HI.wav,1014_IEO_DIS_HI.wav,1014,test,5,disgust,5,disgust,0.7872475981712341
data/cremad/audio/1014_IEO_DIS_LO.wav,1014_IEO_DIS_LO.wav,1014,test,5,disgust,5,disgust,0.8840179443359375
data/cremad/audio/1014_IEO_DIS_MD.wav,1014_IEO_DIS_MD.wav,1014,test,5,disgust,5,disgust,0.9373637437820435
data/cremad/audio/1014_IEO_FEA_HI.wav,1014_IEO_FEA_HI.wav,1014,test,4,fearful,4,fearful,0.910200297832489
data/cremad/audio/1014_IEO_FEA_LO.wav,1014_IEO_FEA_LO.wav,1014,test,4,fearful,4,fearful,0.565448522567749
data/cremad/audio/1014_IEO_FEA_MD.wav,1014_IEO_FEA_MD.wav,1014,test,4,fearful,2,sad,0.5373238921165466
data/cremad/audio/1014_IEO_HAP_HI.wav,1014_IEO_HAP_HI.wav,1014,test,1,happy,1,happy,0.4211888313293457
data/cremad/audio/1014_IEO_HAP_LO.wav,1014_IEO_HAP_LO.wav,1014,test,1,happy,1,happy,0.7681387066841125
data/cremad/audio/1014_IEO_HAP_MD.wav,1014_IEO_HAP_MD.wav,1014,test,1,happy,5,disgust,0.47323742508888245
data/cremad/audio/1014_IEO_NEU_XX.wav,1014_IEO_NEU_XX.wav,1014,test,0,neutral,0,neutral,0.5882151126861572
data/cremad/audio/1014_IEO_SAD_HI.wav,1014_IEO_SAD_HI.wav,1014,test,2,sad,2,sad,0.6040078401565552
data/cremad/audio/1014_IEO_SAD_LO.wav,1014_IEO_SAD_LO.wav,1014,test,2,sad,2,sad,0.5581827163696289
data/cremad/audio/1014_IEO_SAD_MD.wav,1014_IEO_SAD_MD.wav,1014,test,2,sad,2,sad,0.7764342427253723
data/cremad/audio/1014_IOM_ANG_XX.wav,1014_IOM_ANG_XX.wav,1014,test,3,angry,3,angry,0.9578641653060913
data/cremad/audio/1014_IOM_DIS_XX.wav,1014_IOM_DIS_XX.wav,1014,test,5,disgust,5,disgust,0.9483538866043091
data/cremad/audio/1014_IOM_FEA_XX.wav,1014_IOM_FEA_XX.wav,1014,test,4,fearful,4,fearful,0.8459445238113403
data/cremad/audio/1014_IOM_HAP_XX.wav,1014_IOM_HAP_XX.wav,1014,test,1,happy,3,angry,0.7669764757156372
data/cremad/audio/1014_IOM_NEU_XX.wav,1014_IOM_NEU_XX.wav,1014,test,0,neutral,0,neutral,0.7683835625648499
data/cremad/audio/1014_IOM_SAD_XX.wav,1014_IOM_SAD_XX.wav,1014,test,2,sad,2,sad,0.7018864750862122
data/cremad/audio/1014_ITH_ANG_XX.wav,1014_ITH_ANG_XX.wav,1014,test,3,angry,5,disgust,0.8950084447860718
data/cremad/audio/1014_ITH_DIS_XX.wav,1014_ITH_DIS_XX.wav,1014,test,5,disgust,5,disgust,0.8550577759742737
data/cremad/audio/1014_ITH_FEA_XX.wav,1014_ITH_FEA_XX.wav,1014,test,4,fearful,4,fearful,0.6574541926383972
data/cremad/audio/1014_ITH_HAP_XX.wav,1014_ITH_HAP_XX.wav,1014,test,1,happy,1,happy,0.9054436087608337
data/cremad/audio/1014_ITH_NEU_XX.wav,1014_ITH_NEU_XX.wav,1014,test,0,neutral,0,neutral,0.36097627878189087
data/cremad/audio/1014_ITH_SAD_XX.wav,1014_ITH_SAD_XX.wav,1014,test,2,sad,2,sad,0.4800880551338196
data/cremad/audio/1014_ITS_ANG_XX.wav,1014_ITS_ANG_XX.wav,1014,test,3,angry,3,angry,0.9777084589004517
data/cremad/audio/1014_ITS_DIS_XX.wav,1014_ITS_DIS_XX.wav,1014,test,5,disgust,5,disgust,0.884463369846344
data/cremad/audio/1014_ITS_FEA_XX.wav,1014_ITS_FEA_XX.wav,1014,test,4,fearful,4,fearful,0.8926835060119629
data/cremad/audio/1014_ITS_HAP_XX.wav,1014_ITS_HAP_XX.wav,1014,test,1,happy,1,happy,0.9122157692909241
data/cremad/audio/1014_ITS_NEU_XX.wav,1014_ITS_NEU_XX.wav,1014,test,0,neutral,3,angry,0.4789232015609741
data/cremad/audio/1014_ITS_SAD_XX.wav,1014_ITS_SAD_XX.wav,1014,test,2,sad,2,sad,0.8245449662208557
data/cremad/audio/1014_IWL_ANG_XX.wav,1014_IWL_ANG_XX.wav,1014,test,3,angry,3,angry,0.932086169719696
data/cremad/audio/1014_IWL_DIS_XX.wav,1014_IWL_DIS_XX.wav,1014,test,5,disgust,5,disgust,0.6725375056266785
data/cremad/audio/1014_IWL_FEA_XX.wav,1014_IWL_FEA_XX.wav,1014,test,4,fearful,4,fearful,0.8518640398979187
data/cremad/audio/1014_IWL_HAP_XX.wav,1014_IWL_HAP_XX.wav,1014,test,1,happy,5,disgust,0.46256792545318604
data/cremad/audio/1014_IWL_NEU_XX.wav,1014_IWL_NEU_XX.wav,1014,test,0,neutral,5,disgust,0.5039489269256592
data/cremad/audio/1014_IWL_SAD_XX.wav,1014_IWL_SAD_XX.wav,1014,test,2,sad,2,sad,0.6635909080505371
data/cremad/audio/1014_IWW_ANG_XX.wav,1014_IWW_ANG_XX.wav,1014,test,3,angry,3,angry,0.9554136991500854
data/cremad/audio/1014_IWW_DIS_XX.wav,1014_IWW_DIS_XX.wav,1014,test,5,disgust,5,disgust,0.4522944688796997
data/cremad/audio/1014_IWW_FEA_XX.wav,1014_IWW_FEA_XX.wav,1014,test,4,fearful,4,fearful,0.7104104161262512
data/cremad/audio/1014_IWW_HAP_XX.wav,1014_IWW_HAP_XX.wav,1014,test,1,happy,1,happy,0.4163241982460022
data/cremad/audio/1014_IWW_NEU_XX.wav,1014_IWW_NEU_XX.wav,1014,test,0,neutral,3,angry,0.7374529242515564
data/cremad/audio/1014_IWW_SAD_XX.wav,1014_IWW_SAD_XX.wav,1014,test,2,sad,2,sad,0.641947865486145
data/cremad/audio/1014_MTI_ANG_XX.wav,1014_MTI_ANG_XX.wav,1014,test,3,angry,3,angry,0.965903103351593
data/cremad/audio/1014_MTI_DIS_XX.wav,1014_MTI_DIS_XX.wav,1014,test,5,disgust,5,disgust,0.844939112663269
data/cremad/audio/1014_MTI_FEA_XX.wav,1014_MTI_FEA_XX.wav,1014,test,4,fearful,4,fearful,0.5245023369789124
data/cremad/audio/1014_MTI_HAP_XX.wav,1014_MTI_HAP_XX.wav,1014,test,1,happy,1,happy,0.7681938409805298
data/cremad/audio/1014_MTI_NEU_XX.wav,1014_MTI_NEU_XX.wav,1014,test,0,neutral,3,angry,0.48414063453674316
data/cremad/audio/1014_MTI_SAD_XX.wav,1014_MTI_SAD_XX.wav,1014,test,2,sad,2,sad,0.666099488735199
data/cremad/audio/1014_TAI_ANG_XX.wav,1014_TAI_ANG_XX.wav,1014,test,3,angry,3,angry,0.9837667942047119
data/cremad/audio/1014_TAI_DIS_XX.wav,1014_TAI_DIS_XX.wav,1014,test,5,disgust,5,disgust,0.9054877161979675
data/cremad/audio/1014_TAI_FEA_XX.wav,1014_TAI_FEA_XX.wav,1014,test,4,fearful,4,fearful,0.699374258518219
data/cremad/audio/1014_TAI_HAP_XX.wav,1014_TAI_HAP_XX.wav,1014,test,1,happy,3,angry,0.41997671127319336
data/cremad/audio/1014_TAI_NEU_XX.wav,1014_TAI_NEU_XX.wav,1014,test,0,neutral,0,neutral,0.8890154957771301
data/cremad/audio/1014_TAI_SAD_XX.wav,1014_TAI_SAD_XX.wav,1014,test,2,sad,2,sad,0.6216369867324829
data/cremad/audio/1014_TIE_ANG_XX.wav,1014_TIE_ANG_XX.wav,1014,test,3,angry,3,angry,0.9834142923355103
data/cremad/audio/1014_TIE_DIS_XX.wav,1014_TIE_DIS_XX.wav,1014,test,5,disgust,5,disgust,0.8829056024551392
data/cremad/audio/1014_TIE_FEA_XX.wav,1014_TIE_FEA_XX.wav,1014,test,4,fearful,4,fearful,0.9056723713874817
data/cremad/audio/1014_TIE_HAP_XX.wav,1014_TIE_HAP_XX.wav,1014,test,1,happy,3,angry,0.8734734058380127
data/cremad/audio/1014_TIE_NEU_XX.wav,1014_TIE_NEU_XX.wav,1014,test,0,neutral,0,neutral,0.571989893913269
data/cremad/audio/1014_TIE_SAD_XX.wav,1014_TIE_SAD_XX.wav,1014,test,2,sad,5,disgust,0.6982951164245605
data/cremad/audio/1014_TSI_ANG_XX.wav,1014_TSI_ANG_XX.wav,1014,test,3,angry,3,angry,0.8885447978973389
data/cremad/audio/1014_TSI_DIS_XX.wav,1014_TSI_DIS_XX.wav,1014,test,5,disgust,2,sad,0.5751873254776001
data/cremad/audio/1014_TSI_FEA_XX.wav,1014_TSI_FEA_XX.wav,1014,test,4,fearful,4,fearful,0.7545896768569946
data/cremad/audio/1014_TSI_HAP_XX.wav,1014_TSI_HAP_XX.wav,1014,test,1,happy,4,fearful,0.6316419839859009
data/cremad/audio/1014_TSI_NEU_XX.wav,1014_TSI_NEU_XX.wav,1014,test,0,neutral,0,neutral,0.7942702770233154
data/cremad/audio/1014_TSI_SAD_XX.wav,1014_TSI_SAD_XX.wav,1014,test,2,sad,2,sad,0.7687234878540039
data/cremad/audio/1014_WSI_ANG_XX.wav,1014_WSI_ANG_XX.wav,1014,test,3,angry,3,angry,0.9821398258209229
data/cremad/audio/1014_WSI_DIS_XX.wav,1014_WSI_DIS_XX.wav,1014,test,5,disgust,2,sad,0.537392258644104
data/cremad/audio/1014_WSI_FEA_XX.wav,1014_WSI_FEA_XX.wav,1014,test,4,fearful,4,fearful,0.5569948554039001
data/cremad/audio/1014_WSI_HAP_XX.wav,1014_WSI_HAP_XX.wav,1014,test,1,happy,3,angry,0.9027222394943237
data/cremad/audio/1014_WSI_NEU_XX.wav,1014_WSI_NEU_XX.wav,1014,test,0,neutral,3,angry,0.7487377524375916
data/cremad/audio/1014_WSI_SAD_XX.wav,1014_WSI_SAD_XX.wav,1014,test,2,sad,2,sad,0.789588212966919
data/cremad/audio/1015_DFA_ANG_XX.wav,1015_DFA_ANG_XX.wav,1015,test,3,angry,3,angry,0.8835434317588806
data/cremad/audio/1015_DFA_DIS_XX.wav,1015_DFA_DIS_XX.wav,1015,test,5,disgust,4,fearful,0.9059628248214722
data/cremad/audio/1015_DFA_FEA_XX.wav,1015_DFA_FEA_XX.wav,1015,test,4,fearful,4,fearful,0.9073982238769531
data/cremad/audio/1015_DFA_HAP_XX.wav,1015_DFA_HAP_XX.wav,1015,test,1,happy,1,happy,0.9278438091278076
data/cremad/audio/1015_DFA_NEU_XX.wav,1015_DFA_NEU_XX.wav,1015,test,0,neutral,0,neutral,0.9568939805030823
data/cremad/audio/1015_DFA_SAD_XX.wav,1015_DFA_SAD_XX.wav,1015,test,2,sad,4,fearful,0.8639373779296875
data/cremad/audio/1015_IEO_ANG_HI.wav,1015_IEO_ANG_HI.wav,1015,test,3,angry,3,angry,0.9746965765953064
data/cremad/audio/1015_IEO_ANG_LO.wav,1015_IEO_ANG_LO.wav,1015,test,3,angry,3,angry,0.9802557229995728
data/cremad/audio/1015_IEO_ANG_MD.wav,1015_IEO_ANG_MD.wav,1015,test,3,angry,3,angry,0.4648384153842926
data/cremad/audio/1015_IEO_DIS_HI.wav,1015_IEO_DIS_HI.wav,1015,test,5,disgust,4,fearful,0.8390427827835083
data/cremad/audio/1015_IEO_DIS_LO.wav,1015_IEO_DIS_LO.wav,1015,test,5,disgust,4,fearful,0.45038074254989624
data/cremad/audio/1015_IEO_DIS_MD.wav,1015_IEO_DIS_MD.wav,1015,test,5,disgust,4,fearful,0.7345789670944214
data/cremad/audio/1015_IEO_FEA_HI.wav,1015_IEO_FEA_HI.wav,1015,test,4,fearful,4,fearful,0.8786712884902954
data/cremad/audio/1015_IEO_FEA_LO.wav,1015_IEO_FEA_LO.wav,1015,test,4,fearful,4,fearful,0.7148001194000244
data/cremad/audio/1015_IEO_FEA_MD.wav,1015_IEO_FEA_MD.wav,1015,test,4,fearful,4,fearful,0.7320044636726379
data/cremad/audio/1015_IEO_HAP_HI.wav,1015_IEO_HAP_HI.wav,1015,test,1,happy,1,happy,0.45204663276672363
data/cremad/audio/1015_IEO_HAP_LO.wav,1015_IEO_HAP_LO.wav,1015,test,1,happy,1,happy,0.7511829137802124
data/cremad/audio/1015_IEO_HAP_MD.wav,1015_IEO_HAP_MD.wav,1015,test,1,happy,1,happy,0.6427960395812988
data/cremad/audio/1015_IEO_NEU_XX.wav,1015_IEO_NEU_XX.wav,1015,test,0,neutral,1,happy,0.46441808342933655
data/cremad/audio/1015_IEO_SAD_HI.wav,1015_IEO_SAD_HI.wav,1015,test,2,sad,2,sad,0.8671198487281799
data/cremad/audio/1015_IEO_SAD_LO.wav,1015_IEO_SAD_LO.wav,1015,test,2,sad,2,sad,0.8461941480636597
data/cremad/audio/1015_IEO_SAD_MD.wav,1015_IEO_SAD_MD.wav,1015,test,2,sad,4,fearful,0.47422584891319275
data/cremad/audio/1015_IOM_ANG_XX.wav,1015_IOM_ANG_XX.wav,1015,test,3,angry,5,disgust,0.48790839314460754
data/cremad/audio/1015_IOM_DIS_XX.wav,1015_IOM_DIS_XX.wav,1015,test,5,disgust,4,fearful,0.484282910823822
data/cremad/audio/1015_IOM_FEA_XX.wav,1015_IOM_FEA_XX.wav,1015,test,4,fearful,4,fearful,0.5423912405967712
data/cremad/audio/1015_IOM_HAP_XX.wav,1015_IOM_HAP_XX.wav,1015,test,1,happy,1,happy,0.8918516039848328
data/cremad/audio/1015_IOM_NEU_XX.wav,1015_IOM_NEU_XX.wav,1015,test,0,neutral,0,neutral,0.8165056109428406
data/cremad/audio/1015_IOM_SAD_XX.wav,1015_IOM_SAD_XX.wav,1015,test,2,sad,2,sad,0.5272799730300903
data/cremad/audio/1015_ITH_ANG_XX.wav,1015_ITH_ANG_XX.wav,1015,test,3,angry,1,happy,0.4580601751804352
data/cremad/audio/1015_ITH_DIS_XX.wav,1015_ITH_DIS_XX.wav,1015,test,5,disgust,2,sad,0.5953025221824646
data/cremad/audio/1015_ITH_FEA_XX.wav,1015_ITH_FEA_XX.wav,1015,test,4,fearful,4,fearful,0.780631422996521
data/cremad/audio/1015_ITH_HAP_XX.wav,1015_ITH_HAP_XX.wav,1015,test,1,happy,1,happy,0.854066014289856
data/cremad/audio/1015_ITH_NEU_XX.wav,1015_ITH_NEU_XX.wav,1015,test,0,neutral,2,sad,0.43580523133277893
data/cremad/audio/1015_ITH_SAD_XX.wav,1015_ITH_SAD_XX.wav,1015,test,2,sad,2,sad,0.5640627145767212
data/cremad/audio/1015_ITS_ANG_XX.wav,1015_ITS_ANG_XX.wav,1015,test,3,angry,3,angry,0.5699200630187988
data/cremad/audio/1015_ITS_DIS_XX.wav,1015_ITS_DIS_XX.wav,1015,test,5,disgust,4,fearful,0.80985426902771
data/cremad/audio/1015_ITS_FEA_XX.wav,1015_ITS_FEA_XX.wav,1015,test,4,fearful,4,fearful,0.5518446564674377
data/cremad/audio/1015_ITS_HAP_XX.wav,1015_ITS_HAP_XX.wav,1015,test,1,happy,1,happy,0.9260125160217285
data/cremad/audio/1015_ITS_NEU_XX.wav,1015_ITS_NEU_XX.wav,1015,test,0,neutral,0,neutral,0.9512807726860046
data/cremad/audio/1015_ITS_SAD_XX.wav,1015_ITS_SAD_XX.wav,1015,test,2,sad,2,sad,0.451898992061615
data/cremad/audio/1015_IWL_ANG_XX.wav,1015_IWL_ANG_XX.wav,1015,test,3,angry,3,angry,0.5691498517990112
data/cremad/audio/1015_IWL_DIS_XX.wav,1015_IWL_DIS_XX.wav,1015,test,5,disgust,4,fearful,0.7213303446769714
data/cremad/audio/1015_IWL_FEA_XX.wav,1015_IWL_FEA_XX.wav,1015,test,4,fearful,4,fearful,0.9276626706123352
data/cremad/audio/1015_IWL_HAP_XX.wav,1015_IWL_HAP_XX.wav,1015,test,1,happy,1,happy,0.841170072555542
data/cremad/audio/1015_IWL_NEU_XX.wav,1015_IWL_NEU_XX.wav,1015,test,0,neutral,0,neutral,0.8978708386421204
data/cremad/audio/1015_IWL_SAD_XX.wav,1015_IWL_SAD_XX.wav,1015,test,2,sad,4,fearful,0.7795276045799255
data/cremad/audio/1015_IWW_ANG_XX.wav,1015_IWW_ANG_XX.wav,1015,test,3,angry,5,disgust,0.7165523171424866
data/cremad/audio/1015_IWW_DIS_XX.wav,1015_IWW_DIS_XX.wav,1015,test,5,disgust,2,sad,0.5709309577941895
data/cremad/audio/1015_IWW_FEA_XX.wav,1015_IWW_FEA_XX.wav,1015,test,4,fearful,4,fearful,0.7726083993911743
data/cremad/audio/1015_IWW_HAP_XX.wav,1015_IWW_HAP_XX.wav,1015,test,1,happy,1,happy,0.9641091823577881
data/cremad/audio/1015_IWW_NEU_XX.wav,1015_IWW_NEU_XX.wav,1015,test,0,neutral,0,neutral,0.8505991697311401
data/cremad/audio/1015_IWW_SAD_XX.wav,1015_IWW_SAD_XX.wav,1015,test,2,sad,2,sad,0.4646020233631134
data/cremad/audio/1015_MTI_ANG_XX.wav,1015_MTI_ANG_XX.wav,1015,test,3,angry,1,happy,0.5474382638931274
data/cremad/audio/1015_MTI_DIS_XX.wav,1015_MTI_DIS_XX.wav,1015,test,5,disgust,4,fearful,0.3607718050479889
data/cremad/audio/1015_MTI_FEA_XX.wav,1015_MTI_FEA_XX.wav,1015,test,4,fearful,4,fearful,0.9236493706703186
data/cremad/audio/1015_MTI_HAP_XX.wav,1015_MTI_HAP_XX.wav,1015,test,1,happy,1,happy,0.6861191987991333
data/cremad/audio/1015_MTI_NEU_XX.wav,1015_MTI_NEU_XX.wav,1015,test,0,neutral,0,neutral,0.7254869341850281
data/cremad/audio/1015_MTI_SAD_XX.wav,1015_MTI_SAD_XX.wav,1015,test,2,sad,2,sad,0.5696702599525452
data/cremad/audio/1015_TAI_ANG_XX.wav,1015_TAI_ANG_XX.wav,1015,test,3,angry,3,angry,0.9807934165000916
data/cremad/audio/1015_TAI_DIS_XX.wav,1015_TAI_DIS_XX.wav,1015,test,5,disgust,4,fearful,0.4516981542110443
data/cremad/audio/1015_TAI_FEA_XX.wav,1015_TAI_FEA_XX.wav,1015,test,4,fearful,4,fearful,0.9064865708351135
data/cremad/audio/1015_TAI_HAP_XX.wav,1015_TAI_HAP_XX.wav,1015,test,1,happy,1,happy,0.9435696601867676
data/cremad/audio/1015_TAI_NEU_XX.wav,1015_TAI_NEU_XX.wav,1015,test,0,neutral,0,neutral,0.6211787462234497
data/cremad/audio/1015_TAI_SAD_XX.wav,1015_TAI_SAD_XX.wav,1015,test,2,sad,2,sad,0.8346402645111084
data/cremad/audio/1015_TIE_ANG_XX.wav,1015_TIE_ANG_XX.wav,1015,test,3,angry,5,disgust,0.4367634952068329
data/cremad/audio/1015_TIE_DIS_XX.wav,1015_TIE_DIS_XX.wav,1015,test,5,disgust,5,disgust,0.7526530623435974
data/cremad/audio/1015_TIE_FEA_XX.wav,1015_TIE_FEA_XX.wav,1015,test,4,fearful,4,fearful,0.8454505205154419
data/cremad/audio/1015_TIE_HAP_XX.wav,1015_TIE_HAP_XX.wav,1015,test,1,happy,1,happy,0.5881706476211548
data/cremad/audio/1015_TIE_NEU_XX.wav,1015_TIE_NEU_XX.wav,1015,test,0,neutral,4,fearful,0.2882969379425049
data/cremad/audio/1015_TIE_SAD_XX.wav,1015_TIE_SAD_XX.wav,1015,test,2,sad,0,neutral,0.3959456980228424
data/cremad/audio/1015_TSI_ANG_XX.wav,1015_TSI_ANG_XX.wav,1015,test,3,angry,1,happy,0.7424050569534302
data/cremad/audio/1015_TSI_DIS_XX.wav,1015_TSI_DIS_XX.wav,1015,test,5,disgust,2,sad,0.5764027237892151
data/cremad/audio/1015_TSI_FEA_XX.wav,1015_TSI_FEA_XX.wav,1015,test,4,fearful,4,fearful,0.8930280804634094
data/cremad/audio/1015_TSI_HAP_XX.wav,1015_TSI_HAP_XX.wav,1015,test,1,happy,1,happy,0.928435206413269
data/cremad/audio/1015_TSI_NEU_XX.wav,1015_TSI_NEU_XX.wav,1015,test,0,neutral,0,neutral,0.8966521620750427
data/cremad/audio/1015_TSI_SAD_XX.wav,1015_TSI_SAD_XX.wav,1015,test,2,sad,2,sad,0.7769033312797546
data/cremad/audio/1015_WSI_ANG_XX.wav,1015_WSI_ANG_XX.wav,1015,test,3,angry,3,angry,0.5480908155441284
data/cremad/audio/1015_WSI_DIS_XX.wav,1015_WSI_DIS_XX.wav,1015,test,5,disgust,4,fearful,0.4786577820777893
data/cremad/audio/1015_WSI_FEA_XX.wav,1015_WSI_FEA_XX.wav,1015,test,4,fearful,4,fearful,0.8985503315925598
data/cremad/audio/1015_WSI_HAP_XX.wav,1015_WSI_HAP_XX.wav,1015,test,1,happy,1,happy,0.8694266676902771
data/cremad/audio/1015_WSI_NEU_XX.wav,1015_WSI_NEU_XX.wav,1015,test,0,neutral,2,sad,0.698104739189148
data/cremad/audio/1015_WSI_SAD_XX.wav,1015_WSI_SAD_XX.wav,1015,test,2,sad,2,sad,0.47873565554618835
data/cremad/audio/1020_DFA_ANG_XX.wav,1020_DFA_ANG_XX.wav,1020,test,3,angry,3,angry,0.965515673160553
data/cremad/audio/1020_DFA_DIS_XX.wav,1020_DFA_DIS_XX.wav,1020,test,5,disgust,5,disgust,0.811366081237793
data/cremad/audio/1020_DFA_FEA_XX.wav,1020_DFA_FEA_XX.wav,1020,test,4,fearful,4,fearful,0.9067808389663696
data/cremad/audio/1020_DFA_HAP_XX.wav,1020_DFA_HAP_XX.wav,1020,test,1,happy,1,happy,0.9481750726699829
data/cremad/audio/1020_DFA_NEU_XX.wav,1020_DFA_NEU_XX.wav,1020,test,0,neutral,1,happy,0.42585185170173645
data/cremad/audio/1020_DFA_SAD_XX.wav,1020_DFA_SAD_XX.wav,1020,test,2,sad,2,sad,0.6232268810272217
data/cremad/audio/1020_IEO_ANG_HI.wav,1020_IEO_ANG_HI.wav,1020,test,3,angry,4,fearful,0.6076678037643433
data/cremad/audio/1020_IEO_ANG_LO.wav,1020_IEO_ANG_LO.wav,1020,test,3,angry,3,angry,0.5531110167503357
data/cremad/audio/1020_IEO_ANG_MD.wav,1020_IEO_ANG_MD.wav,1020,test,3,angry,3,angry,0.49942776560783386
data/cremad/audio/1020_IEO_DIS_HI.wav,1020_IEO_DIS_HI.wav,1020,test,5,disgust,5,disgust,0.9224745631217957
data/cremad/audio/1020_IEO_DIS_LO.wav,1020_IEO_DIS_LO.wav,1020,test,5,disgust,5,disgust,0.8854004144668579
data/cremad/audio/1020_IEO_DIS_MD.wav,1020_IEO_DIS_MD.wav,1020,test,5,disgust,5,disgust,0.8928346633911133
data/cremad/audio/1020_IEO_FEA_HI.wav,1020_IEO_FEA_HI.wav,1020,test,4,fearful,4,fearful,0.8656380772590637
data/cremad/audio/1020_IEO_FEA_LO.wav,1020_IEO_FEA_LO.wav,1020,test,4,fearful,5,disgust,0.5316095948219299
data/cremad/audio/1020_IEO_FEA_MD.wav,1020_IEO_FEA_MD.wav,1020,test,4,fearful,4,fearful,0.9014043211936951
data/cremad/audio/1020_IEO_HAP_HI.wav,1020_IEO_HAP_HI.wav,1020,test,1,happy,4,fearful,0.4885909855365753
data/cremad/audio/1020_IEO_HAP_LO.wav,1020_IEO_HAP_LO.wav,1020,test,1,happy,1,happy,0.8951201438903809
data/cremad/audio/1020_IEO_HAP_MD.wav,1020_IEO_HAP_MD.wav,1020,test,1,happy,1,happy,0.4700344204902649
data/cremad/audio/1020_IEO_NEU_XX.wav,1020_IEO_NEU_XX.wav,1020,test,0,neutral,0,neutral,0.5709315538406372
data/cremad/audio/1020_IEO_SAD_HI.wav,1020_IEO_SAD_HI.wav,1020,test,2,sad,5,disgust,0.5436771512031555
data/cremad/audio/1020_IEO_SAD_LO.wav,1020_IEO_SAD_LO.wav,1020,test,2,sad,1,happy,0.41109898686408997
data/cremad/audio/1020_IEO_SAD_MD.wav,1020_IEO_SAD_MD.wav,1020,test,2,sad,4,fearful,0.5020356774330139
data/cremad/audio/1020_IOM_ANG_XX.wav,1020_IOM_ANG_XX.wav,1020,test,3,angry,3,angry,0.974159300327301
data/cremad/audio/1020_IOM_DIS_XX.wav,1020_IOM_DIS_XX.wav,1020,test,5,disgust,5,disgust,0.8545523881912231
data/cremad/audio/1020_IOM_FEA_XX.wav,1020_IOM_FEA_XX.wav,1020,test,4,fearful,2,sad,0.39759376645088196
data/cremad/audio/1020_IOM_HAP_XX.wav,1020_IOM_HAP_XX.wav,1020,test,1,happy,1,happy,0.9536170363426208
data/cremad/audio/1020_IOM_NEU_XX.wav,1020_IOM_NEU_XX.wav,1020,test,0,neutral,0,neutral,0.954055666923523
data/cremad/audio/1020_IOM_SAD_XX.wav,1020_IOM_SAD_XX.wav,1020,test,2,sad,2,sad,0.786302924156189
data/cremad/audio/1020_ITH_ANG_XX.wav,1020_ITH_ANG_XX.wav,1020,test,3,angry,3,angry,0.9396795034408569
data/cremad/audio/1020_ITH_DIS_XX.wav,1020_ITH_DIS_XX.wav,1020,test,5,disgust,5,disgust,0.9461630582809448
data/cremad/audio/1020_ITH_FEA_XX.wav,1020_ITH_FEA_XX.wav,1020,test,4,fearful,2,sad,0.48722153902053833
data/cremad/audio/1020_ITH_HAP_XX.wav,1020_ITH_HAP_XX.wav,1020,test,1,happy,1,happy,0.9512537121772766
data/cremad/audio/1020_ITH_NEU_XX.wav,1020_ITH_NEU_XX.wav,1020,test,0,neutral,0,neutral,0.8882868885993958
data/cremad/audio/1020_ITH_SAD_XX.wav,1020_ITH_SAD_XX.wav,1020,test,2,sad,5,disgust,0.5667571425437927
data/cremad/audio/1020_ITS_ANG_XX.wav,1020_ITS_ANG_XX.wav,1020,test,3,angry,3,angry,0.8844271898269653
data/cremad/audio/1020_ITS_DIS_XX.wav,1020_ITS_DIS_XX.wav,1020,test,5,disgust,5,disgust,0.9060143232345581
data/cremad/audio/1020_ITS_FEA_XX.wav,1020_ITS_FEA_XX.wav,1020,test,4,fearful,4,fearful,0.6710363030433655
data/cremad/audio/1020_ITS_HAP_XX.wav,1020_ITS_HAP_XX.wav,1020,test,1,happy,1,happy,0.871039867401123
data/cremad/audio/1020_ITS_NEU_XX.wav,1020_ITS_NEU_XX.wav,1020,test,0,neutral,0,neutral,0.9553675651550293
data/cremad/audio/1020_ITS_SAD_XX.wav,1020_ITS_SAD_XX.wav,1020,test,2,sad,2,sad,0.8085057139396667
data/cremad/audio/1020_IWL_ANG_XX.wav,1020_IWL_ANG_XX.wav,1020,test,3,angry,3,angry,0.930628776550293
data/cremad/audio/1020_IWL_DIS_XX.wav,1020_IWL_DIS_XX.wav,1020,test,5,disgust,5,disgust,0.9459531903266907
data/cremad/audio/1020_IWL_FEA_XX.wav,1020_IWL_FEA_XX.wav,1020,test,4,fearful,5,disgust,0.7138185501098633
data/cremad/audio/1020_IWL_HAP_XX.wav,1020_IWL_HAP_XX.wav,1020,test,1,happy,1,happy,0.6362037658691406
data/cremad/audio/1020_IWL_NEU_XX.wav,1020_IWL_NEU_XX.wav,1020,test,0,neutral,0,neutral,0.9448436498641968
data/cremad/audio/1020_IWL_SAD_XX.wav,1020_IWL_SAD_XX.wav,1020,test,2,sad,2,sad,0.47130048274993896
data/cremad/audio/1020_IWW_ANG_XX.wav,1020_IWW_ANG_XX.wav,1020,test,3,angry,3,angry,0.8624747395515442
data/cremad/audio/1020_IWW_DIS_XX.wav,1020_IWW_DIS_XX.wav,1020,test,5,disgust,5,disgust,0.8588065505027771
data/cremad/audio/1020_IWW_FEA_XX.wav,1020_IWW_FEA_XX.wav,1020,test,4,fearful,4,fearful,0.5552412271499634
data/cremad/audio/1020_IWW_HAP_XX.wav,1020_IWW_HAP_XX.wav,1020,test,1,happy,1,happy,0.8418899774551392
data/cremad/audio/1020_IWW_NEU_XX.wav,1020_IWW_NEU_XX.wav,1020,test,0,neutral,0,neutral,0.8868550658226013
data/cremad/audio/1020_IWW_SAD_XX.wav,1020_IWW_SAD_XX.wav,1020,test,2,sad,2,sad,0.7330472469329834
data/cremad/audio/1020_MTI_ANG_XX.wav,1020_MTI_ANG_XX.wav,1020,test,3,angry,3,angry,0.6590340733528137
data/cremad/audio/1020_MTI_DIS_XX.wav,1020_MTI_DIS_XX.wav,1020,test,5,disgust,5,disgust,0.8938736319541931
data/cremad/audio/1020_MTI_FEA_XX.wav,1020_MTI_FEA_XX.wav,1020,test,4,fearful,4,fearful,0.860368549823761
data/cremad/audio/1020_MTI_HAP_XX.wav,1020_MTI_HAP_XX.wav,1020,test,1,happy,1,happy,0.9470319747924805
data/cremad/audio/1020_MTI_NEU_XX.wav,1020_MTI_NEU_XX.wav,1020,test,0,neutral,0,neutral,0.9576999545097351
data/cremad/audio/1020_MTI_SAD_XX.wav,1020_MTI_SAD_XX.wav,1020,test,2,sad,2,sad,0.7198213338851929
data/cremad/audio/1020_TAI_ANG_XX.wav,1020_TAI_ANG_XX.wav,1020,test,3,angry,3,angry,0.7587178349494934
data/cremad/audio/1020_TAI_DIS_XX.wav,1020_TAI_DIS_XX.wav,1020,test,5,disgust,5,disgust,0.9190258979797363
data/cremad/audio/1020_TAI_FEA_XX.wav,1020_TAI_FEA_XX.wav,1020,test,4,fearful,4,fearful,0.3428831696510315
data/cremad/audio/1020_TAI_HAP_XX.wav,1020_TAI_HAP_XX.wav,1020,test,1,happy,1,happy,0.9510872960090637
data/cremad/audio/1020_TAI_NEU_XX.wav,1020_TAI_NEU_XX.wav,1020,test,0,neutral,0,neutral,0.9361283183097839
data/cremad/audio/1020_TAI_SAD_XX.wav,1020_TAI_SAD_XX.wav,1020,test,2,sad,2,sad,0.7466638088226318
data/cremad/audio/1020_TIE_ANG_XX.wav,1020_TIE_ANG_XX.wav,1020,test,3,angry,3,angry,0.9542415738105774
data/cremad/audio/1020_TIE_DIS_XX.wav,1020_TIE_DIS_XX.wav,1020,test,5,disgust,5,disgust,0.927627682685852
data/cremad/audio/1020_TIE_FEA_XX.wav,1020_TIE_FEA_XX.wav,1020,test,4,fearful,4,fearful,0.49730029702186584
data/cremad/audio/1020_TIE_HAP_XX.wav,1020_TIE_HAP_XX.wav,1020,test,1,happy,1,happy,0.7720436453819275
data/cremad/audio/1020_TIE_NEU_XX.wav,1020_TIE_NEU_XX.wav,1020,test,0,neutral,0,neutral,0.40185707807540894
data/cremad/audio/1020_TIE_SAD_XX.wav,1020_TIE_SAD_XX.wav,1020,test,2,sad,2,sad,0.49403735995292664
data/cremad/audio/1020_TSI_ANG_XX.wav,1020_TSI_ANG_XX.wav,1020,test,3,angry,3,angry,0.9072688817977905
data/cremad/audio/1020_TSI_DIS_XX.wav,1020_TSI_DIS_XX.wav,1020,test,5,disgust,5,disgust,0.9286933541297913
data/cremad/audio/1020_TSI_FEA_XX.wav,1020_TSI_FEA_XX.wav,1020,test,4,fearful,4,fearful,0.7470638751983643
data/cremad/audio/1020_TSI_HAP_XX.wav,1020_TSI_HAP_XX.wav,1020,test,1,happy,1,happy,0.7629489898681641
data/cremad/audio/1020_TSI_NEU_XX.wav,1020_TSI_NEU_XX.wav,1020,test,0,neutral,0,neutral,0.7989107370376587
data/cremad/audio/1020_TSI_SAD_XX.wav,1020_TSI_SAD_XX.wav,1020,test,2,sad,2,sad,0.6297592520713806
data/cremad/audio/1020_WSI_ANG_XX.wav,1020_WSI_ANG_XX.wav,1020,test,3,angry,3,angry,0.9569385051727295
data/cremad/audio/1020_WSI_DIS_XX.wav,1020_WSI_DIS_XX.wav,1020,test,5,disgust,5,disgust,0.9436677694320679
data/cremad/audio/1020_WSI_FEA_XX.wav,1020_WSI_FEA_XX.wav,1020,test,4,fearful,4,fearful,0.868545413017273
data/cremad/audio/1020_WSI_HAP_XX.wav,1020_WSI_HAP_XX.wav,1020,test,1,happy,1,happy,0.9603382349014282
data/cremad/audio/1020_WSI_NEU_XX.wav,1020_WSI_NEU_XX.wav,1020,test,0,neutral,0,neutral,0.6139853596687317
data/cremad/audio/1020_WSI_SAD_XX.wav,1020_WSI_SAD_XX.wav,1020,test,2,sad,2,sad,0.8682066798210144
data/cremad/audio/1036_DFA_ANG_XX.wav,1036_DFA_ANG_XX.wav,1036,test,3,angry,3,angry,0.9507946372032166
data/cremad/audio/1036_DFA_DIS_XX.wav,1036_DFA_DIS_XX.wav,1036,test,5,disgust,3,angry,0.38770362734794617
data/cremad/audio/1036_DFA_FEA_XX.wav,1036_DFA_FEA_XX.wav,1036,test,4,fearful,4,fearful,0.920020580291748
data/cremad/audio/1036_DFA_HAP_XX.wav,1036_DFA_HAP_XX.wav,1036,test,1,happy,4,fearful,0.7387518286705017
data/cremad/audio/1036_DFA_NEU_XX.wav,1036_DFA_NEU_XX.wav,1036,test,0,neutral,1,happy,0.5639569163322449
data/cremad/audio/1036_DFA_SAD_XX.wav,1036_DFA_SAD_XX.wav,1036,test,2,sad,4,fearful,0.8307353258132935
data/cremad/audio/1036_IEO_ANG_HI.wav,1036_IEO_ANG_HI.wav,1036,test,3,angry,3,angry,0.9636294841766357
data/cremad/audio/1036_IEO_ANG_LO.wav,1036_IEO_ANG_LO.wav,1036,test,3,angry,1,happy,0.7105808258056641
data/cremad/audio/1036_IEO_ANG_MD.wav,1036_IEO_ANG_MD.wav,1036,test,3,angry,3,angry,0.3821919858455658
data/cremad/audio/1036_IEO_DIS_HI.wav,1036_IEO_DIS_HI.wav,1036,test,5,disgust,5,disgust,0.8264614939689636
data/cremad/audio/1036_IEO_DIS_LO.wav,1036_IEO_DIS_LO.wav,1036,test,5,disgust,5,disgust,0.6043391823768616
data/cremad/audio/1036_IEO_DIS_MD.wav,1036_IEO_DIS_MD.wav,1036,test,5,disgust,5,disgust,0.6233824491500854
data/cremad/audio/1036_IEO_FEA_HI.wav,1036_IEO_FEA_HI.wav,1036,test,4,fearful,4,fearful,0.8395488858222961
data/cremad/audio/1036_IEO_FEA_LO.wav,1036_IEO_FEA_LO.wav,1036,test,4,fearful,4,fearful,0.908921480178833
data/cremad/audio/1036_IEO_FEA_MD.wav,1036_IEO_FEA_MD.wav,1036,test,4,fearful,4,fearful,0.8496353030204773
data/cremad/audio/1036_IEO_HAP_HI.wav,1036_IEO_HAP_HI.wav,1036,test,1,happy,3,angry,0.6844683885574341
data/cremad/audio/1036_IEO_HAP_LO.wav,1036_IEO_HAP_LO.wav,1036,test,1,happy,1,happy,0.8764124512672424
data/cremad/audio/1036_IEO_HAP_MD.wav,1036_IEO_HAP_MD.wav,1036,test,1,happy,1,happy,0.5335330963134766
data/cremad/audio/1036_IEO_NEU_XX.wav,1036_IEO_NEU_XX.wav,1036,test,0,neutral,0,neutral,0.4417118430137634
data/cremad/audio/1036_IEO_SAD_HI.wav,1036_IEO_SAD_HI.wav,1036,test,2,sad,4,fearful,0.43187636137008667
data/cremad/audio/1036_IEO_SAD_LO.wav,1036_IEO_SAD_LO.wav,1036,test,2,sad,5,disgust,0.3371783494949341
data/cremad/audio/1036_IEO_SAD_MD.wav,1036_IEO_SAD_MD.wav,1036,test,2,sad,5,disgust,0.6576062440872192
data/cremad/audio/1036_IOM_ANG_XX.wav,1036_IOM_ANG_XX.wav,1036,test,3,angry,5,disgust,0.8443201780319214
data/cremad/audio/1036_IOM_DIS_XX.wav,1036_IOM_DIS_XX.wav,1036,test,5,disgust,5,disgust,0.8052830696105957
data/cremad/audio/1036_IOM_FEA_XX.wav,1036_IOM_FEA_XX.wav,1036,test,4,fearful,4,fearful,0.7760095596313477
data/cremad/audio/1036_IOM_HAP_XX.wav,1036_IOM_HAP_XX.wav,1036,test,1,happy,0,neutral,0.37192922830581665
data/cremad/audio/1036_IOM_NEU_XX.wav,1036_IOM_NEU_XX.wav,1036,test,0,neutral,0,neutral,0.5216172337532043
data/cremad/audio/1036_IOM_SAD_XX.wav,1036_IOM_SAD_XX.wav,1036,test,2,sad,2,sad,0.5048743486404419
data/cremad/audio/1036_ITH_ANG_XX.wav,1036_ITH_ANG_XX.wav,1036,test,3,angry,3,angry,0.9316540360450745
data/cremad/audio/1036_ITH_DIS_XX.wav,1036_ITH_DIS_XX.wav,1036,test,5,disgust,3,angry,0.5551787614822388
data/cremad/audio/1036_ITH_FEA_XX.wav,1036_ITH_FEA_XX.wav,1036,test,4,fearful,4,fearful,0.81215900182724
data/cremad/audio/1036_ITH_HAP_XX.wav,1036_ITH_HAP_XX.wav,1036,test,1,happy,3,angry,0.9500777721405029
data/cremad/audio/1036_ITH_NEU_XX.wav,1036_ITH_NEU_XX.wav,1036,test,0,neutral,5,disgust,0.428826242685318
data/cremad/audio/1036_ITH_SAD_XX.wav,1036_ITH_SAD_XX.wav,1036,test,2,sad,5,disgust,0.3957633674144745
data/cremad/audio/1036_ITS_ANG_XX.wav,1036_ITS_ANG_XX.wav,1036,test,3,angry,3,angry,0.9833023548126221
data/cremad/audio/1036_ITS_DIS_XX.wav,1036_ITS_DIS_XX.wav,1036,test,5,disgust,1,happy,0.5792132616043091
data/cremad/audio/1036_ITS_FEA_XX.wav,1036_ITS_FEA_XX.wav,1036,test,4,fearful,4,fearful,0.6318446397781372
data/cremad/audio/1036_ITS_HAP_XX.wav,1036_ITS_HAP_XX.wav,1036,test,1,happy,3,angry,0.7032718658447266
data/cremad/audio/1036_ITS_NEU_XX.wav,1036_ITS_NEU_XX.wav,1036,test,0,neutral,1,happy,0.7347416877746582
data/cremad/audio/1036_ITS_SAD_XX.wav,1036_ITS_SAD_XX.wav,1036,test,2,sad,4,fearful,0.5029325485229492
data/cremad/audio/1036_IWL_ANG_XX.wav,1036_IWL_ANG_XX.wav,1036,test,3,angry,3,angry,0.8895735740661621
data/cremad/audio/1036_IWL_DIS_XX.wav,1036_IWL_DIS_XX.wav,1036,test,5,disgust,5,disgust,0.7323629260063171
data/cremad/audio/1036_IWL_FEA_XX.wav,1036_IWL_FEA_XX.wav,1036,test,4,fearful,4,fearful,0.8595881462097168
data/cremad/audio/1036_IWL_HAP_XX.wav,1036_IWL_HAP_XX.wav,1036,test,1,happy,3,angry,0.5845766663551331
data/cremad/audio/1036_IWL_NEU_XX.wav,1036_IWL_NEU_XX.wav,1036,test,0,neutral,5,disgust,0.35200047492980957
data/cremad/audio/1036_IWL_SAD_XX.wav,1036_IWL_SAD_XX.wav,1036,test,2,sad,1,happy,0.45270365476608276
data/cremad/audio/1036_IWW_ANG_XX.wav,1036_IWW_ANG_XX.wav,1036,test,3,angry,3,angry,0.6362202167510986
data/cremad/audio/1036_IWW_DIS_XX.wav,1036_IWW_DIS_XX.wav,1036,test,5,disgust,5,disgust,0.8972993493080139
data/cremad/audio/1036_IWW_FEA_XX.wav,1036_IWW_FEA_XX.wav,1036,test,4,fearful,4,fearful,0.8122098445892334
data/cremad/audio/1036_IWW_HAP_XX.wav,1036_IWW_HAP_XX.wav,1036,test,1,happy,3,angry,0.9792787432670593
data/cremad/audio/1036_IWW_NEU_XX.wav,1036_IWW_NEU_XX.wav,1036,test,0,neutral,2,sad,0.6400337815284729
data/cremad/audio/1036_IWW_SAD_XX.wav,1036_IWW_SAD_XX.wav,1036,test,2,sad,4,fearful,0.6011927723884583
data/cremad/audio/1036_MTI_ANG_XX.wav,1036_MTI_ANG_XX.wav,1036,test,3,angry,3,angry,0.9642916321754456
data/cremad/audio/1036_MTI_DIS_XX.wav,1036_MTI_DIS_XX.wav,1036,test,5,disgust,5,disgust,0.8640918135643005
data/cremad/audio/1036_MTI_FEA_XX.wav,1036_MTI_FEA_XX.wav,1036,test,4,fearful,4,fearful,0.6523845791816711
data/cremad/audio/1036_MTI_HAP_XX.wav,1036_MTI_HAP_XX.wav,1036,test,1,happy,4,fearful,0.7663719058036804
data/cremad/audio/1036_MTI_NEU_XX.wav,1036_MTI_NEU_XX.wav,1036,test,0,neutral,2,sad,0.4256496727466583
data/cremad/audio/1036_MTI_SAD_XX.wav,1036_MTI_SAD_XX.wav,1036,test,2,sad,4,fearful,0.503423810005188
data/cremad/audio/1036_TAI_ANG_XX.wav,1036_TAI_ANG_XX.wav,1036,test,3,angry,3,angry,0.9636820554733276
data/cremad/audio/1036_TAI_DIS_XX.wav,1036_TAI_DIS_XX.wav,1036,test,5,disgust,5,disgust,0.926095187664032
data/cremad/audio/1036_TAI_FEA_XX.wav,1036_TAI_FEA_XX.wav,1036,test,4,fearful,4,fearful,0.512419581413269
data/cremad/audio/1036_TAI_HAP_XX.wav,1036_TAI_HAP_XX.wav,1036,test,1,happy,5,disgust,0.48690444231033325
data/cremad/audio/1036_TAI_NEU_XX.wav,1036_TAI_NEU_XX.wav,1036,test,0,neutral,0,neutral,0.7802938222885132
data/cremad/audio/1036_TAI_SAD_XX.wav,1036_TAI_SAD_XX.wav,1036,test,2,sad,2,sad,0.3873862326145172
data/cremad/audio/1036_TIE_ANG_XX.wav,1036_TIE_ANG_XX.wav,1036,test,3,angry,5,disgust,0.7656959295272827
data/cremad/audio/1036_TIE_DIS_XX.wav,1036_TIE_DIS_XX.wav,1036,test,5,disgust,5,disgust,0.661008358001709
data/cremad/audio/1036_TIE_FEA_XX.wav,1036_TIE_FEA_XX.wav,1036,test,4,fearful,4,fearful,0.3950580656528473
data/cremad/audio/1036_TIE_HAP_XX.wav,1036_TIE_HAP_XX.wav,1036,test,1,happy,1,happy,0.6194733381271362
data/cremad/audio/1036_TIE_NEU_XX.wav,1036_TIE_NEU_XX.wav,1036,test,0,neutral,0,neutral,0.37870389223098755
data/cremad/audio/1036_TIE_SAD_XX.wav,1036_TIE_SAD_XX.wav,1036,test,2,sad,2,sad,0.6394436359405518
data/cremad/audio/1036_TSI_ANG_XX.wav,1036_TSI_ANG_XX.wav,1036,test,3,angry,3,angry,0.9598119854927063
data/cremad/audio/1036_TSI_DIS_XX.wav,1036_TSI_DIS_XX.wav,1036,test,5,disgust,5,disgust,0.4329959452152252
data/cremad/audio/1036_TSI_FEA_XX.wav,1036_TSI_FEA_XX.wav,1036,test,4,fearful,4,fearful,0.9049665331840515
data/cremad/audio/1036_TSI_HAP_XX.wav,1036_TSI_HAP_XX.wav,1036,test,1,happy,1,happy,0.5462210774421692
data/cremad/audio/1036_TSI_NEU_XX.wav,1036_TSI_NEU_XX.wav,1036,test,0,neutral,0,neutral,0.685897946357727
data/cremad/audio/1036_TSI_SAD_XX.wav,1036_TSI_SAD_XX.wav,1036,test,2,sad,4,fearful,0.6957711577415466
data/cremad/audio/1036_WSI_ANG_XX.wav,1036_WSI_ANG_XX.wav,1036,test,3,angry,3,angry,0.974947452545166
data/cremad/audio/1036_WSI_DIS_XX.wav,1036_WSI_DIS_XX.wav,1036,test,5,disgust,5,disgust,0.5418190360069275
data/cremad/audio/1036_WSI_FEA_XX.wav,1036_WSI_FEA_XX.wav,1036,test,4,fearful,4,fearful,0.9077562093734741
data/cremad/audio/1036_WSI_HAP_XX.wav,1036_WSI_HAP_XX.wav,1036,test,1,happy,3,angry,0.958551287651062
data/cremad/audio/1036_WSI_NEU_XX.wav,1036_WSI_NEU_XX.wav,1036,test,0,neutral,0,neutral,0.8898679614067078
data/cremad/audio/1036_WSI_SAD_XX.wav,1036_WSI_SAD_XX.wav,1036,test,2,sad,4,fearful,0.685350239276886
data/cremad/audio/1037_DFA_ANG_XX.wav,1037_DFA_ANG_XX.wav,1037,test,3,angry,3,angry,0.9058144092559814
data/cremad/audio/1037_DFA_DIS_XX.wav,1037_DFA_DIS_XX.wav,1037,test,5,disgust,5,disgust,0.7934379577636719
data/cremad/audio/1037_DFA_FEA_XX.wav,1037_DFA_FEA_XX.wav,1037,test,4,fearful,4,fearful,0.4738710820674896
data/cremad/audio/1037_DFA_HAP_XX.wav,1037_DFA_HAP_XX.wav,1037,test,1,happy,1,happy,0.9537255764007568
data/cremad/audio/1037_DFA_NEU_XX.wav,1037_DFA_NEU_XX.wav,1037,test,0,neutral,0,neutral,0.9532338380813599
data/cremad/audio/1037_DFA_SAD_XX.wav,1037_DFA_SAD_XX.wav,1037,test,2,sad,2,sad,0.7853498458862305
data/cremad/audio/1037_IEO_ANG_HI.wav,1037_IEO_ANG_HI.wav,1037,test,3,angry,3,angry,0.9801580309867859
data/cremad/audio/1037_IEO_ANG_LO.wav,1037_IEO_ANG_LO.wav,1037,test,3,angry,3,angry,0.9494122266769409
data/cremad/audio/1037_IEO_ANG_MD.wav,1037_IEO_ANG_MD.wav,1037,test,3,angry,3,angry,0.9826546907424927
data/cremad/audio/1037_IEO_DIS_HI.wav,1037_IEO_DIS_HI.wav,1037,test,5,disgust,5,disgust,0.84786456823349
data/cremad/audio/1037_IEO_DIS_LO.wav,1037_IEO_DIS_LO.wav,1037,test,5,disgust,5,disgust,0.6631096005439758
data/cremad/audio/1037_IEO_DIS_MD.wav,1037_IEO_DIS_MD.wav,1037,test,5,disgust,5,disgust,0.8528956174850464
data/cremad/audio/1037_IEO_FEA_HI.wav,1037_IEO_FEA_HI.wav,1037,test,4,fearful,4,fearful,0.8684125542640686
data/cremad/audio/1037_IEO_FEA_LO.wav,1037_IEO_FEA_LO.wav,1037,test,4,fearful,4,fearful,0.4522968828678131
data/cremad/audio/1037_IEO_FEA_MD.wav,1037_IEO_FEA_MD.wav,1037,test,4,fearful,2,sad,0.5090341567993164
data/cremad/audio/1037_IEO_HAP_HI.wav,1037_IEO_HAP_HI.wav,1037,test,1,happy,1,happy,0.7735911011695862
data/cremad/audio/1037_IEO_HAP_LO.wav,1037_IEO_HAP_LO.wav,1037,test,1,happy,0,neutral,0.6628876328468323
data/cremad/audio/1037_IEO_HAP_MD.wav,1037_IEO_HAP_MD.wav,1037,test,1,happy,0,neutral,0.5253514647483826
data/cremad/audio/1037_IEO_NEU_XX.wav,1037_IEO_NEU_XX.wav,1037,test,0,neutral,0,neutral,0.7862634658813477
data/cremad/audio/1037_IEO_SAD_HI.wav,1037_IEO_SAD_HI.wav,1037,test,2,sad,2,sad,0.7207930684089661
data/cremad/audio/1037_IEO_SAD_LO.wav,1037_IEO_SAD_LO.wav,1037,test,2,sad,2,sad,0.8189449310302734
data/cremad/audio/1037_IEO_SAD_MD.wav,1037_IEO_SAD_MD.wav,1037,test,2,sad,2,sad,0.543132483959198
data/cremad/audio/1037_IOM_ANG_XX.wav,1037_IOM_ANG_XX.wav,1037,test,3,angry,3,angry,0.9839409589767456
data/cremad/audio/1037_IOM_DIS_XX.wav,1037_IOM_DIS_XX.wav,1037,test,5,disgust,5,disgust,0.7998666763305664
data/cremad/audio/1037_IOM_FEA_XX.wav,1037_IOM_FEA_XX.wav,1037,test,4,fearful,4,fearful,0.5830901861190796
data/cremad/audio/1037_IOM_HAP_XX.wav,1037_IOM_HAP_XX.wav,1037,test,1,happy,1,happy,0.9057250022888184
data/cremad/audio/1037_IOM_NEU_XX.wav,1037_IOM_NEU_XX.wav,1037,test,0,neutral,0,neutral,0.9682942032814026
data/cremad/audio/1037_IOM_SAD_XX.wav,1037_IOM_SAD_XX.wav,1037,test,2,sad,2,sad,0.7014299035072327
data/cremad/audio/1037_ITH_ANG_XX.wav,1037_ITH_ANG_XX.wav,1037,test,3,angry,3,angry,0.9825347661972046
data/cremad/audio/1037_ITH_DIS_XX.wav,1037_ITH_DIS_XX.wav,1037,test,5,disgust,5,disgust,0.8294063210487366
data/cremad/audio/1037_ITH_FEA_XX.wav,1037_ITH_FEA_XX.wav,1037,test,4,fearful,4,fearful,0.9005361795425415
data/cremad/audio/1037_ITH_HAP_XX.wav,1037_ITH_HAP_XX.wav,1037,test,1,happy,1,happy,0.9618027210235596
data/cremad/audio/1037_ITH_NEU_XX.wav,1037_ITH_NEU_XX.wav,1037,test,0,neutral,0,neutral,0.892558217048645
data/cremad/audio/1037_ITH_SAD_XX.wav,1037_ITH_SAD_XX.wav,1037,test,2,sad,2,sad,0.5686014294624329
data/cremad/audio/1037_ITS_ANG_XX.wav,1037_ITS_ANG_XX.wav,1037,test,3,angry,3,angry,0.9820700883865356
data/cremad/audio/1037_ITS_DIS_XX.wav,1037_ITS_DIS_XX.wav,1037,test,5,disgust,5,disgust,0.811474621295929
data/cremad/audio/1037_ITS_FEA_XX.wav,1037_ITS_FEA_XX.wav,1037,test,4,fearful,4,fearful,0.7763041257858276
data/cremad/audio/1037_ITS_HAP_XX.wav,1037_ITS_HAP_XX.wav,1037,test,1,happy,4,fearful,0.7101781368255615
data/cremad/audio/1037_ITS_NEU_XX.wav,1037_ITS_NEU_XX.wav,1037,test,0,neutral,0,neutral,0.9609571695327759
data/cremad/audio/1037_ITS_SAD_XX.wav,1037_ITS_SAD_XX.wav,1037,test,2,sad,2,sad,0.55744868516922
data/cremad/audio/1037_IWL_ANG_XX.wav,1037_IWL_ANG_XX.wav,1037,test,3,angry,3,angry,0.9391834139823914
data/cremad/audio/1037_IWL_DIS_XX.wav,1037_IWL_DIS_XX.wav,1037,test,5,disgust,4,fearful,0.356200248003006
data/cremad/audio/1037_IWL_FEA_XX.wav,1037_IWL_FEA_XX.wav,1037,test,4,fearful,4,fearful,0.8701490759849548
data/cremad/audio/1037_IWL_HAP_XX.wav,1037_IWL_HAP_XX.wav,1037,test,1,happy,1,happy,0.7796180248260498
data/cremad/audio/1037_IWL_NEU_XX.wav,1037_IWL_NEU_XX.wav,1037,test,0,neutral,0,neutral,0.9686918258666992
data/cremad/audio/1037_IWL_SAD_XX.wav,1037_IWL_SAD_XX.wav,1037,test,2,sad,2,sad,0.4923584759235382
data/cremad/audio/1037_IWW_ANG_XX.wav,1037_IWW_ANG_XX.wav,1037,test,3,angry,3,angry,0.9849254488945007
data/cremad/audio/1037_IWW_DIS_XX.wav,1037_IWW_DIS_XX.wav,1037,test,5,disgust,5,disgust,0.6074315905570984
data/cremad/audio/1037_IWW_FEA_XX.wav,1037_IWW_FEA_XX.wav,1037,test,4,fearful,4,fearful,0.7013065218925476
data/cremad/audio/1037_IWW_HAP_XX.wav,1037_IWW_HAP_XX.wav,1037,test,1,happy,1,happy,0.8139262199401855
data/cremad/audio/1037_IWW_NEU_XX.wav,1037_IWW_NEU_XX.wav,1037,test,0,neutral,0,neutral,0.9435176849365234
data/cremad/audio/1037_IWW_SAD_XX.wav,1037_IWW_SAD_XX.wav,1037,test,2,sad,1,happy,0.3264338970184326
data/cremad/audio/1037_MTI_ANG_XX.wav,1037_MTI_ANG_XX.wav,1037,test,3,angry,3,angry,0.9759407043457031
data/cremad/audio/1037_MTI_DIS_XX.wav,1037_MTI_DIS_XX.wav,1037,test,5,disgust,5,disgust,0.7062798738479614
data/cremad/audio/1037_MTI_FEA_XX.wav,1037_MTI_FEA_XX.wav,1037,test,4,fearful,4,fearful,0.7173269987106323
data/cremad/audio/1037_MTI_HAP_XX.wav,1037_MTI_HAP_XX.wav,1037,test,1,happy,1,happy,0.8394697308540344
data/cremad/audio/1037_MTI_NEU_XX.wav,1037_MTI_NEU_XX.wav,1037,test,0,neutral,0,neutral,0.917102575302124
data/cremad/audio/1037_MTI_SAD_XX.wav,1037_MTI_SAD_XX.wav,1037,test,2,sad,2,sad,0.4146268963813782
data/cremad/audio/1037_TAI_ANG_XX.wav,1037_TAI_ANG_XX.wav,1037,test,3,angry,3,angry,0.9833822846412659
data/cremad/audio/1037_TAI_DIS_XX.wav,1037_TAI_DIS_XX.wav,1037,test,5,disgust,2,sad,0.47842153906822205
data/cremad/audio/1037_TAI_FEA_XX.wav,1037_TAI_FEA_XX.wav,1037,test,4,fearful,4,fearful,0.7661263346672058
data/cremad/audio/1037_TAI_HAP_XX.wav,1037_TAI_HAP_XX.wav,1037,test,1,happy,1,happy,0.5076946020126343
data/cremad/audio/1037_TAI_NEU_XX.wav,1037_TAI_NEU_XX.wav,1037,test,0,neutral,0,neutral,0.9360108375549316
data/cremad/audio/1037_TAI_SAD_XX.wav,1037_TAI_SAD_XX.wav,1037,test,2,sad,4,fearful,0.5393089056015015
data/cremad/audio/1037_TIE_ANG_XX.wav,1037_TIE_ANG_XX.wav,1037,test,3,angry,3,angry,0.9843936562538147
data/cremad/audio/1037_TIE_DIS_XX.wav,1037_TIE_DIS_XX.wav,1037,test,5,disgust,5,disgust,0.5227606296539307
data/cremad/audio/1037_TIE_FEA_XX.wav,1037_TIE_FEA_XX.wav,1037,test,4,fearful,4,fearful,0.6332228183746338
data/cremad/audio/1037_TIE_HAP_XX.wav,1037_TIE_HAP_XX.wav,1037,test,1,happy,1,happy,0.8381255269050598
data/cremad/audio/1037_TIE_NEU_XX.wav,1037_TIE_NEU_XX.wav,1037,test,0,neutral,0,neutral,0.9404941201210022
data/cremad/audio/1037_TIE_SAD_XX.wav,1037_TIE_SAD_XX.wav,1037,test,2,sad,2,sad,0.693119466304779
data/cremad/audio/1037_TSI_ANG_XX.wav,1037_TSI_ANG_XX.wav,1037,test,3,angry,3,angry,0.982965886592865
data/cremad/audio/1037_TSI_DIS_XX.wav,1037_TSI_DIS_XX.wav,1037,test,5,disgust,5,disgust,0.8372881412506104
data/cremad/audio/1037_TSI_FEA_XX.wav,1037_TSI_FEA_XX.wav,1037,test,4,fearful,4,fearful,0.9118856191635132
data/cremad/audio/1037_TSI_HAP_XX.wav,1037_TSI_HAP_XX.wav,1037,test,1,happy,1,happy,0.8478110432624817
data/cremad/audio/1037_TSI_NEU_XX.wav,1037_TSI_NEU_XX.wav,1037,test,0,neutral,0,neutral,0.9463208913803101
data/cremad/audio/1037_TSI_SAD_XX.wav,1037_TSI_SAD_XX.wav,1037,test,2,sad,2,sad,0.8197462558746338
data/cremad/audio/1037_WSI_ANG_XX.wav,1037_WSI_ANG_XX.wav,1037,test,3,angry,3,angry,0.8259271383285522
data/cremad/audio/1037_WSI_DIS_XX.wav,1037_WSI_DIS_XX.wav,1037,test,5,disgust,2,sad,0.5384827852249146
data/cremad/audio/1037_WSI_FEA_XX.wav,1037_WSI_FEA_XX.wav,1037,test,4,fearful,4,fearful,0.9118175506591797
data/cremad/audio/1037_WSI_HAP_XX.wav,1037_WSI_HAP_XX.wav,1037,test,1,happy,1,happy,0.9438480138778687
data/cremad/audio/1037_WSI_NEU_XX.wav,1037_WSI_NEU_XX.wav,1037,test,0,neutral,0,neutral,0.721082329750061
data/cremad/audio/1037_WSI_SAD_XX.wav,1037_WSI_SAD_XX.wav,1037,test,2,sad,2,sad,0.7572625279426575
data/cremad/audio/1048_DFA_ANG_XX.wav,1048_DFA_ANG_XX.wav,1048,test,3,angry,3,angry,0.9836580753326416
data/cremad/audio/1048_DFA_DIS_XX.wav,1048_DFA_DIS_XX.wav,1048,test,5,disgust,5,disgust,0.6126981973648071
data/cremad/audio/1048_DFA_FEA_XX.wav,1048_DFA_FEA_XX.wav,1048,test,4,fearful,4,fearful,0.9179102182388306
data/cremad/audio/1048_DFA_HAP_XX.wav,1048_DFA_HAP_XX.wav,1048,test,1,happy,4,fearful,0.5164874196052551
data/cremad/audio/1048_DFA_NEU_XX.wav,1048_DFA_NEU_XX.wav,1048,test,0,neutral,0,neutral,0.8082702159881592
data/cremad/audio/1048_DFA_SAD_XX.wav,1048_DFA_SAD_XX.wav,1048,test,2,sad,0,neutral,0.7922675609588623
data/cremad/audio/1048_IEO_ANG_HI.wav,1048_IEO_ANG_HI.wav,1048,test,3,angry,3,angry,0.714893102645874
data/cremad/audio/1048_IEO_ANG_LO.wav,1048_IEO_ANG_LO.wav,1048,test,3,angry,3,angry,0.9236882925033569
data/cremad/audio/1048_IEO_ANG_MD.wav,1048_IEO_ANG_MD.wav,1048,test,3,angry,3,angry,0.921776533126831
data/cremad/audio/1048_IEO_DIS_HI.wav,1048_IEO_DIS_HI.wav,1048,test,5,disgust,4,fearful,0.7176921963691711
data/cremad/audio/1048_IEO_DIS_LO.wav,1048_IEO_DIS_LO.wav,1048,test,5,disgust,1,happy,0.35294660925865173
data/cremad/audio/1048_IEO_DIS_MD.wav,1048_IEO_DIS_MD.wav,1048,test,5,disgust,4,fearful,0.7397027015686035
data/cremad/audio/1048_IEO_FEA_HI.wav,1048_IEO_FEA_HI.wav,1048,test,4,fearful,4,fearful,0.9167041778564453
data/cremad/audio/1048_IEO_FEA_LO.wav,1048_IEO_FEA_LO.wav,1048,test,4,fearful,4,fearful,0.8331056237220764
data/cremad/audio/1048_IEO_FEA_MD.wav,1048_IEO_FEA_MD.wav,1048,test,4,fearful,4,fearful,0.9209096431732178
data/cremad/audio/1048_IEO_HAP_HI.wav,1048_IEO_HAP_HI.wav,1048,test,1,happy,1,happy,0.8512858748435974
data/cremad/audio/1048_IEO_HAP_LO.wav,1048_IEO_HAP_LO.wav,1048,test,1,happy,1,happy,0.5153601169586182
data/cremad/audio/1048_IEO_HAP_MD.wav,1048_IEO_HAP_MD.wav,1048,test,1,happy,2,sad,0.47150886058807373
data/cremad/audio/1048_IEO_NEU_XX.wav,1048_IEO_NEU_XX.wav,1048,test,0,neutral,0,neutral,0.8953848481178284
data/cremad/audio/1048_IEO_SAD_HI.wav,1048_IEO_SAD_HI.wav,1048,test,2,sad,2,sad,0.7253820896148682
data/cremad/audio/1048_IEO_SAD_LO.wav,1048_IEO_SAD_LO.wav,1048,test,2,sad,4,fearful,0.870592474937439
data/cremad/audio/1048_IEO_SAD_MD.wav,1048_IEO_SAD_MD.wav,1048,test,2,sad,2,sad,0.7130684852600098
data/cremad/audio/1048_IOM_ANG_XX.wav,1048_IOM_ANG_XX.wav,1048,test,3,angry,3,angry,0.8481870889663696
data/cremad/audio/1048_IOM_DIS_XX.wav,1048_IOM_DIS_XX.wav,1048,test,5,disgust,5,disgust,0.47999465465545654
data/cremad/audio/1048_IOM_FEA_XX.wav,1048_IOM_FEA_XX.wav,1048,test,4,fearful,4,fearful,0.8896579742431641
data/cremad/audio/1048_IOM_HAP_XX.wav,1048_IOM_HAP_XX.wav,1048,test,1,happy,1,happy,0.5745962858200073
data/cremad/audio/1048_IOM_NEU_XX.wav,1048_IOM_NEU_XX.wav,1048,test,0,neutral,0,neutral,0.9266082048416138
data/cremad/audio/1048_IOM_SAD_XX.wav,1048_IOM_SAD_XX.wav,1048,test,2,sad,2,sad,0.6789487600326538
data/cremad/audio/1048_ITH_ANG_XX.wav,1048_ITH_ANG_XX.wav,1048,test,3,angry,3,angry,0.9754828810691833
data/cremad/audio/1048_ITH_DIS_XX.wav,1048_ITH_DIS_XX.wav,1048,test,5,disgust,5,disgust,0.4330406188964844
data/cremad/audio/1048_ITH_FEA_XX.wav,1048_ITH_FEA_XX.wav,1048,test,4,fearful,4,fearful,0.928665816783905
data/cremad/audio/1048_ITH_HAP_XX.wav,1048_ITH_HAP_XX.wav,1048,test,1,happy,1,happy,0.5013147592544556
data/cremad/audio/1048_ITH_NEU_XX.wav,1048_ITH_NEU_XX.wav,1048,test,0,neutral,0,neutral,0.5090721845626831
data/cremad/audio/1048_ITH_SAD_XX.wav,1048_ITH_SAD_XX.wav,1048,test,2,sad,2,sad,0.5951895713806152
data/cremad/audio/1048_ITS_ANG_XX.wav,1048_ITS_ANG_XX.wav,1048,test,3,angry,3,angry,0.9834468364715576
data/cremad/audio/1048_ITS_DIS_XX.wav,1048_ITS_DIS_XX.wav,1048,test,5,disgust,4,fearful,0.45673179626464844
data/cremad/audio/1048_ITS_FEA_XX.wav,1048_ITS_FEA_XX.wav,1048,test,4,fearful,4,fearful,0.8577923774719238
data/cremad/audio/1048_ITS_HAP_XX.wav,1048_ITS_HAP_XX.wav,1048,test,1,happy,1,happy,0.5014559626579285
data/cremad/audio/1048_ITS_NEU_XX.wav,1048_ITS_NEU_XX.wav,1048,test,0,neutral,0,neutral,0.8553339838981628
data/cremad/audio/1048_ITS_SAD_XX.wav,1048_ITS_SAD_XX.wav,1048,test,2,sad,2,sad,0.5762386918067932
data/cremad/audio/1048_IWL_ANG_XX.wav,1048_IWL_ANG_XX.wav,1048,test,3,angry,3,angry,0.961999773979187
data/cremad/audio/1048_IWL_DIS_XX.wav,1048_IWL_DIS_XX.wav,1048,test,5,disgust,5,disgust,0.5947116017341614
data/cremad/audio/1048_IWL_FEA_XX.wav,1048_IWL_FEA_XX.wav,1048,test,4,fearful,4,fearful,0.8106663823127747
data/cremad/audio/1048_IWL_HAP_XX.wav,1048_IWL_HAP_XX.wav,1048,test,1,happy,1,happy,0.7062215209007263
data/cremad/audio/1048_IWL_NEU_XX.wav,1048_IWL_NEU_XX.wav,1048,test,0,neutral,0,neutral,0.911538302898407
data/cremad/audio/1048_IWL_SAD_XX.wav,1048_IWL_SAD_XX.wav,1048,test,2,sad,4,fearful,0.6877831816673279
data/cremad/audio/1048_IWW_ANG_XX.wav,1048_IWW_ANG_XX.wav,1048,test,3,angry,3,angry,0.9753758907318115
data/cremad/audio/1048_IWW_DIS_XX.wav,1048_IWW_DIS_XX.wav,1048,test,5,disgust,3,angry,0.6995132565498352
data/cremad/audio/1048_IWW_FEA_XX.wav,1048_IWW_FEA_XX.wav,1048,test,4,fearful,4,fearful,0.8120964765548706
data/cremad/audio/1048_IWW_HAP_XX.wav,1048_IWW_HAP_XX.wav,1048,test,1,happy,1,happy,0.8853871822357178
data/cremad/audio/1048_IWW_NEU_XX.wav,1048_IWW_NEU_XX.wav,1048,test,0,neutral,0,neutral,0.5165238976478577
data/cremad/audio/1048_IWW_SAD_XX.wav,1048_IWW_SAD_XX.wav,1048,test,2,sad,2,sad,0.7753932476043701
data/cremad/audio/1048_MTI_ANG_XX.wav,1048_MTI_ANG_XX.wav,1048,test,3,angry,3,angry,0.9689580202102661
data/cremad/audio/1048_MTI_DIS_XX.wav,1048_MTI_DIS_XX.wav,1048,test,5,disgust,4,fearful,0.6758056879043579
data/cremad/audio/1048_MTI_FEA_XX.wav,1048_MTI_FEA_XX.wav,1048,test,4,fearful,2,sad,0.7381629943847656
data/cremad/audio/1048_MTI_HAP_XX.wav,1048_MTI_HAP_XX.wav,1048,test,1,happy,1,happy,0.765754759311676
data/cremad/audio/1048_MTI_NEU_XX.wav,1048_MTI_NEU_XX.wav,1048,test,0,neutral,0,neutral,0.405857115983963
data/cremad/audio/1048_MTI_SAD_XX.wav,1048_MTI_SAD_XX.wav,1048,test,2,sad,2,sad,0.4670647382736206
data/cremad/audio/1048_TAI_ANG_XX.wav,1048_TAI_ANG_XX.wav,1048,test,3,angry,3,angry,0.9445160627365112
data/cremad/audio/1048_TAI_DIS_XX.wav,1048_TAI_DIS_XX.wav,1048,test,5,disgust,5,disgust,0.8334031105041504
data/cremad/audio/1048_TAI_FEA_XX.wav,1048_TAI_FEA_XX.wav,1048,test,4,fearful,4,fearful,0.6918972134590149
data/cremad/audio/1048_TAI_HAP_XX.wav,1048_TAI_HAP_XX.wav,1048,test,1,happy,4,fearful,0.5054517388343811
data/cremad/audio/1048_TAI_NEU_XX.wav,1048_TAI_NEU_XX.wav,1048,test,0,neutral,0,neutral,0.49613985419273376
data/cremad/audio/1048_TAI_SAD_XX.wav,1048_TAI_SAD_XX.wav,1048,test,2,sad,2,sad,0.6477206945419312
data/cremad/audio/1048_TIE_ANG_XX.wav,1048_TIE_ANG_XX.wav,1048,test,3,angry,3,angry,0.5664597749710083
data/cremad/audio/1048_TIE_DIS_XX.wav,1048_TIE_DIS_XX.wav,1048,test,5,disgust,4,fearful,0.45242294669151306
data/cremad/audio/1048_TIE_FEA_XX.wav,1048_TIE_FEA_XX.wav,1048,test,4,fearful,4,fearful,0.6674591302871704
data/cremad/audio/1048_TIE_HAP_XX.wav,1048_TIE_HAP_XX.wav,1048,test,1,happy,1,happy,0.430549293756485
data/cremad/audio/1048_TIE_NEU_XX.wav,1048_TIE_NEU_XX.wav,1048,test,0,neutral,0,neutral,0.36013808846473694
data/cremad/audio/1048_TIE_SAD_XX.wav,1048_TIE_SAD_XX.wav,1048,test,2,sad,2,sad,0.5228098034858704
data/cremad/audio/1048_TSI_ANG_XX.wav,1048_TSI_ANG_XX.wav,1048,test,3,angry,3,angry,0.8983726501464844
data/cremad/audio/1048_TSI_DIS_XX.wav,1048_TSI_DIS_XX.wav,1048,test,5,disgust,2,sad,0.5420213937759399
data/cremad/audio/1048_TSI_FEA_XX.wav,1048_TSI_FEA_XX.wav,1048,test,4,fearful,2,sad,0.5206946134567261
data/cremad/audio/1048_TSI_HAP_XX.wav,1048_TSI_HAP_XX.wav,1048,test,1,happy,4,fearful,0.3508049547672272
data/cremad/audio/1048_TSI_NEU_XX.wav,1048_TSI_NEU_XX.wav,1048,test,0,neutral,0,neutral,0.869705319404602
data/cremad/audio/1048_TSI_SAD_XX.wav,1048_TSI_SAD_XX.wav,1048,test,2,sad,2,sad,0.8822919130325317
data/cremad/audio/1048_WSI_ANG_XX.wav,1048_WSI_ANG_XX.wav,1048,test,3,angry,3,angry,0.9490333795547485
data/cremad/audio/1048_WSI_DIS_XX.wav,1048_WSI_DIS_XX.wav,1048,test,5,disgust,4,fearful,0.46751564741134644
data/cremad/audio/1048_WSI_FEA_XX.wav,1048_WSI_FEA_XX.wav,1048,test,4,fearful,4,fearful,0.6524801254272461
data/cremad/audio/1048_WSI_HAP_XX.wav,1048_WSI_HAP_XX.wav,1048,test,1,happy,1,happy,0.4562312960624695
data/cremad/audio/1048_WSI_NEU_XX.wav,1048_WSI_NEU_XX.wav,1048,test,0,neutral,0,neutral,0.9486889243125916
data/cremad/audio/1048_WSI_SAD_XX.wav,1048_WSI_SAD_XX.wav,1048,test,2,sad,2,sad,0.8202235102653503
data/cremad/audio/1054_DFA_ANG_XX.wav,1054_DFA_ANG_XX.wav,1054,test,3,angry,3,angry,0.9002103805541992
data/cremad/audio/1054_DFA_DIS_XX.wav,1054_DFA_DIS_XX.wav,1054,test,5,disgust,5,disgust,0.7512483596801758
data/cremad/audio/1054_DFA_FEA_XX.wav,1054_DFA_FEA_XX.wav,1054,test,4,fearful,4,fearful,0.6557978391647339
data/cremad/audio/1054_DFA_HAP_XX.wav,1054_DFA_HAP_XX.wav,1054,test,1,happy,1,happy,0.9159107208251953
data/cremad/audio/1054_DFA_NEU_XX.wav,1054_DFA_NEU_XX.wav,1054,test,0,neutral,0,neutral,0.7868890166282654
data/cremad/audio/1054_DFA_SAD_XX.wav,1054_DFA_SAD_XX.wav,1054,test,2,sad,2,sad,0.7750500440597534
data/cremad/audio/1054_IEO_ANG_HI.wav,1054_IEO_ANG_HI.wav,1054,test,3,angry,3,angry,0.6766048669815063
data/cremad/audio/1054_IEO_ANG_LO.wav,1054_IEO_ANG_LO.wav,1054,test,3,angry,3,angry,0.47361814975738525
data/cremad/audio/1054_IEO_ANG_MD.wav,1054_IEO_ANG_MD.wav,1054,test,3,angry,1,happy,0.48722168803215027
data/cremad/audio/1054_IEO_DIS_HI.wav,1054_IEO_DIS_HI.wav,1054,test,5,disgust,5,disgust,0.7649258971214294
data/cremad/audio/1054_IEO_DIS_LO.wav,1054_IEO_DIS_LO.wav,1054,test,5,disgust,2,sad,0.5918773412704468
data/cremad/audio/1054_IEO_DIS_MD.wav,1054_IEO_DIS_MD.wav,1054,test,5,disgust,5,disgust,0.7120665907859802
data/cremad/audio/1054_IEO_FEA_HI.wav,1054_IEO_FEA_HI.wav,1054,test,4,fearful,4,fearful,0.92494136095047
data/cremad/audio/1054_IEO_FEA_LO.wav,1054_IEO_FEA_LO.wav,1054,test,4,fearful,4,fearful,0.48936352133750916
data/cremad/audio/1054_IEO_FEA_MD.wav,1054_IEO_FEA_MD.wav,1054,test,4,fearful,2,sad,0.522381603717804
data/cremad/audio/1054_IEO_HAP_HI.wav,1054_IEO_HAP_HI.wav,1054,test,1,happy,4,fearful,0.8876928091049194
data/cremad/audio/1054_IEO_HAP_LO.wav,1054_IEO_HAP_LO.wav,1054,test,1,happy,0,neutral,0.5858409404754639
data/cremad/audio/1054_IEO_HAP_MD.wav,1054_IEO_HAP_MD.wav,1054,test,1,happy,4,fearful,0.4001942276954651
data/cremad/audio/1054_IEO_NEU_XX.wav,1054_IEO_NEU_XX.wav,1054,test,0,neutral,2,sad,0.6444736123085022
data/cremad/audio/1054_IEO_SAD_HI.wav,1054_IEO_SAD_HI.wav,1054,test,2,sad,4,fearful,0.6972739696502686
data/cremad/audio/1054_IEO_SAD_LO.wav,1054_IEO_SAD_LO.wav,1054,test,2,sad,2,sad,0.5008152723312378
data/cremad/audio/1054_IEO_SAD_MD.wav,1054_IEO_SAD_MD.wav,1054,test,2,sad,2,sad,0.7163573503494263
data/cremad/audio/1054_IOM_ANG_XX.wav,1054_IOM_ANG_XX.wav,1054,test,3,angry,3,angry,0.611832320690155
data/cremad/audio/1054_IOM_DIS_XX.wav,1054_IOM_DIS_XX.wav,1054,test,5,disgust,3,angry,0.3670911192893982
data/cremad/audio/1054_IOM_FEA_XX.wav,1054_IOM_FEA_XX.wav,1054,test,4,fearful,4,fearful,0.8681679368019104
data/cremad/audio/1054_IOM_HAP_XX.wav,1054_IOM_HAP_XX.wav,1054,test,1,happy,4,fearful,0.43172645568847656
data/cremad/audio/1054_IOM_NEU_XX.wav,1054_IOM_NEU_XX.wav,1054,test,0,neutral,2,sad,0.7576073408126831
data/cremad/audio/1054_IOM_SAD_XX.wav,1054_IOM_SAD_XX.wav,1054,test,2,sad,2,sad,0.7904843688011169
data/cremad/audio/1054_ITH_ANG_XX.wav,1054_ITH_ANG_XX.wav,1054,test,3,angry,3,angry,0.9007479548454285
data/cremad/audio/1054_ITH_DIS_XX.wav,1054_ITH_DIS_XX.wav,1054,test,5,disgust,5,disgust,0.5062376856803894
data/cremad/audio/1054_ITH_FEA_XX.wav,1054_ITH_FEA_XX.wav,1054,test,4,fearful,4,fearful,0.6171447038650513
data/cremad/audio/1054_ITH_HAP_XX.wav,1054_ITH_HAP_XX.wav,1054,test,1,happy,1,happy,0.9009044766426086
data/cremad/audio/1054_ITH_NEU_XX.wav,1054_ITH_NEU_XX.wav,1054,test,0,neutral,0,neutral,0.5395333170890808
data/cremad/audio/1054_ITH_SAD_XX.wav,1054_ITH_SAD_XX.wav,1054,test,2,sad,4,fearful,0.49013426899909973
data/cremad/audio/1054_ITS_ANG_XX.wav,1054_ITS_ANG_XX.wav,1054,test,3,angry,3,angry,0.928551435470581
data/cremad/audio/1054_ITS_DIS_XX.wav,1054_ITS_DIS_XX.wav,1054,test,5,disgust,5,disgust,0.8381525874137878
data/cremad/audio/1054_ITS_FEA_XX.wav,1054_ITS_FEA_XX.wav,1054,test,4,fearful,4,fearful,0.8011441230773926
data/cremad/audio/1054_ITS_HAP_XX.wav,1054_ITS_HAP_XX.wav,1054,test,1,happy,1,happy,0.4507962763309479
data/cremad/audio/1054_ITS_NEU_XX.wav,1054_ITS_NEU_XX.wav,1054,test,0,neutral,0,neutral,0.9316800236701965
data/cremad/audio/1054_ITS_SAD_XX.wav,1054_ITS_SAD_XX.wav,1054,test,2,sad,2,sad,0.577991247177124
data/cremad/audio/1054_IWL_ANG_XX.wav,1054_IWL_ANG_XX.wav,1054,test,3,angry,1,happy,0.4185789227485657
data/cremad/audio/1054_IWL_DIS_XX.wav,1054_IWL_DIS_XX.wav,1054,test,5,disgust,5,disgust,0.6366636157035828
data/cremad/audio/1054_IWL_FEA_XX.wav,1054_IWL_FEA_XX.wav,1054,test,4,fearful,4,fearful,0.8003140687942505
data/cremad/audio/1054_IWL_HAP_XX.wav,1054_IWL_HAP_XX.wav,1054,test,1,happy,1,happy,0.33587846159935
data/cremad/audio/1054_IWL_NEU_XX.wav,1054_IWL_NEU_XX.wav,1054,test,0,neutral,2,sad,0.7786791920661926
data/cremad/audio/1054_IWL_SAD_XX.wav,1054_IWL_SAD_XX.wav,1054,test,2,sad,2,sad,0.6722548604011536
data/cremad/audio/1054_IWW_ANG_XX.wav,1054_IWW_ANG_XX.wav,1054,test,3,angry,3,angry,0.9450618624687195
data/cremad/audio/1054_IWW_DIS_XX.wav,1054_IWW_DIS_XX.wav,1054,test,5,disgust,5,disgust,0.5894925594329834
data/cremad/audio/1054_IWW_FEA_XX.wav,1054_IWW_FEA_XX.wav,1054,test,4,fearful,4,fearful,0.7945560216903687
data/cremad/audio/1054_IWW_HAP_XX.wav,1054_IWW_HAP_XX.wav,1054,test,1,happy,1,happy,0.7598100900650024
data/cremad/audio/1054_IWW_NEU_XX.wav,1054_IWW_NEU_XX.wav,1054,test,0,neutral,0,neutral,0.7722329497337341
data/cremad/audio/1054_IWW_SAD_XX.wav,1054_IWW_SAD_XX.wav,1054,test,2,sad,2,sad,0.44978460669517517
data/cremad/audio/1054_MTI_ANG_XX.wav,1054_MTI_ANG_XX.wav,1054,test,3,angry,3,angry,0.4616895318031311
data/cremad/audio/1054_MTI_DIS_XX.wav,1054_MTI_DIS_XX.wav,1054,test,5,disgust,5,disgust,0.5068253874778748
data/cremad/audio/1054_MTI_FEA_XX.wav,1054_MTI_FEA_XX.wav,1054,test,4,fearful,4,fearful,0.6300047039985657
data/cremad/audio/1054_MTI_HAP_XX.wav,1054_MTI_HAP_XX.wav,1054,test,1,happy,1,happy,0.8078397512435913
data/cremad/audio/1054_MTI_NEU_XX.wav,1054_MTI_NEU_XX.wav,1054,test,0,neutral,0,neutral,0.8480077385902405
data/cremad/audio/1054_MTI_SAD_XX.wav,1054_MTI_SAD_XX.wav,1054,test,2,sad,4,fearful,0.5995140075683594
data/cremad/audio/1054_TAI_ANG_XX.wav,1054_TAI_ANG_XX.wav,1054,test,3,angry,3,angry,0.9553813338279724
data/cremad/audio/1054_TAI_DIS_XX.wav,1054_TAI_DIS_XX.wav,1054,test,5,disgust,5,disgust,0.875768780708313
data/cremad/audio/1054_TAI_FEA_XX.wav,1054_TAI_FEA_XX.wav,1054,test,4,fearful,4,fearful,0.496160089969635
data/cremad/audio/1054_TAI_HAP_XX.wav,1054_TAI_HAP_XX.wav,1054,test,1,happy,1,happy,0.8230177760124207
data/cremad/audio/1054_TAI_NEU_XX.wav,1054_TAI_NEU_XX.wav,1054,test,0,neutral,2,sad,0.5268080830574036
data/cremad/audio/1054_TAI_SAD_XX.wav,1054_TAI_SAD_XX.wav,1054,test,2,sad,2,sad,0.4348899722099304
data/cremad/audio/1054_TIE_ANG_XX.wav,1054_TIE_ANG_XX.wav,1054,test,3,angry,3,angry,0.9066758155822754
data/cremad/audio/1054_TIE_DIS_XX.wav,1054_TIE_DIS_XX.wav,1054,test,5,disgust,5,disgust,0.9263224601745605
data/cremad/audio/1054_TIE_FEA_XX.wav,1054_TIE_FEA_XX.wav,1054,test,4,fearful,4,fearful,0.6399210691452026
data/cremad/audio/1054_TIE_HAP_XX.wav,1054_TIE_HAP_XX.wav,1054,test,1,happy,1,happy,0.9251932501792908
data/cremad/audio/1054_TIE_NEU_XX.wav,1054_TIE_NEU_XX.wav,1054,test,0,neutral,2,sad,0.6142844557762146
data/cremad/audio/1054_TIE_SAD_XX.wav,1054_TIE_SAD_XX.wav,1054,test,2,sad,2,sad,0.683813750743866
data/cremad/audio/1054_TSI_ANG_XX.wav,1054_TSI_ANG_XX.wav,1054,test,3,angry,3,angry,0.6931045055389404
data/cremad/audio/1054_TSI_DIS_XX.wav,1054_TSI_DIS_XX.wav,1054,test,5,disgust,5,disgust,0.9104159474372864
data/cremad/audio/1054_TSI_FEA_XX.wav,1054_TSI_FEA_XX.wav,1054,test,4,fearful,4,fearful,0.9160315990447998
data/cremad/audio/1054_TSI_HAP_XX.wav,1054_TSI_HAP_XX.wav,1054,test,1,happy,4,fearful,0.5819927453994751
data/cremad/audio/1054_TSI_NEU_XX.wav,1054_TSI_NEU_XX.wav,1054,test,0,neutral,0,neutral,0.7369995713233948
data/cremad/audio/1054_TSI_SAD_XX.wav,1054_TSI_SAD_XX.wav,1054,test,2,sad,2,sad,0.7666526436805725
data/cremad/audio/1054_WSI_ANG_XX.wav,1054_WSI_ANG_XX.wav,1054,test,3,angry,3,angry,0.9581891298294067
data/cremad/audio/1054_WSI_DIS_XX.wav,1054_WSI_DIS_XX.wav,1054,test,5,disgust,5,disgust,0.49143776297569275
data/cremad/audio/1054_WSI_FEA_XX.wav,1054_WSI_FEA_XX.wav,1054,test,4,fearful,4,fearful,0.6124569773674011
data/cremad/audio/1054_WSI_HAP_XX.wav,1054_WSI_HAP_XX.wav,1054,test,1,happy,1,happy,0.4501640796661377
data/cremad/audio/1054_WSI_NEU_XX.wav,1054_WSI_NEU_XX.wav,1054,test,0,neutral,0,neutral,0.5448006391525269
data/cremad/audio/1054_WSI_SAD_XX.wav,1054_WSI_SAD_XX.wav,1054,test,2,sad,2,sad,0.8567387461662292
data/cremad/audio/1065_DFA_ANG_XX.wav,1065_DFA_ANG_XX.wav,1065,test,3,angry,3,angry,0.9822069406509399
data/cremad/audio/1065_DFA_DIS_XX.wav,1065_DFA_DIS_XX.wav,1065,test,5,disgust,1,happy,0.4582594335079193
data/cremad/audio/1065_DFA_FEA_XX.wav,1065_DFA_FEA_XX.wav,1065,test,4,fearful,4,fearful,0.8094303011894226
data/cremad/audio/1065_DFA_HAP_XX.wav,1065_DFA_HAP_XX.wav,1065,test,1,happy,1,happy,0.519891083240509
data/cremad/audio/1065_DFA_NEU_XX.wav,1065_DFA_NEU_XX.wav,1065,test,0,neutral,0,neutral,0.9484920501708984
data/cremad/audio/1065_DFA_SAD_XX.wav,1065_DFA_SAD_XX.wav,1065,test,2,sad,2,sad,0.6591142416000366
data/cremad/audio/1065_IEO_ANG_HI.wav,1065_IEO_ANG_HI.wav,1065,test,3,angry,3,angry,0.9757063388824463
data/cremad/audio/1065_IEO_ANG_LO.wav,1065_IEO_ANG_LO.wav,1065,test,3,angry,3,angry,0.4723573923110962
data/cremad/audio/1065_IEO_ANG_MD.wav,1065_IEO_ANG_MD.wav,1065,test,3,angry,3,angry,0.9812922477722168
data/cremad/audio/1065_IEO_DIS_HI.wav,1065_IEO_DIS_HI.wav,1065,test,5,disgust,5,disgust,0.6003369688987732
data/cremad/audio/1065_IEO_DIS_LO.wav,1065_IEO_DIS_LO.wav,1065,test,5,disgust,2,sad,0.48376068472862244
data/cremad/audio/1065_IEO_DIS_MD.wav,1065_IEO_DIS_MD.wav,1065,test,5,disgust,5,disgust,0.6106834411621094
data/cremad/audio/1065_IEO_FEA_HI.wav,1065_IEO_FEA_HI.wav,1065,test,4,fearful,1,happy,0.4588615298271179
data/cremad/audio/1065_IEO_FEA_LO.wav,1065_IEO_FEA_LO.wav,1065,test,4,fearful,2,sad,0.6554391384124756
data/cremad/audio/1065_IEO_FEA_MD.wav,1065_IEO_FEA_MD.wav,1065,test,4,fearful,4,fearful,0.5845391750335693
data/cremad/audio/1065_IEO_HAP_HI.wav,1065_IEO_HAP_HI.wav,1065,test,1,happy,5,disgust,0.5294039845466614
data/cremad/audio/1065_IEO_HAP_LO.wav,1065_IEO_HAP_LO.wav,1065,test,1,happy,0,neutral,0.5171605944633484
data/cremad/audio/1065_IEO_HAP_MD.wav,1065_IEO_HAP_MD.wav,1065,test,1,happy,4,fearful,0.4860438406467438
data/cremad/audio/1065_IEO_NEU_XX.wav,1065_IEO_NEU_XX.wav,1065,test,0,neutral,0,neutral,0.7656674981117249
data/cremad/audio/1065_IEO_SAD_HI.wav,1065_IEO_SAD_HI.wav,1065,test,2,sad,2,sad,0.734301745891571
data/cremad/audio/1065_IEO_SAD_LO.wav,1065_IEO_SAD_LO.wav,1065,test,2,sad,2,sad,0.709854006767273
data/cremad/audio/1065_IEO_SAD_MD.wav,1065_IEO_SAD_MD.wav,1065,test,2,sad,2,sad,0.8175306916236877
data/cremad/audio/1065_IOM_ANG_XX.wav,1065_IOM_ANG_XX.wav,1065,test,3,angry,3,angry,0.9739842414855957
data/cremad/audio/1065_IOM_DIS_XX.wav,1065_IOM_DIS_XX.wav,1065,test,5,disgust,0,neutral,0.5055049657821655
data/cremad/audio/1065_IOM_FEA_XX.wav,1065_IOM_FEA_XX.wav,1065,test,4,fearful,0,neutral,0.5399553775787354
data/cremad/audio/1065_IOM_HAP_XX.wav,1065_IOM_HAP_XX.wav,1065,test,1,happy,0,neutral,0.5036018490791321
data/cremad/audio/1065_IOM_NEU_XX.wav,1065_IOM_NEU_XX.wav,1065,test,0,neutral,0,neutral,0.8306426405906677
data/cremad/audio/1065_IOM_SAD_XX.wav,1065_IOM_SAD_XX.wav,1065,test,2,sad,2,sad,0.6708129644393921
data/cremad/audio/1065_ITH_ANG_XX.wav,1065_ITH_ANG_XX.wav,1065,test,3,angry,3,angry,0.9241502285003662
data/cremad/audio/1065_ITH_DIS_XX.wav,1065_ITH_DIS_XX.wav,1065,test,5,disgust,5,disgust,0.5035508275032043
data/cremad/audio/1065_ITH_FEA_XX.wav,1065_ITH_FEA_XX.wav,1065,test,4,fearful,4,fearful,0.6304798126220703
data/cremad/audio/1065_ITH_HAP_XX.wav,1065_ITH_HAP_XX.wav,1065,test,1,happy,1,happy,0.33368387818336487
data/cremad/audio/1065_ITH_NEU_XX.wav,1065_ITH_NEU_XX.wav,1065,test,0,neutral,0,neutral,0.5388675928115845
data/cremad/audio/1065_ITH_SAD_XX.wav,1065_ITH_SAD_XX.wav,1065,test,2,sad,2,sad,0.6084145307540894
data/cremad/audio/1065_ITS_ANG_XX.wav,1065_ITS_ANG_XX.wav,1065,test,3,angry,3,angry,0.9804515838623047
data/cremad/audio/1065_ITS_DIS_XX.wav,1065_ITS_DIS_XX.wav,1065,test,5,disgust,1,happy,0.3512449860572815
data/cremad/audio/1065_ITS_FEA_XX.wav,1065_ITS_FEA_XX.wav,1065,test,4,fearful,4,fearful,0.7990002632141113
data/cremad/audio/1065_ITS_HAP_XX.wav,1065_ITS_HAP_XX.wav,1065,test,1,happy,1,happy,0.5974898934364319
data/cremad/audio/1065_ITS_NEU_XX.wav,1065_ITS_NEU_XX.wav,1065,test,0,neutral,0,neutral,0.9712681770324707
data/cremad/audio/1065_ITS_SAD_XX.wav,1065_ITS_SAD_XX.wav,1065,test,2,sad,2,sad,0.455637127161026
data/cremad/audio/1065_IWL_ANG_XX.wav,1065_IWL_ANG_XX.wav,1065,test,3,angry,3,angry,0.9840841889381409
data/cremad/audio/1065_IWL_DIS_XX.wav,1065_IWL_DIS_XX.wav,1065,test,5,disgust,1,happy,0.5277077555656433
data/cremad/audio/1065_IWL_FEA_XX.wav,1065_IWL_FEA_XX.wav,1065,test,4,fearful,2,sad,0.4973200559616089
data/cremad/audio/1065_IWL_HAP_XX.wav,1065_IWL_HAP_XX.wav,1065,test,1,happy,1,happy,0.4766135811805725
data/cremad/audio/1065_IWL_NEU_XX.wav,1065_IWL_NEU_XX.wav,1065,test,0,neutral,0,neutral,0.8632104396820068
data/cremad/audio/1065_IWL_SAD_XX.wav,1065_IWL_SAD_XX.wav,1065,test,2,sad,2,sad,0.7308046221733093
data/cremad/audio/1065_IWW_ANG_XX.wav,1065_IWW_ANG_XX.wav,1065,test,3,angry,3,angry,0.9832508563995361
data/cremad/audio/1065_IWW_DIS_XX.wav,1065_IWW_DIS_XX.wav,1065,test,5,disgust,5,disgust,0.419027179479599
data/cremad/audio/1065_IWW_FEA_XX.wav,1065_IWW_FEA_XX.wav,1065,test,4,fearful,0,neutral,0.8329901695251465
data/cremad/audio/1065_IWW_HAP_XX.wav,1065_IWW_HAP_XX.wav,1065,test,1,happy,1,happy,0.8795225620269775
data/cremad/audio/1065_IWW_NEU_XX.wav,1065_IWW_NEU_XX.wav,1065,test,0,neutral,0,neutral,0.9678294062614441
data/cremad/audio/1065_IWW_SAD_XX.wav,1065_IWW_SAD_XX.wav,1065,test,2,sad,2,sad,0.7890011668205261
data/cremad/audio/1065_MTI_ANG_XX.wav,1065_MTI_ANG_XX.wav,1065,test,3,angry,3,angry,0.9254016876220703
data/cremad/audio/1065_MTI_DIS_XX.wav,1065_MTI_DIS_XX.wav,1065,test,5,disgust,5,disgust,0.42127394676208496
data/cremad/audio/1065_MTI_FEA_XX.wav,1065_MTI_FEA_XX.wav,1065,test,4,fearful,2,sad,0.5107945203781128
data/cremad/audio/1065_MTI_HAP_XX.wav,1065_MTI_HAP_XX.wav,1065,test,1,happy,1,happy,0.9573160409927368
data/cremad/audio/1065_MTI_NEU_XX.wav,1065_MTI_NEU_XX.wav,1065,test,0,neutral,0,neutral,0.9169803857803345
data/cremad/audio/1065_MTI_SAD_XX.wav,1065_MTI_SAD_XX.wav,1065,test,2,sad,0,neutral,0.7431389093399048
data/cremad/audio/1065_TAI_ANG_XX.wav,1065_TAI_ANG_XX.wav,1065,test,3,angry,3,angry,0.9834001660346985
data/cremad/audio/1065_TAI_DIS_XX.wav,1065_TAI_DIS_XX.wav,1065,test,5,disgust,4,fearful,0.32370293140411377
data/cremad/audio/1065_TAI_FEA_XX.wav,1065_TAI_FEA_XX.wav,1065,test,4,fearful,4,fearful,0.6598191857337952
data/cremad/audio/1065_TAI_HAP_XX.wav,1065_TAI_HAP_XX.wav,1065,test,1,happy,1,happy,0.6476191878318787
data/cremad/audio/1065_TAI_NEU_XX.wav,1065_TAI_NEU_XX.wav,1065,test,0,neutral,0,neutral,0.9384562969207764
data/cremad/audio/1065_TAI_SAD_XX.wav,1065_TAI_SAD_XX.wav,1065,test,2,sad,2,sad,0.445370078086853
data/cremad/audio/1065_TIE_ANG_XX.wav,1065_TIE_ANG_XX.wav,1065,test,3,angry,3,angry,0.9198846220970154
data/cremad/audio/1065_TIE_DIS_XX.wav,1065_TIE_DIS_XX.wav,1065,test,5,disgust,5,disgust,0.47650137543678284
data/cremad/audio/1065_TIE_FEA_XX.wav,1065_TIE_FEA_XX.wav,1065,test,4,fearful,0,neutral,0.49281617999076843
data/cremad/audio/1065_TIE_HAP_XX.wav,1065_TIE_HAP_XX.wav,1065,test,1,happy,1,happy,0.49674418568611145
data/cremad/audio/1065_TIE_NEU_XX.wav,1065_TIE_NEU_XX.wav,1065,test,0,neutral,0,neutral,0.9369229674339294
data/cremad/audio/1065_TIE_SAD_XX.wav,1065_TIE_SAD_XX.wav,1065,test,2,sad,2,sad,0.8203427195549011
data/cremad/audio/1065_TSI_ANG_XX.wav,1065_TSI_ANG_XX.wav,1065,test,3,angry,3,angry,0.9705209732055664
data/cremad/audio/1065_TSI_DIS_XX.wav,1065_TSI_DIS_XX.wav,1065,test,5,disgust,1,happy,0.42492198944091797
data/cremad/audio/1065_TSI_FEA_XX.wav,1065_TSI_FEA_XX.wav,1065,test,4,fearful,4,fearful,0.6334182620048523
data/cremad/audio/1065_TSI_HAP_XX.wav,1065_TSI_HAP_XX.wav,1065,test,1,happy,4,fearful,0.4833175837993622
data/cremad/audio/1065_TSI_NEU_XX.wav,1065_TSI_NEU_XX.wav,1065,test,0,neutral,0,neutral,0.9494357705116272
data/cremad/audio/1065_TSI_SAD_XX.wav,1065_TSI_SAD_XX.wav,1065,test,2,sad,2,sad,0.8415201902389526
data/cremad/audio/1065_WSI_ANG_XX.wav,1065_WSI_ANG_XX.wav,1065,test,3,angry,3,angry,0.9686724543571472
data/cremad/audio/1065_WSI_DIS_XX.wav,1065_WSI_DIS_XX.wav,1065,test,5,disgust,4,fearful,0.5473998785018921
data/cremad/audio/1065_WSI_FEA_XX.wav,1065_WSI_FEA_XX.wav,1065,test,4,fearful,1,happy,0.4004880487918854
data/cremad/audio/1065_WSI_HAP_XX.wav,1065_WSI_HAP_XX.wav,1065,test,1,happy,1,happy,0.6588059663772583
data/cremad/audio/1065_WSI_NEU_XX.wav,1065_WSI_NEU_XX.wav,1065,test,0,neutral,0,neutral,0.9534935355186462
data/cremad/audio/1065_WSI_SAD_XX.wav,1065_WSI_SAD_XX.wav,1065,test,2,sad,0,neutral,0.885586678981781
data/cremad/audio/1066_DFA_ANG_XX.wav,1066_DFA_ANG_XX.wav,1066,test,3,angry,3,angry,0.819589376449585
data/cremad/audio/1066_DFA_DIS_XX.wav,1066_DFA_DIS_XX.wav,1066,test,5,disgust,2,sad,0.5425155758857727
data/cremad/audio/1066_DFA_FEA_XX.wav,1066_DFA_FEA_XX.wav,1066,test,4,fearful,2,sad,0.5167497992515564
data/cremad/audio/1066_DFA_HAP_XX.wav,1066_DFA_HAP_XX.wav,1066,test,1,happy,1,happy,0.9545063376426697
data/cremad/audio/1066_DFA_NEU_XX.wav,1066_DFA_NEU_XX.wav,1066,test,0,neutral,0,neutral,0.8498375415802002
data/cremad/audio/1066_DFA_SAD_XX.wav,1066_DFA_SAD_XX.wav,1066,test,2,sad,2,sad,0.8156418204307556
data/cremad/audio/1066_IEO_ANG_HI.wav,1066_IEO_ANG_HI.wav,1066,test,3,angry,3,angry,0.9798994660377502
data/cremad/audio/1066_IEO_ANG_LO.wav,1066_IEO_ANG_LO.wav,1066,test,3,angry,3,angry,0.5596504211425781
data/cremad/audio/1066_IEO_ANG_MD.wav,1066_IEO_ANG_MD.wav,1066,test,3,angry,3,angry,0.7930620312690735
data/cremad/audio/1066_IEO_DIS_HI.wav,1066_IEO_DIS_HI.wav,1066,test,5,disgust,5,disgust,0.687964677810669
data/cremad/audio/1066_IEO_DIS_LO.wav,1066_IEO_DIS_LO.wav,1066,test,5,disgust,5,disgust,0.44745850563049316
data/cremad/audio/1066_IEO_DIS_MD.wav,1066_IEO_DIS_MD.wav,1066,test,5,disgust,5,disgust,0.8899851441383362
data/cremad/audio/1066_IEO_FEA_HI.wav,1066_IEO_FEA_HI.wav,1066,test,4,fearful,3,angry,0.4102105498313904
data/cremad/audio/1066_IEO_FEA_LO.wav,1066_IEO_FEA_LO.wav,1066,test,4,fearful,2,sad,0.7126150131225586
data/cremad/audio/1066_IEO_FEA_MD.wav,1066_IEO_FEA_MD.wav,1066,test,4,fearful,2,sad,0.5816400647163391
data/cremad/audio/1066_IEO_HAP_HI.wav,1066_IEO_HAP_HI.wav,1066,test,1,happy,1,happy,0.7683595418930054
data/cremad/audio/1066_IEO_HAP_LO.wav,1066_IEO_HAP_LO.wav,1066,test,1,happy,0,neutral,0.48071885108947754
data/cremad/audio/1066_IEO_HAP_MD.wav,1066_IEO_HAP_MD.wav,1066,test,1,happy,1,happy,0.37594619393348694
data/cremad/audio/1066_IEO_NEU_XX.wav,1066_IEO_NEU_XX.wav,1066,test,0,neutral,0,neutral,0.8226092457771301
data/cremad/audio/1066_IEO_SAD_HI.wav,1066_IEO_SAD_HI.wav,1066,test,2,sad,2,sad,0.7503092288970947
data/cremad/audio/1066_IEO_SAD_LO.wav,1066_IEO_SAD_LO.wav,1066,test,2,sad,2,sad,0.6867508888244629
data/cremad/audio/1066_IEO_SAD_MD.wav,1066_IEO_SAD_MD.wav,1066,test,2,sad,2,sad,0.6871297955513
data/cremad/audio/1066_IOM_ANG_XX.wav,1066_IOM_ANG_XX.wav,1066,test,3,angry,3,angry,0.7493390440940857
data/cremad/audio/1066_IOM_DIS_XX.wav,1066_IOM_DIS_XX.wav,1066,test,5,disgust,2,sad,0.5630093216896057
data/cremad/audio/1066_IOM_FEA_XX.wav,1066_IOM_FEA_XX.wav,1066,test,4,fearful,2,sad,0.6100977063179016
data/cremad/audio/1066_IOM_HAP_XX.wav,1066_IOM_HAP_XX.wav,1066,test,1,happy,1,happy,0.9304807186126709
data/cremad/audio/1066_IOM_NEU_XX.wav,1066_IOM_NEU_XX.wav,1066,test,0,neutral,2,sad,0.409207284450531
data/cremad/audio/1066_IOM_SAD_XX.wav,1066_IOM_SAD_XX.wav,1066,test,2,sad,2,sad,0.6088957190513611
data/cremad/audio/1066_ITH_ANG_XX.wav,1066_ITH_ANG_XX.wav,1066,test,3,angry,1,happy,0.36206695437431335
data/cremad/audio/1066_ITH_DIS_XX.wav,1066_ITH_DIS_XX.wav,1066,test,5,disgust,5,disgust,0.8684564828872681
data/cremad/audio/1066_ITH_FEA_XX.wav,1066_ITH_FEA_XX.wav,1066,test,4,fearful,2,sad,0.46178460121154785
data/cremad/audio/1066_ITH_HAP_XX.wav,1066_ITH_HAP_XX.wav,1066,test,1,happy,1,happy,0.8679197430610657
data/cremad/audio/1066_ITH_NEU_XX.wav,1066_ITH_NEU_XX.wav,1066,test,0,neutral,0,neutral,0.8868013620376587
data/cremad/audio/1066_ITH_SAD_XX.wav,1066_ITH_SAD_XX.wav,1066,test,2,sad,2,sad,0.7450186014175415
data/cremad/audio/1066_ITS_ANG_XX.wav,1066_ITS_ANG_XX.wav,1066,test,3,angry,5,disgust,0.6494560837745667
data/cremad/audio/1066_ITS_DIS_XX.wav,1066_ITS_DIS_XX.wav,1066,test,5,disgust,4,fearful,0.6245390772819519
data/cremad/audio/1066_ITS_FEA_XX.wav,1066_ITS_FEA_XX.wav,1066,test,4,fearful,4,fearful,0.4812873601913452
data/cremad/audio/1066_ITS_HAP_XX.wav,1066_ITS_HAP_XX.wav,1066,test,1,happy,1,happy,0.9511800408363342
data/cremad/audio/1066_ITS_NEU_XX.wav,1066_ITS_NEU_XX.wav,1066,test,0,neutral,0,neutral,0.7791832685470581
data/cremad/audio/1066_ITS_SAD_XX.wav,1066_ITS_SAD_XX.wav,1066,test,2,sad,2,sad,0.690192461013794
data/cremad/audio/1066_IWL_ANG_XX.wav,1066_IWL_ANG_XX.wav,1066,test,3,angry,3,angry,0.9821298122406006
data/cremad/audio/1066_IWL_DIS_XX.wav,1066_IWL_DIS_XX.wav,1066,test,5,disgust,5,disgust,0.39645108580589294
data/cremad/audio/1066_IWL_FEA_XX.wav,1066_IWL_FEA_XX.wav,1066,test,4,fearful,4,fearful,0.6426206231117249
data/cremad/audio/1066_IWL_HAP_XX.wav,1066_IWL_HAP_XX.wav,1066,test,1,happy,4,fearful,0.4673102796077728
data/cremad/audio/1066_IWL_NEU_XX.wav,1066_IWL_NEU_XX.wav,1066,test,0,neutral,0,neutral,0.9435485005378723
data/cremad/audio/1066_IWL_SAD_XX.wav,1066_IWL_SAD_XX.wav,1066,test,2,sad,2,sad,0.6950421333312988
data/cremad/audio/1066_IWW_ANG_XX.wav,1066_IWW_ANG_XX.wav,1066,test,3,angry,3,angry,0.4862358272075653
data/cremad/audio/1066_IWW_DIS_XX.wav,1066_IWW_DIS_XX.wav,1066,test,5,disgust,4,fearful,0.49910491704940796
data/cremad/audio/1066_IWW_FEA_XX.wav,1066_IWW_FEA_XX.wav,1066,test,4,fearful,4,fearful,0.5010296106338501
data/cremad/audio/1066_IWW_HAP_XX.wav,1066_IWW_HAP_XX.wav,1066,test,1,happy,1,happy,0.7340474724769592
data/cremad/audio/1066_IWW_NEU_XX.wav,1066_IWW_NEU_XX.wav,1066,test,0,neutral,0,neutral,0.7765301465988159
data/cremad/audio/1066_IWW_SAD_XX.wav,1066_IWW_SAD_XX.wav,1066,test,2,sad,2,sad,0.8476524949073792
data/cremad/audio/1066_MTI_ANG_XX.wav,1066_MTI_ANG_XX.wav,1066,test,3,angry,3,angry,0.9753342270851135
data/cremad/audio/1066_MTI_DIS_XX.wav,1066_MTI_DIS_XX.wav,1066,test,5,disgust,5,disgust,0.39536163210868835
data/cremad/audio/1066_MTI_FEA_XX.wav,1066_MTI_FEA_XX.wav,1066,test,4,fearful,4,fearful,0.401419460773468
data/cremad/audio/1066_MTI_HAP_XX.wav,1066_MTI_HAP_XX.wav,1066,test,1,happy,1,happy,0.950109601020813
data/cremad/audio/1066_MTI_NEU_XX.wav,1066_MTI_NEU_XX.wav,1066,test,0,neutral,0,neutral,0.4916295111179352
data/cremad/audio/1066_MTI_SAD_XX.wav,1066_MTI_SAD_XX.wav,1066,test,2,sad,2,sad,0.49998077750205994
data/cremad/audio/1066_TAI_ANG_XX.wav,1066_TAI_ANG_XX.wav,1066,test,3,angry,3,angry,0.884669840335846
data/cremad/audio/1066_TAI_DIS_XX.wav,1066_TAI_DIS_XX.wav,1066,test,5,disgust,5,disgust,0.9145339131355286
data/cremad/audio/1066_TAI_FEA_XX.wav,1066_TAI_FEA_XX.wav,1066,test,4,fearful,2,sad,0.4349755644798279
data/cremad/audio/1066_TAI_HAP_XX.wav,1066_TAI_HAP_XX.wav,1066,test,1,happy,0,neutral,0.44917553663253784
data/cremad/audio/1066_TAI_NEU_XX.wav,1066_TAI_NEU_XX.wav,1066,test,0,neutral,0,neutral,0.8573188185691833
data/cremad/audio/1066_TAI_SAD_XX.wav,1066_TAI_SAD_XX.wav,1066,test,2,sad,2,sad,0.6136243343353271
data/cremad/audio/1066_TIE_ANG_XX.wav,1066_TIE_ANG_XX.wav,1066,test,3,angry,1,happy,0.6374222636222839
data/cremad/audio/1066_TIE_DIS_XX.wav,1066_TIE_DIS_XX.wav,1066,test,5,disgust,5,disgust,0.510512113571167
data/cremad/audio/1066_TIE_FEA_XX.wav,1066_TIE_FEA_XX.wav,1066,test,4,fearful,0,neutral,0.544153094291687
data/cremad/audio/1066_TIE_HAP_XX.wav,1066_TIE_HAP_XX.wav,1066,test,1,happy,1,happy,0.6388390064239502
data/cremad/audio/1066_TIE_NEU_XX.wav,1066_TIE_NEU_XX.wav,1066,test,0,neutral,2,sad,0.5226634740829468
data/cremad/audio/1066_TIE_SAD_XX.wav,1066_TIE_SAD_XX.wav,1066,test,2,sad,2,sad,0.7239418625831604
data/cremad/audio/1066_TSI_ANG_XX.wav,1066_TSI_ANG_XX.wav,1066,test,3,angry,3,angry,0.9536256194114685
data/cremad/audio/1066_TSI_DIS_XX.wav,1066_TSI_DIS_XX.wav,1066,test,5,disgust,5,disgust,0.9362553954124451
data/cremad/audio/1066_TSI_FEA_XX.wav,1066_TSI_FEA_XX.wav,1066,test,4,fearful,4,fearful,0.71613609790802
data/cremad/audio/1066_TSI_HAP_XX.wav,1066_TSI_HAP_XX.wav,1066,test,1,happy,1,happy,0.7672657370567322
data/cremad/audio/1066_TSI_NEU_XX.wav,1066_TSI_NEU_XX.wav,1066,test,0,neutral,0,neutral,0.9272251725196838
data/cremad/audio/1066_TSI_SAD_XX.wav,1066_TSI_SAD_XX.wav,1066,test,2,sad,2,sad,0.6415349841117859
data/cremad/audio/1066_WSI_ANG_XX.wav,1066_WSI_ANG_XX.wav,1066,test,3,angry,3,angry,0.9703441858291626
data/cremad/audio/1066_WSI_DIS_XX.wav,1066_WSI_DIS_XX.wav,1066,test,5,disgust,5,disgust,0.8317528367042542
data/cremad/audio/1066_WSI_FEA_XX.wav,1066_WSI_FEA_XX.wav,1066,test,4,fearful,2,sad,0.6088241338729858
data/cremad/audio/1066_WSI_HAP_XX.wav,1066_WSI_HAP_XX.wav,1066,test,1,happy,1,happy,0.4323948919773102
data/cremad/audio/1066_WSI_NEU_XX.wav,1066_WSI_NEU_XX.wav,1066,test,0,neutral,0,neutral,0.932848334312439
data/cremad/audio/1066_WSI_SAD_XX.wav,1066_WSI_SAD_XX.wav,1066,test,2,sad,2,sad,0.7417946457862854
data/cremad/audio/1067_DFA_ANG_XX.wav,1067_DFA_ANG_XX.wav,1067,test,3,angry,4,fearful,0.5992563962936401
data/cremad/audio/1067_DFA_DIS_XX.wav,1067_DFA_DIS_XX.wav,1067,test,5,disgust,5,disgust,0.5393316745758057
data/cremad/audio/1067_DFA_FEA_XX.wav,1067_DFA_FEA_XX.wav,1067,test,4,fearful,4,fearful,0.8688188791275024
data/cremad/audio/1067_DFA_HAP_XX.wav,1067_DFA_HAP_XX.wav,1067,test,1,happy,4,fearful,0.8135400414466858
data/cremad/audio/1067_DFA_NEU_XX.wav,1067_DFA_NEU_XX.wav,1067,test,0,neutral,4,fearful,0.6854540705680847
data/cremad/audio/1067_DFA_SAD_XX.wav,1067_DFA_SAD_XX.wav,1067,test,2,sad,2,sad,0.5473499298095703
data/cremad/audio/1067_IEO_ANG_HI.wav,1067_IEO_ANG_HI.wav,1067,test,3,angry,4,fearful,0.6959992051124573
data/cremad/audio/1067_IEO_ANG_LO.wav,1067_IEO_ANG_LO.wav,1067,test,3,angry,1,happy,0.7446967363357544
data/cremad/audio/1067_IEO_ANG_MD.wav,1067_IEO_ANG_MD.wav,1067,test,3,angry,1,happy,0.39083191752433777
data/cremad/audio/1067_IEO_DIS_HI.wav,1067_IEO_DIS_HI.wav,1067,test,5,disgust,5,disgust,0.6548411250114441
data/cremad/audio/1067_IEO_DIS_LO.wav,1067_IEO_DIS_LO.wav,1067,test,5,disgust,5,disgust,0.39528706669807434
data/cremad/audio/1067_IEO_DIS_MD.wav,1067_IEO_DIS_MD.wav,1067,test,5,disgust,5,disgust,0.7787636518478394
data/cremad/audio/1067_IEO_FEA_HI.wav,1067_IEO_FEA_HI.wav,1067,test,4,fearful,4,fearful,0.925263524055481
data/cremad/audio/1067_IEO_FEA_LO.wav,1067_IEO_FEA_LO.wav,1067,test,4,fearful,5,disgust,0.3912651538848877
data/cremad/audio/1067_IEO_FEA_MD.wav,1067_IEO_FEA_MD.wav,1067,test,4,fearful,4,fearful,0.7530100345611572
data/cremad/audio/1067_IEO_HAP_HI.wav,1067_IEO_HAP_HI.wav,1067,test,1,happy,4,fearful,0.7547643184661865
data/cremad/audio/1067_IEO_HAP_LO.wav,1067_IEO_HAP_LO.wav,1067,test,1,happy,4,fearful,0.5773422122001648
data/cremad/audio/1067_IEO_HAP_MD.wav,1067_IEO_HAP_MD.wav,1067,test,1,happy,1,happy,0.3465993404388428
data/cremad/audio/1067_IEO_NEU_XX.wav,1067_IEO_NEU_XX.wav,1067,test,0,neutral,4,fearful,0.36999133229255676
data/cremad/audio/1067_IEO_SAD_HI.wav,1067_IEO_SAD_HI.wav,1067,test,2,sad,4,fearful,0.7657126784324646
data/cremad/audio/1067_IEO_SAD_LO.wav,1067_IEO_SAD_LO.wav,1067,test,2,sad,5,disgust,0.3373515009880066
data/cremad/audio/1067_IEO_SAD_MD.wav,1067_IEO_SAD_MD.wav,1067,test,2,sad,4,fearful,0.4896078407764435
data/cremad/audio/1067_IOM_ANG_XX.wav,1067_IOM_ANG_XX.wav,1067,test,3,angry,3,angry,0.8366810083389282
data/cremad/audio/1067_IOM_DIS_XX.wav,1067_IOM_DIS_XX.wav,1067,test,5,disgust,2,sad,0.6757486462593079
data/cremad/audio/1067_IOM_FEA_XX.wav,1067_IOM_FEA_XX.wav,1067,test,4,fearful,4,fearful,0.7683206796646118
data/cremad/audio/1067_IOM_HAP_XX.wav,1067_IOM_HAP_XX.wav,1067,test,1,happy,4,fearful,0.31951016187667847
data/cremad/audio/1067_IOM_NEU_XX.wav,1067_IOM_NEU_XX.wav,1067,test,0,neutral,4,fearful,0.3677893579006195
data/cremad/audio/1067_IOM_SAD_XX.wav,1067_IOM_SAD_XX.wav,1067,test,2,sad,4,fearful,0.5688865184783936
data/cremad/audio/1067_ITH_ANG_XX.wav,1067_ITH_ANG_XX.wav,1067,test,3,angry,4,fearful,0.7380986213684082
data/cremad/audio/1067_ITH_DIS_XX.wav,1067_ITH_DIS_XX.wav,1067,test,5,disgust,5,disgust,0.4054696261882782
data/cremad/audio/1067_ITH_FEA_XX.wav,1067_ITH_FEA_XX.wav,1067,test,4,fearful,4,fearful,0.524659276008606
data/cremad/audio/1067_ITH_HAP_XX.wav,1067_ITH_HAP_XX.wav,1067,test,1,happy,1,happy,0.7794773578643799
data/cremad/audio/1067_ITH_NEU_XX.wav,1067_ITH_NEU_XX.wav,1067,test,0,neutral,4,fearful,0.40655261278152466
data/cremad/audio/1067_ITH_SAD_XX.wav,1067_ITH_SAD_XX.wav,1067,test,2,sad,2,sad,0.5219101905822754
data/cremad/audio/1067_ITS_ANG_XX.wav,1067_ITS_ANG_XX.wav,1067,test,3,angry,3,angry,0.8546581864356995
data/cremad/audio/1067_ITS_DIS_XX.wav,1067_ITS_DIS_XX.wav,1067,test,5,disgust,5,disgust,0.3750171363353729
data/cremad/audio/1067_ITS_FEA_XX.wav,1067_ITS_FEA_XX.wav,1067,test,4,fearful,4,fearful,0.7246718406677246
data/cremad/audio/1067_ITS_HAP_XX.wav,1067_ITS_HAP_XX.wav,1067,test,1,happy,2,sad,0.4020024538040161
data/cremad/audio/1067_ITS_NEU_XX.wav,1067_ITS_NEU_XX.wav,1067,test,0,neutral,4,fearful,0.3887697160243988
data/cremad/audio/1067_ITS_SAD_XX.wav,1067_ITS_SAD_XX.wav,1067,test,2,sad,4,fearful,0.7643281817436218
data/cremad/audio/1067_IWL_ANG_XX.wav,1067_IWL_ANG_XX.wav,1067,test,3,angry,5,disgust,0.48578011989593506
data/cremad/audio/1067_IWL_DIS_XX.wav,1067_IWL_DIS_XX.wav,1067,test,5,disgust,5,disgust,0.6864932775497437
data/cremad/audio/1067_IWL_FEA_XX.wav,1067_IWL_FEA_XX.wav,1067,test,4,fearful,4,fearful,0.3580557107925415
data/cremad/audio/1067_IWL_HAP_XX.wav,1067_IWL_HAP_XX.wav,1067,test,1,happy,1,happy,0.8287348747253418
data/cremad/audio/1067_IWL_NEU_XX.wav,1067_IWL_NEU_XX.wav,1067,test,0,neutral,1,happy,0.36723822355270386
data/cremad/audio/1067_IWL_SAD_XX.wav,1067_IWL_SAD_XX.wav,1067,test,2,sad,4,fearful,0.6281840801239014
data/cremad/audio/1067_IWW_ANG_XX.wav,1067_IWW_ANG_XX.wav,1067,test,3,angry,4,fearful,0.533445417881012
data/cremad/audio/1067_IWW_DIS_XX.wav,1067_IWW_DIS_XX.wav,1067,test,5,disgust,5,disgust,0.40383946895599365
data/cremad/audio/1067_IWW_FEA_XX.wav,1067_IWW_FEA_XX.wav,1067,test,4,fearful,4,fearful,0.8721858263015747
data/cremad/audio/1067_IWW_HAP_XX.wav,1067_IWW_HAP_XX.wav,1067,test,1,happy,4,fearful,0.8274434208869934
data/cremad/audio/1067_IWW_NEU_XX.wav,1067_IWW_NEU_XX.wav,1067,test,0,neutral,4,fearful,0.6798766255378723
data/cremad/audio/1067_IWW_SAD_XX.wav,1067_IWW_SAD_XX.wav,1067,test,2,sad,3,angry,0.5444303154945374
data/cremad/audio/1067_MTI_ANG_XX.wav,1067_MTI_ANG_XX.wav,1067,test,3,angry,3,angry,0.8051573634147644
data/cremad/audio/1067_MTI_DIS_XX.wav,1067_MTI_DIS_XX.wav,1067,test,5,disgust,4,fearful,0.7901040315628052
data/cremad/audio/1067_MTI_FEA_XX.wav,1067_MTI_FEA_XX.wav,1067,test,4,fearful,4,fearful,0.5251604914665222
data/cremad/audio/1067_MTI_HAP_XX.wav,1067_MTI_HAP_XX.wav,1067,test,1,happy,4,fearful,0.8599958419799805
data/cremad/audio/1067_MTI_NEU_XX.wav,1067_MTI_NEU_XX.wav,1067,test,0,neutral,0,neutral,0.32940754294395447
data/cremad/audio/1067_MTI_SAD_XX.wav,1067_MTI_SAD_XX.wav,1067,test,2,sad,2,sad,0.5197384357452393
data/cremad/audio/1067_TAI_ANG_XX.wav,1067_TAI_ANG_XX.wav,1067,test,3,angry,3,angry,0.8631736636161804
data/cremad/audio/1067_TAI_DIS_XX.wav,1067_TAI_DIS_XX.wav,1067,test,5,disgust,5,disgust,0.36646372079849243
data/cremad/audio/1067_TAI_FEA_XX.wav,1067_TAI_FEA_XX.wav,1067,test,4,fearful,4,fearful,0.7246895432472229
data/cremad/audio/1067_TAI_HAP_XX.wav,1067_TAI_HAP_XX.wav,1067,test,1,happy,4,fearful,0.800152599811554
data/cremad/audio/1067_TAI_NEU_XX.wav,1067_TAI_NEU_XX.wav,1067,test,0,neutral,4,fearful,0.5761446952819824
data/cremad/audio/1067_TAI_SAD_XX.wav,1067_TAI_SAD_XX.wav,1067,test,2,sad,2,sad,0.5584090352058411
data/cremad/audio/1067_TIE_ANG_XX.wav,1067_TIE_ANG_XX.wav,1067,test,3,angry,3,angry,0.4409790635108948
data/cremad/audio/1067_TIE_DIS_XX.wav,1067_TIE_DIS_XX.wav,1067,test,5,disgust,4,fearful,0.5103170275688171
data/cremad/audio/1067_TIE_FEA_XX.wav,1067_TIE_FEA_XX.wav,1067,test,4,fearful,4,fearful,0.6168179512023926
data/cremad/audio/1067_TIE_HAP_XX.wav,1067_TIE_HAP_XX.wav,1067,test,1,happy,4,fearful,0.5973280072212219
data/cremad/audio/1067_TIE_NEU_XX.wav,1067_TIE_NEU_XX.wav,1067,test,0,neutral,1,happy,0.40643757581710815
data/cremad/audio/1067_TIE_SAD_XX.wav,1067_TIE_SAD_XX.wav,1067,test,2,sad,4,fearful,0.4877984821796417
data/cremad/audio/1067_TSI_ANG_XX.wav,1067_TSI_ANG_XX.wav,1067,test,3,angry,3,angry,0.5467135310173035
data/cremad/audio/1067_TSI_DIS_XX.wav,1067_TSI_DIS_XX.wav,1067,test,5,disgust,4,fearful,0.45261335372924805
data/cremad/audio/1067_TSI_FEA_XX.wav,1067_TSI_FEA_XX.wav,1067,test,4,fearful,4,fearful,0.9127967357635498
data/cremad/audio/1067_TSI_HAP_XX.wav,1067_TSI_HAP_XX.wav,1067,test,1,happy,4,fearful,0.7006341218948364
data/cremad/audio/1067_TSI_NEU_XX.wav,1067_TSI_NEU_XX.wav,1067,test,0,neutral,4,fearful,0.3526732921600342
data/cremad/audio/1067_TSI_SAD_XX.wav,1067_TSI_SAD_XX.wav,1067,test,2,sad,4,fearful,0.9374047517776489
data/cremad/audio/1067_WSI_ANG_XX.wav,1067_WSI_ANG_XX.wav,1067,test,3,angry,3,angry,0.7262986302375793
data/cremad/audio/1067_WSI_DIS_XX.wav,1067_WSI_DIS_XX.wav,1067,test,5,disgust,4,fearful,0.6784923076629639
data/cremad/audio/1067_WSI_FEA_XX.wav,1067_WSI_FEA_XX.wav,1067,test,4,fearful,4,fearful,0.859498143196106
data/cremad/audio/1067_WSI_HAP_XX.wav,1067_WSI_HAP_XX.wav,1067,test,1,happy,4,fearful,0.8660252690315247
data/cremad/audio/1067_WSI_NEU_XX.wav,1067_WSI_NEU_XX.wav,1067,test,0,neutral,4,fearful,0.5743393898010254
data/cremad/audio/1067_WSI_SAD_XX.wav,1067_WSI_SAD_XX.wav,1067,test,2,sad,2,sad,0.5583897829055786
data/cremad/audio/1078_DFA_ANG_XX.wav,1078_DFA_ANG_XX.wav,1078,test,3,angry,3,angry,0.9801297783851624
data/cremad/audio/1078_DFA_DIS_XX.wav,1078_DFA_DIS_XX.wav,1078,test,5,disgust,5,disgust,0.4910920262336731
data/cremad/audio/1078_DFA_FEA_XX.wav,1078_DFA_FEA_XX.wav,1078,test,4,fearful,4,fearful,0.9022489786148071
data/cremad/audio/1078_DFA_HAP_XX.wav,1078_DFA_HAP_XX.wav,1078,test,1,happy,1,happy,0.9632055759429932
data/cremad/audio/1078_DFA_NEU_XX.wav,1078_DFA_NEU_XX.wav,1078,test,0,neutral,0,neutral,0.8019295930862427
data/cremad/audio/1078_DFA_SAD_XX.wav,1078_DFA_SAD_XX.wav,1078,test,2,sad,2,sad,0.8152559995651245
data/cremad/audio/1078_IEO_ANG_HI.wav,1078_IEO_ANG_HI.wav,1078,test,3,angry,3,angry,0.8895446062088013
data/cremad/audio/1078_IEO_ANG_LO.wav,1078_IEO_ANG_LO.wav,1078,test,3,angry,3,angry,0.8334649205207825
data/cremad/audio/1078_IEO_ANG_MD.wav,1078_IEO_ANG_MD.wav,1078,test,3,angry,3,angry,0.9795086979866028
data/cremad/audio/1078_IEO_DIS_HI.wav,1078_IEO_DIS_HI.wav,1078,test,5,disgust,5,disgust,0.7933536767959595
data/cremad/audio/1078_IEO_DIS_LO.wav,1078_IEO_DIS_LO.wav,1078,test,5,disgust,1,happy,0.3935920298099518
data/cremad/audio/1078_IEO_DIS_MD.wav,1078_IEO_DIS_MD.wav,1078,test,5,disgust,4,fearful,0.45915135741233826
data/cremad/audio/1078_IEO_FEA_HI.wav,1078_IEO_FEA_HI.wav,1078,test,4,fearful,4,fearful,0.9104852080345154
data/cremad/audio/1078_IEO_FEA_LO.wav,1078_IEO_FEA_LO.wav,1078,test,4,fearful,4,fearful,0.7790329456329346
data/cremad/audio/1078_IEO_FEA_MD.wav,1078_IEO_FEA_MD.wav,1078,test,4,fearful,4,fearful,0.6589676737785339
data/cremad/audio/1078_IEO_HAP_HI.wav,1078_IEO_HAP_HI.wav,1078,test,1,happy,4,fearful,0.8524994850158691
data/cremad/audio/1078_IEO_HAP_LO.wav,1078_IEO_HAP_LO.wav,1078,test,1,happy,1,happy,0.5600761771202087
data/cremad/audio/1078_IEO_HAP_MD.wav,1078_IEO_HAP_MD.wav,1078,test,1,happy,1,happy,0.9002235531806946
data/cremad/audio/1078_IEO_NEU_XX.wav,1078_IEO_NEU_XX.wav,1078,test,0,neutral,0,neutral,0.5009782314300537
data/cremad/audio/1078_IEO_SAD_HI.wav,1078_IEO_SAD_HI.wav,1078,test,2,sad,4,fearful,0.826571524143219
data/cremad/audio/1078_IEO_SAD_LO.wav,1078_IEO_SAD_LO.wav,1078,test,2,sad,2,sad,0.8341678977012634
data/cremad/audio/1078_IEO_SAD_MD.wav,1078_IEO_SAD_MD.wav,1078,test,2,sad,4,fearful,0.7076390385627747
data/cremad/audio/1078_IOM_ANG_XX.wav,1078_IOM_ANG_XX.wav,1078,test,3,angry,3,angry,0.9831798672676086
data/cremad/audio/1078_IOM_DIS_XX.wav,1078_IOM_DIS_XX.wav,1078,test,5,disgust,5,disgust,0.5864852666854858
data/cremad/audio/1078_IOM_FEA_XX.wav,1078_IOM_FEA_XX.wav,1078,test,4,fearful,4,fearful,0.8945010900497437
data/cremad/audio/1078_IOM_HAP_XX.wav,1078_IOM_HAP_XX.wav,1078,test,1,happy,1,happy,0.9559059143066406
data/cremad/audio/1078_IOM_NEU_XX.wav,1078_IOM_NEU_XX.wav,1078,test,0,neutral,0,neutral,0.9157391786575317
data/cremad/audio/1078_IOM_SAD_XX.wav,1078_IOM_SAD_XX.wav,1078,test,2,sad,2,sad,0.7789081335067749
data/cremad/audio/1078_ITH_ANG_XX.wav,1078_ITH_ANG_XX.wav,1078,test,3,angry,3,angry,0.8846254944801331
data/cremad/audio/1078_ITH_DIS_XX.wav,1078_ITH_DIS_XX.wav,1078,test,5,disgust,5,disgust,0.7897989749908447
data/cremad/audio/1078_ITH_FEA_XX.wav,1078_ITH_FEA_XX.wav,1078,test,4,fearful,4,fearful,0.5819539427757263
data/cremad/audio/1078_ITH_HAP_XX.wav,1078_ITH_HAP_XX.wav,1078,test,1,happy,1,happy,0.5250499248504639
data/cremad/audio/1078_ITH_NEU_XX.wav,1078_ITH_NEU_XX.wav,1078,test,0,neutral,0,neutral,0.809848427772522
data/cremad/audio/1078_ITH_SAD_XX.wav,1078_ITH_SAD_XX.wav,1078,test,2,sad,2,sad,0.7469434142112732
data/cremad/audio/1078_ITS_ANG_XX.wav,1078_ITS_ANG_XX.wav,1078,test,3,angry,3,angry,0.9689929485321045
data/cremad/audio/1078_ITS_DIS_XX.wav,1078_ITS_DIS_XX.wav,1078,test,5,disgust,5,disgust,0.9161747694015503
data/cremad/audio/1078_ITS_FEA_XX.wav,1078_ITS_FEA_XX.wav,1078,test,4,fearful,4,fearful,0.8750728368759155
data/cremad/audio/1078_ITS_HAP_XX.wav,1078_ITS_HAP_XX.wav,1078,test,1,happy,1,happy,0.9112572073936462
data/cremad/audio/1078_ITS_NEU_XX.wav,1078_ITS_NEU_XX.wav,1078,test,0,neutral,0,neutral,0.5496277809143066
data/cremad/audio/1078_ITS_SAD_XX.wav,1078_ITS_SAD_XX.wav,1078,test,2,sad,2,sad,0.5584633946418762
data/cremad/audio/1078_IWL_ANG_XX.wav,1078_IWL_ANG_XX.wav,1078,test,3,angry,3,angry,0.9730694890022278
data/cremad/audio/1078_IWL_DIS_XX.wav,1078_IWL_DIS_XX.wav,1078,test,5,disgust,4,fearful,0.3823505938053131
data/cremad/audio/1078_IWL_FEA_XX.wav,1078_IWL_FEA_XX.wav,1078,test,4,fearful,4,fearful,0.9012854099273682
data/cremad/audio/1078_IWL_HAP_XX.wav,1078_IWL_HAP_XX.wav,1078,test,1,happy,3,angry,0.32954010367393494
data/cremad/audio/1078_IWL_NEU_XX.wav,1078_IWL_NEU_XX.wav,1078,test,0,neutral,0,neutral,0.9482340812683105
data/cremad/audio/1078_IWL_SAD_XX.wav,1078_IWL_SAD_XX.wav,1078,test,2,sad,4,fearful,0.693920910358429
data/cremad/audio/1078_IWW_ANG_XX.wav,1078_IWW_ANG_XX.wav,1078,test,3,angry,3,angry,0.9769388437271118
data/cremad/audio/1078_IWW_DIS_XX.wav,1078_IWW_DIS_XX.wav,1078,test,5,disgust,5,disgust,0.9155662059783936
data/cremad/audio/1078_IWW_FEA_XX.wav,1078_IWW_FEA_XX.wav,1078,test,4,fearful,4,fearful,0.4951583445072174
data/cremad/audio/1078_IWW_HAP_XX.wav,1078_IWW_HAP_XX.wav,1078,test,1,happy,1,happy,0.6346395015716553
data/cremad/audio/1078_IWW_NEU_XX.wav,1078_IWW_NEU_XX.wav,1078,test,0,neutral,0,neutral,0.97093665599823
data/cremad/audio/1078_IWW_SAD_XX.wav,1078_IWW_SAD_XX.wav,1078,test,2,sad,2,sad,0.8129770159721375
data/cremad/audio/1078_MTI_ANG_XX.wav,1078_MTI_ANG_XX.wav,1078,test,3,angry,3,angry,0.8964222073554993
data/cremad/audio/1078_MTI_DIS_XX.wav,1078_MTI_DIS_XX.wav,1078,test,5,disgust,5,disgust,0.8742290139198303
data/cremad/audio/1078_MTI_FEA_XX.wav,1078_MTI_FEA_XX.wav,1078,test,4,fearful,4,fearful,0.827972412109375
data/cremad/audio/1078_MTI_HAP_XX.wav,1078_MTI_HAP_XX.wav,1078,test,1,happy,1,happy,0.7839925289154053
data/cremad/audio/1078_MTI_NEU_XX.wav,1078_MTI_NEU_XX.wav,1078,test,0,neutral,0,neutral,0.5443868637084961
data/cremad/audio/1078_MTI_SAD_XX.wav,1078_MTI_SAD_XX.wav,1078,test,2,sad,2,sad,0.5738564133644104
data/cremad/audio/1078_TAI_ANG_XX.wav,1078_TAI_ANG_XX.wav,1078,test,3,angry,3,angry,0.6782757043838501
data/cremad/audio/1078_TAI_DIS_XX.wav,1078_TAI_DIS_XX.wav,1078,test,5,disgust,5,disgust,0.9297069907188416
data/cremad/audio/1078_TAI_FEA_XX.wav,1078_TAI_FEA_XX.wav,1078,test,4,fearful,4,fearful,0.8931191563606262
data/cremad/audio/1078_TAI_HAP_XX.wav,1078_TAI_HAP_XX.wav,1078,test,1,happy,1,happy,0.864757776260376
data/cremad/audio/1078_TAI_NEU_XX.wav,1078_TAI_NEU_XX.wav,1078,test,0,neutral,0,neutral,0.728410005569458
data/cremad/audio/1078_TAI_SAD_XX.wav,1078_TAI_SAD_XX.wav,1078,test,2,sad,2,sad,0.6580073833465576
data/cremad/audio/1078_TIE_ANG_XX.wav,1078_TIE_ANG_XX.wav,1078,test,3,angry,3,angry,0.975939154624939
data/cremad/audio/1078_TIE_DIS_XX.wav,1078_TIE_DIS_XX.wav,1078,test,5,disgust,5,disgust,0.7293924689292908
data/cremad/audio/1078_TIE_FEA_XX.wav,1078_TIE_FEA_XX.wav,1078,test,4,fearful,4,fearful,0.9271376729011536
data/cremad/audio/1078_TIE_HAP_XX.wav,1078_TIE_HAP_XX.wav,1078,test,1,happy,1,happy,0.7367863655090332
data/cremad/audio/1078_TIE_NEU_XX.wav,1078_TIE_NEU_XX.wav,1078,test,0,neutral,0,neutral,0.8260866403579712
data/cremad/audio/1078_TIE_SAD_XX.wav,1078_TIE_SAD_XX.wav,1078,test,2,sad,2,sad,0.5778586864471436
data/cremad/audio/1078_TSI_ANG_XX.wav,1078_TSI_ANG_XX.wav,1078,test,3,angry,3,angry,0.9265671968460083
data/cremad/audio/1078_TSI_DIS_XX.wav,1078_TSI_DIS_XX.wav,1078,test,5,disgust,5,disgust,0.5828425288200378
data/cremad/audio/1078_TSI_FEA_XX.wav,1078_TSI_FEA_XX.wav,1078,test,4,fearful,4,fearful,0.9088404178619385
data/cremad/audio/1078_TSI_HAP_XX.wav,1078_TSI_HAP_XX.wav,1078,test,1,happy,1,happy,0.8994095325469971
data/cremad/audio/1078_TSI_NEU_XX.wav,1078_TSI_NEU_XX.wav,1078,test,0,neutral,0,neutral,0.8855645656585693
data/cremad/audio/1078_TSI_SAD_XX.wav,1078_TSI_SAD_XX.wav,1078,test,2,sad,2,sad,0.7165449261665344
data/cremad/audio/1078_WSI_ANG_XX.wav,1078_WSI_ANG_XX.wav,1078,test,3,angry,3,angry,0.9391409754753113
data/cremad/audio/1078_WSI_DIS_XX.wav,1078_WSI_DIS_XX.wav,1078,test,5,disgust,5,disgust,0.6771572232246399
data/cremad/audio/1078_WSI_FEA_XX.wav,1078_WSI_FEA_XX.wav,1078,test,4,fearful,4,fearful,0.890380859375
data/cremad/audio/1078_WSI_HAP_XX.wav,1078_WSI_HAP_XX.wav,1078,test,1,happy,1,happy,0.717011570930481
data/cremad/audio/1078_WSI_NEU_XX.wav,1078_WSI_NEU_XX.wav,1078,test,0,neutral,0,neutral,0.8714284896850586
data/cremad/audio/1078_WSI_SAD_XX.wav,1078_WSI_SAD_XX.wav,1078,test,2,sad,2,sad,0.7159026265144348
