filepath,filename,actor_id,split,true_label,true_emotion,predicted_label,predicted_emotion,confidence
data/cremad/audio/1001_DFA_ANG_XX.wav,1001_DFA_ANG_XX.wav,1001,train,3,angry,3,angry,0.8268135190010071
data/cremad/audio/1001_DFA_DIS_XX.wav,1001_DFA_DIS_XX.wav,1001,train,5,disgust,5,disgust,0.7548063397407532
data/cremad/audio/1001_DFA_FEA_XX.wav,1001_DFA_FEA_XX.wav,1001,train,4,fearful,4,fearful,0.9060081243515015
data/cremad/audio/1001_DFA_HAP_XX.wav,1001_DFA_HAP_XX.wav,1001,train,1,happy,1,happy,0.9074169397354126
data/cremad/audio/1001_DFA_NEU_XX.wav,1001_DFA_NEU_XX.wav,1001,train,0,neutral,0,neutral,0.979007363319397
data/cremad/audio/1001_DFA_SAD_XX.wav,1001_DFA_SAD_XX.wav,1001,train,2,sad,2,sad,0.5386556386947632
data/cremad/audio/1001_IEO_ANG_HI.wav,1001_IEO_ANG_HI.wav,1001,train,3,angry,3,angry,0.8289023637771606
data/cremad/audio/1001_IEO_ANG_LO.wav,1001_IEO_ANG_LO.wav,1001,train,3,angry,3,angry,0.5354284644126892
data/cremad/audio/1001_IEO_ANG_MD.wav,1001_IEO_ANG_MD.wav,1001,train,3,angry,3,angry,0.9285121560096741
data/cremad/audio/1001_IEO_DIS_HI.wav,1001_IEO_DIS_HI.wav,1001,train,5,disgust,5,disgust,0.6628171801567078
data/cremad/audio/1001_IEO_DIS_LO.wav,1001_IEO_DIS_LO.wav,1001,train,5,disgust,2,sad,0.6558501720428467
data/cremad/audio/1001_IEO_DIS_MD.wav,1001_IEO_DIS_MD.wav,1001,train,5,disgust,5,disgust,0.5253942608833313
data/cremad/audio/1001_IEO_FEA_HI.wav,1001_IEO_FEA_HI.wav,1001,train,4,fearful,1,happy,0.6779668927192688
data/cremad/audio/1001_IEO_FEA_LO.wav,1001_IEO_FEA_LO.wav,1001,train,4,fearful,4,fearful,0.840782642364502
data/cremad/audio/1001_IEO_FEA_MD.wav,1001_IEO_FEA_MD.wav,1001,train,4,fearful,4,fearful,0.9379148483276367
data/cremad/audio/1001_IEO_HAP_HI.wav,1001_IEO_HAP_HI.wav,1001,train,1,happy,1,happy,0.8391414880752563
data/cremad/audio/1001_IEO_HAP_LO.wav,1001_IEO_HAP_LO.wav,1001,train,1,happy,1,happy,0.6342236399650574
data/cremad/audio/1001_IEO_HAP_MD.wav,1001_IEO_HAP_MD.wav,1001,train,1,happy,1,happy,0.7304972410202026
data/cremad/audio/1001_IEO_NEU_XX.wav,1001_IEO_NEU_XX.wav,1001,train,0,neutral,0,neutral,0.9683688879013062
data/cremad/audio/1001_IEO_SAD_HI.wav,1001_IEO_SAD_HI.wav,1001,train,2,sad,4,fearful,0.5162581205368042
data/cremad/audio/1001_IEO_SAD_LO.wav,1001_IEO_SAD_LO.wav,1001,train,2,sad,2,sad,0.9056519865989685
data/cremad/audio/1001_IEO_SAD_MD.wav,1001_IEO_SAD_MD.wav,1001,train,2,sad,2,sad,0.7789605855941772
data/cremad/audio/1001_IOM_ANG_XX.wav,1001_IOM_ANG_XX.wav,1001,train,3,angry,0,neutral,0.8328958749771118
data/cremad/audio/1001_IOM_DIS_XX.wav,1001_IOM_DIS_XX.wav,1001,train,5,disgust,5,disgust,0.925432026386261
data/cremad/audio/1001_IOM_FEA_XX.wav,1001_IOM_FEA_XX.wav,1001,train,4,fearful,3,angry,0.8706628084182739
data/cremad/audio/1001_IOM_HAP_XX.wav,1001_IOM_HAP_XX.wav,1001,train,1,happy,1,happy,0.9352461695671082
data/cremad/audio/1001_IOM_NEU_XX.wav,1001_IOM_NEU_XX.wav,1001,train,0,neutral,0,neutral,0.671772301197052
data/cremad/audio/1001_IOM_SAD_XX.wav,1001_IOM_SAD_XX.wav,1001,train,2,sad,4,fearful,0.33977800607681274
data/cremad/audio/1001_ITH_ANG_XX.wav,1001_ITH_ANG_XX.wav,1001,train,3,angry,3,angry,0.6151096224784851
data/cremad/audio/1001_ITH_DIS_XX.wav,1001_ITH_DIS_XX.wav,1001,train,5,disgust,5,disgust,0.9186726212501526
data/cremad/audio/1001_ITH_FEA_XX.wav,1001_ITH_FEA_XX.wav,1001,train,4,fearful,4,fearful,0.5175176858901978
data/cremad/audio/1001_ITH_HAP_XX.wav,1001_ITH_HAP_XX.wav,1001,train,1,happy,1,happy,0.722224771976471
data/cremad/audio/1001_ITH_NEU_XX.wav,1001_ITH_NEU_XX.wav,1001,train,0,neutral,0,neutral,0.6103678345680237
data/cremad/audio/1001_ITH_SAD_XX.wav,1001_ITH_SAD_XX.wav,1001,train,2,sad,2,sad,0.9613508582115173
data/cremad/audio/1001_ITS_ANG_XX.wav,1001_ITS_ANG_XX.wav,1001,train,3,angry,3,angry,0.9932631850242615
data/cremad/audio/1001_ITS_DIS_XX.wav,1001_ITS_DIS_XX.wav,1001,train,5,disgust,5,disgust,0.6685773730278015
data/cremad/audio/1001_ITS_FEA_XX.wav,1001_ITS_FEA_XX.wav,1001,train,4,fearful,1,happy,0.9452570676803589
data/cremad/audio/1001_ITS_HAP_XX.wav,1001_ITS_HAP_XX.wav,1001,train,1,happy,1,happy,0.962163507938385
data/cremad/audio/1001_ITS_NEU_XX.wav,1001_ITS_NEU_XX.wav,1001,train,0,neutral,0,neutral,0.9857219457626343
data/cremad/audio/1001_ITS_SAD_XX.wav,1001_ITS_SAD_XX.wav,1001,train,2,sad,2,sad,0.7927075624465942
data/cremad/audio/1001_IWL_ANG_XX.wav,1001_IWL_ANG_XX.wav,1001,train,3,angry,3,angry,0.8534923791885376
data/cremad/audio/1001_IWL_DIS_XX.wav,1001_IWL_DIS_XX.wav,1001,train,5,disgust,5,disgust,0.499703586101532
data/cremad/audio/1001_IWL_FEA_XX.wav,1001_IWL_FEA_XX.wav,1001,train,4,fearful,1,happy,0.6189499497413635
data/cremad/audio/1001_IWL_HAP_XX.wav,1001_IWL_HAP_XX.wav,1001,train,1,happy,1,happy,0.8863911032676697
data/cremad/audio/1001_IWL_NEU_XX.wav,1001_IWL_NEU_XX.wav,1001,train,0,neutral,0,neutral,0.8990300297737122
data/cremad/audio/1001_IWL_SAD_XX.wav,1001_IWL_SAD_XX.wav,1001,train,2,sad,2,sad,0.47160235047340393
data/cremad/audio/1001_IWW_ANG_XX.wav,1001_IWW_ANG_XX.wav,1001,train,3,angry,3,angry,0.5638990998268127
data/cremad/audio/1001_IWW_DIS_XX.wav,1001_IWW_DIS_XX.wav,1001,train,5,disgust,5,disgust,0.6852343082427979
data/cremad/audio/1001_IWW_FEA_XX.wav,1001_IWW_FEA_XX.wav,1001,train,4,fearful,4,fearful,0.7750184535980225
data/cremad/audio/1001_IWW_HAP_XX.wav,1001_IWW_HAP_XX.wav,1001,train,1,happy,1,happy,0.5984593033790588
data/cremad/audio/1001_IWW_NEU_XX.wav,1001_IWW_NEU_XX.wav,1001,train,0,neutral,0,neutral,0.9845453500747681
data/cremad/audio/1001_IWW_SAD_XX.wav,1001_IWW_SAD_XX.wav,1001,train,2,sad,2,sad,0.8814891576766968
data/cremad/audio/1001_MTI_ANG_XX.wav,1001_MTI_ANG_XX.wav,1001,train,3,angry,3,angry,0.9779580235481262
data/cremad/audio/1001_MTI_DIS_XX.wav,1001_MTI_DIS_XX.wav,1001,train,5,disgust,5,disgust,0.5581173896789551
data/cremad/audio/1001_MTI_FEA_XX.wav,1001_MTI_FEA_XX.wav,1001,train,4,fearful,4,fearful,0.61307692527771
data/cremad/audio/1001_MTI_HAP_XX.wav,1001_MTI_HAP_XX.wav,1001,train,1,happy,1,happy,0.8902478814125061
data/cremad/audio/1001_MTI_NEU_XX.wav,1001_MTI_NEU_XX.wav,1001,train,0,neutral,0,neutral,0.95596843957901
data/cremad/audio/1001_MTI_SAD_XX.wav,1001_MTI_SAD_XX.wav,1001,train,2,sad,0,neutral,0.6298465132713318
data/cremad/audio/1001_TAI_ANG_XX.wav,1001_TAI_ANG_XX.wav,1001,train,3,angry,3,angry,0.7852123975753784
data/cremad/audio/1001_TAI_DIS_XX.wav,1001_TAI_DIS_XX.wav,1001,train,5,disgust,5,disgust,0.620985746383667
data/cremad/audio/1001_TAI_FEA_XX.wav,1001_TAI_FEA_XX.wav,1001,train,4,fearful,4,fearful,0.5255439877510071
data/cremad/audio/1001_TAI_HAP_XX.wav,1001_TAI_HAP_XX.wav,1001,train,1,happy,1,happy,0.7760568261146545
data/cremad/audio/1001_TAI_NEU_XX.wav,1001_TAI_NEU_XX.wav,1001,train,0,neutral,0,neutral,0.9945926070213318
data/cremad/audio/1001_TAI_SAD_XX.wav,1001_TAI_SAD_XX.wav,1001,train,2,sad,2,sad,0.6958720088005066
data/cremad/audio/1001_TIE_ANG_XX.wav,1001_TIE_ANG_XX.wav,1001,train,3,angry,3,angry,0.8488841652870178
data/cremad/audio/1001_TIE_DIS_XX.wav,1001_TIE_DIS_XX.wav,1001,train,5,disgust,5,disgust,0.8677781224250793
data/cremad/audio/1001_TIE_FEA_XX.wav,1001_TIE_FEA_XX.wav,1001,train,4,fearful,1,happy,0.5959977507591248
data/cremad/audio/1001_TIE_HAP_XX.wav,1001_TIE_HAP_XX.wav,1001,train,1,happy,1,happy,0.9969120025634766
data/cremad/audio/1001_TIE_NEU_XX.wav,1001_TIE_NEU_XX.wav,1001,train,0,neutral,0,neutral,0.9261083602905273
data/cremad/audio/1001_TIE_SAD_XX.wav,1001_TIE_SAD_XX.wav,1001,train,2,sad,2,sad,0.836092472076416
data/cremad/audio/1001_TSI_ANG_XX.wav,1001_TSI_ANG_XX.wav,1001,train,3,angry,3,angry,0.41101720929145813
data/cremad/audio/1001_TSI_DIS_XX.wav,1001_TSI_DIS_XX.wav,1001,train,5,disgust,5,disgust,0.56931072473526
data/cremad/audio/1001_TSI_FEA_XX.wav,1001_TSI_FEA_XX.wav,1001,train,4,fearful,1,happy,0.44322726130485535
data/cremad/audio/1001_TSI_HAP_XX.wav,1001_TSI_HAP_XX.wav,1001,train,1,happy,1,happy,0.761874258518219
data/cremad/audio/1001_TSI_NEU_XX.wav,1001_TSI_NEU_XX.wav,1001,train,0,neutral,0,neutral,0.9846718907356262
data/cremad/audio/1001_TSI_SAD_XX.wav,1001_TSI_SAD_XX.wav,1001,train,2,sad,2,sad,0.6222282648086548
data/cremad/audio/1001_WSI_ANG_XX.wav,1001_WSI_ANG_XX.wav,1001,train,3,angry,3,angry,0.8640220761299133
data/cremad/audio/1001_WSI_DIS_XX.wav,1001_WSI_DIS_XX.wav,1001,train,5,disgust,0,neutral,0.601681649684906
data/cremad/audio/1001_WSI_FEA_XX.wav,1001_WSI_FEA_XX.wav,1001,train,4,fearful,1,happy,0.5831149816513062
data/cremad/audio/1001_WSI_HAP_XX.wav,1001_WSI_HAP_XX.wav,1001,train,1,happy,1,happy,0.570412278175354
data/cremad/audio/1001_WSI_NEU_XX.wav,1001_WSI_NEU_XX.wav,1001,train,0,neutral,0,neutral,0.9318169951438904
data/cremad/audio/1001_WSI_SAD_XX.wav,1001_WSI_SAD_XX.wav,1001,train,2,sad,2,sad,0.5582409501075745
data/cremad/audio/1002_DFA_ANG_XX.wav,1002_DFA_ANG_XX.wav,1002,train,3,angry,3,angry,0.9249735474586487
data/cremad/audio/1002_DFA_DIS_XX.wav,1002_DFA_DIS_XX.wav,1002,train,5,disgust,5,disgust,0.9666348695755005
data/cremad/audio/1002_DFA_FEA_XX.wav,1002_DFA_FEA_XX.wav,1002,train,4,fearful,4,fearful,0.9036198258399963
data/cremad/audio/1002_DFA_HAP_XX.wav,1002_DFA_HAP_XX.wav,1002,train,1,happy,1,happy,0.8616443276405334
data/cremad/audio/1002_DFA_NEU_XX.wav,1002_DFA_NEU_XX.wav,1002,train,0,neutral,0,neutral,0.9340860247612
data/cremad/audio/1002_DFA_SAD_XX.wav,1002_DFA_SAD_XX.wav,1002,train,2,sad,2,sad,0.5554368495941162
data/cremad/audio/1002_IEO_ANG_HI.wav,1002_IEO_ANG_HI.wav,1002,train,3,angry,3,angry,0.8646402359008789
data/cremad/audio/1002_IEO_ANG_LO.wav,1002_IEO_ANG_LO.wav,1002,train,3,angry,3,angry,0.9752957224845886
data/cremad/audio/1002_IEO_ANG_MD.wav,1002_IEO_ANG_MD.wav,1002,train,3,angry,3,angry,0.8151467442512512
data/cremad/audio/1002_IEO_DIS_HI.wav,1002_IEO_DIS_HI.wav,1002,train,5,disgust,2,sad,0.6565455794334412
data/cremad/audio/1002_IEO_DIS_LO.wav,1002_IEO_DIS_LO.wav,1002,train,5,disgust,5,disgust,0.5074664950370789
data/cremad/audio/1002_IEO_DIS_MD.wav,1002_IEO_DIS_MD.wav,1002,train,5,disgust,5,disgust,0.7995131015777588
data/cremad/audio/1002_IEO_FEA_HI.wav,1002_IEO_FEA_HI.wav,1002,train,4,fearful,4,fearful,0.9779585599899292
data/cremad/audio/1002_IEO_FEA_LO.wav,1002_IEO_FEA_LO.wav,1002,train,4,fearful,4,fearful,0.9314348101615906
data/cremad/audio/1002_IEO_FEA_MD.wav,1002_IEO_FEA_MD.wav,1002,train,4,fearful,4,fearful,0.7172860503196716
data/cremad/audio/1002_IEO_HAP_HI.wav,1002_IEO_HAP_HI.wav,1002,train,1,happy,1,happy,0.7829838395118713
data/cremad/audio/1002_IEO_HAP_LO.wav,1002_IEO_HAP_LO.wav,1002,train,1,happy,1,happy,0.7385390996932983
data/cremad/audio/1002_IEO_HAP_MD.wav,1002_IEO_HAP_MD.wav,1002,train,1,happy,1,happy,0.8915899395942688
data/cremad/audio/1002_IEO_NEU_XX.wav,1002_IEO_NEU_XX.wav,1002,train,0,neutral,0,neutral,0.6462677121162415
data/cremad/audio/1002_IEO_SAD_HI.wav,1002_IEO_SAD_HI.wav,1002,train,2,sad,2,sad,0.8871268630027771
data/cremad/audio/1002_IEO_SAD_LO.wav,1002_IEO_SAD_LO.wav,1002,train,2,sad,2,sad,0.9039275646209717
data/cremad/audio/1002_IEO_SAD_MD.wav,1002_IEO_SAD_MD.wav,1002,train,2,sad,2,sad,0.9164823889732361
data/cremad/audio/1002_IOM_ANG_XX.wav,1002_IOM_ANG_XX.wav,1002,train,3,angry,3,angry,0.9919465184211731
data/cremad/audio/1002_IOM_DIS_XX.wav,1002_IOM_DIS_XX.wav,1002,train,5,disgust,2,sad,0.43654441833496094
data/cremad/audio/1002_IOM_FEA_XX.wav,1002_IOM_FEA_XX.wav,1002,train,4,fearful,4,fearful,0.7350489497184753
data/cremad/audio/1002_IOM_HAP_XX.wav,1002_IOM_HAP_XX.wav,1002,train,1,happy,1,happy,0.8922948241233826
data/cremad/audio/1002_IOM_NEU_XX.wav,1002_IOM_NEU_XX.wav,1002,train,0,neutral,0,neutral,0.7386586666107178
data/cremad/audio/1002_IOM_SAD_XX.wav,1002_IOM_SAD_XX.wav,1002,train,2,sad,0,neutral,0.716977596282959
data/cremad/audio/1002_ITH_ANG_XX.wav,1002_ITH_ANG_XX.wav,1002,train,3,angry,3,angry,0.9711580872535706
data/cremad/audio/1002_ITH_DIS_XX.wav,1002_ITH_DIS_XX.wav,1002,train,5,disgust,5,disgust,0.9307739734649658
data/cremad/audio/1002_ITH_FEA_XX.wav,1002_ITH_FEA_XX.wav,1002,train,4,fearful,4,fearful,0.45240405201911926
data/cremad/audio/1002_ITH_HAP_XX.wav,1002_ITH_HAP_XX.wav,1002,train,1,happy,1,happy,0.7867871522903442
data/cremad/audio/1002_ITH_NEU_XX.wav,1002_ITH_NEU_XX.wav,1002,train,0,neutral,2,sad,0.5370548963546753
data/cremad/audio/1002_ITH_SAD_XX.wav,1002_ITH_SAD_XX.wav,1002,train,2,sad,2,sad,0.8046137094497681
data/cremad/audio/1002_ITS_ANG_XX.wav,1002_ITS_ANG_XX.wav,1002,train,3,angry,3,angry,0.4653184413909912
data/cremad/audio/1002_ITS_DIS_XX.wav,1002_ITS_DIS_XX.wav,1002,train,5,disgust,5,disgust,0.9728689193725586
data/cremad/audio/1002_ITS_FEA_XX.wav,1002_ITS_FEA_XX.wav,1002,train,4,fearful,4,fearful,0.9854326844215393
data/cremad/audio/1002_ITS_HAP_XX.wav,1002_ITS_HAP_XX.wav,1002,train,1,happy,1,happy,0.9907637238502502
data/cremad/audio/1002_ITS_NEU_XX.wav,1002_ITS_NEU_XX.wav,1002,train,0,neutral,0,neutral,0.9721198678016663
data/cremad/audio/1002_ITS_SAD_XX.wav,1002_ITS_SAD_XX.wav,1002,train,2,sad,2,sad,0.8888385891914368
data/cremad/audio/1002_IWL_ANG_XX.wav,1002_IWL_ANG_XX.wav,1002,train,3,angry,3,angry,0.9895608425140381
data/cremad/audio/1002_IWL_DIS_XX.wav,1002_IWL_DIS_XX.wav,1002,train,5,disgust,4,fearful,0.5495745539665222
data/cremad/audio/1002_IWL_FEA_XX.wav,1002_IWL_FEA_XX.wav,1002,train,4,fearful,4,fearful,0.6567984819412231
data/cremad/audio/1002_IWL_HAP_XX.wav,1002_IWL_HAP_XX.wav,1002,train,1,happy,1,happy,0.6763280630111694
data/cremad/audio/1002_IWL_NEU_XX.wav,1002_IWL_NEU_XX.wav,1002,train,0,neutral,0,neutral,0.9441577196121216
data/cremad/audio/1002_IWL_SAD_XX.wav,1002_IWL_SAD_XX.wav,1002,train,2,sad,2,sad,0.7665671110153198
data/cremad/audio/1002_IWW_ANG_XX.wav,1002_IWW_ANG_XX.wav,1002,train,3,angry,3,angry,0.9537092447280884
data/cremad/audio/1002_IWW_DIS_XX.wav,1002_IWW_DIS_XX.wav,1002,train,5,disgust,5,disgust,0.8264130353927612
data/cremad/audio/1002_IWW_FEA_XX.wav,1002_IWW_FEA_XX.wav,1002,train,4,fearful,4,fearful,0.9489758610725403
data/cremad/audio/1002_IWW_HAP_XX.wav,1002_IWW_HAP_XX.wav,1002,train,1,happy,1,happy,0.9503008723258972
data/cremad/audio/1002_IWW_NEU_XX.wav,1002_IWW_NEU_XX.wav,1002,train,0,neutral,0,neutral,0.8528531193733215
data/cremad/audio/1002_IWW_SAD_XX.wav,1002_IWW_SAD_XX.wav,1002,train,2,sad,2,sad,0.8520386815071106
data/cremad/audio/1002_MTI_ANG_XX.wav,1002_MTI_ANG_XX.wav,1002,train,3,angry,3,angry,0.9616145491600037
data/cremad/audio/1002_MTI_DIS_XX.wav,1002_MTI_DIS_XX.wav,1002,train,5,disgust,5,disgust,0.7812084555625916
data/cremad/audio/1002_MTI_FEA_XX.wav,1002_MTI_FEA_XX.wav,1002,train,4,fearful,4,fearful,0.8037203550338745
data/cremad/audio/1002_MTI_HAP_XX.wav,1002_MTI_HAP_XX.wav,1002,train,1,happy,1,happy,0.761249303817749
data/cremad/audio/1002_MTI_NEU_XX.wav,1002_MTI_NEU_XX.wav,1002,train,0,neutral,0,neutral,0.8525094985961914
data/cremad/audio/1002_MTI_SAD_XX.wav,1002_MTI_SAD_XX.wav,1002,train,2,sad,2,sad,0.8875613808631897
data/cremad/audio/1002_TAI_ANG_XX.wav,1002_TAI_ANG_XX.wav,1002,train,3,angry,3,angry,0.9309268593788147
data/cremad/audio/1002_TAI_DIS_XX.wav,1002_TAI_DIS_XX.wav,1002,train,5,disgust,1,happy,0.39881694316864014
data/cremad/audio/1002_TAI_FEA_XX.wav,1002_TAI_FEA_XX.wav,1002,train,4,fearful,4,fearful,0.8942154049873352
data/cremad/audio/1002_TAI_HAP_XX.wav,1002_TAI_HAP_XX.wav,1002,train,1,happy,1,happy,0.9869058728218079
data/cremad/audio/1002_TAI_NEU_XX.wav,1002_TAI_NEU_XX.wav,1002,train,0,neutral,0,neutral,0.9833981990814209
data/cremad/audio/1002_TAI_SAD_XX.wav,1002_TAI_SAD_XX.wav,1002,train,2,sad,2,sad,0.6209402084350586
data/cremad/audio/1002_TIE_ANG_XX.wav,1002_TIE_ANG_XX.wav,1002,train,3,angry,3,angry,0.9953130483627319
data/cremad/audio/1002_TIE_DIS_XX.wav,1002_TIE_DIS_XX.wav,1002,train,5,disgust,5,disgust,0.6432468295097351
data/cremad/audio/1002_TIE_FEA_XX.wav,1002_TIE_FEA_XX.wav,1002,train,4,fearful,3,angry,0.5236247777938843
data/cremad/audio/1002_TIE_HAP_XX.wav,1002_TIE_HAP_XX.wav,1002,train,1,happy,1,happy,0.9684414863586426
data/cremad/audio/1002_TIE_SAD_XX.wav,1002_TIE_SAD_XX.wav,1002,train,2,sad,1,happy,0.8353167772293091
data/cremad/audio/1002_TSI_ANG_XX.wav,1002_TSI_ANG_XX.wav,1002,train,3,angry,3,angry,0.7969838976860046
data/cremad/audio/1002_TSI_DIS_XX.wav,1002_TSI_DIS_XX.wav,1002,train,5,disgust,5,disgust,0.4873543977737427
data/cremad/audio/1002_TSI_FEA_XX.wav,1002_TSI_FEA_XX.wav,1002,train,4,fearful,4,fearful,0.7935715913772583
data/cremad/audio/1002_TSI_HAP_XX.wav,1002_TSI_HAP_XX.wav,1002,train,1,happy,1,happy,0.9549959301948547
data/cremad/audio/1002_TSI_NEU_XX.wav,1002_TSI_NEU_XX.wav,1002,train,0,neutral,0,neutral,0.8591734766960144
data/cremad/audio/1002_TSI_SAD_XX.wav,1002_TSI_SAD_XX.wav,1002,train,2,sad,2,sad,0.7262508273124695
data/cremad/audio/1002_WSI_ANG_XX.wav,1002_WSI_ANG_XX.wav,1002,train,3,angry,3,angry,0.9979227185249329
data/cremad/audio/1002_WSI_DIS_XX.wav,1002_WSI_DIS_XX.wav,1002,train,5,disgust,5,disgust,0.4843333959579468
data/cremad/audio/1002_WSI_FEA_XX.wav,1002_WSI_FEA_XX.wav,1002,train,4,fearful,0,neutral,0.7190719842910767
data/cremad/audio/1002_WSI_HAP_XX.wav,1002_WSI_HAP_XX.wav,1002,train,1,happy,1,happy,0.8278344869613647
data/cremad/audio/1002_WSI_NEU_XX.wav,1002_WSI_NEU_XX.wav,1002,train,0,neutral,0,neutral,0.9349854588508606
data/cremad/audio/1002_WSI_SAD_XX.wav,1002_WSI_SAD_XX.wav,1002,train,2,sad,2,sad,0.8446333408355713
data/cremad/audio/1003_DFA_ANG_XX.wav,1003_DFA_ANG_XX.wav,1003,train,3,angry,3,angry,0.9864338636398315
data/cremad/audio/1003_DFA_DIS_XX.wav,1003_DFA_DIS_XX.wav,1003,train,5,disgust,5,disgust,0.8939979672431946
data/cremad/audio/1003_DFA_FEA_XX.wav,1003_DFA_FEA_XX.wav,1003,train,4,fearful,4,fearful,0.6722529530525208
data/cremad/audio/1003_DFA_HAP_XX.wav,1003_DFA_HAP_XX.wav,1003,train,1,happy,1,happy,0.7559003829956055
data/cremad/audio/1003_DFA_NEU_XX.wav,1003_DFA_NEU_XX.wav,1003,train,0,neutral,0,neutral,0.9866695404052734
data/cremad/audio/1003_DFA_SAD_XX.wav,1003_DFA_SAD_XX.wav,1003,train,2,sad,2,sad,0.9137982130050659
data/cremad/audio/1003_IEO_ANG_HI.wav,1003_IEO_ANG_HI.wav,1003,train,3,angry,3,angry,0.9568243026733398
data/cremad/audio/1003_IEO_ANG_LO.wav,1003_IEO_ANG_LO.wav,1003,train,3,angry,3,angry,0.975040078163147
data/cremad/audio/1003_IEO_ANG_MD.wav,1003_IEO_ANG_MD.wav,1003,train,3,angry,3,angry,0.9755350351333618
data/cremad/audio/1003_IEO_DIS_HI.wav,1003_IEO_DIS_HI.wav,1003,train,5,disgust,5,disgust,0.47608402371406555
data/cremad/audio/1003_IEO_DIS_LO.wav,1003_IEO_DIS_LO.wav,1003,train,5,disgust,5,disgust,0.8622796535491943
data/cremad/audio/1003_IEO_DIS_MD.wav,1003_IEO_DIS_MD.wav,1003,train,5,disgust,5,disgust,0.6347841620445251
data/cremad/audio/1003_IEO_FEA_HI.wav,1003_IEO_FEA_HI.wav,1003,train,4,fearful,2,sad,0.577995240688324
data/cremad/audio/1003_IEO_FEA_LO.wav,1003_IEO_FEA_LO.wav,1003,train,4,fearful,4,fearful,0.6255083084106445
data/cremad/audio/1003_IEO_FEA_MD.wav,1003_IEO_FEA_MD.wav,1003,train,4,fearful,1,happy,0.38185781240463257
data/cremad/audio/1003_IEO_HAP_HI.wav,1003_IEO_HAP_HI.wav,1003,train,1,happy,1,happy,0.8981155157089233
data/cremad/audio/1003_IEO_HAP_LO.wav,1003_IEO_HAP_LO.wav,1003,train,1,happy,1,happy,0.8912736773490906
data/cremad/audio/1003_IEO_HAP_MD.wav,1003_IEO_HAP_MD.wav,1003,train,1,happy,1,happy,0.9495621919631958
data/cremad/audio/1003_IEO_NEU_XX.wav,1003_IEO_NEU_XX.wav,1003,train,0,neutral,0,neutral,0.958162248134613
data/cremad/audio/1003_IEO_SAD_HI.wav,1003_IEO_SAD_HI.wav,1003,train,2,sad,2,sad,0.9130926728248596
data/cremad/audio/1003_IEO_SAD_LO.wav,1003_IEO_SAD_LO.wav,1003,train,2,sad,2,sad,0.8758059740066528
data/cremad/audio/1003_IEO_SAD_MD.wav,1003_IEO_SAD_MD.wav,1003,train,2,sad,2,sad,0.9129735231399536
data/cremad/audio/1003_IOM_ANG_XX.wav,1003_IOM_ANG_XX.wav,1003,train,3,angry,3,angry,0.9840164184570312
data/cremad/audio/1003_IOM_DIS_XX.wav,1003_IOM_DIS_XX.wav,1003,train,5,disgust,5,disgust,0.9446668028831482
data/cremad/audio/1003_IOM_FEA_XX.wav,1003_IOM_FEA_XX.wav,1003,train,4,fearful,4,fearful,0.6723183989524841
data/cremad/audio/1003_IOM_HAP_XX.wav,1003_IOM_HAP_XX.wav,1003,train,1,happy,1,happy,0.8963119983673096
data/cremad/audio/1003_IOM_NEU_XX.wav,1003_IOM_NEU_XX.wav,1003,train,0,neutral,0,neutral,0.7560590505599976
data/cremad/audio/1003_IOM_SAD_XX.wav,1003_IOM_SAD_XX.wav,1003,train,2,sad,2,sad,0.9501082897186279
data/cremad/audio/1003_ITH_ANG_XX.wav,1003_ITH_ANG_XX.wav,1003,train,3,angry,5,disgust,0.48799264430999756
data/cremad/audio/1003_ITH_DIS_XX.wav,1003_ITH_DIS_XX.wav,1003,train,5,disgust,5,disgust,0.81837397813797
data/cremad/audio/1003_ITH_FEA_XX.wav,1003_ITH_FEA_XX.wav,1003,train,4,fearful,4,fearful,0.473205029964447
data/cremad/audio/1003_ITH_HAP_XX.wav,1003_ITH_HAP_XX.wav,1003,train,1,happy,1,happy,0.788845419883728
data/cremad/audio/1003_ITH_NEU_XX.wav,1003_ITH_NEU_XX.wav,1003,train,0,neutral,0,neutral,0.9844014048576355
data/cremad/audio/1003_ITH_SAD_XX.wav,1003_ITH_SAD_XX.wav,1003,train,2,sad,2,sad,0.7442043423652649
data/cremad/audio/1003_ITS_ANG_XX.wav,1003_ITS_ANG_XX.wav,1003,train,3,angry,3,angry,0.958072304725647
data/cremad/audio/1003_ITS_DIS_XX.wav,1003_ITS_DIS_XX.wav,1003,train,5,disgust,2,sad,0.6384904980659485
data/cremad/audio/1003_ITS_FEA_XX.wav,1003_ITS_FEA_XX.wav,1003,train,4,fearful,4,fearful,0.5806493163108826
data/cremad/audio/1003_ITS_HAP_XX.wav,1003_ITS_HAP_XX.wav,1003,train,1,happy,1,happy,0.8895587921142578
data/cremad/audio/1003_ITS_NEU_XX.wav,1003_ITS_NEU_XX.wav,1003,train,0,neutral,0,neutral,0.9587491154670715
data/cremad/audio/1003_ITS_SAD_XX.wav,1003_ITS_SAD_XX.wav,1003,train,2,sad,2,sad,0.6039476990699768
data/cremad/audio/1003_IWL_ANG_XX.wav,1003_IWL_ANG_XX.wav,1003,train,3,angry,3,angry,0.9989705085754395
data/cremad/audio/1003_IWL_DIS_XX.wav,1003_IWL_DIS_XX.wav,1003,train,5,disgust,5,disgust,0.9850453734397888
data/cremad/audio/1003_IWL_FEA_XX.wav,1003_IWL_FEA_XX.wav,1003,train,4,fearful,4,fearful,0.7884458899497986
data/cremad/audio/1003_IWL_HAP_XX.wav,1003_IWL_HAP_XX.wav,1003,train,1,happy,1,happy,0.9785944819450378
data/cremad/audio/1003_IWL_NEU_XX.wav,1003_IWL_NEU_XX.wav,1003,train,0,neutral,0,neutral,0.9870814681053162
data/cremad/audio/1003_IWL_SAD_XX.wav,1003_IWL_SAD_XX.wav,1003,train,2,sad,2,sad,0.9141215085983276
data/cremad/audio/1003_IWW_ANG_XX.wav,1003_IWW_ANG_XX.wav,1003,train,3,angry,3,angry,0.7616514563560486
data/cremad/audio/1003_IWW_DIS_XX.wav,1003_IWW_DIS_XX.wav,1003,train,5,disgust,5,disgust,0.9135787487030029
data/cremad/audio/1003_IWW_FEA_XX.wav,1003_IWW_FEA_XX.wav,1003,train,4,fearful,4,fearful,0.742359459400177
data/cremad/audio/1003_IWW_HAP_XX.wav,1003_IWW_HAP_XX.wav,1003,train,1,happy,5,disgust,0.5693622827529907
data/cremad/audio/1003_IWW_NEU_XX.wav,1003_IWW_NEU_XX.wav,1003,train,0,neutral,0,neutral,0.9862439036369324
data/cremad/audio/1003_IWW_SAD_XX.wav,1003_IWW_SAD_XX.wav,1003,train,2,sad,2,sad,0.8162569403648376
data/cremad/audio/1003_MTI_ANG_XX.wav,1003_MTI_ANG_XX.wav,1003,train,3,angry,3,angry,0.9978302121162415
data/cremad/audio/1003_MTI_DIS_XX.wav,1003_MTI_DIS_XX.wav,1003,train,5,disgust,5,disgust,0.7680574059486389
data/cremad/audio/1003_MTI_FEA_XX.wav,1003_MTI_FEA_XX.wav,1003,train,4,fearful,4,fearful,0.8942586779594421
data/cremad/audio/1003_MTI_HAP_XX.wav,1003_MTI_HAP_XX.wav,1003,train,1,happy,3,angry,0.7497310042381287
data/cremad/audio/1003_MTI_NEU_XX.wav,1003_MTI_NEU_XX.wav,1003,train,0,neutral,0,neutral,0.9471095204353333
data/cremad/audio/1003_MTI_SAD_XX.wav,1003_MTI_SAD_XX.wav,1003,train,2,sad,2,sad,0.8177160024642944
data/cremad/audio/1003_TAI_ANG_XX.wav,1003_TAI_ANG_XX.wav,1003,train,3,angry,3,angry,0.9956617951393127
data/cremad/audio/1003_TAI_DIS_XX.wav,1003_TAI_DIS_XX.wav,1003,train,5,disgust,5,disgust,0.8628007769584656
data/cremad/audio/1003_TAI_FEA_XX.wav,1003_TAI_FEA_XX.wav,1003,train,4,fearful,4,fearful,0.8250436186790466
data/cremad/audio/1003_TAI_HAP_XX.wav,1003_TAI_HAP_XX.wav,1003,train,1,happy,1,happy,0.9130996465682983
data/cremad/audio/1003_TAI_NEU_XX.wav,1003_TAI_NEU_XX.wav,1003,train,0,neutral,0,neutral,0.9797454476356506
data/cremad/audio/1003_TAI_SAD_XX.wav,1003_TAI_SAD_XX.wav,1003,train,2,sad,2,sad,0.7255632877349854
data/cremad/audio/1003_TIE_ANG_XX.wav,1003_TIE_ANG_XX.wav,1003,train,3,angry,3,angry,0.985333263874054
data/cremad/audio/1003_TIE_DIS_XX.wav,1003_TIE_DIS_XX.wav,1003,train,5,disgust,5,disgust,0.8172758221626282
data/cremad/audio/1003_TIE_FEA_XX.wav,1003_TIE_FEA_XX.wav,1003,train,4,fearful,1,happy,0.9037753939628601
data/cremad/audio/1003_TIE_HAP_XX.wav,1003_TIE_HAP_XX.wav,1003,train,1,happy,1,happy,0.699244499206543
data/cremad/audio/1003_TIE_NEU_XX.wav,1003_TIE_NEU_XX.wav,1003,train,0,neutral,0,neutral,0.9853013157844543
data/cremad/audio/1003_TIE_SAD_XX.wav,1003_TIE_SAD_XX.wav,1003,train,2,sad,2,sad,0.4911660850048065
data/cremad/audio/1003_TSI_ANG_XX.wav,1003_TSI_ANG_XX.wav,1003,train,3,angry,3,angry,0.9396156072616577
data/cremad/audio/1003_TSI_DIS_XX.wav,1003_TSI_DIS_XX.wav,1003,train,5,disgust,5,disgust,0.9373616576194763
data/cremad/audio/1003_TSI_FEA_XX.wav,1003_TSI_FEA_XX.wav,1003,train,4,fearful,4,fearful,0.8546515107154846
data/cremad/audio/1003_TSI_HAP_XX.wav,1003_TSI_HAP_XX.wav,1003,train,1,happy,1,happy,0.6446247696876526
data/cremad/audio/1003_TSI_NEU_XX.wav,1003_TSI_NEU_XX.wav,1003,train,0,neutral,0,neutral,0.7803557515144348
data/cremad/audio/1003_TSI_SAD_XX.wav,1003_TSI_SAD_XX.wav,1003,train,2,sad,4,fearful,0.593611478805542
data/cremad/audio/1003_WSI_ANG_XX.wav,1003_WSI_ANG_XX.wav,1003,train,3,angry,3,angry,0.9856815338134766
data/cremad/audio/1003_WSI_DIS_XX.wav,1003_WSI_DIS_XX.wav,1003,train,5,disgust,5,disgust,0.9408677220344543
data/cremad/audio/1003_WSI_FEA_XX.wav,1003_WSI_FEA_XX.wav,1003,train,4,fearful,2,sad,0.8706644177436829
data/cremad/audio/1003_WSI_HAP_XX.wav,1003_WSI_HAP_XX.wav,1003,train,1,happy,1,happy,0.6757590174674988
data/cremad/audio/1003_WSI_NEU_XX.wav,1003_WSI_NEU_XX.wav,1003,train,0,neutral,0,neutral,0.9910633563995361
data/cremad/audio/1003_WSI_SAD_XX.wav,1003_WSI_SAD_XX.wav,1003,train,2,sad,2,sad,0.7714627385139465
data/cremad/audio/1004_DFA_ANG_XX.wav,1004_DFA_ANG_XX.wav,1004,train,3,angry,3,angry,0.9637102484703064
data/cremad/audio/1004_DFA_DIS_XX.wav,1004_DFA_DIS_XX.wav,1004,train,5,disgust,5,disgust,0.9051980376243591
data/cremad/audio/1004_DFA_FEA_XX.wav,1004_DFA_FEA_XX.wav,1004,train,4,fearful,4,fearful,0.9025174379348755
data/cremad/audio/1004_DFA_HAP_XX.wav,1004_DFA_HAP_XX.wav,1004,train,1,happy,1,happy,0.9731813073158264
data/cremad/audio/1004_DFA_NEU_XX.wav,1004_DFA_NEU_XX.wav,1004,train,0,neutral,0,neutral,0.948411762714386
data/cremad/audio/1004_DFA_SAD_XX.wav,1004_DFA_SAD_XX.wav,1004,train,2,sad,2,sad,0.7343447208404541
data/cremad/audio/1004_IEO_ANG_HI.wav,1004_IEO_ANG_HI.wav,1004,train,3,angry,3,angry,0.9358341693878174
data/cremad/audio/1004_IEO_ANG_LO.wav,1004_IEO_ANG_LO.wav,1004,train,3,angry,3,angry,0.9405937194824219
data/cremad/audio/1004_IEO_ANG_MD.wav,1004_IEO_ANG_MD.wav,1004,train,3,angry,3,angry,0.9897018671035767
data/cremad/audio/1004_IEO_DIS_HI.wav,1004_IEO_DIS_HI.wav,1004,train,5,disgust,2,sad,0.45889049768447876
data/cremad/audio/1004_IEO_DIS_LO.wav,1004_IEO_DIS_LO.wav,1004,train,5,disgust,5,disgust,0.8816906809806824
data/cremad/audio/1004_IEO_DIS_MD.wav,1004_IEO_DIS_MD.wav,1004,train,5,disgust,5,disgust,0.9461030960083008
data/cremad/audio/1004_IEO_FEA_HI.wav,1004_IEO_FEA_HI.wav,1004,train,4,fearful,2,sad,0.6501945853233337
data/cremad/audio/1004_IEO_FEA_LO.wav,1004_IEO_FEA_LO.wav,1004,train,4,fearful,4,fearful,0.5509951114654541
data/cremad/audio/1004_IEO_FEA_MD.wav,1004_IEO_FEA_MD.wav,1004,train,4,fearful,4,fearful,0.48872968554496765
data/cremad/audio/1004_IEO_HAP_HI.wav,1004_IEO_HAP_HI.wav,1004,train,1,happy,1,happy,0.5306703448295593
data/cremad/audio/1004_IEO_HAP_LO.wav,1004_IEO_HAP_LO.wav,1004,train,1,happy,1,happy,0.9077740907669067
data/cremad/audio/1004_IEO_HAP_MD.wav,1004_IEO_HAP_MD.wav,1004,train,1,happy,1,happy,0.9750177264213562
data/cremad/audio/1004_IEO_NEU_XX.wav,1004_IEO_NEU_XX.wav,1004,train,0,neutral,0,neutral,0.918914794921875
data/cremad/audio/1004_IEO_SAD_HI.wav,1004_IEO_SAD_HI.wav,1004,train,2,sad,4,fearful,0.6409239172935486
data/cremad/audio/1004_IEO_SAD_LO.wav,1004_IEO_SAD_LO.wav,1004,train,2,sad,2,sad,0.6039944887161255
data/cremad/audio/1004_IEO_SAD_MD.wav,1004_IEO_SAD_MD.wav,1004,train,2,sad,2,sad,0.7625548243522644
data/cremad/audio/1004_IOM_ANG_XX.wav,1004_IOM_ANG_XX.wav,1004,train,3,angry,3,angry,0.8373775482177734
data/cremad/audio/1004_IOM_DIS_XX.wav,1004_IOM_DIS_XX.wav,1004,train,5,disgust,5,disgust,0.7447139620780945
data/cremad/audio/1004_IOM_FEA_XX.wav,1004_IOM_FEA_XX.wav,1004,train,4,fearful,2,sad,0.5571494698524475
data/cremad/audio/1004_IOM_HAP_XX.wav,1004_IOM_HAP_XX.wav,1004,train,1,happy,1,happy,0.9222506284713745
data/cremad/audio/1004_IOM_NEU_XX.wav,1004_IOM_NEU_XX.wav,1004,train,0,neutral,0,neutral,0.6371315121650696
data/cremad/audio/1004_IOM_SAD_XX.wav,1004_IOM_SAD_XX.wav,1004,train,2,sad,2,sad,0.896312952041626
data/cremad/audio/1004_ITH_ANG_XX.wav,1004_ITH_ANG_XX.wav,1004,train,3,angry,3,angry,0.9218968749046326
data/cremad/audio/1004_ITH_DIS_XX.wav,1004_ITH_DIS_XX.wav,1004,train,5,disgust,5,disgust,0.6646596789360046
data/cremad/audio/1004_ITH_FEA_XX.wav,1004_ITH_FEA_XX.wav,1004,train,4,fearful,4,fearful,0.5323781967163086
data/cremad/audio/1004_ITH_HAP_XX.wav,1004_ITH_HAP_XX.wav,1004,train,1,happy,1,happy,0.8800228834152222
data/cremad/audio/1004_ITH_NEU_XX.wav,1004_ITH_NEU_XX.wav,1004,train,0,neutral,0,neutral,0.9397795796394348
data/cremad/audio/1004_ITH_SAD_XX.wav,1004_ITH_SAD_XX.wav,1004,train,2,sad,2,sad,0.8998900055885315
data/cremad/audio/1004_ITS_ANG_XX.wav,1004_ITS_ANG_XX.wav,1004,train,3,angry,3,angry,0.9461095929145813
data/cremad/audio/1004_ITS_DIS_XX.wav,1004_ITS_DIS_XX.wav,1004,train,5,disgust,5,disgust,0.9388795495033264
data/cremad/audio/1004_ITS_FEA_XX.wav,1004_ITS_FEA_XX.wav,1004,train,4,fearful,4,fearful,0.8918877243995667
data/cremad/audio/1004_ITS_HAP_XX.wav,1004_ITS_HAP_XX.wav,1004,train,1,happy,1,happy,0.6014349460601807
data/cremad/audio/1004_ITS_NEU_XX.wav,1004_ITS_NEU_XX.wav,1004,train,0,neutral,0,neutral,0.9847143292427063
data/cremad/audio/1004_ITS_SAD_XX.wav,1004_ITS_SAD_XX.wav,1004,train,2,sad,2,sad,0.8824083805084229
data/cremad/audio/1004_IWL_ANG_XX.wav,1004_IWL_ANG_XX.wav,1004,train,3,angry,3,angry,0.9919323325157166
data/cremad/audio/1004_IWL_DIS_XX.wav,1004_IWL_DIS_XX.wav,1004,train,5,disgust,5,disgust,0.9907234311103821
data/cremad/audio/1004_IWL_FEA_XX.wav,1004_IWL_FEA_XX.wav,1004,train,4,fearful,2,sad,0.647628903388977
data/cremad/audio/1004_IWL_HAP_XX.wav,1004_IWL_HAP_XX.wav,1004,train,1,happy,1,happy,0.49577298760414124
data/cremad/audio/1004_IWL_NEU_XX.wav,1004_IWL_NEU_XX.wav,1004,train,0,neutral,0,neutral,0.9110185503959656
data/cremad/audio/1004_IWL_SAD_XX.wav,1004_IWL_SAD_XX.wav,1004,train,2,sad,0,neutral,0.38421738147735596
data/cremad/audio/1004_IWW_ANG_XX.wav,1004_IWW_ANG_XX.wav,1004,train,3,angry,3,angry,0.9661571383476257
data/cremad/audio/1004_IWW_DIS_XX.wav,1004_IWW_DIS_XX.wav,1004,train,5,disgust,5,disgust,0.9283673167228699
data/cremad/audio/1004_IWW_FEA_XX.wav,1004_IWW_FEA_XX.wav,1004,train,4,fearful,0,neutral,0.8949635624885559
data/cremad/audio/1004_IWW_HAP_XX.wav,1004_IWW_HAP_XX.wav,1004,train,1,happy,5,disgust,0.4319971203804016
data/cremad/audio/1004_IWW_NEU_XX.wav,1004_IWW_NEU_XX.wav,1004,train,0,neutral,0,neutral,0.9924083948135376
data/cremad/audio/1004_IWW_SAD_XX.wav,1004_IWW_SAD_XX.wav,1004,train,2,sad,2,sad,0.9474442601203918
data/cremad/audio/1004_MTI_ANG_XX.wav,1004_MTI_ANG_XX.wav,1004,train,3,angry,3,angry,0.6360429525375366
data/cremad/audio/1004_MTI_DIS_XX.wav,1004_MTI_DIS_XX.wav,1004,train,5,disgust,5,disgust,0.5334914326667786
data/cremad/audio/1004_MTI_FEA_XX.wav,1004_MTI_FEA_XX.wav,1004,train,4,fearful,2,sad,0.4405595064163208
data/cremad/audio/1004_MTI_HAP_XX.wav,1004_MTI_HAP_XX.wav,1004,train,1,happy,2,sad,0.2854538857936859
data/cremad/audio/1004_MTI_NEU_XX.wav,1004_MTI_NEU_XX.wav,1004,train,0,neutral,0,neutral,0.9566504955291748
data/cremad/audio/1004_MTI_SAD_XX.wav,1004_MTI_SAD_XX.wav,1004,train,2,sad,2,sad,0.874414324760437
data/cremad/audio/1004_TAI_ANG_XX.wav,1004_TAI_ANG_XX.wav,1004,train,3,angry,3,angry,0.7720741629600525
data/cremad/audio/1004_TAI_DIS_XX.wav,1004_TAI_DIS_XX.wav,1004,train,5,disgust,5,disgust,0.7544125318527222
data/cremad/audio/1004_TAI_FEA_XX.wav,1004_TAI_FEA_XX.wav,1004,train,4,fearful,2,sad,0.47955045104026794
data/cremad/audio/1004_TAI_HAP_XX.wav,1004_TAI_HAP_XX.wav,1004,train,1,happy,4,fearful,0.5087122917175293
data/cremad/audio/1004_TAI_NEU_XX.wav,1004_TAI_NEU_XX.wav,1004,train,0,neutral,0,neutral,0.9960365891456604
data/cremad/audio/1004_TAI_SAD_XX.wav,1004_TAI_SAD_XX.wav,1004,train,2,sad,2,sad,0.8676373958587646
data/cremad/audio/1004_TIE_ANG_XX.wav,1004_TIE_ANG_XX.wav,1004,train,3,angry,3,angry,0.997796893119812
data/cremad/audio/1004_TIE_DIS_XX.wav,1004_TIE_DIS_XX.wav,1004,train,5,disgust,5,disgust,0.9771869778633118
data/cremad/audio/1004_TIE_FEA_XX.wav,1004_TIE_FEA_XX.wav,1004,train,4,fearful,4,fearful,0.9086233377456665
data/cremad/audio/1004_TIE_HAP_XX.wav,1004_TIE_HAP_XX.wav,1004,train,1,happy,3,angry,0.6215845346450806
data/cremad/audio/1004_TIE_NEU_XX.wav,1004_TIE_NEU_XX.wav,1004,train,0,neutral,0,neutral,0.9925026893615723
data/cremad/audio/1004_TIE_SAD_XX.wav,1004_TIE_SAD_XX.wav,1004,train,2,sad,2,sad,0.7844108939170837
data/cremad/audio/1004_TSI_ANG_XX.wav,1004_TSI_ANG_XX.wav,1004,train,3,angry,3,angry,0.7287832498550415
data/cremad/audio/1004_TSI_DIS_XX.wav,1004_TSI_DIS_XX.wav,1004,train,5,disgust,5,disgust,0.9657410383224487
data/cremad/audio/1004_TSI_FEA_XX.wav,1004_TSI_FEA_XX.wav,1004,train,4,fearful,4,fearful,0.8743883967399597
data/cremad/audio/1004_TSI_HAP_XX.wav,1004_TSI_HAP_XX.wav,1004,train,1,happy,1,happy,0.871107816696167
data/cremad/audio/1004_TSI_NEU_XX.wav,1004_TSI_NEU_XX.wav,1004,train,0,neutral,0,neutral,0.9953413009643555
data/cremad/audio/1004_TSI_SAD_XX.wav,1004_TSI_SAD_XX.wav,1004,train,2,sad,2,sad,0.9174507260322571
data/cremad/audio/1004_WSI_ANG_XX.wav,1004_WSI_ANG_XX.wav,1004,train,3,angry,3,angry,0.9735393524169922
data/cremad/audio/1004_WSI_DIS_XX.wav,1004_WSI_DIS_XX.wav,1004,train,5,disgust,5,disgust,0.5967892408370972
data/cremad/audio/1004_WSI_FEA_XX.wav,1004_WSI_FEA_XX.wav,1004,train,4,fearful,4,fearful,0.9803119897842407
data/cremad/audio/1004_WSI_HAP_XX.wav,1004_WSI_HAP_XX.wav,1004,train,1,happy,1,happy,0.9426945447921753
data/cremad/audio/1004_WSI_NEU_XX.wav,1004_WSI_NEU_XX.wav,1004,train,0,neutral,0,neutral,0.9807499051094055
data/cremad/audio/1004_WSI_SAD_XX.wav,1004_WSI_SAD_XX.wav,1004,train,2,sad,2,sad,0.855006217956543
data/cremad/audio/1005_DFA_ANG_XX.wav,1005_DFA_ANG_XX.wav,1005,train,3,angry,3,angry,0.900394856929779
data/cremad/audio/1005_DFA_DIS_XX.wav,1005_DFA_DIS_XX.wav,1005,train,5,disgust,5,disgust,0.7861429452896118
data/cremad/audio/1005_DFA_FEA_XX.wav,1005_DFA_FEA_XX.wav,1005,train,4,fearful,4,fearful,0.9648218750953674
data/cremad/audio/1005_DFA_HAP_XX.wav,1005_DFA_HAP_XX.wav,1005,train,1,happy,1,happy,0.905907392501831
data/cremad/audio/1005_DFA_NEU_XX.wav,1005_DFA_NEU_XX.wav,1005,train,0,neutral,0,neutral,0.8965226411819458
data/cremad/audio/1005_DFA_SAD_XX.wav,1005_DFA_SAD_XX.wav,1005,train,2,sad,2,sad,0.6327502131462097
data/cremad/audio/1005_IEO_ANG_HI.wav,1005_IEO_ANG_HI.wav,1005,train,3,angry,3,angry,0.9928420782089233
data/cremad/audio/1005_IEO_ANG_LO.wav,1005_IEO_ANG_LO.wav,1005,train,3,angry,3,angry,0.729417085647583
data/cremad/audio/1005_IEO_ANG_MD.wav,1005_IEO_ANG_MD.wav,1005,train,3,angry,3,angry,0.8249913454055786
data/cremad/audio/1005_IEO_DIS_HI.wav,1005_IEO_DIS_HI.wav,1005,train,5,disgust,5,disgust,0.8819816708564758
data/cremad/audio/1005_IEO_DIS_LO.wav,1005_IEO_DIS_LO.wav,1005,train,5,disgust,5,disgust,0.7442507743835449
data/cremad/audio/1005_IEO_DIS_MD.wav,1005_IEO_DIS_MD.wav,1005,train,5,disgust,5,disgust,0.7027076482772827
data/cremad/audio/1005_IEO_FEA_HI.wav,1005_IEO_FEA_HI.wav,1005,train,4,fearful,4,fearful,0.9797452092170715
data/cremad/audio/1005_IEO_FEA_LO.wav,1005_IEO_FEA_LO.wav,1005,train,4,fearful,2,sad,0.4976886510848999
data/cremad/audio/1005_IEO_FEA_MD.wav,1005_IEO_FEA_MD.wav,1005,train,4,fearful,4,fearful,0.6554892659187317
data/cremad/audio/1005_IEO_HAP_HI.wav,1005_IEO_HAP_HI.wav,1005,train,1,happy,1,happy,0.8985925912857056
data/cremad/audio/1005_IEO_HAP_LO.wav,1005_IEO_HAP_LO.wav,1005,train,1,happy,1,happy,0.781164288520813
data/cremad/audio/1005_IEO_HAP_MD.wav,1005_IEO_HAP_MD.wav,1005,train,1,happy,1,happy,0.9607118368148804
data/cremad/audio/1005_IEO_NEU_XX.wav,1005_IEO_NEU_XX.wav,1005,train,0,neutral,2,sad,0.4097461700439453
data/cremad/audio/1005_IEO_SAD_HI.wav,1005_IEO_SAD_HI.wav,1005,train,2,sad,2,sad,0.4543461203575134
data/cremad/audio/1005_IEO_SAD_LO.wav,1005_IEO_SAD_LO.wav,1005,train,2,sad,2,sad,0.8593361377716064
data/cremad/audio/1005_IEO_SAD_MD.wav,1005_IEO_SAD_MD.wav,1005,train,2,sad,2,sad,0.9197548031806946
data/cremad/audio/1005_IOM_ANG_XX.wav,1005_IOM_ANG_XX.wav,1005,train,3,angry,3,angry,0.9256243705749512
data/cremad/audio/1005_IOM_DIS_XX.wav,1005_IOM_DIS_XX.wav,1005,train,5,disgust,2,sad,0.7400229573249817
data/cremad/audio/1005_IOM_FEA_XX.wav,1005_IOM_FEA_XX.wav,1005,train,4,fearful,4,fearful,0.6980873346328735
data/cremad/audio/1005_IOM_HAP_XX.wav,1005_IOM_HAP_XX.wav,1005,train,1,happy,1,happy,0.7861935496330261
data/cremad/audio/1005_IOM_NEU_XX.wav,1005_IOM_NEU_XX.wav,1005,train,0,neutral,0,neutral,0.7998688220977783
data/cremad/audio/1005_IOM_SAD_XX.wav,1005_IOM_SAD_XX.wav,1005,train,2,sad,2,sad,0.9231241345405579
data/cremad/audio/1005_ITH_ANG_XX.wav,1005_ITH_ANG_XX.wav,1005,train,3,angry,3,angry,0.47547993063926697
data/cremad/audio/1005_ITH_DIS_XX.wav,1005_ITH_DIS_XX.wav,1005,train,5,disgust,5,disgust,0.9278619885444641
data/cremad/audio/1005_ITH_FEA_XX.wav,1005_ITH_FEA_XX.wav,1005,train,4,fearful,1,happy,0.7812881469726562
data/cremad/audio/1005_ITH_HAP_XX.wav,1005_ITH_HAP_XX.wav,1005,train,1,happy,1,happy,0.906292200088501
data/cremad/audio/1005_ITH_NEU_XX.wav,1005_ITH_NEU_XX.wav,1005,train,0,neutral,0,neutral,0.974541425704956
data/cremad/audio/1005_ITH_SAD_XX.wav,1005_ITH_SAD_XX.wav,1005,train,2,sad,5,disgust,0.5481701493263245
data/cremad/audio/1005_ITS_ANG_XX.wav,1005_ITS_ANG_XX.wav,1005,train,3,angry,3,angry,0.917733907699585
data/cremad/audio/1005_ITS_DIS_XX.wav,1005_ITS_DIS_XX.wav,1005,train,5,disgust,5,disgust,0.9507052898406982
data/cremad/audio/1005_ITS_FEA_XX.wav,1005_ITS_FEA_XX.wav,1005,train,4,fearful,4,fearful,0.9805346131324768
data/cremad/audio/1005_ITS_HAP_XX.wav,1005_ITS_HAP_XX.wav,1005,train,1,happy,1,happy,0.9622875452041626
data/cremad/audio/1005_ITS_NEU_XX.wav,1005_ITS_NEU_XX.wav,1005,train,0,neutral,0,neutral,0.976606011390686
data/cremad/audio/1005_ITS_SAD_XX.wav,1005_ITS_SAD_XX.wav,1005,train,2,sad,5,disgust,0.6735015511512756
data/cremad/audio/1005_IWL_ANG_XX.wav,1005_IWL_ANG_XX.wav,1005,train,3,angry,3,angry,0.9665579795837402
data/cremad/audio/1005_IWL_DIS_XX.wav,1005_IWL_DIS_XX.wav,1005,train,5,disgust,1,happy,0.6368062496185303
data/cremad/audio/1005_IWL_FEA_XX.wav,1005_IWL_FEA_XX.wav,1005,train,4,fearful,4,fearful,0.6234624981880188
data/cremad/audio/1005_IWL_HAP_XX.wav,1005_IWL_HAP_XX.wav,1005,train,1,happy,1,happy,0.9657853841781616
data/cremad/audio/1005_IWL_NEU_XX.wav,1005_IWL_NEU_XX.wav,1005,train,0,neutral,0,neutral,0.9699862599372864
data/cremad/audio/1005_IWL_SAD_XX.wav,1005_IWL_SAD_XX.wav,1005,train,2,sad,2,sad,0.732229471206665
data/cremad/audio/1005_IWW_ANG_XX.wav,1005_IWW_ANG_XX.wav,1005,train,3,angry,5,disgust,0.5158641934394836
data/cremad/audio/1005_IWW_DIS_XX.wav,1005_IWW_DIS_XX.wav,1005,train,5,disgust,5,disgust,0.9509102702140808
data/cremad/audio/1005_IWW_FEA_XX.wav,1005_IWW_FEA_XX.wav,1005,train,4,fearful,2,sad,0.6776125431060791
data/cremad/audio/1005_IWW_HAP_XX.wav,1005_IWW_HAP_XX.wav,1005,train,1,happy,0,neutral,0.5114014148712158
data/cremad/audio/1005_IWW_NEU_XX.wav,1005_IWW_NEU_XX.wav,1005,train,0,neutral,0,neutral,0.9372788071632385
data/cremad/audio/1005_IWW_SAD_XX.wav,1005_IWW_SAD_XX.wav,1005,train,2,sad,2,sad,0.8212863206863403
data/cremad/audio/1005_MTI_ANG_XX.wav,1005_MTI_ANG_XX.wav,1005,train,3,angry,1,happy,0.7364954948425293
data/cremad/audio/1005_MTI_DIS_XX.wav,1005_MTI_DIS_XX.wav,1005,train,5,disgust,5,disgust,0.8398997783660889
data/cremad/audio/1005_MTI_FEA_XX.wav,1005_MTI_FEA_XX.wav,1005,train,4,fearful,4,fearful,0.7979323863983154
data/cremad/audio/1005_MTI_HAP_XX.wav,1005_MTI_HAP_XX.wav,1005,train,1,happy,1,happy,0.8180900812149048
data/cremad/audio/1005_MTI_NEU_XX.wav,1005_MTI_NEU_XX.wav,1005,train,0,neutral,0,neutral,0.8188830614089966
data/cremad/audio/1005_MTI_SAD_XX.wav,1005_MTI_SAD_XX.wav,1005,train,2,sad,2,sad,0.5867654085159302
data/cremad/audio/1005_TAI_ANG_XX.wav,1005_TAI_ANG_XX.wav,1005,train,3,angry,3,angry,0.4665483832359314
data/cremad/audio/1005_TAI_DIS_XX.wav,1005_TAI_DIS_XX.wav,1005,train,5,disgust,5,disgust,0.8193723559379578
data/cremad/audio/1005_TAI_FEA_XX.wav,1005_TAI_FEA_XX.wav,1005,train,4,fearful,4,fearful,0.9262917041778564
data/cremad/audio/1005_TAI_HAP_XX.wav,1005_TAI_HAP_XX.wav,1005,train,1,happy,1,happy,0.6966924667358398
data/cremad/audio/1005_TAI_NEU_XX.wav,1005_TAI_NEU_XX.wav,1005,train,0,neutral,0,neutral,0.6189805865287781
data/cremad/audio/1005_TAI_SAD_XX.wav,1005_TAI_SAD_XX.wav,1005,train,2,sad,2,sad,0.8792703747749329
data/cremad/audio/1005_TIE_ANG_XX.wav,1005_TIE_ANG_XX.wav,1005,train,3,angry,3,angry,0.48922476172447205
data/cremad/audio/1005_TIE_DIS_XX.wav,1005_TIE_DIS_XX.wav,1005,train,5,disgust,5,disgust,0.8378597497940063
data/cremad/audio/1005_TIE_FEA_XX.wav,1005_TIE_FEA_XX.wav,1005,train,4,fearful,1,happy,0.5269942283630371
data/cremad/audio/1005_TIE_HAP_XX.wav,1005_TIE_HAP_XX.wav,1005,train,1,happy,1,happy,0.8682307004928589
data/cremad/audio/1005_TIE_NEU_XX.wav,1005_TIE_NEU_XX.wav,1005,train,0,neutral,0,neutral,0.9465664029121399
data/cremad/audio/1005_TIE_SAD_XX.wav,1005_TIE_SAD_XX.wav,1005,train,2,sad,2,sad,0.7617492079734802
data/cremad/audio/1005_TSI_ANG_XX.wav,1005_TSI_ANG_XX.wav,1005,train,3,angry,3,angry,0.9255741238594055
data/cremad/audio/1005_TSI_DIS_XX.wav,1005_TSI_DIS_XX.wav,1005,train,5,disgust,5,disgust,0.9260737895965576
data/cremad/audio/1005_TSI_FEA_XX.wav,1005_TSI_FEA_XX.wav,1005,train,4,fearful,4,fearful,0.650091826915741
data/cremad/audio/1005_TSI_HAP_XX.wav,1005_TSI_HAP_XX.wav,1005,train,1,happy,1,happy,0.9456258416175842
data/cremad/audio/1005_TSI_NEU_XX.wav,1005_TSI_NEU_XX.wav,1005,train,0,neutral,0,neutral,0.9958562254905701
data/cremad/audio/1005_TSI_SAD_XX.wav,1005_TSI_SAD_XX.wav,1005,train,2,sad,1,happy,0.7920762896537781
data/cremad/audio/1005_WSI_ANG_XX.wav,1005_WSI_ANG_XX.wav,1005,train,3,angry,3,angry,0.9502933621406555
data/cremad/audio/1005_WSI_DIS_XX.wav,1005_WSI_DIS_XX.wav,1005,train,5,disgust,5,disgust,0.8388025760650635
data/cremad/audio/1005_WSI_FEA_XX.wav,1005_WSI_FEA_XX.wav,1005,train,4,fearful,4,fearful,0.8676365613937378
data/cremad/audio/1005_WSI_HAP_XX.wav,1005_WSI_HAP_XX.wav,1005,train,1,happy,1,happy,0.8776394724845886
data/cremad/audio/1005_WSI_NEU_XX.wav,1005_WSI_NEU_XX.wav,1005,train,0,neutral,0,neutral,0.680679440498352
data/cremad/audio/1005_WSI_SAD_XX.wav,1005_WSI_SAD_XX.wav,1005,train,2,sad,2,sad,0.7658015489578247
data/cremad/audio/1006_DFA_ANG_XX.wav,1006_DFA_ANG_XX.wav,1006,train,3,angry,3,angry,0.9563860297203064
data/cremad/audio/1006_DFA_DIS_XX.wav,1006_DFA_DIS_XX.wav,1006,train,5,disgust,5,disgust,0.6247318387031555
data/cremad/audio/1006_DFA_FEA_XX.wav,1006_DFA_FEA_XX.wav,1006,train,4,fearful,4,fearful,0.699630618095398
data/cremad/audio/1006_DFA_HAP_XX.wav,1006_DFA_HAP_XX.wav,1006,train,1,happy,1,happy,0.9881515502929688
data/cremad/audio/1006_DFA_NEU_XX.wav,1006_DFA_NEU_XX.wav,1006,train,0,neutral,2,sad,0.428814172744751
data/cremad/audio/1006_DFA_SAD_XX.wav,1006_DFA_SAD_XX.wav,1006,train,2,sad,4,fearful,0.5906747579574585
data/cremad/audio/1006_IEO_ANG_HI.wav,1006_IEO_ANG_HI.wav,1006,train,3,angry,3,angry,0.9720777273178101
data/cremad/audio/1006_IEO_ANG_LO.wav,1006_IEO_ANG_LO.wav,1006,train,3,angry,3,angry,0.5501075983047485
data/cremad/audio/1006_IEO_ANG_MD.wav,1006_IEO_ANG_MD.wav,1006,train,3,angry,1,happy,0.8937081098556519
data/cremad/audio/1006_IEO_DIS_HI.wav,1006_IEO_DIS_HI.wav,1006,train,5,disgust,5,disgust,0.610044538974762
data/cremad/audio/1006_IEO_DIS_LO.wav,1006_IEO_DIS_LO.wav,1006,train,5,disgust,2,sad,0.3983628749847412
data/cremad/audio/1006_IEO_DIS_MD.wav,1006_IEO_DIS_MD.wav,1006,train,5,disgust,5,disgust,0.9638383388519287
data/cremad/audio/1006_IEO_FEA_HI.wav,1006_IEO_FEA_HI.wav,1006,train,4,fearful,4,fearful,0.9848358035087585
data/cremad/audio/1006_IEO_FEA_LO.wav,1006_IEO_FEA_LO.wav,1006,train,4,fearful,4,fearful,0.5798231363296509
data/cremad/audio/1006_IEO_FEA_MD.wav,1006_IEO_FEA_MD.wav,1006,train,4,fearful,4,fearful,0.7654541730880737
data/cremad/audio/1006_IEO_HAP_HI.wav,1006_IEO_HAP_HI.wav,1006,train,1,happy,1,happy,0.895624041557312
data/cremad/audio/1006_IEO_HAP_LO.wav,1006_IEO_HAP_LO.wav,1006,train,1,happy,1,happy,0.9148336052894592
data/cremad/audio/1006_IEO_HAP_MD.wav,1006_IEO_HAP_MD.wav,1006,train,1,happy,1,happy,0.9673894047737122
data/cremad/audio/1006_IEO_NEU_XX.wav,1006_IEO_NEU_XX.wav,1006,train,0,neutral,0,neutral,0.5807452201843262
data/cremad/audio/1006_IEO_SAD_HI.wav,1006_IEO_SAD_HI.wav,1006,train,2,sad,4,fearful,0.8801167011260986
data/cremad/audio/1006_IEO_SAD_LO.wav,1006_IEO_SAD_LO.wav,1006,train,2,sad,2,sad,0.9398704767227173
data/cremad/audio/1006_IEO_SAD_MD.wav,1006_IEO_SAD_MD.wav,1006,train,2,sad,2,sad,0.5826203227043152
data/cremad/audio/1006_IOM_ANG_XX.wav,1006_IOM_ANG_XX.wav,1006,train,3,angry,3,angry,0.9398409724235535
data/cremad/audio/1006_IOM_DIS_XX.wav,1006_IOM_DIS_XX.wav,1006,train,5,disgust,2,sad,0.7526454329490662
data/cremad/audio/1006_IOM_FEA_XX.wav,1006_IOM_FEA_XX.wav,1006,train,4,fearful,4,fearful,0.9746420979499817
data/cremad/audio/1006_IOM_HAP_XX.wav,1006_IOM_HAP_XX.wav,1006,train,1,happy,1,happy,0.9836846590042114
data/cremad/audio/1006_IOM_NEU_XX.wav,1006_IOM_NEU_XX.wav,1006,train,0,neutral,0,neutral,0.9012290835380554
data/cremad/audio/1006_IOM_SAD_XX.wav,1006_IOM_SAD_XX.wav,1006,train,2,sad,0,neutral,0.5401896834373474
data/cremad/audio/1006_ITH_ANG_XX.wav,1006_ITH_ANG_XX.wav,1006,train,3,angry,3,angry,0.7317307591438293
data/cremad/audio/1006_ITH_DIS_XX.wav,1006_ITH_DIS_XX.wav,1006,train,5,disgust,5,disgust,0.65663081407547
data/cremad/audio/1006_ITH_FEA_XX.wav,1006_ITH_FEA_XX.wav,1006,train,4,fearful,4,fearful,0.5478107333183289
data/cremad/audio/1006_ITH_HAP_XX.wav,1006_ITH_HAP_XX.wav,1006,train,1,happy,1,happy,0.8080234527587891
data/cremad/audio/1006_ITH_NEU_XX.wav,1006_ITH_NEU_XX.wav,1006,train,0,neutral,0,neutral,0.4377624988555908
data/cremad/audio/1006_ITH_SAD_XX.wav,1006_ITH_SAD_XX.wav,1006,train,2,sad,2,sad,0.7008457183837891
data/cremad/audio/1006_ITS_ANG_XX.wav,1006_ITS_ANG_XX.wav,1006,train,3,angry,3,angry,0.9826835989952087
data/cremad/audio/1006_ITS_DIS_XX.wav,1006_ITS_DIS_XX.wav,1006,train,5,disgust,2,sad,0.7269101738929749
data/cremad/audio/1006_ITS_FEA_XX.wav,1006_ITS_FEA_XX.wav,1006,train,4,fearful,4,fearful,0.9889662861824036
data/cremad/audio/1006_ITS_HAP_XX.wav,1006_ITS_HAP_XX.wav,1006,train,1,happy,1,happy,0.9866909980773926
data/cremad/audio/1006_ITS_NEU_XX.wav,1006_ITS_NEU_XX.wav,1006,train,0,neutral,0,neutral,0.9110516905784607
data/cremad/audio/1006_ITS_SAD_XX.wav,1006_ITS_SAD_XX.wav,1006,train,2,sad,2,sad,0.886139988899231
data/cremad/audio/1006_IWL_ANG_XX.wav,1006_IWL_ANG_XX.wav,1006,train,3,angry,3,angry,0.9328071475028992
data/cremad/audio/1006_IWL_DIS_XX.wav,1006_IWL_DIS_XX.wav,1006,train,5,disgust,5,disgust,0.8761656284332275
data/cremad/audio/1006_IWL_FEA_XX.wav,1006_IWL_FEA_XX.wav,1006,train,4,fearful,4,fearful,0.9027393460273743
data/cremad/audio/1006_IWL_HAP_XX.wav,1006_IWL_HAP_XX.wav,1006,train,1,happy,1,happy,0.9515530467033386
data/cremad/audio/1006_IWL_NEU_XX.wav,1006_IWL_NEU_XX.wav,1006,train,0,neutral,0,neutral,0.9128681421279907
data/cremad/audio/1006_IWL_SAD_XX.wav,1006_IWL_SAD_XX.wav,1006,train,2,sad,4,fearful,0.38901981711387634
data/cremad/audio/1006_IWW_ANG_XX.wav,1006_IWW_ANG_XX.wav,1006,train,3,angry,3,angry,0.45113974809646606
data/cremad/audio/1006_IWW_DIS_XX.wav,1006_IWW_DIS_XX.wav,1006,train,5,disgust,2,sad,0.6338022351264954
data/cremad/audio/1006_IWW_FEA_XX.wav,1006_IWW_FEA_XX.wav,1006,train,4,fearful,4,fearful,0.9608013033866882
data/cremad/audio/1006_IWW_HAP_XX.wav,1006_IWW_HAP_XX.wav,1006,train,1,happy,1,happy,0.9531804919242859
data/cremad/audio/1006_IWW_NEU_XX.wav,1006_IWW_NEU_XX.wav,1006,train,0,neutral,0,neutral,0.7924070358276367
data/cremad/audio/1006_IWW_SAD_XX.wav,1006_IWW_SAD_XX.wav,1006,train,2,sad,2,sad,0.7641140222549438
data/cremad/audio/1006_MTI_ANG_XX.wav,1006_MTI_ANG_XX.wav,1006,train,3,angry,3,angry,0.8918975591659546
data/cremad/audio/1006_MTI_DIS_XX.wav,1006_MTI_DIS_XX.wav,1006,train,5,disgust,5,disgust,0.9033223390579224
data/cremad/audio/1006_MTI_FEA_XX.wav,1006_MTI_FEA_XX.wav,1006,train,4,fearful,2,sad,0.7938625812530518
data/cremad/audio/1006_MTI_HAP_XX.wav,1006_MTI_HAP_XX.wav,1006,train,1,happy,1,happy,0.9443554878234863
data/cremad/audio/1006_MTI_NEU_XX.wav,1006_MTI_NEU_XX.wav,1006,train,0,neutral,0,neutral,0.8281579613685608
data/cremad/audio/1006_MTI_SAD_XX.wav,1006_MTI_SAD_XX.wav,1006,train,2,sad,2,sad,0.4909210205078125
data/cremad/audio/1006_TAI_ANG_XX.wav,1006_TAI_ANG_XX.wav,1006,train,3,angry,3,angry,0.3935433030128479
data/cremad/audio/1006_TAI_DIS_XX.wav,1006_TAI_DIS_XX.wav,1006,train,5,disgust,5,disgust,0.7885864973068237
data/cremad/audio/1006_TAI_FEA_XX.wav,1006_TAI_FEA_XX.wav,1006,train,4,fearful,4,fearful,0.8782262206077576
data/cremad/audio/1006_TAI_HAP_XX.wav,1006_TAI_HAP_XX.wav,1006,train,1,happy,1,happy,0.6626647114753723
data/cremad/audio/1006_TAI_NEU_XX.wav,1006_TAI_NEU_XX.wav,1006,train,0,neutral,0,neutral,0.9591490030288696
data/cremad/audio/1006_TAI_SAD_XX.wav,1006_TAI_SAD_XX.wav,1006,train,2,sad,2,sad,0.6373918652534485
data/cremad/audio/1006_TIE_ANG_XX.wav,1006_TIE_ANG_XX.wav,1006,train,3,angry,3,angry,0.8718096017837524
data/cremad/audio/1006_TIE_DIS_XX.wav,1006_TIE_DIS_XX.wav,1006,train,5,disgust,1,happy,0.9264670610427856
data/cremad/audio/1006_TIE_FEA_XX.wav,1006_TIE_FEA_XX.wav,1006,train,4,fearful,4,fearful,0.8646663427352905
data/cremad/audio/1006_TIE_HAP_XX.wav,1006_TIE_HAP_XX.wav,1006,train,1,happy,0,neutral,0.8987165689468384
data/cremad/audio/1006_TIE_NEU_XX.wav,1006_TIE_NEU_XX.wav,1006,train,0,neutral,0,neutral,0.8987165689468384
data/cremad/audio/1006_TIE_SAD_XX.wav,1006_TIE_SAD_XX.wav,1006,train,2,sad,2,sad,0.5980991721153259
data/cremad/audio/1006_TSI_ANG_XX.wav,1006_TSI_ANG_XX.wav,1006,train,3,angry,5,disgust,0.37319216132164
data/cremad/audio/1006_TSI_DIS_XX.wav,1006_TSI_DIS_XX.wav,1006,train,5,disgust,5,disgust,0.9719111323356628
data/cremad/audio/1006_TSI_FEA_XX.wav,1006_TSI_FEA_XX.wav,1006,train,4,fearful,2,sad,0.7075785398483276
data/cremad/audio/1006_TSI_HAP_XX.wav,1006_TSI_HAP_XX.wav,1006,train,1,happy,1,happy,0.8990700840950012
data/cremad/audio/1006_TSI_NEU_XX.wav,1006_TSI_NEU_XX.wav,1006,train,0,neutral,0,neutral,0.9548516869544983
data/cremad/audio/1006_TSI_SAD_XX.wav,1006_TSI_SAD_XX.wav,1006,train,2,sad,2,sad,0.7638311982154846
data/cremad/audio/1006_WSI_ANG_XX.wav,1006_WSI_ANG_XX.wav,1006,train,3,angry,3,angry,0.9802011847496033
data/cremad/audio/1006_WSI_DIS_XX.wav,1006_WSI_DIS_XX.wav,1006,train,5,disgust,5,disgust,0.8536540865898132
data/cremad/audio/1006_WSI_FEA_XX.wav,1006_WSI_FEA_XX.wav,1006,train,4,fearful,4,fearful,0.7181417346000671
data/cremad/audio/1006_WSI_HAP_XX.wav,1006_WSI_HAP_XX.wav,1006,train,1,happy,1,happy,0.8602144122123718
data/cremad/audio/1006_WSI_NEU_XX.wav,1006_WSI_NEU_XX.wav,1006,train,0,neutral,0,neutral,0.5343440771102905
data/cremad/audio/1006_WSI_SAD_XX.wav,1006_WSI_SAD_XX.wav,1006,train,2,sad,2,sad,0.9150078296661377
data/cremad/audio/1008_DFA_ANG_XX.wav,1008_DFA_ANG_XX.wav,1008,train,3,angry,3,angry,0.9616727828979492
data/cremad/audio/1008_DFA_DIS_XX.wav,1008_DFA_DIS_XX.wav,1008,train,5,disgust,5,disgust,0.4269714057445526
data/cremad/audio/1008_DFA_FEA_XX.wav,1008_DFA_FEA_XX.wav,1008,train,4,fearful,4,fearful,0.981503963470459
data/cremad/audio/1008_DFA_HAP_XX.wav,1008_DFA_HAP_XX.wav,1008,train,1,happy,4,fearful,0.5786188840866089
data/cremad/audio/1008_DFA_NEU_XX.wav,1008_DFA_NEU_XX.wav,1008,train,0,neutral,0,neutral,0.9954777359962463
data/cremad/audio/1008_DFA_SAD_XX.wav,1008_DFA_SAD_XX.wav,1008,train,2,sad,4,fearful,0.5438529253005981
data/cremad/audio/1008_IEO_ANG_HI.wav,1008_IEO_ANG_HI.wav,1008,train,3,angry,3,angry,0.9368473291397095
data/cremad/audio/1008_IEO_ANG_LO.wav,1008_IEO_ANG_LO.wav,1008,train,3,angry,3,angry,0.9015085101127625
data/cremad/audio/1008_IEO_ANG_MD.wav,1008_IEO_ANG_MD.wav,1008,train,3,angry,3,angry,0.9870519638061523
data/cremad/audio/1008_IEO_DIS_HI.wav,1008_IEO_DIS_HI.wav,1008,train,5,disgust,5,disgust,0.7257539629936218
data/cremad/audio/1008_IEO_DIS_LO.wav,1008_IEO_DIS_LO.wav,1008,train,5,disgust,5,disgust,0.4852396845817566
data/cremad/audio/1008_IEO_DIS_MD.wav,1008_IEO_DIS_MD.wav,1008,train,5,disgust,5,disgust,0.8707135319709778
data/cremad/audio/1008_IEO_FEA_HI.wav,1008_IEO_FEA_HI.wav,1008,train,4,fearful,4,fearful,0.9097073674201965
data/cremad/audio/1008_IEO_FEA_LO.wav,1008_IEO_FEA_LO.wav,1008,train,4,fearful,4,fearful,0.9467962384223938
data/cremad/audio/1008_IEO_FEA_MD.wav,1008_IEO_FEA_MD.wav,1008,train,4,fearful,4,fearful,0.6451677680015564
data/cremad/audio/1008_IEO_HAP_HI.wav,1008_IEO_HAP_HI.wav,1008,train,1,happy,4,fearful,0.5577226877212524
data/cremad/audio/1008_IEO_HAP_LO.wav,1008_IEO_HAP_LO.wav,1008,train,1,happy,1,happy,0.9231685400009155
data/cremad/audio/1008_IEO_HAP_MD.wav,1008_IEO_HAP_MD.wav,1008,train,1,happy,1,happy,0.9230075478553772
data/cremad/audio/1008_IEO_NEU_XX.wav,1008_IEO_NEU_XX.wav,1008,train,0,neutral,0,neutral,0.9987049102783203
data/cremad/audio/1008_IEO_SAD_HI.wav,1008_IEO_SAD_HI.wav,1008,train,2,sad,4,fearful,0.7308987379074097
data/cremad/audio/1008_IEO_SAD_LO.wav,1008_IEO_SAD_LO.wav,1008,train,2,sad,4,fearful,0.34434542059898376
data/cremad/audio/1008_IEO_SAD_MD.wav,1008_IEO_SAD_MD.wav,1008,train,2,sad,1,happy,0.32133445143699646
data/cremad/audio/1008_IOM_ANG_XX.wav,1008_IOM_ANG_XX.wav,1008,train,3,angry,3,angry,0.9669928550720215
data/cremad/audio/1008_IOM_DIS_XX.wav,1008_IOM_DIS_XX.wav,1008,train,5,disgust,5,disgust,0.586434006690979
data/cremad/audio/1008_IOM_FEA_XX.wav,1008_IOM_FEA_XX.wav,1008,train,4,fearful,4,fearful,0.8104519248008728
data/cremad/audio/1008_IOM_HAP_XX.wav,1008_IOM_HAP_XX.wav,1008,train,1,happy,1,happy,0.6516187787055969
data/cremad/audio/1008_IOM_NEU_XX.wav,1008_IOM_NEU_XX.wav,1008,train,0,neutral,0,neutral,0.9903591275215149
data/cremad/audio/1008_IOM_SAD_XX.wav,1008_IOM_SAD_XX.wav,1008,train,2,sad,3,angry,0.37481120228767395
data/cremad/audio/1008_ITH_ANG_XX.wav,1008_ITH_ANG_XX.wav,1008,train,3,angry,3,angry,0.7297765612602234
data/cremad/audio/1008_ITH_DIS_XX.wav,1008_ITH_DIS_XX.wav,1008,train,5,disgust,5,disgust,0.6571395397186279
data/cremad/audio/1008_ITH_FEA_XX.wav,1008_ITH_FEA_XX.wav,1008,train,4,fearful,4,fearful,0.8533368110656738
data/cremad/audio/1008_ITH_HAP_XX.wav,1008_ITH_HAP_XX.wav,1008,train,1,happy,1,happy,0.7866942286491394
data/cremad/audio/1008_ITH_NEU_XX.wav,1008_ITH_NEU_XX.wav,1008,train,0,neutral,0,neutral,0.9925585985183716
data/cremad/audio/1008_ITH_SAD_XX.wav,1008_ITH_SAD_XX.wav,1008,train,2,sad,2,sad,0.6331745386123657
data/cremad/audio/1008_ITS_ANG_XX.wav,1008_ITS_ANG_XX.wav,1008,train,3,angry,3,angry,0.9921455979347229
data/cremad/audio/1008_ITS_DIS_XX.wav,1008_ITS_DIS_XX.wav,1008,train,5,disgust,1,happy,0.7615809440612793
data/cremad/audio/1008_ITS_FEA_XX.wav,1008_ITS_FEA_XX.wav,1008,train,4,fearful,4,fearful,0.5488488674163818
data/cremad/audio/1008_ITS_HAP_XX.wav,1008_ITS_HAP_XX.wav,1008,train,1,happy,1,happy,0.972283124923706
data/cremad/audio/1008_ITS_NEU_XX.wav,1008_ITS_NEU_XX.wav,1008,train,0,neutral,0,neutral,0.9810078740119934
data/cremad/audio/1008_ITS_SAD_XX.wav,1008_ITS_SAD_XX.wav,1008,train,2,sad,4,fearful,0.357421338558197
data/cremad/audio/1008_IWL_ANG_XX.wav,1008_IWL_ANG_XX.wav,1008,train,3,angry,3,angry,0.7556297779083252
data/cremad/audio/1008_IWL_DIS_XX.wav,1008_IWL_DIS_XX.wav,1008,train,5,disgust,5,disgust,0.6904035806655884
data/cremad/audio/1008_IWL_FEA_XX.wav,1008_IWL_FEA_XX.wav,1008,train,4,fearful,4,fearful,0.8631613850593567
data/cremad/audio/1008_IWL_HAP_XX.wav,1008_IWL_HAP_XX.wav,1008,train,1,happy,1,happy,0.9991245865821838
data/cremad/audio/1008_IWL_NEU_XX.wav,1008_IWL_NEU_XX.wav,1008,train,0,neutral,0,neutral,0.9371660351753235
data/cremad/audio/1008_IWL_SAD_XX.wav,1008_IWL_SAD_XX.wav,1008,train,2,sad,5,disgust,0.3631100654602051
data/cremad/audio/1008_IWW_ANG_XX.wav,1008_IWW_ANG_XX.wav,1008,train,3,angry,3,angry,0.8460692167282104
data/cremad/audio/1008_IWW_DIS_XX.wav,1008_IWW_DIS_XX.wav,1008,train,5,disgust,1,happy,0.6702185869216919
data/cremad/audio/1008_IWW_FEA_XX.wav,1008_IWW_FEA_XX.wav,1008,train,4,fearful,4,fearful,0.9055252075195312
data/cremad/audio/1008_IWW_HAP_XX.wav,1008_IWW_HAP_XX.wav,1008,train,1,happy,1,happy,0.8221190571784973
data/cremad/audio/1008_IWW_NEU_XX.wav,1008_IWW_NEU_XX.wav,1008,train,0,neutral,0,neutral,0.9837855100631714
data/cremad/audio/1008_IWW_SAD_XX.wav,1008_IWW_SAD_XX.wav,1008,train,2,sad,4,fearful,0.4094545245170593
data/cremad/audio/1008_MTI_ANG_XX.wav,1008_MTI_ANG_XX.wav,1008,train,3,angry,3,angry,0.8427885174751282
data/cremad/audio/1008_MTI_DIS_XX.wav,1008_MTI_DIS_XX.wav,1008,train,5,disgust,5,disgust,0.7924791574478149
data/cremad/audio/1008_MTI_FEA_XX.wav,1008_MTI_FEA_XX.wav,1008,train,4,fearful,4,fearful,0.9686493277549744
data/cremad/audio/1008_MTI_HAP_XX.wav,1008_MTI_HAP_XX.wav,1008,train,1,happy,1,happy,0.9164294004440308
data/cremad/audio/1008_MTI_NEU_XX.wav,1008_MTI_NEU_XX.wav,1008,train,0,neutral,0,neutral,0.987112820148468
data/cremad/audio/1008_MTI_SAD_XX.wav,1008_MTI_SAD_XX.wav,1008,train,2,sad,4,fearful,0.8703666925430298
data/cremad/audio/1008_TAI_ANG_XX.wav,1008_TAI_ANG_XX.wav,1008,train,3,angry,3,angry,0.9597267508506775
data/cremad/audio/1008_TAI_DIS_XX.wav,1008_TAI_DIS_XX.wav,1008,train,5,disgust,5,disgust,0.5403581857681274
data/cremad/audio/1008_TAI_FEA_XX.wav,1008_TAI_FEA_XX.wav,1008,train,4,fearful,4,fearful,0.6878647208213806
data/cremad/audio/1008_TAI_HAP_XX.wav,1008_TAI_HAP_XX.wav,1008,train,1,happy,1,happy,0.969414234161377
data/cremad/audio/1008_TAI_NEU_XX.wav,1008_TAI_NEU_XX.wav,1008,train,0,neutral,0,neutral,0.9912821054458618
data/cremad/audio/1008_TAI_SAD_XX.wav,1008_TAI_SAD_XX.wav,1008,train,2,sad,0,neutral,0.48074203729629517
data/cremad/audio/1008_TIE_ANG_XX.wav,1008_TIE_ANG_XX.wav,1008,train,3,angry,3,angry,0.950661301612854
data/cremad/audio/1008_TIE_DIS_XX.wav,1008_TIE_DIS_XX.wav,1008,train,5,disgust,5,disgust,0.5655354857444763
data/cremad/audio/1008_TIE_FEA_XX.wav,1008_TIE_FEA_XX.wav,1008,train,4,fearful,1,happy,0.3948776125907898
data/cremad/audio/1008_TIE_HAP_XX.wav,1008_TIE_HAP_XX.wav,1008,train,1,happy,1,happy,0.9767526984214783
data/cremad/audio/1008_TIE_NEU_XX.wav,1008_TIE_NEU_XX.wav,1008,train,0,neutral,0,neutral,0.9103865027427673
data/cremad/audio/1008_TIE_SAD_XX.wav,1008_TIE_SAD_XX.wav,1008,train,2,sad,0,neutral,0.4236239790916443
data/cremad/audio/1008_TSI_ANG_XX.wav,1008_TSI_ANG_XX.wav,1008,train,3,angry,3,angry,0.9690850973129272
data/cremad/audio/1008_TSI_DIS_XX.wav,1008_TSI_DIS_XX.wav,1008,train,5,disgust,5,disgust,0.9733578562736511
data/cremad/audio/1008_TSI_FEA_XX.wav,1008_TSI_FEA_XX.wav,1008,train,4,fearful,4,fearful,0.5174480080604553
data/cremad/audio/1008_TSI_HAP_XX.wav,1008_TSI_HAP_XX.wav,1008,train,1,happy,1,happy,0.970460057258606
data/cremad/audio/1008_TSI_NEU_XX.wav,1008_TSI_NEU_XX.wav,1008,train,0,neutral,0,neutral,0.7959671020507812
data/cremad/audio/1008_TSI_SAD_XX.wav,1008_TSI_SAD_XX.wav,1008,train,2,sad,4,fearful,0.5310807824134827
data/cremad/audio/1010_DFA_ANG_XX.wav,1010_DFA_ANG_XX.wav,1010,train,3,angry,3,angry,0.9680508375167847
data/cremad/audio/1010_DFA_DIS_XX.wav,1010_DFA_DIS_XX.wav,1010,train,5,disgust,5,disgust,0.49035516381263733
data/cremad/audio/1010_DFA_FEA_XX.wav,1010_DFA_FEA_XX.wav,1010,train,4,fearful,4,fearful,0.9780086278915405
data/cremad/audio/1010_DFA_HAP_XX.wav,1010_DFA_HAP_XX.wav,1010,train,1,happy,1,happy,0.8370450735092163
data/cremad/audio/1010_DFA_NEU_XX.wav,1010_DFA_NEU_XX.wav,1010,train,0,neutral,0,neutral,0.9824982285499573
data/cremad/audio/1010_DFA_SAD_XX.wav,1010_DFA_SAD_XX.wav,1010,train,2,sad,2,sad,0.7796255350112915
data/cremad/audio/1010_IEO_ANG_HI.wav,1010_IEO_ANG_HI.wav,1010,train,3,angry,3,angry,0.9919297695159912
data/cremad/audio/1010_IEO_ANG_LO.wav,1010_IEO_ANG_LO.wav,1010,train,3,angry,3,angry,0.9657487869262695
data/cremad/audio/1010_IEO_ANG_MD.wav,1010_IEO_ANG_MD.wav,1010,train,3,angry,3,angry,0.9961227774620056
data/cremad/audio/1010_IEO_DIS_HI.wav,1010_IEO_DIS_HI.wav,1010,train,5,disgust,5,disgust,0.6051859855651855
data/cremad/audio/1010_IEO_DIS_LO.wav,1010_IEO_DIS_LO.wav,1010,train,5,disgust,5,disgust,0.5544539093971252
data/cremad/audio/1010_IEO_DIS_MD.wav,1010_IEO_DIS_MD.wav,1010,train,5,disgust,5,disgust,0.8664945960044861
data/cremad/audio/1010_IEO_FEA_HI.wav,1010_IEO_FEA_HI.wav,1010,train,4,fearful,4,fearful,0.9215277433395386
data/cremad/audio/1010_IEO_FEA_LO.wav,1010_IEO_FEA_LO.wav,1010,train,4,fearful,5,disgust,0.3781970143318176
data/cremad/audio/1010_IEO_FEA_MD.wav,1010_IEO_FEA_MD.wav,1010,train,4,fearful,4,fearful,0.4887017607688904
data/cremad/audio/1010_IEO_HAP_HI.wav,1010_IEO_HAP_HI.wav,1010,train,1,happy,1,happy,0.629753053188324
data/cremad/audio/1010_IEO_HAP_LO.wav,1010_IEO_HAP_LO.wav,1010,train,1,happy,2,sad,0.6553645730018616
data/cremad/audio/1010_IEO_HAP_MD.wav,1010_IEO_HAP_MD.wav,1010,train,1,happy,1,happy,0.8948685526847839
data/cremad/audio/1010_IEO_NEU_XX.wav,1010_IEO_NEU_XX.wav,1010,train,0,neutral,0,neutral,0.8356192111968994
data/cremad/audio/1010_IEO_SAD_HI.wav,1010_IEO_SAD_HI.wav,1010,train,2,sad,5,disgust,0.44231951236724854
data/cremad/audio/1010_IEO_SAD_LO.wav,1010_IEO_SAD_LO.wav,1010,train,2,sad,2,sad,0.8627797365188599
data/cremad/audio/1010_IEO_SAD_MD.wav,1010_IEO_SAD_MD.wav,1010,train,2,sad,2,sad,0.7870876789093018
data/cremad/audio/1010_IOM_ANG_XX.wav,1010_IOM_ANG_XX.wav,1010,train,3,angry,3,angry,0.9778987169265747
data/cremad/audio/1010_IOM_DIS_XX.wav,1010_IOM_DIS_XX.wav,1010,train,5,disgust,0,neutral,0.8343288898468018
data/cremad/audio/1010_IOM_FEA_XX.wav,1010_IOM_FEA_XX.wav,1010,train,4,fearful,4,fearful,0.9263920783996582
data/cremad/audio/1010_IOM_HAP_XX.wav,1010_IOM_HAP_XX.wav,1010,train,1,happy,1,happy,0.9695649147033691
data/cremad/audio/1010_IOM_NEU_XX.wav,1010_IOM_NEU_XX.wav,1010,train,0,neutral,0,neutral,0.8779609799385071
data/cremad/audio/1010_IOM_SAD_XX.wav,1010_IOM_SAD_XX.wav,1010,train,2,sad,2,sad,0.9197730422019958
data/cremad/audio/1010_ITH_ANG_XX.wav,1010_ITH_ANG_XX.wav,1010,train,3,angry,3,angry,0.8648440837860107
data/cremad/audio/1010_ITH_DIS_XX.wav,1010_ITH_DIS_XX.wav,1010,train,5,disgust,5,disgust,0.65096515417099
data/cremad/audio/1010_ITH_FEA_XX.wav,1010_ITH_FEA_XX.wav,1010,train,4,fearful,4,fearful,0.6076884269714355
data/cremad/audio/1010_ITH_HAP_XX.wav,1010_ITH_HAP_XX.wav,1010,train,1,happy,1,happy,0.8861045241355896
data/cremad/audio/1010_ITH_NEU_XX.wav,1010_ITH_NEU_XX.wav,1010,train,0,neutral,0,neutral,0.9980906844139099
data/cremad/audio/1010_ITH_SAD_XX.wav,1010_ITH_SAD_XX.wav,1010,train,2,sad,2,sad,0.7633022665977478
data/cremad/audio/1010_ITS_ANG_XX.wav,1010_ITS_ANG_XX.wav,1010,train,3,angry,3,angry,0.9772705435752869
data/cremad/audio/1010_ITS_DIS_XX.wav,1010_ITS_DIS_XX.wav,1010,train,5,disgust,5,disgust,0.5916037559509277
data/cremad/audio/1010_ITS_FEA_XX.wav,1010_ITS_FEA_XX.wav,1010,train,4,fearful,4,fearful,0.6139428615570068
data/cremad/audio/1010_ITS_HAP_XX.wav,1010_ITS_HAP_XX.wav,1010,train,1,happy,1,happy,0.9985063672065735
data/cremad/audio/1010_ITS_NEU_XX.wav,1010_ITS_NEU_XX.wav,1010,train,0,neutral,0,neutral,0.8599756956100464
data/cremad/audio/1010_ITS_SAD_XX.wav,1010_ITS_SAD_XX.wav,1010,train,2,sad,2,sad,0.6070111989974976
data/cremad/audio/1010_IWL_ANG_XX.wav,1010_IWL_ANG_XX.wav,1010,train,3,angry,3,angry,0.9926277995109558
data/cremad/audio/1010_IWL_DIS_XX.wav,1010_IWL_DIS_XX.wav,1010,train,5,disgust,5,disgust,0.5727019309997559
data/cremad/audio/1010_IWL_FEA_XX.wav,1010_IWL_FEA_XX.wav,1010,train,4,fearful,4,fearful,0.613456130027771
data/cremad/audio/1010_IWL_HAP_XX.wav,1010_IWL_HAP_XX.wav,1010,train,1,happy,1,happy,0.923408567905426
data/cremad/audio/1010_IWL_NEU_XX.wav,1010_IWL_NEU_XX.wav,1010,train,0,neutral,0,neutral,0.9435551166534424
data/cremad/audio/1010_IWL_SAD_XX.wav,1010_IWL_SAD_XX.wav,1010,train,2,sad,2,sad,0.6326482892036438
data/cremad/audio/1010_IWW_ANG_XX.wav,1010_IWW_ANG_XX.wav,1010,train,3,angry,3,angry,0.9879903197288513
data/cremad/audio/1010_IWW_DIS_XX.wav,1010_IWW_DIS_XX.wav,1010,train,5,disgust,2,sad,0.4525521397590637
data/cremad/audio/1010_IWW_FEA_XX.wav,1010_IWW_FEA_XX.wav,1010,train,4,fearful,4,fearful,0.7628881335258484
data/cremad/audio/1010_IWW_HAP_XX.wav,1010_IWW_HAP_XX.wav,1010,train,1,happy,1,happy,0.8341099619865417
data/cremad/audio/1010_IWW_NEU_XX.wav,1010_IWW_NEU_XX.wav,1010,train,0,neutral,2,sad,0.7937624454498291
data/cremad/audio/1010_IWW_SAD_XX.wav,1010_IWW_SAD_XX.wav,1010,train,2,sad,2,sad,0.7514486908912659
data/cremad/audio/1010_MTI_ANG_XX.wav,1010_MTI_ANG_XX.wav,1010,train,3,angry,3,angry,0.9892983436584473
data/cremad/audio/1010_MTI_DIS_XX.wav,1010_MTI_DIS_XX.wav,1010,train,5,disgust,5,disgust,0.5047686100006104
data/cremad/audio/1010_MTI_FEA_XX.wav,1010_MTI_FEA_XX.wav,1010,train,4,fearful,4,fearful,0.7460102438926697
data/cremad/audio/1010_MTI_HAP_XX.wav,1010_MTI_HAP_XX.wav,1010,train,1,happy,1,happy,0.9768873453140259
data/cremad/audio/1010_MTI_NEU_XX.wav,1010_MTI_NEU_XX.wav,1010,train,0,neutral,0,neutral,0.9797680974006653
data/cremad/audio/1010_MTI_SAD_XX.wav,1010_MTI_SAD_XX.wav,1010,train,2,sad,2,sad,0.686322033405304
data/cremad/audio/1010_TAI_ANG_XX.wav,1010_TAI_ANG_XX.wav,1010,train,3,angry,3,angry,0.9962678551673889
data/cremad/audio/1010_TAI_DIS_XX.wav,1010_TAI_DIS_XX.wav,1010,train,5,disgust,2,sad,0.3576987385749817
data/cremad/audio/1010_TAI_FEA_XX.wav,1010_TAI_FEA_XX.wav,1010,train,4,fearful,1,happy,0.57370924949646
data/cremad/audio/1010_TAI_HAP_XX.wav,1010_TAI_HAP_XX.wav,1010,train,1,happy,1,happy,0.9851675629615784
data/cremad/audio/1010_TAI_NEU_XX.wav,1010_TAI_NEU_XX.wav,1010,train,0,neutral,0,neutral,0.9180476665496826
data/cremad/audio/1010_TAI_SAD_XX.wav,1010_TAI_SAD_XX.wav,1010,train,2,sad,0,neutral,0.5282511711120605
data/cremad/audio/1010_TIE_ANG_XX.wav,1010_TIE_ANG_XX.wav,1010,train,3,angry,3,angry,0.9329449534416199
data/cremad/audio/1010_TIE_DIS_XX.wav,1010_TIE_DIS_XX.wav,1010,train,5,disgust,5,disgust,0.6216553449630737
data/cremad/audio/1010_TIE_FEA_XX.wav,1010_TIE_FEA_XX.wav,1010,train,4,fearful,4,fearful,0.8443271517753601
data/cremad/audio/1010_TIE_HAP_XX.wav,1010_TIE_HAP_XX.wav,1010,train,1,happy,1,happy,0.9019372463226318
data/cremad/audio/1010_TIE_NEU_XX.wav,1010_TIE_NEU_XX.wav,1010,train,0,neutral,0,neutral,0.6474804878234863
data/cremad/audio/1010_TIE_SAD_XX.wav,1010_TIE_SAD_XX.wav,1010,train,2,sad,2,sad,0.7021546363830566
data/cremad/audio/1010_TSI_ANG_XX.wav,1010_TSI_ANG_XX.wav,1010,train,3,angry,3,angry,0.9385285973548889
data/cremad/audio/1010_TSI_DIS_XX.wav,1010_TSI_DIS_XX.wav,1010,train,5,disgust,5,disgust,0.9835417866706848
data/cremad/audio/1010_TSI_FEA_XX.wav,1010_TSI_FEA_XX.wav,1010,train,4,fearful,1,happy,0.5671063661575317
data/cremad/audio/1010_TSI_HAP_XX.wav,1010_TSI_HAP_XX.wav,1010,train,1,happy,1,happy,0.9713426232337952
data/cremad/audio/1010_TSI_NEU_XX.wav,1010_TSI_NEU_XX.wav,1010,train,0,neutral,0,neutral,0.9698020219802856
data/cremad/audio/1010_TSI_SAD_XX.wav,1010_TSI_SAD_XX.wav,1010,train,2,sad,2,sad,0.6303845047950745
data/cremad/audio/1010_WSI_ANG_XX.wav,1010_WSI_ANG_XX.wav,1010,train,3,angry,3,angry,0.9759373664855957
data/cremad/audio/1010_WSI_DIS_XX.wav,1010_WSI_DIS_XX.wav,1010,train,5,disgust,2,sad,0.5215184688568115
data/cremad/audio/1010_WSI_FEA_XX.wav,1010_WSI_FEA_XX.wav,1010,train,4,fearful,4,fearful,0.9363507628440857
data/cremad/audio/1010_WSI_HAP_XX.wav,1010_WSI_HAP_XX.wav,1010,train,1,happy,1,happy,0.8485943675041199
data/cremad/audio/1010_WSI_NEU_XX.wav,1010_WSI_NEU_XX.wav,1010,train,0,neutral,0,neutral,0.9051576256752014
data/cremad/audio/1010_WSI_SAD_XX.wav,1010_WSI_SAD_XX.wav,1010,train,2,sad,2,sad,0.8269060254096985
data/cremad/audio/1011_DFA_ANG_XX.wav,1011_DFA_ANG_XX.wav,1011,train,3,angry,3,angry,0.9041327834129333
data/cremad/audio/1011_DFA_DIS_XX.wav,1011_DFA_DIS_XX.wav,1011,train,5,disgust,5,disgust,0.7611984610557556
data/cremad/audio/1011_DFA_FEA_XX.wav,1011_DFA_FEA_XX.wav,1011,train,4,fearful,4,fearful,0.8324512839317322
data/cremad/audio/1011_DFA_HAP_XX.wav,1011_DFA_HAP_XX.wav,1011,train,1,happy,0,neutral,0.5300338864326477
data/cremad/audio/1011_DFA_NEU_XX.wav,1011_DFA_NEU_XX.wav,1011,train,0,neutral,0,neutral,0.9357572197914124
data/cremad/audio/1011_DFA_SAD_XX.wav,1011_DFA_SAD_XX.wav,1011,train,2,sad,2,sad,0.8903018236160278
data/cremad/audio/1011_IEO_ANG_HI.wav,1011_IEO_ANG_HI.wav,1011,train,3,angry,3,angry,0.9704394936561584
data/cremad/audio/1011_IEO_ANG_LO.wav,1011_IEO_ANG_LO.wav,1011,train,3,angry,3,angry,0.7695693969726562
data/cremad/audio/1011_IEO_ANG_MD.wav,1011_IEO_ANG_MD.wav,1011,train,3,angry,3,angry,0.958124577999115
data/cremad/audio/1011_IEO_DIS_HI.wav,1011_IEO_DIS_HI.wav,1011,train,5,disgust,5,disgust,0.6535749435424805
data/cremad/audio/1011_IEO_DIS_LO.wav,1011_IEO_DIS_LO.wav,1011,train,5,disgust,5,disgust,0.8905664682388306
data/cremad/audio/1011_IEO_DIS_MD.wav,1011_IEO_DIS_MD.wav,1011,train,5,disgust,5,disgust,0.896216094493866
data/cremad/audio/1011_IEO_FEA_HI.wav,1011_IEO_FEA_HI.wav,1011,train,4,fearful,4,fearful,0.7559159398078918
data/cremad/audio/1011_IEO_FEA_LO.wav,1011_IEO_FEA_LO.wav,1011,train,4,fearful,4,fearful,0.5048997402191162
data/cremad/audio/1011_IEO_FEA_MD.wav,1011_IEO_FEA_MD.wav,1011,train,4,fearful,2,sad,0.37754160165786743
data/cremad/audio/1011_IEO_HAP_HI.wav,1011_IEO_HAP_HI.wav,1011,train,1,happy,1,happy,0.9623918533325195
data/cremad/audio/1011_IEO_HAP_LO.wav,1011_IEO_HAP_LO.wav,1011,train,1,happy,1,happy,0.4797985553741455
data/cremad/audio/1011_IEO_HAP_MD.wav,1011_IEO_HAP_MD.wav,1011,train,1,happy,1,happy,0.9612555503845215
data/cremad/audio/1011_IEO_NEU_XX.wav,1011_IEO_NEU_XX.wav,1011,train,0,neutral,0,neutral,0.6827839016914368
data/cremad/audio/1011_IEO_SAD_HI.wav,1011_IEO_SAD_HI.wav,1011,train,2,sad,5,disgust,0.696670651435852
data/cremad/audio/1011_IEO_SAD_LO.wav,1011_IEO_SAD_LO.wav,1011,train,2,sad,5,disgust,0.5028213262557983
data/cremad/audio/1011_IEO_SAD_MD.wav,1011_IEO_SAD_MD.wav,1011,train,2,sad,2,sad,0.5841552019119263
data/cremad/audio/1011_IOM_ANG_XX.wav,1011_IOM_ANG_XX.wav,1011,train,3,angry,3,angry,0.9633188843727112
data/cremad/audio/1011_IOM_DIS_XX.wav,1011_IOM_DIS_XX.wav,1011,train,5,disgust,5,disgust,0.8719563484191895
data/cremad/audio/1011_IOM_FEA_XX.wav,1011_IOM_FEA_XX.wav,1011,train,4,fearful,4,fearful,0.5293510556221008
data/cremad/audio/1011_IOM_HAP_XX.wav,1011_IOM_HAP_XX.wav,1011,train,1,happy,1,happy,0.42542463541030884
data/cremad/audio/1011_IOM_NEU_XX.wav,1011_IOM_NEU_XX.wav,1011,train,0,neutral,0,neutral,0.9686211943626404
data/cremad/audio/1011_IOM_SAD_XX.wav,1011_IOM_SAD_XX.wav,1011,train,2,sad,2,sad,0.8373430371284485
data/cremad/audio/1011_ITH_ANG_XX.wav,1011_ITH_ANG_XX.wav,1011,train,3,angry,3,angry,0.9767419099807739
data/cremad/audio/1011_ITH_DIS_XX.wav,1011_ITH_DIS_XX.wav,1011,train,5,disgust,2,sad,0.4050024449825287
data/cremad/audio/1011_ITH_FEA_XX.wav,1011_ITH_FEA_XX.wav,1011,train,4,fearful,4,fearful,0.9789326786994934
data/cremad/audio/1011_ITH_HAP_XX.wav,1011_ITH_HAP_XX.wav,1011,train,1,happy,0,neutral,0.5544924139976501
data/cremad/audio/1011_ITH_NEU_XX.wav,1011_ITH_NEU_XX.wav,1011,train,0,neutral,0,neutral,0.9571962952613831
data/cremad/audio/1011_ITH_SAD_XX.wav,1011_ITH_SAD_XX.wav,1011,train,2,sad,2,sad,0.7573654055595398
data/cremad/audio/1011_ITS_ANG_XX.wav,1011_ITS_ANG_XX.wav,1011,train,3,angry,3,angry,0.6743237972259521
data/cremad/audio/1011_ITS_DIS_XX.wav,1011_ITS_DIS_XX.wav,1011,train,5,disgust,5,disgust,0.9684801697731018
data/cremad/audio/1011_ITS_FEA_XX.wav,1011_ITS_FEA_XX.wav,1011,train,4,fearful,4,fearful,0.9469045996665955
data/cremad/audio/1011_ITS_HAP_XX.wav,1011_ITS_HAP_XX.wav,1011,train,1,happy,1,happy,0.6866994500160217
data/cremad/audio/1011_ITS_NEU_XX.wav,1011_ITS_NEU_XX.wav,1011,train,0,neutral,0,neutral,0.9849032163619995
data/cremad/audio/1011_ITS_SAD_XX.wav,1011_ITS_SAD_XX.wav,1011,train,2,sad,2,sad,0.8693119287490845
data/cremad/audio/1011_IWL_ANG_XX.wav,1011_IWL_ANG_XX.wav,1011,train,3,angry,3,angry,0.9946073889732361
data/cremad/audio/1011_IWL_DIS_XX.wav,1011_IWL_DIS_XX.wav,1011,train,5,disgust,5,disgust,0.6848359107971191
data/cremad/audio/1011_IWL_FEA_XX.wav,1011_IWL_FEA_XX.wav,1011,train,4,fearful,4,fearful,0.9679728746414185
data/cremad/audio/1011_IWL_HAP_XX.wav,1011_IWL_HAP_XX.wav,1011,train,1,happy,1,happy,0.5362016558647156
data/cremad/audio/1011_IWL_NEU_XX.wav,1011_IWL_NEU_XX.wav,1011,train,0,neutral,0,neutral,0.9799812436103821
data/cremad/audio/1011_IWL_SAD_XX.wav,1011_IWL_SAD_XX.wav,1011,train,2,sad,2,sad,0.880321741104126
data/cremad/audio/1011_IWW_ANG_XX.wav,1011_IWW_ANG_XX.wav,1011,train,3,angry,3,angry,0.6788814663887024
data/cremad/audio/1011_IWW_DIS_XX.wav,1011_IWW_DIS_XX.wav,1011,train,5,disgust,5,disgust,0.7829885482788086
data/cremad/audio/1011_IWW_FEA_XX.wav,1011_IWW_FEA_XX.wav,1011,train,4,fearful,4,fearful,0.942628026008606
data/cremad/audio/1011_IWW_HAP_XX.wav,1011_IWW_HAP_XX.wav,1011,train,1,happy,0,neutral,0.5039721727371216
data/cremad/audio/1011_IWW_NEU_XX.wav,1011_IWW_NEU_XX.wav,1011,train,0,neutral,0,neutral,0.9527076482772827
data/cremad/audio/1011_IWW_SAD_XX.wav,1011_IWW_SAD_XX.wav,1011,train,2,sad,2,sad,0.7685202956199646
data/cremad/audio/1011_MTI_ANG_XX.wav,1011_MTI_ANG_XX.wav,1011,train,3,angry,3,angry,0.9971004128456116
data/cremad/audio/1011_MTI_DIS_XX.wav,1011_MTI_DIS_XX.wav,1011,train,5,disgust,5,disgust,0.4795650839805603
data/cremad/audio/1011_MTI_FEA_XX.wav,1011_MTI_FEA_XX.wav,1011,train,4,fearful,4,fearful,0.6794986724853516
data/cremad/audio/1011_MTI_HAP_XX.wav,1011_MTI_HAP_XX.wav,1011,train,1,happy,2,sad,0.44422635436058044
data/cremad/audio/1011_MTI_NEU_XX.wav,1011_MTI_NEU_XX.wav,1011,train,0,neutral,0,neutral,0.969851016998291
data/cremad/audio/1011_MTI_SAD_XX.wav,1011_MTI_SAD_XX.wav,1011,train,2,sad,2,sad,0.797793447971344
data/cremad/audio/1011_TAI_ANG_XX.wav,1011_TAI_ANG_XX.wav,1011,train,3,angry,3,angry,0.997914731502533
data/cremad/audio/1011_TAI_DIS_XX.wav,1011_TAI_DIS_XX.wav,1011,train,5,disgust,4,fearful,0.5108770728111267
data/cremad/audio/1011_TAI_FEA_XX.wav,1011_TAI_FEA_XX.wav,1011,train,4,fearful,4,fearful,0.9601227641105652
data/cremad/audio/1011_TAI_HAP_XX.wav,1011_TAI_HAP_XX.wav,1011,train,1,happy,1,happy,0.9253703355789185
data/cremad/audio/1011_TAI_NEU_XX.wav,1011_TAI_NEU_XX.wav,1011,train,0,neutral,0,neutral,0.9793541431427002
data/cremad/audio/1011_TAI_SAD_XX.wav,1011_TAI_SAD_XX.wav,1011,train,2,sad,2,sad,0.7966566681861877
data/cremad/audio/1011_TIE_ANG_XX.wav,1011_TIE_ANG_XX.wav,1011,train,3,angry,3,angry,0.6725196838378906
data/cremad/audio/1011_TIE_DIS_XX.wav,1011_TIE_DIS_XX.wav,1011,train,5,disgust,5,disgust,0.7310730814933777
data/cremad/audio/1011_TIE_FEA_XX.wav,1011_TIE_FEA_XX.wav,1011,train,4,fearful,4,fearful,0.7643158435821533
data/cremad/audio/1011_TIE_HAP_XX.wav,1011_TIE_HAP_XX.wav,1011,train,1,happy,0,neutral,0.5230084657669067
data/cremad/audio/1011_TIE_NEU_XX.wav,1011_TIE_NEU_XX.wav,1011,train,0,neutral,0,neutral,0.8950777649879456
data/cremad/audio/1011_TIE_SAD_XX.wav,1011_TIE_SAD_XX.wav,1011,train,2,sad,2,sad,0.6345565319061279
data/cremad/audio/1011_TSI_ANG_XX.wav,1011_TSI_ANG_XX.wav,1011,train,3,angry,3,angry,0.953187108039856
data/cremad/audio/1011_TSI_DIS_XX.wav,1011_TSI_DIS_XX.wav,1011,train,5,disgust,5,disgust,0.8598135113716125
data/cremad/audio/1011_TSI_FEA_XX.wav,1011_TSI_FEA_XX.wav,1011,train,4,fearful,4,fearful,0.9908462166786194
data/cremad/audio/1011_TSI_HAP_XX.wav,1011_TSI_HAP_XX.wav,1011,train,1,happy,1,happy,0.9015151262283325
data/cremad/audio/1011_TSI_NEU_XX.wav,1011_TSI_NEU_XX.wav,1011,train,0,neutral,0,neutral,0.9889355301856995
data/cremad/audio/1011_TSI_SAD_XX.wav,1011_TSI_SAD_XX.wav,1011,train,2,sad,2,sad,0.9276866316795349
data/cremad/audio/1011_WSI_ANG_XX.wav,1011_WSI_ANG_XX.wav,1011,train,3,angry,3,angry,0.9198508858680725
data/cremad/audio/1011_WSI_DIS_XX.wav,1011_WSI_DIS_XX.wav,1011,train,5,disgust,5,disgust,0.5131791234016418
data/cremad/audio/1011_WSI_FEA_XX.wav,1011_WSI_FEA_XX.wav,1011,train,4,fearful,4,fearful,0.7638095021247864
data/cremad/audio/1011_WSI_HAP_XX.wav,1011_WSI_HAP_XX.wav,1011,train,1,happy,1,happy,0.8888757228851318
data/cremad/audio/1011_WSI_NEU_XX.wav,1011_WSI_NEU_XX.wav,1011,train,0,neutral,0,neutral,0.9690999984741211
data/cremad/audio/1011_WSI_SAD_XX.wav,1011_WSI_SAD_XX.wav,1011,train,2,sad,2,sad,0.690125584602356
data/cremad/audio/1016_DFA_ANG_XX.wav,1016_DFA_ANG_XX.wav,1016,train,3,angry,3,angry,0.9911741614341736
data/cremad/audio/1016_DFA_DIS_XX.wav,1016_DFA_DIS_XX.wav,1016,train,5,disgust,4,fearful,0.533455491065979
data/cremad/audio/1016_DFA_FEA_XX.wav,1016_DFA_FEA_XX.wav,1016,train,4,fearful,4,fearful,0.9569531083106995
data/cremad/audio/1016_DFA_HAP_XX.wav,1016_DFA_HAP_XX.wav,1016,train,1,happy,1,happy,0.9071906805038452
data/cremad/audio/1016_DFA_NEU_XX.wav,1016_DFA_NEU_XX.wav,1016,train,0,neutral,0,neutral,0.9042868614196777
data/cremad/audio/1016_DFA_SAD_XX.wav,1016_DFA_SAD_XX.wav,1016,train,2,sad,5,disgust,0.5841435790061951
data/cremad/audio/1016_IEO_ANG_HI.wav,1016_IEO_ANG_HI.wav,1016,train,3,angry,3,angry,0.9869545102119446
data/cremad/audio/1016_IEO_ANG_LO.wav,1016_IEO_ANG_LO.wav,1016,train,3,angry,3,angry,0.7244734168052673
data/cremad/audio/1016_IEO_ANG_MD.wav,1016_IEO_ANG_MD.wav,1016,train,3,angry,3,angry,0.8345822095870972
data/cremad/audio/1016_IEO_DIS_HI.wav,1016_IEO_DIS_HI.wav,1016,train,5,disgust,5,disgust,0.730950653553009
data/cremad/audio/1016_IEO_DIS_LO.wav,1016_IEO_DIS_LO.wav,1016,train,5,disgust,5,disgust,0.7078701257705688
data/cremad/audio/1016_IEO_DIS_MD.wav,1016_IEO_DIS_MD.wav,1016,train,5,disgust,5,disgust,0.8631925582885742
data/cremad/audio/1016_IEO_FEA_HI.wav,1016_IEO_FEA_HI.wav,1016,train,4,fearful,4,fearful,0.9877743124961853
data/cremad/audio/1016_IEO_FEA_LO.wav,1016_IEO_FEA_LO.wav,1016,train,4,fearful,2,sad,0.7520397901535034
data/cremad/audio/1016_IEO_FEA_MD.wav,1016_IEO_FEA_MD.wav,1016,train,4,fearful,4,fearful,0.36609286069869995
data/cremad/audio/1016_IEO_HAP_HI.wav,1016_IEO_HAP_HI.wav,1016,train,1,happy,1,happy,0.7240335941314697
data/cremad/audio/1016_IEO_HAP_LO.wav,1016_IEO_HAP_LO.wav,1016,train,1,happy,1,happy,0.45050129294395447
data/cremad/audio/1016_IEO_HAP_MD.wav,1016_IEO_HAP_MD.wav,1016,train,1,happy,1,happy,0.9677495360374451
data/cremad/audio/1016_IEO_NEU_XX.wav,1016_IEO_NEU_XX.wav,1016,train,0,neutral,0,neutral,0.9567559957504272
data/cremad/audio/1016_IEO_SAD_HI.wav,1016_IEO_SAD_HI.wav,1016,train,2,sad,2,sad,0.7419145703315735
data/cremad/audio/1016_IEO_SAD_LO.wav,1016_IEO_SAD_LO.wav,1016,train,2,sad,2,sad,0.7459057569503784
data/cremad/audio/1016_IEO_SAD_MD.wav,1016_IEO_SAD_MD.wav,1016,train,2,sad,2,sad,0.726218044757843
data/cremad/audio/1016_IOM_ANG_XX.wav,1016_IOM_ANG_XX.wav,1016,train,3,angry,3,angry,0.7624920606613159
data/cremad/audio/1016_IOM_DIS_XX.wav,1016_IOM_DIS_XX.wav,1016,train,5,disgust,5,disgust,0.8881538510322571
data/cremad/audio/1016_IOM_FEA_XX.wav,1016_IOM_FEA_XX.wav,1016,train,4,fearful,1,happy,0.7373706102371216
data/cremad/audio/1016_IOM_HAP_XX.wav,1016_IOM_HAP_XX.wav,1016,train,1,happy,1,happy,0.9460939168930054
data/cremad/audio/1016_IOM_NEU_XX.wav,1016_IOM_NEU_XX.wav,1016,train,0,neutral,0,neutral,0.9891343712806702
data/cremad/audio/1016_IOM_SAD_XX.wav,1016_IOM_SAD_XX.wav,1016,train,2,sad,2,sad,0.863615095615387
data/cremad/audio/1016_ITH_ANG_XX.wav,1016_ITH_ANG_XX.wav,1016,train,3,angry,3,angry,0.5149227976799011
data/cremad/audio/1016_ITH_DIS_XX.wav,1016_ITH_DIS_XX.wav,1016,train,5,disgust,5,disgust,0.9804312586784363
data/cremad/audio/1016_ITH_FEA_XX.wav,1016_ITH_FEA_XX.wav,1016,train,4,fearful,1,happy,0.8665819764137268
data/cremad/audio/1016_ITH_HAP_XX.wav,1016_ITH_HAP_XX.wav,1016,train,1,happy,1,happy,0.8194395899772644
data/cremad/audio/1016_ITH_NEU_XX.wav,1016_ITH_NEU_XX.wav,1016,train,0,neutral,0,neutral,0.6507429480552673
data/cremad/audio/1016_ITH_SAD_XX.wav,1016_ITH_SAD_XX.wav,1016,train,2,sad,4,fearful,0.5525655150413513
data/cremad/audio/1016_ITS_ANG_XX.wav,1016_ITS_ANG_XX.wav,1016,train,3,angry,3,angry,0.9986103773117065
data/cremad/audio/1016_ITS_DIS_XX.wav,1016_ITS_DIS_XX.wav,1016,train,5,disgust,5,disgust,0.9691545367240906
data/cremad/audio/1016_ITS_FEA_XX.wav,1016_ITS_FEA_XX.wav,1016,train,4,fearful,4,fearful,0.7937530279159546
data/cremad/audio/1016_ITS_HAP_XX.wav,1016_ITS_HAP_XX.wav,1016,train,1,happy,1,happy,0.9421794414520264
data/cremad/audio/1016_ITS_NEU_XX.wav,1016_ITS_NEU_XX.wav,1016,train,0,neutral,0,neutral,0.9795891642570496
data/cremad/audio/1016_ITS_SAD_XX.wav,1016_ITS_SAD_XX.wav,1016,train,2,sad,2,sad,0.5917264819145203
data/cremad/audio/1016_IWL_ANG_XX.wav,1016_IWL_ANG_XX.wav,1016,train,3,angry,3,angry,0.9968786239624023
data/cremad/audio/1016_IWL_DIS_XX.wav,1016_IWL_DIS_XX.wav,1016,train,5,disgust,5,disgust,0.6913937926292419
data/cremad/audio/1016_IWL_FEA_XX.wav,1016_IWL_FEA_XX.wav,1016,train,4,fearful,4,fearful,0.8758886456489563
data/cremad/audio/1016_IWL_HAP_XX.wav,1016_IWL_HAP_XX.wav,1016,train,1,happy,1,happy,0.3843368589878082
data/cremad/audio/1016_IWL_NEU_XX.wav,1016_IWL_NEU_XX.wav,1016,train,0,neutral,0,neutral,0.9745974540710449
data/cremad/audio/1016_IWL_SAD_XX.wav,1016_IWL_SAD_XX.wav,1016,train,2,sad,1,happy,0.4788464307785034
data/cremad/audio/1016_IWW_ANG_XX.wav,1016_IWW_ANG_XX.wav,1016,train,3,angry,3,angry,0.4930908679962158
data/cremad/audio/1016_IWW_DIS_XX.wav,1016_IWW_DIS_XX.wav,1016,train,5,disgust,5,disgust,0.8953571319580078
data/cremad/audio/1016_IWW_FEA_XX.wav,1016_IWW_FEA_XX.wav,1016,train,4,fearful,4,fearful,0.7813062071800232
data/cremad/audio/1016_IWW_HAP_XX.wav,1016_IWW_HAP_XX.wav,1016,train,1,happy,1,happy,0.9653311371803284
data/cremad/audio/1016_IWW_NEU_XX.wav,1016_IWW_NEU_XX.wav,1016,train,0,neutral,0,neutral,0.9597967267036438
data/cremad/audio/1016_IWW_SAD_XX.wav,1016_IWW_SAD_XX.wav,1016,train,2,sad,2,sad,0.6619856357574463
data/cremad/audio/1016_MTI_ANG_XX.wav,1016_MTI_ANG_XX.wav,1016,train,3,angry,3,angry,0.9911965131759644
data/cremad/audio/1016_MTI_DIS_XX.wav,1016_MTI_DIS_XX.wav,1016,train,5,disgust,5,disgust,0.7425165772438049
data/cremad/audio/1016_MTI_FEA_XX.wav,1016_MTI_FEA_XX.wav,1016,train,4,fearful,1,happy,0.5247065424919128
data/cremad/audio/1016_MTI_HAP_XX.wav,1016_MTI_HAP_XX.wav,1016,train,1,happy,5,disgust,0.7176191210746765
data/cremad/audio/1016_MTI_NEU_XX.wav,1016_MTI_NEU_XX.wav,1016,train,0,neutral,0,neutral,0.7694268226623535
data/cremad/audio/1016_MTI_SAD_XX.wav,1016_MTI_SAD_XX.wav,1016,train,2,sad,4,fearful,0.4068693518638611
data/cremad/audio/1016_TAI_ANG_XX.wav,1016_TAI_ANG_XX.wav,1016,train,3,angry,3,angry,0.9508227705955505
data/cremad/audio/1016_TAI_DIS_XX.wav,1016_TAI_DIS_XX.wav,1016,train,5,disgust,5,disgust,0.8118920922279358
data/cremad/audio/1016_TAI_FEA_XX.wav,1016_TAI_FEA_XX.wav,1016,train,4,fearful,4,fearful,0.8058192133903503
data/cremad/audio/1016_TAI_HAP_XX.wav,1016_TAI_HAP_XX.wav,1016,train,1,happy,1,happy,0.8925753831863403
data/cremad/audio/1016_TAI_NEU_XX.wav,1016_TAI_NEU_XX.wav,1016,train,0,neutral,0,neutral,0.7135990262031555
data/cremad/audio/1016_TAI_SAD_XX.wav,1016_TAI_SAD_XX.wav,1016,train,2,sad,2,sad,0.40217506885528564
data/cremad/audio/1016_TIE_ANG_XX.wav,1016_TIE_ANG_XX.wav,1016,train,3,angry,3,angry,0.9059202671051025
data/cremad/audio/1016_TIE_DIS_XX.wav,1016_TIE_DIS_XX.wav,1016,train,5,disgust,5,disgust,0.9103265404701233
data/cremad/audio/1016_TIE_FEA_XX.wav,1016_TIE_FEA_XX.wav,1016,train,4,fearful,1,happy,0.6837880611419678
data/cremad/audio/1016_TIE_HAP_XX.wav,1016_TIE_HAP_XX.wav,1016,train,1,happy,1,happy,0.8332209587097168
data/cremad/audio/1016_TIE_NEU_XX.wav,1016_TIE_NEU_XX.wav,1016,train,0,neutral,0,neutral,0.9876909255981445
data/cremad/audio/1016_TIE_SAD_XX.wav,1016_TIE_SAD_XX.wav,1016,train,2,sad,2,sad,0.7399256229400635
data/cremad/audio/1016_TSI_ANG_XX.wav,1016_TSI_ANG_XX.wav,1016,train,3,angry,3,angry,0.9753844738006592
data/cremad/audio/1016_TSI_DIS_XX.wav,1016_TSI_DIS_XX.wav,1016,train,5,disgust,5,disgust,0.9757260084152222
data/cremad/audio/1016_TSI_FEA_XX.wav,1016_TSI_FEA_XX.wav,1016,train,4,fearful,4,fearful,0.9113300442695618
data/cremad/audio/1016_TSI_HAP_XX.wav,1016_TSI_HAP_XX.wav,1016,train,1,happy,5,disgust,0.7303271889686584
data/cremad/audio/1016_TSI_NEU_XX.wav,1016_TSI_NEU_XX.wav,1016,train,0,neutral,0,neutral,0.8997318744659424
data/cremad/audio/1016_TSI_SAD_XX.wav,1016_TSI_SAD_XX.wav,1016,train,2,sad,5,disgust,0.6900398135185242
data/cremad/audio/1016_WSI_ANG_XX.wav,1016_WSI_ANG_XX.wav,1016,train,3,angry,3,angry,0.991594135761261
data/cremad/audio/1016_WSI_DIS_XX.wav,1016_WSI_DIS_XX.wav,1016,train,5,disgust,5,disgust,0.8212526440620422
data/cremad/audio/1016_WSI_FEA_XX.wav,1016_WSI_FEA_XX.wav,1016,train,4,fearful,4,fearful,0.7991527318954468
data/cremad/audio/1016_WSI_HAP_XX.wav,1016_WSI_HAP_XX.wav,1016,train,1,happy,1,happy,0.8951379656791687
data/cremad/audio/1016_WSI_NEU_XX.wav,1016_WSI_NEU_XX.wav,1016,train,0,neutral,0,neutral,0.7826274037361145
data/cremad/audio/1016_WSI_SAD_XX.wav,1016_WSI_SAD_XX.wav,1016,train,2,sad,2,sad,0.4891757667064667
data/cremad/audio/1017_DFA_ANG_XX.wav,1017_DFA_ANG_XX.wav,1017,train,3,angry,5,disgust,0.6664390563964844
data/cremad/audio/1017_DFA_DIS_XX.wav,1017_DFA_DIS_XX.wav,1017,train,5,disgust,5,disgust,0.5230798721313477
data/cremad/audio/1017_DFA_FEA_XX.wav,1017_DFA_FEA_XX.wav,1017,train,4,fearful,2,sad,0.8537909388542175
data/cremad/audio/1017_DFA_HAP_XX.wav,1017_DFA_HAP_XX.wav,1017,train,1,happy,1,happy,0.9525488615036011
data/cremad/audio/1017_DFA_NEU_XX.wav,1017_DFA_NEU_XX.wav,1017,train,0,neutral,0,neutral,0.9931017160415649
data/cremad/audio/1017_DFA_SAD_XX.wav,1017_DFA_SAD_XX.wav,1017,train,2,sad,2,sad,0.8858899474143982
data/cremad/audio/1017_IEO_ANG_HI.wav,1017_IEO_ANG_HI.wav,1017,train,3,angry,3,angry,0.9978910088539124
data/cremad/audio/1017_IEO_ANG_LO.wav,1017_IEO_ANG_LO.wav,1017,train,3,angry,3,angry,0.939007043838501
data/cremad/audio/1017_IEO_ANG_MD.wav,1017_IEO_ANG_MD.wav,1017,train,3,angry,3,angry,0.39252373576164246
data/cremad/audio/1017_IEO_DIS_HI.wav,1017_IEO_DIS_HI.wav,1017,train,5,disgust,5,disgust,0.8061491847038269
data/cremad/audio/1017_IEO_DIS_LO.wav,1017_IEO_DIS_LO.wav,1017,train,5,disgust,5,disgust,0.8122442364692688
data/cremad/audio/1017_IEO_DIS_MD.wav,1017_IEO_DIS_MD.wav,1017,train,5,disgust,5,disgust,0.666492223739624
data/cremad/audio/1017_IEO_FEA_HI.wav,1017_IEO_FEA_HI.wav,1017,train,4,fearful,4,fearful,0.8873330354690552
data/cremad/audio/1017_IEO_FEA_LO.wav,1017_IEO_FEA_LO.wav,1017,train,4,fearful,2,sad,0.7006519436836243
data/cremad/audio/1017_IEO_FEA_MD.wav,1017_IEO_FEA_MD.wav,1017,train,4,fearful,2,sad,0.7410226464271545
data/cremad/audio/1017_IEO_HAP_HI.wav,1017_IEO_HAP_HI.wav,1017,train,1,happy,1,happy,0.9500709772109985
data/cremad/audio/1017_IEO_HAP_LO.wav,1017_IEO_HAP_LO.wav,1017,train,1,happy,1,happy,0.9796258807182312
data/cremad/audio/1017_IEO_HAP_MD.wav,1017_IEO_HAP_MD.wav,1017,train,1,happy,1,happy,0.7689176797866821
data/cremad/audio/1017_IEO_NEU_XX.wav,1017_IEO_NEU_XX.wav,1017,train,0,neutral,0,neutral,0.9521418809890747
data/cremad/audio/1017_IEO_SAD_HI.wav,1017_IEO_SAD_HI.wav,1017,train,2,sad,2,sad,0.8973046541213989
data/cremad/audio/1017_IEO_SAD_LO.wav,1017_IEO_SAD_LO.wav,1017,train,2,sad,2,sad,0.6649344563484192
data/cremad/audio/1017_IEO_SAD_MD.wav,1017_IEO_SAD_MD.wav,1017,train,2,sad,2,sad,0.5829883813858032
data/cremad/audio/1017_IOM_ANG_XX.wav,1017_IOM_ANG_XX.wav,1017,train,3,angry,5,disgust,0.8832343220710754
data/cremad/audio/1017_IOM_DIS_XX.wav,1017_IOM_DIS_XX.wav,1017,train,5,disgust,5,disgust,0.8837428092956543
data/cremad/audio/1017_IOM_FEA_XX.wav,1017_IOM_FEA_XX.wav,1017,train,4,fearful,4,fearful,0.49960464239120483
data/cremad/audio/1017_IOM_HAP_XX.wav,1017_IOM_HAP_XX.wav,1017,train,1,happy,1,happy,0.7697447538375854
data/cremad/audio/1017_IOM_NEU_XX.wav,1017_IOM_NEU_XX.wav,1017,train,0,neutral,0,neutral,0.8860201835632324
data/cremad/audio/1017_IOM_SAD_XX.wav,1017_IOM_SAD_XX.wav,1017,train,2,sad,2,sad,0.47520309686660767
data/cremad/audio/1017_ITH_ANG_XX.wav,1017_ITH_ANG_XX.wav,1017,train,3,angry,5,disgust,0.9645259976387024
data/cremad/audio/1017_ITH_DIS_XX.wav,1017_ITH_DIS_XX.wav,1017,train,5,disgust,5,disgust,0.8339702486991882
data/cremad/audio/1017_ITH_FEA_XX.wav,1017_ITH_FEA_XX.wav,1017,train,4,fearful,5,disgust,0.5156534314155579
data/cremad/audio/1017_ITH_HAP_XX.wav,1017_ITH_HAP_XX.wav,1017,train,1,happy,1,happy,0.970740795135498
data/cremad/audio/1017_ITH_NEU_XX.wav,1017_ITH_NEU_XX.wav,1017,train,0,neutral,0,neutral,0.9639184474945068
data/cremad/audio/1017_ITH_SAD_XX.wav,1017_ITH_SAD_XX.wav,1017,train,2,sad,2,sad,0.48522305488586426
data/cremad/audio/1017_ITS_ANG_XX.wav,1017_ITS_ANG_XX.wav,1017,train,3,angry,5,disgust,0.5932915806770325
data/cremad/audio/1017_ITS_DIS_XX.wav,1017_ITS_DIS_XX.wav,1017,train,5,disgust,5,disgust,0.5690731406211853
data/cremad/audio/1017_ITS_FEA_XX.wav,1017_ITS_FEA_XX.wav,1017,train,4,fearful,4,fearful,0.9345124363899231
data/cremad/audio/1017_ITS_HAP_XX.wav,1017_ITS_HAP_XX.wav,1017,train,1,happy,1,happy,0.7443141341209412
data/cremad/audio/1017_ITS_NEU_XX.wav,1017_ITS_NEU_XX.wav,1017,train,0,neutral,0,neutral,0.9352338314056396
data/cremad/audio/1017_ITS_SAD_XX.wav,1017_ITS_SAD_XX.wav,1017,train,2,sad,2,sad,0.623312771320343
data/cremad/audio/1017_IWL_ANG_XX.wav,1017_IWL_ANG_XX.wav,1017,train,3,angry,5,disgust,0.40286773443222046
data/cremad/audio/1017_IWL_DIS_XX.wav,1017_IWL_DIS_XX.wav,1017,train,5,disgust,5,disgust,0.8032106161117554
data/cremad/audio/1017_IWL_FEA_XX.wav,1017_IWL_FEA_XX.wav,1017,train,4,fearful,5,disgust,0.37863558530807495
data/cremad/audio/1017_IWL_HAP_XX.wav,1017_IWL_HAP_XX.wav,1017,train,1,happy,1,happy,0.9516614079475403
data/cremad/audio/1017_IWL_NEU_XX.wav,1017_IWL_NEU_XX.wav,1017,train,0,neutral,0,neutral,0.9842915534973145
data/cremad/audio/1017_IWL_SAD_XX.wav,1017_IWL_SAD_XX.wav,1017,train,2,sad,0,neutral,0.5087705254554749
data/cremad/audio/1017_IWW_ANG_XX.wav,1017_IWW_ANG_XX.wav,1017,train,3,angry,2,sad,0.7099976539611816
data/cremad/audio/1017_IWW_DIS_XX.wav,1017_IWW_DIS_XX.wav,1017,train,5,disgust,5,disgust,0.6900361776351929
data/cremad/audio/1017_IWW_FEA_XX.wav,1017_IWW_FEA_XX.wav,1017,train,4,fearful,2,sad,0.7099976539611816
data/cremad/audio/1017_IWW_HAP_XX.wav,1017_IWW_HAP_XX.wav,1017,train,1,happy,1,happy,0.7133476138114929
data/cremad/audio/1017_IWW_NEU_XX.wav,1017_IWW_NEU_XX.wav,1017,train,0,neutral,0,neutral,0.8652462959289551
data/cremad/audio/1017_IWW_SAD_XX.wav,1017_IWW_SAD_XX.wav,1017,train,2,sad,2,sad,0.6280127167701721
data/cremad/audio/1017_MTI_ANG_XX.wav,1017_MTI_ANG_XX.wav,1017,train,3,angry,0,neutral,0.47211143374443054
data/cremad/audio/1017_MTI_DIS_XX.wav,1017_MTI_DIS_XX.wav,1017,train,5,disgust,5,disgust,0.9246574640274048
data/cremad/audio/1017_MTI_FEA_XX.wav,1017_MTI_FEA_XX.wav,1017,train,4,fearful,2,sad,0.8701184988021851
data/cremad/audio/1017_MTI_HAP_XX.wav,1017_MTI_HAP_XX.wav,1017,train,1,happy,1,happy,0.7941915988922119
data/cremad/audio/1017_MTI_NEU_XX.wav,1017_MTI_NEU_XX.wav,1017,train,0,neutral,0,neutral,0.9897907376289368
data/cremad/audio/1017_MTI_SAD_XX.wav,1017_MTI_SAD_XX.wav,1017,train,2,sad,2,sad,0.7758700847625732
data/cremad/audio/1017_TAI_ANG_XX.wav,1017_TAI_ANG_XX.wav,1017,train,3,angry,5,disgust,0.814557671546936
data/cremad/audio/1017_TAI_DIS_XX.wav,1017_TAI_DIS_XX.wav,1017,train,5,disgust,5,disgust,0.6051025390625
data/cremad/audio/1017_TAI_FEA_XX.wav,1017_TAI_FEA_XX.wav,1017,train,4,fearful,4,fearful,0.735353946685791
data/cremad/audio/1017_TAI_HAP_XX.wav,1017_TAI_HAP_XX.wav,1017,train,1,happy,1,happy,0.5935520529747009
data/cremad/audio/1017_TAI_NEU_XX.wav,1017_TAI_NEU_XX.wav,1017,train,0,neutral,2,sad,0.3463916480541229
data/cremad/audio/1017_TAI_SAD_XX.wav,1017_TAI_SAD_XX.wav,1017,train,2,sad,0,neutral,0.5170537233352661
data/cremad/audio/1017_TIE_ANG_XX.wav,1017_TIE_ANG_XX.wav,1017,train,3,angry,5,disgust,0.9844821691513062
data/cremad/audio/1017_TIE_DIS_XX.wav,1017_TIE_DIS_XX.wav,1017,train,5,disgust,5,disgust,0.9300071597099304
data/cremad/audio/1017_TIE_FEA_XX.wav,1017_TIE_FEA_XX.wav,1017,train,4,fearful,1,happy,0.9368346929550171
data/cremad/audio/1017_TIE_HAP_XX.wav,1017_TIE_HAP_XX.wav,1017,train,1,happy,1,happy,0.8533279299736023
data/cremad/audio/1017_TIE_NEU_XX.wav,1017_TIE_NEU_XX.wav,1017,train,0,neutral,0,neutral,0.836094319820404
data/cremad/audio/1017_TIE_SAD_XX.wav,1017_TIE_SAD_XX.wav,1017,train,2,sad,5,disgust,0.4772928059101105
data/cremad/audio/1017_TSI_ANG_XX.wav,1017_TSI_ANG_XX.wav,1017,train,3,angry,3,angry,0.8215256333351135
data/cremad/audio/1017_TSI_DIS_XX.wav,1017_TSI_DIS_XX.wav,1017,train,5,disgust,5,disgust,0.8917535543441772
data/cremad/audio/1017_TSI_FEA_XX.wav,1017_TSI_FEA_XX.wav,1017,train,4,fearful,4,fearful,0.747943639755249
data/cremad/audio/1017_TSI_HAP_XX.wav,1017_TSI_HAP_XX.wav,1017,train,1,happy,1,happy,0.584137499332428
data/cremad/audio/1017_TSI_NEU_XX.wav,1017_TSI_NEU_XX.wav,1017,train,0,neutral,0,neutral,0.9993575215339661
data/cremad/audio/1017_TSI_SAD_XX.wav,1017_TSI_SAD_XX.wav,1017,train,2,sad,2,sad,0.942150890827179
data/cremad/audio/1017_WSI_ANG_XX.wav,1017_WSI_ANG_XX.wav,1017,train,3,angry,3,angry,0.6473682522773743
data/cremad/audio/1017_WSI_DIS_XX.wav,1017_WSI_DIS_XX.wav,1017,train,5,disgust,5,disgust,0.8980929851531982
data/cremad/audio/1017_WSI_FEA_XX.wav,1017_WSI_FEA_XX.wav,1017,train,4,fearful,4,fearful,0.7806085348129272
data/cremad/audio/1017_WSI_HAP_XX.wav,1017_WSI_HAP_XX.wav,1017,train,1,happy,1,happy,0.9520312547683716
data/cremad/audio/1017_WSI_NEU_XX.wav,1017_WSI_NEU_XX.wav,1017,train,0,neutral,0,neutral,0.4980798363685608
data/cremad/audio/1017_WSI_SAD_XX.wav,1017_WSI_SAD_XX.wav,1017,train,2,sad,5,disgust,0.6137893795967102
data/cremad/audio/1018_DFA_ANG_XX.wav,1018_DFA_ANG_XX.wav,1018,train,3,angry,3,angry,0.8030948638916016
data/cremad/audio/1018_DFA_DIS_XX.wav,1018_DFA_DIS_XX.wav,1018,train,5,disgust,5,disgust,0.5108661651611328
data/cremad/audio/1018_DFA_FEA_XX.wav,1018_DFA_FEA_XX.wav,1018,train,4,fearful,1,happy,0.6805327534675598
data/cremad/audio/1018_DFA_HAP_XX.wav,1018_DFA_HAP_XX.wav,1018,train,1,happy,1,happy,0.970382571220398
data/cremad/audio/1018_DFA_NEU_XX.wav,1018_DFA_NEU_XX.wav,1018,train,0,neutral,0,neutral,0.9346832036972046
data/cremad/audio/1018_DFA_SAD_XX.wav,1018_DFA_SAD_XX.wav,1018,train,2,sad,2,sad,0.7868604063987732
data/cremad/audio/1018_IEO_ANG_HI.wav,1018_IEO_ANG_HI.wav,1018,train,3,angry,3,angry,0.9039341807365417
data/cremad/audio/1018_IEO_ANG_LO.wav,1018_IEO_ANG_LO.wav,1018,train,3,angry,3,angry,0.7339420318603516
data/cremad/audio/1018_IEO_ANG_MD.wav,1018_IEO_ANG_MD.wav,1018,train,3,angry,3,angry,0.7355440855026245
data/cremad/audio/1018_IEO_DIS_HI.wav,1018_IEO_DIS_HI.wav,1018,train,5,disgust,5,disgust,0.9051400423049927
data/cremad/audio/1018_IEO_DIS_LO.wav,1018_IEO_DIS_LO.wav,1018,train,5,disgust,5,disgust,0.8632584810256958
data/cremad/audio/1018_IEO_DIS_MD.wav,1018_IEO_DIS_MD.wav,1018,train,5,disgust,5,disgust,0.9820719361305237
data/cremad/audio/1018_IEO_FEA_HI.wav,1018_IEO_FEA_HI.wav,1018,train,4,fearful,4,fearful,0.8717130422592163
data/cremad/audio/1018_IEO_FEA_LO.wav,1018_IEO_FEA_LO.wav,1018,train,4,fearful,4,fearful,0.7866202592849731
data/cremad/audio/1018_IEO_FEA_MD.wav,1018_IEO_FEA_MD.wav,1018,train,4,fearful,4,fearful,0.6824519038200378
data/cremad/audio/1018_IEO_HAP_HI.wav,1018_IEO_HAP_HI.wav,1018,train,1,happy,1,happy,0.936678409576416
data/cremad/audio/1018_IEO_HAP_LO.wav,1018_IEO_HAP_LO.wav,1018,train,1,happy,0,neutral,0.338722825050354
data/cremad/audio/1018_IEO_HAP_MD.wav,1018_IEO_HAP_MD.wav,1018,train,1,happy,1,happy,0.971663236618042
data/cremad/audio/1018_IEO_NEU_XX.wav,1018_IEO_NEU_XX.wav,1018,train,0,neutral,0,neutral,0.7803602814674377
data/cremad/audio/1018_IEO_SAD_HI.wav,1018_IEO_SAD_HI.wav,1018,train,2,sad,5,disgust,0.5258612632751465
data/cremad/audio/1018_IEO_SAD_LO.wav,1018_IEO_SAD_LO.wav,1018,train,2,sad,2,sad,0.5598922371864319
data/cremad/audio/1018_IEO_SAD_MD.wav,1018_IEO_SAD_MD.wav,1018,train,2,sad,2,sad,0.6102716326713562
data/cremad/audio/1018_IOM_ANG_XX.wav,1018_IOM_ANG_XX.wav,1018,train,3,angry,3,angry,0.9985016584396362
data/cremad/audio/1018_IOM_DIS_XX.wav,1018_IOM_DIS_XX.wav,1018,train,5,disgust,2,sad,0.686851978302002
data/cremad/audio/1018_IOM_FEA_XX.wav,1018_IOM_FEA_XX.wav,1018,train,4,fearful,4,fearful,0.7242380976676941
data/cremad/audio/1018_IOM_HAP_XX.wav,1018_IOM_HAP_XX.wav,1018,train,1,happy,1,happy,0.8779343962669373
data/cremad/audio/1018_IOM_NEU_XX.wav,1018_IOM_NEU_XX.wav,1018,train,0,neutral,0,neutral,0.9314321875572205
data/cremad/audio/1018_IOM_SAD_XX.wav,1018_IOM_SAD_XX.wav,1018,train,2,sad,2,sad,0.8440973162651062
data/cremad/audio/1018_ITH_ANG_XX.wav,1018_ITH_ANG_XX.wav,1018,train,3,angry,3,angry,0.9876611232757568
data/cremad/audio/1018_ITH_DIS_XX.wav,1018_ITH_DIS_XX.wav,1018,train,5,disgust,5,disgust,0.7475712895393372
data/cremad/audio/1018_ITH_FEA_XX.wav,1018_ITH_FEA_XX.wav,1018,train,4,fearful,4,fearful,0.5724712014198303
data/cremad/audio/1018_ITH_HAP_XX.wav,1018_ITH_HAP_XX.wav,1018,train,1,happy,1,happy,0.9346897006034851
data/cremad/audio/1018_ITH_NEU_XX.wav,1018_ITH_NEU_XX.wav,1018,train,0,neutral,0,neutral,0.9624351859092712
data/cremad/audio/1018_ITH_SAD_XX.wav,1018_ITH_SAD_XX.wav,1018,train,2,sad,2,sad,0.865831732749939
data/cremad/audio/1018_ITS_ANG_XX.wav,1018_ITS_ANG_XX.wav,1018,train,3,angry,3,angry,0.9209518432617188
data/cremad/audio/1018_ITS_DIS_XX.wav,1018_ITS_DIS_XX.wav,1018,train,5,disgust,5,disgust,0.9773219227790833
data/cremad/audio/1018_ITS_FEA_XX.wav,1018_ITS_FEA_XX.wav,1018,train,4,fearful,4,fearful,0.9733187556266785
data/cremad/audio/1018_ITS_HAP_XX.wav,1018_ITS_HAP_XX.wav,1018,train,1,happy,1,happy,0.9708394408226013
data/cremad/audio/1018_ITS_NEU_XX.wav,1018_ITS_NEU_XX.wav,1018,train,0,neutral,0,neutral,0.8975996971130371
data/cremad/audio/1018_ITS_SAD_XX.wav,1018_ITS_SAD_XX.wav,1018,train,2,sad,2,sad,0.7895172834396362
data/cremad/audio/1018_IWL_ANG_XX.wav,1018_IWL_ANG_XX.wav,1018,train,3,angry,3,angry,0.8639763593673706
data/cremad/audio/1018_IWL_DIS_XX.wav,1018_IWL_DIS_XX.wav,1018,train,5,disgust,5,disgust,0.9358214735984802
data/cremad/audio/1018_IWL_FEA_XX.wav,1018_IWL_FEA_XX.wav,1018,train,4,fearful,4,fearful,0.9484013319015503
data/cremad/audio/1018_IWL_HAP_XX.wav,1018_IWL_HAP_XX.wav,1018,train,1,happy,1,happy,0.9310716390609741
data/cremad/audio/1018_IWL_NEU_XX.wav,1018_IWL_NEU_XX.wav,1018,train,0,neutral,0,neutral,0.9673888683319092
data/cremad/audio/1018_IWL_SAD_XX.wav,1018_IWL_SAD_XX.wav,1018,train,2,sad,2,sad,0.8907392621040344
data/cremad/audio/1018_IWW_ANG_XX.wav,1018_IWW_ANG_XX.wav,1018,train,3,angry,3,angry,0.6593309640884399
data/cremad/audio/1018_IWW_DIS_XX.wav,1018_IWW_DIS_XX.wav,1018,train,5,disgust,5,disgust,0.48689010739326477
data/cremad/audio/1018_IWW_FEA_XX.wav,1018_IWW_FEA_XX.wav,1018,train,4,fearful,0,neutral,0.3595820963382721
data/cremad/audio/1018_IWW_HAP_XX.wav,1018_IWW_HAP_XX.wav,1018,train,1,happy,1,happy,0.9851863980293274
data/cremad/audio/1018_IWW_NEU_XX.wav,1018_IWW_NEU_XX.wav,1018,train,0,neutral,0,neutral,0.989861249923706
data/cremad/audio/1018_IWW_SAD_XX.wav,1018_IWW_SAD_XX.wav,1018,train,2,sad,2,sad,0.7301679849624634
data/cremad/audio/1018_MTI_ANG_XX.wav,1018_MTI_ANG_XX.wav,1018,train,3,angry,3,angry,0.996020495891571
data/cremad/audio/1018_MTI_DIS_XX.wav,1018_MTI_DIS_XX.wav,1018,train,5,disgust,5,disgust,0.9252368211746216
data/cremad/audio/1018_MTI_FEA_XX.wav,1018_MTI_FEA_XX.wav,1018,train,4,fearful,4,fearful,0.7786657214164734
data/cremad/audio/1018_MTI_HAP_XX.wav,1018_MTI_HAP_XX.wav,1018,train,1,happy,1,happy,0.9924227595329285
data/cremad/audio/1018_MTI_NEU_XX.wav,1018_MTI_NEU_XX.wav,1018,train,0,neutral,0,neutral,0.7708709836006165
data/cremad/audio/1018_MTI_SAD_XX.wav,1018_MTI_SAD_XX.wav,1018,train,2,sad,2,sad,0.7860880494117737
data/cremad/audio/1018_TAI_ANG_XX.wav,1018_TAI_ANG_XX.wav,1018,train,3,angry,3,angry,0.8032194375991821
data/cremad/audio/1018_TAI_DIS_XX.wav,1018_TAI_DIS_XX.wav,1018,train,5,disgust,5,disgust,0.8039858341217041
data/cremad/audio/1018_TAI_FEA_XX.wav,1018_TAI_FEA_XX.wav,1018,train,4,fearful,4,fearful,0.9044733047485352
data/cremad/audio/1018_TAI_HAP_XX.wav,1018_TAI_HAP_XX.wav,1018,train,1,happy,1,happy,0.9544992446899414
data/cremad/audio/1018_TAI_NEU_XX.wav,1018_TAI_NEU_XX.wav,1018,train,0,neutral,0,neutral,0.978561520576477
data/cremad/audio/1018_TAI_SAD_XX.wav,1018_TAI_SAD_XX.wav,1018,train,2,sad,2,sad,0.7710064649581909
data/cremad/audio/1018_TIE_ANG_XX.wav,1018_TIE_ANG_XX.wav,1018,train,3,angry,3,angry,0.6508057117462158
data/cremad/audio/1018_TIE_DIS_XX.wav,1018_TIE_DIS_XX.wav,1018,train,5,disgust,5,disgust,0.9763866066932678
data/cremad/audio/1018_TIE_FEA_XX.wav,1018_TIE_FEA_XX.wav,1018,train,4,fearful,1,happy,0.46514660120010376
data/cremad/audio/1018_TIE_HAP_XX.wav,1018_TIE_HAP_XX.wav,1018,train,1,happy,1,happy,0.9794238805770874
data/cremad/audio/1018_TIE_NEU_XX.wav,1018_TIE_NEU_XX.wav,1018,train,0,neutral,0,neutral,0.8109886646270752
data/cremad/audio/1018_TIE_SAD_XX.wav,1018_TIE_SAD_XX.wav,1018,train,2,sad,2,sad,0.68790203332901
data/cremad/audio/1018_TSI_ANG_XX.wav,1018_TSI_ANG_XX.wav,1018,train,3,angry,3,angry,0.7820395231246948
data/cremad/audio/1018_TSI_DIS_XX.wav,1018_TSI_DIS_XX.wav,1018,train,5,disgust,5,disgust,0.9725281000137329
data/cremad/audio/1018_TSI_FEA_XX.wav,1018_TSI_FEA_XX.wav,1018,train,4,fearful,4,fearful,0.5803190469741821
data/cremad/audio/1018_TSI_HAP_XX.wav,1018_TSI_HAP_XX.wav,1018,train,1,happy,1,happy,0.9963825941085815
data/cremad/audio/1018_TSI_NEU_XX.wav,1018_TSI_NEU_XX.wav,1018,train,0,neutral,0,neutral,0.9642115831375122
data/cremad/audio/1018_TSI_SAD_XX.wav,1018_TSI_SAD_XX.wav,1018,train,2,sad,2,sad,0.8336740136146545
data/cremad/audio/1018_WSI_ANG_XX.wav,1018_WSI_ANG_XX.wav,1018,train,3,angry,3,angry,0.970406711101532
data/cremad/audio/1018_WSI_DIS_XX.wav,1018_WSI_DIS_XX.wav,1018,train,5,disgust,5,disgust,0.9732845425605774
data/cremad/audio/1018_WSI_FEA_XX.wav,1018_WSI_FEA_XX.wav,1018,train,4,fearful,1,happy,0.5139268636703491
data/cremad/audio/1018_WSI_HAP_XX.wav,1018_WSI_HAP_XX.wav,1018,train,1,happy,1,happy,0.977382242679596
data/cremad/audio/1018_WSI_NEU_XX.wav,1018_WSI_NEU_XX.wav,1018,train,0,neutral,0,neutral,0.9273486733436584
data/cremad/audio/1018_WSI_SAD_XX.wav,1018_WSI_SAD_XX.wav,1018,train,2,sad,2,sad,0.880765438079834
data/cremad/audio/1019_DFA_ANG_XX.wav,1019_DFA_ANG_XX.wav,1019,train,3,angry,3,angry,0.996896505355835
data/cremad/audio/1019_DFA_DIS_XX.wav,1019_DFA_DIS_XX.wav,1019,train,5,disgust,5,disgust,0.938807487487793
data/cremad/audio/1019_DFA_FEA_XX.wav,1019_DFA_FEA_XX.wav,1019,train,4,fearful,2,sad,0.726783037185669
data/cremad/audio/1019_DFA_HAP_XX.wav,1019_DFA_HAP_XX.wav,1019,train,1,happy,5,disgust,0.2673638164997101
data/cremad/audio/1019_DFA_NEU_XX.wav,1019_DFA_NEU_XX.wav,1019,train,0,neutral,0,neutral,0.9700148701667786
data/cremad/audio/1019_DFA_SAD_XX.wav,1019_DFA_SAD_XX.wav,1019,train,2,sad,2,sad,0.7962766289710999
data/cremad/audio/1019_IEO_ANG_HI.wav,1019_IEO_ANG_HI.wav,1019,train,3,angry,3,angry,0.9915905594825745
data/cremad/audio/1019_IEO_ANG_LO.wav,1019_IEO_ANG_LO.wav,1019,train,3,angry,3,angry,0.887841522693634
data/cremad/audio/1019_IEO_ANG_MD.wav,1019_IEO_ANG_MD.wav,1019,train,3,angry,3,angry,0.9866806864738464
data/cremad/audio/1019_IEO_DIS_HI.wav,1019_IEO_DIS_HI.wav,1019,train,5,disgust,5,disgust,0.8311116099357605
data/cremad/audio/1019_IEO_DIS_LO.wav,1019_IEO_DIS_LO.wav,1019,train,5,disgust,5,disgust,0.8148807883262634
data/cremad/audio/1019_IEO_DIS_MD.wav,1019_IEO_DIS_MD.wav,1019,train,5,disgust,5,disgust,0.8742658495903015
data/cremad/audio/1019_IEO_FEA_HI.wav,1019_IEO_FEA_HI.wav,1019,train,4,fearful,4,fearful,0.8758087158203125
data/cremad/audio/1019_IEO_FEA_LO.wav,1019_IEO_FEA_LO.wav,1019,train,4,fearful,2,sad,0.854960024356842
data/cremad/audio/1019_IEO_FEA_MD.wav,1019_IEO_FEA_MD.wav,1019,train,4,fearful,5,disgust,0.7104475498199463
data/cremad/audio/1019_IEO_HAP_HI.wav,1019_IEO_HAP_HI.wav,1019,train,1,happy,4,fearful,0.342079222202301
data/cremad/audio/1019_IEO_HAP_LO.wav,1019_IEO_HAP_LO.wav,1019,train,1,happy,1,happy,0.9855780005455017
data/cremad/audio/1019_IEO_HAP_MD.wav,1019_IEO_HAP_MD.wav,1019,train,1,happy,1,happy,0.79803067445755
data/cremad/audio/1019_IEO_NEU_XX.wav,1019_IEO_NEU_XX.wav,1019,train,0,neutral,0,neutral,0.9468222260475159
data/cremad/audio/1019_IEO_SAD_HI.wav,1019_IEO_SAD_HI.wav,1019,train,2,sad,5,disgust,0.9145067930221558
data/cremad/audio/1019_IEO_SAD_LO.wav,1019_IEO_SAD_LO.wav,1019,train,2,sad,2,sad,0.8561378121376038
data/cremad/audio/1019_IEO_SAD_MD.wav,1019_IEO_SAD_MD.wav,1019,train,2,sad,2,sad,0.8667840957641602
data/cremad/audio/1019_IOM_ANG_XX.wav,1019_IOM_ANG_XX.wav,1019,train,3,angry,3,angry,0.997979462146759
data/cremad/audio/1019_IOM_DIS_XX.wav,1019_IOM_DIS_XX.wav,1019,train,5,disgust,5,disgust,0.9584985971450806
data/cremad/audio/1019_IOM_FEA_XX.wav,1019_IOM_FEA_XX.wav,1019,train,4,fearful,1,happy,0.43667224049568176
data/cremad/audio/1019_IOM_HAP_XX.wav,1019_IOM_HAP_XX.wav,1019,train,1,happy,4,fearful,0.5069518089294434
data/cremad/audio/1019_IOM_NEU_XX.wav,1019_IOM_NEU_XX.wav,1019,train,0,neutral,0,neutral,0.9854645133018494
data/cremad/audio/1019_IOM_SAD_XX.wav,1019_IOM_SAD_XX.wav,1019,train,2,sad,2,sad,0.7311026453971863
data/cremad/audio/1019_ITS_ANG_XX.wav,1019_ITS_ANG_XX.wav,1019,train,3,angry,3,angry,0.940269947052002
data/cremad/audio/1019_ITS_DIS_XX.wav,1019_ITS_DIS_XX.wav,1019,train,5,disgust,5,disgust,0.8557012677192688
data/cremad/audio/1019_ITS_FEA_XX.wav,1019_ITS_FEA_XX.wav,1019,train,4,fearful,4,fearful,0.6508568525314331
data/cremad/audio/1019_ITS_HAP_XX.wav,1019_ITS_HAP_XX.wav,1019,train,1,happy,1,happy,0.9303704500198364
data/cremad/audio/1019_ITS_NEU_XX.wav,1019_ITS_NEU_XX.wav,1019,train,0,neutral,0,neutral,0.9900897741317749
data/cremad/audio/1019_ITS_SAD_XX.wav,1019_ITS_SAD_XX.wav,1019,train,2,sad,2,sad,0.6512905359268188
data/cremad/audio/1019_IWL_ANG_XX.wav,1019_IWL_ANG_XX.wav,1019,train,3,angry,3,angry,0.7735509276390076
data/cremad/audio/1019_IWL_DIS_XX.wav,1019_IWL_DIS_XX.wav,1019,train,5,disgust,5,disgust,0.8697305917739868
data/cremad/audio/1019_IWL_FEA_XX.wav,1019_IWL_FEA_XX.wav,1019,train,4,fearful,1,happy,0.39926964044570923
data/cremad/audio/1019_IWL_HAP_XX.wav,1019_IWL_HAP_XX.wav,1019,train,1,happy,1,happy,0.8155574798583984
data/cremad/audio/1019_IWL_NEU_XX.wav,1019_IWL_NEU_XX.wav,1019,train,0,neutral,0,neutral,0.9888101816177368
data/cremad/audio/1019_IWL_SAD_XX.wav,1019_IWL_SAD_XX.wav,1019,train,2,sad,2,sad,0.5628241300582886
data/cremad/audio/1019_IWW_ANG_XX.wav,1019_IWW_ANG_XX.wav,1019,train,3,angry,3,angry,0.9940259456634521
data/cremad/audio/1019_IWW_DIS_XX.wav,1019_IWW_DIS_XX.wav,1019,train,5,disgust,5,disgust,0.931669294834137
data/cremad/audio/1019_IWW_FEA_XX.wav,1019_IWW_FEA_XX.wav,1019,train,4,fearful,1,happy,0.846781313419342
data/cremad/audio/1019_IWW_HAP_XX.wav,1019_IWW_HAP_XX.wav,1019,train,1,happy,1,happy,0.8003740310668945
data/cremad/audio/1019_IWW_NEU_XX.wav,1019_IWW_NEU_XX.wav,1019,train,0,neutral,0,neutral,0.9918432831764221
data/cremad/audio/1019_IWW_SAD_XX.wav,1019_IWW_SAD_XX.wav,1019,train,2,sad,2,sad,0.5818430185317993
data/cremad/audio/1019_MTI_ANG_XX.wav,1019_MTI_ANG_XX.wav,1019,train,3,angry,3,angry,0.9960202574729919
data/cremad/audio/1019_MTI_DIS_XX.wav,1019_MTI_DIS_XX.wav,1019,train,5,disgust,5,disgust,0.7556337714195251
data/cremad/audio/1019_MTI_FEA_XX.wav,1019_MTI_FEA_XX.wav,1019,train,4,fearful,5,disgust,0.6068826913833618
data/cremad/audio/1019_MTI_HAP_XX.wav,1019_MTI_HAP_XX.wav,1019,train,1,happy,1,happy,0.9472181797027588
data/cremad/audio/1019_MTI_NEU_XX.wav,1019_MTI_NEU_XX.wav,1019,train,0,neutral,0,neutral,0.9433284997940063
data/cremad/audio/1019_MTI_SAD_XX.wav,1019_MTI_SAD_XX.wav,1019,train,2,sad,1,happy,0.4314694404602051
data/cremad/audio/1019_TAI_ANG_XX.wav,1019_TAI_ANG_XX.wav,1019,train,3,angry,3,angry,0.9971488118171692
data/cremad/audio/1019_TAI_DIS_XX.wav,1019_TAI_DIS_XX.wav,1019,train,5,disgust,3,angry,0.39264050126075745
data/cremad/audio/1019_TAI_FEA_XX.wav,1019_TAI_FEA_XX.wav,1019,train,4,fearful,1,happy,0.6473236083984375
data/cremad/audio/1019_TAI_HAP_XX.wav,1019_TAI_HAP_XX.wav,1019,train,1,happy,1,happy,0.8164054751396179
data/cremad/audio/1019_TAI_NEU_XX.wav,1019_TAI_NEU_XX.wav,1019,train,0,neutral,0,neutral,0.6310427784919739
data/cremad/audio/1019_TAI_SAD_XX.wav,1019_TAI_SAD_XX.wav,1019,train,2,sad,2,sad,0.36655279994010925
data/cremad/audio/1019_TIE_ANG_XX.wav,1019_TIE_ANG_XX.wav,1019,train,3,angry,3,angry,0.9241572618484497
data/cremad/audio/1019_TIE_DIS_XX.wav,1019_TIE_DIS_XX.wav,1019,train,5,disgust,5,disgust,0.9678105115890503
data/cremad/audio/1019_TIE_FEA_XX.wav,1019_TIE_FEA_XX.wav,1019,train,4,fearful,2,sad,0.6731765866279602
data/cremad/audio/1019_TIE_HAP_XX.wav,1019_TIE_HAP_XX.wav,1019,train,1,happy,1,happy,0.8132707476615906
data/cremad/audio/1019_TIE_NEU_XX.wav,1019_TIE_NEU_XX.wav,1019,train,0,neutral,0,neutral,0.7353240251541138
data/cremad/audio/1019_TIE_SAD_XX.wav,1019_TIE_SAD_XX.wav,1019,train,2,sad,1,happy,0.3355363607406616
data/cremad/audio/1019_TSI_ANG_XX.wav,1019_TSI_ANG_XX.wav,1019,train,3,angry,3,angry,0.9603700637817383
data/cremad/audio/1019_TSI_DIS_XX.wav,1019_TSI_DIS_XX.wav,1019,train,5,disgust,5,disgust,0.6987794041633606
data/cremad/audio/1019_TSI_FEA_XX.wav,1019_TSI_FEA_XX.wav,1019,train,4,fearful,4,fearful,0.8346351981163025
data/cremad/audio/1019_TSI_HAP_XX.wav,1019_TSI_HAP_XX.wav,1019,train,1,happy,1,happy,0.9901472926139832
data/cremad/audio/1019_TSI_NEU_XX.wav,1019_TSI_NEU_XX.wav,1019,train,0,neutral,0,neutral,0.9317949414253235
data/cremad/audio/1019_TSI_SAD_XX.wav,1019_TSI_SAD_XX.wav,1019,train,2,sad,0,neutral,0.7202426791191101
data/cremad/audio/1019_WSI_ANG_XX.wav,1019_WSI_ANG_XX.wav,1019,train,3,angry,3,angry,0.99769127368927
data/cremad/audio/1019_WSI_DIS_XX.wav,1019_WSI_DIS_XX.wav,1019,train,5,disgust,5,disgust,0.7861872911453247
data/cremad/audio/1019_WSI_FEA_XX.wav,1019_WSI_FEA_XX.wav,1019,train,4,fearful,4,fearful,0.43721067905426025
data/cremad/audio/1019_WSI_HAP_XX.wav,1019_WSI_HAP_XX.wav,1019,train,1,happy,1,happy,0.8997530341148376
data/cremad/audio/1019_WSI_NEU_XX.wav,1019_WSI_NEU_XX.wav,1019,train,0,neutral,0,neutral,0.8714478015899658
data/cremad/audio/1019_WSI_SAD_XX.wav,1019_WSI_SAD_XX.wav,1019,train,2,sad,0,neutral,0.6482241749763489
data/cremad/audio/1021_DFA_ANG_XX.wav,1021_DFA_ANG_XX.wav,1021,train,3,angry,3,angry,0.5657280087471008
data/cremad/audio/1021_DFA_DIS_XX.wav,1021_DFA_DIS_XX.wav,1021,train,5,disgust,5,disgust,0.5043327808380127
data/cremad/audio/1021_DFA_FEA_XX.wav,1021_DFA_FEA_XX.wav,1021,train,4,fearful,2,sad,0.8338818550109863
data/cremad/audio/1021_DFA_HAP_XX.wav,1021_DFA_HAP_XX.wav,1021,train,1,happy,2,sad,0.5020552277565002
data/cremad/audio/1021_DFA_NEU_XX.wav,1021_DFA_NEU_XX.wav,1021,train,0,neutral,0,neutral,0.8598093390464783
data/cremad/audio/1021_DFA_SAD_XX.wav,1021_DFA_SAD_XX.wav,1021,train,2,sad,2,sad,0.9014244079589844
data/cremad/audio/1021_IEO_ANG_HI.wav,1021_IEO_ANG_HI.wav,1021,train,3,angry,3,angry,0.877261221408844
data/cremad/audio/1021_IEO_ANG_LO.wav,1021_IEO_ANG_LO.wav,1021,train,3,angry,3,angry,0.47221827507019043
data/cremad/audio/1021_IEO_ANG_MD.wav,1021_IEO_ANG_MD.wav,1021,train,3,angry,3,angry,0.9592539668083191
data/cremad/audio/1021_IEO_DIS_HI.wav,1021_IEO_DIS_HI.wav,1021,train,5,disgust,4,fearful,0.3613787293434143
data/cremad/audio/1021_IEO_DIS_LO.wav,1021_IEO_DIS_LO.wav,1021,train,5,disgust,5,disgust,0.49730244278907776
data/cremad/audio/1021_IEO_DIS_MD.wav,1021_IEO_DIS_MD.wav,1021,train,5,disgust,5,disgust,0.8101377487182617
data/cremad/audio/1021_IEO_FEA_HI.wav,1021_IEO_FEA_HI.wav,1021,train,4,fearful,2,sad,0.5295554399490356
data/cremad/audio/1021_IEO_FEA_LO.wav,1021_IEO_FEA_LO.wav,1021,train,4,fearful,4,fearful,0.9130063056945801
data/cremad/audio/1021_IEO_FEA_MD.wav,1021_IEO_FEA_MD.wav,1021,train,4,fearful,2,sad,0.8386507034301758
data/cremad/audio/1021_IEO_HAP_HI.wav,1021_IEO_HAP_HI.wav,1021,train,1,happy,1,happy,0.8721794486045837
data/cremad/audio/1021_IEO_HAP_LO.wav,1021_IEO_HAP_LO.wav,1021,train,1,happy,1,happy,0.9933376312255859
data/cremad/audio/1021_IEO_HAP_MD.wav,1021_IEO_HAP_MD.wav,1021,train,1,happy,1,happy,0.7611976861953735
data/cremad/audio/1021_IEO_NEU_XX.wav,1021_IEO_NEU_XX.wav,1021,train,0,neutral,0,neutral,0.9670975208282471
data/cremad/audio/1021_IEO_SAD_HI.wav,1021_IEO_SAD_HI.wav,1021,train,2,sad,2,sad,0.6766995191574097
data/cremad/audio/1021_IEO_SAD_LO.wav,1021_IEO_SAD_LO.wav,1021,train,2,sad,2,sad,0.7660123109817505
data/cremad/audio/1021_IEO_SAD_MD.wav,1021_IEO_SAD_MD.wav,1021,train,2,sad,4,fearful,0.9052935242652893
data/cremad/audio/1021_IOM_ANG_XX.wav,1021_IOM_ANG_XX.wav,1021,train,3,angry,3,angry,0.9991611242294312
data/cremad/audio/1021_IOM_DIS_XX.wav,1021_IOM_DIS_XX.wav,1021,train,5,disgust,4,fearful,0.4928276538848877
data/cremad/audio/1021_IOM_FEA_XX.wav,1021_IOM_FEA_XX.wav,1021,train,4,fearful,4,fearful,0.9092918038368225
data/cremad/audio/1021_IOM_HAP_XX.wav,1021_IOM_HAP_XX.wav,1021,train,1,happy,1,happy,0.6907180547714233
data/cremad/audio/1021_IOM_NEU_XX.wav,1021_IOM_NEU_XX.wav,1021,train,0,neutral,0,neutral,0.9658201932907104
data/cremad/audio/1021_IOM_SAD_XX.wav,1021_IOM_SAD_XX.wav,1021,train,2,sad,2,sad,0.7896060943603516
data/cremad/audio/1021_ITH_ANG_XX.wav,1021_ITH_ANG_XX.wav,1021,train,3,angry,3,angry,0.941360354423523
data/cremad/audio/1021_ITH_DIS_XX.wav,1021_ITH_DIS_XX.wav,1021,train,5,disgust,2,sad,0.5858263969421387
data/cremad/audio/1021_ITH_FEA_XX.wav,1021_ITH_FEA_XX.wav,1021,train,4,fearful,2,sad,0.7490573525428772
data/cremad/audio/1021_ITH_HAP_XX.wav,1021_ITH_HAP_XX.wav,1021,train,1,happy,1,happy,0.5241640210151672
data/cremad/audio/1021_ITH_NEU_XX.wav,1021_ITH_NEU_XX.wav,1021,train,0,neutral,0,neutral,0.9960913062095642
data/cremad/audio/1021_ITH_SAD_XX.wav,1021_ITH_SAD_XX.wav,1021,train,2,sad,2,sad,0.7885498404502869
data/cremad/audio/1021_ITS_ANG_XX.wav,1021_ITS_ANG_XX.wav,1021,train,3,angry,3,angry,0.9237014651298523
data/cremad/audio/1021_ITS_DIS_XX.wav,1021_ITS_DIS_XX.wav,1021,train,5,disgust,5,disgust,0.6605417728424072
data/cremad/audio/1021_ITS_FEA_XX.wav,1021_ITS_FEA_XX.wav,1021,train,4,fearful,2,sad,0.58478844165802
data/cremad/audio/1021_ITS_HAP_XX.wav,1021_ITS_HAP_XX.wav,1021,train,1,happy,1,happy,0.6393120884895325
data/cremad/audio/1021_ITS_NEU_XX.wav,1021_ITS_NEU_XX.wav,1021,train,0,neutral,0,neutral,0.9799131155014038
data/cremad/audio/1021_ITS_SAD_XX.wav,1021_ITS_SAD_XX.wav,1021,train,2,sad,2,sad,0.810355544090271
data/cremad/audio/1021_IWL_ANG_XX.wav,1021_IWL_ANG_XX.wav,1021,train,3,angry,3,angry,0.9865888953208923
data/cremad/audio/1021_IWL_DIS_XX.wav,1021_IWL_DIS_XX.wav,1021,train,5,disgust,2,sad,0.6630524396896362
data/cremad/audio/1021_IWL_FEA_XX.wav,1021_IWL_FEA_XX.wav,1021,train,4,fearful,4,fearful,0.6644999384880066
data/cremad/audio/1021_IWL_HAP_XX.wav,1021_IWL_HAP_XX.wav,1021,train,1,happy,1,happy,0.9266367554664612
data/cremad/audio/1021_IWL_NEU_XX.wav,1021_IWL_NEU_XX.wav,1021,train,0,neutral,0,neutral,0.7397249937057495
data/cremad/audio/1021_IWL_SAD_XX.wav,1021_IWL_SAD_XX.wav,1021,train,2,sad,2,sad,0.7970131635665894
data/cremad/audio/1021_IWW_ANG_XX.wav,1021_IWW_ANG_XX.wav,1021,train,3,angry,3,angry,0.9426167011260986
data/cremad/audio/1021_IWW_DIS_XX.wav,1021_IWW_DIS_XX.wav,1021,train,5,disgust,5,disgust,0.585757315158844
data/cremad/audio/1021_IWW_FEA_XX.wav,1021_IWW_FEA_XX.wav,1021,train,4,fearful,4,fearful,0.6022112965583801
data/cremad/audio/1021_IWW_HAP_XX.wav,1021_IWW_HAP_XX.wav,1021,train,1,happy,1,happy,0.6433444619178772
data/cremad/audio/1021_IWW_NEU_XX.wav,1021_IWW_NEU_XX.wav,1021,train,0,neutral,0,neutral,0.8660702109336853
data/cremad/audio/1021_IWW_SAD_XX.wav,1021_IWW_SAD_XX.wav,1021,train,2,sad,2,sad,0.880159854888916
data/cremad/audio/1021_MTI_ANG_XX.wav,1021_MTI_ANG_XX.wav,1021,train,3,angry,5,disgust,0.5846283435821533
data/cremad/audio/1021_MTI_DIS_XX.wav,1021_MTI_DIS_XX.wav,1021,train,5,disgust,5,disgust,0.7089791297912598
data/cremad/audio/1021_MTI_FEA_XX.wav,1021_MTI_FEA_XX.wav,1021,train,4,fearful,2,sad,0.8430578708648682
data/cremad/audio/1021_MTI_HAP_XX.wav,1021_MTI_HAP_XX.wav,1021,train,1,happy,2,sad,0.3847481310367584
data/cremad/audio/1021_MTI_NEU_XX.wav,1021_MTI_NEU_XX.wav,1021,train,0,neutral,0,neutral,0.9764495491981506
data/cremad/audio/1021_MTI_SAD_XX.wav,1021_MTI_SAD_XX.wav,1021,train,2,sad,2,sad,0.5710163116455078
data/cremad/audio/1021_TAI_ANG_XX.wav,1021_TAI_ANG_XX.wav,1021,train,3,angry,5,disgust,0.9454946517944336
data/cremad/audio/1021_TAI_DIS_XX.wav,1021_TAI_DIS_XX.wav,1021,train,5,disgust,5,disgust,0.8622099757194519
data/cremad/audio/1021_TAI_FEA_XX.wav,1021_TAI_FEA_XX.wav,1021,train,4,fearful,2,sad,0.8748876452445984
data/cremad/audio/1021_TAI_HAP_XX.wav,1021_TAI_HAP_XX.wav,1021,train,1,happy,2,sad,0.4417310953140259
data/cremad/audio/1021_TAI_NEU_XX.wav,1021_TAI_NEU_XX.wav,1021,train,0,neutral,0,neutral,0.9422110915184021
data/cremad/audio/1021_TAI_SAD_XX.wav,1021_TAI_SAD_XX.wav,1021,train,2,sad,2,sad,0.8412393927574158
data/cremad/audio/1021_TIE_ANG_XX.wav,1021_TIE_ANG_XX.wav,1021,train,3,angry,3,angry,0.6006082892417908
data/cremad/audio/1021_TIE_DIS_XX.wav,1021_TIE_DIS_XX.wav,1021,train,5,disgust,5,disgust,0.5646920204162598
data/cremad/audio/1021_TIE_FEA_XX.wav,1021_TIE_FEA_XX.wav,1021,train,4,fearful,4,fearful,0.8576340079307556
data/cremad/audio/1021_TIE_HAP_XX.wav,1021_TIE_HAP_XX.wav,1021,train,1,happy,0,neutral,0.690211296081543
data/cremad/audio/1021_TIE_NEU_XX.wav,1021_TIE_NEU_XX.wav,1021,train,0,neutral,0,neutral,0.9741243124008179
data/cremad/audio/1021_TIE_SAD_XX.wav,1021_TIE_SAD_XX.wav,1021,train,2,sad,2,sad,0.8250054717063904
data/cremad/audio/1021_TSI_ANG_XX.wav,1021_TSI_ANG_XX.wav,1021,train,3,angry,3,angry,0.8738573789596558
data/cremad/audio/1021_TSI_DIS_XX.wav,1021_TSI_DIS_XX.wav,1021,train,5,disgust,5,disgust,0.49775463342666626
data/cremad/audio/1021_TSI_FEA_XX.wav,1021_TSI_FEA_XX.wav,1021,train,4,fearful,2,sad,0.65755695104599
data/cremad/audio/1021_TSI_HAP_XX.wav,1021_TSI_HAP_XX.wav,1021,train,1,happy,0,neutral,0.9265604019165039
data/cremad/audio/1021_TSI_NEU_XX.wav,1021_TSI_NEU_XX.wav,1021,train,0,neutral,0,neutral,0.9103860855102539
data/cremad/audio/1021_TSI_SAD_XX.wav,1021_TSI_SAD_XX.wav,1021,train,2,sad,2,sad,0.8547767400741577
data/cremad/audio/1021_WSI_ANG_XX.wav,1021_WSI_ANG_XX.wav,1021,train,3,angry,3,angry,0.9806734323501587
data/cremad/audio/1021_WSI_DIS_XX.wav,1021_WSI_DIS_XX.wav,1021,train,5,disgust,2,sad,0.4458550810813904
data/cremad/audio/1021_WSI_FEA_XX.wav,1021_WSI_FEA_XX.wav,1021,train,4,fearful,2,sad,0.7038223743438721
data/cremad/audio/1021_WSI_HAP_XX.wav,1021_WSI_HAP_XX.wav,1021,train,1,happy,2,sad,0.2662009000778198
data/cremad/audio/1021_WSI_NEU_XX.wav,1021_WSI_NEU_XX.wav,1021,train,0,neutral,0,neutral,0.7644988298416138
data/cremad/audio/1021_WSI_SAD_XX.wav,1021_WSI_SAD_XX.wav,1021,train,2,sad,2,sad,0.9095496535301208
data/cremad/audio/1022_DFA_ANG_XX.wav,1022_DFA_ANG_XX.wav,1022,train,3,angry,3,angry,0.9433624148368835
data/cremad/audio/1022_DFA_DIS_XX.wav,1022_DFA_DIS_XX.wav,1022,train,5,disgust,5,disgust,0.8320947885513306
data/cremad/audio/1022_DFA_FEA_XX.wav,1022_DFA_FEA_XX.wav,1022,train,4,fearful,4,fearful,0.5765079855918884
data/cremad/audio/1022_DFA_HAP_XX.wav,1022_DFA_HAP_XX.wav,1022,train,1,happy,1,happy,0.6768234372138977
data/cremad/audio/1022_DFA_NEU_XX.wav,1022_DFA_NEU_XX.wav,1022,train,0,neutral,0,neutral,0.9923876523971558
data/cremad/audio/1022_DFA_SAD_XX.wav,1022_DFA_SAD_XX.wav,1022,train,2,sad,2,sad,0.7468413710594177
data/cremad/audio/1022_IEO_ANG_HI.wav,1022_IEO_ANG_HI.wav,1022,train,3,angry,3,angry,0.9986786246299744
data/cremad/audio/1022_IEO_ANG_LO.wav,1022_IEO_ANG_LO.wav,1022,train,3,angry,3,angry,0.9888907670974731
data/cremad/audio/1022_IEO_ANG_MD.wav,1022_IEO_ANG_MD.wav,1022,train,3,angry,3,angry,0.9420087933540344
data/cremad/audio/1022_IEO_DIS_HI.wav,1022_IEO_DIS_HI.wav,1022,train,5,disgust,5,disgust,0.9426183700561523
data/cremad/audio/1022_IEO_DIS_LO.wav,1022_IEO_DIS_LO.wav,1022,train,5,disgust,5,disgust,0.6152743697166443
data/cremad/audio/1022_IEO_DIS_MD.wav,1022_IEO_DIS_MD.wav,1022,train,5,disgust,5,disgust,0.6465317606925964
data/cremad/audio/1022_IEO_FEA_HI.wav,1022_IEO_FEA_HI.wav,1022,train,4,fearful,4,fearful,0.9655718207359314
data/cremad/audio/1022_IEO_FEA_LO.wav,1022_IEO_FEA_LO.wav,1022,train,4,fearful,4,fearful,0.42832857370376587
data/cremad/audio/1022_IEO_FEA_MD.wav,1022_IEO_FEA_MD.wav,1022,train,4,fearful,2,sad,0.7758475542068481
data/cremad/audio/1022_IEO_HAP_HI.wav,1022_IEO_HAP_HI.wav,1022,train,1,happy,1,happy,0.9827184081077576
data/cremad/audio/1022_IEO_HAP_LO.wav,1022_IEO_HAP_LO.wav,1022,train,1,happy,1,happy,0.9425289034843445
data/cremad/audio/1022_IEO_HAP_MD.wav,1022_IEO_HAP_MD.wav,1022,train,1,happy,0,neutral,0.49955907464027405
data/cremad/audio/1022_IEO_NEU_XX.wav,1022_IEO_NEU_XX.wav,1022,train,0,neutral,0,neutral,0.9403038620948792
data/cremad/audio/1022_IEO_SAD_HI.wav,1022_IEO_SAD_HI.wav,1022,train,2,sad,4,fearful,0.5551532506942749
data/cremad/audio/1022_IEO_SAD_LO.wav,1022_IEO_SAD_LO.wav,1022,train,2,sad,2,sad,0.6954401135444641
data/cremad/audio/1022_IEO_SAD_MD.wav,1022_IEO_SAD_MD.wav,1022,train,2,sad,2,sad,0.4917570948600769
data/cremad/audio/1022_IOM_ANG_XX.wav,1022_IOM_ANG_XX.wav,1022,train,3,angry,3,angry,0.9954454898834229
data/cremad/audio/1022_IOM_DIS_XX.wav,1022_IOM_DIS_XX.wav,1022,train,5,disgust,5,disgust,0.9136976599693298
data/cremad/audio/1022_IOM_FEA_XX.wav,1022_IOM_FEA_XX.wav,1022,train,4,fearful,4,fearful,0.7005800604820251
data/cremad/audio/1022_IOM_HAP_XX.wav,1022_IOM_HAP_XX.wav,1022,train,1,happy,1,happy,0.8718904256820679
data/cremad/audio/1022_IOM_NEU_XX.wav,1022_IOM_NEU_XX.wav,1022,train,0,neutral,0,neutral,0.8337764143943787
data/cremad/audio/1022_IOM_SAD_XX.wav,1022_IOM_SAD_XX.wav,1022,train,2,sad,2,sad,0.49541449546813965
data/cremad/audio/1022_ITH_ANG_XX.wav,1022_ITH_ANG_XX.wav,1022,train,3,angry,3,angry,0.9565722942352295
data/cremad/audio/1022_ITH_DIS_XX.wav,1022_ITH_DIS_XX.wav,1022,train,5,disgust,5,disgust,0.9487517476081848
data/cremad/audio/1022_ITH_FEA_XX.wav,1022_ITH_FEA_XX.wav,1022,train,4,fearful,4,fearful,0.9591147899627686
data/cremad/audio/1022_ITH_HAP_XX.wav,1022_ITH_HAP_XX.wav,1022,train,1,happy,1,happy,0.8950884938240051
data/cremad/audio/1022_ITH_NEU_XX.wav,1022_ITH_NEU_XX.wav,1022,train,0,neutral,0,neutral,0.7974566221237183
data/cremad/audio/1022_ITH_SAD_XX.wav,1022_ITH_SAD_XX.wav,1022,train,2,sad,2,sad,0.7223105430603027
data/cremad/audio/1022_ITS_ANG_XX.wav,1022_ITS_ANG_XX.wav,1022,train,3,angry,3,angry,0.8389773964881897
data/cremad/audio/1022_ITS_DIS_XX.wav,1022_ITS_DIS_XX.wav,1022,train,5,disgust,5,disgust,0.9275798201560974
data/cremad/audio/1022_ITS_FEA_XX.wav,1022_ITS_FEA_XX.wav,1022,train,4,fearful,2,sad,0.7522901296615601
data/cremad/audio/1022_ITS_HAP_XX.wav,1022_ITS_HAP_XX.wav,1022,train,1,happy,1,happy,0.8362719416618347
data/cremad/audio/1022_ITS_NEU_XX.wav,1022_ITS_NEU_XX.wav,1022,train,0,neutral,0,neutral,0.9769260287284851
data/cremad/audio/1022_ITS_SAD_XX.wav,1022_ITS_SAD_XX.wav,1022,train,2,sad,2,sad,0.49507614970207214
data/cremad/audio/1022_IWL_ANG_XX.wav,1022_IWL_ANG_XX.wav,1022,train,3,angry,3,angry,0.9741466641426086
data/cremad/audio/1022_IWL_DIS_XX.wav,1022_IWL_DIS_XX.wav,1022,train,5,disgust,5,disgust,0.7192969918251038
data/cremad/audio/1022_IWL_FEA_XX.wav,1022_IWL_FEA_XX.wav,1022,train,4,fearful,4,fearful,0.4716043174266815
data/cremad/audio/1022_IWL_HAP_XX.wav,1022_IWL_HAP_XX.wav,1022,train,1,happy,1,happy,0.9656046032905579
data/cremad/audio/1022_IWL_NEU_XX.wav,1022_IWL_NEU_XX.wav,1022,train,0,neutral,0,neutral,0.7263180613517761
data/cremad/audio/1022_IWL_SAD_XX.wav,1022_IWL_SAD_XX.wav,1022,train,2,sad,4,fearful,0.5836156606674194
data/cremad/audio/1022_IWW_ANG_XX.wav,1022_IWW_ANG_XX.wav,1022,train,3,angry,3,angry,0.9958498477935791
data/cremad/audio/1022_IWW_DIS_XX.wav,1022_IWW_DIS_XX.wav,1022,train,5,disgust,5,disgust,0.8111936450004578
data/cremad/audio/1022_IWW_FEA_XX.wav,1022_IWW_FEA_XX.wav,1022,train,4,fearful,4,fearful,0.5978139638900757
data/cremad/audio/1022_IWW_HAP_XX.wav,1022_IWW_HAP_XX.wav,1022,train,1,happy,1,happy,0.7301991581916809
data/cremad/audio/1022_IWW_NEU_XX.wav,1022_IWW_NEU_XX.wav,1022,train,0,neutral,0,neutral,0.9877141714096069
data/cremad/audio/1022_IWW_SAD_XX.wav,1022_IWW_SAD_XX.wav,1022,train,2,sad,2,sad,0.6556578278541565
data/cremad/audio/1022_MTI_ANG_XX.wav,1022_MTI_ANG_XX.wav,1022,train,3,angry,3,angry,0.9968013763427734
data/cremad/audio/1022_MTI_DIS_XX.wav,1022_MTI_DIS_XX.wav,1022,train,5,disgust,5,disgust,0.8677435517311096
data/cremad/audio/1022_MTI_FEA_XX.wav,1022_MTI_FEA_XX.wav,1022,train,4,fearful,4,fearful,0.6390138268470764
data/cremad/audio/1022_MTI_HAP_XX.wav,1022_MTI_HAP_XX.wav,1022,train,1,happy,1,happy,0.9446940422058105
data/cremad/audio/1022_MTI_NEU_XX.wav,1022_MTI_NEU_XX.wav,1022,train,0,neutral,0,neutral,0.8284116983413696
data/cremad/audio/1022_MTI_SAD_XX.wav,1022_MTI_SAD_XX.wav,1022,train,2,sad,2,sad,0.6054675579071045
data/cremad/audio/1022_TAI_ANG_XX.wav,1022_TAI_ANG_XX.wav,1022,train,3,angry,3,angry,0.9924309849739075
data/cremad/audio/1022_TAI_DIS_XX.wav,1022_TAI_DIS_XX.wav,1022,train,5,disgust,5,disgust,0.8744527101516724
data/cremad/audio/1022_TAI_FEA_XX.wav,1022_TAI_FEA_XX.wav,1022,train,4,fearful,4,fearful,0.6484494805335999
data/cremad/audio/1022_TAI_HAP_XX.wav,1022_TAI_HAP_XX.wav,1022,train,1,happy,1,happy,0.9911227226257324
data/cremad/audio/1022_TAI_NEU_XX.wav,1022_TAI_NEU_XX.wav,1022,train,0,neutral,0,neutral,0.8745193481445312
data/cremad/audio/1022_TAI_SAD_XX.wav,1022_TAI_SAD_XX.wav,1022,train,2,sad,4,fearful,0.7463185787200928
data/cremad/audio/1022_TIE_ANG_XX.wav,1022_TIE_ANG_XX.wav,1022,train,3,angry,3,angry,0.9249054193496704
data/cremad/audio/1022_TIE_DIS_XX.wav,1022_TIE_DIS_XX.wav,1022,train,5,disgust,5,disgust,0.8504900336265564
data/cremad/audio/1022_TIE_FEA_XX.wav,1022_TIE_FEA_XX.wav,1022,train,4,fearful,4,fearful,0.9499351978302002
data/cremad/audio/1022_TIE_HAP_XX.wav,1022_TIE_HAP_XX.wav,1022,train,1,happy,1,happy,0.8803004026412964
data/cremad/audio/1022_TIE_NEU_XX.wav,1022_TIE_NEU_XX.wav,1022,train,0,neutral,0,neutral,0.7364950180053711
data/cremad/audio/1022_TIE_SAD_XX.wav,1022_TIE_SAD_XX.wav,1022,train,2,sad,2,sad,0.5054774880409241
data/cremad/audio/1022_TSI_ANG_XX.wav,1022_TSI_ANG_XX.wav,1022,train,3,angry,3,angry,0.9744240641593933
data/cremad/audio/1022_TSI_DIS_XX.wav,1022_TSI_DIS_XX.wav,1022,train,5,disgust,5,disgust,0.9496647119522095
data/cremad/audio/1022_TSI_FEA_XX.wav,1022_TSI_FEA_XX.wav,1022,train,4,fearful,4,fearful,0.9081475734710693
data/cremad/audio/1022_TSI_HAP_XX.wav,1022_TSI_HAP_XX.wav,1022,train,1,happy,1,happy,0.936211347579956
data/cremad/audio/1022_TSI_NEU_XX.wav,1022_TSI_NEU_XX.wav,1022,train,0,neutral,0,neutral,0.9863161444664001
data/cremad/audio/1022_TSI_SAD_XX.wav,1022_TSI_SAD_XX.wav,1022,train,2,sad,2,sad,0.6779623627662659
data/cremad/audio/1022_WSI_ANG_XX.wav,1022_WSI_ANG_XX.wav,1022,train,3,angry,3,angry,0.9465740919113159
data/cremad/audio/1022_WSI_DIS_XX.wav,1022_WSI_DIS_XX.wav,1022,train,5,disgust,5,disgust,0.8817713856697083
data/cremad/audio/1022_WSI_FEA_XX.wav,1022_WSI_FEA_XX.wav,1022,train,4,fearful,4,fearful,0.9017354846000671
data/cremad/audio/1022_WSI_HAP_XX.wav,1022_WSI_HAP_XX.wav,1022,train,1,happy,1,happy,0.8273172378540039
data/cremad/audio/1022_WSI_NEU_XX.wav,1022_WSI_NEU_XX.wav,1022,train,0,neutral,0,neutral,0.9529576301574707
data/cremad/audio/1022_WSI_SAD_XX.wav,1022_WSI_SAD_XX.wav,1022,train,2,sad,2,sad,0.7790399789810181
data/cremad/audio/1024_DFA_ANG_XX.wav,1024_DFA_ANG_XX.wav,1024,train,3,angry,3,angry,0.945745050907135
data/cremad/audio/1024_DFA_DIS_XX.wav,1024_DFA_DIS_XX.wav,1024,train,5,disgust,5,disgust,0.7214813828468323
data/cremad/audio/1024_DFA_FEA_XX.wav,1024_DFA_FEA_XX.wav,1024,train,4,fearful,4,fearful,0.987622857093811
data/cremad/audio/1024_DFA_HAP_XX.wav,1024_DFA_HAP_XX.wav,1024,train,1,happy,1,happy,0.9605200886726379
data/cremad/audio/1024_DFA_NEU_XX.wav,1024_DFA_NEU_XX.wav,1024,train,0,neutral,0,neutral,0.9710628390312195
data/cremad/audio/1024_DFA_SAD_XX.wav,1024_DFA_SAD_XX.wav,1024,train,2,sad,2,sad,0.6005165576934814
data/cremad/audio/1024_IEO_ANG_HI.wav,1024_IEO_ANG_HI.wav,1024,train,3,angry,3,angry,0.9283706545829773
data/cremad/audio/1024_IEO_ANG_LO.wav,1024_IEO_ANG_LO.wav,1024,train,3,angry,3,angry,0.7891749143600464
data/cremad/audio/1024_IEO_ANG_MD.wav,1024_IEO_ANG_MD.wav,1024,train,3,angry,1,happy,0.4891377091407776
data/cremad/audio/1024_IEO_DIS_HI.wav,1024_IEO_DIS_HI.wav,1024,train,5,disgust,5,disgust,0.9045004844665527
data/cremad/audio/1024_IEO_DIS_LO.wav,1024_IEO_DIS_LO.wav,1024,train,5,disgust,5,disgust,0.6212208271026611
data/cremad/audio/1024_IEO_DIS_MD.wav,1024_IEO_DIS_MD.wav,1024,train,5,disgust,5,disgust,0.5312587022781372
data/cremad/audio/1024_IEO_FEA_HI.wav,1024_IEO_FEA_HI.wav,1024,train,4,fearful,4,fearful,0.8076321482658386
data/cremad/audio/1024_IEO_FEA_LO.wav,1024_IEO_FEA_LO.wav,1024,train,4,fearful,2,sad,0.45096153020858765
data/cremad/audio/1024_IEO_FEA_MD.wav,1024_IEO_FEA_MD.wav,1024,train,4,fearful,5,disgust,0.3766503632068634
data/cremad/audio/1024_IEO_HAP_HI.wav,1024_IEO_HAP_HI.wav,1024,train,1,happy,0,neutral,0.7938989400863647
data/cremad/audio/1024_IEO_HAP_LO.wav,1024_IEO_HAP_LO.wav,1024,train,1,happy,1,happy,0.9556082487106323
data/cremad/audio/1024_IEO_HAP_MD.wav,1024_IEO_HAP_MD.wav,1024,train,1,happy,1,happy,0.8849209547042847
data/cremad/audio/1024_IEO_NEU_XX.wav,1024_IEO_NEU_XX.wav,1024,train,0,neutral,0,neutral,0.9374578595161438
data/cremad/audio/1024_IEO_SAD_HI.wav,1024_IEO_SAD_HI.wav,1024,train,2,sad,2,sad,0.397148996591568
data/cremad/audio/1024_IEO_SAD_LO.wav,1024_IEO_SAD_LO.wav,1024,train,2,sad,2,sad,0.7432512640953064
data/cremad/audio/1024_IEO_SAD_MD.wav,1024_IEO_SAD_MD.wav,1024,train,2,sad,0,neutral,0.8737238049507141
data/cremad/audio/1024_IOM_ANG_XX.wav,1024_IOM_ANG_XX.wav,1024,train,3,angry,3,angry,0.9695432186126709
data/cremad/audio/1024_IOM_DIS_XX.wav,1024_IOM_DIS_XX.wav,1024,train,5,disgust,5,disgust,0.7647267580032349
data/cremad/audio/1024_IOM_FEA_XX.wav,1024_IOM_FEA_XX.wav,1024,train,4,fearful,4,fearful,0.7629290819168091
data/cremad/audio/1024_IOM_HAP_XX.wav,1024_IOM_HAP_XX.wav,1024,train,1,happy,1,happy,0.6544122099876404
data/cremad/audio/1024_IOM_NEU_XX.wav,1024_IOM_NEU_XX.wav,1024,train,0,neutral,0,neutral,0.7439665198326111
data/cremad/audio/1024_IOM_SAD_XX.wav,1024_IOM_SAD_XX.wav,1024,train,2,sad,2,sad,0.8023351430892944
data/cremad/audio/1024_ITH_ANG_XX.wav,1024_ITH_ANG_XX.wav,1024,train,3,angry,3,angry,0.8003216981887817
data/cremad/audio/1024_ITH_DIS_XX.wav,1024_ITH_DIS_XX.wav,1024,train,5,disgust,5,disgust,0.9255719780921936
data/cremad/audio/1024_ITH_FEA_XX.wav,1024_ITH_FEA_XX.wav,1024,train,4,fearful,4,fearful,0.8062160015106201
data/cremad/audio/1024_ITH_HAP_XX.wav,1024_ITH_HAP_XX.wav,1024,train,1,happy,1,happy,0.9715770483016968
data/cremad/audio/1024_ITH_NEU_XX.wav,1024_ITH_NEU_XX.wav,1024,train,0,neutral,2,sad,0.5832482576370239
data/cremad/audio/1024_ITH_SAD_XX.wav,1024_ITH_SAD_XX.wav,1024,train,2,sad,2,sad,0.7690162658691406
data/cremad/audio/1024_ITS_ANG_XX.wav,1024_ITS_ANG_XX.wav,1024,train,3,angry,3,angry,0.6445027589797974
data/cremad/audio/1024_ITS_DIS_XX.wav,1024_ITS_DIS_XX.wav,1024,train,5,disgust,5,disgust,0.9133461713790894
data/cremad/audio/1024_ITS_FEA_XX.wav,1024_ITS_FEA_XX.wav,1024,train,4,fearful,4,fearful,0.9566740393638611
data/cremad/audio/1024_ITS_HAP_XX.wav,1024_ITS_HAP_XX.wav,1024,train,1,happy,1,happy,0.7516363859176636
data/cremad/audio/1024_ITS_NEU_XX.wav,1024_ITS_NEU_XX.wav,1024,train,0,neutral,0,neutral,0.9843857884407043
data/cremad/audio/1024_ITS_SAD_XX.wav,1024_ITS_SAD_XX.wav,1024,train,2,sad,2,sad,0.8566587567329407
data/cremad/audio/1024_IWL_ANG_XX.wav,1024_IWL_ANG_XX.wav,1024,train,3,angry,3,angry,0.5839597582817078
data/cremad/audio/1024_IWL_DIS_XX.wav,1024_IWL_DIS_XX.wav,1024,train,5,disgust,5,disgust,0.9130277037620544
data/cremad/audio/1024_IWL_FEA_XX.wav,1024_IWL_FEA_XX.wav,1024,train,4,fearful,4,fearful,0.919590175151825
data/cremad/audio/1024_IWL_HAP_XX.wav,1024_IWL_HAP_XX.wav,1024,train,1,happy,1,happy,0.9717434048652649
data/cremad/audio/1024_IWL_NEU_XX.wav,1024_IWL_NEU_XX.wav,1024,train,0,neutral,0,neutral,0.9779386520385742
data/cremad/audio/1024_IWL_SAD_XX.wav,1024_IWL_SAD_XX.wav,1024,train,2,sad,2,sad,0.8591585159301758
data/cremad/audio/1024_IWW_ANG_XX.wav,1024_IWW_ANG_XX.wav,1024,train,3,angry,1,happy,0.7538803815841675
data/cremad/audio/1024_IWW_DIS_XX.wav,1024_IWW_DIS_XX.wav,1024,train,5,disgust,5,disgust,0.691944420337677
data/cremad/audio/1024_IWW_FEA_XX.wav,1024_IWW_FEA_XX.wav,1024,train,4,fearful,4,fearful,0.9109307527542114
data/cremad/audio/1024_IWW_HAP_XX.wav,1024_IWW_HAP_XX.wav,1024,train,1,happy,1,happy,0.8706740140914917
data/cremad/audio/1024_IWW_NEU_XX.wav,1024_IWW_NEU_XX.wav,1024,train,0,neutral,2,sad,0.8796494603157043
data/cremad/audio/1024_IWW_SAD_XX.wav,1024_IWW_SAD_XX.wav,1024,train,2,sad,4,fearful,0.6162002086639404
data/cremad/audio/1024_MTI_ANG_XX.wav,1024_MTI_ANG_XX.wav,1024,train,3,angry,3,angry,0.5607299208641052
data/cremad/audio/1024_MTI_DIS_XX.wav,1024_MTI_DIS_XX.wav,1024,train,5,disgust,5,disgust,0.6875655055046082
data/cremad/audio/1024_MTI_FEA_XX.wav,1024_MTI_FEA_XX.wav,1024,train,4,fearful,4,fearful,0.46542656421661377
data/cremad/audio/1024_MTI_HAP_XX.wav,1024_MTI_HAP_XX.wav,1024,train,1,happy,1,happy,0.972995400428772
data/cremad/audio/1024_MTI_NEU_XX.wav,1024_MTI_NEU_XX.wav,1024,train,0,neutral,2,sad,0.5341597199440002
data/cremad/audio/1024_MTI_SAD_XX.wav,1024_MTI_SAD_XX.wav,1024,train,2,sad,2,sad,0.7481849193572998
data/cremad/audio/1024_TAI_ANG_XX.wav,1024_TAI_ANG_XX.wav,1024,train,3,angry,3,angry,0.9456037878990173
data/cremad/audio/1024_TAI_DIS_XX.wav,1024_TAI_DIS_XX.wav,1024,train,5,disgust,0,neutral,0.6387060284614563
data/cremad/audio/1024_TAI_FEA_XX.wav,1024_TAI_FEA_XX.wav,1024,train,4,fearful,4,fearful,0.739111065864563
data/cremad/audio/1024_TAI_HAP_XX.wav,1024_TAI_HAP_XX.wav,1024,train,1,happy,1,happy,0.959317147731781
data/cremad/audio/1024_TAI_NEU_XX.wav,1024_TAI_NEU_XX.wav,1024,train,0,neutral,0,neutral,0.9651651978492737
data/cremad/audio/1024_TAI_SAD_XX.wav,1024_TAI_SAD_XX.wav,1024,train,2,sad,2,sad,0.7524853944778442
data/cremad/audio/1024_TIE_ANG_XX.wav,1024_TIE_ANG_XX.wav,1024,train,3,angry,1,happy,0.7008470296859741
data/cremad/audio/1024_TIE_DIS_XX.wav,1024_TIE_DIS_XX.wav,1024,train,5,disgust,5,disgust,0.9555686116218567
data/cremad/audio/1024_TIE_FEA_XX.wav,1024_TIE_FEA_XX.wav,1024,train,4,fearful,4,fearful,0.49943628907203674
data/cremad/audio/1024_TIE_HAP_XX.wav,1024_TIE_HAP_XX.wav,1024,train,1,happy,0,neutral,0.4158101975917816
data/cremad/audio/1024_TIE_NEU_XX.wav,1024_TIE_NEU_XX.wav,1024,train,0,neutral,0,neutral,0.6394742131233215
data/cremad/audio/1024_TIE_SAD_XX.wav,1024_TIE_SAD_XX.wav,1024,train,2,sad,5,disgust,0.5849881172180176
data/cremad/audio/1024_TSI_ANG_XX.wav,1024_TSI_ANG_XX.wav,1024,train,3,angry,3,angry,0.6597758531570435
data/cremad/audio/1024_TSI_DIS_XX.wav,1024_TSI_DIS_XX.wav,1024,train,5,disgust,5,disgust,0.916118323802948
data/cremad/audio/1024_TSI_FEA_XX.wav,1024_TSI_FEA_XX.wav,1024,train,4,fearful,4,fearful,0.6406573057174683
data/cremad/audio/1024_TSI_HAP_XX.wav,1024_TSI_HAP_XX.wav,1024,train,1,happy,1,happy,0.9878134727478027
data/cremad/audio/1024_TSI_NEU_XX.wav,1024_TSI_NEU_XX.wav,1024,train,0,neutral,0,neutral,0.997712254524231
data/cremad/audio/1024_TSI_SAD_XX.wav,1024_TSI_SAD_XX.wav,1024,train,2,sad,2,sad,0.6037740707397461
data/cremad/audio/1024_WSI_ANG_XX.wav,1024_WSI_ANG_XX.wav,1024,train,3,angry,3,angry,0.732324481010437
data/cremad/audio/1024_WSI_DIS_XX.wav,1024_WSI_DIS_XX.wav,1024,train,5,disgust,5,disgust,0.7704790234565735
data/cremad/audio/1024_WSI_FEA_XX.wav,1024_WSI_FEA_XX.wav,1024,train,4,fearful,4,fearful,0.9827356338500977
data/cremad/audio/1024_WSI_HAP_XX.wav,1024_WSI_HAP_XX.wav,1024,train,1,happy,1,happy,0.9809795022010803
data/cremad/audio/1024_WSI_NEU_XX.wav,1024_WSI_NEU_XX.wav,1024,train,0,neutral,0,neutral,0.9864333868026733
data/cremad/audio/1024_WSI_SAD_XX.wav,1024_WSI_SAD_XX.wav,1024,train,2,sad,2,sad,0.8845153450965881
data/cremad/audio/1025_DFA_ANG_XX.wav,1025_DFA_ANG_XX.wav,1025,train,3,angry,3,angry,0.8503060936927795
data/cremad/audio/1025_DFA_DIS_XX.wav,1025_DFA_DIS_XX.wav,1025,train,5,disgust,2,sad,0.5881851315498352
data/cremad/audio/1025_DFA_FEA_XX.wav,1025_DFA_FEA_XX.wav,1025,train,4,fearful,4,fearful,0.8027234077453613
data/cremad/audio/1025_DFA_HAP_XX.wav,1025_DFA_HAP_XX.wav,1025,train,1,happy,1,happy,0.9807506203651428
data/cremad/audio/1025_DFA_NEU_XX.wav,1025_DFA_NEU_XX.wav,1025,train,0,neutral,0,neutral,0.8134229779243469
data/cremad/audio/1025_DFA_SAD_XX.wav,1025_DFA_SAD_XX.wav,1025,train,2,sad,2,sad,0.8935770392417908
data/cremad/audio/1025_IEO_ANG_HI.wav,1025_IEO_ANG_HI.wav,1025,train,3,angry,3,angry,0.9829015731811523
data/cremad/audio/1025_IEO_ANG_LO.wav,1025_IEO_ANG_LO.wav,1025,train,3,angry,3,angry,0.9909420609474182
data/cremad/audio/1025_IEO_ANG_MD.wav,1025_IEO_ANG_MD.wav,1025,train,3,angry,3,angry,0.931026041507721
data/cremad/audio/1025_IEO_DIS_HI.wav,1025_IEO_DIS_HI.wav,1025,train,5,disgust,5,disgust,0.6624992489814758
data/cremad/audio/1025_IEO_DIS_LO.wav,1025_IEO_DIS_LO.wav,1025,train,5,disgust,5,disgust,0.6368166208267212
data/cremad/audio/1025_IEO_DIS_MD.wav,1025_IEO_DIS_MD.wav,1025,train,5,disgust,5,disgust,0.6904166340827942
data/cremad/audio/1025_IEO_FEA_HI.wav,1025_IEO_FEA_HI.wav,1025,train,4,fearful,4,fearful,0.8421855568885803
data/cremad/audio/1025_IEO_FEA_LO.wav,1025_IEO_FEA_LO.wav,1025,train,4,fearful,2,sad,0.7955591678619385
data/cremad/audio/1025_IEO_FEA_MD.wav,1025_IEO_FEA_MD.wav,1025,train,4,fearful,4,fearful,0.5588347315788269
data/cremad/audio/1025_IEO_HAP_HI.wav,1025_IEO_HAP_HI.wav,1025,train,1,happy,1,happy,0.9643862843513489
data/cremad/audio/1025_IEO_HAP_LO.wav,1025_IEO_HAP_LO.wav,1025,train,1,happy,1,happy,0.914936900138855
data/cremad/audio/1025_IEO_HAP_MD.wav,1025_IEO_HAP_MD.wav,1025,train,1,happy,1,happy,0.9879962801933289
data/cremad/audio/1025_IEO_NEU_XX.wav,1025_IEO_NEU_XX.wav,1025,train,0,neutral,0,neutral,0.531225860118866
data/cremad/audio/1025_IEO_SAD_HI.wav,1025_IEO_SAD_HI.wav,1025,train,2,sad,2,sad,0.7144004106521606
data/cremad/audio/1025_IEO_SAD_LO.wav,1025_IEO_SAD_LO.wav,1025,train,2,sad,2,sad,0.7750634551048279
data/cremad/audio/1025_IEO_SAD_MD.wav,1025_IEO_SAD_MD.wav,1025,train,2,sad,2,sad,0.7228013277053833
data/cremad/audio/1025_IOM_ANG_XX.wav,1025_IOM_ANG_XX.wav,1025,train,3,angry,3,angry,0.9975078105926514
data/cremad/audio/1025_IOM_DIS_XX.wav,1025_IOM_DIS_XX.wav,1025,train,5,disgust,5,disgust,0.9236326217651367
data/cremad/audio/1025_IOM_FEA_XX.wav,1025_IOM_FEA_XX.wav,1025,train,4,fearful,4,fearful,0.8148177266120911
data/cremad/audio/1025_IOM_HAP_XX.wav,1025_IOM_HAP_XX.wav,1025,train,1,happy,4,fearful,0.39037102460861206
data/cremad/audio/1025_IOM_NEU_XX.wav,1025_IOM_NEU_XX.wav,1025,train,0,neutral,0,neutral,0.957852303981781
data/cremad/audio/1025_IOM_SAD_XX.wav,1025_IOM_SAD_XX.wav,1025,train,2,sad,0,neutral,0.8596014380455017
data/cremad/audio/1025_ITH_ANG_XX.wav,1025_ITH_ANG_XX.wav,1025,train,3,angry,1,happy,0.6365110278129578
data/cremad/audio/1025_ITH_DIS_XX.wav,1025_ITH_DIS_XX.wav,1025,train,5,disgust,2,sad,0.5732702016830444
data/cremad/audio/1025_ITH_FEA_XX.wav,1025_ITH_FEA_XX.wav,1025,train,4,fearful,4,fearful,0.7347403764724731
data/cremad/audio/1025_ITH_HAP_XX.wav,1025_ITH_HAP_XX.wav,1025,train,1,happy,1,happy,0.9293956756591797
data/cremad/audio/1025_ITH_NEU_XX.wav,1025_ITH_NEU_XX.wav,1025,train,0,neutral,0,neutral,0.9593952894210815
data/cremad/audio/1025_ITH_SAD_XX.wav,1025_ITH_SAD_XX.wav,1025,train,2,sad,2,sad,0.7753337025642395
data/cremad/audio/1025_ITS_ANG_XX.wav,1025_ITS_ANG_XX.wav,1025,train,3,angry,3,angry,0.8915579319000244
data/cremad/audio/1025_ITS_DIS_XX.wav,1025_ITS_DIS_XX.wav,1025,train,5,disgust,5,disgust,0.7831568717956543
data/cremad/audio/1025_ITS_FEA_XX.wav,1025_ITS_FEA_XX.wav,1025,train,4,fearful,2,sad,0.837523877620697
data/cremad/audio/1025_ITS_HAP_XX.wav,1025_ITS_HAP_XX.wav,1025,train,1,happy,1,happy,0.5064042210578918
data/cremad/audio/1025_ITS_NEU_XX.wav,1025_ITS_NEU_XX.wav,1025,train,0,neutral,0,neutral,0.9608005285263062
data/cremad/audio/1025_ITS_SAD_XX.wav,1025_ITS_SAD_XX.wav,1025,train,2,sad,2,sad,0.7693635821342468
data/cremad/audio/1025_IWL_ANG_XX.wav,1025_IWL_ANG_XX.wav,1025,train,3,angry,3,angry,0.7620696425437927
data/cremad/audio/1025_IWL_DIS_XX.wav,1025_IWL_DIS_XX.wav,1025,train,5,disgust,2,sad,0.7896583080291748
data/cremad/audio/1025_IWL_FEA_XX.wav,1025_IWL_FEA_XX.wav,1025,train,4,fearful,2,sad,0.7531846761703491
data/cremad/audio/1025_IWL_HAP_XX.wav,1025_IWL_HAP_XX.wav,1025,train,1,happy,0,neutral,0.9002414345741272
data/cremad/audio/1025_IWL_NEU_XX.wav,1025_IWL_NEU_XX.wav,1025,train,0,neutral,0,neutral,0.7983259558677673
data/cremad/audio/1025_IWL_SAD_XX.wav,1025_IWL_SAD_XX.wav,1025,train,2,sad,2,sad,0.9015100598335266
data/cremad/audio/1025_IWW_ANG_XX.wav,1025_IWW_ANG_XX.wav,1025,train,3,angry,3,angry,0.9917106628417969
data/cremad/audio/1025_IWW_DIS_XX.wav,1025_IWW_DIS_XX.wav,1025,train,5,disgust,2,sad,0.5649538636207581
data/cremad/audio/1025_IWW_FEA_XX.wav,1025_IWW_FEA_XX.wav,1025,train,4,fearful,2,sad,0.7306991815567017
data/cremad/audio/1025_IWW_HAP_XX.wav,1025_IWW_HAP_XX.wav,1025,train,1,happy,1,happy,0.9832946062088013
data/cremad/audio/1025_IWW_NEU_XX.wav,1025_IWW_NEU_XX.wav,1025,train,0,neutral,0,neutral,0.840055525302887
data/cremad/audio/1025_IWW_SAD_XX.wav,1025_IWW_SAD_XX.wav,1025,train,2,sad,2,sad,0.8894695043563843
data/cremad/audio/1025_MTI_ANG_XX.wav,1025_MTI_ANG_XX.wav,1025,train,3,angry,3,angry,0.6222662925720215
data/cremad/audio/1025_MTI_DIS_XX.wav,1025_MTI_DIS_XX.wav,1025,train,5,disgust,5,disgust,0.7808094620704651
data/cremad/audio/1025_MTI_FEA_XX.wav,1025_MTI_FEA_XX.wav,1025,train,4,fearful,2,sad,0.823436439037323
data/cremad/audio/1025_MTI_HAP_XX.wav,1025_MTI_HAP_XX.wav,1025,train,1,happy,5,disgust,0.36028680205345154
data/cremad/audio/1025_MTI_NEU_XX.wav,1025_MTI_NEU_XX.wav,1025,train,0,neutral,0,neutral,0.9415308833122253
data/cremad/audio/1025_MTI_SAD_XX.wav,1025_MTI_SAD_XX.wav,1025,train,2,sad,2,sad,0.9391292929649353
data/cremad/audio/1025_TAI_ANG_XX.wav,1025_TAI_ANG_XX.wav,1025,train,3,angry,3,angry,0.9162476062774658
data/cremad/audio/1025_TAI_DIS_XX.wav,1025_TAI_DIS_XX.wav,1025,train,5,disgust,2,sad,0.5231735706329346
data/cremad/audio/1025_TAI_FEA_XX.wav,1025_TAI_FEA_XX.wav,1025,train,4,fearful,2,sad,0.7360630035400391
data/cremad/audio/1025_TAI_HAP_XX.wav,1025_TAI_HAP_XX.wav,1025,train,1,happy,1,happy,0.9881839752197266
data/cremad/audio/1025_TAI_NEU_XX.wav,1025_TAI_NEU_XX.wav,1025,train,0,neutral,0,neutral,0.9881154298782349
data/cremad/audio/1025_TAI_SAD_XX.wav,1025_TAI_SAD_XX.wav,1025,train,2,sad,2,sad,0.8495640158653259
data/cremad/audio/1025_TIE_ANG_XX.wav,1025_TIE_ANG_XX.wav,1025,train,3,angry,3,angry,0.5457525253295898
data/cremad/audio/1025_TIE_DIS_XX.wav,1025_TIE_DIS_XX.wav,1025,train,5,disgust,5,disgust,0.7134806513786316
data/cremad/audio/1025_TIE_FEA_XX.wav,1025_TIE_FEA_XX.wav,1025,train,4,fearful,2,sad,0.4050421714782715
data/cremad/audio/1025_TIE_HAP_XX.wav,1025_TIE_HAP_XX.wav,1025,train,1,happy,2,sad,0.5611597895622253
data/cremad/audio/1025_TIE_NEU_XX.wav,1025_TIE_NEU_XX.wav,1025,train,0,neutral,0,neutral,0.6588524580001831
data/cremad/audio/1025_TIE_SAD_XX.wav,1025_TIE_SAD_XX.wav,1025,train,2,sad,2,sad,0.8809984922409058
data/cremad/audio/1025_TSI_ANG_XX.wav,1025_TSI_ANG_XX.wav,1025,train,3,angry,3,angry,0.7925617098808289
data/cremad/audio/1025_TSI_DIS_XX.wav,1025_TSI_DIS_XX.wav,1025,train,5,disgust,5,disgust,0.6352012753486633
data/cremad/audio/1025_TSI_FEA_XX.wav,1025_TSI_FEA_XX.wav,1025,train,4,fearful,4,fearful,0.9241030216217041
data/cremad/audio/1025_TSI_HAP_XX.wav,1025_TSI_HAP_XX.wav,1025,train,1,happy,1,happy,0.740794837474823
data/cremad/audio/1025_TSI_NEU_XX.wav,1025_TSI_NEU_XX.wav,1025,train,0,neutral,0,neutral,0.45466580986976624
data/cremad/audio/1025_TSI_SAD_XX.wav,1025_TSI_SAD_XX.wav,1025,train,2,sad,2,sad,0.6026687026023865
data/cremad/audio/1025_WSI_ANG_XX.wav,1025_WSI_ANG_XX.wav,1025,train,3,angry,1,happy,0.5319265127182007
data/cremad/audio/1025_WSI_DIS_XX.wav,1025_WSI_DIS_XX.wav,1025,train,5,disgust,2,sad,0.7361546754837036
data/cremad/audio/1025_WSI_FEA_XX.wav,1025_WSI_FEA_XX.wav,1025,train,4,fearful,4,fearful,0.6318082809448242
data/cremad/audio/1025_WSI_HAP_XX.wav,1025_WSI_HAP_XX.wav,1025,train,1,happy,0,neutral,0.35710281133651733
data/cremad/audio/1025_WSI_NEU_XX.wav,1025_WSI_NEU_XX.wav,1025,train,0,neutral,0,neutral,0.695400059223175
data/cremad/audio/1025_WSI_SAD_XX.wav,1025_WSI_SAD_XX.wav,1025,train,2,sad,2,sad,0.9479775428771973
data/cremad/audio/1026_DFA_ANG_XX.wav,1026_DFA_ANG_XX.wav,1026,train,3,angry,3,angry,0.9969622492790222
data/cremad/audio/1026_DFA_DIS_XX.wav,1026_DFA_DIS_XX.wav,1026,train,5,disgust,5,disgust,0.9617809057235718
data/cremad/audio/1026_DFA_FEA_XX.wav,1026_DFA_FEA_XX.wav,1026,train,4,fearful,4,fearful,0.5519405603408813
data/cremad/audio/1026_DFA_HAP_XX.wav,1026_DFA_HAP_XX.wav,1026,train,1,happy,1,happy,0.891664445400238
data/cremad/audio/1026_DFA_NEU_XX.wav,1026_DFA_NEU_XX.wav,1026,train,0,neutral,0,neutral,0.9991602897644043
data/cremad/audio/1026_DFA_SAD_XX.wav,1026_DFA_SAD_XX.wav,1026,train,2,sad,2,sad,0.775457501411438
data/cremad/audio/1026_IEO_ANG_HI.wav,1026_IEO_ANG_HI.wav,1026,train,3,angry,3,angry,0.9963592886924744
data/cremad/audio/1026_IEO_ANG_LO.wav,1026_IEO_ANG_LO.wav,1026,train,3,angry,3,angry,0.9015997052192688
data/cremad/audio/1026_IEO_ANG_MD.wav,1026_IEO_ANG_MD.wav,1026,train,3,angry,3,angry,0.9803604483604431
data/cremad/audio/1026_IEO_DIS_HI.wav,1026_IEO_DIS_HI.wav,1026,train,5,disgust,5,disgust,0.587075412273407
data/cremad/audio/1026_IEO_DIS_LO.wav,1026_IEO_DIS_LO.wav,1026,train,5,disgust,5,disgust,0.9244629144668579
data/cremad/audio/1026_IEO_DIS_MD.wav,1026_IEO_DIS_MD.wav,1026,train,5,disgust,5,disgust,0.7307009100914001
data/cremad/audio/1026_IEO_FEA_HI.wav,1026_IEO_FEA_HI.wav,1026,train,4,fearful,4,fearful,0.9329086542129517
data/cremad/audio/1026_IEO_FEA_LO.wav,1026_IEO_FEA_LO.wav,1026,train,4,fearful,4,fearful,0.6135328412055969
data/cremad/audio/1026_IEO_FEA_MD.wav,1026_IEO_FEA_MD.wav,1026,train,4,fearful,4,fearful,0.9227785468101501
data/cremad/audio/1026_IEO_HAP_HI.wav,1026_IEO_HAP_HI.wav,1026,train,1,happy,1,happy,0.9875892996788025
data/cremad/audio/1026_IEO_HAP_LO.wav,1026_IEO_HAP_LO.wav,1026,train,1,happy,1,happy,0.85832679271698
data/cremad/audio/1026_IEO_HAP_MD.wav,1026_IEO_HAP_MD.wav,1026,train,1,happy,1,happy,0.9822514653205872
data/cremad/audio/1026_IEO_NEU_XX.wav,1026_IEO_NEU_XX.wav,1026,train,0,neutral,0,neutral,0.9692373871803284
data/cremad/audio/1026_IEO_SAD_HI.wav,1026_IEO_SAD_HI.wav,1026,train,2,sad,4,fearful,0.7630424499511719
data/cremad/audio/1026_IEO_SAD_LO.wav,1026_IEO_SAD_LO.wav,1026,train,2,sad,2,sad,0.7039169073104858
data/cremad/audio/1026_IEO_SAD_MD.wav,1026_IEO_SAD_MD.wav,1026,train,2,sad,2,sad,0.5347084999084473
data/cremad/audio/1026_IOM_ANG_XX.wav,1026_IOM_ANG_XX.wav,1026,train,3,angry,3,angry,0.9980583786964417
data/cremad/audio/1026_IOM_DIS_XX.wav,1026_IOM_DIS_XX.wav,1026,train,5,disgust,5,disgust,0.8982037901878357
data/cremad/audio/1026_IOM_FEA_XX.wav,1026_IOM_FEA_XX.wav,1026,train,4,fearful,4,fearful,0.8292174339294434
data/cremad/audio/1026_IOM_HAP_XX.wav,1026_IOM_HAP_XX.wav,1026,train,1,happy,1,happy,0.9323021769523621
data/cremad/audio/1026_IOM_NEU_XX.wav,1026_IOM_NEU_XX.wav,1026,train,0,neutral,0,neutral,0.8862060904502869
data/cremad/audio/1026_IOM_SAD_XX.wav,1026_IOM_SAD_XX.wav,1026,train,2,sad,2,sad,0.6870095729827881
data/cremad/audio/1026_ITH_ANG_XX.wav,1026_ITH_ANG_XX.wav,1026,train,3,angry,3,angry,0.9859846830368042
data/cremad/audio/1026_ITH_DIS_XX.wav,1026_ITH_DIS_XX.wav,1026,train,5,disgust,1,happy,0.8134559988975525
data/cremad/audio/1026_ITH_FEA_XX.wav,1026_ITH_FEA_XX.wav,1026,train,4,fearful,2,sad,0.6163483262062073
data/cremad/audio/1026_ITH_HAP_XX.wav,1026_ITH_HAP_XX.wav,1026,train,1,happy,1,happy,0.967155396938324
data/cremad/audio/1026_ITH_NEU_XX.wav,1026_ITH_NEU_XX.wav,1026,train,0,neutral,0,neutral,0.991534411907196
data/cremad/audio/1026_ITH_SAD_XX.wav,1026_ITH_SAD_XX.wav,1026,train,2,sad,2,sad,0.614032506942749
data/cremad/audio/1026_ITS_ANG_XX.wav,1026_ITS_ANG_XX.wav,1026,train,3,angry,3,angry,0.9960144758224487
data/cremad/audio/1026_ITS_DIS_XX.wav,1026_ITS_DIS_XX.wav,1026,train,5,disgust,5,disgust,0.9504251480102539
data/cremad/audio/1026_ITS_FEA_XX.wav,1026_ITS_FEA_XX.wav,1026,train,4,fearful,4,fearful,0.929935097694397
data/cremad/audio/1026_ITS_HAP_XX.wav,1026_ITS_HAP_XX.wav,1026,train,1,happy,1,happy,0.9894962906837463
data/cremad/audio/1026_ITS_NEU_XX.wav,1026_ITS_NEU_XX.wav,1026,train,0,neutral,0,neutral,0.9821178317070007
data/cremad/audio/1026_ITS_SAD_XX.wav,1026_ITS_SAD_XX.wav,1026,train,2,sad,2,sad,0.7844702005386353
data/cremad/audio/1026_IWL_ANG_XX.wav,1026_IWL_ANG_XX.wav,1026,train,3,angry,3,angry,0.9997298121452332
data/cremad/audio/1026_IWL_DIS_XX.wav,1026_IWL_DIS_XX.wav,1026,train,5,disgust,5,disgust,0.6159723401069641
data/cremad/audio/1026_IWL_FEA_XX.wav,1026_IWL_FEA_XX.wav,1026,train,4,fearful,4,fearful,0.9745703935623169
data/cremad/audio/1026_IWL_HAP_XX.wav,1026_IWL_HAP_XX.wav,1026,train,1,happy,1,happy,0.9985849857330322
data/cremad/audio/1026_IWL_NEU_XX.wav,1026_IWL_NEU_XX.wav,1026,train,0,neutral,0,neutral,0.978544294834137
data/cremad/audio/1026_IWL_SAD_XX.wav,1026_IWL_SAD_XX.wav,1026,train,2,sad,2,sad,0.58062344789505
data/cremad/audio/1026_IWW_ANG_XX.wav,1026_IWW_ANG_XX.wav,1026,train,3,angry,3,angry,0.9953806400299072
data/cremad/audio/1026_IWW_DIS_XX.wav,1026_IWW_DIS_XX.wav,1026,train,5,disgust,5,disgust,0.5573124289512634
data/cremad/audio/1026_IWW_FEA_XX.wav,1026_IWW_FEA_XX.wav,1026,train,4,fearful,4,fearful,0.6869856119155884
data/cremad/audio/1026_IWW_HAP_XX.wav,1026_IWW_HAP_XX.wav,1026,train,1,happy,1,happy,0.9792128205299377
data/cremad/audio/1026_IWW_NEU_XX.wav,1026_IWW_NEU_XX.wav,1026,train,0,neutral,0,neutral,0.9952781200408936
data/cremad/audio/1026_IWW_SAD_XX.wav,1026_IWW_SAD_XX.wav,1026,train,2,sad,2,sad,0.9202256798744202
data/cremad/audio/1026_MTI_ANG_XX.wav,1026_MTI_ANG_XX.wav,1026,train,3,angry,3,angry,0.9965877532958984
data/cremad/audio/1026_MTI_DIS_XX.wav,1026_MTI_DIS_XX.wav,1026,train,5,disgust,5,disgust,0.631172239780426
data/cremad/audio/1026_MTI_FEA_XX.wav,1026_MTI_FEA_XX.wav,1026,train,4,fearful,4,fearful,0.9283467531204224
data/cremad/audio/1026_MTI_HAP_XX.wav,1026_MTI_HAP_XX.wav,1026,train,1,happy,1,happy,0.6790720224380493
data/cremad/audio/1026_MTI_NEU_XX.wav,1026_MTI_NEU_XX.wav,1026,train,0,neutral,0,neutral,0.9000358581542969
data/cremad/audio/1026_MTI_SAD_XX.wav,1026_MTI_SAD_XX.wav,1026,train,2,sad,2,sad,0.6774386167526245
data/cremad/audio/1026_TAI_ANG_XX.wav,1026_TAI_ANG_XX.wav,1026,train,3,angry,3,angry,0.9975307583808899
data/cremad/audio/1026_TAI_DIS_XX.wav,1026_TAI_DIS_XX.wav,1026,train,5,disgust,5,disgust,0.4643527567386627
data/cremad/audio/1026_TAI_FEA_XX.wav,1026_TAI_FEA_XX.wav,1026,train,4,fearful,4,fearful,0.9816914200782776
data/cremad/audio/1026_TAI_HAP_XX.wav,1026_TAI_HAP_XX.wav,1026,train,1,happy,1,happy,0.8528221845626831
data/cremad/audio/1026_TAI_NEU_XX.wav,1026_TAI_NEU_XX.wav,1026,train,0,neutral,0,neutral,0.9855626821517944
data/cremad/audio/1026_TAI_SAD_XX.wav,1026_TAI_SAD_XX.wav,1026,train,2,sad,2,sad,0.6329695582389832
data/cremad/audio/1026_TIE_ANG_XX.wav,1026_TIE_ANG_XX.wav,1026,train,3,angry,3,angry,0.9132201075553894
data/cremad/audio/1026_TIE_DIS_XX.wav,1026_TIE_DIS_XX.wav,1026,train,5,disgust,3,angry,0.5881983041763306
data/cremad/audio/1026_TIE_FEA_XX.wav,1026_TIE_FEA_XX.wav,1026,train,4,fearful,4,fearful,0.9010342359542847
data/cremad/audio/1026_TIE_HAP_XX.wav,1026_TIE_HAP_XX.wav,1026,train,1,happy,1,happy,0.9742042422294617
data/cremad/audio/1026_TIE_NEU_XX.wav,1026_TIE_NEU_XX.wav,1026,train,0,neutral,0,neutral,0.8788775205612183
data/cremad/audio/1026_TIE_SAD_XX.wav,1026_TIE_SAD_XX.wav,1026,train,2,sad,2,sad,0.7271326780319214
data/cremad/audio/1026_TSI_ANG_XX.wav,1026_TSI_ANG_XX.wav,1026,train,3,angry,3,angry,0.9874629974365234
data/cremad/audio/1026_TSI_DIS_XX.wav,1026_TSI_DIS_XX.wav,1026,train,5,disgust,1,happy,0.46085068583488464
data/cremad/audio/1026_TSI_FEA_XX.wav,1026_TSI_FEA_XX.wav,1026,train,4,fearful,4,fearful,0.940734326839447
data/cremad/audio/1026_TSI_HAP_XX.wav,1026_TSI_HAP_XX.wav,1026,train,1,happy,1,happy,0.9346392750740051
data/cremad/audio/1026_TSI_NEU_XX.wav,1026_TSI_NEU_XX.wav,1026,train,0,neutral,0,neutral,0.9884586930274963
data/cremad/audio/1026_TSI_SAD_XX.wav,1026_TSI_SAD_XX.wav,1026,train,2,sad,2,sad,0.7958030104637146
data/cremad/audio/1026_WSI_ANG_XX.wav,1026_WSI_ANG_XX.wav,1026,train,3,angry,3,angry,0.9984350800514221
data/cremad/audio/1026_WSI_DIS_XX.wav,1026_WSI_DIS_XX.wav,1026,train,5,disgust,5,disgust,0.5284180641174316
data/cremad/audio/1026_WSI_FEA_XX.wav,1026_WSI_FEA_XX.wav,1026,train,4,fearful,4,fearful,0.6514655351638794
data/cremad/audio/1026_WSI_HAP_XX.wav,1026_WSI_HAP_XX.wav,1026,train,1,happy,1,happy,0.9623480439186096
data/cremad/audio/1026_WSI_NEU_XX.wav,1026_WSI_NEU_XX.wav,1026,train,0,neutral,0,neutral,0.9971899390220642
data/cremad/audio/1026_WSI_SAD_XX.wav,1026_WSI_SAD_XX.wav,1026,train,2,sad,2,sad,0.8579394817352295
data/cremad/audio/1027_DFA_ANG_XX.wav,1027_DFA_ANG_XX.wav,1027,train,3,angry,3,angry,0.998195469379425
data/cremad/audio/1027_DFA_DIS_XX.wav,1027_DFA_DIS_XX.wav,1027,train,5,disgust,5,disgust,0.6355329155921936
data/cremad/audio/1027_DFA_FEA_XX.wav,1027_DFA_FEA_XX.wav,1027,train,4,fearful,1,happy,0.5355261564254761
data/cremad/audio/1027_DFA_HAP_XX.wav,1027_DFA_HAP_XX.wav,1027,train,1,happy,1,happy,0.9864940643310547
data/cremad/audio/1027_DFA_NEU_XX.wav,1027_DFA_NEU_XX.wav,1027,train,0,neutral,0,neutral,0.9400297403335571
data/cremad/audio/1027_DFA_SAD_XX.wav,1027_DFA_SAD_XX.wav,1027,train,2,sad,5,disgust,0.5080106854438782
data/cremad/audio/1027_IEO_ANG_HI.wav,1027_IEO_ANG_HI.wav,1027,train,3,angry,3,angry,0.9774216413497925
data/cremad/audio/1027_IEO_ANG_LO.wav,1027_IEO_ANG_LO.wav,1027,train,3,angry,1,happy,0.4562826156616211
data/cremad/audio/1027_IEO_ANG_MD.wav,1027_IEO_ANG_MD.wav,1027,train,3,angry,3,angry,0.9839111566543579
data/cremad/audio/1027_IEO_DIS_HI.wav,1027_IEO_DIS_HI.wav,1027,train,5,disgust,5,disgust,0.9161394238471985
data/cremad/audio/1027_IEO_DIS_LO.wav,1027_IEO_DIS_LO.wav,1027,train,5,disgust,5,disgust,0.8684940934181213
data/cremad/audio/1027_IEO_DIS_MD.wav,1027_IEO_DIS_MD.wav,1027,train,5,disgust,5,disgust,0.8399988412857056
data/cremad/audio/1027_IEO_FEA_HI.wav,1027_IEO_FEA_HI.wav,1027,train,4,fearful,4,fearful,0.6629776358604431
data/cremad/audio/1027_IEO_FEA_LO.wav,1027_IEO_FEA_LO.wav,1027,train,4,fearful,2,sad,0.6486585736274719
data/cremad/audio/1027_IEO_FEA_MD.wav,1027_IEO_FEA_MD.wav,1027,train,4,fearful,4,fearful,0.4109109342098236
data/cremad/audio/1027_IEO_HAP_HI.wav,1027_IEO_HAP_HI.wav,1027,train,1,happy,1,happy,0.7928475141525269
data/cremad/audio/1027_IEO_HAP_LO.wav,1027_IEO_HAP_LO.wav,1027,train,1,happy,5,disgust,0.5611118674278259
data/cremad/audio/1027_IEO_HAP_MD.wav,1027_IEO_HAP_MD.wav,1027,train,1,happy,1,happy,0.8578364849090576
data/cremad/audio/1027_IEO_NEU_XX.wav,1027_IEO_NEU_XX.wav,1027,train,0,neutral,1,happy,0.7136663198471069
data/cremad/audio/1027_IEO_SAD_HI.wav,1027_IEO_SAD_HI.wav,1027,train,2,sad,2,sad,0.5615748763084412
data/cremad/audio/1027_IEO_SAD_LO.wav,1027_IEO_SAD_LO.wav,1027,train,2,sad,2,sad,0.8381059169769287
data/cremad/audio/1027_IEO_SAD_MD.wav,1027_IEO_SAD_MD.wav,1027,train,2,sad,2,sad,0.7330949902534485
data/cremad/audio/1027_IOM_ANG_XX.wav,1027_IOM_ANG_XX.wav,1027,train,3,angry,3,angry,0.9980906844139099
data/cremad/audio/1027_IOM_DIS_XX.wav,1027_IOM_DIS_XX.wav,1027,train,5,disgust,5,disgust,0.4302779734134674
data/cremad/audio/1027_IOM_FEA_XX.wav,1027_IOM_FEA_XX.wav,1027,train,4,fearful,1,happy,0.878178596496582
data/cremad/audio/1027_IOM_HAP_XX.wav,1027_IOM_HAP_XX.wav,1027,train,1,happy,1,happy,0.8268161416053772
data/cremad/audio/1027_IOM_NEU_XX.wav,1027_IOM_NEU_XX.wav,1027,train,0,neutral,0,neutral,0.7373806834220886
data/cremad/audio/1027_IOM_SAD_XX.wav,1027_IOM_SAD_XX.wav,1027,train,2,sad,0,neutral,0.4089830219745636
data/cremad/audio/1027_ITH_ANG_XX.wav,1027_ITH_ANG_XX.wav,1027,train,3,angry,3,angry,0.9988530874252319
data/cremad/audio/1027_ITH_DIS_XX.wav,1027_ITH_DIS_XX.wav,1027,train,5,disgust,5,disgust,0.7388566732406616
data/cremad/audio/1027_ITH_FEA_XX.wav,1027_ITH_FEA_XX.wav,1027,train,4,fearful,4,fearful,0.7780154943466187
data/cremad/audio/1027_ITH_HAP_XX.wav,1027_ITH_HAP_XX.wav,1027,train,1,happy,1,happy,0.9387261271476746
data/cremad/audio/1027_ITH_NEU_XX.wav,1027_ITH_NEU_XX.wav,1027,train,0,neutral,0,neutral,0.8833801746368408
data/cremad/audio/1027_ITH_SAD_XX.wav,1027_ITH_SAD_XX.wav,1027,train,2,sad,2,sad,0.7681381702423096
data/cremad/audio/1027_ITS_ANG_XX.wav,1027_ITS_ANG_XX.wav,1027,train,3,angry,3,angry,0.9960309863090515
data/cremad/audio/1027_ITS_DIS_XX.wav,1027_ITS_DIS_XX.wav,1027,train,5,disgust,5,disgust,0.6510369777679443
data/cremad/audio/1027_ITS_FEA_XX.wav,1027_ITS_FEA_XX.wav,1027,train,4,fearful,4,fearful,0.2663007080554962
data/cremad/audio/1027_ITS_HAP_XX.wav,1027_ITS_HAP_XX.wav,1027,train,1,happy,1,happy,0.9668426513671875
data/cremad/audio/1027_ITS_NEU_XX.wav,1027_ITS_NEU_XX.wav,1027,train,0,neutral,0,neutral,0.8980981707572937
data/cremad/audio/1027_ITS_SAD_XX.wav,1027_ITS_SAD_XX.wav,1027,train,2,sad,2,sad,0.78956139087677
data/cremad/audio/1027_IWL_ANG_XX.wav,1027_IWL_ANG_XX.wav,1027,train,3,angry,3,angry,0.9986504912376404
data/cremad/audio/1027_IWL_DIS_XX.wav,1027_IWL_DIS_XX.wav,1027,train,5,disgust,2,sad,0.6724554896354675
data/cremad/audio/1027_IWL_FEA_XX.wav,1027_IWL_FEA_XX.wav,1027,train,4,fearful,4,fearful,0.9304755926132202
data/cremad/audio/1027_IWL_HAP_XX.wav,1027_IWL_HAP_XX.wav,1027,train,1,happy,1,happy,0.6246204972267151
data/cremad/audio/1027_IWL_NEU_XX.wav,1027_IWL_NEU_XX.wav,1027,train,0,neutral,0,neutral,0.7797698974609375
data/cremad/audio/1027_IWL_SAD_XX.wav,1027_IWL_SAD_XX.wav,1027,train,2,sad,2,sad,0.7671008706092834
data/cremad/audio/1027_IWW_ANG_XX.wav,1027_IWW_ANG_XX.wav,1027,train,3,angry,3,angry,0.9940061569213867
data/cremad/audio/1027_IWW_DIS_XX.wav,1027_IWW_DIS_XX.wav,1027,train,5,disgust,5,disgust,0.8821555972099304
data/cremad/audio/1027_IWW_FEA_XX.wav,1027_IWW_FEA_XX.wav,1027,train,4,fearful,4,fearful,0.5947148203849792
data/cremad/audio/1027_IWW_HAP_XX.wav,1027_IWW_HAP_XX.wav,1027,train,1,happy,1,happy,0.7987455725669861
data/cremad/audio/1027_IWW_NEU_XX.wav,1027_IWW_NEU_XX.wav,1027,train,0,neutral,0,neutral,0.5660004615783691
data/cremad/audio/1027_IWW_SAD_XX.wav,1027_IWW_SAD_XX.wav,1027,train,2,sad,2,sad,0.8628153204917908
data/cremad/audio/1027_MTI_ANG_XX.wav,1027_MTI_ANG_XX.wav,1027,train,3,angry,3,angry,0.9994401335716248
data/cremad/audio/1027_MTI_DIS_XX.wav,1027_MTI_DIS_XX.wav,1027,train,5,disgust,5,disgust,0.8714897036552429
data/cremad/audio/1027_MTI_FEA_XX.wav,1027_MTI_FEA_XX.wav,1027,train,4,fearful,2,sad,0.3951929807662964
data/cremad/audio/1027_MTI_HAP_XX.wav,1027_MTI_HAP_XX.wav,1027,train,1,happy,1,happy,0.8220893740653992
data/cremad/audio/1027_MTI_NEU_XX.wav,1027_MTI_NEU_XX.wav,1027,train,0,neutral,1,happy,0.7469545602798462
data/cremad/audio/1027_MTI_SAD_XX.wav,1027_MTI_SAD_XX.wav,1027,train,2,sad,2,sad,0.6946121454238892
data/cremad/audio/1027_TAI_ANG_XX.wav,1027_TAI_ANG_XX.wav,1027,train,3,angry,3,angry,0.997373104095459
data/cremad/audio/1027_TAI_DIS_XX.wav,1027_TAI_DIS_XX.wav,1027,train,5,disgust,5,disgust,0.49445387721061707
data/cremad/audio/1027_TAI_FEA_XX.wav,1027_TAI_FEA_XX.wav,1027,train,4,fearful,4,fearful,0.8795168399810791
data/cremad/audio/1027_TAI_HAP_XX.wav,1027_TAI_HAP_XX.wav,1027,train,1,happy,4,fearful,0.5142521262168884
data/cremad/audio/1027_TAI_NEU_XX.wav,1027_TAI_NEU_XX.wav,1027,train,0,neutral,0,neutral,0.9715560078620911
data/cremad/audio/1027_TAI_SAD_XX.wav,1027_TAI_SAD_XX.wav,1027,train,2,sad,2,sad,0.8804418444633484
data/cremad/audio/1027_TIE_ANG_XX.wav,1027_TIE_ANG_XX.wav,1027,train,3,angry,3,angry,0.9691398739814758
data/cremad/audio/1027_TIE_DIS_XX.wav,1027_TIE_DIS_XX.wav,1027,train,5,disgust,5,disgust,0.8560174703598022
data/cremad/audio/1027_TIE_FEA_XX.wav,1027_TIE_FEA_XX.wav,1027,train,4,fearful,4,fearful,0.4254804849624634
data/cremad/audio/1027_TIE_HAP_XX.wav,1027_TIE_HAP_XX.wav,1027,train,1,happy,2,sad,0.5191601514816284
data/cremad/audio/1027_TIE_NEU_XX.wav,1027_TIE_NEU_XX.wav,1027,train,0,neutral,0,neutral,0.8057950735092163
data/cremad/audio/1027_TIE_SAD_XX.wav,1027_TIE_SAD_XX.wav,1027,train,2,sad,2,sad,0.5735673904418945
data/cremad/audio/1027_TSI_ANG_XX.wav,1027_TSI_ANG_XX.wav,1027,train,3,angry,3,angry,0.9968259334564209
data/cremad/audio/1027_TSI_DIS_XX.wav,1027_TSI_DIS_XX.wav,1027,train,5,disgust,5,disgust,0.9694585800170898
data/cremad/audio/1027_TSI_FEA_XX.wav,1027_TSI_FEA_XX.wav,1027,train,4,fearful,4,fearful,0.8086649179458618
data/cremad/audio/1027_TSI_HAP_XX.wav,1027_TSI_HAP_XX.wav,1027,train,1,happy,1,happy,0.7301857471466064
data/cremad/audio/1027_TSI_NEU_XX.wav,1027_TSI_NEU_XX.wav,1027,train,0,neutral,0,neutral,0.6536614894866943
data/cremad/audio/1027_TSI_SAD_XX.wav,1027_TSI_SAD_XX.wav,1027,train,2,sad,2,sad,0.8367857336997986
data/cremad/audio/1027_WSI_ANG_XX.wav,1027_WSI_ANG_XX.wav,1027,train,3,angry,3,angry,0.9984057545661926
data/cremad/audio/1027_WSI_DIS_XX.wav,1027_WSI_DIS_XX.wav,1027,train,5,disgust,1,happy,0.7512181401252747
data/cremad/audio/1027_WSI_FEA_XX.wav,1027_WSI_FEA_XX.wav,1027,train,4,fearful,4,fearful,0.8748109936714172
data/cremad/audio/1027_WSI_HAP_XX.wav,1027_WSI_HAP_XX.wav,1027,train,1,happy,1,happy,0.46404796838760376
data/cremad/audio/1027_WSI_NEU_XX.wav,1027_WSI_NEU_XX.wav,1027,train,0,neutral,0,neutral,0.3695841431617737
data/cremad/audio/1027_WSI_SAD_XX.wav,1027_WSI_SAD_XX.wav,1027,train,2,sad,2,sad,0.7376824617385864
data/cremad/audio/1028_DFA_ANG_XX.wav,1028_DFA_ANG_XX.wav,1028,train,3,angry,3,angry,0.9850746393203735
data/cremad/audio/1028_DFA_DIS_XX.wav,1028_DFA_DIS_XX.wav,1028,train,5,disgust,5,disgust,0.9062216281890869
data/cremad/audio/1028_DFA_FEA_XX.wav,1028_DFA_FEA_XX.wav,1028,train,4,fearful,4,fearful,0.7612531781196594
data/cremad/audio/1028_DFA_HAP_XX.wav,1028_DFA_HAP_XX.wav,1028,train,1,happy,1,happy,0.9559733867645264
data/cremad/audio/1028_DFA_NEU_XX.wav,1028_DFA_NEU_XX.wav,1028,train,0,neutral,0,neutral,0.9923005104064941
data/cremad/audio/1028_DFA_SAD_XX.wav,1028_DFA_SAD_XX.wav,1028,train,2,sad,2,sad,0.5076755285263062
data/cremad/audio/1028_IEO_ANG_HI.wav,1028_IEO_ANG_HI.wav,1028,train,3,angry,3,angry,0.9914016127586365
data/cremad/audio/1028_IEO_ANG_LO.wav,1028_IEO_ANG_LO.wav,1028,train,3,angry,3,angry,0.9898054599761963
data/cremad/audio/1028_IEO_ANG_MD.wav,1028_IEO_ANG_MD.wav,1028,train,3,angry,3,angry,0.9911218881607056
data/cremad/audio/1028_IEO_DIS_HI.wav,1028_IEO_DIS_HI.wav,1028,train,5,disgust,5,disgust,0.583834171295166
data/cremad/audio/1028_IEO_DIS_LO.wav,1028_IEO_DIS_LO.wav,1028,train,5,disgust,2,sad,0.8224641680717468
data/cremad/audio/1028_IEO_DIS_MD.wav,1028_IEO_DIS_MD.wav,1028,train,5,disgust,5,disgust,0.8960509896278381
data/cremad/audio/1028_IEO_FEA_HI.wav,1028_IEO_FEA_HI.wav,1028,train,4,fearful,4,fearful,0.769301176071167
data/cremad/audio/1028_IEO_FEA_LO.wav,1028_IEO_FEA_LO.wav,1028,train,4,fearful,2,sad,0.804669201374054
data/cremad/audio/1028_IEO_FEA_MD.wav,1028_IEO_FEA_MD.wav,1028,train,4,fearful,2,sad,0.6290550827980042
data/cremad/audio/1028_IEO_HAP_HI.wav,1028_IEO_HAP_HI.wav,1028,train,1,happy,5,disgust,0.42410212755203247
data/cremad/audio/1028_IEO_HAP_LO.wav,1028_IEO_HAP_LO.wav,1028,train,1,happy,1,happy,0.9905200004577637
data/cremad/audio/1028_IEO_HAP_MD.wav,1028_IEO_HAP_MD.wav,1028,train,1,happy,1,happy,0.9894606471061707
data/cremad/audio/1028_IEO_NEU_XX.wav,1028_IEO_NEU_XX.wav,1028,train,0,neutral,0,neutral,0.9855279326438904
data/cremad/audio/1028_IEO_SAD_HI.wav,1028_IEO_SAD_HI.wav,1028,train,2,sad,2,sad,0.7292221188545227
data/cremad/audio/1028_IEO_SAD_LO.wav,1028_IEO_SAD_LO.wav,1028,train,2,sad,2,sad,0.8619681000709534
data/cremad/audio/1028_IEO_SAD_MD.wav,1028_IEO_SAD_MD.wav,1028,train,2,sad,2,sad,0.8139068484306335
data/cremad/audio/1028_IOM_ANG_XX.wav,1028_IOM_ANG_XX.wav,1028,train,3,angry,3,angry,0.999605119228363
data/cremad/audio/1028_IOM_DIS_XX.wav,1028_IOM_DIS_XX.wav,1028,train,5,disgust,5,disgust,0.9395208954811096
data/cremad/audio/1028_IOM_FEA_XX.wav,1028_IOM_FEA_XX.wav,1028,train,4,fearful,1,happy,0.5804370045661926
data/cremad/audio/1028_IOM_HAP_XX.wav,1028_IOM_HAP_XX.wav,1028,train,1,happy,1,happy,0.9902706146240234
data/cremad/audio/1028_IOM_NEU_XX.wav,1028_IOM_NEU_XX.wav,1028,train,0,neutral,0,neutral,0.9603489637374878
data/cremad/audio/1028_IOM_SAD_XX.wav,1028_IOM_SAD_XX.wav,1028,train,2,sad,5,disgust,0.4369456171989441
data/cremad/audio/1028_ITH_ANG_XX.wav,1028_ITH_ANG_XX.wav,1028,train,3,angry,3,angry,0.9915425777435303
data/cremad/audio/1028_ITH_DIS_XX.wav,1028_ITH_DIS_XX.wav,1028,train,5,disgust,2,sad,0.5312871336936951
data/cremad/audio/1028_ITH_FEA_XX.wav,1028_ITH_FEA_XX.wav,1028,train,4,fearful,4,fearful,0.8260707259178162
data/cremad/audio/1028_ITH_HAP_XX.wav,1028_ITH_HAP_XX.wav,1028,train,1,happy,1,happy,0.933682918548584
data/cremad/audio/1028_ITH_NEU_XX.wav,1028_ITH_NEU_XX.wav,1028,train,0,neutral,0,neutral,0.7519951462745667
data/cremad/audio/1028_ITH_SAD_XX.wav,1028_ITH_SAD_XX.wav,1028,train,2,sad,4,fearful,0.6611648797988892
data/cremad/audio/1028_ITS_ANG_XX.wav,1028_ITS_ANG_XX.wav,1028,train,3,angry,3,angry,0.9876533150672913
data/cremad/audio/1028_ITS_DIS_XX.wav,1028_ITS_DIS_XX.wav,1028,train,5,disgust,5,disgust,0.9257330894470215
data/cremad/audio/1028_ITS_FEA_XX.wav,1028_ITS_FEA_XX.wav,1028,train,4,fearful,4,fearful,0.9044632315635681
data/cremad/audio/1028_ITS_HAP_XX.wav,1028_ITS_HAP_XX.wav,1028,train,1,happy,1,happy,0.9949640035629272
data/cremad/audio/1028_ITS_NEU_XX.wav,1028_ITS_NEU_XX.wav,1028,train,0,neutral,0,neutral,0.9776541590690613
data/cremad/audio/1028_ITS_SAD_XX.wav,1028_ITS_SAD_XX.wav,1028,train,2,sad,2,sad,0.799567699432373
data/cremad/audio/1028_IWL_ANG_XX.wav,1028_IWL_ANG_XX.wav,1028,train,3,angry,3,angry,0.997806966304779
data/cremad/audio/1028_IWL_DIS_XX.wav,1028_IWL_DIS_XX.wav,1028,train,5,disgust,5,disgust,0.7370187044143677
data/cremad/audio/1028_IWL_FEA_XX.wav,1028_IWL_FEA_XX.wav,1028,train,4,fearful,2,sad,0.5129517912864685
data/cremad/audio/1028_IWL_HAP_XX.wav,1028_IWL_HAP_XX.wav,1028,train,1,happy,1,happy,0.8527680039405823
data/cremad/audio/1028_IWL_NEU_XX.wav,1028_IWL_NEU_XX.wav,1028,train,0,neutral,0,neutral,0.9735602736473083
data/cremad/audio/1028_IWL_SAD_XX.wav,1028_IWL_SAD_XX.wav,1028,train,2,sad,2,sad,0.8174076676368713
data/cremad/audio/1028_IWW_ANG_XX.wav,1028_IWW_ANG_XX.wav,1028,train,3,angry,3,angry,0.9940546154975891
data/cremad/audio/1028_IWW_DIS_XX.wav,1028_IWW_DIS_XX.wav,1028,train,5,disgust,4,fearful,0.34051674604415894
data/cremad/audio/1028_IWW_FEA_XX.wav,1028_IWW_FEA_XX.wav,1028,train,4,fearful,4,fearful,0.8348489999771118
data/cremad/audio/1028_IWW_HAP_XX.wav,1028_IWW_HAP_XX.wav,1028,train,1,happy,1,happy,0.986664891242981
data/cremad/audio/1028_IWW_NEU_XX.wav,1028_IWW_NEU_XX.wav,1028,train,0,neutral,0,neutral,0.995152473449707
data/cremad/audio/1028_IWW_SAD_XX.wav,1028_IWW_SAD_XX.wav,1028,train,2,sad,2,sad,0.46872299909591675
data/cremad/audio/1028_MTI_ANG_XX.wav,1028_MTI_ANG_XX.wav,1028,train,3,angry,3,angry,0.9907958507537842
data/cremad/audio/1028_MTI_DIS_XX.wav,1028_MTI_DIS_XX.wav,1028,train,5,disgust,5,disgust,0.954170823097229
data/cremad/audio/1028_MTI_FEA_XX.wav,1028_MTI_FEA_XX.wav,1028,train,4,fearful,4,fearful,0.8757272362709045
data/cremad/audio/1028_MTI_HAP_XX.wav,1028_MTI_HAP_XX.wav,1028,train,1,happy,1,happy,0.976202666759491
data/cremad/audio/1028_MTI_NEU_XX.wav,1028_MTI_NEU_XX.wav,1028,train,0,neutral,0,neutral,0.9891197681427002
data/cremad/audio/1028_MTI_SAD_XX.wav,1028_MTI_SAD_XX.wav,1028,train,2,sad,2,sad,0.7025953531265259
data/cremad/audio/1028_TAI_ANG_XX.wav,1028_TAI_ANG_XX.wav,1028,train,3,angry,3,angry,0.99935382604599
data/cremad/audio/1028_TAI_DIS_XX.wav,1028_TAI_DIS_XX.wav,1028,train,5,disgust,5,disgust,0.8428013920783997
data/cremad/audio/1028_TAI_FEA_XX.wav,1028_TAI_FEA_XX.wav,1028,train,4,fearful,4,fearful,0.9480031728744507
data/cremad/audio/1028_TAI_HAP_XX.wav,1028_TAI_HAP_XX.wav,1028,train,1,happy,1,happy,0.9837870001792908
data/cremad/audio/1028_TAI_NEU_XX.wav,1028_TAI_NEU_XX.wav,1028,train,0,neutral,0,neutral,0.9612888097763062
data/cremad/audio/1028_TAI_SAD_XX.wav,1028_TAI_SAD_XX.wav,1028,train,2,sad,2,sad,0.7315084338188171
data/cremad/audio/1028_TIE_ANG_XX.wav,1028_TIE_ANG_XX.wav,1028,train,3,angry,3,angry,0.9977450966835022
data/cremad/audio/1028_TIE_DIS_XX.wav,1028_TIE_DIS_XX.wav,1028,train,5,disgust,2,sad,0.6123216152191162
data/cremad/audio/1028_TIE_FEA_XX.wav,1028_TIE_FEA_XX.wav,1028,train,4,fearful,4,fearful,0.9208200573921204
data/cremad/audio/1028_TIE_HAP_XX.wav,1028_TIE_HAP_XX.wav,1028,train,1,happy,4,fearful,0.7535151839256287
data/cremad/audio/1028_TIE_NEU_XX.wav,1028_TIE_NEU_XX.wav,1028,train,0,neutral,2,sad,0.6907302737236023
data/cremad/audio/1028_TIE_SAD_XX.wav,1028_TIE_SAD_XX.wav,1028,train,2,sad,0,neutral,0.899095356464386
data/cremad/audio/1028_TSI_ANG_XX.wav,1028_TSI_ANG_XX.wav,1028,train,3,angry,3,angry,0.994742751121521
data/cremad/audio/1028_TSI_DIS_XX.wav,1028_TSI_DIS_XX.wav,1028,train,5,disgust,5,disgust,0.8677428364753723
data/cremad/audio/1028_TSI_FEA_XX.wav,1028_TSI_FEA_XX.wav,1028,train,4,fearful,4,fearful,0.8783108592033386
data/cremad/audio/1028_TSI_HAP_XX.wav,1028_TSI_HAP_XX.wav,1028,train,1,happy,1,happy,0.6595866084098816
data/cremad/audio/1028_TSI_NEU_XX.wav,1028_TSI_NEU_XX.wav,1028,train,0,neutral,0,neutral,0.9908466935157776
data/cremad/audio/1028_TSI_SAD_XX.wav,1028_TSI_SAD_XX.wav,1028,train,2,sad,2,sad,0.9014512896537781
data/cremad/audio/1028_WSI_ANG_XX.wav,1028_WSI_ANG_XX.wav,1028,train,3,angry,3,angry,0.9958088397979736
data/cremad/audio/1028_WSI_DIS_XX.wav,1028_WSI_DIS_XX.wav,1028,train,5,disgust,2,sad,0.6398172378540039
data/cremad/audio/1028_WSI_FEA_XX.wav,1028_WSI_FEA_XX.wav,1028,train,4,fearful,4,fearful,0.6967119574546814
data/cremad/audio/1028_WSI_HAP_XX.wav,1028_WSI_HAP_XX.wav,1028,train,1,happy,1,happy,0.85938560962677
data/cremad/audio/1028_WSI_NEU_XX.wav,1028_WSI_NEU_XX.wav,1028,train,0,neutral,0,neutral,0.9903924465179443
data/cremad/audio/1028_WSI_SAD_XX.wav,1028_WSI_SAD_XX.wav,1028,train,2,sad,2,sad,0.5471333861351013
data/cremad/audio/1029_DFA_ANG_XX.wav,1029_DFA_ANG_XX.wav,1029,train,3,angry,3,angry,0.9928091764450073
data/cremad/audio/1029_DFA_DIS_XX.wav,1029_DFA_DIS_XX.wav,1029,train,5,disgust,5,disgust,0.4395467936992645
data/cremad/audio/1029_DFA_FEA_XX.wav,1029_DFA_FEA_XX.wav,1029,train,4,fearful,4,fearful,0.8539475798606873
data/cremad/audio/1029_DFA_HAP_XX.wav,1029_DFA_HAP_XX.wav,1029,train,1,happy,1,happy,0.9953261613845825
data/cremad/audio/1029_DFA_NEU_XX.wav,1029_DFA_NEU_XX.wav,1029,train,0,neutral,0,neutral,0.7587933540344238
data/cremad/audio/1029_DFA_SAD_XX.wav,1029_DFA_SAD_XX.wav,1029,train,2,sad,4,fearful,0.8706492781639099
data/cremad/audio/1029_IEO_ANG_HI.wav,1029_IEO_ANG_HI.wav,1029,train,3,angry,3,angry,0.9958491325378418
data/cremad/audio/1029_IEO_ANG_LO.wav,1029_IEO_ANG_LO.wav,1029,train,3,angry,3,angry,0.9559099674224854
data/cremad/audio/1029_IEO_ANG_MD.wav,1029_IEO_ANG_MD.wav,1029,train,3,angry,3,angry,0.9050621390342712
data/cremad/audio/1029_IEO_DIS_HI.wav,1029_IEO_DIS_HI.wav,1029,train,5,disgust,5,disgust,0.8848763108253479
data/cremad/audio/1029_IEO_DIS_LO.wav,1029_IEO_DIS_LO.wav,1029,train,5,disgust,5,disgust,0.9107949137687683
data/cremad/audio/1029_IEO_DIS_MD.wav,1029_IEO_DIS_MD.wav,1029,train,5,disgust,1,happy,0.44281718134880066
data/cremad/audio/1029_IEO_FEA_HI.wav,1029_IEO_FEA_HI.wav,1029,train,4,fearful,4,fearful,0.9204909205436707
data/cremad/audio/1029_IEO_FEA_LO.wav,1029_IEO_FEA_LO.wav,1029,train,4,fearful,4,fearful,0.8236899375915527
data/cremad/audio/1029_IEO_FEA_MD.wav,1029_IEO_FEA_MD.wav,1029,train,4,fearful,0,neutral,0.3944201171398163
data/cremad/audio/1029_IEO_HAP_HI.wav,1029_IEO_HAP_HI.wav,1029,train,1,happy,3,angry,0.6128351092338562
data/cremad/audio/1029_IEO_HAP_LO.wav,1029_IEO_HAP_LO.wav,1029,train,1,happy,1,happy,0.9950666427612305
data/cremad/audio/1029_IEO_HAP_MD.wav,1029_IEO_HAP_MD.wav,1029,train,1,happy,1,happy,0.9735952019691467
data/cremad/audio/1029_IEO_NEU_XX.wav,1029_IEO_NEU_XX.wav,1029,train,0,neutral,0,neutral,0.6039290428161621
data/cremad/audio/1029_IEO_SAD_HI.wav,1029_IEO_SAD_HI.wav,1029,train,2,sad,4,fearful,0.4675579071044922
data/cremad/audio/1029_IEO_SAD_LO.wav,1029_IEO_SAD_LO.wav,1029,train,2,sad,2,sad,0.7517172694206238
data/cremad/audio/1029_IEO_SAD_MD.wav,1029_IEO_SAD_MD.wav,1029,train,2,sad,4,fearful,0.517041027545929
data/cremad/audio/1029_IOM_ANG_XX.wav,1029_IOM_ANG_XX.wav,1029,train,3,angry,3,angry,0.9942458271980286
data/cremad/audio/1029_IOM_DIS_XX.wav,1029_IOM_DIS_XX.wav,1029,train,5,disgust,5,disgust,0.9547320604324341
data/cremad/audio/1029_IOM_FEA_XX.wav,1029_IOM_FEA_XX.wav,1029,train,4,fearful,4,fearful,0.936772882938385
data/cremad/audio/1029_IOM_HAP_XX.wav,1029_IOM_HAP_XX.wav,1029,train,1,happy,1,happy,0.9723306894302368
data/cremad/audio/1029_IOM_NEU_XX.wav,1029_IOM_NEU_XX.wav,1029,train,0,neutral,0,neutral,0.9871158003807068
data/cremad/audio/1029_IOM_SAD_XX.wav,1029_IOM_SAD_XX.wav,1029,train,2,sad,2,sad,0.9419857263565063
data/cremad/audio/1029_ITH_ANG_XX.wav,1029_ITH_ANG_XX.wav,1029,train,3,angry,3,angry,0.988731324672699
data/cremad/audio/1029_ITH_DIS_XX.wav,1029_ITH_DIS_XX.wav,1029,train,5,disgust,3,angry,0.9187631607055664
data/cremad/audio/1029_ITH_FEA_XX.wav,1029_ITH_FEA_XX.wav,1029,train,4,fearful,4,fearful,0.9758059978485107
data/cremad/audio/1029_ITH_HAP_XX.wav,1029_ITH_HAP_XX.wav,1029,train,1,happy,1,happy,0.9820339679718018
data/cremad/audio/1029_ITH_NEU_XX.wav,1029_ITH_NEU_XX.wav,1029,train,0,neutral,0,neutral,0.997170627117157
data/cremad/audio/1029_ITH_SAD_XX.wav,1029_ITH_SAD_XX.wav,1029,train,2,sad,4,fearful,0.4557803273200989
data/cremad/audio/1029_ITS_ANG_XX.wav,1029_ITS_ANG_XX.wav,1029,train,3,angry,3,angry,0.8487410545349121
data/cremad/audio/1029_ITS_DIS_XX.wav,1029_ITS_DIS_XX.wav,1029,train,5,disgust,3,angry,0.944047749042511
data/cremad/audio/1029_ITS_FEA_XX.wav,1029_ITS_FEA_XX.wav,1029,train,4,fearful,4,fearful,0.9101431965827942
data/cremad/audio/1029_ITS_HAP_XX.wav,1029_ITS_HAP_XX.wav,1029,train,1,happy,1,happy,0.47345054149627686
data/cremad/audio/1029_ITS_NEU_XX.wav,1029_ITS_NEU_XX.wav,1029,train,0,neutral,0,neutral,0.9957261085510254
data/cremad/audio/1029_ITS_SAD_XX.wav,1029_ITS_SAD_XX.wav,1029,train,2,sad,2,sad,0.47758573293685913
data/cremad/audio/1029_IWL_ANG_XX.wav,1029_IWL_ANG_XX.wav,1029,train,3,angry,3,angry,0.9983622431755066
data/cremad/audio/1029_IWL_DIS_XX.wav,1029_IWL_DIS_XX.wav,1029,train,5,disgust,3,angry,0.7288583517074585
data/cremad/audio/1029_IWL_FEA_XX.wav,1029_IWL_FEA_XX.wav,1029,train,4,fearful,4,fearful,0.9420706629753113
data/cremad/audio/1029_IWL_HAP_XX.wav,1029_IWL_HAP_XX.wav,1029,train,1,happy,1,happy,0.95594722032547
data/cremad/audio/1029_IWL_NEU_XX.wav,1029_IWL_NEU_XX.wav,1029,train,0,neutral,0,neutral,0.9850571751594543
data/cremad/audio/1029_IWL_SAD_XX.wav,1029_IWL_SAD_XX.wav,1029,train,2,sad,2,sad,0.8392521142959595
data/cremad/audio/1029_IWW_ANG_XX.wav,1029_IWW_ANG_XX.wav,1029,train,3,angry,3,angry,0.9939233660697937
data/cremad/audio/1029_IWW_DIS_XX.wav,1029_IWW_DIS_XX.wav,1029,train,5,disgust,5,disgust,0.7934452891349792
data/cremad/audio/1029_IWW_FEA_XX.wav,1029_IWW_FEA_XX.wav,1029,train,4,fearful,4,fearful,0.8507824540138245
data/cremad/audio/1029_IWW_HAP_XX.wav,1029_IWW_HAP_XX.wav,1029,train,1,happy,1,happy,0.9775214195251465
data/cremad/audio/1029_IWW_NEU_XX.wav,1029_IWW_NEU_XX.wav,1029,train,0,neutral,0,neutral,0.9915729761123657
data/cremad/audio/1029_IWW_SAD_XX.wav,1029_IWW_SAD_XX.wav,1029,train,2,sad,4,fearful,0.5777950882911682
data/cremad/audio/1029_MTI_ANG_XX.wav,1029_MTI_ANG_XX.wav,1029,train,3,angry,3,angry,0.9916364550590515
data/cremad/audio/1029_MTI_DIS_XX.wav,1029_MTI_DIS_XX.wav,1029,train,5,disgust,5,disgust,0.6691543459892273
data/cremad/audio/1029_MTI_FEA_XX.wav,1029_MTI_FEA_XX.wav,1029,train,4,fearful,4,fearful,0.9675610065460205
data/cremad/audio/1029_MTI_HAP_XX.wav,1029_MTI_HAP_XX.wav,1029,train,1,happy,1,happy,0.9950321912765503
data/cremad/audio/1029_MTI_NEU_XX.wav,1029_MTI_NEU_XX.wav,1029,train,0,neutral,0,neutral,0.9405126571655273
data/cremad/audio/1029_MTI_SAD_XX.wav,1029_MTI_SAD_XX.wav,1029,train,2,sad,1,happy,0.6033753752708435
data/cremad/audio/1029_TAI_ANG_XX.wav,1029_TAI_ANG_XX.wav,1029,train,3,angry,3,angry,0.9996052384376526
data/cremad/audio/1029_TAI_DIS_XX.wav,1029_TAI_DIS_XX.wav,1029,train,5,disgust,1,happy,0.2790895700454712
data/cremad/audio/1029_TAI_FEA_XX.wav,1029_TAI_FEA_XX.wav,1029,train,4,fearful,4,fearful,0.7352572679519653
data/cremad/audio/1029_TAI_HAP_XX.wav,1029_TAI_HAP_XX.wav,1029,train,1,happy,1,happy,0.9022806882858276
data/cremad/audio/1029_TAI_NEU_XX.wav,1029_TAI_NEU_XX.wav,1029,train,0,neutral,0,neutral,0.9984912872314453
data/cremad/audio/1029_TAI_SAD_XX.wav,1029_TAI_SAD_XX.wav,1029,train,2,sad,4,fearful,0.5229626893997192
data/cremad/audio/1029_TIE_ANG_XX.wav,1029_TIE_ANG_XX.wav,1029,train,3,angry,3,angry,0.4850667119026184
data/cremad/audio/1029_TIE_DIS_XX.wav,1029_TIE_DIS_XX.wav,1029,train,5,disgust,1,happy,0.49218684434890747
data/cremad/audio/1029_TIE_FEA_XX.wav,1029_TIE_FEA_XX.wav,1029,train,4,fearful,4,fearful,0.6432380080223083
data/cremad/audio/1029_TIE_HAP_XX.wav,1029_TIE_HAP_XX.wav,1029,train,1,happy,1,happy,0.5395529270172119
data/cremad/audio/1029_TIE_NEU_XX.wav,1029_TIE_NEU_XX.wav,1029,train,0,neutral,0,neutral,0.7717209458351135
data/cremad/audio/1029_TIE_SAD_XX.wav,1029_TIE_SAD_XX.wav,1029,train,2,sad,2,sad,0.8085675835609436
data/cremad/audio/1029_TSI_ANG_XX.wav,1029_TSI_ANG_XX.wav,1029,train,3,angry,3,angry,0.9964208602905273
data/cremad/audio/1029_TSI_DIS_XX.wav,1029_TSI_DIS_XX.wav,1029,train,5,disgust,5,disgust,0.8164803981781006
data/cremad/audio/1029_TSI_FEA_XX.wav,1029_TSI_FEA_XX.wav,1029,train,4,fearful,4,fearful,0.9485384821891785
data/cremad/audio/1029_TSI_HAP_XX.wav,1029_TSI_HAP_XX.wav,1029,train,1,happy,1,happy,0.9866835474967957
data/cremad/audio/1029_TSI_NEU_XX.wav,1029_TSI_NEU_XX.wav,1029,train,0,neutral,0,neutral,0.9990435242652893
data/cremad/audio/1029_TSI_SAD_XX.wav,1029_TSI_SAD_XX.wav,1029,train,2,sad,2,sad,0.7857223749160767
data/cremad/audio/1029_WSI_ANG_XX.wav,1029_WSI_ANG_XX.wav,1029,train,3,angry,3,angry,0.9950401186943054
data/cremad/audio/1029_WSI_DIS_XX.wav,1029_WSI_DIS_XX.wav,1029,train,5,disgust,3,angry,0.9983925223350525
data/cremad/audio/1029_WSI_FEA_XX.wav,1029_WSI_FEA_XX.wav,1029,train,4,fearful,4,fearful,0.7794471383094788
data/cremad/audio/1029_WSI_HAP_XX.wav,1029_WSI_HAP_XX.wav,1029,train,1,happy,1,happy,0.7003790736198425
data/cremad/audio/1029_WSI_NEU_XX.wav,1029_WSI_NEU_XX.wav,1029,train,0,neutral,0,neutral,0.9874013066291809
data/cremad/audio/1029_WSI_SAD_XX.wav,1029_WSI_SAD_XX.wav,1029,train,2,sad,2,sad,0.6275279521942139
data/cremad/audio/1030_DFA_ANG_XX.wav,1030_DFA_ANG_XX.wav,1030,train,3,angry,3,angry,0.9921777844429016
data/cremad/audio/1030_DFA_DIS_XX.wav,1030_DFA_DIS_XX.wav,1030,train,5,disgust,5,disgust,0.9270138740539551
data/cremad/audio/1030_DFA_FEA_XX.wav,1030_DFA_FEA_XX.wav,1030,train,4,fearful,4,fearful,0.9360237121582031
data/cremad/audio/1030_DFA_HAP_XX.wav,1030_DFA_HAP_XX.wav,1030,train,1,happy,1,happy,0.9845247864723206
data/cremad/audio/1030_DFA_NEU_XX.wav,1030_DFA_NEU_XX.wav,1030,train,0,neutral,0,neutral,0.9339845180511475
data/cremad/audio/1030_DFA_SAD_XX.wav,1030_DFA_SAD_XX.wav,1030,train,2,sad,2,sad,0.6714701652526855
data/cremad/audio/1030_IEO_ANG_HI.wav,1030_IEO_ANG_HI.wav,1030,train,3,angry,3,angry,0.9976351261138916
data/cremad/audio/1030_IEO_ANG_LO.wav,1030_IEO_ANG_LO.wav,1030,train,3,angry,5,disgust,0.48211660981178284
data/cremad/audio/1030_IEO_ANG_MD.wav,1030_IEO_ANG_MD.wav,1030,train,3,angry,3,angry,0.9901933073997498
data/cremad/audio/1030_IEO_DIS_HI.wav,1030_IEO_DIS_HI.wav,1030,train,5,disgust,5,disgust,0.4024449288845062
data/cremad/audio/1030_IEO_DIS_LO.wav,1030_IEO_DIS_LO.wav,1030,train,5,disgust,5,disgust,0.8148505091667175
data/cremad/audio/1030_IEO_DIS_MD.wav,1030_IEO_DIS_MD.wav,1030,train,5,disgust,3,angry,0.46104130148887634
data/cremad/audio/1030_IEO_FEA_HI.wav,1030_IEO_FEA_HI.wav,1030,train,4,fearful,4,fearful,0.9605380892753601
data/cremad/audio/1030_IEO_FEA_LO.wav,1030_IEO_FEA_LO.wav,1030,train,4,fearful,2,sad,0.4555303752422333
data/cremad/audio/1030_IEO_FEA_MD.wav,1030_IEO_FEA_MD.wav,1030,train,4,fearful,2,sad,0.3667658865451813
data/cremad/audio/1030_IEO_HAP_HI.wav,1030_IEO_HAP_HI.wav,1030,train,1,happy,4,fearful,0.6734901666641235
data/cremad/audio/1030_IEO_HAP_LO.wav,1030_IEO_HAP_LO.wav,1030,train,1,happy,0,neutral,0.9260621666908264
data/cremad/audio/1030_IEO_HAP_MD.wav,1030_IEO_HAP_MD.wav,1030,train,1,happy,1,happy,0.8938035368919373
data/cremad/audio/1030_IEO_NEU_XX.wav,1030_IEO_NEU_XX.wav,1030,train,0,neutral,0,neutral,0.9863446950912476
data/cremad/audio/1030_IEO_SAD_HI.wav,1030_IEO_SAD_HI.wav,1030,train,2,sad,2,sad,0.4913233816623688
data/cremad/audio/1030_IEO_SAD_LO.wav,1030_IEO_SAD_LO.wav,1030,train,2,sad,2,sad,0.7276594042778015
data/cremad/audio/1030_IEO_SAD_MD.wav,1030_IEO_SAD_MD.wav,1030,train,2,sad,2,sad,0.8422810435295105
data/cremad/audio/1030_IOM_ANG_XX.wav,1030_IOM_ANG_XX.wav,1030,train,3,angry,3,angry,0.830976665019989
data/cremad/audio/1030_IOM_DIS_XX.wav,1030_IOM_DIS_XX.wav,1030,train,5,disgust,5,disgust,0.7792470455169678
data/cremad/audio/1030_IOM_FEA_XX.wav,1030_IOM_FEA_XX.wav,1030,train,4,fearful,2,sad,0.7429068684577942
data/cremad/audio/1030_IOM_HAP_XX.wav,1030_IOM_HAP_XX.wav,1030,train,1,happy,1,happy,0.4317170977592468
data/cremad/audio/1030_IOM_NEU_XX.wav,1030_IOM_NEU_XX.wav,1030,train,0,neutral,2,sad,0.7682002782821655
data/cremad/audio/1030_IOM_SAD_XX.wav,1030_IOM_SAD_XX.wav,1030,train,2,sad,2,sad,0.6550588011741638
data/cremad/audio/1030_ITH_ANG_XX.wav,1030_ITH_ANG_XX.wav,1030,train,3,angry,3,angry,0.9720081090927124
data/cremad/audio/1030_ITH_DIS_XX.wav,1030_ITH_DIS_XX.wav,1030,train,5,disgust,5,disgust,0.9550171494483948
data/cremad/audio/1030_ITH_FEA_XX.wav,1030_ITH_FEA_XX.wav,1030,train,4,fearful,4,fearful,0.8709850907325745
data/cremad/audio/1030_ITH_HAP_XX.wav,1030_ITH_HAP_XX.wav,1030,train,1,happy,1,happy,0.9965876340866089
data/cremad/audio/1030_ITH_NEU_XX.wav,1030_ITH_NEU_XX.wav,1030,train,0,neutral,0,neutral,0.9193550944328308
data/cremad/audio/1030_ITH_SAD_XX.wav,1030_ITH_SAD_XX.wav,1030,train,2,sad,2,sad,0.42232900857925415
data/cremad/audio/1030_ITS_ANG_XX.wav,1030_ITS_ANG_XX.wav,1030,train,3,angry,3,angry,0.9798079133033752
data/cremad/audio/1030_ITS_DIS_XX.wav,1030_ITS_DIS_XX.wav,1030,train,5,disgust,5,disgust,0.9320551156997681
data/cremad/audio/1030_ITS_FEA_XX.wav,1030_ITS_FEA_XX.wav,1030,train,4,fearful,4,fearful,0.9201479554176331
data/cremad/audio/1030_ITS_HAP_XX.wav,1030_ITS_HAP_XX.wav,1030,train,1,happy,1,happy,0.6552477478981018
data/cremad/audio/1030_ITS_NEU_XX.wav,1030_ITS_NEU_XX.wav,1030,train,0,neutral,0,neutral,0.9034408330917358
data/cremad/audio/1030_ITS_SAD_XX.wav,1030_ITS_SAD_XX.wav,1030,train,2,sad,2,sad,0.8167160153388977
data/cremad/audio/1030_IWL_ANG_XX.wav,1030_IWL_ANG_XX.wav,1030,train,3,angry,3,angry,0.9954515099525452
data/cremad/audio/1030_IWL_DIS_XX.wav,1030_IWL_DIS_XX.wav,1030,train,5,disgust,5,disgust,0.6421127915382385
data/cremad/audio/1030_IWL_FEA_XX.wav,1030_IWL_FEA_XX.wav,1030,train,4,fearful,3,angry,0.5524148344993591
data/cremad/audio/1030_IWL_HAP_XX.wav,1030_IWL_HAP_XX.wav,1030,train,1,happy,1,happy,0.6292191743850708
data/cremad/audio/1030_IWL_NEU_XX.wav,1030_IWL_NEU_XX.wav,1030,train,0,neutral,0,neutral,0.9913592338562012
data/cremad/audio/1030_IWL_SAD_XX.wav,1030_IWL_SAD_XX.wav,1030,train,2,sad,2,sad,0.5247153043746948
data/cremad/audio/1030_IWW_ANG_XX.wav,1030_IWW_ANG_XX.wav,1030,train,3,angry,3,angry,0.9528928995132446
data/cremad/audio/1030_IWW_DIS_XX.wav,1030_IWW_DIS_XX.wav,1030,train,5,disgust,2,sad,0.4986329674720764
data/cremad/audio/1030_IWW_FEA_XX.wav,1030_IWW_FEA_XX.wav,1030,train,4,fearful,2,sad,0.6108887791633606
data/cremad/audio/1030_IWW_HAP_XX.wav,1030_IWW_HAP_XX.wav,1030,train,1,happy,1,happy,0.9124018549919128
data/cremad/audio/1030_IWW_NEU_XX.wav,1030_IWW_NEU_XX.wav,1030,train,0,neutral,0,neutral,0.9794888496398926
data/cremad/audio/1030_IWW_SAD_XX.wav,1030_IWW_SAD_XX.wav,1030,train,2,sad,2,sad,0.8189553618431091
data/cremad/audio/1030_MTI_ANG_XX.wav,1030_MTI_ANG_XX.wav,1030,train,3,angry,3,angry,0.7906853556632996
data/cremad/audio/1030_MTI_DIS_XX.wav,1030_MTI_DIS_XX.wav,1030,train,5,disgust,5,disgust,0.7049708366394043
data/cremad/audio/1030_MTI_FEA_XX.wav,1030_MTI_FEA_XX.wav,1030,train,4,fearful,4,fearful,0.7589367032051086
data/cremad/audio/1030_MTI_HAP_XX.wav,1030_MTI_HAP_XX.wav,1030,train,1,happy,1,happy,0.8703753352165222
data/cremad/audio/1030_MTI_NEU_XX.wav,1030_MTI_NEU_XX.wav,1030,train,0,neutral,0,neutral,0.9748332500457764
data/cremad/audio/1030_MTI_SAD_XX.wav,1030_MTI_SAD_XX.wav,1030,train,2,sad,2,sad,0.8900083303451538
data/cremad/audio/1030_TAI_ANG_XX.wav,1030_TAI_ANG_XX.wav,1030,train,3,angry,3,angry,0.9936001300811768
data/cremad/audio/1030_TAI_DIS_XX.wav,1030_TAI_DIS_XX.wav,1030,train,5,disgust,5,disgust,0.8983767032623291
data/cremad/audio/1030_TAI_FEA_XX.wav,1030_TAI_FEA_XX.wav,1030,train,4,fearful,1,happy,0.8771757483482361
data/cremad/audio/1030_TAI_HAP_XX.wav,1030_TAI_HAP_XX.wav,1030,train,1,happy,1,happy,0.9855849146842957
data/cremad/audio/1030_TAI_NEU_XX.wav,1030_TAI_NEU_XX.wav,1030,train,0,neutral,0,neutral,0.9436632990837097
data/cremad/audio/1030_TAI_SAD_XX.wav,1030_TAI_SAD_XX.wav,1030,train,2,sad,5,disgust,0.4843702018260956
data/cremad/audio/1030_TIE_ANG_XX.wav,1030_TIE_ANG_XX.wav,1030,train,3,angry,3,angry,0.4571511745452881
data/cremad/audio/1030_TIE_DIS_XX.wav,1030_TIE_DIS_XX.wav,1030,train,5,disgust,5,disgust,0.8811297416687012
data/cremad/audio/1030_TIE_FEA_XX.wav,1030_TIE_FEA_XX.wav,1030,train,4,fearful,4,fearful,0.8160516619682312
data/cremad/audio/1030_TIE_HAP_XX.wav,1030_TIE_HAP_XX.wav,1030,train,1,happy,1,happy,0.7785507440567017
data/cremad/audio/1030_TIE_NEU_XX.wav,1030_TIE_NEU_XX.wav,1030,train,0,neutral,0,neutral,0.8761809468269348
data/cremad/audio/1030_TIE_SAD_XX.wav,1030_TIE_SAD_XX.wav,1030,train,2,sad,2,sad,0.794494092464447
data/cremad/audio/1030_TSI_ANG_XX.wav,1030_TSI_ANG_XX.wav,1030,train,3,angry,3,angry,0.9922892451286316
data/cremad/audio/1030_TSI_DIS_XX.wav,1030_TSI_DIS_XX.wav,1030,train,5,disgust,5,disgust,0.965602695941925
data/cremad/audio/1030_TSI_FEA_XX.wav,1030_TSI_FEA_XX.wav,1030,train,4,fearful,4,fearful,0.7187479734420776
data/cremad/audio/1030_TSI_HAP_XX.wav,1030_TSI_HAP_XX.wav,1030,train,1,happy,1,happy,0.8883647322654724
data/cremad/audio/1030_TSI_NEU_XX.wav,1030_TSI_NEU_XX.wav,1030,train,0,neutral,0,neutral,0.8576162457466125
data/cremad/audio/1030_TSI_SAD_XX.wav,1030_TSI_SAD_XX.wav,1030,train,2,sad,2,sad,0.7545662522315979
data/cremad/audio/1030_WSI_ANG_XX.wav,1030_WSI_ANG_XX.wav,1030,train,3,angry,3,angry,0.9254752993583679
data/cremad/audio/1030_WSI_DIS_XX.wav,1030_WSI_DIS_XX.wav,1030,train,5,disgust,5,disgust,0.8881266713142395
data/cremad/audio/1030_WSI_FEA_XX.wav,1030_WSI_FEA_XX.wav,1030,train,4,fearful,4,fearful,0.6703774929046631
data/cremad/audio/1030_WSI_HAP_XX.wav,1030_WSI_HAP_XX.wav,1030,train,1,happy,1,happy,0.8664751052856445
data/cremad/audio/1030_WSI_NEU_XX.wav,1030_WSI_NEU_XX.wav,1030,train,0,neutral,0,neutral,0.9390215277671814
data/cremad/audio/1030_WSI_SAD_XX.wav,1030_WSI_SAD_XX.wav,1030,train,2,sad,2,sad,0.5134615302085876
data/cremad/audio/1032_DFA_ANG_XX.wav,1032_DFA_ANG_XX.wav,1032,train,3,angry,3,angry,0.7775766253471375
data/cremad/audio/1032_DFA_DIS_XX.wav,1032_DFA_DIS_XX.wav,1032,train,5,disgust,1,happy,0.3195955455303192
data/cremad/audio/1032_DFA_FEA_XX.wav,1032_DFA_FEA_XX.wav,1032,train,4,fearful,2,sad,0.4969367980957031
data/cremad/audio/1032_DFA_HAP_XX.wav,1032_DFA_HAP_XX.wav,1032,train,1,happy,1,happy,0.9238112568855286
data/cremad/audio/1032_DFA_NEU_XX.wav,1032_DFA_NEU_XX.wav,1032,train,0,neutral,0,neutral,0.9480364918708801
data/cremad/audio/1032_DFA_SAD_XX.wav,1032_DFA_SAD_XX.wav,1032,train,2,sad,2,sad,0.5494716763496399
data/cremad/audio/1032_IEO_ANG_HI.wav,1032_IEO_ANG_HI.wav,1032,train,3,angry,3,angry,0.9867870807647705
data/cremad/audio/1032_IEO_ANG_LO.wav,1032_IEO_ANG_LO.wav,1032,train,3,angry,3,angry,0.6646091341972351
data/cremad/audio/1032_IEO_ANG_MD.wav,1032_IEO_ANG_MD.wav,1032,train,3,angry,3,angry,0.9331473112106323
data/cremad/audio/1032_IEO_DIS_HI.wav,1032_IEO_DIS_HI.wav,1032,train,5,disgust,5,disgust,0.9529886245727539
data/cremad/audio/1032_IEO_DIS_LO.wav,1032_IEO_DIS_LO.wav,1032,train,5,disgust,5,disgust,0.39049336314201355
data/cremad/audio/1032_IEO_DIS_MD.wav,1032_IEO_DIS_MD.wav,1032,train,5,disgust,5,disgust,0.8088306188583374
data/cremad/audio/1032_IEO_FEA_HI.wav,1032_IEO_FEA_HI.wav,1032,train,4,fearful,4,fearful,0.8326128721237183
data/cremad/audio/1032_IEO_FEA_LO.wav,1032_IEO_FEA_LO.wav,1032,train,4,fearful,4,fearful,0.6656344532966614
data/cremad/audio/1032_IEO_FEA_MD.wav,1032_IEO_FEA_MD.wav,1032,train,4,fearful,5,disgust,0.4111103117465973
data/cremad/audio/1032_IEO_HAP_HI.wav,1032_IEO_HAP_HI.wav,1032,train,1,happy,1,happy,0.895376980304718
data/cremad/audio/1032_IEO_HAP_LO.wav,1032_IEO_HAP_LO.wav,1032,train,1,happy,1,happy,0.8859766721725464
data/cremad/audio/1032_IEO_HAP_MD.wav,1032_IEO_HAP_MD.wav,1032,train,1,happy,2,sad,0.29696911573410034
data/cremad/audio/1032_IEO_NEU_XX.wav,1032_IEO_NEU_XX.wav,1032,train,0,neutral,2,sad,0.5328789353370667
data/cremad/audio/1032_IEO_SAD_HI.wav,1032_IEO_SAD_HI.wav,1032,train,2,sad,0,neutral,0.7952576279640198
data/cremad/audio/1032_IEO_SAD_LO.wav,1032_IEO_SAD_LO.wav,1032,train,2,sad,2,sad,0.626987874507904
data/cremad/audio/1032_IEO_SAD_MD.wav,1032_IEO_SAD_MD.wav,1032,train,2,sad,2,sad,0.8143781423568726
data/cremad/audio/1032_IOM_ANG_XX.wav,1032_IOM_ANG_XX.wav,1032,train,3,angry,3,angry,0.9700013995170593
data/cremad/audio/1032_IOM_DIS_XX.wav,1032_IOM_DIS_XX.wav,1032,train,5,disgust,5,disgust,0.8898047208786011
data/cremad/audio/1032_IOM_FEA_XX.wav,1032_IOM_FEA_XX.wav,1032,train,4,fearful,4,fearful,0.5457296967506409
data/cremad/audio/1032_IOM_HAP_XX.wav,1032_IOM_HAP_XX.wav,1032,train,1,happy,1,happy,0.7772347331047058
data/cremad/audio/1032_IOM_NEU_XX.wav,1032_IOM_NEU_XX.wav,1032,train,0,neutral,0,neutral,0.7944065928459167
data/cremad/audio/1032_IOM_SAD_XX.wav,1032_IOM_SAD_XX.wav,1032,train,2,sad,2,sad,0.8290745615959167
data/cremad/audio/1032_ITH_ANG_XX.wav,1032_ITH_ANG_XX.wav,1032,train,3,angry,1,happy,0.42555001378059387
data/cremad/audio/1032_ITH_DIS_XX.wav,1032_ITH_DIS_XX.wav,1032,train,5,disgust,5,disgust,0.7826997637748718
data/cremad/audio/1032_ITH_FEA_XX.wav,1032_ITH_FEA_XX.wav,1032,train,4,fearful,4,fearful,0.6355911493301392
data/cremad/audio/1032_ITH_HAP_XX.wav,1032_ITH_HAP_XX.wav,1032,train,1,happy,1,happy,0.9774582386016846
data/cremad/audio/1032_ITH_NEU_XX.wav,1032_ITH_NEU_XX.wav,1032,train,0,neutral,0,neutral,0.9558514952659607
data/cremad/audio/1032_ITH_SAD_XX.wav,1032_ITH_SAD_XX.wav,1032,train,2,sad,4,fearful,0.6386280655860901
data/cremad/audio/1032_ITS_ANG_XX.wav,1032_ITS_ANG_XX.wav,1032,train,3,angry,3,angry,0.7848801016807556
data/cremad/audio/1032_ITS_DIS_XX.wav,1032_ITS_DIS_XX.wav,1032,train,5,disgust,5,disgust,0.4358234703540802
data/cremad/audio/1032_ITS_FEA_XX.wav,1032_ITS_FEA_XX.wav,1032,train,4,fearful,4,fearful,0.9650407433509827
data/cremad/audio/1032_ITS_HAP_XX.wav,1032_ITS_HAP_XX.wav,1032,train,1,happy,1,happy,0.826960027217865
data/cremad/audio/1032_ITS_NEU_XX.wav,1032_ITS_NEU_XX.wav,1032,train,0,neutral,0,neutral,0.864024817943573
data/cremad/audio/1032_ITS_SAD_XX.wav,1032_ITS_SAD_XX.wav,1032,train,2,sad,2,sad,0.5033616423606873
data/cremad/audio/1032_IWL_ANG_XX.wav,1032_IWL_ANG_XX.wav,1032,train,3,angry,5,disgust,0.9039331674575806
data/cremad/audio/1032_IWL_DIS_XX.wav,1032_IWL_DIS_XX.wav,1032,train,5,disgust,5,disgust,0.7691251635551453
data/cremad/audio/1032_IWL_FEA_XX.wav,1032_IWL_FEA_XX.wav,1032,train,4,fearful,4,fearful,0.7293160557746887
data/cremad/audio/1032_IWL_HAP_XX.wav,1032_IWL_HAP_XX.wav,1032,train,1,happy,1,happy,0.9846093654632568
data/cremad/audio/1032_IWL_NEU_XX.wav,1032_IWL_NEU_XX.wav,1032,train,0,neutral,0,neutral,0.9775201678276062
data/cremad/audio/1032_IWL_SAD_XX.wav,1032_IWL_SAD_XX.wav,1032,train,2,sad,0,neutral,0.3429640233516693
data/cremad/audio/1032_IWW_ANG_XX.wav,1032_IWW_ANG_XX.wav,1032,train,3,angry,3,angry,0.6636039018630981
data/cremad/audio/1032_IWW_DIS_XX.wav,1032_IWW_DIS_XX.wav,1032,train,5,disgust,1,happy,0.308796226978302
data/cremad/audio/1032_IWW_FEA_XX.wav,1032_IWW_FEA_XX.wav,1032,train,4,fearful,2,sad,0.7401814460754395
data/cremad/audio/1032_IWW_HAP_XX.wav,1032_IWW_HAP_XX.wav,1032,train,1,happy,5,disgust,0.39059364795684814
data/cremad/audio/1032_IWW_NEU_XX.wav,1032_IWW_NEU_XX.wav,1032,train,0,neutral,0,neutral,0.9840072989463806
data/cremad/audio/1032_IWW_SAD_XX.wav,1032_IWW_SAD_XX.wav,1032,train,2,sad,2,sad,0.656440019607544
data/cremad/audio/1032_MTI_ANG_XX.wav,1032_MTI_ANG_XX.wav,1032,train,3,angry,5,disgust,0.7280773520469666
data/cremad/audio/1032_MTI_DIS_XX.wav,1032_MTI_DIS_XX.wav,1032,train,5,disgust,5,disgust,0.951518714427948
data/cremad/audio/1032_MTI_FEA_XX.wav,1032_MTI_FEA_XX.wav,1032,train,4,fearful,2,sad,0.6146714687347412
data/cremad/audio/1032_MTI_HAP_XX.wav,1032_MTI_HAP_XX.wav,1032,train,1,happy,0,neutral,0.7244731783866882
data/cremad/audio/1032_MTI_NEU_XX.wav,1032_MTI_NEU_XX.wav,1032,train,0,neutral,0,neutral,0.8594558835029602
data/cremad/audio/1032_MTI_SAD_XX.wav,1032_MTI_SAD_XX.wav,1032,train,2,sad,2,sad,0.8099129796028137
data/cremad/audio/1032_TAI_ANG_XX.wav,1032_TAI_ANG_XX.wav,1032,train,3,angry,5,disgust,0.8025090098381042
data/cremad/audio/1032_TAI_DIS_XX.wav,1032_TAI_DIS_XX.wav,1032,train,5,disgust,5,disgust,0.7605132460594177
data/cremad/audio/1032_TAI_FEA_XX.wav,1032_TAI_FEA_XX.wav,1032,train,4,fearful,4,fearful,0.5452092289924622
data/cremad/audio/1032_TAI_HAP_XX.wav,1032_TAI_HAP_XX.wav,1032,train,1,happy,0,neutral,0.4827914237976074
data/cremad/audio/1032_TAI_NEU_XX.wav,1032_TAI_NEU_XX.wav,1032,train,0,neutral,0,neutral,0.6933684349060059
data/cremad/audio/1032_TAI_SAD_XX.wav,1032_TAI_SAD_XX.wav,1032,train,2,sad,2,sad,0.9048970937728882
data/cremad/audio/1032_TIE_ANG_XX.wav,1032_TIE_ANG_XX.wav,1032,train,3,angry,5,disgust,0.5012496113777161
data/cremad/audio/1032_TIE_DIS_XX.wav,1032_TIE_DIS_XX.wav,1032,train,5,disgust,5,disgust,0.8215634226799011
data/cremad/audio/1032_TIE_FEA_XX.wav,1032_TIE_FEA_XX.wav,1032,train,4,fearful,2,sad,0.5599904656410217
data/cremad/audio/1032_TIE_HAP_XX.wav,1032_TIE_HAP_XX.wav,1032,train,1,happy,0,neutral,0.8495226502418518
data/cremad/audio/1032_TIE_NEU_XX.wav,1032_TIE_NEU_XX.wav,1032,train,0,neutral,0,neutral,0.9558733701705933
data/cremad/audio/1032_TIE_SAD_XX.wav,1032_TIE_SAD_XX.wav,1032,train,2,sad,5,disgust,0.4513453543186188
data/cremad/audio/1032_TSI_ANG_XX.wav,1032_TSI_ANG_XX.wav,1032,train,3,angry,1,happy,0.5316168069839478
data/cremad/audio/1032_TSI_DIS_XX.wav,1032_TSI_DIS_XX.wav,1032,train,5,disgust,5,disgust,0.9720959663391113
data/cremad/audio/1032_TSI_FEA_XX.wav,1032_TSI_FEA_XX.wav,1032,train,4,fearful,4,fearful,0.9955915212631226
data/cremad/audio/1032_TSI_HAP_XX.wav,1032_TSI_HAP_XX.wav,1032,train,1,happy,1,happy,0.9929119944572449
data/cremad/audio/1032_TSI_NEU_XX.wav,1032_TSI_NEU_XX.wav,1032,train,0,neutral,0,neutral,0.966894805431366
data/cremad/audio/1032_TSI_SAD_XX.wav,1032_TSI_SAD_XX.wav,1032,train,2,sad,2,sad,0.864431619644165
data/cremad/audio/1032_WSI_ANG_XX.wav,1032_WSI_ANG_XX.wav,1032,train,3,angry,1,happy,0.6248553991317749
data/cremad/audio/1032_WSI_DIS_XX.wav,1032_WSI_DIS_XX.wav,1032,train,5,disgust,5,disgust,0.6275709867477417
data/cremad/audio/1032_WSI_FEA_XX.wav,1032_WSI_FEA_XX.wav,1032,train,4,fearful,4,fearful,0.40042635798454285
data/cremad/audio/1032_WSI_HAP_XX.wav,1032_WSI_HAP_XX.wav,1032,train,1,happy,1,happy,0.6436242461204529
data/cremad/audio/1032_WSI_NEU_XX.wav,1032_WSI_NEU_XX.wav,1032,train,0,neutral,0,neutral,0.865161120891571
data/cremad/audio/1032_WSI_SAD_XX.wav,1032_WSI_SAD_XX.wav,1032,train,2,sad,2,sad,0.5091865062713623
data/cremad/audio/1033_DFA_ANG_XX.wav,1033_DFA_ANG_XX.wav,1033,train,3,angry,3,angry,0.9872599840164185
data/cremad/audio/1033_DFA_DIS_XX.wav,1033_DFA_DIS_XX.wav,1033,train,5,disgust,5,disgust,0.907936692237854
data/cremad/audio/1033_DFA_FEA_XX.wav,1033_DFA_FEA_XX.wav,1033,train,4,fearful,4,fearful,0.768394410610199
data/cremad/audio/1033_DFA_HAP_XX.wav,1033_DFA_HAP_XX.wav,1033,train,1,happy,1,happy,0.5298354029655457
data/cremad/audio/1033_DFA_NEU_XX.wav,1033_DFA_NEU_XX.wav,1033,train,0,neutral,0,neutral,0.8356408476829529
data/cremad/audio/1033_DFA_SAD_XX.wav,1033_DFA_SAD_XX.wav,1033,train,2,sad,5,disgust,0.631003201007843
data/cremad/audio/1033_IEO_ANG_HI.wav,1033_IEO_ANG_HI.wav,1033,train,3,angry,3,angry,0.9097697138786316
data/cremad/audio/1033_IEO_ANG_LO.wav,1033_IEO_ANG_LO.wav,1033,train,3,angry,3,angry,0.8291497826576233
data/cremad/audio/1033_IEO_ANG_MD.wav,1033_IEO_ANG_MD.wav,1033,train,3,angry,3,angry,0.9437842965126038
data/cremad/audio/1033_IEO_DIS_HI.wav,1033_IEO_DIS_HI.wav,1033,train,5,disgust,5,disgust,0.9352527260780334
data/cremad/audio/1033_IEO_DIS_LO.wav,1033_IEO_DIS_LO.wav,1033,train,5,disgust,5,disgust,0.9735516905784607
data/cremad/audio/1033_IEO_DIS_MD.wav,1033_IEO_DIS_MD.wav,1033,train,5,disgust,5,disgust,0.9900720119476318
data/cremad/audio/1033_IEO_FEA_HI.wav,1033_IEO_FEA_HI.wav,1033,train,4,fearful,4,fearful,0.9589143991470337
data/cremad/audio/1033_IEO_FEA_LO.wav,1033_IEO_FEA_LO.wav,1033,train,4,fearful,4,fearful,0.3728843927383423
data/cremad/audio/1033_IEO_FEA_MD.wav,1033_IEO_FEA_MD.wav,1033,train,4,fearful,4,fearful,0.5763406157493591
data/cremad/audio/1033_IEO_HAP_HI.wav,1033_IEO_HAP_HI.wav,1033,train,1,happy,1,happy,0.6891085505485535
data/cremad/audio/1033_IEO_HAP_LO.wav,1033_IEO_HAP_LO.wav,1033,train,1,happy,1,happy,0.9701040387153625
data/cremad/audio/1033_IEO_HAP_MD.wav,1033_IEO_HAP_MD.wav,1033,train,1,happy,1,happy,0.9941003918647766
data/cremad/audio/1033_IEO_NEU_XX.wav,1033_IEO_NEU_XX.wav,1033,train,0,neutral,0,neutral,0.6970247030258179
data/cremad/audio/1033_IEO_SAD_HI.wav,1033_IEO_SAD_HI.wav,1033,train,2,sad,2,sad,0.5205255746841431
data/cremad/audio/1033_IEO_SAD_LO.wav,1033_IEO_SAD_LO.wav,1033,train,2,sad,2,sad,0.6053006649017334
data/cremad/audio/1033_IEO_SAD_MD.wav,1033_IEO_SAD_MD.wav,1033,train,2,sad,2,sad,0.5168991684913635
data/cremad/audio/1033_IOM_ANG_XX.wav,1033_IOM_ANG_XX.wav,1033,train,3,angry,3,angry,0.9690120220184326
data/cremad/audio/1033_IOM_DIS_XX.wav,1033_IOM_DIS_XX.wav,1033,train,5,disgust,5,disgust,0.9090318083763123
data/cremad/audio/1033_IOM_FEA_XX.wav,1033_IOM_FEA_XX.wav,1033,train,4,fearful,4,fearful,0.9813675284385681
data/cremad/audio/1033_IOM_HAP_XX.wav,1033_IOM_HAP_XX.wav,1033,train,1,happy,1,happy,0.9735555052757263
data/cremad/audio/1033_IOM_NEU_XX.wav,1033_IOM_NEU_XX.wav,1033,train,0,neutral,0,neutral,0.9581161737442017
data/cremad/audio/1033_IOM_SAD_XX.wav,1033_IOM_SAD_XX.wav,1033,train,2,sad,2,sad,0.5426222681999207
data/cremad/audio/1033_ITH_ANG_XX.wav,1033_ITH_ANG_XX.wav,1033,train,3,angry,3,angry,0.7643309235572815
data/cremad/audio/1033_ITH_DIS_XX.wav,1033_ITH_DIS_XX.wav,1033,train,5,disgust,5,disgust,0.932397723197937
data/cremad/audio/1033_ITH_FEA_XX.wav,1033_ITH_FEA_XX.wav,1033,train,4,fearful,4,fearful,0.8950988054275513
data/cremad/audio/1033_ITH_HAP_XX.wav,1033_ITH_HAP_XX.wav,1033,train,1,happy,1,happy,0.6208664774894714
data/cremad/audio/1033_ITH_NEU_XX.wav,1033_ITH_NEU_XX.wav,1033,train,0,neutral,0,neutral,0.8854596018791199
data/cremad/audio/1033_ITH_SAD_XX.wav,1033_ITH_SAD_XX.wav,1033,train,2,sad,0,neutral,0.5113171339035034
data/cremad/audio/1033_ITS_ANG_XX.wav,1033_ITS_ANG_XX.wav,1033,train,3,angry,3,angry,0.9911453127861023
data/cremad/audio/1033_ITS_DIS_XX.wav,1033_ITS_DIS_XX.wav,1033,train,5,disgust,5,disgust,0.7903499603271484
data/cremad/audio/1033_ITS_FEA_XX.wav,1033_ITS_FEA_XX.wav,1033,train,4,fearful,4,fearful,0.9942086935043335
data/cremad/audio/1033_ITS_HAP_XX.wav,1033_ITS_HAP_XX.wav,1033,train,1,happy,4,fearful,0.6136602759361267
data/cremad/audio/1033_ITS_NEU_XX.wav,1033_ITS_NEU_XX.wav,1033,train,0,neutral,0,neutral,0.9813119769096375
data/cremad/audio/1033_ITS_SAD_XX.wav,1033_ITS_SAD_XX.wav,1033,train,2,sad,2,sad,0.7873333096504211
data/cremad/audio/1033_IWL_ANG_XX.wav,1033_IWL_ANG_XX.wav,1033,train,3,angry,3,angry,0.8836929202079773
data/cremad/audio/1033_IWL_DIS_XX.wav,1033_IWL_DIS_XX.wav,1033,train,5,disgust,5,disgust,0.49173420667648315
data/cremad/audio/1033_IWL_FEA_XX.wav,1033_IWL_FEA_XX.wav,1033,train,4,fearful,4,fearful,0.566720187664032
data/cremad/audio/1033_IWL_HAP_XX.wav,1033_IWL_HAP_XX.wav,1033,train,1,happy,1,happy,0.8277505040168762
data/cremad/audio/1033_IWL_NEU_XX.wav,1033_IWL_NEU_XX.wav,1033,train,0,neutral,0,neutral,0.7568120956420898
data/cremad/audio/1033_IWL_SAD_XX.wav,1033_IWL_SAD_XX.wav,1033,train,2,sad,2,sad,0.3106507658958435
data/cremad/audio/1033_IWW_ANG_XX.wav,1033_IWW_ANG_XX.wav,1033,train,3,angry,3,angry,0.997506320476532
data/cremad/audio/1033_IWW_DIS_XX.wav,1033_IWW_DIS_XX.wav,1033,train,5,disgust,5,disgust,0.8896395564079285
data/cremad/audio/1033_IWW_FEA_XX.wav,1033_IWW_FEA_XX.wav,1033,train,4,fearful,4,fearful,0.5941047072410583
data/cremad/audio/1033_IWW_HAP_XX.wav,1033_IWW_HAP_XX.wav,1033,train,1,happy,1,happy,0.9398157000541687
data/cremad/audio/1033_IWW_NEU_XX.wav,1033_IWW_NEU_XX.wav,1033,train,0,neutral,0,neutral,0.9207022190093994
data/cremad/audio/1033_IWW_SAD_XX.wav,1033_IWW_SAD_XX.wav,1033,train,2,sad,5,disgust,0.443228155374527
data/cremad/audio/1033_MTI_ANG_XX.wav,1033_MTI_ANG_XX.wav,1033,train,3,angry,3,angry,0.9922423362731934
data/cremad/audio/1033_MTI_DIS_XX.wav,1033_MTI_DIS_XX.wav,1033,train,5,disgust,5,disgust,0.7336916923522949
data/cremad/audio/1033_MTI_FEA_XX.wav,1033_MTI_FEA_XX.wav,1033,train,4,fearful,4,fearful,0.8964099884033203
data/cremad/audio/1033_MTI_HAP_XX.wav,1033_MTI_HAP_XX.wav,1033,train,1,happy,1,happy,0.9924005270004272
data/cremad/audio/1033_MTI_NEU_XX.wav,1033_MTI_NEU_XX.wav,1033,train,0,neutral,0,neutral,0.9933829307556152
data/cremad/audio/1033_MTI_SAD_XX.wav,1033_MTI_SAD_XX.wav,1033,train,2,sad,2,sad,0.7065574526786804
data/cremad/audio/1033_TAI_ANG_XX.wav,1033_TAI_ANG_XX.wav,1033,train,3,angry,3,angry,0.9776496887207031
data/cremad/audio/1033_TAI_DIS_XX.wav,1033_TAI_DIS_XX.wav,1033,train,5,disgust,5,disgust,0.6605172157287598
data/cremad/audio/1033_TAI_FEA_XX.wav,1033_TAI_FEA_XX.wav,1033,train,4,fearful,4,fearful,0.5231652855873108
data/cremad/audio/1033_TAI_HAP_XX.wav,1033_TAI_HAP_XX.wav,1033,train,1,happy,1,happy,0.9674563407897949
data/cremad/audio/1033_TAI_NEU_XX.wav,1033_TAI_NEU_XX.wav,1033,train,0,neutral,0,neutral,0.9775503873825073
data/cremad/audio/1033_TAI_SAD_XX.wav,1033_TAI_SAD_XX.wav,1033,train,2,sad,2,sad,0.5034883618354797
data/cremad/audio/1033_TIE_ANG_XX.wav,1033_TIE_ANG_XX.wav,1033,train,3,angry,4,fearful,0.7232723832130432
data/cremad/audio/1033_TIE_DIS_XX.wav,1033_TIE_DIS_XX.wav,1033,train,5,disgust,5,disgust,0.7717531323432922
data/cremad/audio/1033_TIE_FEA_XX.wav,1033_TIE_FEA_XX.wav,1033,train,4,fearful,2,sad,0.5830708146095276
data/cremad/audio/1033_TIE_HAP_XX.wav,1033_TIE_HAP_XX.wav,1033,train,1,happy,1,happy,0.7606508135795593
data/cremad/audio/1033_TIE_NEU_XX.wav,1033_TIE_NEU_XX.wav,1033,train,0,neutral,0,neutral,0.8588593602180481
data/cremad/audio/1033_TIE_SAD_XX.wav,1033_TIE_SAD_XX.wav,1033,train,2,sad,2,sad,0.6615278720855713
data/cremad/audio/1033_TSI_ANG_XX.wav,1033_TSI_ANG_XX.wav,1033,train,3,angry,3,angry,0.9475365281105042
data/cremad/audio/1033_TSI_DIS_XX.wav,1033_TSI_DIS_XX.wav,1033,train,5,disgust,5,disgust,0.6524413228034973
data/cremad/audio/1033_TSI_FEA_XX.wav,1033_TSI_FEA_XX.wav,1033,train,4,fearful,4,fearful,0.9889546632766724
data/cremad/audio/1033_TSI_HAP_XX.wav,1033_TSI_HAP_XX.wav,1033,train,1,happy,1,happy,0.9457963109016418
data/cremad/audio/1033_TSI_NEU_XX.wav,1033_TSI_NEU_XX.wav,1033,train,0,neutral,0,neutral,0.9335724711418152
data/cremad/audio/1033_TSI_SAD_XX.wav,1033_TSI_SAD_XX.wav,1033,train,2,sad,2,sad,0.6585259437561035
data/cremad/audio/1033_WSI_ANG_XX.wav,1033_WSI_ANG_XX.wav,1033,train,3,angry,3,angry,0.9985804557800293
data/cremad/audio/1033_WSI_DIS_XX.wav,1033_WSI_DIS_XX.wav,1033,train,5,disgust,5,disgust,0.9129824638366699
data/cremad/audio/1033_WSI_FEA_XX.wav,1033_WSI_FEA_XX.wav,1033,train,4,fearful,4,fearful,0.8185432553291321
data/cremad/audio/1033_WSI_HAP_XX.wav,1033_WSI_HAP_XX.wav,1033,train,1,happy,1,happy,0.9245423674583435
data/cremad/audio/1033_WSI_NEU_XX.wav,1033_WSI_NEU_XX.wav,1033,train,0,neutral,0,neutral,0.9878544211387634
data/cremad/audio/1033_WSI_SAD_XX.wav,1033_WSI_SAD_XX.wav,1033,train,2,sad,2,sad,0.6172173023223877
data/cremad/audio/1034_DFA_ANG_XX.wav,1034_DFA_ANG_XX.wav,1034,train,3,angry,3,angry,0.9084996581077576
data/cremad/audio/1034_DFA_DIS_XX.wav,1034_DFA_DIS_XX.wav,1034,train,5,disgust,5,disgust,0.9348652958869934
data/cremad/audio/1034_DFA_FEA_XX.wav,1034_DFA_FEA_XX.wav,1034,train,4,fearful,4,fearful,0.7940939664840698
data/cremad/audio/1034_DFA_HAP_XX.wav,1034_DFA_HAP_XX.wav,1034,train,1,happy,1,happy,0.7670512199401855
data/cremad/audio/1034_DFA_NEU_XX.wav,1034_DFA_NEU_XX.wav,1034,train,0,neutral,0,neutral,0.98358154296875
data/cremad/audio/1034_DFA_SAD_XX.wav,1034_DFA_SAD_XX.wav,1034,train,2,sad,2,sad,0.7683945894241333
data/cremad/audio/1034_IEO_ANG_HI.wav,1034_IEO_ANG_HI.wav,1034,train,3,angry,3,angry,0.9144168496131897
data/cremad/audio/1034_IEO_ANG_LO.wav,1034_IEO_ANG_LO.wav,1034,train,3,angry,5,disgust,0.8846251964569092
data/cremad/audio/1034_IEO_ANG_MD.wav,1034_IEO_ANG_MD.wav,1034,train,3,angry,3,angry,0.9105616211891174
data/cremad/audio/1034_IEO_DIS_HI.wav,1034_IEO_DIS_HI.wav,1034,train,5,disgust,5,disgust,0.35292789340019226
data/cremad/audio/1034_IEO_DIS_LO.wav,1034_IEO_DIS_LO.wav,1034,train,5,disgust,5,disgust,0.4593580663204193
data/cremad/audio/1034_IEO_DIS_MD.wav,1034_IEO_DIS_MD.wav,1034,train,5,disgust,5,disgust,0.9611409902572632
data/cremad/audio/1034_IEO_FEA_HI.wav,1034_IEO_FEA_HI.wav,1034,train,4,fearful,4,fearful,0.7980513572692871
data/cremad/audio/1034_IEO_FEA_LO.wav,1034_IEO_FEA_LO.wav,1034,train,4,fearful,4,fearful,0.3463272452354431
data/cremad/audio/1034_IEO_FEA_MD.wav,1034_IEO_FEA_MD.wav,1034,train,4,fearful,4,fearful,0.4859352707862854
data/cremad/audio/1034_IEO_HAP_HI.wav,1034_IEO_HAP_HI.wav,1034,train,1,happy,1,happy,0.915632963180542
data/cremad/audio/1034_IEO_HAP_LO.wav,1034_IEO_HAP_LO.wav,1034,train,1,happy,5,disgust,0.5532113313674927
data/cremad/audio/1034_IEO_HAP_MD.wav,1034_IEO_HAP_MD.wav,1034,train,1,happy,1,happy,0.7698193788528442
data/cremad/audio/1034_IEO_NEU_XX.wav,1034_IEO_NEU_XX.wav,1034,train,0,neutral,4,fearful,0.2852315604686737
data/cremad/audio/1034_IEO_SAD_HI.wav,1034_IEO_SAD_HI.wav,1034,train,2,sad,1,happy,0.35974520444869995
data/cremad/audio/1034_IEO_SAD_LO.wav,1034_IEO_SAD_LO.wav,1034,train,2,sad,2,sad,0.4081249237060547
data/cremad/audio/1034_IEO_SAD_MD.wav,1034_IEO_SAD_MD.wav,1034,train,2,sad,4,fearful,0.5619359612464905
data/cremad/audio/1034_IOM_ANG_XX.wav,1034_IOM_ANG_XX.wav,1034,train,3,angry,3,angry,0.9929134249687195
data/cremad/audio/1034_IOM_DIS_XX.wav,1034_IOM_DIS_XX.wav,1034,train,5,disgust,5,disgust,0.91471928358078
data/cremad/audio/1034_IOM_FEA_XX.wav,1034_IOM_FEA_XX.wav,1034,train,4,fearful,4,fearful,0.6656525731086731
data/cremad/audio/1034_IOM_HAP_XX.wav,1034_IOM_HAP_XX.wav,1034,train,1,happy,1,happy,0.9319701194763184
data/cremad/audio/1034_IOM_NEU_XX.wav,1034_IOM_NEU_XX.wav,1034,train,0,neutral,0,neutral,0.9354203939437866
data/cremad/audio/1034_IOM_SAD_XX.wav,1034_IOM_SAD_XX.wav,1034,train,2,sad,2,sad,0.48197826743125916
data/cremad/audio/1034_ITH_ANG_XX.wav,1034_ITH_ANG_XX.wav,1034,train,3,angry,5,disgust,0.6678546071052551
data/cremad/audio/1034_ITH_DIS_XX.wav,1034_ITH_DIS_XX.wav,1034,train,5,disgust,5,disgust,0.38631829619407654
data/cremad/audio/1034_ITH_FEA_XX.wav,1034_ITH_FEA_XX.wav,1034,train,4,fearful,2,sad,0.6030879020690918
data/cremad/audio/1034_ITH_HAP_XX.wav,1034_ITH_HAP_XX.wav,1034,train,1,happy,1,happy,0.9181052446365356
data/cremad/audio/1034_ITH_NEU_XX.wav,1034_ITH_NEU_XX.wav,1034,train,0,neutral,0,neutral,0.861924946308136
data/cremad/audio/1034_ITH_SAD_XX.wav,1034_ITH_SAD_XX.wav,1034,train,2,sad,2,sad,0.9256475567817688
data/cremad/audio/1034_ITS_ANG_XX.wav,1034_ITS_ANG_XX.wav,1034,train,3,angry,3,angry,0.9896111488342285
data/cremad/audio/1034_ITS_DIS_XX.wav,1034_ITS_DIS_XX.wav,1034,train,5,disgust,2,sad,0.7676303386688232
data/cremad/audio/1034_ITS_FEA_XX.wav,1034_ITS_FEA_XX.wav,1034,train,4,fearful,2,sad,0.8119510412216187
data/cremad/audio/1034_ITS_HAP_XX.wav,1034_ITS_HAP_XX.wav,1034,train,1,happy,1,happy,0.9273039698600769
data/cremad/audio/1034_ITS_NEU_XX.wav,1034_ITS_NEU_XX.wav,1034,train,0,neutral,0,neutral,0.8953716158866882
data/cremad/audio/1034_ITS_SAD_XX.wav,1034_ITS_SAD_XX.wav,1034,train,2,sad,2,sad,0.9044688940048218
data/cremad/audio/1034_IWL_ANG_XX.wav,1034_IWL_ANG_XX.wav,1034,train,3,angry,3,angry,0.6813855171203613
data/cremad/audio/1034_IWL_DIS_XX.wav,1034_IWL_DIS_XX.wav,1034,train,5,disgust,5,disgust,0.6536396741867065
data/cremad/audio/1034_IWL_FEA_XX.wav,1034_IWL_FEA_XX.wav,1034,train,4,fearful,4,fearful,0.6419184803962708
data/cremad/audio/1034_IWL_HAP_XX.wav,1034_IWL_HAP_XX.wav,1034,train,1,happy,1,happy,0.3588787913322449
data/cremad/audio/1034_IWL_NEU_XX.wav,1034_IWL_NEU_XX.wav,1034,train,0,neutral,0,neutral,0.8610253930091858
data/cremad/audio/1034_IWL_SAD_XX.wav,1034_IWL_SAD_XX.wav,1034,train,2,sad,2,sad,0.6721066236495972
data/cremad/audio/1034_IWW_ANG_XX.wav,1034_IWW_ANG_XX.wav,1034,train,3,angry,3,angry,0.8339294195175171
data/cremad/audio/1034_IWW_DIS_XX.wav,1034_IWW_DIS_XX.wav,1034,train,5,disgust,2,sad,0.7900986075401306
data/cremad/audio/1034_IWW_FEA_XX.wav,1034_IWW_FEA_XX.wav,1034,train,4,fearful,0,neutral,0.5862517952919006
data/cremad/audio/1034_IWW_HAP_XX.wav,1034_IWW_HAP_XX.wav,1034,train,1,happy,1,happy,0.4384686052799225
data/cremad/audio/1034_IWW_NEU_XX.wav,1034_IWW_NEU_XX.wav,1034,train,0,neutral,0,neutral,0.9091895222663879
data/cremad/audio/1034_IWW_SAD_XX.wav,1034_IWW_SAD_XX.wav,1034,train,2,sad,2,sad,0.8592805862426758
data/cremad/audio/1034_MTI_ANG_XX.wav,1034_MTI_ANG_XX.wav,1034,train,3,angry,3,angry,0.9233186841011047
data/cremad/audio/1034_MTI_DIS_XX.wav,1034_MTI_DIS_XX.wav,1034,train,5,disgust,2,sad,0.307390421628952
data/cremad/audio/1034_MTI_FEA_XX.wav,1034_MTI_FEA_XX.wav,1034,train,4,fearful,1,happy,0.6729338765144348
data/cremad/audio/1034_MTI_HAP_XX.wav,1034_MTI_HAP_XX.wav,1034,train,1,happy,1,happy,0.9583458304405212
data/cremad/audio/1034_MTI_NEU_XX.wav,1034_MTI_NEU_XX.wav,1034,train,0,neutral,0,neutral,0.905714750289917
data/cremad/audio/1034_MTI_SAD_XX.wav,1034_MTI_SAD_XX.wav,1034,train,2,sad,2,sad,0.5071690082550049
data/cremad/audio/1034_TAI_ANG_XX.wav,1034_TAI_ANG_XX.wav,1034,train,3,angry,3,angry,0.9324383735656738
data/cremad/audio/1034_TAI_DIS_XX.wav,1034_TAI_DIS_XX.wav,1034,train,5,disgust,5,disgust,0.7703246474266052
data/cremad/audio/1034_TAI_FEA_XX.wav,1034_TAI_FEA_XX.wav,1034,train,4,fearful,0,neutral,0.54290372133255
data/cremad/audio/1034_TAI_HAP_XX.wav,1034_TAI_HAP_XX.wav,1034,train,1,happy,1,happy,0.9466054439544678
data/cremad/audio/1034_TAI_NEU_XX.wav,1034_TAI_NEU_XX.wav,1034,train,0,neutral,0,neutral,0.9449933767318726
data/cremad/audio/1034_TAI_SAD_XX.wav,1034_TAI_SAD_XX.wav,1034,train,2,sad,0,neutral,0.5081194639205933
data/cremad/audio/1034_TIE_ANG_XX.wav,1034_TIE_ANG_XX.wav,1034,train,3,angry,1,happy,0.8061118721961975
data/cremad/audio/1034_TIE_DIS_XX.wav,1034_TIE_DIS_XX.wav,1034,train,5,disgust,5,disgust,0.5591066479682922
data/cremad/audio/1034_TIE_FEA_XX.wav,1034_TIE_FEA_XX.wav,1034,train,4,fearful,1,happy,0.9434356689453125
data/cremad/audio/1034_TIE_HAP_XX.wav,1034_TIE_HAP_XX.wav,1034,train,1,happy,1,happy,0.9163700342178345
data/cremad/audio/1034_TIE_NEU_XX.wav,1034_TIE_NEU_XX.wav,1034,train,0,neutral,0,neutral,0.9754459857940674
data/cremad/audio/1034_TIE_SAD_XX.wav,1034_TIE_SAD_XX.wav,1034,train,2,sad,2,sad,0.8814190626144409
data/cremad/audio/1034_TSI_ANG_XX.wav,1034_TSI_ANG_XX.wav,1034,train,3,angry,3,angry,0.46146726608276367
data/cremad/audio/1034_TSI_DIS_XX.wav,1034_TSI_DIS_XX.wav,1034,train,5,disgust,5,disgust,0.9521870613098145
data/cremad/audio/1034_TSI_FEA_XX.wav,1034_TSI_FEA_XX.wav,1034,train,4,fearful,2,sad,0.5819103717803955
data/cremad/audio/1034_TSI_HAP_XX.wav,1034_TSI_HAP_XX.wav,1034,train,1,happy,4,fearful,0.6328267455101013
data/cremad/audio/1034_TSI_NEU_XX.wav,1034_TSI_NEU_XX.wav,1034,train,0,neutral,0,neutral,0.9655731320381165
data/cremad/audio/1034_TSI_SAD_XX.wav,1034_TSI_SAD_XX.wav,1034,train,2,sad,2,sad,0.8445444107055664
data/cremad/audio/1034_WSI_ANG_XX.wav,1034_WSI_ANG_XX.wav,1034,train,3,angry,5,disgust,0.6280329823493958
data/cremad/audio/1034_WSI_DIS_XX.wav,1034_WSI_DIS_XX.wav,1034,train,5,disgust,2,sad,0.5059582591056824
data/cremad/audio/1034_WSI_FEA_XX.wav,1034_WSI_FEA_XX.wav,1034,train,4,fearful,2,sad,0.6886117458343506
data/cremad/audio/1034_WSI_HAP_XX.wav,1034_WSI_HAP_XX.wav,1034,train,1,happy,1,happy,0.7726467251777649
data/cremad/audio/1034_WSI_NEU_XX.wav,1034_WSI_NEU_XX.wav,1034,train,0,neutral,0,neutral,0.8666921257972717
data/cremad/audio/1034_WSI_SAD_XX.wav,1034_WSI_SAD_XX.wav,1034,train,2,sad,2,sad,0.9053136110305786
data/cremad/audio/1038_DFA_ANG_XX.wav,1038_DFA_ANG_XX.wav,1038,train,3,angry,3,angry,0.9928438067436218
data/cremad/audio/1038_DFA_DIS_XX.wav,1038_DFA_DIS_XX.wav,1038,train,5,disgust,5,disgust,0.9933745265007019
data/cremad/audio/1038_DFA_FEA_XX.wav,1038_DFA_FEA_XX.wav,1038,train,4,fearful,4,fearful,0.9948148131370544
data/cremad/audio/1038_DFA_HAP_XX.wav,1038_DFA_HAP_XX.wav,1038,train,1,happy,1,happy,0.9328389167785645
data/cremad/audio/1038_DFA_NEU_XX.wav,1038_DFA_NEU_XX.wav,1038,train,0,neutral,0,neutral,0.9812484979629517
data/cremad/audio/1038_DFA_SAD_XX.wav,1038_DFA_SAD_XX.wav,1038,train,2,sad,5,disgust,0.4904213845729828
data/cremad/audio/1038_IEO_ANG_HI.wav,1038_IEO_ANG_HI.wav,1038,train,3,angry,3,angry,0.9922343492507935
data/cremad/audio/1038_IEO_ANG_LO.wav,1038_IEO_ANG_LO.wav,1038,train,3,angry,3,angry,0.9100386500358582
data/cremad/audio/1038_IEO_ANG_MD.wav,1038_IEO_ANG_MD.wav,1038,train,3,angry,3,angry,0.9825399518013
data/cremad/audio/1038_IEO_DIS_HI.wav,1038_IEO_DIS_HI.wav,1038,train,5,disgust,5,disgust,0.7154312133789062
data/cremad/audio/1038_IEO_DIS_LO.wav,1038_IEO_DIS_LO.wav,1038,train,5,disgust,5,disgust,0.9569147825241089
data/cremad/audio/1038_IEO_DIS_MD.wav,1038_IEO_DIS_MD.wav,1038,train,5,disgust,5,disgust,0.9128860831260681
data/cremad/audio/1038_IEO_FEA_HI.wav,1038_IEO_FEA_HI.wav,1038,train,4,fearful,4,fearful,0.8529090881347656
data/cremad/audio/1038_IEO_FEA_LO.wav,1038_IEO_FEA_LO.wav,1038,train,4,fearful,2,sad,0.7544199228286743
data/cremad/audio/1038_IEO_FEA_MD.wav,1038_IEO_FEA_MD.wav,1038,train,4,fearful,4,fearful,0.5433256030082703
data/cremad/audio/1038_IEO_HAP_HI.wav,1038_IEO_HAP_HI.wav,1038,train,1,happy,1,happy,0.6318526268005371
data/cremad/audio/1038_IEO_HAP_LO.wav,1038_IEO_HAP_LO.wav,1038,train,1,happy,1,happy,0.9320985078811646
data/cremad/audio/1038_IEO_HAP_MD.wav,1038_IEO_HAP_MD.wav,1038,train,1,happy,1,happy,0.6945056319236755
data/cremad/audio/1038_IEO_NEU_XX.wav,1038_IEO_NEU_XX.wav,1038,train,0,neutral,0,neutral,0.9474963545799255
data/cremad/audio/1038_IEO_SAD_HI.wav,1038_IEO_SAD_HI.wav,1038,train,2,sad,2,sad,0.7691437005996704
data/cremad/audio/1038_IEO_SAD_LO.wav,1038_IEO_SAD_LO.wav,1038,train,2,sad,2,sad,0.8466524481773376
data/cremad/audio/1038_IEO_SAD_MD.wav,1038_IEO_SAD_MD.wav,1038,train,2,sad,2,sad,0.8655398488044739
data/cremad/audio/1038_IOM_ANG_XX.wav,1038_IOM_ANG_XX.wav,1038,train,3,angry,3,angry,0.9889717698097229
data/cremad/audio/1038_IOM_DIS_XX.wav,1038_IOM_DIS_XX.wav,1038,train,5,disgust,5,disgust,0.755987823009491
data/cremad/audio/1038_IOM_FEA_XX.wav,1038_IOM_FEA_XX.wav,1038,train,4,fearful,4,fearful,0.9280614256858826
data/cremad/audio/1038_IOM_HAP_XX.wav,1038_IOM_HAP_XX.wav,1038,train,1,happy,1,happy,0.9491477608680725
data/cremad/audio/1038_IOM_NEU_XX.wav,1038_IOM_NEU_XX.wav,1038,train,0,neutral,0,neutral,0.9806458353996277
data/cremad/audio/1038_IOM_SAD_XX.wav,1038_IOM_SAD_XX.wav,1038,train,2,sad,2,sad,0.8539255261421204
data/cremad/audio/1038_ITH_ANG_XX.wav,1038_ITH_ANG_XX.wav,1038,train,3,angry,3,angry,0.9471339583396912
data/cremad/audio/1038_ITH_DIS_XX.wav,1038_ITH_DIS_XX.wav,1038,train,5,disgust,5,disgust,0.9901156425476074
data/cremad/audio/1038_ITH_FEA_XX.wav,1038_ITH_FEA_XX.wav,1038,train,4,fearful,4,fearful,0.8095683455467224
data/cremad/audio/1038_ITH_HAP_XX.wav,1038_ITH_HAP_XX.wav,1038,train,1,happy,1,happy,0.9931995272636414
data/cremad/audio/1038_ITH_NEU_XX.wav,1038_ITH_NEU_XX.wav,1038,train,0,neutral,0,neutral,0.9841497540473938
data/cremad/audio/1038_ITH_SAD_XX.wav,1038_ITH_SAD_XX.wav,1038,train,2,sad,2,sad,0.7771897315979004
data/cremad/audio/1038_ITS_ANG_XX.wav,1038_ITS_ANG_XX.wav,1038,train,3,angry,3,angry,0.9994773268699646
data/cremad/audio/1038_ITS_DIS_XX.wav,1038_ITS_DIS_XX.wav,1038,train,5,disgust,5,disgust,0.79278963804245
data/cremad/audio/1038_ITS_FEA_XX.wav,1038_ITS_FEA_XX.wav,1038,train,4,fearful,1,happy,0.5868998765945435
data/cremad/audio/1038_ITS_HAP_XX.wav,1038_ITS_HAP_XX.wav,1038,train,1,happy,1,happy,0.9897925853729248
data/cremad/audio/1038_ITS_NEU_XX.wav,1038_ITS_NEU_XX.wav,1038,train,0,neutral,0,neutral,0.9982811212539673
data/cremad/audio/1038_ITS_SAD_XX.wav,1038_ITS_SAD_XX.wav,1038,train,2,sad,5,disgust,0.48750704526901245
data/cremad/audio/1038_IWL_ANG_XX.wav,1038_IWL_ANG_XX.wav,1038,train,3,angry,3,angry,0.9863823652267456
data/cremad/audio/1038_IWL_DIS_XX.wav,1038_IWL_DIS_XX.wav,1038,train,5,disgust,5,disgust,0.946452796459198
data/cremad/audio/1038_IWL_FEA_XX.wav,1038_IWL_FEA_XX.wav,1038,train,4,fearful,1,happy,0.7352468967437744
data/cremad/audio/1038_IWL_HAP_XX.wav,1038_IWL_HAP_XX.wav,1038,train,1,happy,1,happy,0.9950610995292664
data/cremad/audio/1038_IWL_NEU_XX.wav,1038_IWL_NEU_XX.wav,1038,train,0,neutral,0,neutral,0.9581176042556763
data/cremad/audio/1038_IWL_SAD_XX.wav,1038_IWL_SAD_XX.wav,1038,train,2,sad,2,sad,0.8783532977104187
data/cremad/audio/1038_IWW_ANG_XX.wav,1038_IWW_ANG_XX.wav,1038,train,3,angry,3,angry,0.9899243712425232
data/cremad/audio/1038_IWW_DIS_XX.wav,1038_IWW_DIS_XX.wav,1038,train,5,disgust,5,disgust,0.8272110819816589
data/cremad/audio/1038_IWW_FEA_XX.wav,1038_IWW_FEA_XX.wav,1038,train,4,fearful,4,fearful,0.7313789129257202
data/cremad/audio/1038_IWW_HAP_XX.wav,1038_IWW_HAP_XX.wav,1038,train,1,happy,1,happy,0.9822063446044922
data/cremad/audio/1038_IWW_NEU_XX.wav,1038_IWW_NEU_XX.wav,1038,train,0,neutral,0,neutral,0.9926682114601135
data/cremad/audio/1038_IWW_SAD_XX.wav,1038_IWW_SAD_XX.wav,1038,train,2,sad,2,sad,0.35843953490257263
data/cremad/audio/1038_MTI_ANG_XX.wav,1038_MTI_ANG_XX.wav,1038,train,3,angry,3,angry,0.9728192687034607
data/cremad/audio/1038_MTI_DIS_XX.wav,1038_MTI_DIS_XX.wav,1038,train,5,disgust,5,disgust,0.8552603125572205
data/cremad/audio/1038_MTI_FEA_XX.wav,1038_MTI_FEA_XX.wav,1038,train,4,fearful,4,fearful,0.7879287600517273
data/cremad/audio/1038_MTI_HAP_XX.wav,1038_MTI_HAP_XX.wav,1038,train,1,happy,1,happy,0.6777063608169556
data/cremad/audio/1038_MTI_NEU_XX.wav,1038_MTI_NEU_XX.wav,1038,train,0,neutral,0,neutral,0.685451328754425
data/cremad/audio/1038_MTI_SAD_XX.wav,1038_MTI_SAD_XX.wav,1038,train,2,sad,2,sad,0.6201501488685608
data/cremad/audio/1038_TAI_ANG_XX.wav,1038_TAI_ANG_XX.wav,1038,train,3,angry,3,angry,0.9945064187049866
data/cremad/audio/1038_TAI_DIS_XX.wav,1038_TAI_DIS_XX.wav,1038,train,5,disgust,5,disgust,0.8140043616294861
data/cremad/audio/1038_TAI_FEA_XX.wav,1038_TAI_FEA_XX.wav,1038,train,4,fearful,4,fearful,0.779857873916626
data/cremad/audio/1038_TAI_HAP_XX.wav,1038_TAI_HAP_XX.wav,1038,train,1,happy,1,happy,0.9706281423568726
data/cremad/audio/1038_TAI_NEU_XX.wav,1038_TAI_NEU_XX.wav,1038,train,0,neutral,0,neutral,0.9885483980178833
data/cremad/audio/1038_TAI_SAD_XX.wav,1038_TAI_SAD_XX.wav,1038,train,2,sad,5,disgust,0.4698713719844818
data/cremad/audio/1038_TIE_ANG_XX.wav,1038_TIE_ANG_XX.wav,1038,train,3,angry,3,angry,0.605152428150177
data/cremad/audio/1038_TIE_DIS_XX.wav,1038_TIE_DIS_XX.wav,1038,train,5,disgust,5,disgust,0.7715538144111633
data/cremad/audio/1038_TIE_FEA_XX.wav,1038_TIE_FEA_XX.wav,1038,train,4,fearful,4,fearful,0.9434118866920471
data/cremad/audio/1038_TIE_HAP_XX.wav,1038_TIE_HAP_XX.wav,1038,train,1,happy,1,happy,0.9284979104995728
data/cremad/audio/1038_TIE_NEU_XX.wav,1038_TIE_NEU_XX.wav,1038,train,0,neutral,0,neutral,0.9274279475212097
data/cremad/audio/1038_TIE_SAD_XX.wav,1038_TIE_SAD_XX.wav,1038,train,2,sad,2,sad,0.8718447685241699
data/cremad/audio/1038_TSI_ANG_XX.wav,1038_TSI_ANG_XX.wav,1038,train,3,angry,3,angry,0.948825478553772
data/cremad/audio/1038_TSI_DIS_XX.wav,1038_TSI_DIS_XX.wav,1038,train,5,disgust,5,disgust,0.697027862071991
data/cremad/audio/1038_TSI_FEA_XX.wav,1038_TSI_FEA_XX.wav,1038,train,4,fearful,4,fearful,0.9897468090057373
data/cremad/audio/1038_TSI_HAP_XX.wav,1038_TSI_HAP_XX.wav,1038,train,1,happy,1,happy,0.9432019591331482
data/cremad/audio/1038_TSI_NEU_XX.wav,1038_TSI_NEU_XX.wav,1038,train,0,neutral,0,neutral,0.944983720779419
data/cremad/audio/1038_TSI_SAD_XX.wav,1038_TSI_SAD_XX.wav,1038,train,2,sad,2,sad,0.5621424913406372
data/cremad/audio/1038_WSI_ANG_XX.wav,1038_WSI_ANG_XX.wav,1038,train,3,angry,3,angry,0.915266215801239
data/cremad/audio/1038_WSI_DIS_XX.wav,1038_WSI_DIS_XX.wav,1038,train,5,disgust,5,disgust,0.9925414323806763
data/cremad/audio/1038_WSI_FEA_XX.wav,1038_WSI_FEA_XX.wav,1038,train,4,fearful,4,fearful,0.9068230390548706
data/cremad/audio/1038_WSI_HAP_XX.wav,1038_WSI_HAP_XX.wav,1038,train,1,happy,1,happy,0.9474535584449768
data/cremad/audio/1038_WSI_NEU_XX.wav,1038_WSI_NEU_XX.wav,1038,train,0,neutral,0,neutral,0.9091600775718689
data/cremad/audio/1038_WSI_SAD_XX.wav,1038_WSI_SAD_XX.wav,1038,train,2,sad,2,sad,0.8939800262451172
data/cremad/audio/1039_DFA_ANG_XX.wav,1039_DFA_ANG_XX.wav,1039,train,3,angry,3,angry,0.9407662749290466
data/cremad/audio/1039_DFA_DIS_XX.wav,1039_DFA_DIS_XX.wav,1039,train,5,disgust,5,disgust,0.9693697690963745
data/cremad/audio/1039_DFA_FEA_XX.wav,1039_DFA_FEA_XX.wav,1039,train,4,fearful,4,fearful,0.8479286432266235
data/cremad/audio/1039_DFA_HAP_XX.wav,1039_DFA_HAP_XX.wav,1039,train,1,happy,1,happy,0.9592196345329285
data/cremad/audio/1039_DFA_NEU_XX.wav,1039_DFA_NEU_XX.wav,1039,train,0,neutral,0,neutral,0.7763773798942566
data/cremad/audio/1039_DFA_SAD_XX.wav,1039_DFA_SAD_XX.wav,1039,train,2,sad,2,sad,0.8411056995391846
data/cremad/audio/1039_IEO_ANG_HI.wav,1039_IEO_ANG_HI.wav,1039,train,3,angry,3,angry,0.9972867965698242
data/cremad/audio/1039_IEO_ANG_LO.wav,1039_IEO_ANG_LO.wav,1039,train,3,angry,0,neutral,0.8276486992835999
data/cremad/audio/1039_IEO_ANG_MD.wav,1039_IEO_ANG_MD.wav,1039,train,3,angry,3,angry,0.7297176122665405
data/cremad/audio/1039_IEO_DIS_HI.wav,1039_IEO_DIS_HI.wav,1039,train,5,disgust,5,disgust,0.7628071904182434
data/cremad/audio/1039_IEO_DIS_LO.wav,1039_IEO_DIS_LO.wav,1039,train,5,disgust,2,sad,0.7356511354446411
data/cremad/audio/1039_IEO_DIS_MD.wav,1039_IEO_DIS_MD.wav,1039,train,5,disgust,5,disgust,0.8650396466255188
data/cremad/audio/1039_IEO_FEA_HI.wav,1039_IEO_FEA_HI.wav,1039,train,4,fearful,4,fearful,0.8967354893684387
data/cremad/audio/1039_IEO_FEA_LO.wav,1039_IEO_FEA_LO.wav,1039,train,4,fearful,1,happy,0.6594666838645935
data/cremad/audio/1039_IEO_FEA_MD.wav,1039_IEO_FEA_MD.wav,1039,train,4,fearful,1,happy,0.8486341238021851
data/cremad/audio/1039_IEO_HAP_HI.wav,1039_IEO_HAP_HI.wav,1039,train,1,happy,1,happy,0.9854643940925598
data/cremad/audio/1039_IEO_HAP_LO.wav,1039_IEO_HAP_LO.wav,1039,train,1,happy,1,happy,0.7377864718437195
data/cremad/audio/1039_IEO_HAP_MD.wav,1039_IEO_HAP_MD.wav,1039,train,1,happy,1,happy,0.9962542057037354
data/cremad/audio/1039_IEO_NEU_XX.wav,1039_IEO_NEU_XX.wav,1039,train,0,neutral,0,neutral,0.6437109112739563
data/cremad/audio/1039_IEO_SAD_HI.wav,1039_IEO_SAD_HI.wav,1039,train,2,sad,4,fearful,0.5908347368240356
data/cremad/audio/1039_IEO_SAD_LO.wav,1039_IEO_SAD_LO.wav,1039,train,2,sad,2,sad,0.8158798217773438
data/cremad/audio/1039_IEO_SAD_MD.wav,1039_IEO_SAD_MD.wav,1039,train,2,sad,0,neutral,0.6034986972808838
data/cremad/audio/1039_IOM_ANG_XX.wav,1039_IOM_ANG_XX.wav,1039,train,3,angry,3,angry,0.9784196615219116
data/cremad/audio/1039_IOM_DIS_XX.wav,1039_IOM_DIS_XX.wav,1039,train,5,disgust,5,disgust,0.8245940804481506
data/cremad/audio/1039_IOM_FEA_XX.wav,1039_IOM_FEA_XX.wav,1039,train,4,fearful,4,fearful,0.974067747592926
data/cremad/audio/1039_IOM_HAP_XX.wav,1039_IOM_HAP_XX.wav,1039,train,1,happy,1,happy,0.9853237867355347
data/cremad/audio/1039_IOM_NEU_XX.wav,1039_IOM_NEU_XX.wav,1039,train,0,neutral,0,neutral,0.5832589864730835
data/cremad/audio/1039_IOM_SAD_XX.wav,1039_IOM_SAD_XX.wav,1039,train,2,sad,2,sad,0.5687699317932129
data/cremad/audio/1039_ITH_ANG_XX.wav,1039_ITH_ANG_XX.wav,1039,train,3,angry,3,angry,0.9834458231925964
data/cremad/audio/1039_ITH_DIS_XX.wav,1039_ITH_DIS_XX.wav,1039,train,5,disgust,5,disgust,0.9840701818466187
data/cremad/audio/1039_ITH_FEA_XX.wav,1039_ITH_FEA_XX.wav,1039,train,4,fearful,2,sad,0.7823428511619568
data/cremad/audio/1039_ITH_HAP_XX.wav,1039_ITH_HAP_XX.wav,1039,train,1,happy,1,happy,0.9642490744590759
data/cremad/audio/1039_ITH_NEU_XX.wav,1039_ITH_NEU_XX.wav,1039,train,0,neutral,0,neutral,0.943771481513977
data/cremad/audio/1039_ITH_SAD_XX.wav,1039_ITH_SAD_XX.wav,1039,train,2,sad,0,neutral,0.5730240941047668
data/cremad/audio/1039_ITS_ANG_XX.wav,1039_ITS_ANG_XX.wav,1039,train,3,angry,3,angry,0.98480623960495
data/cremad/audio/1039_ITS_DIS_XX.wav,1039_ITS_DIS_XX.wav,1039,train,5,disgust,5,disgust,0.7060865163803101
data/cremad/audio/1039_ITS_FEA_XX.wav,1039_ITS_FEA_XX.wav,1039,train,4,fearful,4,fearful,0.9528173804283142
data/cremad/audio/1039_ITS_HAP_XX.wav,1039_ITS_HAP_XX.wav,1039,train,1,happy,1,happy,0.9570608735084534
data/cremad/audio/1039_ITS_NEU_XX.wav,1039_ITS_NEU_XX.wav,1039,train,0,neutral,0,neutral,0.9652069807052612
data/cremad/audio/1039_ITS_SAD_XX.wav,1039_ITS_SAD_XX.wav,1039,train,2,sad,2,sad,0.7899203896522522
data/cremad/audio/1039_IWL_ANG_XX.wav,1039_IWL_ANG_XX.wav,1039,train,3,angry,3,angry,0.9881873726844788
data/cremad/audio/1039_IWL_DIS_XX.wav,1039_IWL_DIS_XX.wav,1039,train,5,disgust,5,disgust,0.9408348798751831
data/cremad/audio/1039_IWL_FEA_XX.wav,1039_IWL_FEA_XX.wav,1039,train,4,fearful,4,fearful,0.5669479966163635
data/cremad/audio/1039_IWL_HAP_XX.wav,1039_IWL_HAP_XX.wav,1039,train,1,happy,1,happy,0.9929682612419128
data/cremad/audio/1039_IWL_NEU_XX.wav,1039_IWL_NEU_XX.wav,1039,train,0,neutral,0,neutral,0.9545837640762329
data/cremad/audio/1039_IWL_SAD_XX.wav,1039_IWL_SAD_XX.wav,1039,train,2,sad,2,sad,0.7118922472000122
data/cremad/audio/1039_IWW_ANG_XX.wav,1039_IWW_ANG_XX.wav,1039,train,3,angry,3,angry,0.9915709495544434
data/cremad/audio/1039_IWW_DIS_XX.wav,1039_IWW_DIS_XX.wav,1039,train,5,disgust,5,disgust,0.5458552241325378
data/cremad/audio/1039_IWW_FEA_XX.wav,1039_IWW_FEA_XX.wav,1039,train,4,fearful,4,fearful,0.8782185912132263
data/cremad/audio/1039_IWW_HAP_XX.wav,1039_IWW_HAP_XX.wav,1039,train,1,happy,1,happy,0.8830322623252869
data/cremad/audio/1039_IWW_NEU_XX.wav,1039_IWW_NEU_XX.wav,1039,train,0,neutral,0,neutral,0.9688692092895508
data/cremad/audio/1039_IWW_SAD_XX.wav,1039_IWW_SAD_XX.wav,1039,train,2,sad,2,sad,0.7974792718887329
data/cremad/audio/1039_MTI_ANG_XX.wav,1039_MTI_ANG_XX.wav,1039,train,3,angry,3,angry,0.9624240398406982
data/cremad/audio/1039_MTI_DIS_XX.wav,1039_MTI_DIS_XX.wav,1039,train,5,disgust,5,disgust,0.6759421229362488
data/cremad/audio/1039_MTI_FEA_XX.wav,1039_MTI_FEA_XX.wav,1039,train,4,fearful,2,sad,0.5316067934036255
data/cremad/audio/1039_MTI_HAP_XX.wav,1039_MTI_HAP_XX.wav,1039,train,1,happy,1,happy,0.9701593518257141
data/cremad/audio/1039_MTI_NEU_XX.wav,1039_MTI_NEU_XX.wav,1039,train,0,neutral,0,neutral,0.7401243448257446
data/cremad/audio/1039_MTI_SAD_XX.wav,1039_MTI_SAD_XX.wav,1039,train,2,sad,2,sad,0.8659530282020569
data/cremad/audio/1039_TAI_ANG_XX.wav,1039_TAI_ANG_XX.wav,1039,train,3,angry,3,angry,0.9862921237945557
data/cremad/audio/1039_TAI_DIS_XX.wav,1039_TAI_DIS_XX.wav,1039,train,5,disgust,5,disgust,0.7623194456100464
data/cremad/audio/1039_TAI_FEA_XX.wav,1039_TAI_FEA_XX.wav,1039,train,4,fearful,4,fearful,0.8476938605308533
data/cremad/audio/1039_TAI_HAP_XX.wav,1039_TAI_HAP_XX.wav,1039,train,1,happy,1,happy,0.9804408550262451
data/cremad/audio/1039_TAI_NEU_XX.wav,1039_TAI_NEU_XX.wav,1039,train,0,neutral,0,neutral,0.9602994918823242
data/cremad/audio/1039_TAI_SAD_XX.wav,1039_TAI_SAD_XX.wav,1039,train,2,sad,2,sad,0.6385704874992371
data/cremad/audio/1039_TIE_ANG_XX.wav,1039_TIE_ANG_XX.wav,1039,train,3,angry,3,angry,0.9955270886421204
data/cremad/audio/1039_TIE_DIS_XX.wav,1039_TIE_DIS_XX.wav,1039,train,5,disgust,5,disgust,0.7000144720077515
data/cremad/audio/1039_TIE_FEA_XX.wav,1039_TIE_FEA_XX.wav,1039,train,4,fearful,4,fearful,0.9169649481773376
data/cremad/audio/1039_TIE_HAP_XX.wav,1039_TIE_HAP_XX.wav,1039,train,1,happy,1,happy,0.4680013656616211
data/cremad/audio/1039_TIE_NEU_XX.wav,1039_TIE_NEU_XX.wav,1039,train,0,neutral,0,neutral,0.8778294920921326
data/cremad/audio/1039_TIE_SAD_XX.wav,1039_TIE_SAD_XX.wav,1039,train,2,sad,2,sad,0.6058862805366516
data/cremad/audio/1039_TSI_ANG_XX.wav,1039_TSI_ANG_XX.wav,1039,train,3,angry,3,angry,0.8868690729141235
data/cremad/audio/1039_TSI_DIS_XX.wav,1039_TSI_DIS_XX.wav,1039,train,5,disgust,5,disgust,0.9436400532722473
data/cremad/audio/1039_TSI_FEA_XX.wav,1039_TSI_FEA_XX.wav,1039,train,4,fearful,4,fearful,0.8323215246200562
data/cremad/audio/1039_TSI_HAP_XX.wav,1039_TSI_HAP_XX.wav,1039,train,1,happy,1,happy,0.989876925945282
data/cremad/audio/1039_TSI_NEU_XX.wav,1039_TSI_NEU_XX.wav,1039,train,0,neutral,0,neutral,0.980346143245697
data/cremad/audio/1039_TSI_SAD_XX.wav,1039_TSI_SAD_XX.wav,1039,train,2,sad,2,sad,0.8986364603042603
data/cremad/audio/1039_WSI_ANG_XX.wav,1039_WSI_ANG_XX.wav,1039,train,3,angry,3,angry,0.9991581439971924
data/cremad/audio/1039_WSI_DIS_XX.wav,1039_WSI_DIS_XX.wav,1039,train,5,disgust,5,disgust,0.5466700196266174
data/cremad/audio/1039_WSI_FEA_XX.wav,1039_WSI_FEA_XX.wav,1039,train,4,fearful,2,sad,0.9158284664154053
data/cremad/audio/1039_WSI_HAP_XX.wav,1039_WSI_HAP_XX.wav,1039,train,1,happy,1,happy,0.9814313650131226
data/cremad/audio/1039_WSI_NEU_XX.wav,1039_WSI_NEU_XX.wav,1039,train,0,neutral,0,neutral,0.7212050557136536
data/cremad/audio/1039_WSI_SAD_XX.wav,1039_WSI_SAD_XX.wav,1039,train,2,sad,2,sad,0.9060559868812561
data/cremad/audio/1040_DFA_ANG_XX.wav,1040_DFA_ANG_XX.wav,1040,train,3,angry,3,angry,0.5418248772621155
data/cremad/audio/1040_DFA_DIS_XX.wav,1040_DFA_DIS_XX.wav,1040,train,5,disgust,2,sad,0.6989662051200867
data/cremad/audio/1040_DFA_FEA_XX.wav,1040_DFA_FEA_XX.wav,1040,train,4,fearful,4,fearful,0.9479949474334717
data/cremad/audio/1040_DFA_HAP_XX.wav,1040_DFA_HAP_XX.wav,1040,train,1,happy,1,happy,0.9617589712142944
data/cremad/audio/1040_DFA_NEU_XX.wav,1040_DFA_NEU_XX.wav,1040,train,0,neutral,0,neutral,0.9896078705787659
data/cremad/audio/1040_DFA_SAD_XX.wav,1040_DFA_SAD_XX.wav,1040,train,2,sad,2,sad,0.6370914578437805
data/cremad/audio/1040_IEO_ANG_HI.wav,1040_IEO_ANG_HI.wav,1040,train,3,angry,3,angry,0.997188150882721
data/cremad/audio/1040_IEO_ANG_LO.wav,1040_IEO_ANG_LO.wav,1040,train,3,angry,1,happy,0.4425980746746063
data/cremad/audio/1040_IEO_ANG_MD.wav,1040_IEO_ANG_MD.wav,1040,train,3,angry,3,angry,0.993039608001709
data/cremad/audio/1040_IEO_DIS_HI.wav,1040_IEO_DIS_HI.wav,1040,train,5,disgust,5,disgust,0.5000805854797363
data/cremad/audio/1040_IEO_DIS_LO.wav,1040_IEO_DIS_LO.wav,1040,train,5,disgust,2,sad,0.4675447642803192
data/cremad/audio/1040_IEO_DIS_MD.wav,1040_IEO_DIS_MD.wav,1040,train,5,disgust,5,disgust,0.8600174784660339
data/cremad/audio/1040_IEO_FEA_HI.wav,1040_IEO_FEA_HI.wav,1040,train,4,fearful,4,fearful,0.9829323291778564
data/cremad/audio/1040_IEO_FEA_LO.wav,1040_IEO_FEA_LO.wav,1040,train,4,fearful,2,sad,0.6506390571594238
data/cremad/audio/1040_IEO_FEA_MD.wav,1040_IEO_FEA_MD.wav,1040,train,4,fearful,4,fearful,0.9349209070205688
data/cremad/audio/1040_IEO_HAP_HI.wav,1040_IEO_HAP_HI.wav,1040,train,1,happy,1,happy,0.8507891893386841
data/cremad/audio/1040_IEO_HAP_LO.wav,1040_IEO_HAP_LO.wav,1040,train,1,happy,1,happy,0.9204613566398621
data/cremad/audio/1040_IEO_HAP_MD.wav,1040_IEO_HAP_MD.wav,1040,train,1,happy,1,happy,0.9706237316131592
data/cremad/audio/1040_IEO_NEU_XX.wav,1040_IEO_NEU_XX.wav,1040,train,0,neutral,0,neutral,0.8838492631912231
data/cremad/audio/1040_IEO_SAD_HI.wav,1040_IEO_SAD_HI.wav,1040,train,2,sad,2,sad,0.6561616063117981
data/cremad/audio/1040_IEO_SAD_LO.wav,1040_IEO_SAD_LO.wav,1040,train,2,sad,2,sad,0.5667806267738342
data/cremad/audio/1040_IEO_SAD_MD.wav,1040_IEO_SAD_MD.wav,1040,train,2,sad,2,sad,0.5159950852394104
data/cremad/audio/1040_IOM_ANG_XX.wav,1040_IOM_ANG_XX.wav,1040,train,3,angry,3,angry,0.9802447557449341
data/cremad/audio/1040_IOM_DIS_XX.wav,1040_IOM_DIS_XX.wav,1040,train,5,disgust,2,sad,0.8005324006080627
data/cremad/audio/1040_IOM_FEA_XX.wav,1040_IOM_FEA_XX.wav,1040,train,4,fearful,2,sad,0.7315586805343628
data/cremad/audio/1040_IOM_HAP_XX.wav,1040_IOM_HAP_XX.wav,1040,train,1,happy,1,happy,0.6232742071151733
data/cremad/audio/1040_IOM_NEU_XX.wav,1040_IOM_NEU_XX.wav,1040,train,0,neutral,0,neutral,0.3806378245353699
data/cremad/audio/1040_IOM_SAD_XX.wav,1040_IOM_SAD_XX.wav,1040,train,2,sad,2,sad,0.6087173819541931
data/cremad/audio/1040_ITH_ANG_XX.wav,1040_ITH_ANG_XX.wav,1040,train,3,angry,3,angry,0.6024416089057922
data/cremad/audio/1040_ITH_DIS_XX.wav,1040_ITH_DIS_XX.wav,1040,train,5,disgust,2,sad,0.5741462707519531
data/cremad/audio/1040_ITH_FEA_XX.wav,1040_ITH_FEA_XX.wav,1040,train,4,fearful,4,fearful,0.9204928874969482
data/cremad/audio/1040_ITH_HAP_XX.wav,1040_ITH_HAP_XX.wav,1040,train,1,happy,1,happy,0.9048070311546326
data/cremad/audio/1040_ITH_NEU_XX.wav,1040_ITH_NEU_XX.wav,1040,train,0,neutral,0,neutral,0.8968629240989685
data/cremad/audio/1040_ITH_SAD_X.wav,1040_ITH_SAD_X.wav,1040,train,2,sad,2,sad,0.8189902901649475
data/cremad/audio/1040_ITS_ANG_XX.wav,1040_ITS_ANG_XX.wav,1040,train,3,angry,3,angry,0.9482046365737915
data/cremad/audio/1040_ITS_DIS_XX.wav,1040_ITS_DIS_XX.wav,1040,train,5,disgust,5,disgust,0.9685442447662354
data/cremad/audio/1040_ITS_FEA_XX.wav,1040_ITS_FEA_XX.wav,1040,train,4,fearful,4,fearful,0.8573058843612671
data/cremad/audio/1040_ITS_HAP_XX.wav,1040_ITS_HAP_XX.wav,1040,train,1,happy,1,happy,0.541397750377655
data/cremad/audio/1040_ITS_NEU_XX.wav,1040_ITS_NEU_XX.wav,1040,train,0,neutral,0,neutral,0.9909268617630005
data/cremad/audio/1040_ITS_SAD_XX.wav,1040_ITS_SAD_XX.wav,1040,train,2,sad,2,sad,0.8488362431526184
data/cremad/audio/1040_IWL_ANG_XX.wav,1040_IWL_ANG_XX.wav,1040,train,3,angry,3,angry,0.8642408847808838
data/cremad/audio/1040_IWL_DIS_XX.wav,1040_IWL_DIS_XX.wav,1040,train,5,disgust,5,disgust,0.8643123507499695
data/cremad/audio/1040_IWL_FEA_XX.wav,1040_IWL_FEA_XX.wav,1040,train,4,fearful,1,happy,0.755954921245575
data/cremad/audio/1040_IWL_HAP_XX.wav,1040_IWL_HAP_XX.wav,1040,train,1,happy,1,happy,0.6252701282501221
data/cremad/audio/1040_IWL_NEU_XX.wav,1040_IWL_NEU_XX.wav,1040,train,0,neutral,0,neutral,0.8186193108558655
data/cremad/audio/1040_IWL_SAD_XX.wav,1040_IWL_SAD_XX.wav,1040,train,2,sad,2,sad,0.7468166351318359
data/cremad/audio/1040_IWW_ANG_XX.wav,1040_IWW_ANG_XX.wav,1040,train,3,angry,3,angry,0.5941398739814758
data/cremad/audio/1040_IWW_DIS_XX.wav,1040_IWW_DIS_XX.wav,1040,train,5,disgust,4,fearful,0.7094215750694275
data/cremad/audio/1040_IWW_FEA_XX.wav,1040_IWW_FEA_XX.wav,1040,train,4,fearful,4,fearful,0.6542707681655884
data/cremad/audio/1040_IWW_HAP_XX.wav,1040_IWW_HAP_XX.wav,1040,train,1,happy,1,happy,0.5332697033882141
data/cremad/audio/1040_IWW_NEU_XX.wav,1040_IWW_NEU_XX.wav,1040,train,0,neutral,0,neutral,0.6494070887565613
data/cremad/audio/1040_IWW_SAD_XX.wav,1040_IWW_SAD_XX.wav,1040,train,2,sad,2,sad,0.8571310043334961
data/cremad/audio/1040_MTI_ANG_XX.wav,1040_MTI_ANG_XX.wav,1040,train,3,angry,3,angry,0.812623918056488
data/cremad/audio/1040_MTI_DIS_XX.wav,1040_MTI_DIS_XX.wav,1040,train,5,disgust,5,disgust,0.5783184766769409
data/cremad/audio/1040_MTI_FEA_XX.wav,1040_MTI_FEA_XX.wav,1040,train,4,fearful,4,fearful,0.9725611209869385
data/cremad/audio/1040_MTI_HAP_XX.wav,1040_MTI_HAP_XX.wav,1040,train,1,happy,1,happy,0.7090129256248474
data/cremad/audio/1040_MTI_NEU_XX.wav,1040_MTI_NEU_XX.wav,1040,train,0,neutral,0,neutral,0.9651951789855957
data/cremad/audio/1040_MTI_SAD_XX.wav,1040_MTI_SAD_XX.wav,1040,train,2,sad,2,sad,0.7730997204780579
data/cremad/audio/1040_TAI_ANG_XX.wav,1040_TAI_ANG_XX.wav,1040,train,3,angry,3,angry,0.9446876645088196
data/cremad/audio/1040_TAI_DIS_XX.wav,1040_TAI_DIS_XX.wav,1040,train,5,disgust,5,disgust,0.6394442319869995
data/cremad/audio/1040_TAI_FEA_XX.wav,1040_TAI_FEA_XX.wav,1040,train,4,fearful,4,fearful,0.9669496417045593
data/cremad/audio/1040_TAI_HAP_XX.wav,1040_TAI_HAP_XX.wav,1040,train,1,happy,1,happy,0.49974989891052246
data/cremad/audio/1040_TAI_NEU_XX.wav,1040_TAI_NEU_XX.wav,1040,train,0,neutral,0,neutral,0.7739120125770569
data/cremad/audio/1040_TAI_SAD_XX.wav,1040_TAI_SAD_XX.wav,1040,train,2,sad,2,sad,0.6962460279464722
data/cremad/audio/1040_TIE_ANG_XX.wav,1040_TIE_ANG_XX.wav,1040,train,3,angry,1,happy,0.4374641478061676
data/cremad/audio/1040_TIE_DIS_XX.wav,1040_TIE_DIS_XX.wav,1040,train,5,disgust,5,disgust,0.6075257658958435
data/cremad/audio/1040_TIE_FEA_XX.wav,1040_TIE_FEA_XX.wav,1040,train,4,fearful,4,fearful,0.9386960864067078
data/cremad/audio/1040_TIE_HAP_XX.wav,1040_TIE_HAP_XX.wav,1040,train,1,happy,1,happy,0.8935083746910095
data/cremad/audio/1040_TIE_NEU_XX.wav,1040_TIE_NEU_XX.wav,1040,train,0,neutral,0,neutral,0.46448493003845215
data/cremad/audio/1040_TIE_SAD_XX.wav,1040_TIE_SAD_XX.wav,1040,train,2,sad,2,sad,0.8293225169181824
data/cremad/audio/1040_TSI_ANG_XX.wav,1040_TSI_ANG_XX.wav,1040,train,3,angry,3,angry,0.6775397658348083
data/cremad/audio/1040_TSI_DIS_XX.wav,1040_TSI_DIS_XX.wav,1040,train,5,disgust,5,disgust,0.9906366467475891
data/cremad/audio/1040_TSI_FEA_XX.wav,1040_TSI_FEA_XX.wav,1040,train,4,fearful,4,fearful,0.9854254126548767
data/cremad/audio/1040_TSI_HAP_XX.wav,1040_TSI_HAP_XX.wav,1040,train,1,happy,1,happy,0.970085084438324
data/cremad/audio/1040_TSI_NEU_XX.wav,1040_TSI_NEU_XX.wav,1040,train,0,neutral,0,neutral,0.9658423066139221
data/cremad/audio/1040_TSI_SAD_XX.wav,1040_TSI_SAD_XX.wav,1040,train,2,sad,2,sad,0.7966741919517517
data/cremad/audio/1040_WSI_ANG_XX.wav,1040_WSI_ANG_XX.wav,1040,train,3,angry,3,angry,0.9612337350845337
data/cremad/audio/1040_WSI_DIS_XX.wav,1040_WSI_DIS_XX.wav,1040,train,5,disgust,5,disgust,0.9441383481025696
data/cremad/audio/1040_WSI_FEA_XX.wav,1040_WSI_FEA_XX.wav,1040,train,4,fearful,4,fearful,0.944463312625885
data/cremad/audio/1040_WSI_HAP_XX.wav,1040_WSI_HAP_XX.wav,1040,train,1,happy,1,happy,0.6139895915985107
data/cremad/audio/1040_WSI_NEU_XX.wav,1040_WSI_NEU_XX.wav,1040,train,0,neutral,0,neutral,0.9665423035621643
data/cremad/audio/1040_WSI_SAD_XX.wav,1040_WSI_SAD_XX.wav,1040,train,2,sad,2,sad,0.6554362177848816
data/cremad/audio/1041_DFA_ANG_XX.wav,1041_DFA_ANG_XX.wav,1041,train,3,angry,3,angry,0.9031717777252197
data/cremad/audio/1041_DFA_DIS_XX.wav,1041_DFA_DIS_XX.wav,1041,train,5,disgust,5,disgust,0.9746719002723694
data/cremad/audio/1041_DFA_FEA_XX.wav,1041_DFA_FEA_XX.wav,1041,train,4,fearful,4,fearful,0.8061183094978333
data/cremad/audio/1041_DFA_HAP_XX.wav,1041_DFA_HAP_XX.wav,1041,train,1,happy,1,happy,0.9323645830154419
data/cremad/audio/1041_DFA_NEU_XX.wav,1041_DFA_NEU_XX.wav,1041,train,0,neutral,0,neutral,0.9533944725990295
data/cremad/audio/1041_DFA_SAD_XX.wav,1041_DFA_SAD_XX.wav,1041,train,2,sad,2,sad,0.8988692164421082
data/cremad/audio/1041_IEO_ANG_HI.wav,1041_IEO_ANG_HI.wav,1041,train,3,angry,3,angry,0.9938271641731262
data/cremad/audio/1041_IEO_ANG_LO.wav,1041_IEO_ANG_LO.wav,1041,train,3,angry,3,angry,0.8420951962471008
data/cremad/audio/1041_IEO_ANG_MD.wav,1041_IEO_ANG_MD.wav,1041,train,3,angry,5,disgust,0.6958507895469666
data/cremad/audio/1041_IEO_DIS_HI.wav,1041_IEO_DIS_HI.wav,1041,train,5,disgust,5,disgust,0.9804177284240723
data/cremad/audio/1041_IEO_DIS_LO.wav,1041_IEO_DIS_LO.wav,1041,train,5,disgust,5,disgust,0.7796500325202942
data/cremad/audio/1041_IEO_DIS_MD.wav,1041_IEO_DIS_MD.wav,1041,train,5,disgust,5,disgust,0.8716105222702026
data/cremad/audio/1041_IEO_FEA_HI.wav,1041_IEO_FEA_HI.wav,1041,train,4,fearful,4,fearful,0.9615755081176758
data/cremad/audio/1041_IEO_FEA_LO.wav,1041_IEO_FEA_LO.wav,1041,train,4,fearful,2,sad,0.6636090874671936
data/cremad/audio/1041_IEO_FEA_MD.wav,1041_IEO_FEA_MD.wav,1041,train,4,fearful,2,sad,0.47245827317237854
data/cremad/audio/1041_IEO_HAP_HI.wav,1041_IEO_HAP_HI.wav,1041,train,1,happy,1,happy,0.7466051578521729
data/cremad/audio/1041_IEO_HAP_LO.wav,1041_IEO_HAP_LO.wav,1041,train,1,happy,1,happy,0.5977360010147095
data/cremad/audio/1041_IEO_HAP_MD.wav,1041_IEO_HAP_MD.wav,1041,train,1,happy,1,happy,0.9175376296043396
data/cremad/audio/1041_IEO_NEU_XX.wav,1041_IEO_NEU_XX.wav,1041,train,0,neutral,2,sad,0.4321509897708893
data/cremad/audio/1041_IEO_SAD_HI.wav,1041_IEO_SAD_HI.wav,1041,train,2,sad,2,sad,0.5355615615844727
data/cremad/audio/1041_IEO_SAD_LO.wav,1041_IEO_SAD_LO.wav,1041,train,2,sad,5,disgust,0.3100861608982086
data/cremad/audio/1041_IEO_SAD_MD.wav,1041_IEO_SAD_MD.wav,1041,train,2,sad,5,disgust,0.6235872507095337
data/cremad/audio/1041_IOM_ANG_XX.wav,1041_IOM_ANG_XX.wav,1041,train,3,angry,1,happy,0.5045011043548584
data/cremad/audio/1041_IOM_DIS_XX.wav,1041_IOM_DIS_XX.wav,1041,train,5,disgust,1,happy,0.3605305552482605
data/cremad/audio/1041_IOM_FEA_XX.wav,1041_IOM_FEA_XX.wav,1041,train,4,fearful,1,happy,0.7343384623527527
data/cremad/audio/1041_IOM_HAP_XX.wav,1041_IOM_HAP_XX.wav,1041,train,1,happy,1,happy,0.9298068881034851
data/cremad/audio/1041_IOM_NEU_XX.wav,1041_IOM_NEU_XX.wav,1041,train,0,neutral,2,sad,0.5782150626182556
data/cremad/audio/1041_IOM_SAD_XX.wav,1041_IOM_SAD_XX.wav,1041,train,2,sad,2,sad,0.706497073173523
data/cremad/audio/1041_ITH_ANG_XX.wav,1041_ITH_ANG_XX.wav,1041,train,3,angry,3,angry,0.9066673517227173
data/cremad/audio/1041_ITH_DIS_XX.wav,1041_ITH_DIS_XX.wav,1041,train,5,disgust,5,disgust,0.8953349590301514
data/cremad/audio/1041_ITH_FEA_XX.wav,1041_ITH_FEA_XX.wav,1041,train,4,fearful,4,fearful,0.9336779713630676
data/cremad/audio/1041_ITH_HAP_XX.wav,1041_ITH_HAP_XX.wav,1041,train,1,happy,1,happy,0.8312464952468872
data/cremad/audio/1041_ITH_NEU_XX.wav,1041_ITH_NEU_XX.wav,1041,train,0,neutral,0,neutral,0.7071044445037842
data/cremad/audio/1041_ITH_SAD_XX.wav,1041_ITH_SAD_XX.wav,1041,train,2,sad,2,sad,0.6772848963737488
data/cremad/audio/1041_ITS_ANG_XX.wav,1041_ITS_ANG_XX.wav,1041,train,3,angry,3,angry,0.9360706210136414
data/cremad/audio/1041_ITS_DIS_XX.wav,1041_ITS_DIS_XX.wav,1041,train,5,disgust,5,disgust,0.9715281128883362
data/cremad/audio/1041_ITS_FEA_XX.wav,1041_ITS_FEA_XX.wav,1041,train,4,fearful,4,fearful,0.8523237705230713
data/cremad/audio/1041_ITS_HAP_XX.wav,1041_ITS_HAP_XX.wav,1041,train,1,happy,1,happy,0.9095326662063599
data/cremad/audio/1041_ITS_NEU_XX.wav,1041_ITS_NEU_XX.wav,1041,train,0,neutral,0,neutral,0.6499128937721252
data/cremad/audio/1041_ITS_SAD_XX.wav,1041_ITS_SAD_XX.wav,1041,train,2,sad,2,sad,0.6488617658615112
data/cremad/audio/1041_IWL_ANG_XX.wav,1041_IWL_ANG_XX.wav,1041,train,3,angry,3,angry,0.9658402800559998
data/cremad/audio/1041_IWL_DIS_XX.wav,1041_IWL_DIS_XX.wav,1041,train,5,disgust,5,disgust,0.9757282733917236
data/cremad/audio/1041_IWL_FEA_XX.wav,1041_IWL_FEA_XX.wav,1041,train,4,fearful,0,neutral,0.35555925965309143
data/cremad/audio/1041_IWL_HAP_XX.wav,1041_IWL_HAP_XX.wav,1041,train,1,happy,1,happy,0.4709230959415436
data/cremad/audio/1041_IWL_NEU_XX.wav,1041_IWL_NEU_XX.wav,1041,train,0,neutral,0,neutral,0.848488450050354
data/cremad/audio/1041_IWL_SAD_XX.wav,1041_IWL_SAD_XX.wav,1041,train,2,sad,2,sad,0.5757579803466797
data/cremad/audio/1041_IWW_ANG_XX.wav,1041_IWW_ANG_XX.wav,1041,train,3,angry,3,angry,0.921713650226593
data/cremad/audio/1041_IWW_DIS_XX.wav,1041_IWW_DIS_XX.wav,1041,train,5,disgust,5,disgust,0.8714057207107544
data/cremad/audio/1041_IWW_FEA_XX.wav,1041_IWW_FEA_XX.wav,1041,train,4,fearful,4,fearful,0.43189138174057007
data/cremad/audio/1041_IWW_HAP_XX.wav,1041_IWW_HAP_XX.wav,1041,train,1,happy,1,happy,0.914242148399353
data/cremad/audio/1041_IWW_NEU_XX.wav,1041_IWW_NEU_XX.wav,1041,train,0,neutral,2,sad,0.6011925339698792
data/cremad/audio/1041_IWW_SAD_XX.wav,1041_IWW_SAD_XX.wav,1041,train,2,sad,2,sad,0.7327953577041626
data/cremad/audio/1041_MTI_ANG_XX.wav,1041_MTI_ANG_XX.wav,1041,train,3,angry,3,angry,0.9567673802375793
data/cremad/audio/1041_MTI_DIS_XX.wav,1041_MTI_DIS_XX.wav,1041,train,5,disgust,5,disgust,0.921013355255127
data/cremad/audio/1041_MTI_FEA_XX.wav,1041_MTI_FEA_XX.wav,1041,train,4,fearful,5,disgust,0.4565293490886688
data/cremad/audio/1041_MTI_HAP_XX.wav,1041_MTI_HAP_XX.wav,1041,train,1,happy,1,happy,0.9960649609565735
data/cremad/audio/1041_MTI_NEU_XX.wav,1041_MTI_NEU_XX.wav,1041,train,0,neutral,0,neutral,0.6775287389755249
data/cremad/audio/1041_MTI_SAD_XX.wav,1041_MTI_SAD_XX.wav,1041,train,2,sad,2,sad,0.8106321692466736
data/cremad/audio/1041_TAI_ANG_XX.wav,1041_TAI_ANG_XX.wav,1041,train,3,angry,3,angry,0.9672000408172607
data/cremad/audio/1041_TAI_DIS_XX.wav,1041_TAI_DIS_XX.wav,1041,train,5,disgust,5,disgust,0.5402933359146118
data/cremad/audio/1041_TAI_FEA_XX.wav,1041_TAI_FEA_XX.wav,1041,train,4,fearful,4,fearful,0.647890567779541
data/cremad/audio/1041_TAI_HAP_XX.wav,1041_TAI_HAP_XX.wav,1041,train,1,happy,1,happy,0.6628329157829285
data/cremad/audio/1041_TAI_NEU_XX.wav,1041_TAI_NEU_XX.wav,1041,train,0,neutral,0,neutral,0.7870581150054932
data/cremad/audio/1041_TAI_SAD_XX.wav,1041_TAI_SAD_XX.wav,1041,train,2,sad,2,sad,0.7179020047187805
data/cremad/audio/1041_TIE_ANG_XX.wav,1041_TIE_ANG_XX.wav,1041,train,3,angry,3,angry,0.8313893675804138
data/cremad/audio/1041_TIE_DIS_XX.wav,1041_TIE_DIS_XX.wav,1041,train,5,disgust,5,disgust,0.9384949803352356
data/cremad/audio/1041_TIE_FEA_XX.wav,1041_TIE_FEA_XX.wav,1041,train,4,fearful,0,neutral,0.6774162650108337
data/cremad/audio/1041_TIE_HAP_XX.wav,1041_TIE_HAP_XX.wav,1041,train,1,happy,0,neutral,0.7655272483825684
data/cremad/audio/1041_TIE_NEU_XX.wav,1041_TIE_NEU_XX.wav,1041,train,0,neutral,0,neutral,0.651999294757843
data/cremad/audio/1041_TIE_SAD_XX.wav,1041_TIE_SAD_XX.wav,1041,train,2,sad,0,neutral,0.5219370126724243
data/cremad/audio/1041_TSI_ANG_XX.wav,1041_TSI_ANG_XX.wav,1041,train,3,angry,3,angry,0.988158643245697
data/cremad/audio/1041_TSI_DIS_XX.wav,1041_TSI_DIS_XX.wav,1041,train,5,disgust,5,disgust,0.9885181188583374
data/cremad/audio/1041_TSI_FEA_XX.wav,1041_TSI_FEA_XX.wav,1041,train,4,fearful,4,fearful,0.8257702589035034
data/cremad/audio/1041_TSI_HAP_XX.wav,1041_TSI_HAP_XX.wav,1041,train,1,happy,1,happy,0.9226310849189758
data/cremad/audio/1041_TSI_NEU_XX.wav,1041_TSI_NEU_XX.wav,1041,train,0,neutral,0,neutral,0.9754171371459961
data/cremad/audio/1041_TSI_SAD_XX.wav,1041_TSI_SAD_XX.wav,1041,train,2,sad,2,sad,0.4991213083267212
data/cremad/audio/1041_WSI_ANG_XX.wav,1041_WSI_ANG_XX.wav,1041,train,3,angry,3,angry,0.9086549282073975
data/cremad/audio/1041_WSI_DIS_XX.wav,1041_WSI_DIS_XX.wav,1041,train,5,disgust,5,disgust,0.8737277984619141
data/cremad/audio/1041_WSI_FEA_XX.wav,1041_WSI_FEA_XX.wav,1041,train,4,fearful,2,sad,0.7530263662338257
data/cremad/audio/1041_WSI_HAP_XX.wav,1041_WSI_HAP_XX.wav,1041,train,1,happy,1,happy,0.9538740515708923
data/cremad/audio/1041_WSI_NEU_XX.wav,1041_WSI_NEU_XX.wav,1041,train,0,neutral,0,neutral,0.8724843263626099
data/cremad/audio/1041_WSI_SAD_XX.wav,1041_WSI_SAD_XX.wav,1041,train,2,sad,2,sad,0.8097367286682129
data/cremad/audio/1043_DFA_ANG_XX.wav,1043_DFA_ANG_XX.wav,1043,train,3,angry,3,angry,0.9534006118774414
data/cremad/audio/1043_DFA_DIS_XX.wav,1043_DFA_DIS_XX.wav,1043,train,5,disgust,5,disgust,0.8799998164176941
data/cremad/audio/1043_DFA_FEA_XX.wav,1043_DFA_FEA_XX.wav,1043,train,4,fearful,4,fearful,0.8060645461082458
data/cremad/audio/1043_DFA_HAP_XX.wav,1043_DFA_HAP_XX.wav,1043,train,1,happy,1,happy,0.9923943281173706
data/cremad/audio/1043_DFA_NEU_XX.wav,1043_DFA_NEU_XX.wav,1043,train,0,neutral,0,neutral,0.9970583915710449
data/cremad/audio/1043_DFA_SAD_XX.wav,1043_DFA_SAD_XX.wav,1043,train,2,sad,2,sad,0.6692537069320679
data/cremad/audio/1043_IEO_ANG_HI.wav,1043_IEO_ANG_HI.wav,1043,train,3,angry,3,angry,0.875372052192688
data/cremad/audio/1043_IEO_ANG_LO.wav,1043_IEO_ANG_LO.wav,1043,train,3,angry,3,angry,0.7772185206413269
data/cremad/audio/1043_IEO_ANG_MD.wav,1043_IEO_ANG_MD.wav,1043,train,3,angry,3,angry,0.9435129761695862
data/cremad/audio/1043_IEO_DIS_HI.wav,1043_IEO_DIS_HI.wav,1043,train,5,disgust,5,disgust,0.642410397529602
data/cremad/audio/1043_IEO_DIS_LO.wav,1043_IEO_DIS_LO.wav,1043,train,5,disgust,5,disgust,0.8163946866989136
data/cremad/audio/1043_IEO_DIS_MD.wav,1043_IEO_DIS_MD.wav,1043,train,5,disgust,5,disgust,0.8576382994651794
data/cremad/audio/1043_IEO_FEA_HI.wav,1043_IEO_FEA_HI.wav,1043,train,4,fearful,1,happy,0.6711286902427673
data/cremad/audio/1043_IEO_FEA_LO.wav,1043_IEO_FEA_LO.wav,1043,train,4,fearful,2,sad,0.6394561529159546
data/cremad/audio/1043_IEO_FEA_MD.wav,1043_IEO_FEA_MD.wav,1043,train,4,fearful,4,fearful,0.701852560043335
data/cremad/audio/1043_IEO_HAP_HI.wav,1043_IEO_HAP_HI.wav,1043,train,1,happy,1,happy,0.9155551195144653
data/cremad/audio/1043_IEO_HAP_LO.wav,1043_IEO_HAP_LO.wav,1043,train,1,happy,1,happy,0.9862990975379944
data/cremad/audio/1043_IEO_HAP_MD.wav,1043_IEO_HAP_MD.wav,1043,train,1,happy,1,happy,0.9944633841514587
data/cremad/audio/1043_IEO_NEU_XX.wav,1043_IEO_NEU_XX.wav,1043,train,0,neutral,0,neutral,0.9774808883666992
data/cremad/audio/1043_IEO_SAD_HI.wav,1043_IEO_SAD_HI.wav,1043,train,2,sad,2,sad,0.6890594363212585
data/cremad/audio/1043_IEO_SAD_LO.wav,1043_IEO_SAD_LO.wav,1043,train,2,sad,2,sad,0.575973629951477
data/cremad/audio/1043_IEO_SAD_MD.wav,1043_IEO_SAD_MD.wav,1043,train,2,sad,2,sad,0.3668160140514374
data/cremad/audio/1043_IOM_ANG_XX.wav,1043_IOM_ANG_XX.wav,1043,train,3,angry,3,angry,0.9971727132797241
data/cremad/audio/1043_IOM_DIS_XX.wav,1043_IOM_DIS_XX.wav,1043,train,5,disgust,5,disgust,0.8655344247817993
data/cremad/audio/1043_IOM_FEA_XX.wav,1043_IOM_FEA_XX.wav,1043,train,4,fearful,4,fearful,0.9694080948829651
data/cremad/audio/1043_IOM_HAP_XX.wav,1043_IOM_HAP_XX.wav,1043,train,1,happy,1,happy,0.9048306345939636
data/cremad/audio/1043_IOM_NEU_XX.wav,1043_IOM_NEU_XX.wav,1043,train,0,neutral,0,neutral,0.8773627281188965
data/cremad/audio/1043_IOM_SAD_XX.wav,1043_IOM_SAD_XX.wav,1043,train,2,sad,2,sad,0.8173397779464722
data/cremad/audio/1043_ITH_ANG_XX.wav,1043_ITH_ANG_XX.wav,1043,train,3,angry,3,angry,0.6291124820709229
data/cremad/audio/1043_ITH_DIS_XX.wav,1043_ITH_DIS_XX.wav,1043,train,5,disgust,5,disgust,0.9832004308700562
data/cremad/audio/1043_ITH_FEA_XX.wav,1043_ITH_FEA_XX.wav,1043,train,4,fearful,2,sad,0.9483014345169067
data/cremad/audio/1043_ITH_HAP_XX.wav,1043_ITH_HAP_XX.wav,1043,train,1,happy,1,happy,0.9874356985092163
data/cremad/audio/1043_ITH_NEU_XX.wav,1043_ITH_NEU_XX.wav,1043,train,0,neutral,0,neutral,0.8217253684997559
data/cremad/audio/1043_ITH_SAD_XX.wav,1043_ITH_SAD_XX.wav,1043,train,2,sad,2,sad,0.910172164440155
data/cremad/audio/1043_ITS_ANG_XX.wav,1043_ITS_ANG_XX.wav,1043,train,3,angry,3,angry,0.9683780670166016
data/cremad/audio/1043_ITS_DIS_XX.wav,1043_ITS_DIS_XX.wav,1043,train,5,disgust,5,disgust,0.9770176410675049
data/cremad/audio/1043_ITS_FEA_XX.wav,1043_ITS_FEA_XX.wav,1043,train,4,fearful,4,fearful,0.9512201547622681
data/cremad/audio/1043_ITS_HAP_XX.wav,1043_ITS_HAP_XX.wav,1043,train,1,happy,1,happy,0.9815835356712341
data/cremad/audio/1043_ITS_NEU_XX.wav,1043_ITS_NEU_XX.wav,1043,train,0,neutral,0,neutral,0.9472827315330505
data/cremad/audio/1043_ITS_SAD_XX.wav,1043_ITS_SAD_XX.wav,1043,train,2,sad,2,sad,0.9027720093727112
data/cremad/audio/1043_IWL_ANG_XX.wav,1043_IWL_ANG_XX.wav,1043,train,3,angry,3,angry,0.998187243938446
data/cremad/audio/1043_IWL_DIS_XX.wav,1043_IWL_DIS_XX.wav,1043,train,5,disgust,5,disgust,0.8979025483131409
data/cremad/audio/1043_IWL_FEA_XX.wav,1043_IWL_FEA_XX.wav,1043,train,4,fearful,4,fearful,0.4917318522930145
data/cremad/audio/1043_IWL_HAP_XX.wav,1043_IWL_HAP_XX.wav,1043,train,1,happy,1,happy,0.9540534019470215
data/cremad/audio/1043_IWL_NEU_XX.wav,1043_IWL_NEU_XX.wav,1043,train,0,neutral,0,neutral,0.8404184579849243
data/cremad/audio/1043_IWL_SAD_XX.wav,1043_IWL_SAD_XX.wav,1043,train,2,sad,2,sad,0.6829139590263367
data/cremad/audio/1043_IWW_ANG_XX.wav,1043_IWW_ANG_XX.wav,1043,train,3,angry,3,angry,0.47376713156700134
data/cremad/audio/1043_IWW_DIS_XX.wav,1043_IWW_DIS_XX.wav,1043,train,5,disgust,5,disgust,0.9738727807998657
data/cremad/audio/1043_IWW_FEA_XX.wav,1043_IWW_FEA_XX.wav,1043,train,4,fearful,4,fearful,0.4264383614063263
data/cremad/audio/1043_IWW_HAP_XX.wav,1043_IWW_HAP_XX.wav,1043,train,1,happy,1,happy,0.9904676079750061
data/cremad/audio/1043_IWW_NEU_XX.wav,1043_IWW_NEU_XX.wav,1043,train,0,neutral,0,neutral,0.9941433072090149
data/cremad/audio/1043_IWW_SAD_XX.wav,1043_IWW_SAD_XX.wav,1043,train,2,sad,0,neutral,0.800766110420227
data/cremad/audio/1043_MTI_ANG_XX.wav,1043_MTI_ANG_XX.wav,1043,train,3,angry,3,angry,0.9205296635627747
data/cremad/audio/1043_MTI_DIS_XX.wav,1043_MTI_DIS_XX.wav,1043,train,5,disgust,5,disgust,0.7171905636787415
data/cremad/audio/1043_MTI_FEA_XX.wav,1043_MTI_FEA_XX.wav,1043,train,4,fearful,4,fearful,0.5181810259819031
data/cremad/audio/1043_MTI_HAP_XX.wav,1043_MTI_HAP_XX.wav,1043,train,1,happy,1,happy,0.8029349446296692
data/cremad/audio/1043_MTI_NEU_XX.wav,1043_MTI_NEU_XX.wav,1043,train,0,neutral,0,neutral,0.9576848745346069
data/cremad/audio/1043_MTI_SAD_XX.wav,1043_MTI_SAD_XX.wav,1043,train,2,sad,2,sad,0.8798328638076782
data/cremad/audio/1043_TAI_ANG_XX.wav,1043_TAI_ANG_XX.wav,1043,train,3,angry,3,angry,0.9952115416526794
data/cremad/audio/1043_TAI_DIS_XX.wav,1043_TAI_DIS_XX.wav,1043,train,5,disgust,5,disgust,0.7727811932563782
data/cremad/audio/1043_TAI_FEA_XX.wav,1043_TAI_FEA_XX.wav,1043,train,4,fearful,4,fearful,0.8788265585899353
data/cremad/audio/1043_TAI_HAP_XX.wav,1043_TAI_HAP_XX.wav,1043,train,1,happy,1,happy,0.9778058528900146
data/cremad/audio/1043_TAI_NEU_XX.wav,1043_TAI_NEU_XX.wav,1043,train,0,neutral,0,neutral,0.923275887966156
data/cremad/audio/1043_TAI_SAD_XX.wav,1043_TAI_SAD_XX.wav,1043,train,2,sad,2,sad,0.6366873979568481
data/cremad/audio/1043_TIE_ANG_XX.wav,1043_TIE_ANG_XX.wav,1043,train,3,angry,3,angry,0.8294912576675415
data/cremad/audio/1043_TIE_DIS_XX.wav,1043_TIE_DIS_XX.wav,1043,train,5,disgust,5,disgust,0.795559823513031
data/cremad/audio/1043_TIE_FEA_XX.wav,1043_TIE_FEA_XX.wav,1043,train,4,fearful,4,fearful,0.7499914765357971
data/cremad/audio/1043_TIE_HAP_XX.wav,1043_TIE_HAP_XX.wav,1043,train,1,happy,1,happy,0.9757072329521179
data/cremad/audio/1043_TIE_NEU_XX.wav,1043_TIE_NEU_XX.wav,1043,train,0,neutral,0,neutral,0.8991858959197998
data/cremad/audio/1043_TIE_SAD_XX.wav,1043_TIE_SAD_XX.wav,1043,train,2,sad,2,sad,0.8503203392028809
data/cremad/audio/1043_TSI_ANG_XX.wav,1043_TSI_ANG_XX.wav,1043,train,3,angry,3,angry,0.5809125900268555
data/cremad/audio/1043_TSI_DIS_XX.wav,1043_TSI_DIS_XX.wav,1043,train,5,disgust,5,disgust,0.5641410946846008
data/cremad/audio/1043_TSI_FEA_XX.wav,1043_TSI_FEA_XX.wav,1043,train,4,fearful,4,fearful,0.5036818385124207
data/cremad/audio/1043_TSI_HAP_XX.wav,1043_TSI_HAP_XX.wav,1043,train,1,happy,1,happy,0.984494149684906
data/cremad/audio/1043_TSI_NEU_XX.wav,1043_TSI_NEU_XX.wav,1043,train,0,neutral,0,neutral,0.9963249564170837
data/cremad/audio/1043_TSI_SAD_XX.wav,1043_TSI_SAD_XX.wav,1043,train,2,sad,2,sad,0.8953655362129211
data/cremad/audio/1043_WSI_ANG_XX.wav,1043_WSI_ANG_XX.wav,1043,train,3,angry,3,angry,0.9988402724266052
data/cremad/audio/1043_WSI_DIS_XX.wav,1043_WSI_DIS_XX.wav,1043,train,5,disgust,5,disgust,0.8343545198440552
data/cremad/audio/1043_WSI_FEA_XX.wav,1043_WSI_FEA_XX.wav,1043,train,4,fearful,4,fearful,0.8954146504402161
data/cremad/audio/1043_WSI_HAP_XX.wav,1043_WSI_HAP_XX.wav,1043,train,1,happy,1,happy,0.8109673857688904
data/cremad/audio/1043_WSI_NEU_XX.wav,1043_WSI_NEU_XX.wav,1043,train,0,neutral,0,neutral,0.909700870513916
data/cremad/audio/1043_WSI_SAD_XX.wav,1043_WSI_SAD_XX.wav,1043,train,2,sad,2,sad,0.791962742805481
data/cremad/audio/1044_DFA_ANG_XX.wav,1044_DFA_ANG_XX.wav,1044,train,3,angry,3,angry,0.995786726474762
data/cremad/audio/1044_DFA_DIS_XX.wav,1044_DFA_DIS_XX.wav,1044,train,5,disgust,5,disgust,0.8261767625808716
data/cremad/audio/1044_DFA_FEA_XX.wav,1044_DFA_FEA_XX.wav,1044,train,4,fearful,4,fearful,0.8347074389457703
data/cremad/audio/1044_DFA_HAP_XX.wav,1044_DFA_HAP_XX.wav,1044,train,1,happy,1,happy,0.9534764885902405
data/cremad/audio/1044_DFA_NEU_XX.wav,1044_DFA_NEU_XX.wav,1044,train,0,neutral,0,neutral,0.792009711265564
data/cremad/audio/1044_DFA_SAD_XX.wav,1044_DFA_SAD_XX.wav,1044,train,2,sad,2,sad,0.811993420124054
data/cremad/audio/1044_IEO_ANG_HI.wav,1044_IEO_ANG_HI.wav,1044,train,3,angry,3,angry,0.85926753282547
data/cremad/audio/1044_IEO_ANG_LO.wav,1044_IEO_ANG_LO.wav,1044,train,3,angry,3,angry,0.5020180940628052
data/cremad/audio/1044_IEO_ANG_MD.wav,1044_IEO_ANG_MD.wav,1044,train,3,angry,3,angry,0.9942812919616699
data/cremad/audio/1044_IEO_DIS_HI.wav,1044_IEO_DIS_HI.wav,1044,train,5,disgust,5,disgust,0.7680388689041138
data/cremad/audio/1044_IEO_DIS_LO.wav,1044_IEO_DIS_LO.wav,1044,train,5,disgust,5,disgust,0.8209343552589417
data/cremad/audio/1044_IEO_DIS_MD.wav,1044_IEO_DIS_MD.wav,1044,train,5,disgust,4,fearful,0.33548295497894287
data/cremad/audio/1044_IEO_FEA_HI.wav,1044_IEO_FEA_HI.wav,1044,train,4,fearful,4,fearful,0.9524640440940857
data/cremad/audio/1044_IEO_FEA_LO.wav,1044_IEO_FEA_LO.wav,1044,train,4,fearful,4,fearful,0.6478722095489502
data/cremad/audio/1044_IEO_FEA_MD.wav,1044_IEO_FEA_MD.wav,1044,train,4,fearful,4,fearful,0.5992428064346313
data/cremad/audio/1044_IEO_HAP_HI.wav,1044_IEO_HAP_HI.wav,1044,train,1,happy,4,fearful,0.9851534366607666
data/cremad/audio/1044_IEO_HAP_LO.wav,1044_IEO_HAP_LO.wav,1044,train,1,happy,1,happy,0.6937820911407471
data/cremad/audio/1044_IEO_HAP_MD.wav,1044_IEO_HAP_MD.wav,1044,train,1,happy,1,happy,0.9924238920211792
data/cremad/audio/1044_IEO_NEU_XX.wav,1044_IEO_NEU_XX.wav,1044,train,0,neutral,1,happy,0.7506565451622009
data/cremad/audio/1044_IEO_SAD_HI.wav,1044_IEO_SAD_HI.wav,1044,train,2,sad,2,sad,0.6602275371551514
data/cremad/audio/1044_IEO_SAD_LO.wav,1044_IEO_SAD_LO.wav,1044,train,2,sad,2,sad,0.5018197298049927
data/cremad/audio/1044_IEO_SAD_MD.wav,1044_IEO_SAD_MD.wav,1044,train,2,sad,2,sad,0.6419060230255127
data/cremad/audio/1044_IOM_ANG_XX.wav,1044_IOM_ANG_XX.wav,1044,train,3,angry,3,angry,0.9940313696861267
data/cremad/audio/1044_IOM_DIS_XX.wav,1044_IOM_DIS_XX.wav,1044,train,5,disgust,5,disgust,0.5618377923965454
data/cremad/audio/1044_IOM_FEA_XX.wav,1044_IOM_FEA_XX.wav,1044,train,4,fearful,4,fearful,0.7962558269500732
data/cremad/audio/1044_IOM_HAP_XX.wav,1044_IOM_HAP_XX.wav,1044,train,1,happy,1,happy,0.9838634729385376
data/cremad/audio/1044_IOM_NEU_XX.wav,1044_IOM_NEU_XX.wav,1044,train,0,neutral,0,neutral,0.8497539758682251
data/cremad/audio/1044_IOM_SAD_XX.wav,1044_IOM_SAD_XX.wav,1044,train,2,sad,2,sad,0.6194016933441162
data/cremad/audio/1044_ITH_ANG_XX.wav,1044_ITH_ANG_XX.wav,1044,train,3,angry,3,angry,0.6106706857681274
data/cremad/audio/1044_ITH_DIS_XX.wav,1044_ITH_DIS_XX.wav,1044,train,5,disgust,5,disgust,0.8545222878456116
data/cremad/audio/1044_ITH_FEA_XX.wav,1044_ITH_FEA_XX.wav,1044,train,4,fearful,4,fearful,0.620384931564331
data/cremad/audio/1044_ITH_HAP_XX.wav,1044_ITH_HAP_XX.wav,1044,train,1,happy,1,happy,0.8654084205627441
data/cremad/audio/1044_ITH_NEU_XX.wav,1044_ITH_NEU_XX.wav,1044,train,0,neutral,0,neutral,0.8082412481307983
data/cremad/audio/1044_ITH_SAD_XX.wav,1044_ITH_SAD_XX.wav,1044,train,2,sad,4,fearful,0.5497620701789856
data/cremad/audio/1044_ITS_ANG_XX.wav,1044_ITS_ANG_XX.wav,1044,train,3,angry,3,angry,0.9802086353302002
data/cremad/audio/1044_ITS_DIS_XX.wav,1044_ITS_DIS_XX.wav,1044,train,5,disgust,3,angry,0.7890692949295044
data/cremad/audio/1044_ITS_FEA_XX.wav,1044_ITS_FEA_XX.wav,1044,train,4,fearful,4,fearful,0.9478427171707153
data/cremad/audio/1044_ITS_HAP_XX.wav,1044_ITS_HAP_XX.wav,1044,train,1,happy,1,happy,0.9721469283103943
data/cremad/audio/1044_ITS_NEU_XX.wav,1044_ITS_NEU_XX.wav,1044,train,0,neutral,0,neutral,0.9691289663314819
data/cremad/audio/1044_ITS_SAD_XX.wav,1044_ITS_SAD_XX.wav,1044,train,2,sad,2,sad,0.7098246216773987
data/cremad/audio/1044_IWL_ANG_XX.wav,1044_IWL_ANG_XX.wav,1044,train,3,angry,3,angry,0.9923473596572876
data/cremad/audio/1044_IWL_DIS_XX.wav,1044_IWL_DIS_XX.wav,1044,train,5,disgust,5,disgust,0.5712370276451111
data/cremad/audio/1044_IWL_FEA_XX.wav,1044_IWL_FEA_XX.wav,1044,train,4,fearful,4,fearful,0.4351768493652344
data/cremad/audio/1044_IWL_HAP_XX.wav,1044_IWL_HAP_XX.wav,1044,train,1,happy,3,angry,0.5073608756065369
data/cremad/audio/1044_IWL_NEU_XX.wav,1044_IWL_NEU_XX.wav,1044,train,0,neutral,0,neutral,0.766814649105072
data/cremad/audio/1044_IWL_SAD_XX.wav,1044_IWL_SAD_XX.wav,1044,train,2,sad,2,sad,0.8113047480583191
data/cremad/audio/1044_IWW_ANG_XX.wav,1044_IWW_ANG_XX.wav,1044,train,3,angry,1,happy,0.4948427081108093
data/cremad/audio/1044_IWW_DIS_XX.wav,1044_IWW_DIS_XX.wav,1044,train,5,disgust,5,disgust,0.34566813707351685
data/cremad/audio/1044_IWW_FEA_XX.wav,1044_IWW_FEA_XX.wav,1044,train,4,fearful,4,fearful,0.9278481006622314
data/cremad/audio/1044_IWW_HAP_XX.wav,1044_IWW_HAP_XX.wav,1044,train,1,happy,1,happy,0.7686291337013245
data/cremad/audio/1044_IWW_NEU_XX.wav,1044_IWW_NEU_XX.wav,1044,train,0,neutral,0,neutral,0.7477112412452698
data/cremad/audio/1044_IWW_SAD_XX.wav,1044_IWW_SAD_XX.wav,1044,train,2,sad,4,fearful,0.6018170118331909
data/cremad/audio/1044_MTI_ANG_XX.wav,1044_MTI_ANG_XX.wav,1044,train,3,angry,3,angry,0.9847409129142761
data/cremad/audio/1044_MTI_DIS_XX.wav,1044_MTI_DIS_XX.wav,1044,train,5,disgust,5,disgust,0.3700689971446991
data/cremad/audio/1044_MTI_FEA_XX.wav,1044_MTI_FEA_XX.wav,1044,train,4,fearful,4,fearful,0.9747980237007141
data/cremad/audio/1044_MTI_HAP_XX.wav,1044_MTI_HAP_XX.wav,1044,train,1,happy,1,happy,0.6382908821105957
data/cremad/audio/1044_MTI_NEU_XX.wav,1044_MTI_NEU_XX.wav,1044,train,0,neutral,0,neutral,0.7505878806114197
data/cremad/audio/1044_MTI_SAD_XX.wav,1044_MTI_SAD_XX.wav,1044,train,2,sad,2,sad,0.8891571164131165
data/cremad/audio/1044_TAI_ANG_XX.wav,1044_TAI_ANG_XX.wav,1044,train,3,angry,3,angry,0.9703454375267029
data/cremad/audio/1044_TAI_DIS_XX.wav,1044_TAI_DIS_XX.wav,1044,train,5,disgust,5,disgust,0.4629834294319153
data/cremad/audio/1044_TAI_FEA_XX.wav,1044_TAI_FEA_XX.wav,1044,train,4,fearful,4,fearful,0.9404104351997375
data/cremad/audio/1044_TAI_HAP_XX.wav,1044_TAI_HAP_XX.wav,1044,train,1,happy,1,happy,0.8009926080703735
data/cremad/audio/1044_TAI_NEU_XX.wav,1044_TAI_NEU_XX.wav,1044,train,0,neutral,0,neutral,0.9151555895805359
data/cremad/audio/1044_TAI_SAD_XX.wav,1044_TAI_SAD_XX.wav,1044,train,2,sad,2,sad,0.8214094042778015
data/cremad/audio/1044_TIE_ANG_XX.wav,1044_TIE_ANG_XX.wav,1044,train,3,angry,3,angry,0.9632658362388611
data/cremad/audio/1044_TIE_DIS_XX.wav,1044_TIE_DIS_XX.wav,1044,train,5,disgust,1,happy,0.5595238208770752
data/cremad/audio/1044_TIE_FEA_XX.wav,1044_TIE_FEA_XX.wav,1044,train,4,fearful,4,fearful,0.5637326836585999
data/cremad/audio/1044_TIE_HAP_XX.wav,1044_TIE_HAP_XX.wav,1044,train,1,happy,1,happy,0.9841274619102478
data/cremad/audio/1044_TIE_NEU_XX.wav,1044_TIE_NEU_XX.wav,1044,train,0,neutral,0,neutral,0.8508176803588867
data/cremad/audio/1044_TIE_SAD_XX.wav,1044_TIE_SAD_XX.wav,1044,train,2,sad,1,happy,0.42674028873443604
data/cremad/audio/1044_TSI_ANG_XX.wav,1044_TSI_ANG_XX.wav,1044,train,3,angry,3,angry,0.9304572343826294
data/cremad/audio/1044_TSI_DIS_XX.wav,1044_TSI_DIS_XX.wav,1044,train,5,disgust,5,disgust,0.6651148796081543
data/cremad/audio/1044_TSI_FEA_XX.wav,1044_TSI_FEA_XX.wav,1044,train,4,fearful,4,fearful,0.9856370091438293
data/cremad/audio/1044_TSI_HAP_XX.wav,1044_TSI_HAP_XX.wav,1044,train,1,happy,1,happy,0.7482097148895264
data/cremad/audio/1044_TSI_NEU_XX.wav,1044_TSI_NEU_XX.wav,1044,train,0,neutral,0,neutral,0.8897382616996765
data/cremad/audio/1044_TSI_SAD_XX.wav,1044_TSI_SAD_XX.wav,1044,train,2,sad,2,sad,0.5542687177658081
data/cremad/audio/1044_WSI_ANG_XX.wav,1044_WSI_ANG_XX.wav,1044,train,3,angry,3,angry,0.9945564270019531
data/cremad/audio/1044_WSI_DIS_XX.wav,1044_WSI_DIS_XX.wav,1044,train,5,disgust,1,happy,0.7011784315109253
data/cremad/audio/1044_WSI_FEA_XX.wav,1044_WSI_FEA_XX.wav,1044,train,4,fearful,1,happy,0.4941941201686859
data/cremad/audio/1044_WSI_HAP_XX.wav,1044_WSI_HAP_XX.wav,1044,train,1,happy,1,happy,0.95619797706604
data/cremad/audio/1044_WSI_NEU_XX.wav,1044_WSI_NEU_XX.wav,1044,train,0,neutral,0,neutral,0.9528773427009583
data/cremad/audio/1044_WSI_SAD_XX.wav,1044_WSI_SAD_XX.wav,1044,train,2,sad,2,sad,0.8206599354743958
data/cremad/audio/1046_DFA_ANG_XX.wav,1046_DFA_ANG_XX.wav,1046,train,3,angry,3,angry,0.9893633723258972
data/cremad/audio/1046_DFA_DIS_XX.wav,1046_DFA_DIS_XX.wav,1046,train,5,disgust,2,sad,0.573180615901947
data/cremad/audio/1046_DFA_FEA_XX.wav,1046_DFA_FEA_XX.wav,1046,train,4,fearful,4,fearful,0.5915312170982361
data/cremad/audio/1046_DFA_HAP_XX.wav,1046_DFA_HAP_XX.wav,1046,train,1,happy,1,happy,0.7872994542121887
data/cremad/audio/1046_DFA_NEU_XX.wav,1046_DFA_NEU_XX.wav,1046,train,0,neutral,0,neutral,0.939372718334198
data/cremad/audio/1046_DFA_SAD_XX.wav,1046_DFA_SAD_XX.wav,1046,train,2,sad,2,sad,0.8830499649047852
data/cremad/audio/1046_IEO_ANG_HI.wav,1046_IEO_ANG_HI.wav,1046,train,3,angry,3,angry,0.9962097406387329
data/cremad/audio/1046_IEO_ANG_LO.wav,1046_IEO_ANG_LO.wav,1046,train,3,angry,0,neutral,0.38738107681274414
data/cremad/audio/1046_IEO_ANG_MD.wav,1046_IEO_ANG_MD.wav,1046,train,3,angry,3,angry,0.9001728296279907
data/cremad/audio/1046_IEO_DIS_HI.wav,1046_IEO_DIS_HI.wav,1046,train,5,disgust,1,happy,0.41549891233444214
data/cremad/audio/1046_IEO_DIS_LO.wav,1046_IEO_DIS_LO.wav,1046,train,5,disgust,5,disgust,0.6650550365447998
data/cremad/audio/1046_IEO_DIS_MD.wav,1046_IEO_DIS_MD.wav,1046,train,5,disgust,1,happy,0.5356355905532837
data/cremad/audio/1046_IEO_FEA_HI.wav,1046_IEO_FEA_HI.wav,1046,train,4,fearful,4,fearful,0.9413539171218872
data/cremad/audio/1046_IEO_FEA_LO.wav,1046_IEO_FEA_LO.wav,1046,train,4,fearful,4,fearful,0.7071754932403564
data/cremad/audio/1046_IEO_FEA_MD.wav,1046_IEO_FEA_MD.wav,1046,train,4,fearful,4,fearful,0.8305743932723999
data/cremad/audio/1046_IEO_HAP_HI.wav,1046_IEO_HAP_HI.wav,1046,train,1,happy,1,happy,0.8017114400863647
data/cremad/audio/1046_IEO_HAP_LO.wav,1046_IEO_HAP_LO.wav,1046,train,1,happy,1,happy,0.6090460419654846
data/cremad/audio/1046_IEO_HAP_MD.wav,1046_IEO_HAP_MD.wav,1046,train,1,happy,5,disgust,0.5242847800254822
data/cremad/audio/1046_IEO_NEU_XX.wav,1046_IEO_NEU_XX.wav,1046,train,0,neutral,0,neutral,0.9648846983909607
data/cremad/audio/1046_IEO_SAD_HI.wav,1046_IEO_SAD_HI.wav,1046,train,2,sad,2,sad,0.858065664768219
data/cremad/audio/1046_IEO_SAD_LO.wav,1046_IEO_SAD_LO.wav,1046,train,2,sad,2,sad,0.7385381460189819
data/cremad/audio/1046_IEO_SAD_MD.wav,1046_IEO_SAD_MD.wav,1046,train,2,sad,2,sad,0.8783740401268005
data/cremad/audio/1046_IOM_ANG_XX.wav,1046_IOM_ANG_XX.wav,1046,train,3,angry,3,angry,0.968579888343811
data/cremad/audio/1046_IOM_DIS_XX.wav,1046_IOM_DIS_XX.wav,1046,train,5,disgust,0,neutral,0.4230521619319916
data/cremad/audio/1046_IOM_FEA_XX.wav,1046_IOM_FEA_XX.wav,1046,train,4,fearful,2,sad,0.7667266726493835
data/cremad/audio/1046_IOM_HAP_XX.wav,1046_IOM_HAP_XX.wav,1046,train,1,happy,1,happy,0.9334979057312012
data/cremad/audio/1046_IOM_NEU_XX.wav,1046_IOM_NEU_XX.wav,1046,train,0,neutral,0,neutral,0.887567400932312
data/cremad/audio/1046_IOM_SAD_XX.wav,1046_IOM_SAD_XX.wav,1046,train,2,sad,0,neutral,0.754496693611145
data/cremad/audio/1046_ITH_ANG_XX.wav,1046_ITH_ANG_XX.wav,1046,train,3,angry,3,angry,0.45919564366340637
data/cremad/audio/1046_ITH_DIS_XX.wav,1046_ITH_DIS_XX.wav,1046,train,5,disgust,5,disgust,0.7859249114990234
data/cremad/audio/1046_ITH_FEA_XX.wav,1046_ITH_FEA_XX.wav,1046,train,4,fearful,1,happy,0.8963264226913452
data/cremad/audio/1046_ITH_HAP_XX.wav,1046_ITH_HAP_XX.wav,1046,train,1,happy,1,happy,0.9795277714729309
data/cremad/audio/1046_ITH_NEU_XX.wav,1046_ITH_NEU_XX.wav,1046,train,0,neutral,0,neutral,0.8850626349449158
data/cremad/audio/1046_ITH_SAD_XX.wav,1046_ITH_SAD_XX.wav,1046,train,2,sad,0,neutral,0.5893656611442566
data/cremad/audio/1046_ITS_ANG_XX.wav,1046_ITS_ANG_XX.wav,1046,train,3,angry,3,angry,0.9379785656929016
data/cremad/audio/1046_ITS_DIS_XX.wav,1046_ITS_DIS_XX.wav,1046,train,5,disgust,5,disgust,0.9498606324195862
data/cremad/audio/1046_ITS_FEA_XX.wav,1046_ITS_FEA_XX.wav,1046,train,4,fearful,4,fearful,0.9311557412147522
data/cremad/audio/1046_ITS_HAP_XX.wav,1046_ITS_HAP_XX.wav,1046,train,1,happy,1,happy,0.9799092411994934
data/cremad/audio/1046_ITS_NEU_XX.wav,1046_ITS_NEU_XX.wav,1046,train,0,neutral,0,neutral,0.988413393497467
data/cremad/audio/1046_ITS_SAD_XX.wav,1046_ITS_SAD_XX.wav,1046,train,2,sad,0,neutral,0.7605552077293396
data/cremad/audio/1046_IWL_ANG_XX.wav,1046_IWL_ANG_XX.wav,1046,train,3,angry,3,angry,0.725445568561554
data/cremad/audio/1046_IWL_DIS_XX.wav,1046_IWL_DIS_XX.wav,1046,train,5,disgust,5,disgust,0.6175521612167358
data/cremad/audio/1046_IWL_FEA_XX.wav,1046_IWL_FEA_XX.wav,1046,train,4,fearful,4,fearful,0.6168696880340576
data/cremad/audio/1046_IWL_HAP_XX.wav,1046_IWL_HAP_XX.wav,1046,train,1,happy,1,happy,0.9126330614089966
data/cremad/audio/1046_IWL_NEU_XX.wav,1046_IWL_NEU_XX.wav,1046,train,0,neutral,0,neutral,0.9526368975639343
data/cremad/audio/1046_IWL_SAD_XX.wav,1046_IWL_SAD_XX.wav,1046,train,2,sad,5,disgust,0.42339375615119934
data/cremad/audio/1046_IWW_ANG_XX.wav,1046_IWW_ANG_XX.wav,1046,train,3,angry,3,angry,0.9761508703231812
data/cremad/audio/1046_IWW_DIS_XX.wav,1046_IWW_DIS_XX.wav,1046,train,5,disgust,5,disgust,0.6051055192947388
data/cremad/audio/1046_IWW_FEA_XX.wav,1046_IWW_FEA_XX.wav,1046,train,4,fearful,4,fearful,0.5462116003036499
data/cremad/audio/1046_IWW_HAP_XX.wav,1046_IWW_HAP_XX.wav,1046,train,1,happy,1,happy,0.9226379990577698
data/cremad/audio/1046_IWW_NEU_XX.wav,1046_IWW_NEU_XX.wav,1046,train,0,neutral,0,neutral,0.9799572825431824
data/cremad/audio/1046_IWW_SAD_XX.wav,1046_IWW_SAD_XX.wav,1046,train,2,sad,2,sad,0.8416248559951782
data/cremad/audio/1046_MTI_ANG_XX.wav,1046_MTI_ANG_XX.wav,1046,train,3,angry,5,disgust,0.5825867056846619
data/cremad/audio/1046_MTI_DIS_XX.wav,1046_MTI_DIS_XX.wav,1046,train,5,disgust,2,sad,0.5356043577194214
data/cremad/audio/1046_MTI_FEA_XX.wav,1046_MTI_FEA_XX.wav,1046,train,4,fearful,5,disgust,0.4458346962928772
data/cremad/audio/1046_MTI_HAP_XX.wav,1046_MTI_HAP_XX.wav,1046,train,1,happy,1,happy,0.6751359701156616
data/cremad/audio/1046_MTI_NEU_XX.wav,1046_MTI_NEU_XX.wav,1046,train,0,neutral,0,neutral,0.8129888772964478
data/cremad/audio/1046_MTI_SAD_XX.wav,1046_MTI_SAD_XX.wav,1046,train,2,sad,2,sad,0.5722615718841553
data/cremad/audio/1046_TAI_ANG_XX.wav,1046_TAI_ANG_XX.wav,1046,train,3,angry,3,angry,0.7176995873451233
data/cremad/audio/1046_TAI_DIS_XX.wav,1046_TAI_DIS_XX.wav,1046,train,5,disgust,2,sad,0.7241232991218567
data/cremad/audio/1046_TAI_FEA_XX.wav,1046_TAI_FEA_XX.wav,1046,train,4,fearful,4,fearful,0.5870658755302429
data/cremad/audio/1046_TAI_HAP_XX.wav,1046_TAI_HAP_XX.wav,1046,train,1,happy,1,happy,0.9661489129066467
data/cremad/audio/1046_TAI_NEU_XX.wav,1046_TAI_NEU_XX.wav,1046,train,0,neutral,0,neutral,0.767118513584137
data/cremad/audio/1046_TAI_SAD_XX.wav,1046_TAI_SAD_XX.wav,1046,train,2,sad,2,sad,0.8870246410369873
data/cremad/audio/1046_TIE_ANG_XX.wav,1046_TIE_ANG_XX.wav,1046,train,3,angry,3,angry,0.9020435214042664
data/cremad/audio/1046_TIE_DIS_XX.wav,1046_TIE_DIS_XX.wav,1046,train,5,disgust,5,disgust,0.5305331945419312
data/cremad/audio/1046_TIE_FEA_XX.wav,1046_TIE_FEA_XX.wav,1046,train,4,fearful,2,sad,0.4750465154647827
data/cremad/audio/1046_TIE_HAP_XX.wav,1046_TIE_HAP_XX.wav,1046,train,1,happy,1,happy,0.7845219969749451
data/cremad/audio/1046_TIE_NEU_XX.wav,1046_TIE_NEU_XX.wav,1046,train,0,neutral,0,neutral,0.8137258887290955
data/cremad/audio/1046_TIE_SAD_XX.wav,1046_TIE_SAD_XX.wav,1046,train,2,sad,2,sad,0.7056281566619873
data/cremad/audio/1046_TSI_ANG_XX.wav,1046_TSI_ANG_XX.wav,1046,train,3,angry,3,angry,0.9828476905822754
data/cremad/audio/1046_TSI_DIS_XX.wav,1046_TSI_DIS_XX.wav,1046,train,5,disgust,2,sad,0.5171214938163757
data/cremad/audio/1046_TSI_FEA_XX.wav,1046_TSI_FEA_XX.wav,1046,train,4,fearful,4,fearful,0.6073455214500427
data/cremad/audio/1046_TSI_HAP_XX.wav,1046_TSI_HAP_XX.wav,1046,train,1,happy,1,happy,0.9759758114814758
data/cremad/audio/1046_TSI_NEU_XX.wav,1046_TSI_NEU_XX.wav,1046,train,0,neutral,0,neutral,0.9409552812576294
data/cremad/audio/1046_TSI_SAD_XX.wav,1046_TSI_SAD_XX.wav,1046,train,2,sad,2,sad,0.7409302592277527
data/cremad/audio/1046_WSI_ANG_XX.wav,1046_WSI_ANG_XX.wav,1046,train,3,angry,3,angry,0.8881136178970337
data/cremad/audio/1046_WSI_DIS_XX.wav,1046_WSI_DIS_XX.wav,1046,train,5,disgust,5,disgust,0.3054281175136566
data/cremad/audio/1046_WSI_FEA_XX.wav,1046_WSI_FEA_XX.wav,1046,train,4,fearful,4,fearful,0.9723528027534485
data/cremad/audio/1046_WSI_HAP_XX.wav,1046_WSI_HAP_XX.wav,1046,train,1,happy,1,happy,0.6731444001197815
data/cremad/audio/1046_WSI_NEU_XX.wav,1046_WSI_NEU_XX.wav,1046,train,0,neutral,0,neutral,0.910923421382904
data/cremad/audio/1046_WSI_SAD_XX.wav,1046_WSI_SAD_XX.wav,1046,train,2,sad,2,sad,0.8399990797042847
data/cremad/audio/1047_DFA_ANG_XX.wav,1047_DFA_ANG_XX.wav,1047,train,3,angry,3,angry,0.9993041753768921
data/cremad/audio/1047_DFA_DIS_XX.wav,1047_DFA_DIS_XX.wav,1047,train,5,disgust,5,disgust,0.8099827170372009
data/cremad/audio/1047_DFA_FEA_XX.wav,1047_DFA_FEA_XX.wav,1047,train,4,fearful,1,happy,0.6920331716537476
data/cremad/audio/1047_DFA_HAP_XX.wav,1047_DFA_HAP_XX.wav,1047,train,1,happy,1,happy,0.94526606798172
data/cremad/audio/1047_DFA_NEU_XX.wav,1047_DFA_NEU_XX.wav,1047,train,0,neutral,0,neutral,0.9806129932403564
data/cremad/audio/1047_DFA_SAD_XX.wav,1047_DFA_SAD_XX.wav,1047,train,2,sad,2,sad,0.9239307045936584
data/cremad/audio/1047_IEO_ANG_HI.wav,1047_IEO_ANG_HI.wav,1047,train,3,angry,3,angry,0.992554247379303
data/cremad/audio/1047_IEO_ANG_LO.wav,1047_IEO_ANG_LO.wav,1047,train,3,angry,3,angry,0.9959962368011475
data/cremad/audio/1047_IEO_ANG_MD.wav,1047_IEO_ANG_MD.wav,1047,train,3,angry,3,angry,0.8254361748695374
data/cremad/audio/1047_IEO_DIS_HI.wav,1047_IEO_DIS_HI.wav,1047,train,5,disgust,2,sad,0.4775606095790863
data/cremad/audio/1047_IEO_DIS_LO.wav,1047_IEO_DIS_LO.wav,1047,train,5,disgust,5,disgust,0.5538222193717957
data/cremad/audio/1047_IEO_DIS_MD.wav,1047_IEO_DIS_MD.wav,1047,train,5,disgust,5,disgust,0.9895582795143127
data/cremad/audio/1047_IEO_FEA_HI.wav,1047_IEO_FEA_HI.wav,1047,train,4,fearful,4,fearful,0.8083123564720154
data/cremad/audio/1047_IEO_FEA_LO.wav,1047_IEO_FEA_LO.wav,1047,train,4,fearful,2,sad,0.5039322972297668
data/cremad/audio/1047_IEO_FEA_MD.wav,1047_IEO_FEA_MD.wav,1047,train,4,fearful,4,fearful,0.9939737915992737
data/cremad/audio/1047_IEO_HAP_HI.wav,1047_IEO_HAP_HI.wav,1047,train,1,happy,1,happy,0.45249515771865845
data/cremad/audio/1047_IEO_HAP_LO.wav,1047_IEO_HAP_LO.wav,1047,train,1,happy,1,happy,0.9819504022598267
data/cremad/audio/1047_IEO_HAP_MD.wav,1047_IEO_HAP_MD.wav,1047,train,1,happy,1,happy,0.9620398283004761
data/cremad/audio/1047_IEO_NEU_XX.wav,1047_IEO_NEU_XX.wav,1047,train,0,neutral,0,neutral,0.9885290265083313
data/cremad/audio/1047_IEO_SAD_HI.wav,1047_IEO_SAD_HI.wav,1047,train,2,sad,2,sad,0.8446805477142334
data/cremad/audio/1047_IEO_SAD_LO.wav,1047_IEO_SAD_LO.wav,1047,train,2,sad,2,sad,0.8674293160438538
data/cremad/audio/1047_IEO_SAD_MD.wav,1047_IEO_SAD_MD.wav,1047,train,2,sad,2,sad,0.907915472984314
data/cremad/audio/1047_IOM_ANG_XX.wav,1047_IOM_ANG_XX.wav,1047,train,3,angry,3,angry,0.999123752117157
data/cremad/audio/1047_IOM_DIS_XX.wav,1047_IOM_DIS_XX.wav,1047,train,5,disgust,5,disgust,0.4882143437862396
data/cremad/audio/1047_IOM_FEA_XX.wav,1047_IOM_FEA_XX.wav,1047,train,4,fearful,4,fearful,0.9673934578895569
data/cremad/audio/1047_IOM_HAP_XX.wav,1047_IOM_HAP_XX.wav,1047,train,1,happy,1,happy,0.9075334072113037
data/cremad/audio/1047_IOM_NEU_XX.wav,1047_IOM_NEU_XX.wav,1047,train,0,neutral,0,neutral,0.7594110369682312
data/cremad/audio/1047_IOM_SAD_XX.wav,1047_IOM_SAD_XX.wav,1047,train,2,sad,2,sad,0.8877135515213013
data/cremad/audio/1047_ITH_ANG_XX.wav,1047_ITH_ANG_XX.wav,1047,train,3,angry,3,angry,0.8692395091056824
data/cremad/audio/1047_ITH_DIS_XX.wav,1047_ITH_DIS_XX.wav,1047,train,5,disgust,5,disgust,0.9020478129386902
data/cremad/audio/1047_ITH_FEA_XX.wav,1047_ITH_FEA_XX.wav,1047,train,4,fearful,2,sad,0.6587235331535339
data/cremad/audio/1047_ITH_HAP_XX.wav,1047_ITH_HAP_XX.wav,1047,train,1,happy,1,happy,0.8376213908195496
data/cremad/audio/1047_ITH_NEU_XX.wav,1047_ITH_NEU_XX.wav,1047,train,0,neutral,0,neutral,0.9836116433143616
data/cremad/audio/1047_ITH_SAD_XX.wav,1047_ITH_SAD_XX.wav,1047,train,2,sad,2,sad,0.5437029600143433
data/cremad/audio/1047_ITS_ANG_XX.wav,1047_ITS_ANG_XX.wav,1047,train,3,angry,3,angry,0.9374592900276184
data/cremad/audio/1047_ITS_DIS_XX.wav,1047_ITS_DIS_XX.wav,1047,train,5,disgust,5,disgust,0.886314868927002
data/cremad/audio/1047_ITS_FEA_XX.wav,1047_ITS_FEA_XX.wav,1047,train,4,fearful,4,fearful,0.991651713848114
data/cremad/audio/1047_ITS_HAP_XX.wav,1047_ITS_HAP_XX.wav,1047,train,1,happy,1,happy,0.9910333752632141
data/cremad/audio/1047_ITS_NEU_XX.wav,1047_ITS_NEU_XX.wav,1047,train,0,neutral,0,neutral,0.9944355487823486
data/cremad/audio/1047_ITS_SAD_XX.wav,1047_ITS_SAD_XX.wav,1047,train,2,sad,2,sad,0.8140274286270142
data/cremad/audio/1047_IWL_ANG_XX.wav,1047_IWL_ANG_XX.wav,1047,train,3,angry,3,angry,0.8442142009735107
data/cremad/audio/1047_IWL_DIS_XX.wav,1047_IWL_DIS_XX.wav,1047,train,5,disgust,5,disgust,0.8830305933952332
data/cremad/audio/1047_IWL_FEA_XX.wav,1047_IWL_FEA_XX.wav,1047,train,4,fearful,4,fearful,0.8695621490478516
data/cremad/audio/1047_IWL_HAP_XX.wav,1047_IWL_HAP_XX.wav,1047,train,1,happy,3,angry,0.7052726149559021
data/cremad/audio/1047_IWL_NEU_XX.wav,1047_IWL_NEU_XX.wav,1047,train,0,neutral,0,neutral,0.9523690938949585
data/cremad/audio/1047_IWL_SAD_XX.wav,1047_IWL_SAD_XX.wav,1047,train,2,sad,2,sad,0.7638733386993408
data/cremad/audio/1047_IWW_ANG_XX.wav,1047_IWW_ANG_XX.wav,1047,train,3,angry,5,disgust,0.7304092049598694
data/cremad/audio/1047_IWW_DIS_XX.wav,1047_IWW_DIS_XX.wav,1047,train,5,disgust,5,disgust,0.9335039258003235
data/cremad/audio/1047_IWW_FEA_XX.wav,1047_IWW_FEA_XX.wav,1047,train,4,fearful,4,fearful,0.9743048548698425
data/cremad/audio/1047_IWW_HAP_XX.wav,1047_IWW_HAP_XX.wav,1047,train,1,happy,1,happy,0.9315566420555115
data/cremad/audio/1047_IWW_NEU_XX.wav,1047_IWW_NEU_XX.wav,1047,train,0,neutral,0,neutral,0.9903966188430786
data/cremad/audio/1047_IWW_SAD_XX.wav,1047_IWW_SAD_XX.wav,1047,train,2,sad,2,sad,0.8843113780021667
data/cremad/audio/1047_MTI_ANG_XX.wav,1047_MTI_ANG_XX.wav,1047,train,3,angry,3,angry,0.8821672797203064
data/cremad/audio/1047_MTI_DIS_XX.wav,1047_MTI_DIS_XX.wav,1047,train,5,disgust,5,disgust,0.7220014333724976
data/cremad/audio/1047_MTI_FEA_XX.wav,1047_MTI_FEA_XX.wav,1047,train,4,fearful,4,fearful,0.9483237266540527
data/cremad/audio/1047_MTI_HAP_XX.wav,1047_MTI_HAP_XX.wav,1047,train,1,happy,1,happy,0.9363996386528015
data/cremad/audio/1047_MTI_NEU_XX.wav,1047_MTI_NEU_XX.wav,1047,train,0,neutral,0,neutral,0.9845631718635559
data/cremad/audio/1047_MTI_SAD_XX.wav,1047_MTI_SAD_XX.wav,1047,train,2,sad,5,disgust,0.6108465790748596
data/cremad/audio/1047_TAI_ANG_XX.wav,1047_TAI_ANG_XX.wav,1047,train,3,angry,3,angry,0.9873349666595459
data/cremad/audio/1047_TAI_DIS_XX.wav,1047_TAI_DIS_XX.wav,1047,train,5,disgust,5,disgust,0.6165352463722229
data/cremad/audio/1047_TAI_FEA_XX.wav,1047_TAI_FEA_XX.wav,1047,train,4,fearful,4,fearful,0.9615511894226074
data/cremad/audio/1047_TAI_HAP_XX.wav,1047_TAI_HAP_XX.wav,1047,train,1,happy,4,fearful,0.5380805730819702
data/cremad/audio/1047_TAI_NEU_XX.wav,1047_TAI_NEU_XX.wav,1047,train,0,neutral,0,neutral,0.9733498096466064
data/cremad/audio/1047_TAI_SAD_XX.wav,1047_TAI_SAD_XX.wav,1047,train,2,sad,2,sad,0.8623505234718323
data/cremad/audio/1047_TIE_ANG_XX.wav,1047_TIE_ANG_XX.wav,1047,train,3,angry,3,angry,0.9963473677635193
data/cremad/audio/1047_TIE_DIS_XX.wav,1047_TIE_DIS_XX.wav,1047,train,5,disgust,5,disgust,0.9856136441230774
data/cremad/audio/1047_TIE_FEA_XX.wav,1047_TIE_FEA_XX.wav,1047,train,4,fearful,4,fearful,0.6180648803710938
data/cremad/audio/1047_TIE_HAP_XX.wav,1047_TIE_HAP_XX.wav,1047,train,1,happy,3,angry,0.9649949073791504
data/cremad/audio/1047_TIE_NEU_XX.wav,1047_TIE_NEU_XX.wav,1047,train,0,neutral,0,neutral,0.4679403603076935
data/cremad/audio/1047_TIE_SAD_XX.wav,1047_TIE_SAD_XX.wav,1047,train,2,sad,2,sad,0.9058347940444946
data/cremad/audio/1047_TSI_ANG_XX.wav,1047_TSI_ANG_XX.wav,1047,train,3,angry,3,angry,0.9551241397857666
data/cremad/audio/1047_TSI_DIS_XX.wav,1047_TSI_DIS_XX.wav,1047,train,5,disgust,5,disgust,0.7915099859237671
data/cremad/audio/1047_TSI_FEA_XX.wav,1047_TSI_FEA_XX.wav,1047,train,4,fearful,1,happy,0.7242462038993835
data/cremad/audio/1047_TSI_HAP_XX.wav,1047_TSI_HAP_XX.wav,1047,train,1,happy,1,happy,0.9949573874473572
data/cremad/audio/1047_TSI_NEU_XX.wav,1047_TSI_NEU_XX.wav,1047,train,0,neutral,0,neutral,0.971085786819458
data/cremad/audio/1047_TSI_SAD_XX.wav,1047_TSI_SAD_XX.wav,1047,train,2,sad,2,sad,0.8933639526367188
data/cremad/audio/1047_WSI_ANG_XX.wav,1047_WSI_ANG_XX.wav,1047,train,3,angry,3,angry,0.9732287526130676
data/cremad/audio/1047_WSI_DIS_XX.wav,1047_WSI_DIS_XX.wav,1047,train,5,disgust,5,disgust,0.8782770037651062
data/cremad/audio/1047_WSI_FEA_XX.wav,1047_WSI_FEA_XX.wav,1047,train,4,fearful,4,fearful,0.820361316204071
data/cremad/audio/1047_WSI_HAP_XX.wav,1047_WSI_HAP_XX.wav,1047,train,1,happy,1,happy,0.9899477958679199
data/cremad/audio/1047_WSI_NEU_XX.wav,1047_WSI_NEU_XX.wav,1047,train,0,neutral,0,neutral,0.9797170758247375
data/cremad/audio/1047_WSI_SAD_XX.wav,1047_WSI_SAD_XX.wav,1047,train,2,sad,0,neutral,0.38391411304473877
data/cremad/audio/1049_DFA_ANG_XX.wav,1049_DFA_ANG_XX.wav,1049,train,3,angry,3,angry,0.9936873316764832
data/cremad/audio/1049_DFA_DIS_XX.wav,1049_DFA_DIS_XX.wav,1049,train,5,disgust,5,disgust,0.9121341705322266
data/cremad/audio/1049_DFA_FEA_XX.wav,1049_DFA_FEA_XX.wav,1049,train,4,fearful,4,fearful,0.993999719619751
data/cremad/audio/1049_DFA_HAP_XX.wav,1049_DFA_HAP_XX.wav,1049,train,1,happy,1,happy,0.8007411956787109
data/cremad/audio/1049_DFA_NEU_XX.wav,1049_DFA_NEU_XX.wav,1049,train,0,neutral,0,neutral,0.9273921847343445
data/cremad/audio/1049_DFA_SAD_XX.wav,1049_DFA_SAD_XX.wav,1049,train,2,sad,2,sad,0.5684541463851929
data/cremad/audio/1049_IEO_ANG_HI.wav,1049_IEO_ANG_HI.wav,1049,train,3,angry,3,angry,0.9718270301818848
data/cremad/audio/1049_IEO_ANG_LO.wav,1049_IEO_ANG_LO.wav,1049,train,3,angry,3,angry,0.8592959642410278
data/cremad/audio/1049_IEO_ANG_MD.wav,1049_IEO_ANG_MD.wav,1049,train,3,angry,3,angry,0.9708402156829834
data/cremad/audio/1049_IEO_DIS_HI.wav,1049_IEO_DIS_HI.wav,1049,train,5,disgust,5,disgust,0.7239537239074707
data/cremad/audio/1049_IEO_DIS_LO.wav,1049_IEO_DIS_LO.wav,1049,train,5,disgust,5,disgust,0.8641290664672852
data/cremad/audio/1049_IEO_DIS_MD.wav,1049_IEO_DIS_MD.wav,1049,train,5,disgust,5,disgust,0.5521702170372009
data/cremad/audio/1049_IEO_FEA_HI.wav,1049_IEO_FEA_HI.wav,1049,train,4,fearful,4,fearful,0.9095207452774048
data/cremad/audio/1049_IEO_FEA_LO.wav,1049_IEO_FEA_LO.wav,1049,train,4,fearful,4,fearful,0.7280893921852112
data/cremad/audio/1049_IEO_FEA_MD.wav,1049_IEO_FEA_MD.wav,1049,train,4,fearful,4,fearful,0.9876564741134644
data/cremad/audio/1049_IEO_HAP_HI.wav,1049_IEO_HAP_HI.wav,1049,train,1,happy,1,happy,0.9753652215003967
data/cremad/audio/1049_IEO_HAP_LO.wav,1049_IEO_HAP_LO.wav,1049,train,1,happy,1,happy,0.5796481966972351
data/cremad/audio/1049_IEO_HAP_MD.wav,1049_IEO_HAP_MD.wav,1049,train,1,happy,1,happy,0.9117757678031921
data/cremad/audio/1049_IEO_NEU_XX.wav,1049_IEO_NEU_XX.wav,1049,train,0,neutral,0,neutral,0.666104793548584
data/cremad/audio/1049_IEO_SAD_HI.wav,1049_IEO_SAD_HI.wav,1049,train,2,sad,4,fearful,0.4839513301849365
data/cremad/audio/1049_IEO_SAD_LO.wav,1049_IEO_SAD_LO.wav,1049,train,2,sad,2,sad,0.8513745665550232
data/cremad/audio/1049_IEO_SAD_MD.wav,1049_IEO_SAD_MD.wav,1049,train,2,sad,2,sad,0.8105018138885498
data/cremad/audio/1049_IOM_ANG_XX.wav,1049_IOM_ANG_XX.wav,1049,train,3,angry,3,angry,0.9989529848098755
data/cremad/audio/1049_IOM_DIS_XX.wav,1049_IOM_DIS_XX.wav,1049,train,5,disgust,5,disgust,0.8770259618759155
data/cremad/audio/1049_IOM_FEA_XX.wav,1049_IOM_FEA_XX.wav,1049,train,4,fearful,4,fearful,0.610332727432251
data/cremad/audio/1049_IOM_HAP_XX.wav,1049_IOM_HAP_XX.wav,1049,train,1,happy,1,happy,0.9592391848564148
data/cremad/audio/1049_IOM_NEU_XX.wav,1049_IOM_NEU_XX.wav,1049,train,0,neutral,0,neutral,0.9558025598526001
data/cremad/audio/1049_IOM_SAD_XX.wav,1049_IOM_SAD_XX.wav,1049,train,2,sad,2,sad,0.8396917581558228
data/cremad/audio/1049_ITH_ANG_XX.wav,1049_ITH_ANG_XX.wav,1049,train,3,angry,3,angry,0.9805641770362854
data/cremad/audio/1049_ITH_DIS_XX.wav,1049_ITH_DIS_XX.wav,1049,train,5,disgust,4,fearful,0.7710683941841125
data/cremad/audio/1049_ITH_FEA_XX.wav,1049_ITH_FEA_XX.wav,1049,train,4,fearful,4,fearful,0.941498875617981
data/cremad/audio/1049_ITH_HAP_XX.wav,1049_ITH_HAP_XX.wav,1049,train,1,happy,1,happy,0.9905163645744324
data/cremad/audio/1049_ITH_NEU_XX.wav,1049_ITH_NEU_XX.wav,1049,train,0,neutral,0,neutral,0.9151440262794495
data/cremad/audio/1049_ITH_SAD_XX.wav,1049_ITH_SAD_XX.wav,1049,train,2,sad,2,sad,0.887680172920227
data/cremad/audio/1049_ITS_ANG_XX.wav,1049_ITS_ANG_XX.wav,1049,train,3,angry,3,angry,0.8661746382713318
data/cremad/audio/1049_ITS_DIS_XX.wav,1049_ITS_DIS_XX.wav,1049,train,5,disgust,5,disgust,0.7408861517906189
data/cremad/audio/1049_ITS_FEA_XX.wav,1049_ITS_FEA_XX.wav,1049,train,4,fearful,4,fearful,0.6279077529907227
data/cremad/audio/1049_ITS_HAP_XX.wav,1049_ITS_HAP_XX.wav,1049,train,1,happy,1,happy,0.9973912239074707
data/cremad/audio/1049_ITS_NEU_XX.wav,1049_ITS_NEU_XX.wav,1049,train,0,neutral,0,neutral,0.9919793605804443
data/cremad/audio/1049_ITS_SAD_XX.wav,1049_ITS_SAD_XX.wav,1049,train,2,sad,2,sad,0.8134627342224121
data/cremad/audio/1049_IWL_ANG_XX.wav,1049_IWL_ANG_XX.wav,1049,train,3,angry,3,angry,0.9977444410324097
data/cremad/audio/1049_IWL_DIS_XX.wav,1049_IWL_DIS_XX.wav,1049,train,5,disgust,5,disgust,0.8632668256759644
data/cremad/audio/1049_IWL_FEA_XX.wav,1049_IWL_FEA_XX.wav,1049,train,4,fearful,4,fearful,0.930523693561554
data/cremad/audio/1049_IWL_HAP_XX.wav,1049_IWL_HAP_XX.wav,1049,train,1,happy,1,happy,0.9867367148399353
data/cremad/audio/1049_IWL_NEU_XX.wav,1049_IWL_NEU_XX.wav,1049,train,0,neutral,0,neutral,0.9799245595932007
data/cremad/audio/1049_IWL_SAD_XX.wav,1049_IWL_SAD_XX.wav,1049,train,2,sad,2,sad,0.6138730049133301
data/cremad/audio/1049_IWW_ANG_XX.wav,1049_IWW_ANG_XX.wav,1049,train,3,angry,3,angry,0.9924345016479492
data/cremad/audio/1049_IWW_DIS_XX.wav,1049_IWW_DIS_XX.wav,1049,train,5,disgust,5,disgust,0.9738501906394958
data/cremad/audio/1049_IWW_FEA_XX.wav,1049_IWW_FEA_XX.wav,1049,train,4,fearful,4,fearful,0.6449542045593262
data/cremad/audio/1049_IWW_HAP_XX.wav,1049_IWW_HAP_XX.wav,1049,train,1,happy,1,happy,0.9029300808906555
data/cremad/audio/1049_IWW_NEU_XX.wav,1049_IWW_NEU_XX.wav,1049,train,0,neutral,0,neutral,0.9871243238449097
data/cremad/audio/1049_IWW_SAD_XX.wav,1049_IWW_SAD_XX.wav,1049,train,2,sad,2,sad,0.7801547646522522
data/cremad/audio/1049_MTI_ANG_XX.wav,1049_MTI_ANG_XX.wav,1049,train,3,angry,3,angry,0.9689899682998657
data/cremad/audio/1049_MTI_DIS_XX.wav,1049_MTI_DIS_XX.wav,1049,train,5,disgust,5,disgust,0.9268420338630676
data/cremad/audio/1049_MTI_FEA_XX.wav,1049_MTI_FEA_XX.wav,1049,train,4,fearful,4,fearful,0.9014427661895752
data/cremad/audio/1049_MTI_HAP_XX.wav,1049_MTI_HAP_XX.wav,1049,train,1,happy,1,happy,0.8241056203842163
data/cremad/audio/1049_MTI_NEU_XX.wav,1049_MTI_NEU_XX.wav,1049,train,0,neutral,1,happy,0.40799829363822937
data/cremad/audio/1049_MTI_SAD_XX.wav,1049_MTI_SAD_XX.wav,1049,train,2,sad,2,sad,0.7819093465805054
data/cremad/audio/1049_TAI_ANG_XX.wav,1049_TAI_ANG_XX.wav,1049,train,3,angry,3,angry,0.9902948141098022
data/cremad/audio/1049_TAI_DIS_XX.wav,1049_TAI_DIS_XX.wav,1049,train,5,disgust,5,disgust,0.765695333480835
data/cremad/audio/1049_TAI_FEA_XX.wav,1049_TAI_FEA_XX.wav,1049,train,4,fearful,4,fearful,0.9594356417655945
data/cremad/audio/1049_TAI_HAP_XX.wav,1049_TAI_HAP_XX.wav,1049,train,1,happy,1,happy,0.9639372229576111
data/cremad/audio/1049_TAI_NEU_XX.wav,1049_TAI_NEU_XX.wav,1049,train,0,neutral,0,neutral,0.9966551065444946
data/cremad/audio/1049_TAI_SAD_XX.wav,1049_TAI_SAD_XX.wav,1049,train,2,sad,2,sad,0.8094184398651123
data/cremad/audio/1049_TIE_ANG_XX.wav,1049_TIE_ANG_XX.wav,1049,train,3,angry,3,angry,0.9415395259857178
data/cremad/audio/1049_TIE_DIS_XX.wav,1049_TIE_DIS_XX.wav,1049,train,5,disgust,2,sad,0.5570206046104431
data/cremad/audio/1049_TIE_FEA_XX.wav,1049_TIE_FEA_XX.wav,1049,train,4,fearful,4,fearful,0.8016260862350464
data/cremad/audio/1049_TIE_HAP_XX.wav,1049_TIE_HAP_XX.wav,1049,train,1,happy,1,happy,0.7120668888092041
data/cremad/audio/1049_TIE_NEU_XX.wav,1049_TIE_NEU_XX.wav,1049,train,0,neutral,0,neutral,0.35586321353912354
data/cremad/audio/1049_TIE_SAD_XX.wav,1049_TIE_SAD_XX.wav,1049,train,2,sad,2,sad,0.8562019467353821
data/cremad/audio/1049_TSI_ANG_XX.wav,1049_TSI_ANG_XX.wav,1049,train,3,angry,3,angry,0.683918833732605
data/cremad/audio/1049_TSI_DIS_XX.wav,1049_TSI_DIS_XX.wav,1049,train,5,disgust,5,disgust,0.9537879824638367
data/cremad/audio/1049_TSI_FEA_XX.wav,1049_TSI_FEA_XX.wav,1049,train,4,fearful,4,fearful,0.8212542533874512
data/cremad/audio/1049_TSI_HAP_XX.wav,1049_TSI_HAP_XX.wav,1049,train,1,happy,1,happy,0.9198607802391052
data/cremad/audio/1049_TSI_NEU_XX.wav,1049_TSI_NEU_XX.wav,1049,train,0,neutral,0,neutral,0.97356116771698
data/cremad/audio/1049_TSI_SAD_XX.wav,1049_TSI_SAD_XX.wav,1049,train,2,sad,2,sad,0.8387616872787476
data/cremad/audio/1049_WSI_ANG_XX.wav,1049_WSI_ANG_XX.wav,1049,train,3,angry,3,angry,0.9646663069725037
data/cremad/audio/1049_WSI_DIS_XX.wav,1049_WSI_DIS_XX.wav,1049,train,5,disgust,1,happy,0.3550359308719635
data/cremad/audio/1049_WSI_FEA_XX.wav,1049_WSI_FEA_XX.wav,1049,train,4,fearful,4,fearful,0.6202735304832458
data/cremad/audio/1049_WSI_HAP_XX.wav,1049_WSI_HAP_XX.wav,1049,train,1,happy,1,happy,0.9077216386795044
data/cremad/audio/1049_WSI_NEU_XX.wav,1049_WSI_NEU_XX.wav,1049,train,0,neutral,0,neutral,0.9610952138900757
data/cremad/audio/1049_WSI_SAD_XX.wav,1049_WSI_SAD_XX.wav,1049,train,2,sad,2,sad,0.8223443627357483
data/cremad/audio/1051_DFA_ANG_XX.wav,1051_DFA_ANG_XX.wav,1051,train,3,angry,3,angry,0.7930864095687866
data/cremad/audio/1051_DFA_DIS_XX.wav,1051_DFA_DIS_XX.wav,1051,train,5,disgust,5,disgust,0.9506024122238159
data/cremad/audio/1051_DFA_FEA_XX.wav,1051_DFA_FEA_XX.wav,1051,train,4,fearful,1,happy,0.8441422581672668
data/cremad/audio/1051_DFA_HAP_XX.wav,1051_DFA_HAP_XX.wav,1051,train,1,happy,1,happy,0.9514690637588501
data/cremad/audio/1051_DFA_NEU_XX.wav,1051_DFA_NEU_XX.wav,1051,train,0,neutral,0,neutral,0.73210608959198
data/cremad/audio/1051_DFA_SAD_XX.wav,1051_DFA_SAD_XX.wav,1051,train,2,sad,2,sad,0.7765141129493713
data/cremad/audio/1051_IEO_ANG_HI.wav,1051_IEO_ANG_HI.wav,1051,train,3,angry,3,angry,0.9863862991333008
data/cremad/audio/1051_IEO_ANG_LO.wav,1051_IEO_ANG_LO.wav,1051,train,3,angry,3,angry,0.6668680906295776
data/cremad/audio/1051_IEO_ANG_MD.wav,1051_IEO_ANG_MD.wav,1051,train,3,angry,3,angry,0.9078314900398254
data/cremad/audio/1051_IEO_DIS_HI.wav,1051_IEO_DIS_HI.wav,1051,train,5,disgust,5,disgust,0.691336989402771
data/cremad/audio/1051_IEO_DIS_LO.wav,1051_IEO_DIS_LO.wav,1051,train,5,disgust,5,disgust,0.6470659375190735
data/cremad/audio/1051_IEO_DIS_MD.wav,1051_IEO_DIS_MD.wav,1051,train,5,disgust,5,disgust,0.5194142460823059
data/cremad/audio/1051_IEO_FEA_HI.wav,1051_IEO_FEA_HI.wav,1051,train,4,fearful,4,fearful,0.7922179102897644
data/cremad/audio/1051_IEO_FEA_LO.wav,1051_IEO_FEA_LO.wav,1051,train,4,fearful,2,sad,0.4308232069015503
data/cremad/audio/1051_IEO_FEA_MD.wav,1051_IEO_FEA_MD.wav,1051,train,4,fearful,4,fearful,0.5136741399765015
data/cremad/audio/1051_IEO_HAP_HI.wav,1051_IEO_HAP_HI.wav,1051,train,1,happy,3,angry,0.6078673005104065
data/cremad/audio/1051_IEO_HAP_LO.wav,1051_IEO_HAP_LO.wav,1051,train,1,happy,1,happy,0.8446557521820068
data/cremad/audio/1051_IEO_HAP_MD.wav,1051_IEO_HAP_MD.wav,1051,train,1,happy,1,happy,0.8650879263877869
data/cremad/audio/1051_IEO_NEU_XX.wav,1051_IEO_NEU_XX.wav,1051,train,0,neutral,2,sad,0.36146295070648193
data/cremad/audio/1051_IEO_SAD_HI.wav,1051_IEO_SAD_HI.wav,1051,train,2,sad,2,sad,0.538567304611206
data/cremad/audio/1051_IEO_SAD_LO.wav,1051_IEO_SAD_LO.wav,1051,train,2,sad,2,sad,0.681876003742218
data/cremad/audio/1051_IEO_SAD_MD.wav,1051_IEO_SAD_MD.wav,1051,train,2,sad,2,sad,0.8656731843948364
data/cremad/audio/1051_IOM_ANG_XX.wav,1051_IOM_ANG_XX.wav,1051,train,3,angry,3,angry,0.9831752777099609
data/cremad/audio/1051_IOM_DIS_XX.wav,1051_IOM_DIS_XX.wav,1051,train,5,disgust,5,disgust,0.8045448660850525
data/cremad/audio/1051_IOM_FEA_XX.wav,1051_IOM_FEA_XX.wav,1051,train,4,fearful,4,fearful,0.7479499578475952
data/cremad/audio/1051_IOM_HAP_XX.wav,1051_IOM_HAP_XX.wav,1051,train,1,happy,1,happy,0.49109897017478943
data/cremad/audio/1051_IOM_NEU_XX.wav,1051_IOM_NEU_XX.wav,1051,train,0,neutral,0,neutral,0.8358978629112244
data/cremad/audio/1051_IOM_SAD_XX.wav,1051_IOM_SAD_XX.wav,1051,train,2,sad,2,sad,0.4835016131401062
data/cremad/audio/1051_ITH_ANG_XX.wav,1051_ITH_ANG_XX.wav,1051,train,3,angry,3,angry,0.5733755230903625
data/cremad/audio/1051_ITH_DIS_XX.wav,1051_ITH_DIS_XX.wav,1051,train,5,disgust,5,disgust,0.7657156586647034
data/cremad/audio/1051_ITH_FEA_XX.wav,1051_ITH_FEA_XX.wav,1051,train,4,fearful,4,fearful,0.8526564240455627
data/cremad/audio/1051_ITH_HAP_XX.wav,1051_ITH_HAP_XX.wav,1051,train,1,happy,1,happy,0.954839825630188
data/cremad/audio/1051_ITH_NEU_XX.wav,1051_ITH_NEU_XX.wav,1051,train,0,neutral,0,neutral,0.9865489602088928
data/cremad/audio/1051_ITH_SAD_XX.wav,1051_ITH_SAD_XX.wav,1051,train,2,sad,2,sad,0.7589999437332153
data/cremad/audio/1051_ITS_ANG_XX.wav,1051_ITS_ANG_XX.wav,1051,train,3,angry,5,disgust,0.5418161749839783
data/cremad/audio/1051_ITS_DIS_XX.wav,1051_ITS_DIS_XX.wav,1051,train,5,disgust,5,disgust,0.9555923342704773
data/cremad/audio/1051_ITS_FEA_XX.wav,1051_ITS_FEA_XX.wav,1051,train,4,fearful,4,fearful,0.7326536178588867
data/cremad/audio/1051_ITS_HAP_XX.wav,1051_ITS_HAP_XX.wav,1051,train,1,happy,1,happy,0.8814471364021301
data/cremad/audio/1051_ITS_NEU_XX.wav,1051_ITS_NEU_XX.wav,1051,train,0,neutral,0,neutral,0.9918747544288635
data/cremad/audio/1051_ITS_SAD_XX.wav,1051_ITS_SAD_XX.wav,1051,train,2,sad,0,neutral,0.425325483083725
data/cremad/audio/1051_IWL_ANG_XX.wav,1051_IWL_ANG_XX.wav,1051,train,3,angry,3,angry,0.9701746106147766
data/cremad/audio/1051_IWL_DIS_XX.wav,1051_IWL_DIS_XX.wav,1051,train,5,disgust,5,disgust,0.6728110313415527
data/cremad/audio/1051_IWL_FEA_XX.wav,1051_IWL_FEA_XX.wav,1051,train,4,fearful,4,fearful,0.9886205792427063
data/cremad/audio/1051_IWL_HAP_XX.wav,1051_IWL_HAP_XX.wav,1051,train,1,happy,1,happy,0.9880247712135315
data/cremad/audio/1051_IWL_NEU_XX.wav,1051_IWL_NEU_XX.wav,1051,train,0,neutral,0,neutral,0.8994011282920837
data/cremad/audio/1051_IWL_SAD_XX.wav,1051_IWL_SAD_XX.wav,1051,train,2,sad,2,sad,0.6256334185600281
data/cremad/audio/1051_IWW_ANG_XX.wav,1051_IWW_ANG_XX.wav,1051,train,3,angry,3,angry,0.7191529273986816
data/cremad/audio/1051_IWW_DIS_XX.wav,1051_IWW_DIS_XX.wav,1051,train,5,disgust,5,disgust,0.9884970188140869
data/cremad/audio/1051_IWW_FEA_XX.wav,1051_IWW_FEA_XX.wav,1051,train,4,fearful,4,fearful,0.9863041043281555
data/cremad/audio/1051_IWW_HAP_XX.wav,1051_IWW_HAP_XX.wav,1051,train,1,happy,1,happy,0.9507506489753723
data/cremad/audio/1051_IWW_NEU_XX.wav,1051_IWW_NEU_XX.wav,1051,train,0,neutral,0,neutral,0.9828558564186096
data/cremad/audio/1051_IWW_SAD_XX.wav,1051_IWW_SAD_XX.wav,1051,train,2,sad,2,sad,0.780575692653656
data/cremad/audio/1051_MTI_ANG_XX.wav,1051_MTI_ANG_XX.wav,1051,train,3,angry,3,angry,0.941314160823822
data/cremad/audio/1051_MTI_DIS_XX.wav,1051_MTI_DIS_XX.wav,1051,train,5,disgust,5,disgust,0.9536261558532715
data/cremad/audio/1051_MTI_FEA_XX.wav,1051_MTI_FEA_XX.wav,1051,train,4,fearful,4,fearful,0.7244880199432373
data/cremad/audio/1051_MTI_HAP_XX.wav,1051_MTI_HAP_XX.wav,1051,train,1,happy,1,happy,0.9582606554031372
data/cremad/audio/1051_MTI_NEU_XX.wav,1051_MTI_NEU_XX.wav,1051,train,0,neutral,0,neutral,0.9016345739364624
data/cremad/audio/1051_MTI_SAD_XX.wav,1051_MTI_SAD_XX.wav,1051,train,2,sad,2,sad,0.5292659997940063
data/cremad/audio/1051_TAI_ANG_XX.wav,1051_TAI_ANG_XX.wav,1051,train,3,angry,3,angry,0.9420310854911804
data/cremad/audio/1051_TAI_DIS_XX.wav,1051_TAI_DIS_XX.wav,1051,train,5,disgust,5,disgust,0.8973599672317505
data/cremad/audio/1051_TAI_FEA_XX.wav,1051_TAI_FEA_XX.wav,1051,train,4,fearful,4,fearful,0.9667770862579346
data/cremad/audio/1051_TAI_HAP_XX.wav,1051_TAI_HAP_XX.wav,1051,train,1,happy,3,angry,0.47176864743232727
data/cremad/audio/1051_TAI_NEU_XX.wav,1051_TAI_NEU_XX.wav,1051,train,0,neutral,0,neutral,0.9751912951469421
data/cremad/audio/1051_TAI_SAD_XX.wav,1051_TAI_SAD_XX.wav,1051,train,2,sad,2,sad,0.7208613157272339
data/cremad/audio/1051_TIE_ANG_XX.wav,1051_TIE_ANG_XX.wav,1051,train,3,angry,3,angry,0.7533356547355652
data/cremad/audio/1051_TIE_DIS_XX.wav,1051_TIE_DIS_XX.wav,1051,train,5,disgust,5,disgust,0.7656291127204895
data/cremad/audio/1051_TIE_FEA_XX.wav,1051_TIE_FEA_XX.wav,1051,train,4,fearful,4,fearful,0.9754673838615417
data/cremad/audio/1051_TIE_HAP_XX.wav,1051_TIE_HAP_XX.wav,1051,train,1,happy,5,disgust,0.575533926486969
data/cremad/audio/1051_TIE_NEU_XX.wav,1051_TIE_NEU_XX.wav,1051,train,0,neutral,0,neutral,0.9845484495162964
data/cremad/audio/1051_TIE_SAD_XX.wav,1051_TIE_SAD_XX.wav,1051,train,2,sad,2,sad,0.8727922439575195
data/cremad/audio/1051_TSI_ANG_XX.wav,1051_TSI_ANG_XX.wav,1051,train,3,angry,3,angry,0.8481471538543701
data/cremad/audio/1051_TSI_DIS_XX.wav,1051_TSI_DIS_XX.wav,1051,train,5,disgust,5,disgust,0.8043642044067383
data/cremad/audio/1051_TSI_FEA_XX.wav,1051_TSI_FEA_XX.wav,1051,train,4,fearful,4,fearful,0.97298663854599
data/cremad/audio/1051_TSI_HAP_XX.wav,1051_TSI_HAP_XX.wav,1051,train,1,happy,1,happy,0.5657102465629578
data/cremad/audio/1051_TSI_NEU_XX.wav,1051_TSI_NEU_XX.wav,1051,train,0,neutral,0,neutral,0.9815099239349365
data/cremad/audio/1051_TSI_SAD_XX.wav,1051_TSI_SAD_XX.wav,1051,train,2,sad,2,sad,0.86690354347229
data/cremad/audio/1051_WSI_ANG_XX.wav,1051_WSI_ANG_XX.wav,1051,train,3,angry,3,angry,0.8974936008453369
data/cremad/audio/1051_WSI_DIS_XX.wav,1051_WSI_DIS_XX.wav,1051,train,5,disgust,0,neutral,0.3440668284893036
data/cremad/audio/1051_WSI_FEA_XX.wav,1051_WSI_FEA_XX.wav,1051,train,4,fearful,4,fearful,0.8931415677070618
data/cremad/audio/1051_WSI_HAP_XX.wav,1051_WSI_HAP_XX.wav,1051,train,1,happy,1,happy,0.7412496209144592
data/cremad/audio/1051_WSI_NEU_XX.wav,1051_WSI_NEU_XX.wav,1051,train,0,neutral,0,neutral,0.9761127829551697
data/cremad/audio/1051_WSI_SAD_XX.wav,1051_WSI_SAD_XX.wav,1051,train,2,sad,2,sad,0.5384951233863831
data/cremad/audio/1052_DFA_ANG_XX.wav,1052_DFA_ANG_XX.wav,1052,train,3,angry,3,angry,0.9996998310089111
data/cremad/audio/1052_DFA_DIS_XX.wav,1052_DFA_DIS_XX.wav,1052,train,5,disgust,5,disgust,0.4788525402545929
data/cremad/audio/1052_DFA_FEA_XX.wav,1052_DFA_FEA_XX.wav,1052,train,4,fearful,4,fearful,0.7830997109413147
data/cremad/audio/1052_DFA_HAP_XX.wav,1052_DFA_HAP_XX.wav,1052,train,1,happy,1,happy,0.9846402406692505
data/cremad/audio/1052_DFA_NEU_XX.wav,1052_DFA_NEU_XX.wav,1052,train,0,neutral,0,neutral,0.8231987953186035
data/cremad/audio/1052_DFA_SAD_XX.wav,1052_DFA_SAD_XX.wav,1052,train,2,sad,2,sad,0.7288191914558411
data/cremad/audio/1052_IEO_ANG_HI.wav,1052_IEO_ANG_HI.wav,1052,train,3,angry,3,angry,0.987933337688446
data/cremad/audio/1052_IEO_ANG_LO.wav,1052_IEO_ANG_LO.wav,1052,train,3,angry,3,angry,0.7191584706306458
data/cremad/audio/1052_IEO_ANG_MD.wav,1052_IEO_ANG_MD.wav,1052,train,3,angry,3,angry,0.9509634971618652
data/cremad/audio/1052_IEO_DIS_HI.wav,1052_IEO_DIS_HI.wav,1052,train,5,disgust,5,disgust,0.591552734375
data/cremad/audio/1052_IEO_DIS_LO.wav,1052_IEO_DIS_LO.wav,1052,train,5,disgust,2,sad,0.6320699453353882
data/cremad/audio/1052_IEO_DIS_MD.wav,1052_IEO_DIS_MD.wav,1052,train,5,disgust,0,neutral,0.37376585602760315
data/cremad/audio/1052_IEO_FEA_HI.wav,1052_IEO_FEA_HI.wav,1052,train,4,fearful,4,fearful,0.9889515042304993
data/cremad/audio/1052_IEO_FEA_LO.wav,1052_IEO_FEA_LO.wav,1052,train,4,fearful,2,sad,0.849991500377655
data/cremad/audio/1052_IEO_FEA_MD.wav,1052_IEO_FEA_MD.wav,1052,train,4,fearful,2,sad,0.4571972191333771
data/cremad/audio/1052_IEO_HAP_HI.wav,1052_IEO_HAP_HI.wav,1052,train,1,happy,1,happy,0.9757236242294312
data/cremad/audio/1052_IEO_HAP_LO.wav,1052_IEO_HAP_LO.wav,1052,train,1,happy,1,happy,0.9752519130706787
data/cremad/audio/1052_IEO_HAP_MD.wav,1052_IEO_HAP_MD.wav,1052,train,1,happy,1,happy,0.9903505444526672
data/cremad/audio/1052_IEO_NEU_XX.wav,1052_IEO_NEU_XX.wav,1052,train,0,neutral,0,neutral,0.9403015971183777
data/cremad/audio/1052_IEO_SAD_HI.wav,1052_IEO_SAD_HI.wav,1052,train,2,sad,2,sad,0.8470737934112549
data/cremad/audio/1052_IEO_SAD_LO.wav,1052_IEO_SAD_LO.wav,1052,train,2,sad,2,sad,0.815585196018219
data/cremad/audio/1052_IEO_SAD_MD.wav,1052_IEO_SAD_MD.wav,1052,train,2,sad,2,sad,0.8693360090255737
data/cremad/audio/1052_IOM_ANG_XX.wav,1052_IOM_ANG_XX.wav,1052,train,3,angry,3,angry,0.9977846741676331
data/cremad/audio/1052_IOM_DIS_XX.wav,1052_IOM_DIS_XX.wav,1052,train,5,disgust,0,neutral,0.8030747175216675
data/cremad/audio/1052_IOM_FEA_XX.wav,1052_IOM_FEA_XX.wav,1052,train,4,fearful,2,sad,0.7772915363311768
data/cremad/audio/1052_IOM_HAP_XX.wav,1052_IOM_HAP_XX.wav,1052,train,1,happy,1,happy,0.6638274192810059
data/cremad/audio/1052_IOM_NEU_XX.wav,1052_IOM_NEU_XX.wav,1052,train,0,neutral,0,neutral,0.660762369632721
data/cremad/audio/1052_IOM_SAD_XX.wav,1052_IOM_SAD_XX.wav,1052,train,2,sad,2,sad,0.7026388049125671
data/cremad/audio/1052_ITH_ANG_XX.wav,1052_ITH_ANG_XX.wav,1052,train,3,angry,3,angry,0.9943050742149353
data/cremad/audio/1052_ITH_DIS_XX.wav,1052_ITH_DIS_XX.wav,1052,train,5,disgust,0,neutral,0.539570689201355
data/cremad/audio/1052_ITH_FEA_XX.wav,1052_ITH_FEA_XX.wav,1052,train,4,fearful,1,happy,0.3566684424877167
data/cremad/audio/1052_ITH_HAP_XX.wav,1052_ITH_HAP_XX.wav,1052,train,1,happy,1,happy,0.9679197072982788
data/cremad/audio/1052_ITH_NEU_XX.wav,1052_ITH_NEU_XX.wav,1052,train,0,neutral,0,neutral,0.982646107673645
data/cremad/audio/1052_ITH_SAD_XX.wav,1052_ITH_SAD_XX.wav,1052,train,2,sad,2,sad,0.5445371270179749
data/cremad/audio/1052_ITS_ANG_XX.wav,1052_ITS_ANG_XX.wav,1052,train,3,angry,3,angry,0.9902006983757019
data/cremad/audio/1052_ITS_DIS_XX.wav,1052_ITS_DIS_XX.wav,1052,train,5,disgust,5,disgust,0.6530780792236328
data/cremad/audio/1052_ITS_FEA_XX.wav,1052_ITS_FEA_XX.wav,1052,train,4,fearful,4,fearful,0.982453465461731
data/cremad/audio/1052_ITS_HAP_XX.wav,1052_ITS_HAP_XX.wav,1052,train,1,happy,1,happy,0.9294593930244446
data/cremad/audio/1052_ITS_NEU_XX.wav,1052_ITS_NEU_XX.wav,1052,train,0,neutral,0,neutral,0.5809277892112732
data/cremad/audio/1052_ITS_SAD_XX.wav,1052_ITS_SAD_XX.wav,1052,train,2,sad,2,sad,0.8426929712295532
data/cremad/audio/1052_IWL_ANG_XX.wav,1052_IWL_ANG_XX.wav,1052,train,3,angry,3,angry,0.9878937602043152
data/cremad/audio/1052_IWL_DIS_XX.wav,1052_IWL_DIS_XX.wav,1052,train,5,disgust,5,disgust,0.7320969104766846
data/cremad/audio/1052_IWL_FEA_XX.wav,1052_IWL_FEA_XX.wav,1052,train,4,fearful,4,fearful,0.9002929925918579
data/cremad/audio/1052_IWL_HAP_XX.wav,1052_IWL_HAP_XX.wav,1052,train,1,happy,1,happy,0.9889135956764221
data/cremad/audio/1052_IWL_NEU_XX.wav,1052_IWL_NEU_XX.wav,1052,train,0,neutral,0,neutral,0.961634635925293
data/cremad/audio/1052_IWL_SAD_XX.wav,1052_IWL_SAD_XX.wav,1052,train,2,sad,0,neutral,0.7801855206489563
data/cremad/audio/1052_IWW_ANG_XX.wav,1052_IWW_ANG_XX.wav,1052,train,3,angry,3,angry,0.9880862236022949
data/cremad/audio/1052_IWW_DIS_XX.wav,1052_IWW_DIS_XX.wav,1052,train,5,disgust,5,disgust,0.6301578283309937
data/cremad/audio/1052_IWW_FEA_XX.wav,1052_IWW_FEA_XX.wav,1052,train,4,fearful,1,happy,0.7638049721717834
data/cremad/audio/1052_IWW_HAP_XX.wav,1052_IWW_HAP_XX.wav,1052,train,1,happy,1,happy,0.8614701628684998
data/cremad/audio/1052_IWW_NEU_XX.wav,1052_IWW_NEU_XX.wav,1052,train,0,neutral,0,neutral,0.9551098942756653
data/cremad/audio/1052_IWW_SAD_XX.wav,1052_IWW_SAD_XX.wav,1052,train,2,sad,0,neutral,0.5902015566825867
data/cremad/audio/1052_MTI_ANG_XX.wav,1052_MTI_ANG_XX.wav,1052,train,3,angry,3,angry,0.9970414042472839
data/cremad/audio/1052_MTI_DIS_XX.wav,1052_MTI_DIS_XX.wav,1052,train,5,disgust,5,disgust,0.5948672890663147
data/cremad/audio/1052_MTI_FEA_XX.wav,1052_MTI_FEA_XX.wav,1052,train,4,fearful,4,fearful,0.9519269466400146
data/cremad/audio/1052_MTI_HAP_XX.wav,1052_MTI_HAP_XX.wav,1052,train,1,happy,4,fearful,0.5510304570198059
data/cremad/audio/1052_MTI_NEU_XX.wav,1052_MTI_NEU_XX.wav,1052,train,0,neutral,0,neutral,0.384578675031662
data/cremad/audio/1052_MTI_SAD_XX.wav,1052_MTI_SAD_XX.wav,1052,train,2,sad,0,neutral,0.5984899401664734
data/cremad/audio/1052_TAI_ANG_XX.wav,1052_TAI_ANG_XX.wav,1052,train,3,angry,3,angry,0.9835143089294434
data/cremad/audio/1052_TAI_DIS_XX.wav,1052_TAI_DIS_XX.wav,1052,train,5,disgust,5,disgust,0.35944151878356934
data/cremad/audio/1052_TAI_FEA_XX.wav,1052_TAI_FEA_XX.wav,1052,train,4,fearful,4,fearful,0.9509468078613281
data/cremad/audio/1052_TAI_HAP_XX.wav,1052_TAI_HAP_XX.wav,1052,train,1,happy,4,fearful,0.6302103996276855
data/cremad/audio/1052_TAI_NEU_XX.wav,1052_TAI_NEU_XX.wav,1052,train,0,neutral,0,neutral,0.8841074705123901
data/cremad/audio/1052_TAI_SAD_XX.wav,1052_TAI_SAD_XX.wav,1052,train,2,sad,2,sad,0.3913534879684448
data/cremad/audio/1052_TIE_ANG_XX.wav,1052_TIE_ANG_XX.wav,1052,train,3,angry,3,angry,0.8986620903015137
data/cremad/audio/1052_TIE_DIS_XX.wav,1052_TIE_DIS_XX.wav,1052,train,5,disgust,5,disgust,0.8259139657020569
data/cremad/audio/1052_TIE_FEA_XX.wav,1052_TIE_FEA_XX.wav,1052,train,4,fearful,4,fearful,0.5591818690299988
data/cremad/audio/1052_TIE_HAP_XX.wav,1052_TIE_HAP_XX.wav,1052,train,1,happy,1,happy,0.9878295660018921
data/cremad/audio/1052_TIE_NEU_XX.wav,1052_TIE_NEU_XX.wav,1052,train,0,neutral,0,neutral,0.8456068634986877
data/cremad/audio/1052_TIE_SAD_XX.wav,1052_TIE_SAD_XX.wav,1052,train,2,sad,2,sad,0.8406668305397034
data/cremad/audio/1052_TSI_ANG_XX.wav,1052_TSI_ANG_XX.wav,1052,train,3,angry,3,angry,0.7945456504821777
data/cremad/audio/1052_TSI_DIS_XX.wav,1052_TSI_DIS_XX.wav,1052,train,5,disgust,5,disgust,0.9130874276161194
data/cremad/audio/1052_TSI_FEA_XX.wav,1052_TSI_FEA_XX.wav,1052,train,4,fearful,4,fearful,0.9755925536155701
data/cremad/audio/1052_TSI_HAP_XX.wav,1052_TSI_HAP_XX.wav,1052,train,1,happy,1,happy,0.9702044725418091
data/cremad/audio/1052_TSI_NEU_XX.wav,1052_TSI_NEU_XX.wav,1052,train,0,neutral,2,sad,0.5283567309379578
data/cremad/audio/1052_TSI_SAD_XX.wav,1052_TSI_SAD_XX.wav,1052,train,2,sad,2,sad,0.7850298881530762
data/cremad/audio/1052_WSI_ANG_XX.wav,1052_WSI_ANG_XX.wav,1052,train,3,angry,3,angry,0.9992302656173706
data/cremad/audio/1052_WSI_DIS_XX.wav,1052_WSI_DIS_XX.wav,1052,train,5,disgust,5,disgust,0.5108000636100769
data/cremad/audio/1052_WSI_FEA_XX.wav,1052_WSI_FEA_XX.wav,1052,train,4,fearful,4,fearful,0.697823703289032
data/cremad/audio/1052_WSI_HAP_XX.wav,1052_WSI_HAP_XX.wav,1052,train,1,happy,1,happy,0.830710232257843
data/cremad/audio/1052_WSI_NEU_XX.wav,1052_WSI_NEU_XX.wav,1052,train,0,neutral,0,neutral,0.8869052529335022
data/cremad/audio/1052_WSI_SAD_XX.wav,1052_WSI_SAD_XX.wav,1052,train,2,sad,2,sad,0.7641997933387756
data/cremad/audio/1053_DFA_ANG_XX.wav,1053_DFA_ANG_XX.wav,1053,train,3,angry,3,angry,0.9956812858581543
data/cremad/audio/1053_DFA_DIS_XX.wav,1053_DFA_DIS_XX.wav,1053,train,5,disgust,3,angry,0.5572980046272278
data/cremad/audio/1053_DFA_FEA_XX.wav,1053_DFA_FEA_XX.wav,1053,train,4,fearful,4,fearful,0.6948317289352417
data/cremad/audio/1053_DFA_HAP_XX.wav,1053_DFA_HAP_XX.wav,1053,train,1,happy,1,happy,0.8199169635772705
data/cremad/audio/1053_DFA_NEU_XX.wav,1053_DFA_NEU_XX.wav,1053,train,0,neutral,0,neutral,0.9944474697113037
data/cremad/audio/1053_DFA_SAD_XX.wav,1053_DFA_SAD_XX.wav,1053,train,2,sad,2,sad,0.5865700840950012
data/cremad/audio/1053_IEO_ANG_HI.wav,1053_IEO_ANG_HI.wav,1053,train,3,angry,3,angry,0.9279720783233643
data/cremad/audio/1053_IEO_ANG_LO.wav,1053_IEO_ANG_LO.wav,1053,train,3,angry,5,disgust,0.6958564519882202
data/cremad/audio/1053_IEO_ANG_MD.wav,1053_IEO_ANG_MD.wav,1053,train,3,angry,3,angry,0.9398989081382751
data/cremad/audio/1053_IEO_DIS_HI.wav,1053_IEO_DIS_HI.wav,1053,train,5,disgust,5,disgust,0.9036392569541931
data/cremad/audio/1053_IEO_DIS_LO.wav,1053_IEO_DIS_LO.wav,1053,train,5,disgust,5,disgust,0.6021829843521118
data/cremad/audio/1053_IEO_DIS_MD.wav,1053_IEO_DIS_MD.wav,1053,train,5,disgust,5,disgust,0.9707463979721069
data/cremad/audio/1053_IEO_FEA_HI.wav,1053_IEO_FEA_HI.wav,1053,train,4,fearful,4,fearful,0.9024986028671265
data/cremad/audio/1053_IEO_FEA_LO.wav,1053_IEO_FEA_LO.wav,1053,train,4,fearful,2,sad,0.4791055917739868
data/cremad/audio/1053_IEO_FEA_MD.wav,1053_IEO_FEA_MD.wav,1053,train,4,fearful,4,fearful,0.5061269998550415
data/cremad/audio/1053_IEO_HAP_HI.wav,1053_IEO_HAP_HI.wav,1053,train,1,happy,1,happy,0.7961556315422058
data/cremad/audio/1053_IEO_HAP_LO.wav,1053_IEO_HAP_LO.wav,1053,train,1,happy,1,happy,0.9509227871894836
data/cremad/audio/1053_IEO_HAP_MD.wav,1053_IEO_HAP_MD.wav,1053,train,1,happy,1,happy,0.9903079867362976
data/cremad/audio/1053_IEO_NEU_XX.wav,1053_IEO_NEU_XX.wav,1053,train,0,neutral,0,neutral,0.8745303750038147
data/cremad/audio/1053_IEO_SAD_HI.wav,1053_IEO_SAD_HI.wav,1053,train,2,sad,2,sad,0.5174678564071655
data/cremad/audio/1053_IEO_SAD_LO.wav,1053_IEO_SAD_LO.wav,1053,train,2,sad,2,sad,0.8710460662841797
data/cremad/audio/1053_IEO_SAD_MD.wav,1053_IEO_SAD_MD.wav,1053,train,2,sad,2,sad,0.8390645384788513
data/cremad/audio/1053_IOM_ANG_XX.wav,1053_IOM_ANG_XX.wav,1053,train,3,angry,3,angry,0.9989821314811707
data/cremad/audio/1053_IOM_DIS_XX.wav,1053_IOM_DIS_XX.wav,1053,train,5,disgust,1,happy,0.6039434671401978
data/cremad/audio/1053_IOM_FEA_XX.wav,1053_IOM_FEA_XX.wav,1053,train,4,fearful,4,fearful,0.9383535981178284
data/cremad/audio/1053_IOM_HAP_XX.wav,1053_IOM_HAP_XX.wav,1053,train,1,happy,1,happy,0.9971369504928589
data/cremad/audio/1053_IOM_NEU_XX.wav,1053_IOM_NEU_XX.wav,1053,train,0,neutral,0,neutral,0.9989271759986877
data/cremad/audio/1053_IOM_SAD_XX.wav,1053_IOM_SAD_XX.wav,1053,train,2,sad,2,sad,0.8431077003479004
data/cremad/audio/1053_ITH_ANG_XX.wav,1053_ITH_ANG_XX.wav,1053,train,3,angry,3,angry,0.9901823401451111
data/cremad/audio/1053_ITH_DIS_XX.wav,1053_ITH_DIS_XX.wav,1053,train,5,disgust,5,disgust,0.9263899922370911
data/cremad/audio/1053_ITH_FEA_XX.wav,1053_ITH_FEA_XX.wav,1053,train,4,fearful,1,happy,0.634553074836731
data/cremad/audio/1053_ITH_HAP_XX.wav,1053_ITH_HAP_XX.wav,1053,train,1,happy,1,happy,0.9282415509223938
data/cremad/audio/1053_ITH_NEU_XX.wav,1053_ITH_NEU_XX.wav,1053,train,0,neutral,0,neutral,0.9991668462753296
data/cremad/audio/1053_ITH_SAD_XX.wav,1053_ITH_SAD_XX.wav,1053,train,2,sad,2,sad,0.6339832544326782
data/cremad/audio/1053_ITS_ANG_XX.wav,1053_ITS_ANG_XX.wav,1053,train,3,angry,3,angry,0.9924546480178833
data/cremad/audio/1053_ITS_DIS_XX.wav,1053_ITS_DIS_XX.wav,1053,train,5,disgust,5,disgust,0.9931052327156067
data/cremad/audio/1053_ITS_FEA_XX.wav,1053_ITS_FEA_XX.wav,1053,train,4,fearful,4,fearful,0.8854485154151917
data/cremad/audio/1053_ITS_HAP_XX.wav,1053_ITS_HAP_XX.wav,1053,train,1,happy,1,happy,0.9769139885902405
data/cremad/audio/1053_ITS_NEU_XX.wav,1053_ITS_NEU_XX.wav,1053,train,0,neutral,0,neutral,0.9961418509483337
data/cremad/audio/1053_ITS_SAD_XX.wav,1053_ITS_SAD_XX.wav,1053,train,2,sad,2,sad,0.5020800828933716
data/cremad/audio/1053_IWL_ANG_XX.wav,1053_IWL_ANG_XX.wav,1053,train,3,angry,3,angry,0.9970672726631165
data/cremad/audio/1053_IWL_DIS_XX.wav,1053_IWL_DIS_XX.wav,1053,train,5,disgust,5,disgust,0.63099205493927
data/cremad/audio/1053_IWL_FEA_XX.wav,1053_IWL_FEA_XX.wav,1053,train,4,fearful,4,fearful,0.7163631319999695
data/cremad/audio/1053_IWL_HAP_XX.wav,1053_IWL_HAP_XX.wav,1053,train,1,happy,1,happy,0.9947409629821777
data/cremad/audio/1053_IWL_NEU_XX.wav,1053_IWL_NEU_XX.wav,1053,train,0,neutral,0,neutral,0.9786741733551025
data/cremad/audio/1053_IWL_SAD_XX.wav,1053_IWL_SAD_XX.wav,1053,train,2,sad,2,sad,0.3589385151863098
data/cremad/audio/1053_IWW_ANG_XX.wav,1053_IWW_ANG_XX.wav,1053,train,3,angry,3,angry,0.9983223080635071
data/cremad/audio/1053_IWW_DIS_XX.wav,1053_IWW_DIS_XX.wav,1053,train,5,disgust,5,disgust,0.9729299545288086
data/cremad/audio/1053_IWW_FEA_XX.wav,1053_IWW_FEA_XX.wav,1053,train,4,fearful,4,fearful,0.8801330327987671
data/cremad/audio/1053_IWW_HAP_XX.wav,1053_IWW_HAP_XX.wav,1053,train,1,happy,1,happy,0.981460452079773
data/cremad/audio/1053_IWW_NEU_XX.wav,1053_IWW_NEU_XX.wav,1053,train,0,neutral,0,neutral,0.9942783117294312
data/cremad/audio/1053_IWW_SAD_XX.wav,1053_IWW_SAD_XX.wav,1053,train,2,sad,2,sad,0.9102731943130493
data/cremad/audio/1053_MTI_ANG_XX.wav,1053_MTI_ANG_XX.wav,1053,train,3,angry,3,angry,0.9938929080963135
data/cremad/audio/1053_MTI_DIS_XX.wav,1053_MTI_DIS_XX.wav,1053,train,5,disgust,5,disgust,0.8095865845680237
data/cremad/audio/1053_MTI_FEA_XX.wav,1053_MTI_FEA_XX.wav,1053,train,4,fearful,1,happy,0.6913426518440247
data/cremad/audio/1053_MTI_HAP_XX.wav,1053_MTI_HAP_XX.wav,1053,train,1,happy,1,happy,0.9898054599761963
data/cremad/audio/1053_MTI_NEU_XX.wav,1053_MTI_NEU_XX.wav,1053,train,0,neutral,0,neutral,0.992557168006897
data/cremad/audio/1053_MTI_SAD_XX.wav,1053_MTI_SAD_XX.wav,1053,train,2,sad,2,sad,0.8657041192054749
data/cremad/audio/1053_TAI_ANG_XX.wav,1053_TAI_ANG_XX.wav,1053,train,3,angry,3,angry,0.9968829154968262
data/cremad/audio/1053_TAI_DIS_XX.wav,1053_TAI_DIS_XX.wav,1053,train,5,disgust,3,angry,0.5431817770004272
data/cremad/audio/1053_TAI_FEA_XX.wav,1053_TAI_FEA_XX.wav,1053,train,4,fearful,4,fearful,0.6505041122436523
data/cremad/audio/1053_TAI_HAP_XX.wav,1053_TAI_HAP_XX.wav,1053,train,1,happy,1,happy,0.9965516328811646
data/cremad/audio/1053_TAI_NEU_XX.wav,1053_TAI_NEU_XX.wav,1053,train,0,neutral,0,neutral,0.9788016080856323
data/cremad/audio/1053_TAI_SAD_XX.wav,1053_TAI_SAD_XX.wav,1053,train,2,sad,4,fearful,0.5115393996238708
data/cremad/audio/1053_TIE_ANG_XX.wav,1053_TIE_ANG_XX.wav,1053,train,3,angry,3,angry,0.9780510663986206
data/cremad/audio/1053_TIE_DIS_XX.wav,1053_TIE_DIS_XX.wav,1053,train,5,disgust,5,disgust,0.8113650679588318
data/cremad/audio/1053_TIE_FEA_XX.wav,1053_TIE_FEA_XX.wav,1053,train,4,fearful,1,happy,0.591265857219696
data/cremad/audio/1053_TIE_HAP_XX.wav,1053_TIE_HAP_XX.wav,1053,train,1,happy,1,happy,0.9535118341445923
data/cremad/audio/1053_TIE_NEU_XX.wav,1053_TIE_NEU_XX.wav,1053,train,0,neutral,0,neutral,0.8233048915863037
data/cremad/audio/1053_TIE_SAD_XX.wav,1053_TIE_SAD_XX.wav,1053,train,2,sad,2,sad,0.8268637657165527
data/cremad/audio/1053_TSI_ANG_XX.wav,1053_TSI_ANG_XX.wav,1053,train,3,angry,3,angry,0.9451853632926941
data/cremad/audio/1053_TSI_DIS_XX.wav,1053_TSI_DIS_XX.wav,1053,train,5,disgust,5,disgust,0.8725581169128418
data/cremad/audio/1053_TSI_FEA_XX.wav,1053_TSI_FEA_XX.wav,1053,train,4,fearful,1,happy,0.5835649967193604
data/cremad/audio/1053_TSI_HAP_XX.wav,1053_TSI_HAP_XX.wav,1053,train,1,happy,1,happy,0.9932645559310913
data/cremad/audio/1053_TSI_NEU_XX.wav,1053_TSI_NEU_XX.wav,1053,train,0,neutral,0,neutral,0.989371657371521
data/cremad/audio/1053_TSI_SAD_XX.wav,1053_TSI_SAD_XX.wav,1053,train,2,sad,5,disgust,0.5159757733345032
data/cremad/audio/1053_WSI_ANG_XX.wav,1053_WSI_ANG_XX.wav,1053,train,3,angry,3,angry,0.9924174547195435
data/cremad/audio/1053_WSI_DIS_XX.wav,1053_WSI_DIS_XX.wav,1053,train,5,disgust,5,disgust,0.9493784308433533
data/cremad/audio/1053_WSI_FEA_XX.wav,1053_WSI_FEA_XX.wav,1053,train,4,fearful,4,fearful,0.9410977959632874
data/cremad/audio/1053_WSI_HAP_XX.wav,1053_WSI_HAP_XX.wav,1053,train,1,happy,1,happy,0.8655328154563904
data/cremad/audio/1053_WSI_NEU_XX.wav,1053_WSI_NEU_XX.wav,1053,train,0,neutral,0,neutral,0.9585608839988708
data/cremad/audio/1053_WSI_SAD_XX.wav,1053_WSI_SAD_XX.wav,1053,train,2,sad,2,sad,0.8908963799476624
data/cremad/audio/1056_DFA_ANG_XX.wav,1056_DFA_ANG_XX.wav,1056,train,3,angry,3,angry,0.9897284507751465
data/cremad/audio/1056_DFA_DIS_XX.wav,1056_DFA_DIS_XX.wav,1056,train,5,disgust,3,angry,0.7857106328010559
data/cremad/audio/1056_DFA_FEA_XX.wav,1056_DFA_FEA_XX.wav,1056,train,4,fearful,4,fearful,0.9006948471069336
data/cremad/audio/1056_DFA_HAP_XX.wav,1056_DFA_HAP_XX.wav,1056,train,1,happy,1,happy,0.859866738319397
data/cremad/audio/1056_DFA_NEU_XX.wav,1056_DFA_NEU_XX.wav,1056,train,0,neutral,0,neutral,0.9973209500312805
data/cremad/audio/1056_DFA_SAD_XX.wav,1056_DFA_SAD_XX.wav,1056,train,2,sad,2,sad,0.5034018158912659
data/cremad/audio/1056_IEO_ANG_HI.wav,1056_IEO_ANG_HI.wav,1056,train,3,angry,3,angry,0.965025007724762
data/cremad/audio/1056_IEO_ANG_LO.wav,1056_IEO_ANG_LO.wav,1056,train,3,angry,3,angry,0.9792873859405518
data/cremad/audio/1056_IEO_ANG_MD.wav,1056_IEO_ANG_MD.wav,1056,train,3,angry,3,angry,0.9633311033248901
data/cremad/audio/1056_IEO_DIS_HI.wav,1056_IEO_DIS_HI.wav,1056,train,5,disgust,5,disgust,0.9306535720825195
data/cremad/audio/1056_IEO_DIS_LO.wav,1056_IEO_DIS_LO.wav,1056,train,5,disgust,5,disgust,0.6370658874511719
data/cremad/audio/1056_IEO_DIS_MD.wav,1056_IEO_DIS_MD.wav,1056,train,5,disgust,5,disgust,0.8644696474075317
data/cremad/audio/1056_IEO_FEA_HI.wav,1056_IEO_FEA_HI.wav,1056,train,4,fearful,4,fearful,0.9837378263473511
data/cremad/audio/1056_IEO_FEA_LO.wav,1056_IEO_FEA_LO.wav,1056,train,4,fearful,4,fearful,0.9773663282394409
data/cremad/audio/1056_IEO_FEA_MD.wav,1056_IEO_FEA_MD.wav,1056,train,4,fearful,4,fearful,0.8419825434684753
data/cremad/audio/1056_IEO_HAP_HI.wav,1056_IEO_HAP_HI.wav,1056,train,1,happy,1,happy,0.7877044677734375
data/cremad/audio/1056_IEO_HAP_LO.wav,1056_IEO_HAP_LO.wav,1056,train,1,happy,1,happy,0.7465810179710388
data/cremad/audio/1056_IEO_HAP_MD.wav,1056_IEO_HAP_MD.wav,1056,train,1,happy,1,happy,0.8328884243965149
data/cremad/audio/1056_IEO_NEU_XX.wav,1056_IEO_NEU_XX.wav,1056,train,0,neutral,0,neutral,0.892116904258728
data/cremad/audio/1056_IEO_SAD_HI.wav,1056_IEO_SAD_HI.wav,1056,train,2,sad,2,sad,0.7233229279518127
data/cremad/audio/1056_IEO_SAD_LO.wav,1056_IEO_SAD_LO.wav,1056,train,2,sad,2,sad,0.7239385843276978
data/cremad/audio/1056_IEO_SAD_MD.wav,1056_IEO_SAD_MD.wav,1056,train,2,sad,2,sad,0.9089761972427368
data/cremad/audio/1056_IOM_ANG_XX.wav,1056_IOM_ANG_XX.wav,1056,train,3,angry,3,angry,0.98524010181427
data/cremad/audio/1056_IOM_DIS_XX.wav,1056_IOM_DIS_XX.wav,1056,train,5,disgust,3,angry,0.8686209917068481
data/cremad/audio/1056_IOM_FEA_XX.wav,1056_IOM_FEA_XX.wav,1056,train,4,fearful,2,sad,0.813877284526825
data/cremad/audio/1056_IOM_HAP_XX.wav,1056_IOM_HAP_XX.wav,1056,train,1,happy,0,neutral,0.4700993001461029
data/cremad/audio/1056_IOM_NEU_XX.wav,1056_IOM_NEU_XX.wav,1056,train,0,neutral,0,neutral,0.9809955954551697
data/cremad/audio/1056_IOM_SAD_XX.wav,1056_IOM_SAD_XX.wav,1056,train,2,sad,2,sad,0.8964272141456604
data/cremad/audio/1056_ITH_ANG_XX.wav,1056_ITH_ANG_XX.wav,1056,train,3,angry,5,disgust,0.4213569164276123
data/cremad/audio/1056_ITH_DIS_XX.wav,1056_ITH_DIS_XX.wav,1056,train,5,disgust,1,happy,0.5070876479148865
data/cremad/audio/1056_ITH_FEA_XX.wav,1056_ITH_FEA_XX.wav,1056,train,4,fearful,4,fearful,0.9817777872085571
data/cremad/audio/1056_ITH_HAP_XX.wav,1056_ITH_HAP_XX.wav,1056,train,1,happy,1,happy,0.9726276397705078
data/cremad/audio/1056_ITH_NEU_XX.wav,1056_ITH_NEU_XX.wav,1056,train,0,neutral,0,neutral,0.9835895299911499
data/cremad/audio/1056_ITH_SAD_XX.wav,1056_ITH_SAD_XX.wav,1056,train,2,sad,2,sad,0.6040672063827515
data/cremad/audio/1056_ITS_ANG_XX.wav,1056_ITS_ANG_XX.wav,1056,train,3,angry,3,angry,0.977704644203186
data/cremad/audio/1056_ITS_DIS_XX.wav,1056_ITS_DIS_XX.wav,1056,train,5,disgust,5,disgust,0.7417451739311218
data/cremad/audio/1056_ITS_FEA_XX.wav,1056_ITS_FEA_XX.wav,1056,train,4,fearful,4,fearful,0.9881029725074768
data/cremad/audio/1056_ITS_HAP_XX.wav,1056_ITS_HAP_XX.wav,1056,train,1,happy,1,happy,0.9824146628379822
data/cremad/audio/1056_ITS_NEU_XX.wav,1056_ITS_NEU_XX.wav,1056,train,0,neutral,0,neutral,0.9192929863929749
data/cremad/audio/1056_ITS_SAD_XX.wav,1056_ITS_SAD_XX.wav,1056,train,2,sad,4,fearful,0.4203369915485382
data/cremad/audio/1056_IWL_ANG_XX.wav,1056_IWL_ANG_XX.wav,1056,train,3,angry,3,angry,0.9946112632751465
data/cremad/audio/1056_IWL_DIS_XX.wav,1056_IWL_DIS_XX.wav,1056,train,5,disgust,3,angry,0.5529831647872925
data/cremad/audio/1056_IWL_FEA_XX.wav,1056_IWL_FEA_XX.wav,1056,train,4,fearful,4,fearful,0.9939502477645874
data/cremad/audio/1056_IWL_HAP_XX.wav,1056_IWL_HAP_XX.wav,1056,train,1,happy,1,happy,0.9896061420440674
data/cremad/audio/1056_IWL_NEU_XX.wav,1056_IWL_NEU_XX.wav,1056,train,0,neutral,0,neutral,0.9084377884864807
data/cremad/audio/1056_IWL_SAD_XX.wav,1056_IWL_SAD_XX.wav,1056,train,2,sad,0,neutral,0.6342582106590271
data/cremad/audio/1056_IWW_ANG_XX.wav,1056_IWW_ANG_XX.wav,1056,train,3,angry,3,angry,0.922756016254425
data/cremad/audio/1056_IWW_DIS_XX.wav,1056_IWW_DIS_XX.wav,1056,train,5,disgust,5,disgust,0.4101625382900238
data/cremad/audio/1056_IWW_FEA_XX.wav,1056_IWW_FEA_XX.wav,1056,train,4,fearful,1,happy,0.4894731342792511
data/cremad/audio/1056_IWW_HAP_XX.wav,1056_IWW_HAP_XX.wav,1056,train,1,happy,1,happy,0.9138408899307251
data/cremad/audio/1056_IWW_NEU_XX.wav,1056_IWW_NEU_XX.wav,1056,train,0,neutral,0,neutral,0.9339508414268494
data/cremad/audio/1056_IWW_SAD_XX.wav,1056_IWW_SAD_XX.wav,1056,train,2,sad,2,sad,0.8653311729431152
data/cremad/audio/1056_MTI_ANG_XX.wav,1056_MTI_ANG_XX.wav,1056,train,3,angry,3,angry,0.7333916425704956
data/cremad/audio/1056_MTI_DIS_XX.wav,1056_MTI_DIS_XX.wav,1056,train,5,disgust,3,angry,0.7504351735115051
data/cremad/audio/1056_MTI_FEA_XX.wav,1056_MTI_FEA_XX.wav,1056,train,4,fearful,4,fearful,0.9667800068855286
data/cremad/audio/1056_MTI_HAP_XX.wav,1056_MTI_HAP_XX.wav,1056,train,1,happy,1,happy,0.9947860240936279
data/cremad/audio/1056_MTI_NEU_XX.wav,1056_MTI_NEU_XX.wav,1056,train,0,neutral,0,neutral,0.9877247214317322
data/cremad/audio/1056_MTI_SAD_XX.wav,1056_MTI_SAD_XX.wav,1056,train,2,sad,2,sad,0.4617135226726532
data/cremad/audio/1056_TAI_ANG_XX.wav,1056_TAI_ANG_XX.wav,1056,train,3,angry,3,angry,0.9133157730102539
data/cremad/audio/1056_TAI_DIS_XX.wav,1056_TAI_DIS_XX.wav,1056,train,5,disgust,5,disgust,0.38108980655670166
data/cremad/audio/1056_TAI_FEA_XX.wav,1056_TAI_FEA_XX.wav,1056,train,4,fearful,4,fearful,0.9130302667617798
data/cremad/audio/1056_TAI_HAP_XX.wav,1056_TAI_HAP_XX.wav,1056,train,1,happy,1,happy,0.9819954633712769
data/cremad/audio/1056_TAI_NEU_XX.wav,1056_TAI_NEU_XX.wav,1056,train,0,neutral,0,neutral,0.9954085946083069
data/cremad/audio/1056_TAI_SAD_XX.wav,1056_TAI_SAD_XX.wav,1056,train,2,sad,0,neutral,0.6568992733955383
data/cremad/audio/1056_TIE_ANG_XX.wav,1056_TIE_ANG_XX.wav,1056,train,3,angry,3,angry,0.9220016598701477
data/cremad/audio/1056_TIE_DIS_XX.wav,1056_TIE_DIS_XX.wav,1056,train,5,disgust,5,disgust,0.7954137921333313
data/cremad/audio/1056_TIE_FEA_XX.wav,1056_TIE_FEA_XX.wav,1056,train,4,fearful,4,fearful,0.5413514375686646
data/cremad/audio/1056_TIE_HAP_XX.wav,1056_TIE_HAP_XX.wav,1056,train,1,happy,1,happy,0.8219629526138306
data/cremad/audio/1056_TIE_NEU_XX.wav,1056_TIE_NEU_XX.wav,1056,train,0,neutral,0,neutral,0.9050644636154175
data/cremad/audio/1056_TIE_SAD_XX.wav,1056_TIE_SAD_XX.wav,1056,train,2,sad,2,sad,0.8912522792816162
data/cremad/audio/1056_TSI_ANG_XX.wav,1056_TSI_ANG_XX.wav,1056,train,3,angry,3,angry,0.9950036406517029
data/cremad/audio/1056_TSI_DIS_XX.wav,1056_TSI_DIS_XX.wav,1056,train,5,disgust,5,disgust,0.7824855446815491
data/cremad/audio/1056_TSI_FEA_XX.wav,1056_TSI_FEA_XX.wav,1056,train,4,fearful,4,fearful,0.874148428440094
data/cremad/audio/1056_TSI_HAP_XX.wav,1056_TSI_HAP_XX.wav,1056,train,1,happy,3,angry,0.5635154843330383
data/cremad/audio/1056_TSI_NEU_XX.wav,1056_TSI_NEU_XX.wav,1056,train,0,neutral,0,neutral,0.9904770851135254
data/cremad/audio/1056_TSI_SAD_XX.wav,1056_TSI_SAD_XX.wav,1056,train,2,sad,0,neutral,0.9039757251739502
data/cremad/audio/1056_WSI_ANG_XX.wav,1056_WSI_ANG_XX.wav,1056,train,3,angry,3,angry,0.989787220954895
data/cremad/audio/1056_WSI_DIS_XX.wav,1056_WSI_DIS_XX.wav,1056,train,5,disgust,5,disgust,0.8931900858879089
data/cremad/audio/1056_WSI_FEA_XX.wav,1056_WSI_FEA_XX.wav,1056,train,4,fearful,4,fearful,0.9051476716995239
data/cremad/audio/1056_WSI_HAP_XX.wav,1056_WSI_HAP_XX.wav,1056,train,1,happy,1,happy,0.985186755657196
data/cremad/audio/1056_WSI_NEU_XX.wav,1056_WSI_NEU_XX.wav,1056,train,0,neutral,0,neutral,0.9799284338951111
data/cremad/audio/1056_WSI_SAD_XX.wav,1056_WSI_SAD_XX.wav,1056,train,2,sad,0,neutral,0.6080058813095093
data/cremad/audio/1057_DFA_ANG_XX.wav,1057_DFA_ANG_XX.wav,1057,train,3,angry,3,angry,0.9969248175621033
data/cremad/audio/1057_DFA_DIS_XX.wav,1057_DFA_DIS_XX.wav,1057,train,5,disgust,2,sad,0.4357733428478241
data/cremad/audio/1057_DFA_FEA_XX.wav,1057_DFA_FEA_XX.wav,1057,train,4,fearful,4,fearful,0.7454970479011536
data/cremad/audio/1057_DFA_HAP_XX.wav,1057_DFA_HAP_XX.wav,1057,train,1,happy,1,happy,0.8694024085998535
data/cremad/audio/1057_DFA_NEU_XX.wav,1057_DFA_NEU_XX.wav,1057,train,0,neutral,0,neutral,0.9389166235923767
data/cremad/audio/1057_DFA_SAD_XX.wav,1057_DFA_SAD_XX.wav,1057,train,2,sad,2,sad,0.7935722470283508
data/cremad/audio/1057_IEO_ANG_HI.wav,1057_IEO_ANG_HI.wav,1057,train,3,angry,3,angry,0.8482663631439209
data/cremad/audio/1057_IEO_ANG_LO.wav,1057_IEO_ANG_LO.wav,1057,train,3,angry,3,angry,0.815951943397522
data/cremad/audio/1057_IEO_ANG_MD.wav,1057_IEO_ANG_MD.wav,1057,train,3,angry,3,angry,0.9025503396987915
data/cremad/audio/1057_IEO_DIS_HI.wav,1057_IEO_DIS_HI.wav,1057,train,5,disgust,5,disgust,0.6641812324523926
data/cremad/audio/1057_IEO_DIS_LO.wav,1057_IEO_DIS_LO.wav,1057,train,5,disgust,2,sad,0.29229238629341125
data/cremad/audio/1057_IEO_DIS_MD.wav,1057_IEO_DIS_MD.wav,1057,train,5,disgust,5,disgust,0.8656789064407349
data/cremad/audio/1057_IEO_FEA_HI.wav,1057_IEO_FEA_HI.wav,1057,train,4,fearful,4,fearful,0.9910871386528015
data/cremad/audio/1057_IEO_FEA_LO.wav,1057_IEO_FEA_LO.wav,1057,train,4,fearful,4,fearful,0.5054609179496765
data/cremad/audio/1057_IEO_FEA_MD.wav,1057_IEO_FEA_MD.wav,1057,train,4,fearful,2,sad,0.6059867739677429
data/cremad/audio/1057_IEO_HAP_HI.wav,1057_IEO_HAP_HI.wav,1057,train,1,happy,1,happy,0.7887645363807678
data/cremad/audio/1057_IEO_HAP_LO.wav,1057_IEO_HAP_LO.wav,1057,train,1,happy,1,happy,0.7870057821273804
data/cremad/audio/1057_IEO_HAP_MD.wav,1057_IEO_HAP_MD.wav,1057,train,1,happy,1,happy,0.9001913070678711
data/cremad/audio/1057_IEO_NEU_XX.wav,1057_IEO_NEU_XX.wav,1057,train,0,neutral,0,neutral,0.9186736941337585
data/cremad/audio/1057_IEO_SAD_HI.wav,1057_IEO_SAD_HI.wav,1057,train,2,sad,2,sad,0.7188814282417297
data/cremad/audio/1057_IEO_SAD_LO.wav,1057_IEO_SAD_LO.wav,1057,train,2,sad,2,sad,0.7758275866508484
data/cremad/audio/1057_IEO_SAD_MD.wav,1057_IEO_SAD_MD.wav,1057,train,2,sad,2,sad,0.49465227127075195
data/cremad/audio/1057_IOM_ANG_XX.wav,1057_IOM_ANG_XX.wav,1057,train,3,angry,3,angry,0.9762464165687561
data/cremad/audio/1057_IOM_DIS_XX.wav,1057_IOM_DIS_XX.wav,1057,train,5,disgust,1,happy,0.5139390230178833
data/cremad/audio/1057_IOM_FEA_XX.wav,1057_IOM_FEA_XX.wav,1057,train,4,fearful,1,happy,0.8738628625869751
data/cremad/audio/1057_IOM_HAP_XX.wav,1057_IOM_HAP_XX.wav,1057,train,1,happy,1,happy,0.9566737413406372
data/cremad/audio/1057_IOM_NEU_XX.wav,1057_IOM_NEU_XX.wav,1057,train,0,neutral,1,happy,0.4845975339412689
data/cremad/audio/1057_IOM_SAD_XX.wav,1057_IOM_SAD_XX.wav,1057,train,2,sad,2,sad,0.8289045691490173
data/cremad/audio/1057_ITH_ANG_XX.wav,1057_ITH_ANG_XX.wav,1057,train,3,angry,3,angry,0.9934805631637573
data/cremad/audio/1057_ITH_DIS_XX.wav,1057_ITH_DIS_XX.wav,1057,train,5,disgust,5,disgust,0.7458571791648865
data/cremad/audio/1057_ITH_FEA_XX.wav,1057_ITH_FEA_XX.wav,1057,train,4,fearful,4,fearful,0.532921314239502
data/cremad/audio/1057_ITH_HAP_XX.wav,1057_ITH_HAP_XX.wav,1057,train,1,happy,0,neutral,0.6674185395240784
data/cremad/audio/1057_ITH_NEU_XX.wav,1057_ITH_NEU_XX.wav,1057,train,0,neutral,0,neutral,0.8243160843849182
data/cremad/audio/1057_ITH_SAD_XX.wav,1057_ITH_SAD_XX.wav,1057,train,2,sad,2,sad,0.5197346210479736
data/cremad/audio/1057_ITS_ANG_XX.wav,1057_ITS_ANG_XX.wav,1057,train,3,angry,3,angry,0.9730437397956848
data/cremad/audio/1057_ITS_DIS_XX.wav,1057_ITS_DIS_XX.wav,1057,train,5,disgust,5,disgust,0.41687604784965515
data/cremad/audio/1057_ITS_FEA_XX.wav,1057_ITS_FEA_XX.wav,1057,train,4,fearful,4,fearful,0.5423772931098938
data/cremad/audio/1057_ITS_HAP_XX.wav,1057_ITS_HAP_XX.wav,1057,train,1,happy,1,happy,0.6174344420433044
data/cremad/audio/1057_ITS_NEU_XX.wav,1057_ITS_NEU_XX.wav,1057,train,0,neutral,0,neutral,0.7092854380607605
data/cremad/audio/1057_ITS_SAD_XX.wav,1057_ITS_SAD_XX.wav,1057,train,2,sad,4,fearful,0.8660492300987244
data/cremad/audio/1057_IWL_ANG_XX.wav,1057_IWL_ANG_XX.wav,1057,train,3,angry,3,angry,0.9509417414665222
data/cremad/audio/1057_IWL_DIS_XX.wav,1057_IWL_DIS_XX.wav,1057,train,5,disgust,4,fearful,0.7494140267372131
data/cremad/audio/1057_IWL_FEA_XX.wav,1057_IWL_FEA_XX.wav,1057,train,4,fearful,2,sad,0.5174764394760132
data/cremad/audio/1057_IWL_HAP_XX.wav,1057_IWL_HAP_XX.wav,1057,train,1,happy,1,happy,0.9445375204086304
data/cremad/audio/1057_IWL_NEU_XX.wav,1057_IWL_NEU_XX.wav,1057,train,0,neutral,0,neutral,0.8482688069343567
data/cremad/audio/1057_IWL_SAD_XX.wav,1057_IWL_SAD_XX.wav,1057,train,2,sad,2,sad,0.7959544658660889
data/cremad/audio/1057_IWW_ANG_XX.wav,1057_IWW_ANG_XX.wav,1057,train,3,angry,3,angry,0.9178762435913086
data/cremad/audio/1057_IWW_DIS_XX.wav,1057_IWW_DIS_XX.wav,1057,train,5,disgust,1,happy,0.6701714396476746
data/cremad/audio/1057_IWW_FEA_XX.wav,1057_IWW_FEA_XX.wav,1057,train,4,fearful,4,fearful,0.7612215876579285
data/cremad/audio/1057_IWW_HAP_XX.wav,1057_IWW_HAP_XX.wav,1057,train,1,happy,1,happy,0.9655839204788208
data/cremad/audio/1057_IWW_NEU_XX.wav,1057_IWW_NEU_XX.wav,1057,train,0,neutral,0,neutral,0.8939490914344788
data/cremad/audio/1057_IWW_SAD_XX.wav,1057_IWW_SAD_XX.wav,1057,train,2,sad,0,neutral,0.7170713543891907
data/cremad/audio/1057_MTI_ANG_XX.wav,1057_MTI_ANG_XX.wav,1057,train,3,angry,3,angry,0.475318968296051
data/cremad/audio/1057_MTI_DIS_XX.wav,1057_MTI_DIS_XX.wav,1057,train,5,disgust,4,fearful,0.40551966428756714
data/cremad/audio/1057_MTI_FEA_XX.wav,1057_MTI_FEA_XX.wav,1057,train,4,fearful,2,sad,0.5898551940917969
data/cremad/audio/1057_MTI_HAP_XX.wav,1057_MTI_HAP_XX.wav,1057,train,1,happy,1,happy,0.9132893085479736
data/cremad/audio/1057_MTI_NEU_XX.wav,1057_MTI_NEU_XX.wav,1057,train,0,neutral,0,neutral,0.46295595169067383
data/cremad/audio/1057_MTI_SAD_XX.wav,1057_MTI_SAD_XX.wav,1057,train,2,sad,0,neutral,0.8051131963729858
data/cremad/audio/1057_TAI_ANG_XX.wav,1057_TAI_ANG_XX.wav,1057,train,3,angry,3,angry,0.959962010383606
data/cremad/audio/1057_TAI_DIS_XX.wav,1057_TAI_DIS_XX.wav,1057,train,5,disgust,4,fearful,0.4900185465812683
data/cremad/audio/1057_TAI_FEA_XX.wav,1057_TAI_FEA_XX.wav,1057,train,4,fearful,2,sad,0.4555242657661438
data/cremad/audio/1057_TAI_HAP_XX.wav,1057_TAI_HAP_XX.wav,1057,train,1,happy,1,happy,0.7714709639549255
data/cremad/audio/1057_TAI_NEU_XX.wav,1057_TAI_NEU_XX.wav,1057,train,0,neutral,0,neutral,0.8334363102912903
data/cremad/audio/1057_TAI_SAD_XX.wav,1057_TAI_SAD_XX.wav,1057,train,2,sad,2,sad,0.729459285736084
data/cremad/audio/1057_TIE_ANG_XX.wav,1057_TIE_ANG_XX.wav,1057,train,3,angry,3,angry,0.9598789811134338
data/cremad/audio/1057_TIE_DIS_XX.wav,1057_TIE_DIS_XX.wav,1057,train,5,disgust,5,disgust,0.6894277930259705
data/cremad/audio/1057_TIE_FEA_XX.wav,1057_TIE_FEA_XX.wav,1057,train,4,fearful,1,happy,0.5871177315711975
data/cremad/audio/1057_TIE_HAP_XX.wav,1057_TIE_HAP_XX.wav,1057,train,1,happy,1,happy,0.9490181803703308
data/cremad/audio/1057_TIE_NEU_XX.wav,1057_TIE_NEU_XX.wav,1057,train,0,neutral,0,neutral,0.8179545402526855
data/cremad/audio/1057_TIE_SAD_XX.wav,1057_TIE_SAD_XX.wav,1057,train,2,sad,2,sad,0.745871365070343
data/cremad/audio/1057_TSI_ANG_XX.wav,1057_TSI_ANG_XX.wav,1057,train,3,angry,3,angry,0.8803592920303345
data/cremad/audio/1057_TSI_DIS_XX.wav,1057_TSI_DIS_XX.wav,1057,train,5,disgust,5,disgust,0.4657776951789856
data/cremad/audio/1057_TSI_FEA_XX.wav,1057_TSI_FEA_XX.wav,1057,train,4,fearful,4,fearful,0.7854455709457397
data/cremad/audio/1057_TSI_HAP_XX.wav,1057_TSI_HAP_XX.wav,1057,train,1,happy,1,happy,0.9752784371376038
data/cremad/audio/1057_TSI_NEU_XX.wav,1057_TSI_NEU_XX.wav,1057,train,0,neutral,0,neutral,0.6856476068496704
data/cremad/audio/1057_TSI_SAD_XX.wav,1057_TSI_SAD_XX.wav,1057,train,2,sad,2,sad,0.4734310209751129
data/cremad/audio/1057_WSI_ANG_XX.wav,1057_WSI_ANG_XX.wav,1057,train,3,angry,3,angry,0.9823743104934692
data/cremad/audio/1057_WSI_DIS_XX.wav,1057_WSI_DIS_XX.wav,1057,train,5,disgust,5,disgust,0.42945587635040283
data/cremad/audio/1057_WSI_FEA_XX.wav,1057_WSI_FEA_XX.wav,1057,train,4,fearful,4,fearful,0.7540297508239746
data/cremad/audio/1057_WSI_HAP_XX.wav,1057_WSI_HAP_XX.wav,1057,train,1,happy,1,happy,0.5619412064552307
data/cremad/audio/1057_WSI_NEU_XX.wav,1057_WSI_NEU_XX.wav,1057,train,0,neutral,0,neutral,0.6462429761886597
data/cremad/audio/1057_WSI_SAD_XX.wav,1057_WSI_SAD_XX.wav,1057,train,2,sad,2,sad,0.845084011554718
data/cremad/audio/1058_DFA_ANG_XX.wav,1058_DFA_ANG_XX.wav,1058,train,3,angry,3,angry,0.9030569791793823
data/cremad/audio/1058_DFA_DIS_XX.wav,1058_DFA_DIS_XX.wav,1058,train,5,disgust,5,disgust,0.8313321471214294
data/cremad/audio/1058_DFA_FEA_XX.wav,1058_DFA_FEA_XX.wav,1058,train,4,fearful,4,fearful,0.8202192783355713
data/cremad/audio/1058_DFA_HAP_XX.wav,1058_DFA_HAP_XX.wav,1058,train,1,happy,1,happy,0.9503601789474487
data/cremad/audio/1058_DFA_NEU_XX.wav,1058_DFA_NEU_XX.wav,1058,train,0,neutral,0,neutral,0.9818199872970581
data/cremad/audio/1058_DFA_SAD_XX.wav,1058_DFA_SAD_XX.wav,1058,train,2,sad,5,disgust,0.5082762837409973
data/cremad/audio/1058_IEO_ANG_HI.wav,1058_IEO_ANG_HI.wav,1058,train,3,angry,3,angry,0.9885132908821106
data/cremad/audio/1058_IEO_ANG_LO.wav,1058_IEO_ANG_LO.wav,1058,train,3,angry,1,happy,0.3389338254928589
data/cremad/audio/1058_IEO_ANG_MD.wav,1058_IEO_ANG_MD.wav,1058,train,3,angry,3,angry,0.9911035299301147
data/cremad/audio/1058_IEO_DIS_HI.wav,1058_IEO_DIS_HI.wav,1058,train,5,disgust,5,disgust,0.4889039993286133
data/cremad/audio/1058_IEO_DIS_LO.wav,1058_IEO_DIS_LO.wav,1058,train,5,disgust,5,disgust,0.8936306834220886
data/cremad/audio/1058_IEO_DIS_MD.wav,1058_IEO_DIS_MD.wav,1058,train,5,disgust,5,disgust,0.7849499583244324
data/cremad/audio/1058_IEO_FEA_HI.wav,1058_IEO_FEA_HI.wav,1058,train,4,fearful,4,fearful,0.8315526247024536
data/cremad/audio/1058_IEO_FEA_LO.wav,1058_IEO_FEA_LO.wav,1058,train,4,fearful,5,disgust,0.36177003383636475
data/cremad/audio/1058_IEO_FEA_MD.wav,1058_IEO_FEA_MD.wav,1058,train,4,fearful,4,fearful,0.8015052676200867
data/cremad/audio/1058_IEO_HAP_HI.wav,1058_IEO_HAP_HI.wav,1058,train,1,happy,1,happy,0.8336894512176514
data/cremad/audio/1058_IEO_HAP_LO.wav,1058_IEO_HAP_LO.wav,1058,train,1,happy,1,happy,0.8388978838920593
data/cremad/audio/1058_IEO_HAP_MD.wav,1058_IEO_HAP_MD.wav,1058,train,1,happy,1,happy,0.8363195657730103
data/cremad/audio/1058_IEO_NEU_XX.wav,1058_IEO_NEU_XX.wav,1058,train,0,neutral,0,neutral,0.7788921594619751
data/cremad/audio/1058_IEO_SAD_HI.wav,1058_IEO_SAD_HI.wav,1058,train,2,sad,5,disgust,0.7573688626289368
data/cremad/audio/1058_IEO_SAD_LO.wav,1058_IEO_SAD_LO.wav,1058,train,2,sad,2,sad,0.516220211982727
data/cremad/audio/1058_IEO_SAD_MD.wav,1058_IEO_SAD_MD.wav,1058,train,2,sad,5,disgust,0.6811608672142029
data/cremad/audio/1058_IOM_ANG_XX.wav,1058_IOM_ANG_XX.wav,1058,train,3,angry,3,angry,0.9676449298858643
data/cremad/audio/1058_IOM_DIS_XX.wav,1058_IOM_DIS_XX.wav,1058,train,5,disgust,5,disgust,0.5944366455078125
data/cremad/audio/1058_IOM_FEA_XX.wav,1058_IOM_FEA_XX.wav,1058,train,4,fearful,4,fearful,0.9940967559814453
data/cremad/audio/1058_IOM_HAP_XX.wav,1058_IOM_HAP_XX.wav,1058,train,1,happy,1,happy,0.9641120433807373
data/cremad/audio/1058_IOM_NEU_XX.wav,1058_IOM_NEU_XX.wav,1058,train,0,neutral,0,neutral,0.9943893551826477
data/cremad/audio/1058_IOM_SAD_XX.wav,1058_IOM_SAD_XX.wav,1058,train,2,sad,2,sad,0.8575398325920105
data/cremad/audio/1058_ITH_ANG_XX.wav,1058_ITH_ANG_XX.wav,1058,train,3,angry,3,angry,0.9942367076873779
data/cremad/audio/1058_ITH_DIS_XX.wav,1058_ITH_DIS_XX.wav,1058,train,5,disgust,5,disgust,0.8723218441009521
data/cremad/audio/1058_ITH_FEA_XX.wav,1058_ITH_FEA_XX.wav,1058,train,4,fearful,4,fearful,0.9762174487113953
data/cremad/audio/1058_ITH_HAP_XX.wav,1058_ITH_HAP_XX.wav,1058,train,1,happy,5,disgust,0.5054291486740112
data/cremad/audio/1058_ITH_NEU_XX.wav,1058_ITH_NEU_XX.wav,1058,train,0,neutral,0,neutral,0.9928523898124695
data/cremad/audio/1058_ITH_SAD_XX.wav,1058_ITH_SAD_XX.wav,1058,train,2,sad,5,disgust,0.5571615099906921
data/cremad/audio/1058_ITS_ANG_XX.wav,1058_ITS_ANG_XX.wav,1058,train,3,angry,3,angry,0.9651300311088562
data/cremad/audio/1058_ITS_DIS_XX.wav,1058_ITS_DIS_XX.wav,1058,train,5,disgust,5,disgust,0.9414095878601074
data/cremad/audio/1058_ITS_FEA_XX.wav,1058_ITS_FEA_XX.wav,1058,train,4,fearful,4,fearful,0.6777885556221008
data/cremad/audio/1058_ITS_HAP_XX.wav,1058_ITS_HAP_XX.wav,1058,train,1,happy,4,fearful,0.5580216646194458
data/cremad/audio/1058_ITS_NEU_XX.wav,1058_ITS_NEU_XX.wav,1058,train,0,neutral,0,neutral,0.9803502559661865
data/cremad/audio/1058_ITS_SAD_XX.wav,1058_ITS_SAD_XX.wav,1058,train,2,sad,5,disgust,0.8678603768348694
data/cremad/audio/1058_IWL_ANG_XX.wav,1058_IWL_ANG_XX.wav,1058,train,3,angry,3,angry,0.9951695799827576
data/cremad/audio/1058_IWL_DIS_XX.wav,1058_IWL_DIS_XX.wav,1058,train,5,disgust,5,disgust,0.9373840689659119
data/cremad/audio/1058_IWL_FEA_XX.wav,1058_IWL_FEA_XX.wav,1058,train,4,fearful,4,fearful,0.7790675163269043
data/cremad/audio/1058_IWL_HAP_XX.wav,1058_IWL_HAP_XX.wav,1058,train,1,happy,1,happy,0.9959757924079895
data/cremad/audio/1058_IWL_NEU_XX.wav,1058_IWL_NEU_XX.wav,1058,train,0,neutral,0,neutral,0.7501772046089172
data/cremad/audio/1058_IWL_SAD_XX.wav,1058_IWL_SAD_XX.wav,1058,train,2,sad,2,sad,0.8755210638046265
data/cremad/audio/1058_IWW_ANG_XX.wav,1058_IWW_ANG_XX.wav,1058,train,3,angry,3,angry,0.9682259559631348
data/cremad/audio/1058_IWW_DIS_XX.wav,1058_IWW_DIS_XX.wav,1058,train,5,disgust,5,disgust,0.9852677583694458
data/cremad/audio/1058_IWW_FEA_XX.wav,1058_IWW_FEA_XX.wav,1058,train,4,fearful,4,fearful,0.9673817157745361
data/cremad/audio/1058_IWW_HAP_XX.wav,1058_IWW_HAP_XX.wav,1058,train,1,happy,1,happy,0.9608235955238342
data/cremad/audio/1058_IWW_NEU_XX.wav,1058_IWW_NEU_XX.wav,1058,train,0,neutral,0,neutral,0.9979323148727417
data/cremad/audio/1058_IWW_SAD_XX.wav,1058_IWW_SAD_XX.wav,1058,train,2,sad,2,sad,0.7660436034202576
data/cremad/audio/1058_MTI_ANG_XX.wav,1058_MTI_ANG_XX.wav,1058,train,3,angry,3,angry,0.9491286873817444
data/cremad/audio/1058_MTI_DIS_XX.wav,1058_MTI_DIS_XX.wav,1058,train,5,disgust,5,disgust,0.9847733974456787
data/cremad/audio/1058_MTI_FEA_XX.wav,1058_MTI_FEA_XX.wav,1058,train,4,fearful,4,fearful,0.7920355796813965
data/cremad/audio/1058_MTI_HAP_XX.wav,1058_MTI_HAP_XX.wav,1058,train,1,happy,1,happy,0.760138213634491
data/cremad/audio/1058_MTI_NEU_XX.wav,1058_MTI_NEU_XX.wav,1058,train,0,neutral,0,neutral,0.9677107930183411
data/cremad/audio/1058_MTI_SAD_XX.wav,1058_MTI_SAD_XX.wav,1058,train,2,sad,5,disgust,0.850853681564331
data/cremad/audio/1058_TAI_ANG_XX.wav,1058_TAI_ANG_XX.wav,1058,train,3,angry,3,angry,0.9936482310295105
data/cremad/audio/1058_TAI_DIS_XX.wav,1058_TAI_DIS_XX.wav,1058,train,5,disgust,5,disgust,0.9130769968032837
data/cremad/audio/1058_TAI_FEA_XX.wav,1058_TAI_FEA_XX.wav,1058,train,4,fearful,4,fearful,0.9739678502082825
data/cremad/audio/1058_TAI_HAP_XX.wav,1058_TAI_HAP_XX.wav,1058,train,1,happy,1,happy,0.8981456160545349
data/cremad/audio/1058_TAI_NEU_XX.wav,1058_TAI_NEU_XX.wav,1058,train,0,neutral,0,neutral,0.9969124794006348
data/cremad/audio/1058_TAI_SAD_XX.wav,1058_TAI_SAD_XX.wav,1058,train,2,sad,5,disgust,0.6726731061935425
data/cremad/audio/1058_TIE_ANG_XX.wav,1058_TIE_ANG_XX.wav,1058,train,3,angry,3,angry,0.7495906352996826
data/cremad/audio/1058_TIE_DIS_XX.wav,1058_TIE_DIS_XX.wav,1058,train,5,disgust,0,neutral,0.668511152267456
data/cremad/audio/1058_TIE_FEA_XX.wav,1058_TIE_FEA_XX.wav,1058,train,4,fearful,4,fearful,0.5202007293701172
data/cremad/audio/1058_TIE_HAP_XX.wav,1058_TIE_HAP_XX.wav,1058,train,1,happy,1,happy,0.8922929763793945
data/cremad/audio/1058_TIE_NEU_XX.wav,1058_TIE_NEU_XX.wav,1058,train,0,neutral,0,neutral,0.9655701518058777
data/cremad/audio/1058_TIE_SAD_XX.wav,1058_TIE_SAD_XX.wav,1058,train,2,sad,5,disgust,0.9009122848510742
data/cremad/audio/1058_TSI_ANG_XX.wav,1058_TSI_ANG_XX.wav,1058,train,3,angry,3,angry,0.9919567108154297
data/cremad/audio/1058_TSI_DIS_XX.wav,1058_TSI_DIS_XX.wav,1058,train,5,disgust,5,disgust,0.9784382581710815
data/cremad/audio/1058_TSI_FEA_XX.wav,1058_TSI_FEA_XX.wav,1058,train,4,fearful,4,fearful,0.7474464774131775
data/cremad/audio/1058_TSI_HAP_XX.wav,1058_TSI_HAP_XX.wav,1058,train,1,happy,1,happy,0.84213787317276
data/cremad/audio/1058_TSI_NEU_XX.wav,1058_TSI_NEU_XX.wav,1058,train,0,neutral,0,neutral,0.6503899097442627
data/cremad/audio/1058_TSI_SAD_XX.wav,1058_TSI_SAD_XX.wav,1058,train,2,sad,5,disgust,0.7337594628334045
data/cremad/audio/1058_WSI_ANG_XX.wav,1058_WSI_ANG_XX.wav,1058,train,3,angry,3,angry,0.9963422417640686
data/cremad/audio/1058_WSI_DIS_XX.wav,1058_WSI_DIS_XX.wav,1058,train,5,disgust,5,disgust,0.9207968711853027
data/cremad/audio/1058_WSI_FEA_XX.wav,1058_WSI_FEA_XX.wav,1058,train,4,fearful,4,fearful,0.9566321969032288
data/cremad/audio/1058_WSI_HAP_XX.wav,1058_WSI_HAP_XX.wav,1058,train,1,happy,1,happy,0.9585842490196228
data/cremad/audio/1058_WSI_NEU_XX.wav,1058_WSI_NEU_XX.wav,1058,train,0,neutral,0,neutral,0.9942561984062195
data/cremad/audio/1058_WSI_SAD_XX.wav,1058_WSI_SAD_XX.wav,1058,train,2,sad,5,disgust,0.9262863993644714
data/cremad/audio/1060_DFA_ANG_XX.wav,1060_DFA_ANG_XX.wav,1060,train,3,angry,3,angry,0.9897257685661316
data/cremad/audio/1060_DFA_DIS_XX.wav,1060_DFA_DIS_XX.wav,1060,train,5,disgust,5,disgust,0.6355400085449219
data/cremad/audio/1060_DFA_FEA_XX.wav,1060_DFA_FEA_XX.wav,1060,train,4,fearful,4,fearful,0.7041301131248474
data/cremad/audio/1060_DFA_HAP_XX.wav,1060_DFA_HAP_XX.wav,1060,train,1,happy,1,happy,0.9397357106208801
data/cremad/audio/1060_DFA_NEU_XX.wav,1060_DFA_NEU_XX.wav,1060,train,0,neutral,0,neutral,0.9958211183547974
data/cremad/audio/1060_DFA_SAD_XX.wav,1060_DFA_SAD_XX.wav,1060,train,2,sad,2,sad,0.8051329851150513
data/cremad/audio/1060_IEO_ANG_HI.wav,1060_IEO_ANG_HI.wav,1060,train,3,angry,3,angry,0.9862805604934692
data/cremad/audio/1060_IEO_ANG_LO.wav,1060_IEO_ANG_LO.wav,1060,train,3,angry,3,angry,0.8600375652313232
data/cremad/audio/1060_IEO_ANG_MD.wav,1060_IEO_ANG_MD.wav,1060,train,3,angry,3,angry,0.46029239892959595
data/cremad/audio/1060_IEO_DIS_HI.wav,1060_IEO_DIS_HI.wav,1060,train,5,disgust,4,fearful,0.7193199992179871
data/cremad/audio/1060_IEO_DIS_LO.wav,1060_IEO_DIS_LO.wav,1060,train,5,disgust,5,disgust,0.4230194091796875
data/cremad/audio/1060_IEO_DIS_MD.wav,1060_IEO_DIS_MD.wav,1060,train,5,disgust,5,disgust,0.7575117349624634
data/cremad/audio/1060_IEO_FEA_HI.wav,1060_IEO_FEA_HI.wav,1060,train,4,fearful,1,happy,0.48312920331954956
data/cremad/audio/1060_IEO_FEA_LO.wav,1060_IEO_FEA_LO.wav,1060,train,4,fearful,4,fearful,0.5974295139312744
data/cremad/audio/1060_IEO_FEA_MD.wav,1060_IEO_FEA_MD.wav,1060,train,4,fearful,4,fearful,0.5333458781242371
data/cremad/audio/1060_IEO_HAP_HI.wav,1060_IEO_HAP_HI.wav,1060,train,1,happy,1,happy,0.9970411658287048
data/cremad/audio/1060_IEO_HAP_LO.wav,1060_IEO_HAP_LO.wav,1060,train,1,happy,1,happy,0.9784940481185913
data/cremad/audio/1060_IEO_HAP_MD.wav,1060_IEO_HAP_MD.wav,1060,train,1,happy,1,happy,0.9966995120048523
data/cremad/audio/1060_IEO_NEU_XX.wav,1060_IEO_NEU_XX.wav,1060,train,0,neutral,0,neutral,0.6932253837585449
data/cremad/audio/1060_IEO_SAD_HI.wav,1060_IEO_SAD_HI.wav,1060,train,2,sad,2,sad,0.8164963126182556
data/cremad/audio/1060_IEO_SAD_LO.wav,1060_IEO_SAD_LO.wav,1060,train,2,sad,2,sad,0.7460474371910095
data/cremad/audio/1060_IEO_SAD_MD.wav,1060_IEO_SAD_MD.wav,1060,train,2,sad,2,sad,0.7865516543388367
data/cremad/audio/1060_IOM_ANG_XX.wav,1060_IOM_ANG_XX.wav,1060,train,3,angry,3,angry,0.9768179655075073
data/cremad/audio/1060_IOM_DIS_XX.wav,1060_IOM_DIS_XX.wav,1060,train,5,disgust,0,neutral,0.4535209834575653
data/cremad/audio/1060_IOM_FEA_XX.wav,1060_IOM_FEA_XX.wav,1060,train,4,fearful,4,fearful,0.8483544588088989
data/cremad/audio/1060_IOM_HAP_XX.wav,1060_IOM_HAP_XX.wav,1060,train,1,happy,1,happy,0.9359302520751953
data/cremad/audio/1060_IOM_NEU_XX.wav,1060_IOM_NEU_XX.wav,1060,train,0,neutral,0,neutral,0.9524575471878052
data/cremad/audio/1060_IOM_SAD_XX.wav,1060_IOM_SAD_XX.wav,1060,train,2,sad,2,sad,0.8924579620361328
data/cremad/audio/1060_ITH_ANG_XX.wav,1060_ITH_ANG_XX.wav,1060,train,3,angry,1,happy,0.8154665231704712
data/cremad/audio/1060_ITH_DIS_XX.wav,1060_ITH_DIS_XX.wav,1060,train,5,disgust,2,sad,0.6951985955238342
data/cremad/audio/1060_ITH_FEA_XX.wav,1060_ITH_FEA_XX.wav,1060,train,4,fearful,4,fearful,0.36782583594322205
data/cremad/audio/1060_ITH_HAP_XX.wav,1060_ITH_HAP_XX.wav,1060,train,1,happy,1,happy,0.9849569201469421
data/cremad/audio/1060_ITH_NEU_XX.wav,1060_ITH_NEU_XX.wav,1060,train,0,neutral,0,neutral,0.9524969458580017
data/cremad/audio/1060_ITH_SAD_XX.wav,1060_ITH_SAD_XX.wav,1060,train,2,sad,0,neutral,0.4288206398487091
data/cremad/audio/1060_ITS_ANG_XX.wav,1060_ITS_ANG_XX.wav,1060,train,3,angry,3,angry,0.9968006610870361
data/cremad/audio/1060_ITS_DIS_XX.wav,1060_ITS_DIS_XX.wav,1060,train,5,disgust,2,sad,0.6917321085929871
data/cremad/audio/1060_ITS_FEA_XX.wav,1060_ITS_FEA_XX.wav,1060,train,4,fearful,4,fearful,0.971794068813324
data/cremad/audio/1060_ITS_HAP_XX.wav,1060_ITS_HAP_XX.wav,1060,train,1,happy,1,happy,0.9897792935371399
data/cremad/audio/1060_ITS_NEU_XX.wav,1060_ITS_NEU_XX.wav,1060,train,0,neutral,0,neutral,0.8255642652511597
data/cremad/audio/1060_ITS_SAD_XX.wav,1060_ITS_SAD_XX.wav,1060,train,2,sad,2,sad,0.735446035861969
data/cremad/audio/1060_IWL_ANG_XX.wav,1060_IWL_ANG_XX.wav,1060,train,3,angry,3,angry,0.9840297698974609
data/cremad/audio/1060_IWL_DIS_XX.wav,1060_IWL_DIS_XX.wav,1060,train,5,disgust,0,neutral,0.6284251809120178
data/cremad/audio/1060_IWL_FEA_XX.wav,1060_IWL_FEA_XX.wav,1060,train,4,fearful,4,fearful,0.8110108375549316
data/cremad/audio/1060_IWL_HAP_XX.wav,1060_IWL_HAP_XX.wav,1060,train,1,happy,1,happy,0.980688214302063
data/cremad/audio/1060_IWL_NEU_XX.wav,1060_IWL_NEU_XX.wav,1060,train,0,neutral,0,neutral,0.9254701137542725
data/cremad/audio/1060_IWL_SAD_XX.wav,1060_IWL_SAD_XX.wav,1060,train,2,sad,2,sad,0.8314533829689026
data/cremad/audio/1060_IWW_ANG_XX.wav,1060_IWW_ANG_XX.wav,1060,train,3,angry,3,angry,0.9624843001365662
data/cremad/audio/1060_IWW_DIS_XX.wav,1060_IWW_DIS_XX.wav,1060,train,5,disgust,2,sad,0.6128888130187988
data/cremad/audio/1060_IWW_FEA_XX.wav,1060_IWW_FEA_XX.wav,1060,train,4,fearful,4,fearful,0.7961360216140747
data/cremad/audio/1060_IWW_HAP_XX.wav,1060_IWW_HAP_XX.wav,1060,train,1,happy,1,happy,0.9633181095123291
data/cremad/audio/1060_IWW_NEU_XX.wav,1060_IWW_NEU_XX.wav,1060,train,0,neutral,0,neutral,0.9722353219985962
data/cremad/audio/1060_IWW_SAD_XX.wav,1060_IWW_SAD_XX.wav,1060,train,2,sad,2,sad,0.8527447581291199
data/cremad/audio/1060_MTI_ANG_XX.wav,1060_MTI_ANG_XX.wav,1060,train,3,angry,3,angry,0.8630549311637878
data/cremad/audio/1060_MTI_DIS_XX.wav,1060_MTI_DIS_XX.wav,1060,train,5,disgust,2,sad,0.5311588644981384
data/cremad/audio/1060_MTI_FEA_XX.wav,1060_MTI_FEA_XX.wav,1060,train,4,fearful,4,fearful,0.9728764891624451
data/cremad/audio/1060_MTI_HAP_XX.wav,1060_MTI_HAP_XX.wav,1060,train,1,happy,1,happy,0.9846636056900024
data/cremad/audio/1060_MTI_NEU_XX.wav,1060_MTI_NEU_XX.wav,1060,train,0,neutral,0,neutral,0.8457569479942322
data/cremad/audio/1060_MTI_SAD_XX.wav,1060_MTI_SAD_XX.wav,1060,train,2,sad,2,sad,0.6482539772987366
data/cremad/audio/1060_TAI_ANG_XX.wav,1060_TAI_ANG_XX.wav,1060,train,3,angry,3,angry,0.9991311430931091
data/cremad/audio/1060_TAI_DIS_XX.wav,1060_TAI_DIS_XX.wav,1060,train,5,disgust,2,sad,0.35705897212028503
data/cremad/audio/1060_TAI_FEA_XX.wav,1060_TAI_FEA_XX.wav,1060,train,4,fearful,4,fearful,0.9311107993125916
data/cremad/audio/1060_TAI_HAP_XX.wav,1060_TAI_HAP_XX.wav,1060,train,1,happy,1,happy,0.984606146812439
data/cremad/audio/1060_TAI_NEU_XX.wav,1060_TAI_NEU_XX.wav,1060,train,0,neutral,0,neutral,0.6781280636787415
data/cremad/audio/1060_TAI_SAD_XX.wav,1060_TAI_SAD_XX.wav,1060,train,2,sad,2,sad,0.6865720748901367
data/cremad/audio/1060_TIE_ANG_XX.wav,1060_TIE_ANG_XX.wav,1060,train,3,angry,3,angry,0.6843622326850891
data/cremad/audio/1060_TIE_DIS_XX.wav,1060_TIE_DIS_XX.wav,1060,train,5,disgust,2,sad,0.6846910715103149
data/cremad/audio/1060_TIE_FEA_XX.wav,1060_TIE_FEA_XX.wav,1060,train,4,fearful,2,sad,0.6037399172782898
data/cremad/audio/1060_TIE_HAP_XX.wav,1060_TIE_HAP_XX.wav,1060,train,1,happy,4,fearful,0.5185979604721069
data/cremad/audio/1060_TIE_NEU_XX.wav,1060_TIE_NEU_XX.wav,1060,train,0,neutral,0,neutral,0.6653124690055847
data/cremad/audio/1060_TIE_SAD_XX.wav,1060_TIE_SAD_XX.wav,1060,train,2,sad,2,sad,0.6533839702606201
data/cremad/audio/1060_TSI_ANG_XX.wav,1060_TSI_ANG_XX.wav,1060,train,3,angry,3,angry,0.972385823726654
data/cremad/audio/1060_TSI_DIS_XX.wav,1060_TSI_DIS_XX.wav,1060,train,5,disgust,2,sad,0.6718646883964539
data/cremad/audio/1060_TSI_FEA_XX.wav,1060_TSI_FEA_XX.wav,1060,train,4,fearful,4,fearful,0.9680613875389099
data/cremad/audio/1060_TSI_HAP_XX.wav,1060_TSI_HAP_XX.wav,1060,train,1,happy,1,happy,0.9966451525688171
data/cremad/audio/1060_TSI_NEU_XX.wav,1060_TSI_NEU_XX.wav,1060,train,0,neutral,0,neutral,0.7166124582290649
data/cremad/audio/1060_TSI_SAD_XX.wav,1060_TSI_SAD_XX.wav,1060,train,2,sad,2,sad,0.8513686656951904
data/cremad/audio/1060_WSI_ANG_XX.wav,1060_WSI_ANG_XX.wav,1060,train,3,angry,3,angry,0.7396652102470398
data/cremad/audio/1060_WSI_DIS_XX.wav,1060_WSI_DIS_XX.wav,1060,train,5,disgust,2,sad,0.431517094373703
data/cremad/audio/1060_WSI_FEA_XX.wav,1060_WSI_FEA_XX.wav,1060,train,4,fearful,4,fearful,0.9383838176727295
data/cremad/audio/1060_WSI_HAP_XX.wav,1060_WSI_HAP_XX.wav,1060,train,1,happy,1,happy,0.9231674075126648
data/cremad/audio/1060_WSI_NEU_XX.wav,1060_WSI_NEU_XX.wav,1060,train,0,neutral,0,neutral,0.7897404432296753
data/cremad/audio/1060_WSI_SAD_XX.wav,1060_WSI_SAD_XX.wav,1060,train,2,sad,2,sad,0.7163975238800049
data/cremad/audio/1061_DFA_ANG_XX.wav,1061_DFA_ANG_XX.wav,1061,train,3,angry,3,angry,0.9962511658668518
data/cremad/audio/1061_DFA_DIS_XX.wav,1061_DFA_DIS_XX.wav,1061,train,5,disgust,5,disgust,0.6440308690071106
data/cremad/audio/1061_DFA_FEA_XX.wav,1061_DFA_FEA_XX.wav,1061,train,4,fearful,4,fearful,0.9493045806884766
data/cremad/audio/1061_DFA_HAP_XX.wav,1061_DFA_HAP_XX.wav,1061,train,1,happy,1,happy,0.9900445938110352
data/cremad/audio/1061_DFA_NEU_XX.wav,1061_DFA_NEU_XX.wav,1061,train,0,neutral,0,neutral,0.958179771900177
data/cremad/audio/1061_DFA_SAD_XX.wav,1061_DFA_SAD_XX.wav,1061,train,2,sad,2,sad,0.7482061386108398
data/cremad/audio/1061_IEO_ANG_HI.wav,1061_IEO_ANG_HI.wav,1061,train,3,angry,3,angry,0.9501985907554626
data/cremad/audio/1061_IEO_ANG_LO.wav,1061_IEO_ANG_LO.wav,1061,train,3,angry,3,angry,0.8241424560546875
data/cremad/audio/1061_IEO_ANG_MD.wav,1061_IEO_ANG_MD.wav,1061,train,3,angry,3,angry,0.866605281829834
data/cremad/audio/1061_IEO_DIS_HI.wav,1061_IEO_DIS_HI.wav,1061,train,5,disgust,5,disgust,0.9848982691764832
data/cremad/audio/1061_IEO_DIS_LO.wav,1061_IEO_DIS_LO.wav,1061,train,5,disgust,5,disgust,0.8797084093093872
data/cremad/audio/1061_IEO_DIS_MD.wav,1061_IEO_DIS_MD.wav,1061,train,5,disgust,5,disgust,0.9816702604293823
data/cremad/audio/1061_IEO_FEA_HI.wav,1061_IEO_FEA_HI.wav,1061,train,4,fearful,4,fearful,0.97703617811203
data/cremad/audio/1061_IEO_FEA_LO.wav,1061_IEO_FEA_LO.wav,1061,train,4,fearful,2,sad,0.6416911482810974
data/cremad/audio/1061_IEO_FEA_MD.wav,1061_IEO_FEA_MD.wav,1061,train,4,fearful,2,sad,0.6094591617584229
data/cremad/audio/1061_IEO_HAP_HI.wav,1061_IEO_HAP_HI.wav,1061,train,1,happy,1,happy,0.8882618546485901
data/cremad/audio/1061_IEO_HAP_LO.wav,1061_IEO_HAP_LO.wav,1061,train,1,happy,1,happy,0.9901337027549744
data/cremad/audio/1061_IEO_HAP_MD.wav,1061_IEO_HAP_MD.wav,1061,train,1,happy,1,happy,0.9565728306770325
data/cremad/audio/1061_IEO_NEU_XX.wav,1061_IEO_NEU_XX.wav,1061,train,0,neutral,1,happy,0.7282396554946899
data/cremad/audio/1061_IEO_SAD_HI.wav,1061_IEO_SAD_HI.wav,1061,train,2,sad,2,sad,0.6482695937156677
data/cremad/audio/1061_IEO_SAD_LO.wav,1061_IEO_SAD_LO.wav,1061,train,2,sad,2,sad,0.640530526638031
data/cremad/audio/1061_IEO_SAD_MD.wav,1061_IEO_SAD_MD.wav,1061,train,2,sad,2,sad,0.6118791699409485
data/cremad/audio/1061_IOM_ANG_XX.wav,1061_IOM_ANG_XX.wav,1061,train,3,angry,3,angry,0.9976446032524109
data/cremad/audio/1061_IOM_DIS_XX.wav,1061_IOM_DIS_XX.wav,1061,train,5,disgust,1,happy,0.603765606880188
data/cremad/audio/1061_IOM_FEA_XX.wav,1061_IOM_FEA_XX.wav,1061,train,4,fearful,4,fearful,0.9005739092826843
data/cremad/audio/1061_IOM_HAP_XX.wav,1061_IOM_HAP_XX.wav,1061,train,1,happy,1,happy,0.9803274273872375
data/cremad/audio/1061_IOM_NEU_XX.wav,1061_IOM_NEU_XX.wav,1061,train,0,neutral,0,neutral,0.9582763314247131
data/cremad/audio/1061_IOM_SAD_XX.wav,1061_IOM_SAD_XX.wav,1061,train,2,sad,2,sad,0.6269561648368835
data/cremad/audio/1061_ITH_ANG_XX.wav,1061_ITH_ANG_XX.wav,1061,train,3,angry,3,angry,0.8781656622886658
data/cremad/audio/1061_ITH_DIS_XX.wav,1061_ITH_DIS_XX.wav,1061,train,5,disgust,5,disgust,0.6111704111099243
data/cremad/audio/1061_ITH_FEA_XX.wav,1061_ITH_FEA_XX.wav,1061,train,4,fearful,2,sad,0.5033103227615356
data/cremad/audio/1061_ITH_HAP_XX.wav,1061_ITH_HAP_XX.wav,1061,train,1,happy,0,neutral,0.529953122138977
data/cremad/audio/1061_ITH_NEU_XX.wav,1061_ITH_NEU_XX.wav,1061,train,0,neutral,0,neutral,0.9488561749458313
data/cremad/audio/1061_ITH_SAD_XX.wav,1061_ITH_SAD_XX.wav,1061,train,2,sad,2,sad,0.870471715927124
data/cremad/audio/1061_ITS_ANG_XX.wav,1061_ITS_ANG_XX.wav,1061,train,3,angry,3,angry,0.9722302556037903
data/cremad/audio/1061_ITS_DIS_XX.wav,1061_ITS_DIS_XX.wav,1061,train,5,disgust,5,disgust,0.9320231080055237
data/cremad/audio/1061_ITS_FEA_XX.wav,1061_ITS_FEA_XX.wav,1061,train,4,fearful,4,fearful,0.7642877697944641
data/cremad/audio/1061_ITS_HAP_XX.wav,1061_ITS_HAP_XX.wav,1061,train,1,happy,1,happy,0.982023298740387
data/cremad/audio/1061_ITS_NEU_XX.wav,1061_ITS_NEU_XX.wav,1061,train,0,neutral,0,neutral,0.9879409074783325
data/cremad/audio/1061_ITS_SAD_XX.wav,1061_ITS_SAD_XX.wav,1061,train,2,sad,2,sad,0.621819794178009
data/cremad/audio/1061_IWL_ANG_XX.wav,1061_IWL_ANG_XX.wav,1061,train,3,angry,3,angry,0.8602837324142456
data/cremad/audio/1061_IWL_DIS_XX.wav,1061_IWL_DIS_XX.wav,1061,train,5,disgust,5,disgust,0.9028812050819397
data/cremad/audio/1061_IWL_FEA_XX.wav,1061_IWL_FEA_XX.wav,1061,train,4,fearful,4,fearful,0.47861266136169434
data/cremad/audio/1061_IWL_HAP_XX.wav,1061_IWL_HAP_XX.wav,1061,train,1,happy,1,happy,0.9535446763038635
data/cremad/audio/1061_IWL_NEU_XX.wav,1061_IWL_NEU_XX.wav,1061,train,0,neutral,0,neutral,0.8596484065055847
data/cremad/audio/1061_IWL_SAD_XX.wav,1061_IWL_SAD_XX.wav,1061,train,2,sad,2,sad,0.6631162762641907
data/cremad/audio/1061_IWW_ANG_XX.wav,1061_IWW_ANG_XX.wav,1061,train,3,angry,3,angry,0.9662048816680908
data/cremad/audio/1061_IWW_DIS_XX.wav,1061_IWW_DIS_XX.wav,1061,train,5,disgust,5,disgust,0.666596531867981
data/cremad/audio/1061_IWW_FEA_XX.wav,1061_IWW_FEA_XX.wav,1061,train,4,fearful,4,fearful,0.9674773216247559
data/cremad/audio/1061_IWW_HAP_XX.wav,1061_IWW_HAP_XX.wav,1061,train,1,happy,1,happy,0.9448547959327698
data/cremad/audio/1061_IWW_NEU_XX.wav,1061_IWW_NEU_XX.wav,1061,train,0,neutral,0,neutral,0.7622705698013306
data/cremad/audio/1061_IWW_SAD_XX.wav,1061_IWW_SAD_XX.wav,1061,train,2,sad,2,sad,0.6299742460250854
data/cremad/audio/1061_MTI_ANG_XX.wav,1061_MTI_ANG_XX.wav,1061,train,3,angry,3,angry,0.9963686466217041
data/cremad/audio/1061_MTI_DIS_XX.wav,1061_MTI_DIS_XX.wav,1061,train,5,disgust,5,disgust,0.868145227432251
data/cremad/audio/1061_MTI_FEA_XX.wav,1061_MTI_FEA_XX.wav,1061,train,4,fearful,4,fearful,0.974440336227417
data/cremad/audio/1061_MTI_HAP_XX.wav,1061_MTI_HAP_XX.wav,1061,train,1,happy,1,happy,0.9902194142341614
data/cremad/audio/1061_MTI_NEU_XX.wav,1061_MTI_NEU_XX.wav,1061,train,0,neutral,0,neutral,0.927528440952301
data/cremad/audio/1061_MTI_SAD_XX.wav,1061_MTI_SAD_XX.wav,1061,train,2,sad,2,sad,0.3488340377807617
data/cremad/audio/1061_TAI_ANG_XX.wav,1061_TAI_ANG_XX.wav,1061,train,3,angry,1,happy,0.516309916973114
data/cremad/audio/1061_TAI_DIS_XX.wav,1061_TAI_DIS_XX.wav,1061,train,5,disgust,5,disgust,0.8411363959312439
data/cremad/audio/1061_TAI_FEA_XX.wav,1061_TAI_FEA_XX.wav,1061,train,4,fearful,4,fearful,0.9395005702972412
data/cremad/audio/1061_TAI_HAP_XX.wav,1061_TAI_HAP_XX.wav,1061,train,1,happy,1,happy,0.9554901123046875
data/cremad/audio/1061_TAI_NEU_XX.wav,1061_TAI_NEU_XX.wav,1061,train,0,neutral,0,neutral,0.9433609247207642
data/cremad/audio/1061_TAI_SAD_XX.wav,1061_TAI_SAD_XX.wav,1061,train,2,sad,2,sad,0.7886995077133179
data/cremad/audio/1061_TIE_ANG_XX.wav,1061_TIE_ANG_XX.wav,1061,train,3,angry,3,angry,0.567261815071106
data/cremad/audio/1061_TIE_DIS_XX.wav,1061_TIE_DIS_XX.wav,1061,train,5,disgust,5,disgust,0.8160218000411987
data/cremad/audio/1061_TIE_FEA_XX.wav,1061_TIE_FEA_XX.wav,1061,train,4,fearful,4,fearful,0.8766063451766968
data/cremad/audio/1061_TIE_HAP_XX.wav,1061_TIE_HAP_XX.wav,1061,train,1,happy,5,disgust,0.5532628297805786
data/cremad/audio/1061_TIE_NEU_XX.wav,1061_TIE_NEU_XX.wav,1061,train,0,neutral,0,neutral,0.7184640169143677
data/cremad/audio/1061_TIE_SAD_XX.wav,1061_TIE_SAD_XX.wav,1061,train,2,sad,2,sad,0.42272666096687317
data/cremad/audio/1061_TSI_ANG_XX.wav,1061_TSI_ANG_XX.wav,1061,train,3,angry,3,angry,0.9744935631752014
data/cremad/audio/1061_TSI_DIS_XX.wav,1061_TSI_DIS_XX.wav,1061,train,5,disgust,5,disgust,0.992685079574585
data/cremad/audio/1061_TSI_FEA_XX.wav,1061_TSI_FEA_XX.wav,1061,train,4,fearful,4,fearful,0.6994044780731201
data/cremad/audio/1061_TSI_HAP_XX.wav,1061_TSI_HAP_XX.wav,1061,train,1,happy,1,happy,0.9912119507789612
data/cremad/audio/1061_TSI_NEU_XX.wav,1061_TSI_NEU_XX.wav,1061,train,0,neutral,0,neutral,0.8259730339050293
data/cremad/audio/1061_TSI_SAD_XX.wav,1061_TSI_SAD_XX.wav,1061,train,2,sad,2,sad,0.7471404075622559
data/cremad/audio/1061_WSI_ANG_XX.wav,1061_WSI_ANG_XX.wav,1061,train,3,angry,3,angry,0.985687792301178
data/cremad/audio/1061_WSI_DIS_XX.wav,1061_WSI_DIS_XX.wav,1061,train,5,disgust,5,disgust,0.9590733647346497
data/cremad/audio/1061_WSI_FEA_XX.wav,1061_WSI_FEA_XX.wav,1061,train,4,fearful,4,fearful,0.7039527297019958
data/cremad/audio/1061_WSI_HAP_XX.wav,1061_WSI_HAP_XX.wav,1061,train,1,happy,1,happy,0.9848672747612
data/cremad/audio/1061_WSI_NEU_XX.wav,1061_WSI_NEU_XX.wav,1061,train,0,neutral,0,neutral,0.9235950112342834
data/cremad/audio/1061_WSI_SAD_XX.wav,1061_WSI_SAD_XX.wav,1061,train,2,sad,2,sad,0.7406342029571533
data/cremad/audio/1062_DFA_ANG_XX.wav,1062_DFA_ANG_XX.wav,1062,train,3,angry,3,angry,0.990643322467804
data/cremad/audio/1062_DFA_DIS_XX.wav,1062_DFA_DIS_XX.wav,1062,train,5,disgust,5,disgust,0.6682150363922119
data/cremad/audio/1062_DFA_FEA_XX.wav,1062_DFA_FEA_XX.wav,1062,train,4,fearful,4,fearful,0.5334877371788025
data/cremad/audio/1062_DFA_HAP_XX.wav,1062_DFA_HAP_XX.wav,1062,train,1,happy,1,happy,0.9732109308242798
data/cremad/audio/1062_DFA_NEU_XX.wav,1062_DFA_NEU_XX.wav,1062,train,0,neutral,0,neutral,0.9629266858100891
data/cremad/audio/1062_DFA_SAD_XX.wav,1062_DFA_SAD_XX.wav,1062,train,2,sad,2,sad,0.8431646227836609
data/cremad/audio/1062_IEO_ANG_HI.wav,1062_IEO_ANG_HI.wav,1062,train,3,angry,3,angry,0.9603483080863953
data/cremad/audio/1062_IEO_ANG_LO.wav,1062_IEO_ANG_LO.wav,1062,train,3,angry,3,angry,0.7575511932373047
data/cremad/audio/1062_IEO_ANG_MD.wav,1062_IEO_ANG_MD.wav,1062,train,3,angry,3,angry,0.4424578547477722
data/cremad/audio/1062_IEO_DIS_HI.wav,1062_IEO_DIS_HI.wav,1062,train,5,disgust,5,disgust,0.6253761649131775
data/cremad/audio/1062_IEO_DIS_LO.wav,1062_IEO_DIS_LO.wav,1062,train,5,disgust,5,disgust,0.6631023287773132
data/cremad/audio/1062_IEO_DIS_MD.wav,1062_IEO_DIS_MD.wav,1062,train,5,disgust,5,disgust,0.5946672558784485
data/cremad/audio/1062_IEO_FEA_HI.wav,1062_IEO_FEA_HI.wav,1062,train,4,fearful,4,fearful,0.8636916875839233
data/cremad/audio/1062_IEO_FEA_LO.wav,1062_IEO_FEA_LO.wav,1062,train,4,fearful,4,fearful,0.5603799819946289
data/cremad/audio/1062_IEO_FEA_MD.wav,1062_IEO_FEA_MD.wav,1062,train,4,fearful,4,fearful,0.46415799856185913
data/cremad/audio/1062_IEO_HAP_HI.wav,1062_IEO_HAP_HI.wav,1062,train,1,happy,1,happy,0.8896300196647644
data/cremad/audio/1062_IEO_HAP_LO.wav,1062_IEO_HAP_LO.wav,1062,train,1,happy,1,happy,0.5331268906593323
data/cremad/audio/1062_IEO_HAP_MD.wav,1062_IEO_HAP_MD.wav,1062,train,1,happy,1,happy,0.8693797588348389
data/cremad/audio/1062_IEO_NEU_XX.wav,1062_IEO_NEU_XX.wav,1062,train,0,neutral,1,happy,0.6281287670135498
data/cremad/audio/1062_IEO_SAD_HI.wav,1062_IEO_SAD_HI.wav,1062,train,2,sad,2,sad,0.4822486340999603
data/cremad/audio/1062_IEO_SAD_LO.wav,1062_IEO_SAD_LO.wav,1062,train,2,sad,2,sad,0.5343172550201416
data/cremad/audio/1062_IEO_SAD_MD.wav,1062_IEO_SAD_MD.wav,1062,train,2,sad,2,sad,0.5910429954528809
data/cremad/audio/1062_IOM_ANG_XX.wav,1062_IOM_ANG_XX.wav,1062,train,3,angry,3,angry,0.9949766993522644
data/cremad/audio/1062_IOM_DIS_XX.wav,1062_IOM_DIS_XX.wav,1062,train,5,disgust,5,disgust,0.9351650476455688
data/cremad/audio/1062_IOM_FEA_XX.wav,1062_IOM_FEA_XX.wav,1062,train,4,fearful,2,sad,0.6083950400352478
data/cremad/audio/1062_IOM_HAP_XX.wav,1062_IOM_HAP_XX.wav,1062,train,1,happy,1,happy,0.9853296875953674
data/cremad/audio/1062_IOM_NEU_XX.wav,1062_IOM_NEU_XX.wav,1062,train,0,neutral,0,neutral,0.6646925806999207
data/cremad/audio/1062_IOM_SAD_XX.wav,1062_IOM_SAD_XX.wav,1062,train,2,sad,2,sad,0.6471520066261292
data/cremad/audio/1062_ITH_ANG_XX.wav,1062_ITH_ANG_XX.wav,1062,train,3,angry,3,angry,0.9853512048721313
data/cremad/audio/1062_ITH_DIS_XX.wav,1062_ITH_DIS_XX.wav,1062,train,5,disgust,5,disgust,0.4423591196537018
data/cremad/audio/1062_ITH_FEA_XX.wav,1062_ITH_FEA_XX.wav,1062,train,4,fearful,2,sad,0.5589966177940369
data/cremad/audio/1062_ITH_HAP_XX.wav,1062_ITH_HAP_XX.wav,1062,train,1,happy,1,happy,0.5560742020606995
data/cremad/audio/1062_ITH_NEU_XX.wav,1062_ITH_NEU_XX.wav,1062,train,0,neutral,0,neutral,0.8196554780006409
data/cremad/audio/1062_ITH_SAD_XX.wav,1062_ITH_SAD_XX.wav,1062,train,2,sad,2,sad,0.8479660749435425
data/cremad/audio/1062_ITS_ANG_XX.wav,1062_ITS_ANG_XX.wav,1062,train,3,angry,3,angry,0.9988265633583069
data/cremad/audio/1062_ITS_DIS_XX.wav,1062_ITS_DIS_XX.wav,1062,train,5,disgust,2,sad,0.6051735281944275
data/cremad/audio/1062_ITS_FEA_XX.wav,1062_ITS_FEA_XX.wav,1062,train,4,fearful,4,fearful,0.6720107793807983
data/cremad/audio/1062_ITS_HAP_XX.wav,1062_ITS_HAP_XX.wav,1062,train,1,happy,1,happy,0.9452770948410034
data/cremad/audio/1062_ITS_NEU_XX.wav,1062_ITS_NEU_XX.wav,1062,train,0,neutral,0,neutral,0.9565949440002441
data/cremad/audio/1062_ITS_SAD_XX.wav,1062_ITS_SAD_XX.wav,1062,train,2,sad,2,sad,0.7421519160270691
data/cremad/audio/1062_IWL_ANG_XX.wav,1062_IWL_ANG_XX.wav,1062,train,3,angry,3,angry,0.924612283706665
data/cremad/audio/1062_IWL_DIS_XX.wav,1062_IWL_DIS_XX.wav,1062,train,5,disgust,5,disgust,0.6578643321990967
data/cremad/audio/1062_IWL_FEA_XX.wav,1062_IWL_FEA_XX.wav,1062,train,4,fearful,2,sad,0.7325016260147095
data/cremad/audio/1062_IWL_HAP_XX.wav,1062_IWL_HAP_XX.wav,1062,train,1,happy,1,happy,0.8859142661094666
data/cremad/audio/1062_IWL_NEU_XX.wav,1062_IWL_NEU_XX.wav,1062,train,0,neutral,0,neutral,0.8372880220413208
data/cremad/audio/1062_IWL_SAD_XX.wav,1062_IWL_SAD_XX.wav,1062,train,2,sad,2,sad,0.6040445566177368
data/cremad/audio/1062_IWW_ANG_XX.wav,1062_IWW_ANG_XX.wav,1062,train,3,angry,3,angry,0.9981920123100281
data/cremad/audio/1062_IWW_DIS_XX.wav,1062_IWW_DIS_XX.wav,1062,train,5,disgust,5,disgust,0.556393563747406
data/cremad/audio/1062_IWW_FEA_XX.wav,1062_IWW_FEA_XX.wav,1062,train,4,fearful,2,sad,0.6230294108390808
data/cremad/audio/1062_IWW_HAP_XX.wav,1062_IWW_HAP_XX.wav,1062,train,1,happy,1,happy,0.8480150103569031
data/cremad/audio/1062_IWW_NEU_XX.wav,1062_IWW_NEU_XX.wav,1062,train,0,neutral,0,neutral,0.9981876015663147
data/cremad/audio/1062_IWW_SAD_XX.wav,1062_IWW_SAD_XX.wav,1062,train,2,sad,2,sad,0.6370687484741211
data/cremad/audio/1062_MTI_ANG_XX.wav,1062_MTI_ANG_XX.wav,1062,train,3,angry,3,angry,0.978528618812561
data/cremad/audio/1062_MTI_DIS_XX.wav,1062_MTI_DIS_XX.wav,1062,train,5,disgust,2,sad,0.6498545408248901
data/cremad/audio/1062_MTI_FEA_XX.wav,1062_MTI_FEA_XX.wav,1062,train,4,fearful,2,sad,0.6301940083503723
data/cremad/audio/1062_MTI_HAP_XX.wav,1062_MTI_HAP_XX.wav,1062,train,1,happy,1,happy,0.9728187322616577
data/cremad/audio/1062_MTI_NEU_XX.wav,1062_MTI_NEU_XX.wav,1062,train,0,neutral,0,neutral,0.9931768178939819
data/cremad/audio/1062_MTI_SAD_XX.wav,1062_MTI_SAD_XX.wav,1062,train,2,sad,2,sad,0.7545183300971985
data/cremad/audio/1062_TAI_ANG_XX.wav,1062_TAI_ANG_XX.wav,1062,train,3,angry,3,angry,0.9884023070335388
data/cremad/audio/1062_TAI_DIS_XX.wav,1062_TAI_DIS_XX.wav,1062,train,5,disgust,5,disgust,0.955186128616333
data/cremad/audio/1062_TAI_FEA_XX.wav,1062_TAI_FEA_XX.wav,1062,train,4,fearful,2,sad,0.5135905742645264
data/cremad/audio/1062_TAI_HAP_XX.wav,1062_TAI_HAP_XX.wav,1062,train,1,happy,1,happy,0.9460474848747253
data/cremad/audio/1062_TAI_NEU_XX.wav,1062_TAI_NEU_XX.wav,1062,train,0,neutral,0,neutral,0.9952924251556396
data/cremad/audio/1062_TAI_SAD_XX.wav,1062_TAI_SAD_XX.wav,1062,train,2,sad,2,sad,0.5552978515625
data/cremad/audio/1062_TIE_ANG_XX.wav,1062_TIE_ANG_XX.wav,1062,train,3,angry,3,angry,0.8343474864959717
data/cremad/audio/1062_TIE_DIS_XX.wav,1062_TIE_DIS_XX.wav,1062,train,5,disgust,2,sad,0.46195679903030396
data/cremad/audio/1062_TIE_FEA_XX.wav,1062_TIE_FEA_XX.wav,1062,train,4,fearful,2,sad,0.5658097863197327
data/cremad/audio/1062_TIE_HAP_XX.wav,1062_TIE_HAP_XX.wav,1062,train,1,happy,1,happy,0.822211503982544
data/cremad/audio/1062_TIE_NEU_XX.wav,1062_TIE_NEU_XX.wav,1062,train,0,neutral,0,neutral,0.946398138999939
data/cremad/audio/1062_TIE_SAD_XX.wav,1062_TIE_SAD_XX.wav,1062,train,2,sad,2,sad,0.9440903067588806
data/cremad/audio/1062_TSI_ANG_XX.wav,1062_TSI_ANG_XX.wav,1062,train,3,angry,3,angry,0.7543865442276001
data/cremad/audio/1062_TSI_DIS_XX.wav,1062_TSI_DIS_XX.wav,1062,train,5,disgust,5,disgust,0.7148324847221375
data/cremad/audio/1062_TSI_FEA_XX.wav,1062_TSI_FEA_XX.wav,1062,train,4,fearful,2,sad,0.8241540789604187
data/cremad/audio/1062_TSI_HAP_XX.wav,1062_TSI_HAP_XX.wav,1062,train,1,happy,4,fearful,0.7748280763626099
data/cremad/audio/1062_TSI_NEU_XX.wav,1062_TSI_NEU_XX.wav,1062,train,0,neutral,0,neutral,0.966163694858551
data/cremad/audio/1062_TSI_SAD_XX.wav,1062_TSI_SAD_XX.wav,1062,train,2,sad,2,sad,0.8226638436317444
data/cremad/audio/1062_WSI_ANG_XX.wav,1062_WSI_ANG_XX.wav,1062,train,3,angry,3,angry,0.9987755417823792
data/cremad/audio/1062_WSI_DIS_XX.wav,1062_WSI_DIS_XX.wav,1062,train,5,disgust,2,sad,0.4990655481815338
data/cremad/audio/1062_WSI_FEA_XX.wav,1062_WSI_FEA_XX.wav,1062,train,4,fearful,2,sad,0.5114075541496277
data/cremad/audio/1062_WSI_HAP_XX.wav,1062_WSI_HAP_XX.wav,1062,train,1,happy,1,happy,0.9332095980644226
data/cremad/audio/1062_WSI_NEU_XX.wav,1062_WSI_NEU_XX.wav,1062,train,0,neutral,0,neutral,0.928581953048706
data/cremad/audio/1062_WSI_SAD_XX.wav,1062_WSI_SAD_XX.wav,1062,train,2,sad,2,sad,0.6071791648864746
data/cremad/audio/1063_DFA_ANG_XX.wav,1063_DFA_ANG_XX.wav,1063,train,3,angry,3,angry,0.9573107957839966
data/cremad/audio/1063_DFA_DIS_XX.wav,1063_DFA_DIS_XX.wav,1063,train,5,disgust,5,disgust,0.9897241592407227
data/cremad/audio/1063_DFA_FEA_XX.wav,1063_DFA_FEA_XX.wav,1063,train,4,fearful,4,fearful,0.8928371667861938
data/cremad/audio/1063_DFA_HAP_XX.wav,1063_DFA_HAP_XX.wav,1063,train,1,happy,1,happy,0.9956974983215332
data/cremad/audio/1063_DFA_NEU_XX.wav,1063_DFA_NEU_XX.wav,1063,train,0,neutral,0,neutral,0.9941974878311157
data/cremad/audio/1063_DFA_SAD_XX.wav,1063_DFA_SAD_XX.wav,1063,train,2,sad,2,sad,0.5922458171844482
data/cremad/audio/1063_IEO_ANG_HI.wav,1063_IEO_ANG_HI.wav,1063,train,3,angry,3,angry,0.8264049887657166
data/cremad/audio/1063_IEO_ANG_LO.wav,1063_IEO_ANG_LO.wav,1063,train,3,angry,5,disgust,0.6992864608764648
data/cremad/audio/1063_IEO_ANG_MD.wav,1063_IEO_ANG_MD.wav,1063,train,3,angry,3,angry,0.9249047040939331
data/cremad/audio/1063_IEO_DIS_HI.wav,1063_IEO_DIS_HI.wav,1063,train,5,disgust,5,disgust,0.8044953346252441
data/cremad/audio/1063_IEO_DIS_LO.wav,1063_IEO_DIS_LO.wav,1063,train,5,disgust,5,disgust,0.8073716759681702
data/cremad/audio/1063_IEO_DIS_MD.wav,1063_IEO_DIS_MD.wav,1063,train,5,disgust,5,disgust,0.8192350268363953
data/cremad/audio/1063_IEO_FEA_HI.wav,1063_IEO_FEA_HI.wav,1063,train,4,fearful,4,fearful,0.6779425144195557
data/cremad/audio/1063_IEO_FEA_LO.wav,1063_IEO_FEA_LO.wav,1063,train,4,fearful,2,sad,0.6592499613761902
data/cremad/audio/1063_IEO_FEA_MD.wav,1063_IEO_FEA_MD.wav,1063,train,4,fearful,4,fearful,0.6868098974227905
data/cremad/audio/1063_IEO_HAP_HI.wav,1063_IEO_HAP_HI.wav,1063,train,1,happy,1,happy,0.9272953867912292
data/cremad/audio/1063_IEO_HAP_LO.wav,1063_IEO_HAP_LO.wav,1063,train,1,happy,1,happy,0.9889373779296875
data/cremad/audio/1063_IEO_HAP_MD.wav,1063_IEO_HAP_MD.wav,1063,train,1,happy,1,happy,0.9743166565895081
data/cremad/audio/1063_IEO_NEU_XX.wav,1063_IEO_NEU_XX.wav,1063,train,0,neutral,0,neutral,0.9726401567459106
data/cremad/audio/1063_IEO_SAD_HI.wav,1063_IEO_SAD_HI.wav,1063,train,2,sad,4,fearful,0.6727771759033203
data/cremad/audio/1063_IEO_SAD_LO.wav,1063_IEO_SAD_LO.wav,1063,train,2,sad,2,sad,0.8308857679367065
data/cremad/audio/1063_IEO_SAD_MD.wav,1063_IEO_SAD_MD.wav,1063,train,2,sad,2,sad,0.851344645023346
data/cremad/audio/1063_IOM_ANG_XX.wav,1063_IOM_ANG_XX.wav,1063,train,3,angry,3,angry,0.9255151152610779
data/cremad/audio/1063_IOM_DIS_XX.wav,1063_IOM_DIS_XX.wav,1063,train,5,disgust,5,disgust,0.9174286723136902
data/cremad/audio/1063_IOM_FEA_XX.wav,1063_IOM_FEA_XX.wav,1063,train,4,fearful,4,fearful,0.7660644054412842
data/cremad/audio/1063_IOM_HAP_XX.wav,1063_IOM_HAP_XX.wav,1063,train,1,happy,1,happy,0.9910823106765747
data/cremad/audio/1063_IOM_NEU_XX.wav,1063_IOM_NEU_XX.wav,1063,train,0,neutral,0,neutral,0.96630859375
data/cremad/audio/1063_IOM_SAD_XX.wav,1063_IOM_SAD_XX.wav,1063,train,2,sad,2,sad,0.7931459546089172
data/cremad/audio/1063_ITH_ANG_XX.wav,1063_ITH_ANG_XX.wav,1063,train,3,angry,3,angry,0.9534445405006409
data/cremad/audio/1063_ITH_DIS_XX.wav,1063_ITH_DIS_XX.wav,1063,train,5,disgust,5,disgust,0.9749691486358643
data/cremad/audio/1063_ITH_FEA_XX.wav,1063_ITH_FEA_XX.wav,1063,train,4,fearful,4,fearful,0.9581359624862671
data/cremad/audio/1063_ITH_HAP_XX.wav,1063_ITH_HAP_XX.wav,1063,train,1,happy,1,happy,0.9936222434043884
data/cremad/audio/1063_ITH_NEU_XX.wav,1063_ITH_NEU_XX.wav,1063,train,0,neutral,0,neutral,0.9858042001724243
data/cremad/audio/1063_ITH_SAD_XX.wav,1063_ITH_SAD_XX.wav,1063,train,2,sad,2,sad,0.8556448817253113
data/cremad/audio/1063_ITS_ANG_XX.wav,1063_ITS_ANG_XX.wav,1063,train,3,angry,3,angry,0.9213294386863708
data/cremad/audio/1063_ITS_DIS_XX.wav,1063_ITS_DIS_XX.wav,1063,train,5,disgust,5,disgust,0.754278838634491
data/cremad/audio/1063_ITS_FEA_XX.wav,1063_ITS_FEA_XX.wav,1063,train,4,fearful,4,fearful,0.985029399394989
data/cremad/audio/1063_ITS_HAP_XX.wav,1063_ITS_HAP_XX.wav,1063,train,1,happy,1,happy,0.9986121654510498
data/cremad/audio/1063_ITS_NEU_XX.wav,1063_ITS_NEU_XX.wav,1063,train,0,neutral,0,neutral,0.9913882613182068
data/cremad/audio/1063_ITS_SAD_XX.wav,1063_ITS_SAD_XX.wav,1063,train,2,sad,2,sad,0.6630892157554626
data/cremad/audio/1063_IWL_ANG_XX.wav,1063_IWL_ANG_XX.wav,1063,train,3,angry,3,angry,0.9958095550537109
data/cremad/audio/1063_IWL_DIS_XX.wav,1063_IWL_DIS_XX.wav,1063,train,5,disgust,5,disgust,0.9555736184120178
data/cremad/audio/1063_IWL_FEA_XX.wav,1063_IWL_FEA_XX.wav,1063,train,4,fearful,4,fearful,0.7574743032455444
data/cremad/audio/1063_IWL_HAP_XX.wav,1063_IWL_HAP_XX.wav,1063,train,1,happy,1,happy,0.9289898872375488
data/cremad/audio/1063_IWL_NEU_XX.wav,1063_IWL_NEU_XX.wav,1063,train,0,neutral,0,neutral,0.9244417548179626
data/cremad/audio/1063_IWL_SAD_XX.wav,1063_IWL_SAD_XX.wav,1063,train,2,sad,2,sad,0.8781639933586121
data/cremad/audio/1063_IWW_ANG_XX.wav,1063_IWW_ANG_XX.wav,1063,train,3,angry,3,angry,0.6587188839912415
data/cremad/audio/1063_IWW_DIS_XX.wav,1063_IWW_DIS_XX.wav,1063,train,5,disgust,5,disgust,0.9062775373458862
data/cremad/audio/1063_IWW_FEA_XX.wav,1063_IWW_FEA_XX.wav,1063,train,4,fearful,4,fearful,0.49930495023727417
data/cremad/audio/1063_IWW_HAP_XX.wav,1063_IWW_HAP_XX.wav,1063,train,1,happy,1,happy,0.9916476011276245
data/cremad/audio/1063_IWW_NEU_XX.wav,1063_IWW_NEU_XX.wav,1063,train,0,neutral,0,neutral,0.9801526665687561
data/cremad/audio/1063_IWW_SAD_XX.wav,1063_IWW_SAD_XX.wav,1063,train,2,sad,2,sad,0.5110495090484619
data/cremad/audio/1063_MTI_ANG_XX.wav,1063_MTI_ANG_XX.wav,1063,train,3,angry,3,angry,0.6628818511962891
data/cremad/audio/1063_MTI_DIS_XX.wav,1063_MTI_DIS_XX.wav,1063,train,5,disgust,5,disgust,0.9510762095451355
data/cremad/audio/1063_MTI_FEA_XX.wav,1063_MTI_FEA_XX.wav,1063,train,4,fearful,4,fearful,0.9058988690376282
data/cremad/audio/1063_MTI_HAP_XX.wav,1063_MTI_HAP_XX.wav,1063,train,1,happy,1,happy,0.9521708488464355
data/cremad/audio/1063_MTI_NEU_XX.wav,1063_MTI_NEU_XX.wav,1063,train,0,neutral,0,neutral,0.9820725321769714
data/cremad/audio/1063_MTI_SAD_XX.wav,1063_MTI_SAD_XX.wav,1063,train,2,sad,2,sad,0.8491813540458679
data/cremad/audio/1063_TAI_ANG_XX.wav,1063_TAI_ANG_XX.wav,1063,train,3,angry,3,angry,0.9709194302558899
data/cremad/audio/1063_TAI_DIS_XX.wav,1063_TAI_DIS_XX.wav,1063,train,5,disgust,5,disgust,0.9346709251403809
data/cremad/audio/1063_TAI_FEA_XX.wav,1063_TAI_FEA_XX.wav,1063,train,4,fearful,4,fearful,0.8027250170707703
data/cremad/audio/1063_TAI_HAP_XX.wav,1063_TAI_HAP_XX.wav,1063,train,1,happy,1,happy,0.9936192631721497
data/cremad/audio/1063_TAI_NEU_XX.wav,1063_TAI_NEU_XX.wav,1063,train,0,neutral,0,neutral,0.9961975812911987
data/cremad/audio/1063_TAI_SAD_XX.wav,1063_TAI_SAD_XX.wav,1063,train,2,sad,0,neutral,0.33594226837158203
data/cremad/audio/1063_TIE_ANG_XX.wav,1063_TIE_ANG_XX.wav,1063,train,3,angry,3,angry,0.9931750893592834
data/cremad/audio/1063_TIE_DIS_XX.wav,1063_TIE_DIS_XX.wav,1063,train,5,disgust,5,disgust,0.9643967151641846
data/cremad/audio/1063_TIE_FEA_XX.wav,1063_TIE_FEA_XX.wav,1063,train,4,fearful,5,disgust,0.45006468892097473
data/cremad/audio/1063_TIE_HAP_XX.wav,1063_TIE_HAP_XX.wav,1063,train,1,happy,2,sad,0.3140205144882202
data/cremad/audio/1063_TIE_NEU_XX.wav,1063_TIE_NEU_XX.wav,1063,train,0,neutral,0,neutral,0.5286681056022644
data/cremad/audio/1063_TIE_SAD_XX.wav,1063_TIE_SAD_XX.wav,1063,train,2,sad,2,sad,0.8969482183456421
data/cremad/audio/1063_TSI_ANG_XX.wav,1063_TSI_ANG_XX.wav,1063,train,3,angry,3,angry,0.9533894658088684
data/cremad/audio/1063_TSI_DIS_XX.wav,1063_TSI_DIS_XX.wav,1063,train,5,disgust,5,disgust,0.8509586453437805
data/cremad/audio/1063_TSI_FEA_XX.wav,1063_TSI_FEA_XX.wav,1063,train,4,fearful,4,fearful,0.677111804485321
data/cremad/audio/1063_TSI_HAP_XX.wav,1063_TSI_HAP_XX.wav,1063,train,1,happy,1,happy,0.9970876574516296
data/cremad/audio/1063_TSI_NEU_XX.wav,1063_TSI_NEU_XX.wav,1063,train,0,neutral,0,neutral,0.9867010712623596
data/cremad/audio/1063_TSI_SAD_XX.wav,1063_TSI_SAD_XX.wav,1063,train,2,sad,2,sad,0.3922553062438965
data/cremad/audio/1063_WSI_ANG_XX.wav,1063_WSI_ANG_XX.wav,1063,train,3,angry,3,angry,0.9959034323692322
data/cremad/audio/1063_WSI_DIS_XX.wav,1063_WSI_DIS_XX.wav,1063,train,5,disgust,5,disgust,0.8962512612342834
data/cremad/audio/1063_WSI_FEA_XX.wav,1063_WSI_FEA_XX.wav,1063,train,4,fearful,1,happy,0.8104676008224487
data/cremad/audio/1063_WSI_HAP_XX.wav,1063_WSI_HAP_XX.wav,1063,train,1,happy,1,happy,0.9046120047569275
data/cremad/audio/1063_WSI_NEU_XX.wav,1063_WSI_NEU_XX.wav,1063,train,0,neutral,0,neutral,0.9358026385307312
data/cremad/audio/1063_WSI_SAD_XX.wav,1063_WSI_SAD_XX.wav,1063,train,2,sad,2,sad,0.6944859027862549
data/cremad/audio/1064_DFA_ANG_XX.wav,1064_DFA_ANG_XX.wav,1064,train,3,angry,3,angry,0.9974058270454407
data/cremad/audio/1064_DFA_DIS_XX.wav,1064_DFA_DIS_XX.wav,1064,train,5,disgust,5,disgust,0.8723194599151611
data/cremad/audio/1064_DFA_FEA_XX.wav,1064_DFA_FEA_XX.wav,1064,train,4,fearful,4,fearful,0.9840286374092102
data/cremad/audio/1064_DFA_HAP_XX.wav,1064_DFA_HAP_XX.wav,1064,train,1,happy,4,fearful,0.49264439940452576
data/cremad/audio/1064_DFA_NEU_XX.wav,1064_DFA_NEU_XX.wav,1064,train,0,neutral,0,neutral,0.9832944869995117
data/cremad/audio/1064_DFA_SAD_XX.wav,1064_DFA_SAD_XX.wav,1064,train,2,sad,2,sad,0.7154486179351807
data/cremad/audio/1064_IEO_ANG_HI.wav,1064_IEO_ANG_HI.wav,1064,train,3,angry,3,angry,0.9663150310516357
data/cremad/audio/1064_IEO_ANG_LO.wav,1064_IEO_ANG_LO.wav,1064,train,3,angry,3,angry,0.929064929485321
data/cremad/audio/1064_IEO_ANG_MD.wav,1064_IEO_ANG_MD.wav,1064,train,3,angry,3,angry,0.7786057591438293
data/cremad/audio/1064_IEO_DIS_HI.wav,1064_IEO_DIS_HI.wav,1064,train,5,disgust,5,disgust,0.7999784350395203
data/cremad/audio/1064_IEO_DIS_LO.wav,1064_IEO_DIS_LO.wav,1064,train,5,disgust,5,disgust,0.5235461592674255
data/cremad/audio/1064_IEO_DIS_MD.wav,1064_IEO_DIS_MD.wav,1064,train,5,disgust,5,disgust,0.9749905467033386
data/cremad/audio/1064_IEO_FEA_HI.wav,1064_IEO_FEA_HI.wav,1064,train,4,fearful,4,fearful,0.9680593609809875
data/cremad/audio/1064_IEO_FEA_LO.wav,1064_IEO_FEA_LO.wav,1064,train,4,fearful,4,fearful,0.7107953429222107
data/cremad/audio/1064_IEO_FEA_MD.wav,1064_IEO_FEA_MD.wav,1064,train,4,fearful,4,fearful,0.9940701127052307
data/cremad/audio/1064_IEO_HAP_HI.wav,1064_IEO_HAP_HI.wav,1064,train,1,happy,4,fearful,0.9582141041755676
data/cremad/audio/1064_IEO_HAP_LO.wav,1064_IEO_HAP_LO.wav,1064,train,1,happy,1,happy,0.8277168869972229
data/cremad/audio/1064_IEO_HAP_MD.wav,1064_IEO_HAP_MD.wav,1064,train,1,happy,1,happy,0.9378892183303833
data/cremad/audio/1064_IEO_NEU_XX.wav,1064_IEO_NEU_XX.wav,1064,train,0,neutral,0,neutral,0.5338556170463562
data/cremad/audio/1064_IEO_SAD_HI.wav,1064_IEO_SAD_HI.wav,1064,train,2,sad,2,sad,0.694587767124176
data/cremad/audio/1064_IEO_SAD_LO.wav,1064_IEO_SAD_LO.wav,1064,train,2,sad,0,neutral,0.509971559047699
data/cremad/audio/1064_IEO_SAD_MD.wav,1064_IEO_SAD_MD.wav,1064,train,2,sad,2,sad,0.874507486820221
data/cremad/audio/1064_IOM_ANG_XX.wav,1064_IOM_ANG_XX.wav,1064,train,3,angry,3,angry,0.998458981513977
data/cremad/audio/1064_IOM_DIS_XX.wav,1064_IOM_DIS_XX.wav,1064,train,5,disgust,5,disgust,0.7974193692207336
data/cremad/audio/1064_IOM_FEA_XX.wav,1064_IOM_FEA_XX.wav,1064,train,4,fearful,4,fearful,0.9904996752738953
data/cremad/audio/1064_IOM_HAP_XX.wav,1064_IOM_HAP_XX.wav,1064,train,1,happy,1,happy,0.8512765169143677
data/cremad/audio/1064_IOM_NEU_XX.wav,1064_IOM_NEU_XX.wav,1064,train,0,neutral,0,neutral,0.8647687435150146
data/cremad/audio/1064_IOM_SAD_XX.wav,1064_IOM_SAD_XX.wav,1064,train,2,sad,2,sad,0.5634825229644775
data/cremad/audio/1064_ITH_ANG_XX.wav,1064_ITH_ANG_XX.wav,1064,train,3,angry,3,angry,0.972871720790863
data/cremad/audio/1064_ITH_DIS_XX.wav,1064_ITH_DIS_XX.wav,1064,train,5,disgust,0,neutral,0.5105334520339966
data/cremad/audio/1064_ITH_FEA_XX.wav,1064_ITH_FEA_XX.wav,1064,train,4,fearful,4,fearful,0.9504756331443787
data/cremad/audio/1064_ITH_HAP_XX.wav,1064_ITH_HAP_XX.wav,1064,train,1,happy,1,happy,0.8933058381080627
data/cremad/audio/1064_ITH_NEU_XX.wav,1064_ITH_NEU_XX.wav,1064,train,0,neutral,0,neutral,0.9310529232025146
data/cremad/audio/1064_ITH_SAD_XX.wav,1064_ITH_SAD_XX.wav,1064,train,2,sad,2,sad,0.9492995738983154
data/cremad/audio/1064_ITS_ANG_XX.wav,1064_ITS_ANG_XX.wav,1064,train,3,angry,3,angry,0.9806554317474365
data/cremad/audio/1064_ITS_DIS_XX.wav,1064_ITS_DIS_XX.wav,1064,train,5,disgust,5,disgust,0.9434354305267334
data/cremad/audio/1064_ITS_FEA_XX.wav,1064_ITS_FEA_XX.wav,1064,train,4,fearful,4,fearful,0.9194698929786682
data/cremad/audio/1064_ITS_HAP_XX.wav,1064_ITS_HAP_XX.wav,1064,train,1,happy,1,happy,0.5289996862411499
data/cremad/audio/1064_ITS_NEU_XX.wav,1064_ITS_NEU_XX.wav,1064,train,0,neutral,0,neutral,0.995131254196167
data/cremad/audio/1064_ITS_SAD_XX.wav,1064_ITS_SAD_XX.wav,1064,train,2,sad,2,sad,0.7913861274719238
data/cremad/audio/1064_IWL_ANG_XX.wav,1064_IWL_ANG_XX.wav,1064,train,3,angry,5,disgust,0.6542049050331116
data/cremad/audio/1064_IWL_DIS_XX.wav,1064_IWL_DIS_XX.wav,1064,train,5,disgust,5,disgust,0.8952690958976746
data/cremad/audio/1064_IWL_FEA_XX.wav,1064_IWL_FEA_XX.wav,1064,train,4,fearful,4,fearful,0.8501543402671814
data/cremad/audio/1064_IWL_HAP_XX.wav,1064_IWL_HAP_XX.wav,1064,train,1,happy,2,sad,0.7555904984474182
data/cremad/audio/1064_IWL_NEU_XX.wav,1064_IWL_NEU_XX.wav,1064,train,0,neutral,0,neutral,0.9936944842338562
data/cremad/audio/1064_IWL_SAD_XX.wav,1064_IWL_SAD_XX.wav,1064,train,2,sad,2,sad,0.7126568555831909
data/cremad/audio/1064_IWW_ANG_XX.wav,1064_IWW_ANG_XX.wav,1064,train,3,angry,3,angry,0.828666627407074
data/cremad/audio/1064_IWW_DIS_XX.wav,1064_IWW_DIS_XX.wav,1064,train,5,disgust,5,disgust,0.8913240432739258
data/cremad/audio/1064_IWW_FEA_XX.wav,1064_IWW_FEA_XX.wav,1064,train,4,fearful,4,fearful,0.835539698600769
data/cremad/audio/1064_IWW_HAP_XX.wav,1064_IWW_HAP_XX.wav,1064,train,1,happy,2,sad,0.4419563412666321
data/cremad/audio/1064_IWW_NEU_XX.wav,1064_IWW_NEU_XX.wav,1064,train,0,neutral,0,neutral,0.9958603978157043
data/cremad/audio/1064_IWW_SAD_XX.wav,1064_IWW_SAD_XX.wav,1064,train,2,sad,4,fearful,0.4712600111961365
data/cremad/audio/1064_MTI_ANG_XX.wav,1064_MTI_ANG_XX.wav,1064,train,3,angry,3,angry,0.8034255504608154
data/cremad/audio/1064_MTI_DIS_XX.wav,1064_MTI_DIS_XX.wav,1064,train,5,disgust,5,disgust,0.6705495119094849
data/cremad/audio/1064_MTI_FEA_XX.wav,1064_MTI_FEA_XX.wav,1064,train,4,fearful,4,fearful,0.98065185546875
data/cremad/audio/1064_MTI_HAP_XX.wav,1064_MTI_HAP_XX.wav,1064,train,1,happy,1,happy,0.9922550916671753
data/cremad/audio/1064_MTI_NEU_XX.wav,1064_MTI_NEU_XX.wav,1064,train,0,neutral,0,neutral,0.9924321174621582
data/cremad/audio/1064_MTI_SAD_XX.wav,1064_MTI_SAD_XX.wav,1064,train,2,sad,2,sad,0.7436209917068481
data/cremad/audio/1064_TAI_ANG_XX.wav,1064_TAI_ANG_XX.wav,1064,train,3,angry,3,angry,0.9927017688751221
data/cremad/audio/1064_TAI_DIS_XX.wav,1064_TAI_DIS_XX.wav,1064,train,5,disgust,5,disgust,0.7947607040405273
data/cremad/audio/1064_TAI_FEA_XX.wav,1064_TAI_FEA_XX.wav,1064,train,4,fearful,4,fearful,0.9091666340827942
data/cremad/audio/1064_TAI_HAP_XX.wav,1064_TAI_HAP_XX.wav,1064,train,1,happy,1,happy,0.6789718866348267
data/cremad/audio/1064_TAI_NEU_XX.wav,1064_TAI_NEU_XX.wav,1064,train,0,neutral,0,neutral,0.995414137840271
data/cremad/audio/1064_TAI_SAD_XX.wav,1064_TAI_SAD_XX.wav,1064,train,2,sad,0,neutral,0.586048424243927
data/cremad/audio/1064_TIE_ANG_XX.wav,1064_TIE_ANG_XX.wav,1064,train,3,angry,3,angry,0.9761053323745728
data/cremad/audio/1064_TIE_DIS_XX.wav,1064_TIE_DIS_XX.wav,1064,train,5,disgust,5,disgust,0.9019868969917297
data/cremad/audio/1064_TIE_FEA_XX.wav,1064_TIE_FEA_XX.wav,1064,train,4,fearful,4,fearful,0.8353437781333923
data/cremad/audio/1064_TIE_HAP_XX.wav,1064_TIE_HAP_XX.wav,1064,train,1,happy,4,fearful,0.49808865785598755
data/cremad/audio/1064_TIE_NEU_XX.wav,1064_TIE_NEU_XX.wav,1064,train,0,neutral,0,neutral,0.9636284112930298
data/cremad/audio/1064_TIE_SAD_XX.wav,1064_TIE_SAD_XX.wav,1064,train,2,sad,0,neutral,0.8300158977508545
data/cremad/audio/1064_TSI_ANG_XX.wav,1064_TSI_ANG_XX.wav,1064,train,3,angry,3,angry,0.9875297546386719
data/cremad/audio/1064_TSI_DIS_XX.wav,1064_TSI_DIS_XX.wav,1064,train,5,disgust,5,disgust,0.7841014862060547
data/cremad/audio/1064_TSI_FEA_XX.wav,1064_TSI_FEA_XX.wav,1064,train,4,fearful,4,fearful,0.9951263666152954
data/cremad/audio/1064_TSI_HAP_XX.wav,1064_TSI_HAP_XX.wav,1064,train,1,happy,1,happy,0.7063497304916382
data/cremad/audio/1064_TSI_NEU_XX.wav,1064_TSI_NEU_XX.wav,1064,train,0,neutral,0,neutral,0.9926666617393494
data/cremad/audio/1064_TSI_SAD_XX.wav,1064_TSI_SAD_XX.wav,1064,train,2,sad,2,sad,0.841906726360321
data/cremad/audio/1064_WSI_ANG_XX.wav,1064_WSI_ANG_XX.wav,1064,train,3,angry,3,angry,0.9992511868476868
data/cremad/audio/1064_WSI_DIS_XX.wav,1064_WSI_DIS_XX.wav,1064,train,5,disgust,5,disgust,0.9717806577682495
data/cremad/audio/1064_WSI_FEA_XX.wav,1064_WSI_FEA_XX.wav,1064,train,4,fearful,4,fearful,0.8480484485626221
data/cremad/audio/1064_WSI_HAP_XX.wav,1064_WSI_HAP_XX.wav,1064,train,1,happy,0,neutral,0.41034963726997375
data/cremad/audio/1064_WSI_NEU_XX.wav,1064_WSI_NEU_XX.wav,1064,train,0,neutral,0,neutral,0.9994326233863831
data/cremad/audio/1064_WSI_SAD_XX.wav,1064_WSI_SAD_XX.wav,1064,train,2,sad,2,sad,0.7156190872192383
data/cremad/audio/1068_DFA_ANG_XX.wav,1068_DFA_ANG_XX.wav,1068,train,3,angry,3,angry,0.9984826445579529
data/cremad/audio/1068_DFA_DIS_XX.wav,1068_DFA_DIS_XX.wav,1068,train,5,disgust,5,disgust,0.7747251987457275
data/cremad/audio/1068_DFA_FEA_XX.wav,1068_DFA_FEA_XX.wav,1068,train,4,fearful,4,fearful,0.7460272312164307
data/cremad/audio/1068_DFA_HAP_XX.wav,1068_DFA_HAP_XX.wav,1068,train,1,happy,1,happy,0.7587456107139587
data/cremad/audio/1068_DFA_NEU_XX.wav,1068_DFA_NEU_XX.wav,1068,train,0,neutral,0,neutral,0.886749804019928
data/cremad/audio/1068_DFA_SAD_XX.wav,1068_DFA_SAD_XX.wav,1068,train,2,sad,2,sad,0.8496626615524292
data/cremad/audio/1068_IEO_ANG_HI.wav,1068_IEO_ANG_HI.wav,1068,train,3,angry,3,angry,0.8627191185951233
data/cremad/audio/1068_IEO_ANG_LO.wav,1068_IEO_ANG_LO.wav,1068,train,3,angry,3,angry,0.564290463924408
data/cremad/audio/1068_IEO_ANG_MD.wav,1068_IEO_ANG_MD.wav,1068,train,3,angry,3,angry,0.9568862915039062
data/cremad/audio/1068_IEO_DIS_HI.wav,1068_IEO_DIS_HI.wav,1068,train,5,disgust,5,disgust,0.8428184986114502
data/cremad/audio/1068_IEO_DIS_LO.wav,1068_IEO_DIS_LO.wav,1068,train,5,disgust,5,disgust,0.7569772601127625
data/cremad/audio/1068_IEO_DIS_MD.wav,1068_IEO_DIS_MD.wav,1068,train,5,disgust,5,disgust,0.8628721833229065
data/cremad/audio/1068_IEO_FEA_HI.wav,1068_IEO_FEA_HI.wav,1068,train,4,fearful,4,fearful,0.984730064868927
data/cremad/audio/1068_IEO_FEA_LO.wav,1068_IEO_FEA_LO.wav,1068,train,4,fearful,4,fearful,0.5699142813682556
data/cremad/audio/1068_IEO_FEA_MD.wav,1068_IEO_FEA_MD.wav,1068,train,4,fearful,4,fearful,0.8304845094680786
data/cremad/audio/1068_IEO_HAP_HI.wav,1068_IEO_HAP_HI.wav,1068,train,1,happy,3,angry,0.5930182933807373
data/cremad/audio/1068_IEO_HAP_LO.wav,1068_IEO_HAP_LO.wav,1068,train,1,happy,1,happy,0.5530336499214172
data/cremad/audio/1068_IEO_HAP_MD.wav,1068_IEO_HAP_MD.wav,1068,train,1,happy,1,happy,0.789039134979248
data/cremad/audio/1068_IEO_NEU_XX.wav,1068_IEO_NEU_XX.wav,1068,train,0,neutral,0,neutral,0.7690412998199463
data/cremad/audio/1068_IEO_SAD_HI.wav,1068_IEO_SAD_HI.wav,1068,train,2,sad,2,sad,0.5227950811386108
data/cremad/audio/1068_IEO_SAD_LO.wav,1068_IEO_SAD_LO.wav,1068,train,2,sad,2,sad,0.6751648783683777
data/cremad/audio/1068_IEO_SAD_MD.wav,1068_IEO_SAD_MD.wav,1068,train,2,sad,2,sad,0.7418314218521118
data/cremad/audio/1068_IOM_ANG_XX.wav,1068_IOM_ANG_XX.wav,1068,train,3,angry,3,angry,0.9845558404922485
data/cremad/audio/1068_IOM_DIS_XX.wav,1068_IOM_DIS_XX.wav,1068,train,5,disgust,5,disgust,0.9219521880149841
data/cremad/audio/1068_IOM_FEA_XX.wav,1068_IOM_FEA_XX.wav,1068,train,4,fearful,4,fearful,0.7839716672897339
data/cremad/audio/1068_IOM_HAP_XX.wav,1068_IOM_HAP_XX.wav,1068,train,1,happy,1,happy,0.9244983792304993
data/cremad/audio/1068_IOM_NEU_XX.wav,1068_IOM_NEU_XX.wav,1068,train,0,neutral,0,neutral,0.9889129996299744
data/cremad/audio/1068_IOM_SAD_XX.wav,1068_IOM_SAD_XX.wav,1068,train,2,sad,2,sad,0.5158131718635559
data/cremad/audio/1068_ITH_ANG_XX.wav,1068_ITH_ANG_XX.wav,1068,train,3,angry,3,angry,0.9921936988830566
data/cremad/audio/1068_ITH_DIS_XX.wav,1068_ITH_DIS_XX.wav,1068,train,5,disgust,5,disgust,0.2866166830062866
data/cremad/audio/1068_ITH_FEA_XX.wav,1068_ITH_FEA_XX.wav,1068,train,4,fearful,4,fearful,0.8341447114944458
data/cremad/audio/1068_ITH_HAP_XX.wav,1068_ITH_HAP_XX.wav,1068,train,1,happy,0,neutral,0.3766281008720398
data/cremad/audio/1068_ITH_NEU_XX.wav,1068_ITH_NEU_XX.wav,1068,train,0,neutral,0,neutral,0.8275383114814758
data/cremad/audio/1068_ITH_SAD_XX.wav,1068_ITH_SAD_XX.wav,1068,train,2,sad,2,sad,0.818739116191864
data/cremad/audio/1068_ITS_ANG_XX.wav,1068_ITS_ANG_XX.wav,1068,train,3,angry,3,angry,0.5740204453468323
data/cremad/audio/1068_ITS_DIS_XX.wav,1068_ITS_DIS_XX.wav,1068,train,5,disgust,1,happy,0.6069692969322205
data/cremad/audio/1068_ITS_FEA_XX.wav,1068_ITS_FEA_XX.wav,1068,train,4,fearful,4,fearful,0.7024050354957581
data/cremad/audio/1068_ITS_HAP_XX.wav,1068_ITS_HAP_XX.wav,1068,train,1,happy,3,angry,0.6547689437866211
data/cremad/audio/1068_ITS_NEU_XX.wav,1068_ITS_NEU_XX.wav,1068,train,0,neutral,0,neutral,0.9689704775810242
data/cremad/audio/1068_ITS_SAD_XX.wav,1068_ITS_SAD_XX.wav,1068,train,2,sad,2,sad,0.7206242680549622
data/cremad/audio/1068_IWL_ANG_XX.wav,1068_IWL_ANG_XX.wav,1068,train,3,angry,3,angry,0.9507986307144165
data/cremad/audio/1068_IWL_DIS_XX.wav,1068_IWL_DIS_XX.wav,1068,train,5,disgust,5,disgust,0.6842530965805054
data/cremad/audio/1068_IWL_FEA_XX.wav,1068_IWL_FEA_XX.wav,1068,train,4,fearful,4,fearful,0.8633741736412048
data/cremad/audio/1068_IWL_HAP_XX.wav,1068_IWL_HAP_XX.wav,1068,train,1,happy,0,neutral,0.4656769037246704
data/cremad/audio/1068_IWL_NEU_XX.wav,1068_IWL_NEU_XX.wav,1068,train,0,neutral,0,neutral,0.9916051626205444
data/cremad/audio/1068_IWL_SAD_XX.wav,1068_IWL_SAD_XX.wav,1068,train,2,sad,2,sad,0.7655823826789856
data/cremad/audio/1068_IWW_ANG_XX.wav,1068_IWW_ANG_XX.wav,1068,train,3,angry,3,angry,0.9895512461662292
data/cremad/audio/1068_IWW_DIS_XX.wav,1068_IWW_DIS_XX.wav,1068,train,5,disgust,5,disgust,0.7503812909126282
data/cremad/audio/1068_IWW_FEA_XX.wav,1068_IWW_FEA_XX.wav,1068,train,4,fearful,4,fearful,0.8108034133911133
data/cremad/audio/1068_IWW_HAP_XX.wav,1068_IWW_HAP_XX.wav,1068,train,1,happy,1,happy,0.6203475594520569
data/cremad/audio/1068_IWW_NEU_XX.wav,1068_IWW_NEU_XX.wav,1068,train,0,neutral,0,neutral,0.9565114378929138
data/cremad/audio/1068_IWW_SAD_XX.wav,1068_IWW_SAD_XX.wav,1068,train,2,sad,2,sad,0.6528857350349426
data/cremad/audio/1068_MTI_ANG_XX.wav,1068_MTI_ANG_XX.wav,1068,train,3,angry,3,angry,0.9434040188789368
data/cremad/audio/1068_MTI_DIS_XX.wav,1068_MTI_DIS_XX.wav,1068,train,5,disgust,1,happy,0.930321455001831
data/cremad/audio/1068_MTI_FEA_XX.wav,1068_MTI_FEA_XX.wav,1068,train,4,fearful,4,fearful,0.9654061198234558
data/cremad/audio/1068_MTI_HAP_XX.wav,1068_MTI_HAP_XX.wav,1068,train,1,happy,0,neutral,0.7385225892066956
data/cremad/audio/1068_MTI_NEU_XX.wav,1068_MTI_NEU_XX.wav,1068,train,0,neutral,0,neutral,0.9736619591712952
data/cremad/audio/1068_MTI_SAD_XX.wav,1068_MTI_SAD_XX.wav,1068,train,2,sad,2,sad,0.49715855717658997
data/cremad/audio/1068_TAI_ANG_XX.wav,1068_TAI_ANG_XX.wav,1068,train,3,angry,3,angry,0.9741868376731873
data/cremad/audio/1068_TAI_DIS_XX.wav,1068_TAI_DIS_XX.wav,1068,train,5,disgust,5,disgust,0.6556559801101685
data/cremad/audio/1068_TAI_FEA_XX.wav,1068_TAI_FEA_XX.wav,1068,train,4,fearful,4,fearful,0.8578401803970337
data/cremad/audio/1068_TAI_HAP_XX.wav,1068_TAI_HAP_XX.wav,1068,train,1,happy,1,happy,0.9501538276672363
data/cremad/audio/1068_TAI_NEU_XX.wav,1068_TAI_NEU_XX.wav,1068,train,0,neutral,0,neutral,0.9926875829696655
data/cremad/audio/1068_TAI_SAD_XX.wav,1068_TAI_SAD_XX.wav,1068,train,2,sad,2,sad,0.7838792204856873
data/cremad/audio/1068_TIE_ANG_XX.wav,1068_TIE_ANG_XX.wav,1068,train,3,angry,3,angry,0.885592520236969
data/cremad/audio/1068_TIE_DIS_XX.wav,1068_TIE_DIS_XX.wav,1068,train,5,disgust,1,happy,0.9052461981773376
data/cremad/audio/1068_TIE_FEA_XX.wav,1068_TIE_FEA_XX.wav,1068,train,4,fearful,4,fearful,0.9517821073532104
data/cremad/audio/1068_TIE_HAP_XX.wav,1068_TIE_HAP_XX.wav,1068,train,1,happy,1,happy,0.5371420383453369
data/cremad/audio/1068_TIE_NEU_XX.wav,1068_TIE_NEU_XX.wav,1068,train,0,neutral,0,neutral,0.7729876637458801
data/cremad/audio/1068_TIE_SAD_XX.wav,1068_TIE_SAD_XX.wav,1068,train,2,sad,2,sad,0.604224681854248
data/cremad/audio/1068_TSI_ANG_XX.wav,1068_TSI_ANG_XX.wav,1068,train,3,angry,3,angry,0.9945189356803894
data/cremad/audio/1068_TSI_DIS_XX.wav,1068_TSI_DIS_XX.wav,1068,train,5,disgust,1,happy,0.874009370803833
data/cremad/audio/1068_TSI_FEA_XX.wav,1068_TSI_FEA_XX.wav,1068,train,4,fearful,4,fearful,0.8386508226394653
data/cremad/audio/1068_TSI_HAP_XX.wav,1068_TSI_HAP_XX.wav,1068,train,1,happy,1,happy,0.8562901616096497
data/cremad/audio/1068_TSI_NEU_XX.wav,1068_TSI_NEU_XX.wav,1068,train,0,neutral,0,neutral,0.9403112530708313
data/cremad/audio/1068_TSI_SAD_XX.wav,1068_TSI_SAD_XX.wav,1068,train,2,sad,2,sad,0.8334236145019531
data/cremad/audio/1068_WSI_ANG_XX.wav,1068_WSI_ANG_XX.wav,1068,train,3,angry,3,angry,0.9363316893577576
data/cremad/audio/1068_WSI_DIS_XX.wav,1068_WSI_DIS_XX.wav,1068,train,5,disgust,4,fearful,0.4473830759525299
data/cremad/audio/1068_WSI_FEA_XX.wav,1068_WSI_FEA_XX.wav,1068,train,4,fearful,4,fearful,0.9283193945884705
data/cremad/audio/1068_WSI_HAP_XX.wav,1068_WSI_HAP_XX.wav,1068,train,1,happy,1,happy,0.8136137127876282
data/cremad/audio/1068_WSI_NEU_XX.wav,1068_WSI_NEU_XX.wav,1068,train,0,neutral,0,neutral,0.9560896158218384
data/cremad/audio/1068_WSI_SAD_XX.wav,1068_WSI_SAD_XX.wav,1068,train,2,sad,2,sad,0.7919474244117737
data/cremad/audio/1069_DFA_ANG_XX.wav,1069_DFA_ANG_XX.wav,1069,train,3,angry,3,angry,0.9883480668067932
data/cremad/audio/1069_DFA_DIS_XX.wav,1069_DFA_DIS_XX.wav,1069,train,5,disgust,1,happy,0.5946298837661743
data/cremad/audio/1069_DFA_FEA_XX.wav,1069_DFA_FEA_XX.wav,1069,train,4,fearful,4,fearful,0.7954888939857483
data/cremad/audio/1069_DFA_HAP_XX.wav,1069_DFA_HAP_XX.wav,1069,train,1,happy,1,happy,0.9660161733627319
data/cremad/audio/1069_DFA_NEU_XX.wav,1069_DFA_NEU_XX.wav,1069,train,0,neutral,1,happy,0.4809013307094574
data/cremad/audio/1069_DFA_SAD_XX.wav,1069_DFA_SAD_XX.wav,1069,train,2,sad,0,neutral,0.5042152404785156
data/cremad/audio/1069_IEO_ANG_HI.wav,1069_IEO_ANG_HI.wav,1069,train,3,angry,3,angry,0.9825204014778137
data/cremad/audio/1069_IEO_ANG_LO.wav,1069_IEO_ANG_LO.wav,1069,train,3,angry,1,happy,0.5706707239151001
data/cremad/audio/1069_IEO_ANG_MD.wav,1069_IEO_ANG_MD.wav,1069,train,3,angry,3,angry,0.8970140218734741
data/cremad/audio/1069_IEO_DIS_HI.wav,1069_IEO_DIS_HI.wav,1069,train,5,disgust,5,disgust,0.8267428278923035
data/cremad/audio/1069_IEO_DIS_LO.wav,1069_IEO_DIS_LO.wav,1069,train,5,disgust,1,happy,0.6572549939155579
data/cremad/audio/1069_IEO_DIS_MD.wav,1069_IEO_DIS_MD.wav,1069,train,5,disgust,5,disgust,0.4606580138206482
data/cremad/audio/1069_IEO_FEA_HI.wav,1069_IEO_FEA_HI.wav,1069,train,4,fearful,4,fearful,0.973118245601654
data/cremad/audio/1069_IEO_FEA_LO.wav,1069_IEO_FEA_LO.wav,1069,train,4,fearful,4,fearful,0.91841721534729
data/cremad/audio/1069_IEO_FEA_MD.wav,1069_IEO_FEA_MD.wav,1069,train,4,fearful,4,fearful,0.930820882320404
data/cremad/audio/1069_IEO_HAP_HI.wav,1069_IEO_HAP_HI.wav,1069,train,1,happy,1,happy,0.8283129930496216
data/cremad/audio/1069_IEO_HAP_LO.wav,1069_IEO_HAP_LO.wav,1069,train,1,happy,1,happy,0.9768079519271851
data/cremad/audio/1069_IEO_HAP_MD.wav,1069_IEO_HAP_MD.wav,1069,train,1,happy,1,happy,0.9728076457977295
data/cremad/audio/1069_IEO_NEU_XX.wav,1069_IEO_NEU_XX.wav,1069,train,0,neutral,1,happy,0.7555204033851624
data/cremad/audio/1069_IEO_SAD_HI.wav,1069_IEO_SAD_HI.wav,1069,train,2,sad,4,fearful,0.3689129054546356
data/cremad/audio/1069_IEO_SAD_LO.wav,1069_IEO_SAD_LO.wav,1069,train,2,sad,5,disgust,0.41988134384155273
data/cremad/audio/1069_IEO_SAD_MD.wav,1069_IEO_SAD_MD.wav,1069,train,2,sad,2,sad,0.3886715769767761
data/cremad/audio/1069_IOM_ANG_XX.wav,1069_IOM_ANG_XX.wav,1069,train,3,angry,3,angry,0.9925887584686279
data/cremad/audio/1069_IOM_DIS_XX.wav,1069_IOM_DIS_XX.wav,1069,train,5,disgust,5,disgust,0.41072627902030945
data/cremad/audio/1069_IOM_FEA_XX.wav,1069_IOM_FEA_XX.wav,1069,train,4,fearful,4,fearful,0.6762824654579163
data/cremad/audio/1069_IOM_HAP_XX.wav,1069_IOM_HAP_XX.wav,1069,train,1,happy,1,happy,0.9799692034721375
data/cremad/audio/1069_IOM_NEU_XX.wav,1069_IOM_NEU_XX.wav,1069,train,0,neutral,0,neutral,0.8599194288253784
data/cremad/audio/1069_IOM_SAD_XX.wav,1069_IOM_SAD_XX.wav,1069,train,2,sad,4,fearful,0.7200398445129395
data/cremad/audio/1069_ITH_ANG_XX.wav,1069_ITH_ANG_XX.wav,1069,train,3,angry,3,angry,0.9953515529632568
data/cremad/audio/1069_ITH_DIS_XX.wav,1069_ITH_DIS_XX.wav,1069,train,5,disgust,5,disgust,0.8406760692596436
data/cremad/audio/1069_ITH_FEA_XX.wav,1069_ITH_FEA_XX.wav,1069,train,4,fearful,4,fearful,0.8526479601860046
data/cremad/audio/1069_ITH_HAP_XX.wav,1069_ITH_HAP_XX.wav,1069,train,1,happy,1,happy,0.9880173206329346
data/cremad/audio/1069_ITH_NEU_XX.wav,1069_ITH_NEU_XX.wav,1069,train,0,neutral,0,neutral,0.8125357031822205
data/cremad/audio/1069_ITH_SAD_XX.wav,1069_ITH_SAD_XX.wav,1069,train,2,sad,2,sad,0.8100234866142273
data/cremad/audio/1069_ITS_ANG_XX.wav,1069_ITS_ANG_XX.wav,1069,train,3,angry,3,angry,0.9916818737983704
data/cremad/audio/1069_ITS_DIS_XX.wav,1069_ITS_DIS_XX.wav,1069,train,5,disgust,5,disgust,0.7712635397911072
data/cremad/audio/1069_ITS_FEA_XX.wav,1069_ITS_FEA_XX.wav,1069,train,4,fearful,4,fearful,0.8704501390457153
data/cremad/audio/1069_ITS_HAP_XX.wav,1069_ITS_HAP_XX.wav,1069,train,1,happy,1,happy,0.986684262752533
data/cremad/audio/1069_ITS_NEU_XX.wav,1069_ITS_NEU_XX.wav,1069,train,0,neutral,0,neutral,0.8833482265472412
data/cremad/audio/1069_ITS_SAD_XX.wav,1069_ITS_SAD_XX.wav,1069,train,2,sad,2,sad,0.782235860824585
data/cremad/audio/1069_IWL_ANG_XX.wav,1069_IWL_ANG_XX.wav,1069,train,3,angry,3,angry,0.9493361711502075
data/cremad/audio/1069_IWL_DIS_XX.wav,1069_IWL_DIS_XX.wav,1069,train,5,disgust,5,disgust,0.6990597248077393
data/cremad/audio/1069_IWL_FEA_XX.wav,1069_IWL_FEA_XX.wav,1069,train,4,fearful,4,fearful,0.6733397245407104
data/cremad/audio/1069_IWL_HAP_XX.wav,1069_IWL_HAP_XX.wav,1069,train,1,happy,1,happy,0.9739194512367249
data/cremad/audio/1069_IWL_NEU_XX.wav,1069_IWL_NEU_XX.wav,1069,train,0,neutral,1,happy,0.5058819055557251
data/cremad/audio/1069_IWL_SAD_XX.wav,1069_IWL_SAD_XX.wav,1069,train,2,sad,2,sad,0.5253808498382568
data/cremad/audio/1069_IWW_ANG_XX.wav,1069_IWW_ANG_XX.wav,1069,train,3,angry,3,angry,0.9965015649795532
data/cremad/audio/1069_IWW_DIS_XX.wav,1069_IWW_DIS_XX.wav,1069,train,5,disgust,1,happy,0.7578274607658386
data/cremad/audio/1069_IWW_FEA_XX.wav,1069_IWW_FEA_XX.wav,1069,train,4,fearful,4,fearful,0.7447524666786194
data/cremad/audio/1069_IWW_HAP_XX.wav,1069_IWW_HAP_XX.wav,1069,train,1,happy,1,happy,0.9734408259391785
data/cremad/audio/1069_IWW_NEU_XX.wav,1069_IWW_NEU_XX.wav,1069,train,0,neutral,0,neutral,0.9415944218635559
data/cremad/audio/1069_IWW_SAD_XX.wav,1069_IWW_SAD_XX.wav,1069,train,2,sad,2,sad,0.6025862693786621
data/cremad/audio/1069_MTI_ANG_XX.wav,1069_MTI_ANG_XX.wav,1069,train,3,angry,3,angry,0.9979189038276672
data/cremad/audio/1069_MTI_DIS_XX.wav,1069_MTI_DIS_XX.wav,1069,train,5,disgust,5,disgust,0.7061379551887512
data/cremad/audio/1069_MTI_FEA_XX.wav,1069_MTI_FEA_XX.wav,1069,train,4,fearful,4,fearful,0.6039808988571167
data/cremad/audio/1069_MTI_HAP_XX.wav,1069_MTI_HAP_XX.wav,1069,train,1,happy,1,happy,0.9858972430229187
data/cremad/audio/1069_MTI_NEU_XX.wav,1069_MTI_NEU_XX.wav,1069,train,0,neutral,0,neutral,0.9262775182723999
data/cremad/audio/1069_MTI_SAD_XX.wav,1069_MTI_SAD_XX.wav,1069,train,2,sad,2,sad,0.8473170399665833
data/cremad/audio/1069_TAI_ANG_XX.wav,1069_TAI_ANG_XX.wav,1069,train,3,angry,3,angry,0.7645484209060669
data/cremad/audio/1069_TAI_DIS_XX.wav,1069_TAI_DIS_XX.wav,1069,train,5,disgust,5,disgust,0.8406942486763
data/cremad/audio/1069_TAI_FEA_XX.wav,1069_TAI_FEA_XX.wav,1069,train,4,fearful,4,fearful,0.5631770491600037
data/cremad/audio/1069_TAI_HAP_XX.wav,1069_TAI_HAP_XX.wav,1069,train,1,happy,1,happy,0.9822750091552734
data/cremad/audio/1069_TAI_NEU_XX.wav,1069_TAI_NEU_XX.wav,1069,train,0,neutral,0,neutral,0.9812182784080505
data/cremad/audio/1069_TAI_SAD_XX.wav,1069_TAI_SAD_XX.wav,1069,train,2,sad,2,sad,0.8173729777336121
data/cremad/audio/1069_TIE_ANG_XX.wav,1069_TIE_ANG_XX.wav,1069,train,3,angry,3,angry,0.9693500399589539
data/cremad/audio/1069_TIE_DIS_XX.wav,1069_TIE_DIS_XX.wav,1069,train,5,disgust,5,disgust,0.41473597288131714
data/cremad/audio/1069_TIE_FEA_XX.wav,1069_TIE_FEA_XX.wav,1069,train,4,fearful,4,fearful,0.9839932918548584
data/cremad/audio/1069_TIE_HAP_XX.wav,1069_TIE_HAP_XX.wav,1069,train,1,happy,1,happy,0.9886947274208069
data/cremad/audio/1069_TIE_NEU_XX.wav,1069_TIE_NEU_XX.wav,1069,train,0,neutral,0,neutral,0.8003292679786682
data/cremad/audio/1069_TIE_SAD_XX.wav,1069_TIE_SAD_XX.wav,1069,train,2,sad,2,sad,0.848015546798706
data/cremad/audio/1069_TSI_ANG_XX.wav,1069_TSI_ANG_XX.wav,1069,train,3,angry,3,angry,0.9571347832679749
data/cremad/audio/1069_TSI_DIS_XX.wav,1069_TSI_DIS_XX.wav,1069,train,5,disgust,2,sad,0.4015011191368103
data/cremad/audio/1069_TSI_FEA_XX.wav,1069_TSI_FEA_XX.wav,1069,train,4,fearful,4,fearful,0.7068726420402527
data/cremad/audio/1069_TSI_HAP_XX.wav,1069_TSI_HAP_XX.wav,1069,train,1,happy,1,happy,0.7170369029045105
data/cremad/audio/1069_TSI_NEU_XX.wav,1069_TSI_NEU_XX.wav,1069,train,0,neutral,0,neutral,0.9315401911735535
data/cremad/audio/1069_TSI_SAD_XX.wav,1069_TSI_SAD_XX.wav,1069,train,2,sad,0,neutral,0.32195883989334106
data/cremad/audio/1069_WSI_ANG_XX.wav,1069_WSI_ANG_XX.wav,1069,train,3,angry,3,angry,0.9991579055786133
data/cremad/audio/1069_WSI_DIS_XX.wav,1069_WSI_DIS_XX.wav,1069,train,5,disgust,4,fearful,0.48088338971138
data/cremad/audio/1069_WSI_FEA_XX.wav,1069_WSI_FEA_XX.wav,1069,train,4,fearful,4,fearful,0.8044152855873108
data/cremad/audio/1069_WSI_HAP_XX.wav,1069_WSI_HAP_XX.wav,1069,train,1,happy,1,happy,0.9807836413383484
data/cremad/audio/1069_WSI_NEU_XX.wav,1069_WSI_NEU_XX.wav,1069,train,0,neutral,0,neutral,0.9483708143234253
data/cremad/audio/1069_WSI_SAD_XX.wav,1069_WSI_SAD_XX.wav,1069,train,2,sad,2,sad,0.5552462339401245
data/cremad/audio/1070_DFA_ANG_XX.wav,1070_DFA_ANG_XX.wav,1070,train,3,angry,3,angry,0.9666849970817566
data/cremad/audio/1070_DFA_DIS_XX.wav,1070_DFA_DIS_XX.wav,1070,train,5,disgust,5,disgust,0.8685869574546814
data/cremad/audio/1070_DFA_FEA_XX.wav,1070_DFA_FEA_XX.wav,1070,train,4,fearful,2,sad,0.42590099573135376
data/cremad/audio/1070_DFA_HAP_XX.wav,1070_DFA_HAP_XX.wav,1070,train,1,happy,1,happy,0.7914223074913025
data/cremad/audio/1070_DFA_NEU_XX.wav,1070_DFA_NEU_XX.wav,1070,train,0,neutral,0,neutral,0.9575178623199463
data/cremad/audio/1070_DFA_SAD_XX.wav,1070_DFA_SAD_XX.wav,1070,train,2,sad,0,neutral,0.8542765378952026
data/cremad/audio/1070_IEO_ANG_HI.wav,1070_IEO_ANG_HI.wav,1070,train,3,angry,3,angry,0.9873243570327759
data/cremad/audio/1070_IEO_ANG_LO.wav,1070_IEO_ANG_LO.wav,1070,train,3,angry,1,happy,0.3696843385696411
data/cremad/audio/1070_IEO_ANG_MD.wav,1070_IEO_ANG_MD.wav,1070,train,3,angry,5,disgust,0.7646158337593079
data/cremad/audio/1070_IEO_DIS_HI.wav,1070_IEO_DIS_HI.wav,1070,train,5,disgust,5,disgust,0.910087525844574
data/cremad/audio/1070_IEO_DIS_LO.wav,1070_IEO_DIS_LO.wav,1070,train,5,disgust,5,disgust,0.8778479695320129
data/cremad/audio/1070_IEO_DIS_MD.wav,1070_IEO_DIS_MD.wav,1070,train,5,disgust,5,disgust,0.7710733413696289
data/cremad/audio/1070_IEO_FEA_HI.wav,1070_IEO_FEA_HI.wav,1070,train,4,fearful,4,fearful,0.9439307451248169
data/cremad/audio/1070_IEO_FEA_LO.wav,1070_IEO_FEA_LO.wav,1070,train,4,fearful,1,happy,0.5394625663757324
data/cremad/audio/1070_IEO_FEA_MD.wav,1070_IEO_FEA_MD.wav,1070,train,4,fearful,4,fearful,0.9144122004508972
data/cremad/audio/1070_IEO_HAP_HI.wav,1070_IEO_HAP_HI.wav,1070,train,1,happy,1,happy,0.9633123874664307
data/cremad/audio/1070_IEO_HAP_LO.wav,1070_IEO_HAP_LO.wav,1070,train,1,happy,1,happy,0.9838849306106567
data/cremad/audio/1070_IEO_HAP_MD.wav,1070_IEO_HAP_MD.wav,1070,train,1,happy,1,happy,0.9870120882987976
data/cremad/audio/1070_IEO_NEU_XX.wav,1070_IEO_NEU_XX.wav,1070,train,0,neutral,0,neutral,0.7731027007102966
data/cremad/audio/1070_IEO_SAD_HI.wav,1070_IEO_SAD_HI.wav,1070,train,2,sad,2,sad,0.611120879650116
data/cremad/audio/1070_IEO_SAD_LO.wav,1070_IEO_SAD_LO.wav,1070,train,2,sad,4,fearful,0.5269641280174255
data/cremad/audio/1070_IEO_SAD_MD.wav,1070_IEO_SAD_MD.wav,1070,train,2,sad,4,fearful,0.6263374090194702
data/cremad/audio/1070_IOM_ANG_XX.wav,1070_IOM_ANG_XX.wav,1070,train,3,angry,3,angry,0.9815958142280579
data/cremad/audio/1070_IOM_DIS_XX.wav,1070_IOM_DIS_XX.wav,1070,train,5,disgust,1,happy,0.9040133357048035
data/cremad/audio/1070_IOM_FEA_XX.wav,1070_IOM_FEA_XX.wav,1070,train,4,fearful,4,fearful,0.7757099866867065
data/cremad/audio/1070_IOM_HAP_XX.wav,1070_IOM_HAP_XX.wav,1070,train,1,happy,1,happy,0.5444260835647583
data/cremad/audio/1070_IOM_NEU_XX.wav,1070_IOM_NEU_XX.wav,1070,train,0,neutral,0,neutral,0.8477757573127747
data/cremad/audio/1070_IOM_SAD_XX.wav,1070_IOM_SAD_XX.wav,1070,train,2,sad,2,sad,0.39004164934158325
data/cremad/audio/1070_ITH_ANG_XX.wav,1070_ITH_ANG_XX.wav,1070,train,3,angry,3,angry,0.9964725375175476
data/cremad/audio/1070_ITH_DIS_XX.wav,1070_ITH_DIS_XX.wav,1070,train,5,disgust,5,disgust,0.9358223676681519
data/cremad/audio/1070_ITH_FEA_XX.wav,1070_ITH_FEA_XX.wav,1070,train,4,fearful,2,sad,0.48349282145500183
data/cremad/audio/1070_ITH_HAP_XX.wav,1070_ITH_HAP_XX.wav,1070,train,1,happy,1,happy,0.722655713558197
data/cremad/audio/1070_ITH_NEU_XX.wav,1070_ITH_NEU_XX.wav,1070,train,0,neutral,0,neutral,0.916729748249054
data/cremad/audio/1070_ITH_SAD_XX.wav,1070_ITH_SAD_XX.wav,1070,train,2,sad,0,neutral,0.47950389981269836
data/cremad/audio/1070_ITS_ANG_XX.wav,1070_ITS_ANG_XX.wav,1070,train,3,angry,3,angry,0.9511148929595947
data/cremad/audio/1070_ITS_DIS_XX.wav,1070_ITS_DIS_XX.wav,1070,train,5,disgust,5,disgust,0.7832531332969666
data/cremad/audio/1070_ITS_FEA_XX.wav,1070_ITS_FEA_XX.wav,1070,train,4,fearful,4,fearful,0.7301926612854004
data/cremad/audio/1070_ITS_HAP_XX.wav,1070_ITS_HAP_XX.wav,1070,train,1,happy,1,happy,0.8433932065963745
data/cremad/audio/1070_ITS_NEU_XX.wav,1070_ITS_NEU_XX.wav,1070,train,0,neutral,0,neutral,0.969679057598114
data/cremad/audio/1070_ITS_SAD_XX.wav,1070_ITS_SAD_XX.wav,1070,train,2,sad,0,neutral,0.9337628483772278
data/cremad/audio/1070_IWL_ANG_XX.wav,1070_IWL_ANG_XX.wav,1070,train,3,angry,3,angry,0.9924722909927368
data/cremad/audio/1070_IWL_DIS_XX.wav,1070_IWL_DIS_XX.wav,1070,train,5,disgust,5,disgust,0.7681398391723633
data/cremad/audio/1070_IWL_FEA_XX.wav,1070_IWL_FEA_XX.wav,1070,train,4,fearful,4,fearful,0.4119771420955658
data/cremad/audio/1070_IWL_HAP_XX.wav,1070_IWL_HAP_XX.wav,1070,train,1,happy,1,happy,0.9663886427879333
data/cremad/audio/1070_IWL_NEU_XX.wav,1070_IWL_NEU_XX.wav,1070,train,0,neutral,0,neutral,0.9758368730545044
data/cremad/audio/1070_IWL_SAD_XX.wav,1070_IWL_SAD_XX.wav,1070,train,2,sad,0,neutral,0.4798915386199951
data/cremad/audio/1070_IWW_ANG_XX.wav,1070_IWW_ANG_XX.wav,1070,train,3,angry,3,angry,0.9851589798927307
data/cremad/audio/1070_IWW_DIS_XX.wav,1070_IWW_DIS_XX.wav,1070,train,5,disgust,5,disgust,0.6138882637023926
data/cremad/audio/1070_IWW_FEA_XX.wav,1070_IWW_FEA_XX.wav,1070,train,4,fearful,1,happy,0.7721949219703674
data/cremad/audio/1070_IWW_HAP_XX.wav,1070_IWW_HAP_XX.wav,1070,train,1,happy,1,happy,0.904697835445404
data/cremad/audio/1070_IWW_NEU_XX.wav,1070_IWW_NEU_XX.wav,1070,train,0,neutral,0,neutral,0.7477510571479797
data/cremad/audio/1070_IWW_SAD_XX.wav,1070_IWW_SAD_XX.wav,1070,train,2,sad,2,sad,0.5297595858573914
data/cremad/audio/1070_MTI_ANG_XX.wav,1070_MTI_ANG_XX.wav,1070,train,3,angry,3,angry,0.9776290655136108
data/cremad/audio/1070_MTI_DIS_XX.wav,1070_MTI_DIS_XX.wav,1070,train,5,disgust,5,disgust,0.690891444683075
data/cremad/audio/1070_MTI_FEA_XX.wav,1070_MTI_FEA_XX.wav,1070,train,4,fearful,4,fearful,0.8747447729110718
data/cremad/audio/1070_MTI_HAP_XX.wav,1070_MTI_HAP_XX.wav,1070,train,1,happy,1,happy,0.6022742986679077
data/cremad/audio/1070_MTI_NEU_XX.wav,1070_MTI_NEU_XX.wav,1070,train,0,neutral,0,neutral,0.7497014999389648
data/cremad/audio/1070_MTI_SAD_XX.wav,1070_MTI_SAD_XX.wav,1070,train,2,sad,4,fearful,0.37420421838760376
data/cremad/audio/1070_TAI_ANG_XX.wav,1070_TAI_ANG_XX.wav,1070,train,3,angry,3,angry,0.9863848090171814
data/cremad/audio/1070_TAI_DIS_XX.wav,1070_TAI_DIS_XX.wav,1070,train,5,disgust,5,disgust,0.9536977410316467
data/cremad/audio/1070_TAI_FEA_XX.wav,1070_TAI_FEA_XX.wav,1070,train,4,fearful,4,fearful,0.7954702973365784
data/cremad/audio/1070_TAI_HAP_XX.wav,1070_TAI_HAP_XX.wav,1070,train,1,happy,1,happy,0.4722736179828644
data/cremad/audio/1070_TAI_NEU_XX.wav,1070_TAI_NEU_XX.wav,1070,train,0,neutral,1,happy,0.6184437274932861
data/cremad/audio/1070_TAI_SAD_XX.wav,1070_TAI_SAD_XX.wav,1070,train,2,sad,0,neutral,0.5308851003646851
data/cremad/audio/1070_TIE_ANG_XX.wav,1070_TIE_ANG_XX.wav,1070,train,3,angry,3,angry,0.9948910474777222
data/cremad/audio/1070_TIE_DIS_XX.wav,1070_TIE_DIS_XX.wav,1070,train,5,disgust,5,disgust,0.8184600472450256
data/cremad/audio/1070_TIE_FEA_XX.wav,1070_TIE_FEA_XX.wav,1070,train,4,fearful,4,fearful,0.9364616274833679
data/cremad/audio/1070_TIE_HAP_XX.wav,1070_TIE_HAP_XX.wav,1070,train,1,happy,1,happy,0.8892702460289001
data/cremad/audio/1070_TIE_NEU_XX.wav,1070_TIE_NEU_XX.wav,1070,train,0,neutral,0,neutral,0.8220545649528503
data/cremad/audio/1070_TIE_SAD_XX.wav,1070_TIE_SAD_XX.wav,1070,train,2,sad,2,sad,0.6608824729919434
data/cremad/audio/1070_TSI_ANG_XX.wav,1070_TSI_ANG_XX.wav,1070,train,3,angry,3,angry,0.9516563415527344
data/cremad/audio/1070_TSI_DIS_XX.wav,1070_TSI_DIS_XX.wav,1070,train,5,disgust,5,disgust,0.7215079665184021
data/cremad/audio/1070_TSI_FEA_XX.wav,1070_TSI_FEA_XX.wav,1070,train,4,fearful,4,fearful,0.9010845422744751
data/cremad/audio/1070_TSI_HAP_XX.wav,1070_TSI_HAP_XX.wav,1070,train,1,happy,1,happy,0.6980000734329224
data/cremad/audio/1070_TSI_NEU_XX.wav,1070_TSI_NEU_XX.wav,1070,train,0,neutral,0,neutral,0.9613021612167358
data/cremad/audio/1070_TSI_SAD_XX.wav,1070_TSI_SAD_XX.wav,1070,train,2,sad,0,neutral,0.3472422659397125
data/cremad/audio/1070_WSI_ANG_XX.wav,1070_WSI_ANG_XX.wav,1070,train,3,angry,3,angry,0.9757444858551025
data/cremad/audio/1070_WSI_DIS_XX.wav,1070_WSI_DIS_XX.wav,1070,train,5,disgust,5,disgust,0.8068069219589233
data/cremad/audio/1070_WSI_FEA_XX.wav,1070_WSI_FEA_XX.wav,1070,train,4,fearful,4,fearful,0.9180446267127991
data/cremad/audio/1070_WSI_HAP_XX.wav,1070_WSI_HAP_XX.wav,1070,train,1,happy,1,happy,0.9485010504722595
data/cremad/audio/1070_WSI_NEU_XX.wav,1070_WSI_NEU_XX.wav,1070,train,0,neutral,0,neutral,0.8755177855491638
data/cremad/audio/1070_WSI_SAD_XX.wav,1070_WSI_SAD_XX.wav,1070,train,2,sad,0,neutral,0.42382293939590454
data/cremad/audio/1071_DFA_ANG_XX.wav,1071_DFA_ANG_XX.wav,1071,train,3,angry,5,disgust,0.5527772307395935
data/cremad/audio/1071_DFA_DIS_XX.wav,1071_DFA_DIS_XX.wav,1071,train,5,disgust,5,disgust,0.9044600129127502
data/cremad/audio/1071_DFA_FEA_XX.wav,1071_DFA_FEA_XX.wav,1071,train,4,fearful,1,happy,0.5659475326538086
data/cremad/audio/1071_DFA_HAP_XX.wav,1071_DFA_HAP_XX.wav,1071,train,1,happy,1,happy,0.7751940488815308
data/cremad/audio/1071_DFA_NEU_XX.wav,1071_DFA_NEU_XX.wav,1071,train,0,neutral,0,neutral,0.9008188247680664
data/cremad/audio/1071_DFA_SAD_XX.wav,1071_DFA_SAD_XX.wav,1071,train,2,sad,2,sad,0.830339789390564
data/cremad/audio/1071_IEO_ANG_HI.wav,1071_IEO_ANG_HI.wav,1071,train,3,angry,3,angry,0.7792242169380188
data/cremad/audio/1071_IEO_ANG_LO.wav,1071_IEO_ANG_LO.wav,1071,train,3,angry,3,angry,0.7348595857620239
data/cremad/audio/1071_IEO_ANG_MD.wav,1071_IEO_ANG_MD.wav,1071,train,3,angry,3,angry,0.7515803575515747
data/cremad/audio/1071_IEO_DIS_HI.wav,1071_IEO_DIS_HI.wav,1071,train,5,disgust,5,disgust,0.8935878872871399
data/cremad/audio/1071_IEO_DIS_LO.wav,1071_IEO_DIS_LO.wav,1071,train,5,disgust,2,sad,0.44953975081443787
data/cremad/audio/1071_IEO_DIS_MD.wav,1071_IEO_DIS_MD.wav,1071,train,5,disgust,5,disgust,0.8843676447868347
data/cremad/audio/1071_IEO_FEA_HI.wav,1071_IEO_FEA_HI.wav,1071,train,4,fearful,1,happy,0.3490304946899414
data/cremad/audio/1071_IEO_FEA_LO.wav,1071_IEO_FEA_LO.wav,1071,train,4,fearful,2,sad,0.4738937318325043
data/cremad/audio/1071_IEO_FEA_MD.wav,1071_IEO_FEA_MD.wav,1071,train,4,fearful,2,sad,0.41756871342658997
data/cremad/audio/1071_IEO_HAP_HI.wav,1071_IEO_HAP_HI.wav,1071,train,1,happy,3,angry,0.49644047021865845
data/cremad/audio/1071_IEO_HAP_LO.wav,1071_IEO_HAP_LO.wav,1071,train,1,happy,1,happy,0.8218936920166016
data/cremad/audio/1071_IEO_HAP_MD.wav,1071_IEO_HAP_MD.wav,1071,train,1,happy,1,happy,0.6386712193489075
data/cremad/audio/1071_IEO_NEU_XX.wav,1071_IEO_NEU_XX.wav,1071,train,0,neutral,0,neutral,0.8083449006080627
data/cremad/audio/1071_IEO_SAD_HI.wav,1071_IEO_SAD_HI.wav,1071,train,2,sad,2,sad,0.369262158870697
data/cremad/audio/1071_IEO_SAD_LO.wav,1071_IEO_SAD_LO.wav,1071,train,2,sad,2,sad,0.9154901504516602
data/cremad/audio/1071_IEO_SAD_MD.wav,1071_IEO_SAD_MD.wav,1071,train,2,sad,2,sad,0.698562741279602
data/cremad/audio/1071_IOM_ANG_XX.wav,1071_IOM_ANG_XX.wav,1071,train,3,angry,3,angry,0.6835070848464966
data/cremad/audio/1071_IOM_DIS_XX.wav,1071_IOM_DIS_XX.wav,1071,train,5,disgust,5,disgust,0.7438102960586548
data/cremad/audio/1071_IOM_FEA_XX.wav,1071_IOM_FEA_XX.wav,1071,train,4,fearful,2,sad,0.8303608298301697
data/cremad/audio/1071_IOM_HAP_XX.wav,1071_IOM_HAP_XX.wav,1071,train,1,happy,1,happy,0.868120551109314
data/cremad/audio/1071_IOM_NEU_XX.wav,1071_IOM_NEU_XX.wav,1071,train,0,neutral,0,neutral,0.8912309408187866
data/cremad/audio/1071_IOM_SAD_XX.wav,1071_IOM_SAD_XX.wav,1071,train,2,sad,2,sad,0.6207287907600403
data/cremad/audio/1071_ITH_ANG_XX.wav,1071_ITH_ANG_XX.wav,1071,train,3,angry,5,disgust,0.6720237731933594
data/cremad/audio/1071_ITH_DIS_XX.wav,1071_ITH_DIS_XX.wav,1071,train,5,disgust,2,sad,0.7165577411651611
data/cremad/audio/1071_ITH_FEA_XX.wav,1071_ITH_FEA_XX.wav,1071,train,4,fearful,4,fearful,0.9246512651443481
data/cremad/audio/1071_ITH_HAP_XX.wav,1071_ITH_HAP_XX.wav,1071,train,1,happy,1,happy,0.9661778211593628
data/cremad/audio/1071_ITH_NEU_XX.wav,1071_ITH_NEU_XX.wav,1071,train,0,neutral,0,neutral,0.772625207901001
data/cremad/audio/1071_ITH_SAD_XX.wav,1071_ITH_SAD_XX.wav,1071,train,2,sad,2,sad,0.8917956352233887
data/cremad/audio/1071_ITS_ANG_XX.wav,1071_ITS_ANG_XX.wav,1071,train,3,angry,1,happy,0.5783236026763916
data/cremad/audio/1071_ITS_DIS_XX.wav,1071_ITS_DIS_XX.wav,1071,train,5,disgust,2,sad,0.6925573348999023
data/cremad/audio/1071_ITS_FEA_XX.wav,1071_ITS_FEA_XX.wav,1071,train,4,fearful,4,fearful,0.9593746662139893
data/cremad/audio/1071_ITS_HAP_XX.wav,1071_ITS_HAP_XX.wav,1071,train,1,happy,1,happy,0.9186249375343323
data/cremad/audio/1071_ITS_NEU_XX.wav,1071_ITS_NEU_XX.wav,1071,train,0,neutral,0,neutral,0.6181610226631165
data/cremad/audio/1071_ITS_SAD_XX.wav,1071_ITS_SAD_XX.wav,1071,train,2,sad,2,sad,0.7103031277656555
data/cremad/audio/1071_IWL_ANG_XX.wav,1071_IWL_ANG_XX.wav,1071,train,3,angry,3,angry,0.9626004099845886
data/cremad/audio/1071_IWL_DIS_XX.wav,1071_IWL_DIS_XX.wav,1071,train,5,disgust,5,disgust,0.6552808284759521
data/cremad/audio/1071_IWL_FEA_XX.wav,1071_IWL_FEA_XX.wav,1071,train,4,fearful,4,fearful,0.9340662360191345
data/cremad/audio/1071_IWL_HAP_XX.wav,1071_IWL_HAP_XX.wav,1071,train,1,happy,1,happy,0.7139698266983032
data/cremad/audio/1071_IWL_NEU_XX.wav,1071_IWL_NEU_XX.wav,1071,train,0,neutral,0,neutral,0.8809005618095398
data/cremad/audio/1071_IWL_SAD_XX.wav,1071_IWL_SAD_XX.wav,1071,train,2,sad,0,neutral,0.551766037940979
data/cremad/audio/1071_IWW_ANG_XX.wav,1071_IWW_ANG_XX.wav,1071,train,3,angry,0,neutral,0.6672989726066589
data/cremad/audio/1071_IWW_DIS_XX.wav,1071_IWW_DIS_XX.wav,1071,train,5,disgust,2,sad,0.7663968801498413
data/cremad/audio/1071_IWW_FEA_XX.wav,1071_IWW_FEA_XX.wav,1071,train,4,fearful,2,sad,0.7890788912773132
data/cremad/audio/1071_IWW_HAP_XX.wav,1071_IWW_HAP_XX.wav,1071,train,1,happy,4,fearful,0.729619026184082
data/cremad/audio/1071_IWW_NEU_XX.wav,1071_IWW_NEU_XX.wav,1071,train,0,neutral,0,neutral,0.8752551078796387
data/cremad/audio/1071_IWW_SAD_XX.wav,1071_IWW_SAD_XX.wav,1071,train,2,sad,2,sad,0.8642416596412659
data/cremad/audio/1071_MTI_ANG_XX.wav,1071_MTI_ANG_XX.wav,1071,train,3,angry,3,angry,0.49945974349975586
data/cremad/audio/1071_MTI_DIS_XX.wav,1071_MTI_DIS_XX.wav,1071,train,5,disgust,5,disgust,0.7018412351608276
data/cremad/audio/1071_MTI_FEA_XX.wav,1071_MTI_FEA_XX.wav,1071,train,4,fearful,4,fearful,0.958670437335968
data/cremad/audio/1071_MTI_HAP_XX.wav,1071_MTI_HAP_XX.wav,1071,train,1,happy,1,happy,0.8544906973838806
data/cremad/audio/1071_MTI_NEU_XX.wav,1071_MTI_NEU_XX.wav,1071,train,0,neutral,0,neutral,0.9951545000076294
data/cremad/audio/1071_MTI_SAD_XX.wav,1071_MTI_SAD_XX.wav,1071,train,2,sad,2,sad,0.8940029740333557
data/cremad/audio/1071_TAI_ANG_XX.wav,1071_TAI_ANG_XX.wav,1071,train,3,angry,5,disgust,0.5699119567871094
data/cremad/audio/1071_TAI_DIS_XX.wav,1071_TAI_DIS_XX.wav,1071,train,5,disgust,5,disgust,0.47900283336639404
data/cremad/audio/1071_TAI_FEA_XX.wav,1071_TAI_FEA_XX.wav,1071,train,4,fearful,2,sad,0.7688449621200562
data/cremad/audio/1071_TAI_HAP_XX.wav,1071_TAI_HAP_XX.wav,1071,train,1,happy,1,happy,0.7012739181518555
data/cremad/audio/1071_TAI_NEU_XX.wav,1071_TAI_NEU_XX.wav,1071,train,0,neutral,0,neutral,0.8614248037338257
data/cremad/audio/1071_TAI_SAD_XX.wav,1071_TAI_SAD_XX.wav,1071,train,2,sad,2,sad,0.8354927897453308
data/cremad/audio/1071_TIE_ANG_XX.wav,1071_TIE_ANG_XX.wav,1071,train,3,angry,3,angry,0.47710466384887695
data/cremad/audio/1071_TIE_DIS_XX.wav,1071_TIE_DIS_XX.wav,1071,train,5,disgust,2,sad,0.5757818818092346
data/cremad/audio/1071_TIE_FEA_XX.wav,1071_TIE_FEA_XX.wav,1071,train,4,fearful,0,neutral,0.8279344439506531
data/cremad/audio/1071_TIE_HAP_XX.wav,1071_TIE_HAP_XX.wav,1071,train,1,happy,1,happy,0.5944004654884338
data/cremad/audio/1071_TIE_NEU_XX.wav,1071_TIE_NEU_XX.wav,1071,train,0,neutral,1,happy,0.4666236340999603
data/cremad/audio/1071_TIE_SAD_XX.wav,1071_TIE_SAD_XX.wav,1071,train,2,sad,2,sad,0.7792309522628784
data/cremad/audio/1071_TSI_ANG_XX.wav,1071_TSI_ANG_XX.wav,1071,train,3,angry,3,angry,0.9266766905784607
data/cremad/audio/1071_TSI_DIS_XX.wav,1071_TSI_DIS_XX.wav,1071,train,5,disgust,5,disgust,0.8720353841781616
data/cremad/audio/1071_TSI_FEA_XX.wav,1071_TSI_FEA_XX.wav,1071,train,4,fearful,4,fearful,0.9393914937973022
data/cremad/audio/1071_TSI_HAP_XX.wav,1071_TSI_HAP_XX.wav,1071,train,1,happy,3,angry,0.6261877417564392
data/cremad/audio/1071_TSI_NEU_XX.wav,1071_TSI_NEU_XX.wav,1071,train,0,neutral,0,neutral,0.9670065641403198
data/cremad/audio/1071_TSI_SAD_XX.wav,1071_TSI_SAD_XX.wav,1071,train,2,sad,2,sad,0.7321563959121704
data/cremad/audio/1071_WSI_ANG_XX.wav,1071_WSI_ANG_XX.wav,1071,train,3,angry,3,angry,0.5741239786148071
data/cremad/audio/1071_WSI_DIS_XX.wav,1071_WSI_DIS_XX.wav,1071,train,5,disgust,2,sad,0.8054295182228088
data/cremad/audio/1071_WSI_FEA_XX.wav,1071_WSI_FEA_XX.wav,1071,train,4,fearful,1,happy,0.7818865776062012
data/cremad/audio/1071_WSI_HAP_XX.wav,1071_WSI_HAP_XX.wav,1071,train,1,happy,1,happy,0.9672461748123169
data/cremad/audio/1071_WSI_NEU_XX.wav,1071_WSI_NEU_XX.wav,1071,train,0,neutral,0,neutral,0.9742081165313721
data/cremad/audio/1071_WSI_SAD_XX.wav,1071_WSI_SAD_XX.wav,1071,train,2,sad,2,sad,0.6858935952186584
data/cremad/audio/1072_DFA_ANG_XX.wav,1072_DFA_ANG_XX.wav,1072,train,3,angry,3,angry,0.7277688980102539
data/cremad/audio/1072_DFA_DIS_XX.wav,1072_DFA_DIS_XX.wav,1072,train,5,disgust,5,disgust,0.889252245426178
data/cremad/audio/1072_DFA_FEA_XX.wav,1072_DFA_FEA_XX.wav,1072,train,4,fearful,4,fearful,0.8092344999313354
data/cremad/audio/1072_DFA_HAP_XX.wav,1072_DFA_HAP_XX.wav,1072,train,1,happy,1,happy,0.8245453834533691
data/cremad/audio/1072_DFA_NEU_XX.wav,1072_DFA_NEU_XX.wav,1072,train,0,neutral,0,neutral,0.9198259115219116
data/cremad/audio/1072_DFA_SAD_XX.wav,1072_DFA_SAD_XX.wav,1072,train,2,sad,2,sad,0.6467620134353638
data/cremad/audio/1072_IEO_ANG_HI.wav,1072_IEO_ANG_HI.wav,1072,train,3,angry,3,angry,0.9445339441299438
data/cremad/audio/1072_IEO_ANG_LO.wav,1072_IEO_ANG_LO.wav,1072,train,3,angry,3,angry,0.5079246163368225
data/cremad/audio/1072_IEO_ANG_MD.wav,1072_IEO_ANG_MD.wav,1072,train,3,angry,3,angry,0.9708338975906372
data/cremad/audio/1072_IEO_DIS_HI.wav,1072_IEO_DIS_HI.wav,1072,train,5,disgust,5,disgust,0.6834788918495178
data/cremad/audio/1072_IEO_DIS_LO.wav,1072_IEO_DIS_LO.wav,1072,train,5,disgust,5,disgust,0.7241811752319336
data/cremad/audio/1072_IEO_DIS_MD.wav,1072_IEO_DIS_MD.wav,1072,train,5,disgust,5,disgust,0.5397011041641235
data/cremad/audio/1072_IEO_FEA_HI.wav,1072_IEO_FEA_HI.wav,1072,train,4,fearful,4,fearful,0.851886510848999
data/cremad/audio/1072_IEO_FEA_LO.wav,1072_IEO_FEA_LO.wav,1072,train,4,fearful,4,fearful,0.9725242257118225
data/cremad/audio/1072_IEO_FEA_MD.wav,1072_IEO_FEA_MD.wav,1072,train,4,fearful,4,fearful,0.626634418964386
data/cremad/audio/1072_IEO_HAP_HI.wav,1072_IEO_HAP_HI.wav,1072,train,1,happy,1,happy,0.9800248742103577
data/cremad/audio/1072_IEO_HAP_LO.wav,1072_IEO_HAP_LO.wav,1072,train,1,happy,1,happy,0.9888826012611389
data/cremad/audio/1072_IEO_HAP_MD.wav,1072_IEO_HAP_MD.wav,1072,train,1,happy,1,happy,0.9141441583633423
data/cremad/audio/1072_IEO_NEU_XX.wav,1072_IEO_NEU_XX.wav,1072,train,0,neutral,0,neutral,0.9629705548286438
data/cremad/audio/1072_IEO_SAD_HI.wav,1072_IEO_SAD_HI.wav,1072,train,2,sad,2,sad,0.5344540476799011
data/cremad/audio/1072_IEO_SAD_LO.wav,1072_IEO_SAD_LO.wav,1072,train,2,sad,2,sad,0.7426698803901672
data/cremad/audio/1072_IEO_SAD_MD.wav,1072_IEO_SAD_MD.wav,1072,train,2,sad,4,fearful,0.36304473876953125
data/cremad/audio/1072_IOM_ANG_XX.wav,1072_IOM_ANG_XX.wav,1072,train,3,angry,3,angry,0.9886605739593506
data/cremad/audio/1072_IOM_DIS_XX.wav,1072_IOM_DIS_XX.wav,1072,train,5,disgust,5,disgust,0.4040142297744751
data/cremad/audio/1072_IOM_FEA_XX.wav,1072_IOM_FEA_XX.wav,1072,train,4,fearful,4,fearful,0.907964825630188
data/cremad/audio/1072_IOM_HAP_XX.wav,1072_IOM_HAP_XX.wav,1072,train,1,happy,1,happy,0.9189115762710571
data/cremad/audio/1072_IOM_NEU_XX.wav,1072_IOM_NEU_XX.wav,1072,train,0,neutral,0,neutral,0.8514153361320496
data/cremad/audio/1072_IOM_SAD_XX.wav,1072_IOM_SAD_XX.wav,1072,train,2,sad,2,sad,0.793610155582428
data/cremad/audio/1072_ITH_ANG_XX.wav,1072_ITH_ANG_XX.wav,1072,train,3,angry,5,disgust,0.7478293776512146
data/cremad/audio/1072_ITH_DIS_XX.wav,1072_ITH_DIS_XX.wav,1072,train,5,disgust,1,happy,0.4733678102493286
data/cremad/audio/1072_ITH_FEA_XX.wav,1072_ITH_FEA_XX.wav,1072,train,4,fearful,4,fearful,0.7423667907714844
data/cremad/audio/1072_ITH_HAP_XX.wav,1072_ITH_HAP_XX.wav,1072,train,1,happy,1,happy,0.8893532752990723
data/cremad/audio/1072_ITH_NEU_XX.wav,1072_ITH_NEU_XX.wav,1072,train,0,neutral,0,neutral,0.9940910935401917
data/cremad/audio/1072_ITH_SAD_XX.wav,1072_ITH_SAD_XX.wav,1072,train,2,sad,0,neutral,0.7295666933059692
data/cremad/audio/1072_ITS_ANG_XX.wav,1072_ITS_ANG_XX.wav,1072,train,3,angry,3,angry,0.9364886283874512
data/cremad/audio/1072_ITS_DIS_XX.wav,1072_ITS_DIS_XX.wav,1072,train,5,disgust,5,disgust,0.8324074745178223
data/cremad/audio/1072_ITS_FEA_XX.wav,1072_ITS_FEA_XX.wav,1072,train,4,fearful,4,fearful,0.9942838549613953
data/cremad/audio/1072_ITS_HAP_XX.wav,1072_ITS_HAP_XX.wav,1072,train,1,happy,1,happy,0.9562706351280212
data/cremad/audio/1072_ITS_NEU_XX.wav,1072_ITS_NEU_XX.wav,1072,train,0,neutral,0,neutral,0.9957005381584167
data/cremad/audio/1072_ITS_SAD_XX.wav,1072_ITS_SAD_XX.wav,1072,train,2,sad,4,fearful,0.7380630373954773
data/cremad/audio/1072_IWL_ANG_XX.wav,1072_IWL_ANG_XX.wav,1072,train,3,angry,3,angry,0.9940446019172668
data/cremad/audio/1072_IWL_DIS_XX.wav,1072_IWL_DIS_XX.wav,1072,train,5,disgust,5,disgust,0.9357859492301941
data/cremad/audio/1072_IWL_FEA_XX.wav,1072_IWL_FEA_XX.wav,1072,train,4,fearful,4,fearful,0.9510902166366577
data/cremad/audio/1072_IWL_HAP_XX.wav,1072_IWL_HAP_XX.wav,1072,train,1,happy,1,happy,0.9915717840194702
data/cremad/audio/1072_IWL_NEU_XX.wav,1072_IWL_NEU_XX.wav,1072,train,0,neutral,0,neutral,0.9894503951072693
data/cremad/audio/1072_IWL_SAD_XX.wav,1072_IWL_SAD_XX.wav,1072,train,2,sad,0,neutral,0.597664475440979
data/cremad/audio/1072_IWW_ANG_XX.wav,1072_IWW_ANG_XX.wav,1072,train,3,angry,3,angry,0.9725878238677979
data/cremad/audio/1072_IWW_DIS_XX.wav,1072_IWW_DIS_XX.wav,1072,train,5,disgust,5,disgust,0.3723551630973816
data/cremad/audio/1072_IWW_FEA_XX.wav,1072_IWW_FEA_XX.wav,1072,train,4,fearful,4,fearful,0.9796558618545532
data/cremad/audio/1072_IWW_HAP_XX.wav,1072_IWW_HAP_XX.wav,1072,train,1,happy,1,happy,0.849025309085846
data/cremad/audio/1072_IWW_NEU_XX.wav,1072_IWW_NEU_XX.wav,1072,train,0,neutral,0,neutral,0.8980717658996582
data/cremad/audio/1072_IWW_SAD_XX.wav,1072_IWW_SAD_XX.wav,1072,train,2,sad,2,sad,0.4840712547302246
data/cremad/audio/1072_MTI_ANG_XX.wav,1072_MTI_ANG_XX.wav,1072,train,3,angry,3,angry,0.8839558959007263
data/cremad/audio/1072_MTI_DIS_XX.wav,1072_MTI_DIS_XX.wav,1072,train,5,disgust,5,disgust,0.8178403377532959
data/cremad/audio/1072_MTI_FEA_XX.wav,1072_MTI_FEA_XX.wav,1072,train,4,fearful,4,fearful,0.9141553640365601
data/cremad/audio/1072_MTI_HAP_XX.wav,1072_MTI_HAP_XX.wav,1072,train,1,happy,1,happy,0.9834453463554382
data/cremad/audio/1072_MTI_NEU_XX.wav,1072_MTI_NEU_XX.wav,1072,train,0,neutral,0,neutral,0.9944865107536316
data/cremad/audio/1072_MTI_SAD_XX.wav,1072_MTI_SAD_XX.wav,1072,train,2,sad,2,sad,0.5438694953918457
data/cremad/audio/1072_TAI_ANG_XX.wav,1072_TAI_ANG_XX.wav,1072,train,3,angry,3,angry,0.9954047203063965
data/cremad/audio/1072_TAI_DIS_XX.wav,1072_TAI_DIS_XX.wav,1072,train,5,disgust,0,neutral,0.41261547803878784
data/cremad/audio/1072_TAI_FEA_XX.wav,1072_TAI_FEA_XX.wav,1072,train,4,fearful,4,fearful,0.8110703825950623
data/cremad/audio/1072_TAI_HAP_XX.wav,1072_TAI_HAP_XX.wav,1072,train,1,happy,1,happy,0.9251379370689392
data/cremad/audio/1072_TAI_NEU_XX.wav,1072_TAI_NEU_XX.wav,1072,train,0,neutral,0,neutral,0.9750467538833618
data/cremad/audio/1072_TAI_SAD_XX.wav,1072_TAI_SAD_XX.wav,1072,train,2,sad,4,fearful,0.6245319247245789
data/cremad/audio/1072_TIE_ANG_XX.wav,1072_TIE_ANG_XX.wav,1072,train,3,angry,3,angry,0.8365368247032166
data/cremad/audio/1072_TIE_DIS_XX.wav,1072_TIE_DIS_XX.wav,1072,train,5,disgust,5,disgust,0.9713152647018433
data/cremad/audio/1072_TIE_FEA_XX.wav,1072_TIE_FEA_XX.wav,1072,train,4,fearful,4,fearful,0.9495924711227417
data/cremad/audio/1072_TIE_HAP_XX.wav,1072_TIE_HAP_XX.wav,1072,train,1,happy,1,happy,0.9772503972053528
data/cremad/audio/1072_TIE_NEU_XX.wav,1072_TIE_NEU_XX.wav,1072,train,0,neutral,0,neutral,0.9112002849578857
data/cremad/audio/1072_TIE_SAD_XX.wav,1072_TIE_SAD_XX.wav,1072,train,2,sad,2,sad,0.659012496471405
data/cremad/audio/1072_TSI_ANG_XX.wav,1072_TSI_ANG_XX.wav,1072,train,3,angry,3,angry,0.924948513507843
data/cremad/audio/1072_TSI_DIS_XX.wav,1072_TSI_DIS_XX.wav,1072,train,5,disgust,5,disgust,0.6314986348152161
data/cremad/audio/1072_TSI_FEA_XX.wav,1072_TSI_FEA_XX.wav,1072,train,4,fearful,4,fearful,0.9379798769950867
data/cremad/audio/1072_TSI_HAP_XX.wav,1072_TSI_HAP_XX.wav,1072,train,1,happy,1,happy,0.9258992075920105
data/cremad/audio/1072_TSI_NEU_XX.wav,1072_TSI_NEU_XX.wav,1072,train,0,neutral,0,neutral,0.9620179533958435
data/cremad/audio/1072_TSI_SAD_XX.wav,1072_TSI_SAD_XX.wav,1072,train,2,sad,4,fearful,0.5377328991889954
data/cremad/audio/1072_WSI_ANG_XX.wav,1072_WSI_ANG_XX.wav,1072,train,3,angry,3,angry,0.8704407215118408
data/cremad/audio/1072_WSI_DIS_XX.wav,1072_WSI_DIS_XX.wav,1072,train,5,disgust,5,disgust,0.8961958289146423
data/cremad/audio/1072_WSI_FEA_XX.wav,1072_WSI_FEA_XX.wav,1072,train,4,fearful,4,fearful,0.989929735660553
data/cremad/audio/1072_WSI_HAP_XX.wav,1072_WSI_HAP_XX.wav,1072,train,1,happy,1,happy,0.9190645217895508
data/cremad/audio/1072_WSI_NEU_XX.wav,1072_WSI_NEU_XX.wav,1072,train,0,neutral,0,neutral,0.990278422832489
data/cremad/audio/1072_WSI_SAD_XX.wav,1072_WSI_SAD_XX.wav,1072,train,2,sad,2,sad,0.6625163555145264
data/cremad/audio/1073_DFA_ANG_XX.wav,1073_DFA_ANG_XX.wav,1073,train,3,angry,3,angry,0.9871560335159302
data/cremad/audio/1073_DFA_DIS_XX.wav,1073_DFA_DIS_XX.wav,1073,train,5,disgust,5,disgust,0.5160911679267883
data/cremad/audio/1073_DFA_FEA_XX.wav,1073_DFA_FEA_XX.wav,1073,train,4,fearful,4,fearful,0.8513126373291016
data/cremad/audio/1073_DFA_HAP_XX.wav,1073_DFA_HAP_XX.wav,1073,train,1,happy,1,happy,0.9199017286300659
data/cremad/audio/1073_DFA_NEU_XX.wav,1073_DFA_NEU_XX.wav,1073,train,0,neutral,0,neutral,0.853918194770813
data/cremad/audio/1073_DFA_SAD_XX.wav,1073_DFA_SAD_XX.wav,1073,train,2,sad,0,neutral,0.7037054300308228
data/cremad/audio/1073_IEO_ANG_HI.wav,1073_IEO_ANG_HI.wav,1073,train,3,angry,3,angry,0.9964132905006409
data/cremad/audio/1073_IEO_ANG_LO.wav,1073_IEO_ANG_LO.wav,1073,train,3,angry,3,angry,0.9959294199943542
data/cremad/audio/1073_IEO_ANG_MD.wav,1073_IEO_ANG_MD.wav,1073,train,3,angry,3,angry,0.9773253202438354
data/cremad/audio/1073_IEO_DIS_HI.wav,1073_IEO_DIS_HI.wav,1073,train,5,disgust,5,disgust,0.8721227645874023
data/cremad/audio/1073_IEO_DIS_LO.wav,1073_IEO_DIS_LO.wav,1073,train,5,disgust,5,disgust,0.8705745935440063
data/cremad/audio/1073_IEO_DIS_MD.wav,1073_IEO_DIS_MD.wav,1073,train,5,disgust,5,disgust,0.8497709035873413
data/cremad/audio/1073_IEO_FEA_HI.wav,1073_IEO_FEA_HI.wav,1073,train,4,fearful,4,fearful,0.8017796277999878
data/cremad/audio/1073_IEO_FEA_LO.wav,1073_IEO_FEA_LO.wav,1073,train,4,fearful,4,fearful,0.46447402238845825
data/cremad/audio/1073_IEO_FEA_MD.wav,1073_IEO_FEA_MD.wav,1073,train,4,fearful,5,disgust,0.39061444997787476
data/cremad/audio/1073_IEO_HAP_HI.wav,1073_IEO_HAP_HI.wav,1073,train,1,happy,1,happy,0.8600965738296509
data/cremad/audio/1073_IEO_HAP_LO.wav,1073_IEO_HAP_LO.wav,1073,train,1,happy,1,happy,0.9738085865974426
data/cremad/audio/1073_IEO_HAP_MD.wav,1073_IEO_HAP_MD.wav,1073,train,1,happy,1,happy,0.36276939511299133
data/cremad/audio/1073_IEO_NEU_XX.wav,1073_IEO_NEU_XX.wav,1073,train,0,neutral,0,neutral,0.9058967232704163
data/cremad/audio/1073_IEO_SAD_HI.wav,1073_IEO_SAD_HI.wav,1073,train,2,sad,5,disgust,0.4564879536628723
data/cremad/audio/1073_IEO_SAD_LO.wav,1073_IEO_SAD_LO.wav,1073,train,2,sad,2,sad,0.6061897873878479
data/cremad/audio/1073_IEO_SAD_MD.wav,1073_IEO_SAD_MD.wav,1073,train,2,sad,2,sad,0.6582101583480835
data/cremad/audio/1073_IOM_ANG_XX.wav,1073_IOM_ANG_XX.wav,1073,train,3,angry,3,angry,0.9650726318359375
data/cremad/audio/1073_IOM_DIS_XX.wav,1073_IOM_DIS_XX.wav,1073,train,5,disgust,5,disgust,0.4538242816925049
data/cremad/audio/1073_IOM_FEA_XX.wav,1073_IOM_FEA_XX.wav,1073,train,4,fearful,4,fearful,0.4605018198490143
data/cremad/audio/1073_IOM_HAP_XX.wav,1073_IOM_HAP_XX.wav,1073,train,1,happy,1,happy,0.4105331599712372
data/cremad/audio/1073_IOM_NEU_XX.wav,1073_IOM_NEU_XX.wav,1073,train,0,neutral,0,neutral,0.6400870680809021
data/cremad/audio/1073_IOM_SAD_XX.wav,1073_IOM_SAD_XX.wav,1073,train,2,sad,0,neutral,0.7556958794593811
data/cremad/audio/1073_ITH_ANG_XX.wav,1073_ITH_ANG_XX.wav,1073,train,3,angry,3,angry,0.9421828389167786
data/cremad/audio/1073_ITH_DIS_XX.wav,1073_ITH_DIS_XX.wav,1073,train,5,disgust,5,disgust,0.8848334550857544
data/cremad/audio/1073_ITH_FEA_XX.wav,1073_ITH_FEA_XX.wav,1073,train,4,fearful,4,fearful,0.47382044792175293
data/cremad/audio/1073_ITH_HAP_XX.wav,1073_ITH_HAP_XX.wav,1073,train,1,happy,1,happy,0.828031063079834
data/cremad/audio/1073_ITH_NEU_XX.wav,1073_ITH_NEU_XX.wav,1073,train,0,neutral,0,neutral,0.7600937485694885
data/cremad/audio/1073_ITH_SAD_XX.wav,1073_ITH_SAD_XX.wav,1073,train,2,sad,0,neutral,0.47014161944389343
data/cremad/audio/1073_ITS_ANG_XX.wav,1073_ITS_ANG_XX.wav,1073,train,3,angry,3,angry,0.93238765001297
data/cremad/audio/1073_ITS_DIS_XX.wav,1073_ITS_DIS_XX.wav,1073,train,5,disgust,5,disgust,0.9396311640739441
data/cremad/audio/1073_ITS_FEA_XX.wav,1073_ITS_FEA_XX.wav,1073,train,4,fearful,4,fearful,0.7416620850563049
data/cremad/audio/1073_ITS_HAP_XX.wav,1073_ITS_HAP_XX.wav,1073,train,1,happy,1,happy,0.9607148170471191
data/cremad/audio/1073_ITS_NEU_XX.wav,1073_ITS_NEU_XX.wav,1073,train,0,neutral,0,neutral,0.9720916748046875
data/cremad/audio/1073_ITS_SAD_XX.wav,1073_ITS_SAD_XX.wav,1073,train,2,sad,0,neutral,0.8602747321128845
data/cremad/audio/1073_IWL_ANG_XX.wav,1073_IWL_ANG_XX.wav,1073,train,3,angry,3,angry,0.9985968470573425
data/cremad/audio/1073_IWL_DIS_XX.wav,1073_IWL_DIS_XX.wav,1073,train,5,disgust,5,disgust,0.8658851385116577
data/cremad/audio/1073_IWL_FEA_XX.wav,1073_IWL_FEA_XX.wav,1073,train,4,fearful,2,sad,0.2837103605270386
data/cremad/audio/1073_IWL_HAP_XX.wav,1073_IWL_HAP_XX.wav,1073,train,1,happy,1,happy,0.9355049133300781
data/cremad/audio/1073_IWL_NEU_XX.wav,1073_IWL_NEU_XX.wav,1073,train,0,neutral,0,neutral,0.9539574980735779
data/cremad/audio/1073_IWL_SAD_XX.wav,1073_IWL_SAD_XX.wav,1073,train,2,sad,0,neutral,0.3767271637916565
data/cremad/audio/1073_IWW_ANG_XX.wav,1073_IWW_ANG_XX.wav,1073,train,3,angry,3,angry,0.9931740164756775
data/cremad/audio/1073_IWW_DIS_XX.wav,1073_IWW_DIS_XX.wav,1073,train,5,disgust,5,disgust,0.6466118097305298
data/cremad/audio/1073_IWW_FEA_XX.wav,1073_IWW_FEA_XX.wav,1073,train,4,fearful,1,happy,0.45867571234703064
data/cremad/audio/1073_IWW_HAP_XX.wav,1073_IWW_HAP_XX.wav,1073,train,1,happy,1,happy,0.6743621230125427
data/cremad/audio/1073_IWW_NEU_XX.wav,1073_IWW_NEU_XX.wav,1073,train,0,neutral,0,neutral,0.895794153213501
data/cremad/audio/1073_IWW_SAD_XX.wav,1073_IWW_SAD_XX.wav,1073,train,2,sad,2,sad,0.7989909052848816
data/cremad/audio/1073_MTI_ANG_XX.wav,1073_MTI_ANG_XX.wav,1073,train,3,angry,3,angry,0.9897283315658569
data/cremad/audio/1073_MTI_DIS_XX.wav,1073_MTI_DIS_XX.wav,1073,train,5,disgust,5,disgust,0.6745244860649109
data/cremad/audio/1073_MTI_FEA_XX.wav,1073_MTI_FEA_XX.wav,1073,train,4,fearful,1,happy,0.47717463970184326
data/cremad/audio/1073_MTI_HAP_XX.wav,1073_MTI_HAP_XX.wav,1073,train,1,happy,3,angry,0.48727720975875854
data/cremad/audio/1073_MTI_NEU_XX.wav,1073_MTI_NEU_XX.wav,1073,train,0,neutral,0,neutral,0.9798079133033752
data/cremad/audio/1073_MTI_SAD_XX.wav,1073_MTI_SAD_XX.wav,1073,train,2,sad,0,neutral,0.8714957237243652
data/cremad/audio/1073_TAI_ANG_XX.wav,1073_TAI_ANG_XX.wav,1073,train,3,angry,3,angry,0.9851053953170776
data/cremad/audio/1073_TAI_DIS_XX.wav,1073_TAI_DIS_XX.wav,1073,train,5,disgust,5,disgust,0.9254422187805176
data/cremad/audio/1073_TAI_FEA_XX.wav,1073_TAI_FEA_XX.wav,1073,train,4,fearful,1,happy,0.6595137119293213
data/cremad/audio/1073_TAI_HAP_XX.wav,1073_TAI_HAP_XX.wav,1073,train,1,happy,1,happy,0.7828395962715149
data/cremad/audio/1073_TAI_NEU_XX.wav,1073_TAI_NEU_XX.wav,1073,train,0,neutral,0,neutral,0.7770426273345947
data/cremad/audio/1073_TAI_SAD_XX.wav,1073_TAI_SAD_XX.wav,1073,train,2,sad,0,neutral,0.4272792637348175
data/cremad/audio/1073_TIE_ANG_XX.wav,1073_TIE_ANG_XX.wav,1073,train,3,angry,3,angry,0.6069112420082092
data/cremad/audio/1073_TIE_DIS_XX.wav,1073_TIE_DIS_XX.wav,1073,train,5,disgust,5,disgust,0.8440940976142883
data/cremad/audio/1073_TIE_FEA_XX.wav,1073_TIE_FEA_XX.wav,1073,train,4,fearful,4,fearful,0.568777859210968
data/cremad/audio/1073_TIE_HAP_XX.wav,1073_TIE_HAP_XX.wav,1073,train,1,happy,1,happy,0.653827965259552
data/cremad/audio/1073_TIE_NEU_XX.wav,1073_TIE_NEU_XX.wav,1073,train,0,neutral,0,neutral,0.8773822784423828
data/cremad/audio/1073_TIE_SAD_XX.wav,1073_TIE_SAD_XX.wav,1073,train,2,sad,0,neutral,0.6781562566757202
data/cremad/audio/1073_TSI_ANG_XX.wav,1073_TSI_ANG_XX.wav,1073,train,3,angry,3,angry,0.9862145781517029
data/cremad/audio/1073_TSI_DIS_XX.wav,1073_TSI_DIS_XX.wav,1073,train,5,disgust,5,disgust,0.6970506310462952
data/cremad/audio/1073_TSI_FEA_XX.wav,1073_TSI_FEA_XX.wav,1073,train,4,fearful,4,fearful,0.6738894581794739
data/cremad/audio/1073_TSI_HAP_XX.wav,1073_TSI_HAP_XX.wav,1073,train,1,happy,1,happy,0.9826494455337524
data/cremad/audio/1073_TSI_NEU_XX.wav,1073_TSI_NEU_XX.wav,1073,train,0,neutral,0,neutral,0.870195209980011
data/cremad/audio/1073_TSI_SAD_XX.wav,1073_TSI_SAD_XX.wav,1073,train,2,sad,0,neutral,0.6930264234542847
data/cremad/audio/1073_WSI_ANG_XX.wav,1073_WSI_ANG_XX.wav,1073,train,3,angry,3,angry,0.9235792756080627
data/cremad/audio/1073_WSI_DIS_XX.wav,1073_WSI_DIS_XX.wav,1073,train,5,disgust,5,disgust,0.8292648196220398
data/cremad/audio/1073_WSI_FEA_XX.wav,1073_WSI_FEA_XX.wav,1073,train,4,fearful,2,sad,0.4600706100463867
data/cremad/audio/1073_WSI_HAP_XX.wav,1073_WSI_HAP_XX.wav,1073,train,1,happy,1,happy,0.9196914434432983
data/cremad/audio/1073_WSI_NEU_XX.wav,1073_WSI_NEU_XX.wav,1073,train,0,neutral,0,neutral,0.9701477885246277
data/cremad/audio/1073_WSI_SAD_XX.wav,1073_WSI_SAD_XX.wav,1073,train,2,sad,0,neutral,0.4521540403366089
data/cremad/audio/1075_DFA_ANG_XX.wav,1075_DFA_ANG_XX.wav,1075,train,3,angry,3,angry,0.9815126657485962
data/cremad/audio/1075_DFA_DIS_XX.wav,1075_DFA_DIS_XX.wav,1075,train,5,disgust,2,sad,0.5638425946235657
data/cremad/audio/1075_DFA_FEA_XX.wav,1075_DFA_FEA_XX.wav,1075,train,4,fearful,2,sad,0.5910653471946716
data/cremad/audio/1075_DFA_HAP_XX.wav,1075_DFA_HAP_XX.wav,1075,train,1,happy,1,happy,0.9642398357391357
data/cremad/audio/1075_DFA_NEU_XX.wav,1075_DFA_NEU_XX.wav,1075,train,0,neutral,0,neutral,0.8912582397460938
data/cremad/audio/1075_DFA_SAD_XX.wav,1075_DFA_SAD_XX.wav,1075,train,2,sad,2,sad,0.8556088209152222
data/cremad/audio/1075_IEO_ANG_HI.wav,1075_IEO_ANG_HI.wav,1075,train,3,angry,3,angry,0.9408904910087585
data/cremad/audio/1075_IEO_ANG_LO.wav,1075_IEO_ANG_LO.wav,1075,train,3,angry,3,angry,0.37249767780303955
data/cremad/audio/1075_IEO_ANG_MD.wav,1075_IEO_ANG_MD.wav,1075,train,3,angry,3,angry,0.98574298620224
data/cremad/audio/1075_IEO_DIS_HI.wav,1075_IEO_DIS_HI.wav,1075,train,5,disgust,5,disgust,0.5273536443710327
data/cremad/audio/1075_IEO_DIS_LO.wav,1075_IEO_DIS_LO.wav,1075,train,5,disgust,5,disgust,0.925688624382019
data/cremad/audio/1075_IEO_DIS_MD.wav,1075_IEO_DIS_MD.wav,1075,train,5,disgust,5,disgust,0.5043820142745972
data/cremad/audio/1075_IEO_FEA_HI.wav,1075_IEO_FEA_HI.wav,1075,train,4,fearful,4,fearful,0.9311277270317078
data/cremad/audio/1075_IEO_FEA_LO.wav,1075_IEO_FEA_LO.wav,1075,train,4,fearful,2,sad,0.6767581105232239
data/cremad/audio/1075_IEO_FEA_MD.wav,1075_IEO_FEA_MD.wav,1075,train,4,fearful,2,sad,0.5379001498222351
data/cremad/audio/1075_IEO_HAP_HI.wav,1075_IEO_HAP_HI.wav,1075,train,1,happy,1,happy,0.9870327711105347
data/cremad/audio/1075_IEO_HAP_LO.wav,1075_IEO_HAP_LO.wav,1075,train,1,happy,1,happy,0.9268266558647156
data/cremad/audio/1075_IEO_HAP_MD.wav,1075_IEO_HAP_MD.wav,1075,train,1,happy,5,disgust,0.35692527890205383
data/cremad/audio/1075_IEO_NEU_XX.wav,1075_IEO_NEU_XX.wav,1075,train,0,neutral,0,neutral,0.927078127861023
data/cremad/audio/1075_IEO_SAD_HI.wav,1075_IEO_SAD_HI.wav,1075,train,2,sad,2,sad,0.8693739175796509
data/cremad/audio/1075_IEO_SAD_LO.wav,1075_IEO_SAD_LO.wav,1075,train,2,sad,2,sad,0.8685076832771301
data/cremad/audio/1075_IEO_SAD_MD.wav,1075_IEO_SAD_MD.wav,1075,train,2,sad,2,sad,0.8066610097885132
data/cremad/audio/1075_IOM_ANG_XX.wav,1075_IOM_ANG_XX.wav,1075,train,3,angry,3,angry,0.8996050953865051
data/cremad/audio/1075_IOM_DIS_XX.wav,1075_IOM_DIS_XX.wav,1075,train,5,disgust,5,disgust,0.5106445550918579
data/cremad/audio/1075_IOM_FEA_XX.wav,1075_IOM_FEA_XX.wav,1075,train,4,fearful,4,fearful,0.5890966057777405
data/cremad/audio/1075_IOM_HAP_XX.wav,1075_IOM_HAP_XX.wav,1075,train,1,happy,0,neutral,0.5082448720932007
data/cremad/audio/1075_IOM_NEU_XX.wav,1075_IOM_NEU_XX.wav,1075,train,0,neutral,0,neutral,0.958005964756012
data/cremad/audio/1075_IOM_SAD_XX.wav,1075_IOM_SAD_XX.wav,1075,train,2,sad,2,sad,0.9041199088096619
data/cremad/audio/1075_ITH_ANG_XX.wav,1075_ITH_ANG_XX.wav,1075,train,3,angry,3,angry,0.6213359236717224
data/cremad/audio/1075_ITH_DIS_XX.wav,1075_ITH_DIS_XX.wav,1075,train,5,disgust,2,sad,0.7100706100463867
data/cremad/audio/1075_ITH_FEA_XX.wav,1075_ITH_FEA_XX.wav,1075,train,4,fearful,4,fearful,0.49275529384613037
data/cremad/audio/1075_ITH_HAP_XX.wav,1075_ITH_HAP_XX.wav,1075,train,1,happy,1,happy,0.9399608373641968
data/cremad/audio/1075_ITH_NEU_XX.wav,1075_ITH_NEU_XX.wav,1075,train,0,neutral,0,neutral,0.983320415019989
data/cremad/audio/1075_ITH_SAD_XX.wav,1075_ITH_SAD_XX.wav,1075,train,2,sad,2,sad,0.8338213562965393
data/cremad/audio/1075_ITS_ANG_XX.wav,1075_ITS_ANG_XX.wav,1075,train,3,angry,3,angry,0.9866743683815002
data/cremad/audio/1075_ITS_DIS_XX.wav,1075_ITS_DIS_XX.wav,1075,train,5,disgust,5,disgust,0.7921667695045471
data/cremad/audio/1075_ITS_FEA_XX.wav,1075_ITS_FEA_XX.wav,1075,train,4,fearful,4,fearful,0.7155308127403259
data/cremad/audio/1075_ITS_HAP_XX.wav,1075_ITS_HAP_XX.wav,1075,train,1,happy,1,happy,0.5222058296203613
data/cremad/audio/1075_ITS_NEU_XX.wav,1075_ITS_NEU_XX.wav,1075,train,0,neutral,0,neutral,0.9898259043693542
data/cremad/audio/1075_ITS_SAD_XX.wav,1075_ITS_SAD_XX.wav,1075,train,2,sad,2,sad,0.8997728228569031
data/cremad/audio/1075_IWL_ANG_XX.wav,1075_IWL_ANG_XX.wav,1075,train,3,angry,3,angry,0.5512162446975708
data/cremad/audio/1075_IWL_DIS_XX.wav,1075_IWL_DIS_XX.wav,1075,train,5,disgust,2,sad,0.847252607345581
data/cremad/audio/1075_IWL_FEA_XX.wav,1075_IWL_FEA_XX.wav,1075,train,4,fearful,2,sad,0.8176950216293335
data/cremad/audio/1075_IWL_HAP_XX.wav,1075_IWL_HAP_XX.wav,1075,train,1,happy,1,happy,0.9670113921165466
data/cremad/audio/1075_IWL_NEU_XX.wav,1075_IWL_NEU_XX.wav,1075,train,0,neutral,0,neutral,0.9872430562973022
data/cremad/audio/1075_IWL_SAD_XX.wav,1075_IWL_SAD_XX.wav,1075,train,2,sad,2,sad,0.8444411754608154
data/cremad/audio/1075_IWW_ANG_XX.wav,1075_IWW_ANG_XX.wav,1075,train,3,angry,3,angry,0.9620346426963806
data/cremad/audio/1075_IWW_DIS_XX.wav,1075_IWW_DIS_XX.wav,1075,train,5,disgust,2,sad,0.5882415771484375
data/cremad/audio/1075_IWW_FEA_XX.wav,1075_IWW_FEA_XX.wav,1075,train,4,fearful,2,sad,0.7072958946228027
data/cremad/audio/1075_IWW_HAP_XX.wav,1075_IWW_HAP_XX.wav,1075,train,1,happy,1,happy,0.9393102526664734
data/cremad/audio/1075_IWW_NEU_XX.wav,1075_IWW_NEU_XX.wav,1075,train,0,neutral,0,neutral,0.9486128687858582
data/cremad/audio/1075_IWW_SAD_XX.wav,1075_IWW_SAD_XX.wav,1075,train,2,sad,2,sad,0.620243489742279
data/cremad/audio/1075_MTI_ANG_XX.wav,1075_MTI_ANG_XX.wav,1075,train,3,angry,0,neutral,0.5634370446205139
data/cremad/audio/1075_MTI_DIS_XX.wav,1075_MTI_DIS_XX.wav,1075,train,5,disgust,2,sad,0.48620834946632385
data/cremad/audio/1075_MTI_FEA_XX.wav,1075_MTI_FEA_XX.wav,1075,train,4,fearful,2,sad,0.6593092679977417
data/cremad/audio/1075_MTI_HAP_XX.wav,1075_MTI_HAP_XX.wav,1075,train,1,happy,1,happy,0.4444792568683624
data/cremad/audio/1075_MTI_NEU_XX.wav,1075_MTI_NEU_XX.wav,1075,train,0,neutral,0,neutral,0.988342821598053
data/cremad/audio/1075_MTI_SAD_XX.wav,1075_MTI_SAD_XX.wav,1075,train,2,sad,2,sad,0.8814112544059753
data/cremad/audio/1075_TAI_ANG_XX.wav,1075_TAI_ANG_XX.wav,1075,train,3,angry,3,angry,0.6619156002998352
data/cremad/audio/1075_TAI_DIS_XX.wav,1075_TAI_DIS_XX.wav,1075,train,5,disgust,2,sad,0.7052618861198425
data/cremad/audio/1075_TAI_FEA_XX.wav,1075_TAI_FEA_XX.wav,1075,train,4,fearful,2,sad,0.7234804630279541
data/cremad/audio/1075_TAI_HAP_XX.wav,1075_TAI_HAP_XX.wav,1075,train,1,happy,1,happy,0.9891840219497681
data/cremad/audio/1075_TAI_NEU_XX.wav,1075_TAI_NEU_XX.wav,1075,train,0,neutral,0,neutral,0.9934390187263489
data/cremad/audio/1075_TAI_SAD_XX.wav,1075_TAI_SAD_XX.wav,1075,train,2,sad,2,sad,0.8690893054008484
data/cremad/audio/1075_TIE_ANG_XX.wav,1075_TIE_ANG_XX.wav,1075,train,3,angry,3,angry,0.6946961879730225
data/cremad/audio/1075_TIE_DIS_XX.wav,1075_TIE_DIS_XX.wav,1075,train,5,disgust,2,sad,0.6327223777770996
data/cremad/audio/1075_TIE_FEA_XX.wav,1075_TIE_FEA_XX.wav,1075,train,4,fearful,2,sad,0.5696085691452026
data/cremad/audio/1075_TIE_HAP_XX.wav,1075_TIE_HAP_XX.wav,1075,train,1,happy,4,fearful,0.503170907497406
data/cremad/audio/1075_TIE_NEU_XX.wav,1075_TIE_NEU_XX.wav,1075,train,0,neutral,2,sad,0.5126627683639526
data/cremad/audio/1075_TIE_SAD_XX.wav,1075_TIE_SAD_XX.wav,1075,train,2,sad,2,sad,0.9035511016845703
data/cremad/audio/1075_TSI_ANG_XX.wav,1075_TSI_ANG_XX.wav,1075,train,3,angry,3,angry,0.984927773475647
data/cremad/audio/1075_TSI_DIS_XX.wav,1075_TSI_DIS_XX.wav,1075,train,5,disgust,5,disgust,0.5747089982032776
data/cremad/audio/1075_TSI_FEA_XX.wav,1075_TSI_FEA_XX.wav,1075,train,4,fearful,4,fearful,0.8306788802146912
data/cremad/audio/1075_TSI_HAP_XX.wav,1075_TSI_HAP_XX.wav,1075,train,1,happy,1,happy,0.9869198799133301
data/cremad/audio/1075_TSI_NEU_XX.wav,1075_TSI_NEU_XX.wav,1075,train,0,neutral,0,neutral,0.9335914850234985
data/cremad/audio/1075_TSI_SAD_XX.wav,1075_TSI_SAD_XX.wav,1075,train,2,sad,2,sad,0.8238598704338074
data/cremad/audio/1075_WSI_ANG_XX.wav,1075_WSI_ANG_XX.wav,1075,train,3,angry,3,angry,0.908607006072998
data/cremad/audio/1075_WSI_DIS_XX.wav,1075_WSI_DIS_XX.wav,1075,train,5,disgust,2,sad,0.8003004789352417
data/cremad/audio/1075_WSI_FEA_XX.wav,1075_WSI_FEA_XX.wav,1075,train,4,fearful,4,fearful,0.5793403387069702
data/cremad/audio/1075_WSI_HAP_XX.wav,1075_WSI_HAP_XX.wav,1075,train,1,happy,1,happy,0.4871087074279785
data/cremad/audio/1075_WSI_NEU_XX.wav,1075_WSI_NEU_XX.wav,1075,train,0,neutral,0,neutral,0.9310429692268372
data/cremad/audio/1075_WSI_SAD_XX.wav,1075_WSI_SAD_XX.wav,1075,train,2,sad,2,sad,0.7575687766075134
data/cremad/audio/1076_DFA_ANG_XX.wav,1076_DFA_ANG_XX.wav,1076,train,3,angry,3,angry,0.9804916381835938
data/cremad/audio/1076_DFA_DIS_XX.wav,1076_DFA_DIS_XX.wav,1076,train,5,disgust,5,disgust,0.921549916267395
data/cremad/audio/1076_DFA_FEA_XX.wav,1076_DFA_FEA_XX.wav,1076,train,4,fearful,4,fearful,0.649309515953064
data/cremad/audio/1076_DFA_HAP_XX.wav,1076_DFA_HAP_XX.wav,1076,train,1,happy,5,disgust,0.45811671018600464
data/cremad/audio/1076_DFA_NEU_XX.wav,1076_DFA_NEU_XX.wav,1076,train,0,neutral,0,neutral,0.9736652374267578
data/cremad/audio/1076_DFA_SAD_XX.wav,1076_DFA_SAD_XX.wav,1076,train,2,sad,2,sad,0.7523325085639954
data/cremad/audio/1076_IEO_ANG_HI.wav,1076_IEO_ANG_HI.wav,1076,train,3,angry,3,angry,0.9880356192588806
data/cremad/audio/1076_IEO_ANG_LO.wav,1076_IEO_ANG_LO.wav,1076,train,3,angry,5,disgust,0.5909072756767273
data/cremad/audio/1076_IEO_ANG_MD.wav,1076_IEO_ANG_MD.wav,1076,train,3,angry,3,angry,0.9978233575820923
data/cremad/audio/1076_IEO_DIS_HI.wav,1076_IEO_DIS_HI.wav,1076,train,5,disgust,5,disgust,0.8234178423881531
data/cremad/audio/1076_IEO_DIS_LO.wav,1076_IEO_DIS_LO.wav,1076,train,5,disgust,5,disgust,0.8481131792068481
data/cremad/audio/1076_IEO_DIS_MD.wav,1076_IEO_DIS_MD.wav,1076,train,5,disgust,5,disgust,0.9452359676361084
data/cremad/audio/1076_IEO_FEA_HI.wav,1076_IEO_FEA_HI.wav,1076,train,4,fearful,4,fearful,0.9870002865791321
data/cremad/audio/1076_IEO_FEA_LO.wav,1076_IEO_FEA_LO.wav,1076,train,4,fearful,4,fearful,0.47483769059181213
data/cremad/audio/1076_IEO_FEA_MD.wav,1076_IEO_FEA_MD.wav,1076,train,4,fearful,2,sad,0.6474990248680115
data/cremad/audio/1076_IEO_HAP_HI.wav,1076_IEO_HAP_HI.wav,1076,train,1,happy,1,happy,0.7340222001075745
data/cremad/audio/1076_IEO_HAP_LO.wav,1076_IEO_HAP_LO.wav,1076,train,1,happy,1,happy,0.9371936917304993
data/cremad/audio/1076_IEO_HAP_MD.wav,1076_IEO_HAP_MD.wav,1076,train,1,happy,1,happy,0.7105079293251038
data/cremad/audio/1076_IEO_NEU_XX.wav,1076_IEO_NEU_XX.wav,1076,train,0,neutral,0,neutral,0.979176938533783
data/cremad/audio/1076_IEO_SAD_HI.wav,1076_IEO_SAD_HI.wav,1076,train,2,sad,2,sad,0.6373914480209351
data/cremad/audio/1076_IEO_SAD_LO.wav,1076_IEO_SAD_LO.wav,1076,train,2,sad,2,sad,0.726762592792511
data/cremad/audio/1076_IEO_SAD_MD.wav,1076_IEO_SAD_MD.wav,1076,train,2,sad,2,sad,0.7359412908554077
data/cremad/audio/1076_IOM_ANG_XX.wav,1076_IOM_ANG_XX.wav,1076,train,3,angry,3,angry,0.5922859311103821
data/cremad/audio/1076_IOM_DIS_XX.wav,1076_IOM_DIS_XX.wav,1076,train,5,disgust,5,disgust,0.9671897888183594
data/cremad/audio/1076_IOM_FEA_XX.wav,1076_IOM_FEA_XX.wav,1076,train,4,fearful,2,sad,0.8328942656517029
data/cremad/audio/1076_IOM_HAP_XX.wav,1076_IOM_HAP_XX.wav,1076,train,1,happy,1,happy,0.9275538921356201
data/cremad/audio/1076_IOM_NEU_XX.wav,1076_IOM_NEU_XX.wav,1076,train,0,neutral,0,neutral,0.9858459830284119
data/cremad/audio/1076_IOM_SAD_XX.wav,1076_IOM_SAD_XX.wav,1076,train,2,sad,2,sad,0.500206470489502
data/cremad/audio/1076_ITH_ANG_XX.wav,1076_ITH_ANG_XX.wav,1076,train,3,angry,3,angry,0.9438076019287109
data/cremad/audio/1076_ITH_DIS_XX.wav,1076_ITH_DIS_XX.wav,1076,train,5,disgust,5,disgust,0.8935890197753906
data/cremad/audio/1076_ITH_FEA_XX.wav,1076_ITH_FEA_XX.wav,1076,train,4,fearful,5,disgust,0.6629266142845154
data/cremad/audio/1076_ITH_HAP_XX.wav,1076_ITH_HAP_XX.wav,1076,train,1,happy,1,happy,0.9559019207954407
data/cremad/audio/1076_ITH_NEU_XX.wav,1076_ITH_NEU_XX.wav,1076,train,0,neutral,0,neutral,0.9988787770271301
data/cremad/audio/1076_ITH_SAD_XX.wav,1076_ITH_SAD_XX.wav,1076,train,2,sad,5,disgust,0.5122691988945007
data/cremad/audio/1076_ITS_ANG_XX.wav,1076_ITS_ANG_XX.wav,1076,train,3,angry,3,angry,0.8409104347229004
data/cremad/audio/1076_ITS_DIS_XX.wav,1076_ITS_DIS_XX.wav,1076,train,5,disgust,5,disgust,0.9760441780090332
data/cremad/audio/1076_ITS_FEA_XX.wav,1076_ITS_FEA_XX.wav,1076,train,4,fearful,4,fearful,0.5197418928146362
data/cremad/audio/1076_ITS_HAP_XX.wav,1076_ITS_HAP_XX.wav,1076,train,1,happy,1,happy,0.9958339929580688
data/cremad/audio/1076_ITS_SAD_XX.wav,1076_ITS_SAD_XX.wav,1076,train,2,sad,2,sad,0.6937748193740845
data/cremad/audio/1076_IWL_ANG_XX.wav,1076_IWL_ANG_XX.wav,1076,train,3,angry,3,angry,0.8088208436965942
data/cremad/audio/1076_IWL_DIS_XX.wav,1076_IWL_DIS_XX.wav,1076,train,5,disgust,5,disgust,0.7824698686599731
data/cremad/audio/1076_IWL_FEA_XX.wav,1076_IWL_FEA_XX.wav,1076,train,4,fearful,5,disgust,0.864445686340332
data/cremad/audio/1076_IWL_HAP_XX.wav,1076_IWL_HAP_XX.wav,1076,train,1,happy,1,happy,0.9742429852485657
data/cremad/audio/1076_IWL_NEU_XX.wav,1076_IWL_NEU_XX.wav,1076,train,0,neutral,0,neutral,0.9578860998153687
data/cremad/audio/1076_IWL_SAD_XX.wav,1076_IWL_SAD_XX.wav,1076,train,2,sad,5,disgust,0.6303943395614624
data/cremad/audio/1076_IWW_ANG_XX.wav,1076_IWW_ANG_XX.wav,1076,train,3,angry,3,angry,0.9062663316726685
data/cremad/audio/1076_IWW_DIS_XX.wav,1076_IWW_DIS_XX.wav,1076,train,5,disgust,5,disgust,0.8224645853042603
data/cremad/audio/1076_IWW_FEA_XX.wav,1076_IWW_FEA_XX.wav,1076,train,4,fearful,2,sad,0.7655208706855774
data/cremad/audio/1076_IWW_HAP_XX.wav,1076_IWW_HAP_XX.wav,1076,train,1,happy,1,happy,0.6468884944915771
data/cremad/audio/1076_IWW_NEU_XX.wav,1076_IWW_NEU_XX.wav,1076,train,0,neutral,0,neutral,0.9800457954406738
data/cremad/audio/1076_IWW_SAD_XX.wav,1076_IWW_SAD_XX.wav,1076,train,2,sad,5,disgust,0.955927312374115
data/cremad/audio/1076_MTI_ANG_XX.wav,1076_MTI_ANG_XX.wav,1076,train,3,angry,3,angry,0.9575337171554565
data/cremad/audio/1076_MTI_DIS_XX.wav,1076_MTI_DIS_XX.wav,1076,train,5,disgust,5,disgust,0.8109852075576782
data/cremad/audio/1076_MTI_FEA_XX.wav,1076_MTI_FEA_XX.wav,1076,train,4,fearful,4,fearful,0.8505821824073792
data/cremad/audio/1076_MTI_HAP_XX.wav,1076_MTI_HAP_XX.wav,1076,train,1,happy,1,happy,0.9939770698547363
data/cremad/audio/1076_MTI_NEU_XX.wav,1076_MTI_NEU_XX.wav,1076,train,0,neutral,0,neutral,0.8023210763931274
data/cremad/audio/1076_MTI_SAD_XX.wav,1076_MTI_SAD_XX.wav,1076,train,2,sad,2,sad,0.6852037310600281
data/cremad/audio/1076_TAI_ANG_XX.wav,1076_TAI_ANG_XX.wav,1076,train,3,angry,3,angry,0.9541003704071045
data/cremad/audio/1076_TAI_DIS_XX.wav,1076_TAI_DIS_XX.wav,1076,train,5,disgust,5,disgust,0.9247462153434753
data/cremad/audio/1076_TAI_FEA_XX.wav,1076_TAI_FEA_XX.wav,1076,train,4,fearful,1,happy,0.6619688868522644
data/cremad/audio/1076_TAI_HAP_XX.wav,1076_TAI_HAP_XX.wav,1076,train,1,happy,1,happy,0.9879653453826904
data/cremad/audio/1076_TAI_NEU_XX.wav,1076_TAI_NEU_XX.wav,1076,train,0,neutral,0,neutral,0.7946556806564331
data/cremad/audio/1076_TAI_SAD_XX.wav,1076_TAI_SAD_XX.wav,1076,train,2,sad,5,disgust,0.7778521180152893
data/cremad/audio/1076_TIE_ANG_XX.wav,1076_TIE_ANG_XX.wav,1076,train,3,angry,3,angry,0.9580727219581604
data/cremad/audio/1076_TIE_DIS_XX.wav,1076_TIE_DIS_XX.wav,1076,train,5,disgust,5,disgust,0.9820150136947632
data/cremad/audio/1076_TIE_FEA_XX.wav,1076_TIE_FEA_XX.wav,1076,train,4,fearful,1,happy,0.5532707571983337
data/cremad/audio/1076_TIE_HAP_XX.wav,1076_TIE_HAP_XX.wav,1076,train,1,happy,5,disgust,0.5007650256156921
data/cremad/audio/1076_TIE_NEU_XX.wav,1076_TIE_NEU_XX.wav,1076,train,0,neutral,0,neutral,0.905832052230835
data/cremad/audio/1076_TIE_SAD_XX.wav,1076_TIE_SAD_XX.wav,1076,train,2,sad,5,disgust,0.6621471047401428
data/cremad/audio/1076_TSI_ANG_XX.wav,1076_TSI_ANG_XX.wav,1076,train,3,angry,3,angry,0.49174734950065613
data/cremad/audio/1076_TSI_DIS_XX.wav,1076_TSI_DIS_XX.wav,1076,train,5,disgust,5,disgust,0.7078607678413391
data/cremad/audio/1076_TSI_FEA_XX.wav,1076_TSI_FEA_XX.wav,1076,train,4,fearful,4,fearful,0.8354607224464417
data/cremad/audio/1076_TSI_HAP_XX.wav,1076_TSI_HAP_XX.wav,1076,train,1,happy,1,happy,0.9757874011993408
data/cremad/audio/1076_TSI_NEU_XX.wav,1076_TSI_NEU_XX.wav,1076,train,0,neutral,0,neutral,0.8682165145874023
data/cremad/audio/1076_TSI_SAD_XX.wav,1076_TSI_SAD_XX.wav,1076,train,2,sad,2,sad,0.5720147490501404
data/cremad/audio/1076_WSI_ANG_XX.wav,1076_WSI_ANG_XX.wav,1076,train,3,angry,3,angry,0.7607532739639282
data/cremad/audio/1076_WSI_DIS_XX.wav,1076_WSI_DIS_XX.wav,1076,train,5,disgust,5,disgust,0.8931900858879089
data/cremad/audio/1076_WSI_FEA_XX.wav,1076_WSI_FEA_XX.wav,1076,train,4,fearful,4,fearful,0.43213436007499695
data/cremad/audio/1076_WSI_HAP_XX.wav,1076_WSI_HAP_XX.wav,1076,train,1,happy,1,happy,0.9655673503875732
data/cremad/audio/1076_WSI_NEU_XX.wav,1076_WSI_NEU_XX.wav,1076,train,0,neutral,0,neutral,0.9764560461044312
data/cremad/audio/1076_WSI_SAD_XX.wav,1076_WSI_SAD_XX.wav,1076,train,2,sad,2,sad,0.8214321732521057
data/cremad/audio/1079_DFA_ANG_XX.wav,1079_DFA_ANG_XX.wav,1079,train,3,angry,3,angry,0.9910129904747009
data/cremad/audio/1079_DFA_DIS_XX.wav,1079_DFA_DIS_XX.wav,1079,train,5,disgust,5,disgust,0.8218913674354553
data/cremad/audio/1079_DFA_FEA_XX.wav,1079_DFA_FEA_XX.wav,1079,train,4,fearful,4,fearful,0.5892120003700256
data/cremad/audio/1079_DFA_HAP_XX.wav,1079_DFA_HAP_XX.wav,1079,train,1,happy,1,happy,0.9728291034698486
data/cremad/audio/1079_DFA_NEU_XX.wav,1079_DFA_NEU_XX.wav,1079,train,0,neutral,0,neutral,0.9828845262527466
data/cremad/audio/1079_DFA_SAD_XX.wav,1079_DFA_SAD_XX.wav,1079,train,2,sad,2,sad,0.6901304721832275
data/cremad/audio/1079_IEO_ANG_HI.wav,1079_IEO_ANG_HI.wav,1079,train,3,angry,3,angry,0.6787795424461365
data/cremad/audio/1079_IEO_ANG_LO.wav,1079_IEO_ANG_LO.wav,1079,train,3,angry,3,angry,0.993118166923523
data/cremad/audio/1079_IEO_ANG_MD.wav,1079_IEO_ANG_MD.wav,1079,train,3,angry,3,angry,0.9778385758399963
data/cremad/audio/1079_IEO_DIS_HI.wav,1079_IEO_DIS_HI.wav,1079,train,5,disgust,5,disgust,0.633927047252655
data/cremad/audio/1079_IEO_DIS_LO.wav,1079_IEO_DIS_LO.wav,1079,train,5,disgust,5,disgust,0.6990265846252441
data/cremad/audio/1079_IEO_DIS_MD.wav,1079_IEO_DIS_MD.wav,1079,train,5,disgust,5,disgust,0.5859915614128113
data/cremad/audio/1079_IEO_FEA_HI.wav,1079_IEO_FEA_HI.wav,1079,train,4,fearful,4,fearful,0.9188856482505798
data/cremad/audio/1079_IEO_FEA_LO.wav,1079_IEO_FEA_LO.wav,1079,train,4,fearful,1,happy,0.4248085916042328
data/cremad/audio/1079_IEO_FEA_MD.wav,1079_IEO_FEA_MD.wav,1079,train,4,fearful,4,fearful,0.9855325818061829
data/cremad/audio/1079_IEO_HAP_HI.wav,1079_IEO_HAP_HI.wav,1079,train,1,happy,1,happy,0.5086825489997864
data/cremad/audio/1079_IEO_HAP_LO.wav,1079_IEO_HAP_LO.wav,1079,train,1,happy,1,happy,0.982909083366394
data/cremad/audio/1079_IEO_HAP_MD.wav,1079_IEO_HAP_MD.wav,1079,train,1,happy,1,happy,0.9897381663322449
data/cremad/audio/1079_IEO_NEU_XX.wav,1079_IEO_NEU_XX.wav,1079,train,0,neutral,0,neutral,0.6631194353103638
data/cremad/audio/1079_IEO_SAD_HI.wav,1079_IEO_SAD_HI.wav,1079,train,2,sad,2,sad,0.5288806557655334
data/cremad/audio/1079_IEO_SAD_LO.wav,1079_IEO_SAD_LO.wav,1079,train,2,sad,2,sad,0.539429783821106
data/cremad/audio/1079_IEO_SAD_MD.wav,1079_IEO_SAD_MD.wav,1079,train,2,sad,4,fearful,0.612278163433075
data/cremad/audio/1079_IOM_ANG_XX.wav,1079_IOM_ANG_XX.wav,1079,train,3,angry,3,angry,0.9973280429840088
data/cremad/audio/1079_IOM_DIS_XX.wav,1079_IOM_DIS_XX.wav,1079,train,5,disgust,1,happy,0.6160858869552612
data/cremad/audio/1079_IOM_FEA_XX.wav,1079_IOM_FEA_XX.wav,1079,train,4,fearful,4,fearful,0.8598225116729736
data/cremad/audio/1079_IOM_HAP_XX.wav,1079_IOM_HAP_XX.wav,1079,train,1,happy,1,happy,0.8776189088821411
data/cremad/audio/1079_IOM_NEU_XX.wav,1079_IOM_NEU_XX.wav,1079,train,0,neutral,0,neutral,0.982001781463623
data/cremad/audio/1079_IOM_SAD_XX.wav,1079_IOM_SAD_XX.wav,1079,train,2,sad,2,sad,0.7727351784706116
data/cremad/audio/1079_ITH_ANG_XX.wav,1079_ITH_ANG_XX.wav,1079,train,3,angry,3,angry,0.9692259430885315
data/cremad/audio/1079_ITH_DIS_XX.wav,1079_ITH_DIS_XX.wav,1079,train,5,disgust,5,disgust,0.9217507243156433
data/cremad/audio/1079_ITH_FEA_XX.wav,1079_ITH_FEA_XX.wav,1079,train,4,fearful,4,fearful,0.5708025097846985
data/cremad/audio/1079_ITH_HAP_XX.wav,1079_ITH_HAP_XX.wav,1079,train,1,happy,1,happy,0.9843046069145203
data/cremad/audio/1079_ITH_NEU_XX.wav,1079_ITH_NEU_XX.wav,1079,train,0,neutral,0,neutral,0.9438579082489014
data/cremad/audio/1079_ITH_SAD_XX.wav,1079_ITH_SAD_XX.wav,1079,train,2,sad,2,sad,0.8827555775642395
data/cremad/audio/1079_ITS_ANG_XX.wav,1079_ITS_ANG_XX.wav,1079,train,3,angry,3,angry,0.9857056140899658
data/cremad/audio/1079_ITS_DIS_XX.wav,1079_ITS_DIS_XX.wav,1079,train,5,disgust,3,angry,0.9082639813423157
data/cremad/audio/1079_ITS_FEA_XX.wav,1079_ITS_FEA_XX.wav,1079,train,4,fearful,4,fearful,0.927340567111969
data/cremad/audio/1079_ITS_HAP_XX.wav,1079_ITS_HAP_XX.wav,1079,train,1,happy,1,happy,0.9849185943603516
data/cremad/audio/1079_ITS_NEU_XX.wav,1079_ITS_NEU_XX.wav,1079,train,0,neutral,0,neutral,0.9972609281539917
data/cremad/audio/1079_ITS_SAD_XX.wav,1079_ITS_SAD_XX.wav,1079,train,2,sad,2,sad,0.9022747278213501
data/cremad/audio/1079_IWL_ANG_XX.wav,1079_IWL_ANG_XX.wav,1079,train,3,angry,3,angry,0.9604865312576294
data/cremad/audio/1079_IWL_DIS_XX.wav,1079_IWL_DIS_XX.wav,1079,train,5,disgust,1,happy,0.6790858507156372
data/cremad/audio/1079_IWL_FEA_XX.wav,1079_IWL_FEA_XX.wav,1079,train,4,fearful,4,fearful,0.6576496362686157
data/cremad/audio/1079_IWL_HAP_XX.wav,1079_IWL_HAP_XX.wav,1079,train,1,happy,1,happy,0.9808485507965088
data/cremad/audio/1079_IWL_NEU_XX.wav,1079_IWL_NEU_XX.wav,1079,train,0,neutral,0,neutral,0.9574075937271118
data/cremad/audio/1079_IWL_SAD_XX.wav,1079_IWL_SAD_XX.wav,1079,train,2,sad,1,happy,0.3787462115287781
data/cremad/audio/1079_IWW_ANG_XX.wav,1079_IWW_ANG_XX.wav,1079,train,3,angry,3,angry,0.9842377305030823
data/cremad/audio/1079_IWW_DIS_XX.wav,1079_IWW_DIS_XX.wav,1079,train,5,disgust,5,disgust,0.4618101119995117
data/cremad/audio/1079_IWW_FEA_XX.wav,1079_IWW_FEA_XX.wav,1079,train,4,fearful,1,happy,0.6182063817977905
data/cremad/audio/1079_IWW_HAP_XX.wav,1079_IWW_HAP_XX.wav,1079,train,1,happy,1,happy,0.9326383471488953
data/cremad/audio/1079_IWW_NEU_XX.wav,1079_IWW_NEU_XX.wav,1079,train,0,neutral,0,neutral,0.9944472312927246
data/cremad/audio/1079_IWW_SAD_XX.wav,1079_IWW_SAD_XX.wav,1079,train,2,sad,0,neutral,0.7180437445640564
data/cremad/audio/1079_MTI_ANG_XX.wav,1079_MTI_ANG_XX.wav,1079,train,3,angry,3,angry,0.9551652669906616
data/cremad/audio/1079_MTI_DIS_XX.wav,1079_MTI_DIS_XX.wav,1079,train,5,disgust,5,disgust,0.8458932042121887
data/cremad/audio/1079_MTI_FEA_XX.wav,1079_MTI_FEA_XX.wav,1079,train,4,fearful,1,happy,0.47903040051460266
data/cremad/audio/1079_MTI_HAP_XX.wav,1079_MTI_HAP_XX.wav,1079,train,1,happy,1,happy,0.9896790981292725
data/cremad/audio/1079_MTI_NEU_XX.wav,1079_MTI_NEU_XX.wav,1079,train,0,neutral,0,neutral,0.9502142071723938
data/cremad/audio/1079_MTI_SAD_XX.wav,1079_MTI_SAD_XX.wav,1079,train,2,sad,0,neutral,0.9054484963417053
data/cremad/audio/1079_TAI_ANG_XX.wav,1079_TAI_ANG_XX.wav,1079,train,3,angry,3,angry,0.9853675961494446
data/cremad/audio/1079_TAI_DIS_XX.wav,1079_TAI_DIS_XX.wav,1079,train,5,disgust,5,disgust,0.8469749093055725
data/cremad/audio/1079_TAI_FEA_XX.wav,1079_TAI_FEA_XX.wav,1079,train,4,fearful,1,happy,0.542270839214325
data/cremad/audio/1079_TAI_HAP_XX.wav,1079_TAI_HAP_XX.wav,1079,train,1,happy,1,happy,0.784485399723053
data/cremad/audio/1079_TAI_NEU_XX.wav,1079_TAI_NEU_XX.wav,1079,train,0,neutral,0,neutral,0.9938417673110962
data/cremad/audio/1079_TAI_SAD_XX.wav,1079_TAI_SAD_XX.wav,1079,train,2,sad,2,sad,0.7811583280563354
data/cremad/audio/1079_TIE_ANG_XX.wav,1079_TIE_ANG_XX.wav,1079,train,3,angry,3,angry,0.9918736815452576
data/cremad/audio/1079_TIE_DIS_XX.wav,1079_TIE_DIS_XX.wav,1079,train,5,disgust,5,disgust,0.8836572766304016
data/cremad/audio/1079_TIE_FEA_XX.wav,1079_TIE_FEA_XX.wav,1079,train,4,fearful,4,fearful,0.7736185789108276
data/cremad/audio/1079_TIE_HAP_XX.wav,1079_TIE_HAP_XX.wav,1079,train,1,happy,1,happy,0.9072521924972534
data/cremad/audio/1079_TIE_NEU_XX.wav,1079_TIE_NEU_XX.wav,1079,train,0,neutral,0,neutral,0.9747757315635681
data/cremad/audio/1079_TIE_SAD_XX.wav,1079_TIE_SAD_XX.wav,1079,train,2,sad,2,sad,0.8311396837234497
data/cremad/audio/1079_TSI_ANG_XX.wav,1079_TSI_ANG_XX.wav,1079,train,3,angry,3,angry,0.968880295753479
data/cremad/audio/1079_TSI_DIS_XX.wav,1079_TSI_DIS_XX.wav,1079,train,5,disgust,5,disgust,0.5295178294181824
data/cremad/audio/1079_TSI_FEA_XX.wav,1079_TSI_FEA_XX.wav,1079,train,4,fearful,4,fearful,0.5047770142555237
data/cremad/audio/1079_TSI_HAP_XX.wav,1079_TSI_HAP_XX.wav,1079,train,1,happy,1,happy,0.990028440952301
data/cremad/audio/1079_TSI_NEU_XX.wav,1079_TSI_NEU_XX.wav,1079,train,0,neutral,0,neutral,0.9860621094703674
data/cremad/audio/1079_TSI_SAD_XX.wav,1079_TSI_SAD_XX.wav,1079,train,2,sad,2,sad,0.6351587176322937
data/cremad/audio/1079_WSI_ANG_XX.wav,1079_WSI_ANG_XX.wav,1079,train,3,angry,3,angry,0.9970088601112366
data/cremad/audio/1079_WSI_DIS_XX.wav,1079_WSI_DIS_XX.wav,1079,train,5,disgust,5,disgust,0.8018959760665894
data/cremad/audio/1079_WSI_FEA_XX.wav,1079_WSI_FEA_XX.wav,1079,train,4,fearful,4,fearful,0.9193274974822998
data/cremad/audio/1079_WSI_HAP_XX.wav,1079_WSI_HAP_XX.wav,1079,train,1,happy,1,happy,0.9769654273986816
data/cremad/audio/1079_WSI_NEU_XX.wav,1079_WSI_NEU_XX.wav,1079,train,0,neutral,0,neutral,0.9849886894226074
data/cremad/audio/1079_WSI_SAD_XX.wav,1079_WSI_SAD_XX.wav,1079,train,2,sad,2,sad,0.7125833630561829
data/cremad/audio/1081_DFA_ANG_XX.wav,1081_DFA_ANG_XX.wav,1081,train,3,angry,3,angry,0.990871250629425
data/cremad/audio/1081_DFA_DIS_XX.wav,1081_DFA_DIS_XX.wav,1081,train,5,disgust,5,disgust,0.76518315076828
data/cremad/audio/1081_DFA_FEA_XX.wav,1081_DFA_FEA_XX.wav,1081,train,4,fearful,2,sad,0.6069221496582031
data/cremad/audio/1081_DFA_HAP_XX.wav,1081_DFA_HAP_XX.wav,1081,train,1,happy,1,happy,0.8376888632774353
data/cremad/audio/1081_DFA_NEU_XX.wav,1081_DFA_NEU_XX.wav,1081,train,0,neutral,0,neutral,0.7204108834266663
data/cremad/audio/1081_DFA_SAD_XX.wav,1081_DFA_SAD_XX.wav,1081,train,2,sad,2,sad,0.6792190074920654
data/cremad/audio/1081_IEO_ANG_HI.wav,1081_IEO_ANG_HI.wav,1081,train,3,angry,3,angry,0.8469507694244385
data/cremad/audio/1081_IEO_ANG_LO.wav,1081_IEO_ANG_LO.wav,1081,train,3,angry,3,angry,0.8449204564094543
data/cremad/audio/1081_IEO_ANG_MD.wav,1081_IEO_ANG_MD.wav,1081,train,3,angry,3,angry,0.9291864633560181
data/cremad/audio/1081_IEO_DIS_HI.wav,1081_IEO_DIS_HI.wav,1081,train,5,disgust,5,disgust,0.8513457179069519
data/cremad/audio/1081_IEO_DIS_LO.wav,1081_IEO_DIS_LO.wav,1081,train,5,disgust,5,disgust,0.6164689064025879
data/cremad/audio/1081_IEO_DIS_MD.wav,1081_IEO_DIS_MD.wav,1081,train,5,disgust,5,disgust,0.9693412184715271
data/cremad/audio/1081_IEO_FEA_HI.wav,1081_IEO_FEA_HI.wav,1081,train,4,fearful,4,fearful,0.9811094999313354
data/cremad/audio/1081_IEO_FEA_LO.wav,1081_IEO_FEA_LO.wav,1081,train,4,fearful,5,disgust,0.37662220001220703
data/cremad/audio/1081_IEO_FEA_MD.wav,1081_IEO_FEA_MD.wav,1081,train,4,fearful,4,fearful,0.7388536930084229
data/cremad/audio/1081_IEO_HAP_HI.wav,1081_IEO_HAP_HI.wav,1081,train,1,happy,1,happy,0.689258337020874
data/cremad/audio/1081_IEO_HAP_LO.wav,1081_IEO_HAP_LO.wav,1081,train,1,happy,1,happy,0.9865422248840332
data/cremad/audio/1081_IEO_HAP_MD.wav,1081_IEO_HAP_MD.wav,1081,train,1,happy,1,happy,0.5828066468238831
data/cremad/audio/1081_IEO_NEU_XX.wav,1081_IEO_NEU_XX.wav,1081,train,0,neutral,0,neutral,0.49433204531669617
data/cremad/audio/1081_IEO_SAD_HI.wav,1081_IEO_SAD_HI.wav,1081,train,2,sad,2,sad,0.642684280872345
data/cremad/audio/1081_IEO_SAD_LO.wav,1081_IEO_SAD_LO.wav,1081,train,2,sad,4,fearful,0.464389830827713
data/cremad/audio/1081_IEO_SAD_MD.wav,1081_IEO_SAD_MD.wav,1081,train,2,sad,2,sad,0.5481494069099426
data/cremad/audio/1081_IOM_ANG_XX.wav,1081_IOM_ANG_XX.wav,1081,train,3,angry,3,angry,0.8937556147575378
data/cremad/audio/1081_IOM_DIS_XX.wav,1081_IOM_DIS_XX.wav,1081,train,5,disgust,0,neutral,0.5598589777946472
data/cremad/audio/1081_IOM_FEA_XX.wav,1081_IOM_FEA_XX.wav,1081,train,4,fearful,2,sad,0.5789813995361328
data/cremad/audio/1081_IOM_HAP_XX.wav,1081_IOM_HAP_XX.wav,1081,train,1,happy,1,happy,0.9748520851135254
data/cremad/audio/1081_IOM_NEU_XX.wav,1081_IOM_NEU_XX.wav,1081,train,0,neutral,2,sad,0.502120316028595
data/cremad/audio/1081_IOM_SAD_XX.wav,1081_IOM_SAD_XX.wav,1081,train,2,sad,2,sad,0.6136035323143005
data/cremad/audio/1081_ITH_ANG_XX.wav,1081_ITH_ANG_XX.wav,1081,train,3,angry,3,angry,0.9879550933837891
data/cremad/audio/1081_ITH_DIS_XX.wav,1081_ITH_DIS_XX.wav,1081,train,5,disgust,5,disgust,0.39830294251441956
data/cremad/audio/1081_ITH_FEA_XX.wav,1081_ITH_FEA_XX.wav,1081,train,4,fearful,4,fearful,0.5516565442085266
data/cremad/audio/1081_ITH_HAP_XX.wav,1081_ITH_HAP_XX.wav,1081,train,1,happy,1,happy,0.961130678653717
data/cremad/audio/1081_ITH_NEU_XX.wav,1081_ITH_NEU_XX.wav,1081,train,0,neutral,0,neutral,0.9782444834709167
data/cremad/audio/1081_ITH_SAD_XX.wav,1081_ITH_SAD_XX.wav,1081,train,2,sad,2,sad,0.5438902974128723
data/cremad/audio/1081_ITS_ANG_XX.wav,1081_ITS_ANG_XX.wav,1081,train,3,angry,3,angry,0.9960072636604309
data/cremad/audio/1081_ITS_DIS_XX.wav,1081_ITS_DIS_XX.wav,1081,train,5,disgust,5,disgust,0.9054949283599854
data/cremad/audio/1081_ITS_FEA_XX.wav,1081_ITS_FEA_XX.wav,1081,train,4,fearful,4,fearful,0.8669006824493408
data/cremad/audio/1081_ITS_HAP_XX.wav,1081_ITS_HAP_XX.wav,1081,train,1,happy,1,happy,0.9459372162818909
data/cremad/audio/1081_ITS_NEU_XX.wav,1081_ITS_NEU_XX.wav,1081,train,0,neutral,0,neutral,0.7120181918144226
data/cremad/audio/1081_ITS_SAD_XX.wav,1081_ITS_SAD_XX.wav,1081,train,2,sad,2,sad,0.7673757076263428
data/cremad/audio/1081_IWL_ANG_XX.wav,1081_IWL_ANG_XX.wav,1081,train,3,angry,3,angry,0.9166871905326843
data/cremad/audio/1081_IWL_DIS_XX.wav,1081_IWL_DIS_XX.wav,1081,train,5,disgust,5,disgust,0.738486111164093
data/cremad/audio/1081_IWL_FEA_XX.wav,1081_IWL_FEA_XX.wav,1081,train,4,fearful,2,sad,0.7613231539726257
data/cremad/audio/1081_IWL_HAP_XX.wav,1081_IWL_HAP_XX.wav,1081,train,1,happy,1,happy,0.6670418977737427
data/cremad/audio/1081_IWL_NEU_XX.wav,1081_IWL_NEU_XX.wav,1081,train,0,neutral,0,neutral,0.5085869431495667
data/cremad/audio/1081_IWL_SAD_XX.wav,1081_IWL_SAD_XX.wav,1081,train,2,sad,2,sad,0.767227828502655
data/cremad/audio/1081_IWW_ANG_XX.wav,1081_IWW_ANG_XX.wav,1081,train,3,angry,3,angry,0.9902740120887756
data/cremad/audio/1081_IWW_DIS_XX.wav,1081_IWW_DIS_XX.wav,1081,train,5,disgust,5,disgust,0.7455525994300842
data/cremad/audio/1081_IWW_FEA_XX.wav,1081_IWW_FEA_XX.wav,1081,train,4,fearful,2,sad,0.5116593241691589
data/cremad/audio/1081_IWW_HAP_XX.wav,1081_IWW_HAP_XX.wav,1081,train,1,happy,1,happy,0.9042540788650513
data/cremad/audio/1081_IWW_NEU_XX.wav,1081_IWW_NEU_XX.wav,1081,train,0,neutral,0,neutral,0.9898173213005066
data/cremad/audio/1081_IWW_SAD_XX.wav,1081_IWW_SAD_XX.wav,1081,train,2,sad,2,sad,0.8194251656532288
data/cremad/audio/1081_MTI_ANG_XX.wav,1081_MTI_ANG_XX.wav,1081,train,3,angry,3,angry,0.9980044960975647
data/cremad/audio/1081_MTI_DIS_XX.wav,1081_MTI_DIS_XX.wav,1081,train,5,disgust,5,disgust,0.882801353931427
data/cremad/audio/1081_MTI_FEA_XX.wav,1081_MTI_FEA_XX.wav,1081,train,4,fearful,2,sad,0.5068380236625671
data/cremad/audio/1081_MTI_HAP_XX.wav,1081_MTI_HAP_XX.wav,1081,train,1,happy,1,happy,0.9317277669906616
data/cremad/audio/1081_MTI_NEU_XX.wav,1081_MTI_NEU_XX.wav,1081,train,0,neutral,0,neutral,0.7647655606269836
data/cremad/audio/1081_MTI_SAD_XX.wav,1081_MTI_SAD_XX.wav,1081,train,2,sad,2,sad,0.7194067239761353
data/cremad/audio/1081_TAI_ANG_XX.wav,1081_TAI_ANG_XX.wav,1081,train,3,angry,3,angry,0.9718167185783386
data/cremad/audio/1081_TAI_DIS_XX.wav,1081_TAI_DIS_XX.wav,1081,train,5,disgust,5,disgust,0.5452812314033508
data/cremad/audio/1081_TAI_FEA_XX.wav,1081_TAI_FEA_XX.wav,1081,train,4,fearful,4,fearful,0.9069793224334717
data/cremad/audio/1081_TAI_HAP_XX.wav,1081_TAI_HAP_XX.wav,1081,train,1,happy,1,happy,0.9196470975875854
data/cremad/audio/1081_TAI_NEU_XX.wav,1081_TAI_NEU_XX.wav,1081,train,0,neutral,0,neutral,0.9307997226715088
data/cremad/audio/1081_TAI_SAD_XX.wav,1081_TAI_SAD_XX.wav,1081,train,2,sad,2,sad,0.726236879825592
data/cremad/audio/1081_TIE_ANG_XX.wav,1081_TIE_ANG_XX.wav,1081,train,3,angry,3,angry,0.728800356388092
data/cremad/audio/1081_TIE_DIS_XX.wav,1081_TIE_DIS_XX.wav,1081,train,5,disgust,5,disgust,0.7904990315437317
data/cremad/audio/1081_TIE_FEA_XX.wav,1081_TIE_FEA_XX.wav,1081,train,4,fearful,2,sad,0.7333287000656128
data/cremad/audio/1081_TIE_HAP_XX.wav,1081_TIE_HAP_XX.wav,1081,train,1,happy,1,happy,0.5871443748474121
data/cremad/audio/1081_TIE_NEU_XX.wav,1081_TIE_NEU_XX.wav,1081,train,0,neutral,0,neutral,0.9947605729103088
data/cremad/audio/1081_TIE_SAD_XX.wav,1081_TIE_SAD_XX.wav,1081,train,2,sad,2,sad,0.5358493328094482
data/cremad/audio/1081_TSI_ANG_XX.wav,1081_TSI_ANG_XX.wav,1081,train,3,angry,3,angry,0.8755841255187988
data/cremad/audio/1081_TSI_DIS_XX.wav,1081_TSI_DIS_XX.wav,1081,train,5,disgust,5,disgust,0.7375079393386841
data/cremad/audio/1081_TSI_FEA_XX.wav,1081_TSI_FEA_XX.wav,1081,train,4,fearful,4,fearful,0.9736554026603699
data/cremad/audio/1081_TSI_HAP_XX.wav,1081_TSI_HAP_XX.wav,1081,train,1,happy,1,happy,0.811447262763977
data/cremad/audio/1081_TSI_NEU_XX.wav,1081_TSI_NEU_XX.wav,1081,train,0,neutral,0,neutral,0.9633183479309082
data/cremad/audio/1081_TSI_SAD_XX.wav,1081_TSI_SAD_XX.wav,1081,train,2,sad,2,sad,0.7337069511413574
data/cremad/audio/1081_WSI_ANG_XX.wav,1081_WSI_ANG_XX.wav,1081,train,3,angry,2,sad,0.6324121952056885
data/cremad/audio/1081_WSI_DIS_XX.wav,1081_WSI_DIS_XX.wav,1081,train,5,disgust,5,disgust,0.7785166501998901
data/cremad/audio/1081_WSI_FEA_XX.wav,1081_WSI_FEA_XX.wav,1081,train,4,fearful,4,fearful,0.6480231285095215
data/cremad/audio/1081_WSI_HAP_XX.wav,1081_WSI_HAP_XX.wav,1081,train,1,happy,1,happy,0.9345797896385193
data/cremad/audio/1081_WSI_NEU_XX.wav,1081_WSI_NEU_XX.wav,1081,train,0,neutral,0,neutral,0.7960519194602966
data/cremad/audio/1081_WSI_SAD_XX.wav,1081_WSI_SAD_XX.wav,1081,train,2,sad,2,sad,0.7924219965934753
data/cremad/audio/1083_DFA_ANG_XX.wav,1083_DFA_ANG_XX.wav,1083,train,3,angry,3,angry,0.9751805067062378
data/cremad/audio/1083_DFA_DIS_XX.wav,1083_DFA_DIS_XX.wav,1083,train,5,disgust,5,disgust,0.6363692283630371
data/cremad/audio/1083_DFA_FEA_XX.wav,1083_DFA_FEA_XX.wav,1083,train,4,fearful,4,fearful,0.8875157237052917
data/cremad/audio/1083_DFA_HAP_XX.wav,1083_DFA_HAP_XX.wav,1083,train,1,happy,1,happy,0.8247005939483643
data/cremad/audio/1083_DFA_NEU_XX.wav,1083_DFA_NEU_XX.wav,1083,train,0,neutral,0,neutral,0.9942717552185059
data/cremad/audio/1083_DFA_SAD_XX.wav,1083_DFA_SAD_XX.wav,1083,train,2,sad,2,sad,0.6925414204597473
data/cremad/audio/1083_IEO_ANG_HI.wav,1083_IEO_ANG_HI.wav,1083,train,3,angry,3,angry,0.989498496055603
data/cremad/audio/1083_IEO_ANG_LO.wav,1083_IEO_ANG_LO.wav,1083,train,3,angry,3,angry,0.9741268754005432
data/cremad/audio/1083_IEO_ANG_MD.wav,1083_IEO_ANG_MD.wav,1083,train,3,angry,3,angry,0.9973358511924744
data/cremad/audio/1083_IEO_DIS_HI.wav,1083_IEO_DIS_HI.wav,1083,train,5,disgust,5,disgust,0.6236048936843872
data/cremad/audio/1083_IEO_DIS_LO.wav,1083_IEO_DIS_LO.wav,1083,train,5,disgust,5,disgust,0.4767771065235138
data/cremad/audio/1083_IEO_DIS_MD.wav,1083_IEO_DIS_MD.wav,1083,train,5,disgust,2,sad,0.43925875425338745
data/cremad/audio/1083_IEO_FEA_HI.wav,1083_IEO_FEA_HI.wav,1083,train,4,fearful,4,fearful,0.9492544531822205
data/cremad/audio/1083_IEO_FEA_LO.wav,1083_IEO_FEA_LO.wav,1083,train,4,fearful,4,fearful,0.5196886658668518
data/cremad/audio/1083_IEO_FEA_MD.wav,1083_IEO_FEA_MD.wav,1083,train,4,fearful,2,sad,0.5773055553436279
data/cremad/audio/1083_IEO_HAP_HI.wav,1083_IEO_HAP_HI.wav,1083,train,1,happy,1,happy,0.39452028274536133
data/cremad/audio/1083_IEO_HAP_LO.wav,1083_IEO_HAP_LO.wav,1083,train,1,happy,1,happy,0.9877146482467651
data/cremad/audio/1083_IEO_HAP_MD.wav,1083_IEO_HAP_MD.wav,1083,train,1,happy,1,happy,0.8645731806755066
data/cremad/audio/1083_IEO_NEU_XX.wav,1083_IEO_NEU_XX.wav,1083,train,0,neutral,2,sad,0.44182226061820984
data/cremad/audio/1083_IEO_SAD_HI.wav,1083_IEO_SAD_HI.wav,1083,train,2,sad,2,sad,0.7554171085357666
data/cremad/audio/1083_IEO_SAD_LO.wav,1083_IEO_SAD_LO.wav,1083,train,2,sad,2,sad,0.7270050644874573
data/cremad/audio/1083_IEO_SAD_MD.wav,1083_IEO_SAD_MD.wav,1083,train,2,sad,2,sad,0.6729065775871277
data/cremad/audio/1083_IOM_ANG_XX.wav,1083_IOM_ANG_XX.wav,1083,train,3,angry,3,angry,0.8193246722221375
data/cremad/audio/1083_IOM_DIS_XX.wav,1083_IOM_DIS_XX.wav,1083,train,5,disgust,5,disgust,0.48207226395606995
data/cremad/audio/1083_IOM_FEA_XX.wav,1083_IOM_FEA_XX.wav,1083,train,4,fearful,4,fearful,0.7746439576148987
data/cremad/audio/1083_IOM_HAP_XX.wav,1083_IOM_HAP_XX.wav,1083,train,1,happy,1,happy,0.9834453463554382
data/cremad/audio/1083_IOM_NEU_XX.wav,1083_IOM_NEU_XX.wav,1083,train,0,neutral,0,neutral,0.9597002267837524
data/cremad/audio/1083_IOM_SAD_XX.wav,1083_IOM_SAD_XX.wav,1083,train,2,sad,5,disgust,0.4358021914958954
data/cremad/audio/1083_ITH_ANG_XX.wav,1083_ITH_ANG_XX.wav,1083,train,3,angry,1,happy,0.6427478194236755
data/cremad/audio/1083_ITH_DIS_XX.wav,1083_ITH_DIS_XX.wav,1083,train,5,disgust,5,disgust,0.9893708229064941
data/cremad/audio/1083_ITH_FEA_XX.wav,1083_ITH_FEA_XX.wav,1083,train,4,fearful,4,fearful,0.9168458580970764
data/cremad/audio/1083_ITH_HAP_XX.wav,1083_ITH_HAP_XX.wav,1083,train,1,happy,1,happy,0.9653787016868591
data/cremad/audio/1083_ITH_NEU_XX.wav,1083_ITH_NEU_XX.wav,1083,train,0,neutral,0,neutral,0.384994775056839
data/cremad/audio/1083_ITH_SAD_XX.wav,1083_ITH_SAD_XX.wav,1083,train,2,sad,2,sad,0.4146587550640106
data/cremad/audio/1083_ITS_ANG_XX.wav,1083_ITS_ANG_XX.wav,1083,train,3,angry,3,angry,0.9375734329223633
data/cremad/audio/1083_ITS_DIS_XX.wav,1083_ITS_DIS_XX.wav,1083,train,5,disgust,4,fearful,0.48484209179878235
data/cremad/audio/1083_ITS_FEA_XX.wav,1083_ITS_FEA_XX.wav,1083,train,4,fearful,4,fearful,0.8386910557746887
data/cremad/audio/1083_ITS_HAP_XX.wav,1083_ITS_HAP_XX.wav,1083,train,1,happy,1,happy,0.9902224540710449
data/cremad/audio/1083_ITS_NEU_XX.wav,1083_ITS_NEU_XX.wav,1083,train,0,neutral,0,neutral,0.9918116331100464
data/cremad/audio/1083_ITS_SAD_XX.wav,1083_ITS_SAD_XX.wav,1083,train,2,sad,4,fearful,0.5043428540229797
data/cremad/audio/1083_IWL_ANG_XX.wav,1083_IWL_ANG_XX.wav,1083,train,3,angry,3,angry,0.9724971652030945
data/cremad/audio/1083_IWL_DIS_XX.wav,1083_IWL_DIS_XX.wav,1083,train,5,disgust,5,disgust,0.9828159213066101
data/cremad/audio/1083_IWL_FEA_XX.wav,1083_IWL_FEA_XX.wav,1083,train,4,fearful,2,sad,0.745307981967926
data/cremad/audio/1083_IWL_HAP_XX.wav,1083_IWL_HAP_XX.wav,1083,train,1,happy,1,happy,0.5811525583267212
data/cremad/audio/1083_IWL_NEU_XX.wav,1083_IWL_NEU_XX.wav,1083,train,0,neutral,0,neutral,0.9834517240524292
data/cremad/audio/1083_IWL_SAD_XX.wav,1083_IWL_SAD_XX.wav,1083,train,2,sad,2,sad,0.5147242546081543
data/cremad/audio/1083_IWW_ANG_XX.wav,1083_IWW_ANG_XX.wav,1083,train,3,angry,5,disgust,0.6634448766708374
data/cremad/audio/1083_IWW_DIS_XX.wav,1083_IWW_DIS_XX.wav,1083,train,5,disgust,5,disgust,0.7455645799636841
data/cremad/audio/1083_IWW_FEA_XX.wav,1083_IWW_FEA_XX.wav,1083,train,4,fearful,4,fearful,0.8751848340034485
data/cremad/audio/1083_IWW_HAP_XX.wav,1083_IWW_HAP_XX.wav,1083,train,1,happy,1,happy,0.990312933921814
data/cremad/audio/1083_IWW_NEU_XX.wav,1083_IWW_NEU_XX.wav,1083,train,0,neutral,0,neutral,0.638369619846344
data/cremad/audio/1083_IWW_SAD_XX.wav,1083_IWW_SAD_XX.wav,1083,train,2,sad,2,sad,0.4570295810699463
data/cremad/audio/1083_MTI_ANG_XX.wav,1083_MTI_ANG_XX.wav,1083,train,3,angry,3,angry,0.521446704864502
data/cremad/audio/1083_MTI_DIS_XX.wav,1083_MTI_DIS_XX.wav,1083,train,5,disgust,5,disgust,0.8350492715835571
data/cremad/audio/1083_MTI_FEA_XX.wav,1083_MTI_FEA_XX.wav,1083,train,4,fearful,2,sad,0.6371507048606873
data/cremad/audio/1083_MTI_HAP_XX.wav,1083_MTI_HAP_XX.wav,1083,train,1,happy,1,happy,0.9230321049690247
data/cremad/audio/1083_MTI_NEU_XX.wav,1083_MTI_NEU_XX.wav,1083,train,0,neutral,0,neutral,0.8974626660346985
data/cremad/audio/1083_MTI_SAD_XX.wav,1083_MTI_SAD_XX.wav,1083,train,2,sad,2,sad,0.6161850690841675
data/cremad/audio/1083_TAI_ANG_XX.wav,1083_TAI_ANG_XX.wav,1083,train,3,angry,3,angry,0.7445521354675293
data/cremad/audio/1083_TAI_DIS_XX.wav,1083_TAI_DIS_XX.wav,1083,train,5,disgust,5,disgust,0.9657421112060547
data/cremad/audio/1083_TAI_FEA_XX.wav,1083_TAI_FEA_XX.wav,1083,train,4,fearful,4,fearful,0.6422392725944519
data/cremad/audio/1083_TAI_HAP_XX.wav,1083_TAI_HAP_XX.wav,1083,train,1,happy,1,happy,0.7724869251251221
data/cremad/audio/1083_TAI_NEU_XX.wav,1083_TAI_NEU_XX.wav,1083,train,0,neutral,0,neutral,0.9851140975952148
data/cremad/audio/1083_TAI_SAD_XX.wav,1083_TAI_SAD_XX.wav,1083,train,2,sad,2,sad,0.802990198135376
data/cremad/audio/1083_TIE_ANG_XX.wav,1083_TIE_ANG_XX.wav,1083,train,3,angry,5,disgust,0.9045921564102173
data/cremad/audio/1083_TIE_DIS_XX.wav,1083_TIE_DIS_XX.wav,1083,train,5,disgust,5,disgust,0.6989772915840149
data/cremad/audio/1083_TIE_FEA_XX.wav,1083_TIE_FEA_XX.wav,1083,train,4,fearful,4,fearful,0.6378569602966309
data/cremad/audio/1083_TIE_HAP_XX.wav,1083_TIE_HAP_XX.wav,1083,train,1,happy,1,happy,0.9879608750343323
data/cremad/audio/1083_TIE_NEU_XX.wav,1083_TIE_NEU_XX.wav,1083,train,0,neutral,0,neutral,0.8937946557998657
data/cremad/audio/1083_TIE_SAD_XX.wav,1083_TIE_SAD_XX.wav,1083,train,2,sad,4,fearful,0.5400422215461731
data/cremad/audio/1083_TSI_ANG_XX.wav,1083_TSI_ANG_XX.wav,1083,train,3,angry,3,angry,0.9395034313201904
data/cremad/audio/1083_TSI_DIS_XX.wav,1083_TSI_DIS_XX.wav,1083,train,5,disgust,5,disgust,0.9241207242012024
data/cremad/audio/1083_TSI_FEA_XX.wav,1083_TSI_FEA_XX.wav,1083,train,4,fearful,2,sad,0.46397656202316284
data/cremad/audio/1083_TSI_HAP_XX.wav,1083_TSI_HAP_XX.wav,1083,train,1,happy,1,happy,0.964769721031189
data/cremad/audio/1083_TSI_NEU_XX.wav,1083_TSI_NEU_XX.wav,1083,train,0,neutral,0,neutral,0.9061187505722046
data/cremad/audio/1083_TSI_SAD_XX.wav,1083_TSI_SAD_XX.wav,1083,train,2,sad,2,sad,0.8961083889007568
data/cremad/audio/1083_WSI_ANG_XX.wav,1083_WSI_ANG_XX.wav,1083,train,3,angry,3,angry,0.9949573874473572
data/cremad/audio/1083_WSI_DIS_XX.wav,1083_WSI_DIS_XX.wav,1083,train,5,disgust,5,disgust,0.8389654755592346
data/cremad/audio/1083_WSI_FEA_XX.wav,1083_WSI_FEA_XX.wav,1083,train,4,fearful,4,fearful,0.6060215830802917
data/cremad/audio/1083_WSI_HAP_XX.wav,1083_WSI_HAP_XX.wav,1083,train,1,happy,1,happy,0.9359134435653687
data/cremad/audio/1083_WSI_NEU_XX.wav,1083_WSI_NEU_XX.wav,1083,train,0,neutral,0,neutral,0.9966668486595154
data/cremad/audio/1083_WSI_SAD_XX.wav,1083_WSI_SAD_XX.wav,1083,train,2,sad,2,sad,0.9127795100212097
data/cremad/audio/1084_DFA_ANG_XX.wav,1084_DFA_ANG_XX.wav,1084,train,3,angry,3,angry,0.6322107911109924
data/cremad/audio/1084_DFA_DIS_XX.wav,1084_DFA_DIS_XX.wav,1084,train,5,disgust,5,disgust,0.9078439474105835
data/cremad/audio/1084_DFA_FEA_XX.wav,1084_DFA_FEA_XX.wav,1084,train,4,fearful,4,fearful,0.8215464353561401
data/cremad/audio/1084_DFA_HAP_XX.wav,1084_DFA_HAP_XX.wav,1084,train,1,happy,1,happy,0.8239334225654602
data/cremad/audio/1084_DFA_NEU_XX.wav,1084_DFA_NEU_XX.wav,1084,train,0,neutral,0,neutral,0.9623556733131409
data/cremad/audio/1084_DFA_SAD_XX.wav,1084_DFA_SAD_XX.wav,1084,train,2,sad,4,fearful,0.5357242226600647
data/cremad/audio/1084_IEO_ANG_HI.wav,1084_IEO_ANG_HI.wav,1084,train,3,angry,3,angry,0.9651910662651062
data/cremad/audio/1084_IEO_ANG_LO.wav,1084_IEO_ANG_LO.wav,1084,train,3,angry,3,angry,0.5057256817817688
data/cremad/audio/1084_IEO_ANG_MD.wav,1084_IEO_ANG_MD.wav,1084,train,3,angry,3,angry,0.766956090927124
data/cremad/audio/1084_IEO_DIS_HI.wav,1084_IEO_DIS_HI.wav,1084,train,5,disgust,5,disgust,0.680395245552063
data/cremad/audio/1084_IEO_DIS_LO.wav,1084_IEO_DIS_LO.wav,1084,train,5,disgust,5,disgust,0.6468265056610107
data/cremad/audio/1084_IEO_DIS_MD.wav,1084_IEO_DIS_MD.wav,1084,train,5,disgust,1,happy,0.6440905928611755
data/cremad/audio/1084_IEO_FEA_HI.wav,1084_IEO_FEA_HI.wav,1084,train,4,fearful,4,fearful,0.9800539612770081
data/cremad/audio/1084_IEO_FEA_LO.wav,1084_IEO_FEA_LO.wav,1084,train,4,fearful,4,fearful,0.44274967908859253
data/cremad/audio/1084_IEO_FEA_MD.wav,1084_IEO_FEA_MD.wav,1084,train,4,fearful,2,sad,0.7062988877296448
data/cremad/audio/1084_IEO_HAP_HI.wav,1084_IEO_HAP_HI.wav,1084,train,1,happy,1,happy,0.9558575749397278
data/cremad/audio/1084_IEO_HAP_LO.wav,1084_IEO_HAP_LO.wav,1084,train,1,happy,1,happy,0.9844735860824585
data/cremad/audio/1084_IEO_HAP_MD.wav,1084_IEO_HAP_MD.wav,1084,train,1,happy,1,happy,0.8859214782714844
data/cremad/audio/1084_IEO_NEU_XX.wav,1084_IEO_NEU_XX.wav,1084,train,0,neutral,0,neutral,0.9835688471794128
data/cremad/audio/1084_IEO_SAD_HI.wav,1084_IEO_SAD_HI.wav,1084,train,2,sad,2,sad,0.802979052066803
data/cremad/audio/1084_IEO_SAD_LO.wav,1084_IEO_SAD_LO.wav,1084,train,2,sad,2,sad,0.8474844694137573
data/cremad/audio/1084_IEO_SAD_MD.wav,1084_IEO_SAD_MD.wav,1084,train,2,sad,2,sad,0.8596403002738953
data/cremad/audio/1084_IOM_ANG_XX.wav,1084_IOM_ANG_XX.wav,1084,train,3,angry,3,angry,0.8960930109024048
data/cremad/audio/1084_IOM_DIS_XX.wav,1084_IOM_DIS_XX.wav,1084,train,5,disgust,2,sad,0.49111536145210266
data/cremad/audio/1084_IOM_FEA_XX.wav,1084_IOM_FEA_XX.wav,1084,train,4,fearful,4,fearful,0.491448312997818
data/cremad/audio/1084_IOM_HAP_XX.wav,1084_IOM_HAP_XX.wav,1084,train,1,happy,1,happy,0.8223227262496948
data/cremad/audio/1084_IOM_NEU_XX.wav,1084_IOM_NEU_XX.wav,1084,train,0,neutral,0,neutral,0.9591410160064697
data/cremad/audio/1084_IOM_SAD_XX.wav,1084_IOM_SAD_XX.wav,1084,train,2,sad,2,sad,0.7997389435768127
data/cremad/audio/1084_ITH_ANG_XX.wav,1084_ITH_ANG_XX.wav,1084,train,3,angry,0,neutral,0.42612600326538086
data/cremad/audio/1084_ITH_DIS_XX.wav,1084_ITH_DIS_XX.wav,1084,train,5,disgust,5,disgust,0.8279053568840027
data/cremad/audio/1084_ITH_FEA_XX.wav,1084_ITH_FEA_XX.wav,1084,train,4,fearful,4,fearful,0.746482789516449
data/cremad/audio/1084_ITH_HAP_XX.wav,1084_ITH_HAP_XX.wav,1084,train,1,happy,1,happy,0.533082127571106
data/cremad/audio/1084_ITH_NEU_XX.wav,1084_ITH_NEU_XX.wav,1084,train,0,neutral,0,neutral,0.9957787990570068
data/cremad/audio/1084_ITH_SAD_XX.wav,1084_ITH_SAD_XX.wav,1084,train,2,sad,2,sad,0.4991956055164337
data/cremad/audio/1084_ITS_ANG_XX.wav,1084_ITS_ANG_XX.wav,1084,train,3,angry,5,disgust,0.4902866780757904
data/cremad/audio/1084_ITS_DIS_XX.wav,1084_ITS_DIS_XX.wav,1084,train,5,disgust,5,disgust,0.7189000844955444
data/cremad/audio/1084_ITS_FEA_XX.wav,1084_ITS_FEA_XX.wav,1084,train,4,fearful,2,sad,0.5285999774932861
data/cremad/audio/1084_ITS_HAP_XX.wav,1084_ITS_HAP_XX.wav,1084,train,1,happy,1,happy,0.8444826006889343
data/cremad/audio/1084_ITS_NEU_XX.wav,1084_ITS_NEU_XX.wav,1084,train,0,neutral,0,neutral,0.9971839785575867
data/cremad/audio/1084_ITS_SAD_XX.wav,1084_ITS_SAD_XX.wav,1084,train,2,sad,2,sad,0.6151726245880127
data/cremad/audio/1084_IWL_ANG_XX.wav,1084_IWL_ANG_XX.wav,1084,train,3,angry,5,disgust,0.500442385673523
data/cremad/audio/1084_IWL_DIS_XX.wav,1084_IWL_DIS_XX.wav,1084,train,5,disgust,5,disgust,0.7855241894721985
data/cremad/audio/1084_IWL_FEA_XX.wav,1084_IWL_FEA_XX.wav,1084,train,4,fearful,4,fearful,0.7304071187973022
data/cremad/audio/1084_IWL_HAP_XX.wav,1084_IWL_HAP_XX.wav,1084,train,1,happy,1,happy,0.8458009362220764
data/cremad/audio/1084_IWL_NEU_XX.wav,1084_IWL_NEU_XX.wav,1084,train,0,neutral,0,neutral,0.9920616149902344
data/cremad/audio/1084_IWL_SAD_XX.wav,1084_IWL_SAD_XX.wav,1084,train,2,sad,2,sad,0.6577034592628479
data/cremad/audio/1084_IWW_ANG_XX.wav,1084_IWW_ANG_XX.wav,1084,train,3,angry,3,angry,0.9009495377540588
data/cremad/audio/1084_IWW_DIS_XX.wav,1084_IWW_DIS_XX.wav,1084,train,5,disgust,5,disgust,0.8150205612182617
data/cremad/audio/1084_IWW_FEA_XX.wav,1084_IWW_FEA_XX.wav,1084,train,4,fearful,2,sad,0.5617880821228027
data/cremad/audio/1084_IWW_HAP_XX.wav,1084_IWW_HAP_XX.wav,1084,train,1,happy,5,disgust,0.30042320489883423
data/cremad/audio/1084_IWW_NEU_XX.wav,1084_IWW_NEU_XX.wav,1084,train,0,neutral,0,neutral,0.9942345023155212
data/cremad/audio/1084_IWW_SAD_XX.wav,1084_IWW_SAD_XX.wav,1084,train,2,sad,2,sad,0.5965980291366577
data/cremad/audio/1084_MTI_ANG_XX.wav,1084_MTI_ANG_XX.wav,1084,train,3,angry,3,angry,0.5629823207855225
data/cremad/audio/1084_MTI_DIS_XX.wav,1084_MTI_DIS_XX.wav,1084,train,5,disgust,2,sad,0.4485381841659546
data/cremad/audio/1084_MTI_FEA_XX.wav,1084_MTI_FEA_XX.wav,1084,train,4,fearful,4,fearful,0.4973605275154114
data/cremad/audio/1084_MTI_HAP_XX.wav,1084_MTI_HAP_XX.wav,1084,train,1,happy,1,happy,0.4108794629573822
data/cremad/audio/1084_MTI_NEU_XX.wav,1084_MTI_NEU_XX.wav,1084,train,0,neutral,0,neutral,0.9932631850242615
data/cremad/audio/1084_MTI_SAD_XX.wav,1084_MTI_SAD_XX.wav,1084,train,2,sad,2,sad,0.6880195736885071
data/cremad/audio/1084_TAI_ANG_XX.wav,1084_TAI_ANG_XX.wav,1084,train,3,angry,3,angry,0.5385310053825378
data/cremad/audio/1084_TAI_DIS_XX.wav,1084_TAI_DIS_XX.wav,1084,train,5,disgust,5,disgust,0.3963664770126343
data/cremad/audio/1084_TAI_FEA_XX.wav,1084_TAI_FEA_XX.wav,1084,train,4,fearful,4,fearful,0.5318626165390015
data/cremad/audio/1084_TAI_HAP_XX.wav,1084_TAI_HAP_XX.wav,1084,train,1,happy,2,sad,0.4094316363334656
data/cremad/audio/1084_TAI_NEU_XX.wav,1084_TAI_NEU_XX.wav,1084,train,0,neutral,0,neutral,0.9937415719032288
data/cremad/audio/1084_TAI_SAD_XX.wav,1084_TAI_SAD_XX.wav,1084,train,2,sad,2,sad,0.46975916624069214
data/cremad/audio/1084_TIE_ANG_XX.wav,1084_TIE_ANG_XX.wav,1084,train,3,angry,1,happy,0.4761638343334198
data/cremad/audio/1084_TIE_DIS_XX.wav,1084_TIE_DIS_XX.wav,1084,train,5,disgust,5,disgust,0.6759611368179321
data/cremad/audio/1084_TIE_FEA_XX.wav,1084_TIE_FEA_XX.wav,1084,train,4,fearful,4,fearful,0.513289749622345
data/cremad/audio/1084_TIE_HAP_XX.wav,1084_TIE_HAP_XX.wav,1084,train,1,happy,1,happy,0.9465544819831848
data/cremad/audio/1084_TIE_NEU_XX.wav,1084_TIE_NEU_XX.wav,1084,train,0,neutral,0,neutral,0.8797414898872375
data/cremad/audio/1084_TIE_SAD_XX.wav,1084_TIE_SAD_XX.wav,1084,train,2,sad,2,sad,0.4878193438053131
data/cremad/audio/1084_TSI_ANG_XX.wav,1084_TSI_ANG_XX.wav,1084,train,3,angry,3,angry,0.915274977684021
data/cremad/audio/1084_TSI_DIS_XX.wav,1084_TSI_DIS_XX.wav,1084,train,5,disgust,5,disgust,0.9099645018577576
data/cremad/audio/1084_TSI_FEA_XX.wav,1084_TSI_FEA_XX.wav,1084,train,4,fearful,4,fearful,0.6533269286155701
data/cremad/audio/1084_TSI_HAP_XX.wav,1084_TSI_HAP_XX.wav,1084,train,1,happy,1,happy,0.9057154655456543
data/cremad/audio/1084_TSI_NEU_XX.wav,1084_TSI_NEU_XX.wav,1084,train,0,neutral,0,neutral,0.9543592929840088
data/cremad/audio/1084_TSI_SAD_XX.wav,1084_TSI_SAD_XX.wav,1084,train,2,sad,2,sad,0.5914627909660339
data/cremad/audio/1084_WSI_ANG_XX.wav,1084_WSI_ANG_XX.wav,1084,train,3,angry,1,happy,0.5181097984313965
data/cremad/audio/1084_WSI_DIS_XX.wav,1084_WSI_DIS_XX.wav,1084,train,5,disgust,5,disgust,0.9073998928070068
data/cremad/audio/1084_WSI_FEA_XX.wav,1084_WSI_FEA_XX.wav,1084,train,4,fearful,2,sad,0.7507106065750122
data/cremad/audio/1084_WSI_HAP_XX.wav,1084_WSI_HAP_XX.wav,1084,train,1,happy,1,happy,0.9802008867263794
data/cremad/audio/1084_WSI_NEU_XX.wav,1084_WSI_NEU_XX.wav,1084,train,0,neutral,0,neutral,0.9497919678688049
data/cremad/audio/1084_WSI_SAD_XX.wav,1084_WSI_SAD_XX.wav,1084,train,2,sad,2,sad,0.8668903112411499
data/cremad/audio/1085_DFA_ANG_XX.wav,1085_DFA_ANG_XX.wav,1085,train,3,angry,3,angry,0.9972840547561646
data/cremad/audio/1085_DFA_DIS_XX.wav,1085_DFA_DIS_XX.wav,1085,train,5,disgust,5,disgust,0.9618501663208008
data/cremad/audio/1085_DFA_FEA_XX.wav,1085_DFA_FEA_XX.wav,1085,train,4,fearful,2,sad,0.5722434520721436
data/cremad/audio/1085_DFA_HAP_XX.wav,1085_DFA_HAP_XX.wav,1085,train,1,happy,1,happy,0.908336341381073
data/cremad/audio/1085_DFA_NEU_XX.wav,1085_DFA_NEU_XX.wav,1085,train,0,neutral,0,neutral,0.7434792518615723
data/cremad/audio/1085_DFA_SAD_XX.wav,1085_DFA_SAD_XX.wav,1085,train,2,sad,2,sad,0.697266161441803
data/cremad/audio/1085_IEO_ANG_HI.wav,1085_IEO_ANG_HI.wav,1085,train,3,angry,3,angry,0.9995530247688293
data/cremad/audio/1085_IEO_ANG_LO.wav,1085_IEO_ANG_LO.wav,1085,train,3,angry,3,angry,0.7723788619041443
data/cremad/audio/1085_IEO_ANG_MD.wav,1085_IEO_ANG_MD.wav,1085,train,3,angry,3,angry,0.9290745854377747
data/cremad/audio/1085_IEO_DIS_HI.wav,1085_IEO_DIS_HI.wav,1085,train,5,disgust,5,disgust,0.8629955649375916
data/cremad/audio/1085_IEO_DIS_LO.wav,1085_IEO_DIS_LO.wav,1085,train,5,disgust,5,disgust,0.8166500926017761
data/cremad/audio/1085_IEO_DIS_MD.wav,1085_IEO_DIS_MD.wav,1085,train,5,disgust,5,disgust,0.5185996890068054
data/cremad/audio/1085_IEO_FEA_HI.wav,1085_IEO_FEA_HI.wav,1085,train,4,fearful,5,disgust,0.4955635368824005
data/cremad/audio/1085_IEO_FEA_LO.wav,1085_IEO_FEA_LO.wav,1085,train,4,fearful,0,neutral,0.5376300811767578
data/cremad/audio/1085_IEO_FEA_MD.wav,1085_IEO_FEA_MD.wav,1085,train,4,fearful,2,sad,0.5658456087112427
data/cremad/audio/1085_IEO_HAP_HI.wav,1085_IEO_HAP_HI.wav,1085,train,1,happy,1,happy,0.9478650093078613
data/cremad/audio/1085_IEO_HAP_LO.wav,1085_IEO_HAP_LO.wav,1085,train,1,happy,1,happy,0.9193655252456665
data/cremad/audio/1085_IEO_HAP_MD.wav,1085_IEO_HAP_MD.wav,1085,train,1,happy,1,happy,0.9788128137588501
data/cremad/audio/1085_IEO_NEU_XX.wav,1085_IEO_NEU_XX.wav,1085,train,0,neutral,0,neutral,0.7217501997947693
data/cremad/audio/1085_IEO_SAD_HI.wav,1085_IEO_SAD_HI.wav,1085,train,2,sad,2,sad,0.6323862075805664
data/cremad/audio/1085_IEO_SAD_LO.wav,1085_IEO_SAD_LO.wav,1085,train,2,sad,2,sad,0.519460916519165
data/cremad/audio/1085_IEO_SAD_MD.wav,1085_IEO_SAD_MD.wav,1085,train,2,sad,2,sad,0.7307342290878296
data/cremad/audio/1085_IOM_ANG_XX.wav,1085_IOM_ANG_XX.wav,1085,train,3,angry,3,angry,0.9956226944923401
data/cremad/audio/1085_IOM_DIS_XX.wav,1085_IOM_DIS_XX.wav,1085,train,5,disgust,5,disgust,0.9598171710968018
data/cremad/audio/1085_IOM_FEA_XX.wav,1085_IOM_FEA_XX.wav,1085,train,4,fearful,2,sad,0.6630849838256836
data/cremad/audio/1085_IOM_HAP_XX.wav,1085_IOM_HAP_XX.wav,1085,train,1,happy,0,neutral,0.7720539569854736
data/cremad/audio/1085_IOM_NEU_XX.wav,1085_IOM_NEU_XX.wav,1085,train,0,neutral,0,neutral,0.905410647392273
data/cremad/audio/1085_IOM_SAD_XX.wav,1085_IOM_SAD_XX.wav,1085,train,2,sad,2,sad,0.6832126975059509
data/cremad/audio/1085_ITH_ANG_XX.wav,1085_ITH_ANG_XX.wav,1085,train,3,angry,3,angry,0.9946289658546448
data/cremad/audio/1085_ITH_DIS_XX.wav,1085_ITH_DIS_XX.wav,1085,train,5,disgust,5,disgust,0.6474663019180298
data/cremad/audio/1085_ITH_FEA_XX.wav,1085_ITH_FEA_XX.wav,1085,train,4,fearful,2,sad,0.7123055458068848
data/cremad/audio/1085_ITH_HAP_XX.wav,1085_ITH_HAP_XX.wav,1085,train,1,happy,1,happy,0.9597700238227844
data/cremad/audio/1085_ITH_NEU_XX.wav,1085_ITH_NEU_XX.wav,1085,train,0,neutral,0,neutral,0.9893223643302917
data/cremad/audio/1085_ITH_SAD_XX.wav,1085_ITH_SAD_XX.wav,1085,train,2,sad,2,sad,0.7845048308372498
data/cremad/audio/1085_ITS_ANG_XX.wav,1085_ITS_ANG_XX.wav,1085,train,3,angry,3,angry,0.9991814494132996
data/cremad/audio/1085_ITS_DIS_XX.wav,1085_ITS_DIS_XX.wav,1085,train,5,disgust,5,disgust,0.9283486008644104
data/cremad/audio/1085_ITS_FEA_XX.wav,1085_ITS_FEA_XX.wav,1085,train,4,fearful,2,sad,0.7581102848052979
data/cremad/audio/1085_ITS_HAP_XX.wav,1085_ITS_HAP_XX.wav,1085,train,1,happy,1,happy,0.9907540082931519
data/cremad/audio/1085_ITS_NEU_XX.wav,1085_ITS_NEU_XX.wav,1085,train,0,neutral,0,neutral,0.9932124614715576
data/cremad/audio/1085_ITS_SAD_XX.wav,1085_ITS_SAD_XX.wav,1085,train,2,sad,2,sad,0.7313533425331116
data/cremad/audio/1085_IWL_ANG_XX.wav,1085_IWL_ANG_XX.wav,1085,train,3,angry,3,angry,0.9967787861824036
data/cremad/audio/1085_IWL_DIS_XX.wav,1085_IWL_DIS_XX.wav,1085,train,5,disgust,5,disgust,0.653117299079895
data/cremad/audio/1085_IWL_FEA_XX.wav,1085_IWL_FEA_XX.wav,1085,train,4,fearful,5,disgust,0.4598282277584076
data/cremad/audio/1085_IWL_HAP_XX.wav,1085_IWL_HAP_XX.wav,1085,train,1,happy,1,happy,0.5055716633796692
data/cremad/audio/1085_IWL_NEU_XX.wav,1085_IWL_NEU_XX.wav,1085,train,0,neutral,0,neutral,0.9961340427398682
data/cremad/audio/1085_IWL_SAD_XX.wav,1085_IWL_SAD_XX.wav,1085,train,2,sad,2,sad,0.6210222244262695
data/cremad/audio/1085_IWW_ANG_XX.wav,1085_IWW_ANG_XX.wav,1085,train,3,angry,3,angry,0.7818819284439087
data/cremad/audio/1085_IWW_DIS_XX.wav,1085_IWW_DIS_XX.wav,1085,train,5,disgust,5,disgust,0.8439527750015259
data/cremad/audio/1085_IWW_FEA_XX.wav,1085_IWW_FEA_XX.wav,1085,train,4,fearful,4,fearful,0.7049331068992615
data/cremad/audio/1085_IWW_HAP_XX.wav,1085_IWW_HAP_XX.wav,1085,train,1,happy,1,happy,0.5209323763847351
data/cremad/audio/1085_IWW_NEU_XX.wav,1085_IWW_NEU_XX.wav,1085,train,0,neutral,0,neutral,0.906022310256958
data/cremad/audio/1085_IWW_SAD_XX.wav,1085_IWW_SAD_XX.wav,1085,train,2,sad,2,sad,0.8197757601737976
data/cremad/audio/1085_MTI_ANG_XX.wav,1085_MTI_ANG_XX.wav,1085,train,3,angry,3,angry,0.9724370837211609
data/cremad/audio/1085_MTI_DIS_XX.wav,1085_MTI_DIS_XX.wav,1085,train,5,disgust,0,neutral,0.33064746856689453
data/cremad/audio/1085_MTI_FEA_XX.wav,1085_MTI_FEA_XX.wav,1085,train,4,fearful,2,sad,0.583044171333313
data/cremad/audio/1085_MTI_HAP_XX.wav,1085_MTI_HAP_XX.wav,1085,train,1,happy,1,happy,0.85252445936203
data/cremad/audio/1085_MTI_NEU_XX.wav,1085_MTI_NEU_XX.wav,1085,train,0,neutral,0,neutral,0.9972506165504456
data/cremad/audio/1085_MTI_SAD_XX.wav,1085_MTI_SAD_XX.wav,1085,train,2,sad,2,sad,0.7864512801170349
data/cremad/audio/1085_TAI_ANG_XX.wav,1085_TAI_ANG_XX.wav,1085,train,3,angry,3,angry,0.9585995674133301
data/cremad/audio/1085_TAI_DIS_XX.wav,1085_TAI_DIS_XX.wav,1085,train,5,disgust,5,disgust,0.7384966611862183
data/cremad/audio/1085_TAI_FEA_XX.wav,1085_TAI_FEA_XX.wav,1085,train,4,fearful,2,sad,0.8340078592300415
data/cremad/audio/1085_TAI_HAP_XX.wav,1085_TAI_HAP_XX.wav,1085,train,1,happy,1,happy,0.5707101821899414
data/cremad/audio/1085_TAI_NEU_XX.wav,1085_TAI_NEU_XX.wav,1085,train,0,neutral,0,neutral,0.9569860696792603
data/cremad/audio/1085_TAI_SAD_XX.wav,1085_TAI_SAD_XX.wav,1085,train,2,sad,2,sad,0.9088055491447449
data/cremad/audio/1085_TIE_ANG_XX.wav,1085_TIE_ANG_XX.wav,1085,train,3,angry,3,angry,0.8697615265846252
data/cremad/audio/1085_TIE_DIS_XX.wav,1085_TIE_DIS_XX.wav,1085,train,5,disgust,5,disgust,0.9483760595321655
data/cremad/audio/1085_TIE_FEA_XX.wav,1085_TIE_FEA_XX.wav,1085,train,4,fearful,2,sad,0.7332714796066284
data/cremad/audio/1085_TIE_HAP_XX.wav,1085_TIE_HAP_XX.wav,1085,train,1,happy,1,happy,0.9041549563407898
data/cremad/audio/1085_TIE_NEU_XX.wav,1085_TIE_NEU_XX.wav,1085,train,0,neutral,0,neutral,0.9907230734825134
data/cremad/audio/1085_TIE_SAD_XX.wav,1085_TIE_SAD_XX.wav,1085,train,2,sad,2,sad,0.8859257698059082
data/cremad/audio/1085_TSI_ANG_XX.wav,1085_TSI_ANG_XX.wav,1085,train,3,angry,3,angry,0.7361452579498291
data/cremad/audio/1085_TSI_DIS_XX.wav,1085_TSI_DIS_XX.wav,1085,train,5,disgust,5,disgust,0.9068993926048279
data/cremad/audio/1085_TSI_FEA_XX.wav,1085_TSI_FEA_XX.wav,1085,train,4,fearful,2,sad,0.4294804036617279
data/cremad/audio/1085_TSI_HAP_XX.wav,1085_TSI_HAP_XX.wav,1085,train,1,happy,1,happy,0.9807053208351135
data/cremad/audio/1085_TSI_NEU_XX.wav,1085_TSI_NEU_XX.wav,1085,train,0,neutral,0,neutral,0.9318668842315674
data/cremad/audio/1085_TSI_SAD_XX.wav,1085_TSI_SAD_XX.wav,1085,train,2,sad,2,sad,0.8592614531517029
data/cremad/audio/1085_WSI_ANG_XX.wav,1085_WSI_ANG_XX.wav,1085,train,3,angry,3,angry,0.9993959665298462
data/cremad/audio/1085_WSI_DIS_XX.wav,1085_WSI_DIS_XX.wav,1085,train,5,disgust,5,disgust,0.9858623147010803
data/cremad/audio/1085_WSI_FEA_XX.wav,1085_WSI_FEA_XX.wav,1085,train,4,fearful,2,sad,0.4884876012802124
data/cremad/audio/1085_WSI_HAP_XX.wav,1085_WSI_HAP_XX.wav,1085,train,1,happy,1,happy,0.9617511630058289
data/cremad/audio/1085_WSI_NEU_XX.wav,1085_WSI_NEU_XX.wav,1085,train,0,neutral,0,neutral,0.7788051962852478
data/cremad/audio/1085_WSI_SAD_XX.wav,1085_WSI_SAD_XX.wav,1085,train,2,sad,2,sad,0.8723263144493103
data/cremad/audio/1086_DFA_ANG_XX.wav,1086_DFA_ANG_XX.wav,1086,train,3,angry,3,angry,0.9978309273719788
data/cremad/audio/1086_DFA_DIS_XX.wav,1086_DFA_DIS_XX.wav,1086,train,5,disgust,5,disgust,0.9683757424354553
data/cremad/audio/1086_DFA_FEA_XX.wav,1086_DFA_FEA_XX.wav,1086,train,4,fearful,4,fearful,0.9308779835700989
data/cremad/audio/1086_DFA_HAP_XX.wav,1086_DFA_HAP_XX.wav,1086,train,1,happy,1,happy,0.8228195905685425
data/cremad/audio/1086_DFA_NEU_XX.wav,1086_DFA_NEU_XX.wav,1086,train,0,neutral,0,neutral,0.9913337826728821
data/cremad/audio/1086_DFA_SAD_XX.wav,1086_DFA_SAD_XX.wav,1086,train,2,sad,2,sad,0.6708165407180786
data/cremad/audio/1086_IEO_ANG_HI.wav,1086_IEO_ANG_HI.wav,1086,train,3,angry,3,angry,0.9864766597747803
data/cremad/audio/1086_IEO_ANG_LO.wav,1086_IEO_ANG_LO.wav,1086,train,3,angry,1,happy,0.5138830542564392
data/cremad/audio/1086_IEO_ANG_MD.wav,1086_IEO_ANG_MD.wav,1086,train,3,angry,3,angry,0.9951367974281311
data/cremad/audio/1086_IEO_DIS_HI.wav,1086_IEO_DIS_HI.wav,1086,train,5,disgust,5,disgust,0.8410264253616333
data/cremad/audio/1086_IEO_DIS_LO.wav,1086_IEO_DIS_LO.wav,1086,train,5,disgust,5,disgust,0.5595890879631042
data/cremad/audio/1086_IEO_DIS_MD.wav,1086_IEO_DIS_MD.wav,1086,train,5,disgust,5,disgust,0.811775267124176
data/cremad/audio/1086_IEO_FEA_HI.wav,1086_IEO_FEA_HI.wav,1086,train,4,fearful,4,fearful,0.8451184034347534
data/cremad/audio/1086_IEO_FEA_LO.wav,1086_IEO_FEA_LO.wav,1086,train,4,fearful,1,happy,0.6843284368515015
data/cremad/audio/1086_IEO_FEA_MD.wav,1086_IEO_FEA_MD.wav,1086,train,4,fearful,4,fearful,0.8249852061271667
data/cremad/audio/1086_IEO_HAP_HI.wav,1086_IEO_HAP_HI.wav,1086,train,1,happy,1,happy,0.9056975841522217
data/cremad/audio/1086_IEO_HAP_LO.wav,1086_IEO_HAP_LO.wav,1086,train,1,happy,1,happy,0.9768713116645813
data/cremad/audio/1086_IEO_HAP_MD.wav,1086_IEO_HAP_MD.wav,1086,train,1,happy,5,disgust,0.5647918581962585
data/cremad/audio/1086_IEO_NEU_XX.wav,1086_IEO_NEU_XX.wav,1086,train,0,neutral,0,neutral,0.4412185549736023
data/cremad/audio/1086_IEO_SAD_HI.wav,1086_IEO_SAD_HI.wav,1086,train,2,sad,4,fearful,0.5019603967666626
data/cremad/audio/1086_IEO_SAD_LO.wav,1086_IEO_SAD_LO.wav,1086,train,2,sad,2,sad,0.42842718958854675
data/cremad/audio/1086_IEO_SAD_MD.wav,1086_IEO_SAD_MD.wav,1086,train,2,sad,5,disgust,0.5218403339385986
data/cremad/audio/1086_IOM_ANG_XX.wav,1086_IOM_ANG_XX.wav,1086,train,3,angry,3,angry,0.9984153509140015
data/cremad/audio/1086_IOM_DIS_XX.wav,1086_IOM_DIS_XX.wav,1086,train,5,disgust,5,disgust,0.6757680177688599
data/cremad/audio/1086_IOM_FEA_XX.wav,1086_IOM_FEA_XX.wav,1086,train,4,fearful,0,neutral,0.3170239329338074
data/cremad/audio/1086_IOM_HAP_XX.wav,1086_IOM_HAP_XX.wav,1086,train,1,happy,1,happy,0.976421594619751
data/cremad/audio/1086_IOM_NEU_XX.wav,1086_IOM_NEU_XX.wav,1086,train,0,neutral,0,neutral,0.9032374024391174
data/cremad/audio/1086_IOM_SAD_XX.wav,1086_IOM_SAD_XX.wav,1086,train,2,sad,2,sad,0.6624314785003662
data/cremad/audio/1086_ITH_ANG_XX.wav,1086_ITH_ANG_XX.wav,1086,train,3,angry,3,angry,0.6704557538032532
data/cremad/audio/1086_ITH_DIS_XX.wav,1086_ITH_DIS_XX.wav,1086,train,5,disgust,5,disgust,0.804733395576477
data/cremad/audio/1086_ITH_FEA_XX.wav,1086_ITH_FEA_XX.wav,1086,train,4,fearful,1,happy,0.6892725229263306
data/cremad/audio/1086_ITH_HAP_XX.wav,1086_ITH_HAP_XX.wav,1086,train,1,happy,1,happy,0.9759524464607239
data/cremad/audio/1086_ITH_NEU_XX.wav,1086_ITH_NEU_XX.wav,1086,train,0,neutral,0,neutral,0.9905451536178589
data/cremad/audio/1086_ITH_SAD_XX.wav,1086_ITH_SAD_XX.wav,1086,train,2,sad,2,sad,0.9061048626899719
data/cremad/audio/1086_ITS_ANG_XX.wav,1086_ITS_ANG_XX.wav,1086,train,3,angry,3,angry,0.9986945986747742
data/cremad/audio/1086_ITS_DIS_XX.wav,1086_ITS_DIS_XX.wav,1086,train,5,disgust,5,disgust,0.8450743556022644
data/cremad/audio/1086_ITS_FEA_XX.wav,1086_ITS_FEA_XX.wav,1086,train,4,fearful,1,happy,0.6207613945007324
data/cremad/audio/1086_ITS_HAP_XX.wav,1086_ITS_HAP_XX.wav,1086,train,1,happy,1,happy,0.9974281191825867
data/cremad/audio/1086_ITS_NEU_XX.wav,1086_ITS_NEU_XX.wav,1086,train,0,neutral,0,neutral,0.9767444133758545
data/cremad/audio/1086_ITS_SAD_XX.wav,1086_ITS_SAD_XX.wav,1086,train,2,sad,2,sad,0.83296799659729
data/cremad/audio/1086_IWL_ANG_XX.wav,1086_IWL_ANG_XX.wav,1086,train,3,angry,3,angry,0.8302240371704102
data/cremad/audio/1086_IWL_DIS_XX.wav,1086_IWL_DIS_XX.wav,1086,train,5,disgust,5,disgust,0.8216260671615601
data/cremad/audio/1086_IWL_FEA_XX.wav,1086_IWL_FEA_XX.wav,1086,train,4,fearful,4,fearful,0.8197179436683655
data/cremad/audio/1086_IWL_HAP_XX.wav,1086_IWL_HAP_XX.wav,1086,train,1,happy,1,happy,0.823083221912384
data/cremad/audio/1086_IWL_NEU_XX.wav,1086_IWL_NEU_XX.wav,1086,train,0,neutral,0,neutral,0.8963887691497803
data/cremad/audio/1086_IWL_SAD_XX.wav,1086_IWL_SAD_XX.wav,1086,train,2,sad,2,sad,0.5262662768363953
data/cremad/audio/1086_IWW_ANG_XX.wav,1086_IWW_ANG_XX.wav,1086,train,3,angry,3,angry,0.8703265190124512
data/cremad/audio/1086_IWW_DIS_XX.wav,1086_IWW_DIS_XX.wav,1086,train,5,disgust,5,disgust,0.651626467704773
data/cremad/audio/1086_IWW_FEA_XX.wav,1086_IWW_FEA_XX.wav,1086,train,4,fearful,4,fearful,0.6876101493835449
data/cremad/audio/1086_IWW_HAP_XX.wav,1086_IWW_HAP_XX.wav,1086,train,1,happy,1,happy,0.9682776927947998
data/cremad/audio/1086_IWW_NEU_XX.wav,1086_IWW_NEU_XX.wav,1086,train,0,neutral,0,neutral,0.9904040098190308
data/cremad/audio/1086_IWW_SAD_XX.wav,1086_IWW_SAD_XX.wav,1086,train,2,sad,2,sad,0.7737599611282349
data/cremad/audio/1086_MTI_ANG_XX.wav,1086_MTI_ANG_XX.wav,1086,train,3,angry,3,angry,0.9597504734992981
data/cremad/audio/1086_MTI_DIS_XX.wav,1086_MTI_DIS_XX.wav,1086,train,5,disgust,5,disgust,0.812691330909729
data/cremad/audio/1086_MTI_FEA_XX.wav,1086_MTI_FEA_XX.wav,1086,train,4,fearful,1,happy,0.3502582609653473
data/cremad/audio/1086_MTI_HAP_XX.wav,1086_MTI_HAP_XX.wav,1086,train,1,happy,1,happy,0.5661365985870361
data/cremad/audio/1086_MTI_NEU_XX.wav,1086_MTI_NEU_XX.wav,1086,train,0,neutral,0,neutral,0.9888100028038025
data/cremad/audio/1086_MTI_SAD_XX.wav,1086_MTI_SAD_XX.wav,1086,train,2,sad,2,sad,0.6962855458259583
data/cremad/audio/1086_TAI_ANG_XX.wav,1086_TAI_ANG_XX.wav,1086,train,3,angry,3,angry,0.9725149869918823
data/cremad/audio/1086_TAI_DIS_XX.wav,1086_TAI_DIS_XX.wav,1086,train,5,disgust,5,disgust,0.8784781694412231
data/cremad/audio/1086_TAI_FEA_XX.wav,1086_TAI_FEA_XX.wav,1086,train,4,fearful,5,disgust,0.4776550829410553
data/cremad/audio/1086_TAI_HAP_XX.wav,1086_TAI_HAP_XX.wav,1086,train,1,happy,1,happy,0.9824050068855286
data/cremad/audio/1086_TAI_NEU_XX.wav,1086_TAI_NEU_XX.wav,1086,train,0,neutral,0,neutral,0.9972419738769531
data/cremad/audio/1086_TAI_SAD_XX.wav,1086_TAI_SAD_XX.wav,1086,train,2,sad,5,disgust,0.6595880389213562
data/cremad/audio/1086_TIE_ANG_XX.wav,1086_TIE_ANG_XX.wav,1086,train,3,angry,3,angry,0.9963155388832092
data/cremad/audio/1086_TIE_DIS_XX.wav,1086_TIE_DIS_XX.wav,1086,train,5,disgust,5,disgust,0.7161096334457397
data/cremad/audio/1086_TIE_FEA_XX.wav,1086_TIE_FEA_XX.wav,1086,train,4,fearful,4,fearful,0.6014079451560974
data/cremad/audio/1086_TIE_HAP_XX.wav,1086_TIE_HAP_XX.wav,1086,train,1,happy,1,happy,0.7843106389045715
data/cremad/audio/1086_TIE_NEU_XX.wav,1086_TIE_NEU_XX.wav,1086,train,0,neutral,0,neutral,0.9618678092956543
data/cremad/audio/1086_TIE_SAD_XX.wav,1086_TIE_SAD_XX.wav,1086,train,2,sad,5,disgust,0.5785078406333923
data/cremad/audio/1086_TSI_ANG_XX.wav,1086_TSI_ANG_XX.wav,1086,train,3,angry,3,angry,0.995250940322876
data/cremad/audio/1086_TSI_DIS_XX.wav,1086_TSI_DIS_XX.wav,1086,train,5,disgust,5,disgust,0.8622291684150696
data/cremad/audio/1086_TSI_FEA_XX.wav,1086_TSI_FEA_XX.wav,1086,train,4,fearful,4,fearful,0.8531219363212585
data/cremad/audio/1086_TSI_HAP_XX.wav,1086_TSI_HAP_XX.wav,1086,train,1,happy,1,happy,0.7562099099159241
data/cremad/audio/1086_TSI_NEU_XX.wav,1086_TSI_NEU_XX.wav,1086,train,0,neutral,0,neutral,0.9788130521774292
data/cremad/audio/1086_TSI_SAD_XX.wav,1086_TSI_SAD_XX.wav,1086,train,2,sad,5,disgust,0.6154817938804626
data/cremad/audio/1086_WSI_ANG_XX.wav,1086_WSI_ANG_XX.wav,1086,train,3,angry,3,angry,0.9994025230407715
data/cremad/audio/1086_WSI_DIS_XX.wav,1086_WSI_DIS_XX.wav,1086,train,5,disgust,5,disgust,0.8240948915481567
data/cremad/audio/1086_WSI_FEA_XX.wav,1086_WSI_FEA_XX.wav,1086,train,4,fearful,1,happy,0.5535252094268799
data/cremad/audio/1086_WSI_HAP_XX.wav,1086_WSI_HAP_XX.wav,1086,train,1,happy,1,happy,0.967620849609375
data/cremad/audio/1086_WSI_NEU_XX.wav,1086_WSI_NEU_XX.wav,1086,train,0,neutral,0,neutral,0.9785683751106262
data/cremad/audio/1086_WSI_SAD_XX.wav,1086_WSI_SAD_XX.wav,1086,train,2,sad,5,disgust,0.44240912795066833
data/cremad/audio/1087_DFA_ANG_XX.wav,1087_DFA_ANG_XX.wav,1087,train,3,angry,3,angry,0.9215325713157654
data/cremad/audio/1087_DFA_DIS_XX.wav,1087_DFA_DIS_XX.wav,1087,train,5,disgust,5,disgust,0.9908809661865234
data/cremad/audio/1087_DFA_FEA_XX.wav,1087_DFA_FEA_XX.wav,1087,train,4,fearful,4,fearful,0.9249584078788757
data/cremad/audio/1087_DFA_HAP_XX.wav,1087_DFA_HAP_XX.wav,1087,train,1,happy,1,happy,0.8185529708862305
data/cremad/audio/1087_DFA_NEU_XX.wav,1087_DFA_NEU_XX.wav,1087,train,0,neutral,2,sad,0.3434804081916809
data/cremad/audio/1087_DFA_SAD_XX.wav,1087_DFA_SAD_XX.wav,1087,train,2,sad,4,fearful,0.578629732131958
data/cremad/audio/1087_IEO_ANG_HI.wav,1087_IEO_ANG_HI.wav,1087,train,3,angry,3,angry,0.9911959171295166
data/cremad/audio/1087_IEO_ANG_LO.wav,1087_IEO_ANG_LO.wav,1087,train,3,angry,5,disgust,0.6488018035888672
data/cremad/audio/1087_IEO_ANG_MD.wav,1087_IEO_ANG_MD.wav,1087,train,3,angry,3,angry,0.34806591272354126
data/cremad/audio/1087_IEO_DIS_HI.wav,1087_IEO_DIS_HI.wav,1087,train,5,disgust,5,disgust,0.6077778935432434
data/cremad/audio/1087_IEO_DIS_LO.wav,1087_IEO_DIS_LO.wav,1087,train,5,disgust,5,disgust,0.8450574278831482
data/cremad/audio/1087_IEO_DIS_MD.wav,1087_IEO_DIS_MD.wav,1087,train,5,disgust,5,disgust,0.5156680941581726
data/cremad/audio/1087_IEO_FEA_HI.wav,1087_IEO_FEA_HI.wav,1087,train,4,fearful,4,fearful,0.9793378114700317
data/cremad/audio/1087_IEO_FEA_LO.wav,1087_IEO_FEA_LO.wav,1087,train,4,fearful,4,fearful,0.9054743647575378
data/cremad/audio/1087_IEO_FEA_MD.wav,1087_IEO_FEA_MD.wav,1087,train,4,fearful,4,fearful,0.7494847178459167
data/cremad/audio/1087_IEO_HAP_HI.wav,1087_IEO_HAP_HI.wav,1087,train,1,happy,4,fearful,0.5125882029533386
data/cremad/audio/1087_IEO_HAP_LO.wav,1087_IEO_HAP_LO.wav,1087,train,1,happy,1,happy,0.8698433041572571
data/cremad/audio/1087_IEO_HAP_MD.wav,1087_IEO_HAP_MD.wav,1087,train,1,happy,1,happy,0.41262030601501465
data/cremad/audio/1087_IEO_NEU_XX.wav,1087_IEO_NEU_XX.wav,1087,train,0,neutral,4,fearful,0.3376278281211853
data/cremad/audio/1087_IEO_SAD_HI.wav,1087_IEO_SAD_HI.wav,1087,train,2,sad,4,fearful,0.940610945224762
data/cremad/audio/1087_IEO_SAD_LO.wav,1087_IEO_SAD_LO.wav,1087,train,2,sad,2,sad,0.7438346147537231
data/cremad/audio/1087_IEO_SAD_MD.wav,1087_IEO_SAD_MD.wav,1087,train,2,sad,4,fearful,0.8135283589363098
data/cremad/audio/1087_IOM_ANG_XX.wav,1087_IOM_ANG_XX.wav,1087,train,3,angry,5,disgust,0.50445955991745
data/cremad/audio/1087_IOM_DIS_XX.wav,1087_IOM_DIS_XX.wav,1087,train,5,disgust,5,disgust,0.8121119737625122
data/cremad/audio/1087_IOM_FEA_XX.wav,1087_IOM_FEA_XX.wav,1087,train,4,fearful,1,happy,0.576964795589447
data/cremad/audio/1087_IOM_HAP_XX.wav,1087_IOM_HAP_XX.wav,1087,train,1,happy,1,happy,0.8710697293281555
data/cremad/audio/1087_IOM_NEU_XX.wav,1087_IOM_NEU_XX.wav,1087,train,0,neutral,2,sad,0.4836905300617218
data/cremad/audio/1087_IOM_SAD_XX.wav,1087_IOM_SAD_XX.wav,1087,train,2,sad,2,sad,0.605168342590332
data/cremad/audio/1087_ITH_ANG_XX.wav,1087_ITH_ANG_XX.wav,1087,train,3,angry,5,disgust,0.3593793511390686
data/cremad/audio/1087_ITH_DIS_XX.wav,1087_ITH_DIS_XX.wav,1087,train,5,disgust,5,disgust,0.6647948622703552
data/cremad/audio/1087_ITH_FEA_XX.wav,1087_ITH_FEA_XX.wav,1087,train,4,fearful,4,fearful,0.7399640679359436
data/cremad/audio/1087_ITH_HAP_XX.wav,1087_ITH_HAP_XX.wav,1087,train,1,happy,1,happy,0.8848591446876526
data/cremad/audio/1087_ITH_NEU_XX.wav,1087_ITH_NEU_XX.wav,1087,train,0,neutral,0,neutral,0.6607218384742737
data/cremad/audio/1087_ITH_SAD_XX.wav,1087_ITH_SAD_XX.wav,1087,train,2,sad,2,sad,0.843429684638977
data/cremad/audio/1087_ITS_ANG_XX.wav,1087_ITS_ANG_XX.wav,1087,train,3,angry,3,angry,0.9577445983886719
data/cremad/audio/1087_ITS_DIS_XX.wav,1087_ITS_DIS_XX.wav,1087,train,5,disgust,5,disgust,0.8471139073371887
data/cremad/audio/1087_ITS_FEA_XX.wav,1087_ITS_FEA_XX.wav,1087,train,4,fearful,4,fearful,0.7777334451675415
data/cremad/audio/1087_ITS_HAP_XX.wav,1087_ITS_HAP_XX.wav,1087,train,1,happy,1,happy,0.9927316308021545
data/cremad/audio/1087_ITS_NEU_XX.wav,1087_ITS_NEU_XX.wav,1087,train,0,neutral,0,neutral,0.9507829546928406
data/cremad/audio/1087_ITS_SAD_XX.wav,1087_ITS_SAD_XX.wav,1087,train,2,sad,2,sad,0.5154756903648376
data/cremad/audio/1087_IWL_ANG_XX.wav,1087_IWL_ANG_XX.wav,1087,train,3,angry,1,happy,0.49978742003440857
data/cremad/audio/1087_IWL_DIS_XX.wav,1087_IWL_DIS_XX.wav,1087,train,5,disgust,2,sad,0.38891467452049255
data/cremad/audio/1087_IWL_FEA_XX.wav,1087_IWL_FEA_XX.wav,1087,train,4,fearful,4,fearful,0.6640956997871399
data/cremad/audio/1087_IWL_HAP_XX.wav,1087_IWL_HAP_XX.wav,1087,train,1,happy,0,neutral,0.6261031031608582
data/cremad/audio/1087_IWL_NEU_XX.wav,1087_IWL_NEU_XX.wav,1087,train,0,neutral,0,neutral,0.7233191132545471
data/cremad/audio/1087_IWL_SAD_XX.wav,1087_IWL_SAD_XX.wav,1087,train,2,sad,2,sad,0.5645082592964172
data/cremad/audio/1087_IWW_ANG_XX.wav,1087_IWW_ANG_XX.wav,1087,train,3,angry,3,angry,0.8298394680023193
data/cremad/audio/1087_IWW_DIS_XX.wav,1087_IWW_DIS_XX.wav,1087,train,5,disgust,5,disgust,0.8987427949905396
data/cremad/audio/1087_IWW_FEA_XX.wav,1087_IWW_FEA_XX.wav,1087,train,4,fearful,4,fearful,0.5640589594841003
data/cremad/audio/1087_IWW_HAP_XX.wav,1087_IWW_HAP_XX.wav,1087,train,1,happy,1,happy,0.9866570830345154
data/cremad/audio/1087_IWW_NEU_XX.wav,1087_IWW_NEU_XX.wav,1087,train,0,neutral,0,neutral,0.8645368814468384
data/cremad/audio/1087_IWW_SAD_XX.wav,1087_IWW_SAD_XX.wav,1087,train,2,sad,2,sad,0.6288586854934692
data/cremad/audio/1087_MTI_ANG_XX.wav,1087_MTI_ANG_XX.wav,1087,train,3,angry,3,angry,0.48621657490730286
data/cremad/audio/1087_MTI_DIS_XX.wav,1087_MTI_DIS_XX.wav,1087,train,5,disgust,5,disgust,0.7826440930366516
data/cremad/audio/1087_MTI_FEA_XX.wav,1087_MTI_FEA_XX.wav,1087,train,4,fearful,4,fearful,0.5597617030143738
data/cremad/audio/1087_MTI_HAP_XX.wav,1087_MTI_HAP_XX.wav,1087,train,1,happy,1,happy,0.9545018672943115
data/cremad/audio/1087_MTI_NEU_XX.wav,1087_MTI_NEU_XX.wav,1087,train,0,neutral,0,neutral,0.8056425452232361
data/cremad/audio/1087_MTI_SAD_XX.wav,1087_MTI_SAD_XX.wav,1087,train,2,sad,2,sad,0.7095545530319214
data/cremad/audio/1087_TAI_ANG_XX.wav,1087_TAI_ANG_XX.wav,1087,train,3,angry,3,angry,0.6782900094985962
data/cremad/audio/1087_TAI_DIS_XX.wav,1087_TAI_DIS_XX.wav,1087,train,5,disgust,0,neutral,0.5624638795852661
data/cremad/audio/1087_TAI_FEA_XX.wav,1087_TAI_FEA_XX.wav,1087,train,4,fearful,1,happy,0.35304149985313416
data/cremad/audio/1087_TAI_HAP_XX.wav,1087_TAI_HAP_XX.wav,1087,train,1,happy,1,happy,0.8964430093765259
data/cremad/audio/1087_TAI_NEU_XX.wav,1087_TAI_NEU_XX.wav,1087,train,0,neutral,0,neutral,0.9753903746604919
data/cremad/audio/1087_TAI_SAD_XX.wav,1087_TAI_SAD_XX.wav,1087,train,2,sad,2,sad,0.7673824429512024
data/cremad/audio/1087_TIE_ANG_XX.wav,1087_TIE_ANG_XX.wav,1087,train,3,angry,3,angry,0.9483171701431274
data/cremad/audio/1087_TIE_DIS_XX.wav,1087_TIE_DIS_XX.wav,1087,train,5,disgust,5,disgust,0.6362269520759583
data/cremad/audio/1087_TIE_FEA_XX.wav,1087_TIE_FEA_XX.wav,1087,train,4,fearful,4,fearful,0.6740865111351013
data/cremad/audio/1087_TIE_HAP_XX.wav,1087_TIE_HAP_XX.wav,1087,train,1,happy,1,happy,0.8955662846565247
data/cremad/audio/1087_TIE_NEU_XX.wav,1087_TIE_NEU_XX.wav,1087,train,0,neutral,0,neutral,0.9637830853462219
data/cremad/audio/1087_TIE_SAD_XX.wav,1087_TIE_SAD_XX.wav,1087,train,2,sad,2,sad,0.5376438498497009
data/cremad/audio/1087_TSI_ANG_XX.wav,1087_TSI_ANG_XX.wav,1087,train,3,angry,3,angry,0.9220818281173706
data/cremad/audio/1087_TSI_DIS_XX.wav,1087_TSI_DIS_XX.wav,1087,train,5,disgust,5,disgust,0.8348833918571472
data/cremad/audio/1087_TSI_FEA_XX.wav,1087_TSI_FEA_XX.wav,1087,train,4,fearful,4,fearful,0.9623410701751709
data/cremad/audio/1087_TSI_HAP_XX.wav,1087_TSI_HAP_XX.wav,1087,train,1,happy,1,happy,0.9201210141181946
data/cremad/audio/1087_TSI_NEU_XX.wav,1087_TSI_NEU_XX.wav,1087,train,0,neutral,0,neutral,0.9747995138168335
data/cremad/audio/1087_TSI_SAD_XX.wav,1087_TSI_SAD_XX.wav,1087,train,2,sad,2,sad,0.801103949546814
data/cremad/audio/1087_WSI_ANG_XX.wav,1087_WSI_ANG_XX.wav,1087,train,3,angry,3,angry,0.9642418622970581
data/cremad/audio/1087_WSI_DIS_XX.wav,1087_WSI_DIS_XX.wav,1087,train,5,disgust,5,disgust,0.960786759853363
data/cremad/audio/1087_WSI_FEA_XX.wav,1087_WSI_FEA_XX.wav,1087,train,4,fearful,4,fearful,0.6254810690879822
data/cremad/audio/1087_WSI_HAP_XX.wav,1087_WSI_HAP_XX.wav,1087,train,1,happy,1,happy,0.9130776524543762
data/cremad/audio/1087_WSI_NEU_XX.wav,1087_WSI_NEU_XX.wav,1087,train,0,neutral,0,neutral,0.9050925970077515
data/cremad/audio/1087_WSI_SAD_XX.wav,1087_WSI_SAD_XX.wav,1087,train,2,sad,2,sad,0.7154356837272644
data/cremad/audio/1088_DFA_ANG_XX.wav,1088_DFA_ANG_XX.wav,1088,train,3,angry,3,angry,0.9708583354949951
data/cremad/audio/1088_DFA_DIS_XX.wav,1088_DFA_DIS_XX.wav,1088,train,5,disgust,2,sad,0.5144557952880859
data/cremad/audio/1088_DFA_FEA_XX.wav,1088_DFA_FEA_XX.wav,1088,train,4,fearful,4,fearful,0.829068124294281
data/cremad/audio/1088_DFA_HAP_XX.wav,1088_DFA_HAP_XX.wav,1088,train,1,happy,1,happy,0.9902315735816956
data/cremad/audio/1088_DFA_NEU_XX.wav,1088_DFA_NEU_XX.wav,1088,train,0,neutral,0,neutral,0.9927946925163269
data/cremad/audio/1088_DFA_SAD_XX.wav,1088_DFA_SAD_XX.wav,1088,train,2,sad,2,sad,0.725609302520752
data/cremad/audio/1088_IEO_ANG_HI.wav,1088_IEO_ANG_HI.wav,1088,train,3,angry,3,angry,0.9807174801826477
data/cremad/audio/1088_IEO_ANG_LO.wav,1088_IEO_ANG_LO.wav,1088,train,3,angry,3,angry,0.9711361527442932
data/cremad/audio/1088_IEO_ANG_MD.wav,1088_IEO_ANG_MD.wav,1088,train,3,angry,3,angry,0.9877628087997437
data/cremad/audio/1088_IEO_DIS_HI.wav,1088_IEO_DIS_HI.wav,1088,train,5,disgust,4,fearful,0.3535056710243225
data/cremad/audio/1088_IEO_DIS_LO.wav,1088_IEO_DIS_LO.wav,1088,train,5,disgust,2,sad,0.7158218622207642
data/cremad/audio/1088_IEO_DIS_MD.wav,1088_IEO_DIS_MD.wav,1088,train,5,disgust,1,happy,0.3412945568561554
data/cremad/audio/1088_IEO_FEA_HI.wav,1088_IEO_FEA_HI.wav,1088,train,4,fearful,4,fearful,0.9874654412269592
data/cremad/audio/1088_IEO_FEA_LO.wav,1088_IEO_FEA_LO.wav,1088,train,4,fearful,2,sad,0.797731339931488
data/cremad/audio/1088_IEO_FEA_MD.wav,1088_IEO_FEA_MD.wav,1088,train,4,fearful,2,sad,0.8233323693275452
data/cremad/audio/1088_IEO_HAP_HI.wav,1088_IEO_HAP_HI.wav,1088,train,1,happy,1,happy,0.9789831638336182
data/cremad/audio/1088_IEO_HAP_LO.wav,1088_IEO_HAP_LO.wav,1088,train,1,happy,1,happy,0.7074718475341797
data/cremad/audio/1088_IEO_HAP_MD.wav,1088_IEO_HAP_MD.wav,1088,train,1,happy,1,happy,0.7345443367958069
data/cremad/audio/1088_IEO_NEU_XX.wav,1088_IEO_NEU_XX.wav,1088,train,0,neutral,2,sad,0.41943997144699097
data/cremad/audio/1088_IEO_SAD_HI.wav,1088_IEO_SAD_HI.wav,1088,train,2,sad,2,sad,0.7888756394386292
data/cremad/audio/1088_IEO_SAD_LO.wav,1088_IEO_SAD_LO.wav,1088,train,2,sad,2,sad,0.803513765335083
data/cremad/audio/1088_IEO_SAD_MD.wav,1088_IEO_SAD_MD.wav,1088,train,2,sad,2,sad,0.7578412294387817
data/cremad/audio/1088_IOM_ANG_XX.wav,1088_IOM_ANG_XX.wav,1088,train,3,angry,3,angry,0.9682888984680176
data/cremad/audio/1088_IOM_DIS_XX.wav,1088_IOM_DIS_XX.wav,1088,train,5,disgust,0,neutral,0.4143899381160736
data/cremad/audio/1088_IOM_FEA_XX.wav,1088_IOM_FEA_XX.wav,1088,train,4,fearful,4,fearful,0.9402483701705933
data/cremad/audio/1088_IOM_HAP_XX.wav,1088_IOM_HAP_XX.wav,1088,train,1,happy,1,happy,0.5539849400520325
data/cremad/audio/1088_IOM_NEU_XX.wav,1088_IOM_NEU_XX.wav,1088,train,0,neutral,0,neutral,0.9746012091636658
data/cremad/audio/1088_IOM_SAD_XX.wav,1088_IOM_SAD_XX.wav,1088,train,2,sad,2,sad,0.6262407302856445
data/cremad/audio/1088_ITH_ANG_XX.wav,1088_ITH_ANG_XX.wav,1088,train,3,angry,1,happy,0.7828776836395264
data/cremad/audio/1088_ITH_DIS_XX.wav,1088_ITH_DIS_XX.wav,1088,train,5,disgust,5,disgust,0.904690682888031
data/cremad/audio/1088_ITH_FEA_XX.wav,1088_ITH_FEA_XX.wav,1088,train,4,fearful,4,fearful,0.5716819167137146
data/cremad/audio/1088_ITH_HAP_XX.wav,1088_ITH_HAP_XX.wav,1088,train,1,happy,1,happy,0.920169472694397
data/cremad/audio/1088_ITH_NEU_XX.wav,1088_ITH_NEU_XX.wav,1088,train,0,neutral,0,neutral,0.9370684623718262
data/cremad/audio/1088_ITH_SAD_XX.wav,1088_ITH_SAD_XX.wav,1088,train,2,sad,2,sad,0.5029523968696594
data/cremad/audio/1088_ITS_ANG_XX.wav,1088_ITS_ANG_XX.wav,1088,train,3,angry,3,angry,0.8475191593170166
data/cremad/audio/1088_ITS_DIS_XX.wav,1088_ITS_DIS_XX.wav,1088,train,5,disgust,0,neutral,0.5374826192855835
data/cremad/audio/1088_ITS_FEA_XX.wav,1088_ITS_FEA_XX.wav,1088,train,4,fearful,4,fearful,0.7761051654815674
data/cremad/audio/1088_ITS_HAP_XX.wav,1088_ITS_HAP_XX.wav,1088,train,1,happy,1,happy,0.9608529210090637
data/cremad/audio/1088_ITS_NEU_XX.wav,1088_ITS_NEU_XX.wav,1088,train,0,neutral,0,neutral,0.9752156734466553
data/cremad/audio/1088_ITS_SAD_XX.wav,1088_ITS_SAD_XX.wav,1088,train,2,sad,2,sad,0.7844288945198059
data/cremad/audio/1088_IWL_ANG_XX.wav,1088_IWL_ANG_XX.wav,1088,train,3,angry,3,angry,0.9742715954780579
data/cremad/audio/1088_IWL_DIS_XX.wav,1088_IWL_DIS_XX.wav,1088,train,5,disgust,5,disgust,0.4884366989135742
data/cremad/audio/1088_IWL_FEA_XX.wav,1088_IWL_FEA_XX.wav,1088,train,4,fearful,4,fearful,0.5492671728134155
data/cremad/audio/1088_IWL_HAP_XX.wav,1088_IWL_HAP_XX.wav,1088,train,1,happy,1,happy,0.9598358273506165
data/cremad/audio/1088_IWL_NEU_XX.wav,1088_IWL_NEU_XX.wav,1088,train,0,neutral,0,neutral,0.9286782145500183
data/cremad/audio/1088_IWL_SAD_XX.wav,1088_IWL_SAD_XX.wav,1088,train,2,sad,2,sad,0.49823954701423645
data/cremad/audio/1088_IWW_ANG_XX.wav,1088_IWW_ANG_XX.wav,1088,train,3,angry,3,angry,0.8428134322166443
data/cremad/audio/1088_IWW_DIS_XX.wav,1088_IWW_DIS_XX.wav,1088,train,5,disgust,2,sad,0.3196426331996918
data/cremad/audio/1088_IWW_FEA_XX.wav,1088_IWW_FEA_XX.wav,1088,train,4,fearful,2,sad,0.8255171179771423
data/cremad/audio/1088_IWW_HAP_XX.wav,1088_IWW_HAP_XX.wav,1088,train,1,happy,0,neutral,0.6049532890319824
data/cremad/audio/1088_IWW_NEU_XX.wav,1088_IWW_NEU_XX.wav,1088,train,0,neutral,0,neutral,0.9164428114891052
data/cremad/audio/1088_IWW_SAD_XX.wav,1088_IWW_SAD_XX.wav,1088,train,2,sad,2,sad,0.8132588267326355
data/cremad/audio/1088_MTI_ANG_XX.wav,1088_MTI_ANG_XX.wav,1088,train,3,angry,3,angry,0.802726686000824
data/cremad/audio/1088_MTI_DIS_XX.wav,1088_MTI_DIS_XX.wav,1088,train,5,disgust,5,disgust,0.774091899394989
data/cremad/audio/1088_MTI_FEA_XX.wav,1088_MTI_FEA_XX.wav,1088,train,4,fearful,4,fearful,0.6888683438301086
data/cremad/audio/1088_MTI_HAP_XX.wav,1088_MTI_HAP_XX.wav,1088,train,1,happy,0,neutral,0.650790810585022
data/cremad/audio/1088_MTI_NEU_XX.wav,1088_MTI_NEU_XX.wav,1088,train,0,neutral,0,neutral,0.932675838470459
data/cremad/audio/1088_MTI_SAD_XX.wav,1088_MTI_SAD_XX.wav,1088,train,2,sad,2,sad,0.7729279398918152
data/cremad/audio/1088_TAI_ANG_XX.wav,1088_TAI_ANG_XX.wav,1088,train,3,angry,3,angry,0.4449394941329956
data/cremad/audio/1088_TAI_DIS_XX.wav,1088_TAI_DIS_XX.wav,1088,train,5,disgust,0,neutral,0.47283416986465454
data/cremad/audio/1088_TAI_FEA_XX.wav,1088_TAI_FEA_XX.wav,1088,train,4,fearful,2,sad,0.4826601445674896
data/cremad/audio/1088_TAI_HAP_XX.wav,1088_TAI_HAP_XX.wav,1088,train,1,happy,1,happy,0.8820760846138
data/cremad/audio/1088_TAI_NEU_XX.wav,1088_TAI_NEU_XX.wav,1088,train,0,neutral,0,neutral,0.9909877181053162
data/cremad/audio/1088_TAI_SAD_XX.wav,1088_TAI_SAD_XX.wav,1088,train,2,sad,2,sad,0.7827549576759338
data/cremad/audio/1088_TIE_ANG_XX.wav,1088_TIE_ANG_XX.wav,1088,train,3,angry,3,angry,0.7875457406044006
data/cremad/audio/1088_TIE_DIS_XX.wav,1088_TIE_DIS_XX.wav,1088,train,5,disgust,1,happy,0.27917924523353577
data/cremad/audio/1088_TIE_FEA_XX.wav,1088_TIE_FEA_XX.wav,1088,train,4,fearful,1,happy,0.5311368703842163
data/cremad/audio/1088_TIE_HAP_XX.wav,1088_TIE_HAP_XX.wav,1088,train,1,happy,1,happy,0.6015321612358093
data/cremad/audio/1088_TIE_NEU_XX.wav,1088_TIE_NEU_XX.wav,1088,train,0,neutral,0,neutral,0.9212800860404968
data/cremad/audio/1088_TIE_SAD_XX.wav,1088_TIE_SAD_XX.wav,1088,train,2,sad,2,sad,0.8500226736068726
data/cremad/audio/1088_TSI_ANG_XX.wav,1088_TSI_ANG_XX.wav,1088,train,3,angry,3,angry,0.9686914086341858
data/cremad/audio/1088_TSI_DIS_XX.wav,1088_TSI_DIS_XX.wav,1088,train,5,disgust,5,disgust,0.4959176778793335
data/cremad/audio/1088_TSI_FEA_XX.wav,1088_TSI_FEA_XX.wav,1088,train,4,fearful,4,fearful,0.5570840239524841
data/cremad/audio/1088_TSI_HAP_XX.wav,1088_TSI_HAP_XX.wav,1088,train,1,happy,1,happy,0.5176106095314026
data/cremad/audio/1088_TSI_NEU_XX.wav,1088_TSI_NEU_XX.wav,1088,train,0,neutral,0,neutral,0.980030357837677
data/cremad/audio/1088_TSI_SAD_XX.wav,1088_TSI_SAD_XX.wav,1088,train,2,sad,2,sad,0.8954381942749023
data/cremad/audio/1088_WSI_ANG_XX.wav,1088_WSI_ANG_XX.wav,1088,train,3,angry,3,angry,0.9929439425468445
data/cremad/audio/1088_WSI_DIS_XX.wav,1088_WSI_DIS_XX.wav,1088,train,5,disgust,5,disgust,0.5245572924613953
data/cremad/audio/1088_WSI_FEA_XX.wav,1088_WSI_FEA_XX.wav,1088,train,4,fearful,4,fearful,0.5718556642532349
data/cremad/audio/1088_WSI_HAP_XX.wav,1088_WSI_HAP_XX.wav,1088,train,1,happy,1,happy,0.7650078535079956
data/cremad/audio/1088_WSI_NEU_XX.wav,1088_WSI_NEU_XX.wav,1088,train,0,neutral,0,neutral,0.9459845423698425
data/cremad/audio/1088_WSI_SAD_XX.wav,1088_WSI_SAD_XX.wav,1088,train,2,sad,2,sad,0.8590866327285767
data/cremad/audio/1089_DFA_ANG_XX.wav,1089_DFA_ANG_XX.wav,1089,train,3,angry,3,angry,0.9974383115768433
data/cremad/audio/1089_DFA_DIS_XX.wav,1089_DFA_DIS_XX.wav,1089,train,5,disgust,5,disgust,0.856916606426239
data/cremad/audio/1089_DFA_FEA_XX.wav,1089_DFA_FEA_XX.wav,1089,train,4,fearful,4,fearful,0.8264553546905518
data/cremad/audio/1089_DFA_HAP_XX.wav,1089_DFA_HAP_XX.wav,1089,train,1,happy,1,happy,0.7091196179389954
data/cremad/audio/1089_DFA_NEU_XX.wav,1089_DFA_NEU_XX.wav,1089,train,0,neutral,0,neutral,0.9748729467391968
data/cremad/audio/1089_DFA_SAD_XX.wav,1089_DFA_SAD_XX.wav,1089,train,2,sad,5,disgust,0.3520866334438324
data/cremad/audio/1089_IEO_ANG_HI.wav,1089_IEO_ANG_HI.wav,1089,train,3,angry,3,angry,0.9913840293884277
data/cremad/audio/1089_IEO_ANG_LO.wav,1089_IEO_ANG_LO.wav,1089,train,3,angry,3,angry,0.9938743710517883
data/cremad/audio/1089_IEO_ANG_MD.wav,1089_IEO_ANG_MD.wav,1089,train,3,angry,3,angry,0.9964344501495361
data/cremad/audio/1089_IEO_DIS_HI.wav,1089_IEO_DIS_HI.wav,1089,train,5,disgust,5,disgust,0.8330373764038086
data/cremad/audio/1089_IEO_DIS_LO.wav,1089_IEO_DIS_LO.wav,1089,train,5,disgust,5,disgust,0.9571994543075562
data/cremad/audio/1089_IEO_DIS_MD.wav,1089_IEO_DIS_MD.wav,1089,train,5,disgust,5,disgust,0.8568718433380127
data/cremad/audio/1089_IEO_FEA_HI.wav,1089_IEO_FEA_HI.wav,1089,train,4,fearful,4,fearful,0.9385483264923096
data/cremad/audio/1089_IEO_FEA_LO.wav,1089_IEO_FEA_LO.wav,1089,train,4,fearful,4,fearful,0.723794162273407
data/cremad/audio/1089_IEO_FEA_MD.wav,1089_IEO_FEA_MD.wav,1089,train,4,fearful,4,fearful,0.9275197386741638
data/cremad/audio/1089_IEO_HAP_HI.wav,1089_IEO_HAP_HI.wav,1089,train,1,happy,1,happy,0.48525431752204895
data/cremad/audio/1089_IEO_HAP_LO.wav,1089_IEO_HAP_LO.wav,1089,train,1,happy,1,happy,0.9935913681983948
data/cremad/audio/1089_IEO_HAP_MD.wav,1089_IEO_HAP_MD.wav,1089,train,1,happy,1,happy,0.994836688041687
data/cremad/audio/1089_IEO_NEU_XX.wav,1089_IEO_NEU_XX.wav,1089,train,0,neutral,0,neutral,0.9112935066223145
data/cremad/audio/1089_IEO_SAD_HI.wav,1089_IEO_SAD_HI.wav,1089,train,2,sad,2,sad,0.8856263160705566
data/cremad/audio/1089_IEO_SAD_LO.wav,1089_IEO_SAD_LO.wav,1089,train,2,sad,2,sad,0.6778534054756165
data/cremad/audio/1089_IEO_SAD_MD.wav,1089_IEO_SAD_MD.wav,1089,train,2,sad,2,sad,0.7511773705482483
data/cremad/audio/1089_IOM_ANG_XX.wav,1089_IOM_ANG_XX.wav,1089,train,3,angry,3,angry,0.9993054866790771
data/cremad/audio/1089_IOM_DIS_XX.wav,1089_IOM_DIS_XX.wav,1089,train,5,disgust,3,angry,0.39291664958000183
data/cremad/audio/1089_IOM_FEA_XX.wav,1089_IOM_FEA_XX.wav,1089,train,4,fearful,4,fearful,0.6072325110435486
data/cremad/audio/1089_IOM_HAP_XX.wav,1089_IOM_HAP_XX.wav,1089,train,1,happy,1,happy,0.9315608739852905
data/cremad/audio/1089_IOM_NEU_XX.wav,1089_IOM_NEU_XX.wav,1089,train,0,neutral,0,neutral,0.9934681057929993
data/cremad/audio/1089_IOM_SAD_XX.wav,1089_IOM_SAD_XX.wav,1089,train,2,sad,2,sad,0.5464838743209839
data/cremad/audio/1089_ITH_ANG_XX.wav,1089_ITH_ANG_XX.wav,1089,train,3,angry,3,angry,0.9963551759719849
data/cremad/audio/1089_ITH_DIS_XX.wav,1089_ITH_DIS_XX.wav,1089,train,5,disgust,5,disgust,0.8476115465164185
data/cremad/audio/1089_ITH_FEA_XX.wav,1089_ITH_FEA_XX.wav,1089,train,4,fearful,4,fearful,0.7719762325286865
data/cremad/audio/1089_ITH_HAP_XX.wav,1089_ITH_HAP_XX.wav,1089,train,1,happy,1,happy,0.9845666289329529
data/cremad/audio/1089_ITH_NEU_XX.wav,1089_ITH_NEU_XX.wav,1089,train,0,neutral,0,neutral,0.6952050924301147
data/cremad/audio/1089_ITH_SAD_XX.wav,1089_ITH_SAD_XX.wav,1089,train,2,sad,2,sad,0.766365647315979
data/cremad/audio/1089_ITS_ANG_XX.wav,1089_ITS_ANG_XX.wav,1089,train,3,angry,3,angry,0.9970263838768005
data/cremad/audio/1089_ITS_DIS_XX.wav,1089_ITS_DIS_XX.wav,1089,train,5,disgust,5,disgust,0.9957243204116821
data/cremad/audio/1089_ITS_FEA_XX.wav,1089_ITS_FEA_XX.wav,1089,train,4,fearful,4,fearful,0.9054911136627197
data/cremad/audio/1089_ITS_HAP_XX.wav,1089_ITS_HAP_XX.wav,1089,train,1,happy,1,happy,0.97864830493927
data/cremad/audio/1089_ITS_NEU_XX.wav,1089_ITS_NEU_XX.wav,1089,train,0,neutral,0,neutral,0.8871799111366272
data/cremad/audio/1089_ITS_SAD_XX.wav,1089_ITS_SAD_XX.wav,1089,train,2,sad,2,sad,0.7812272310256958
data/cremad/audio/1089_IWL_ANG_XX.wav,1089_IWL_ANG_XX.wav,1089,train,3,angry,3,angry,0.9990980625152588
data/cremad/audio/1089_IWL_DIS_XX.wav,1089_IWL_DIS_XX.wav,1089,train,5,disgust,5,disgust,0.7086635231971741
data/cremad/audio/1089_IWL_FEA_XX.wav,1089_IWL_FEA_XX.wav,1089,train,4,fearful,4,fearful,0.7377516627311707
data/cremad/audio/1089_IWL_HAP_XX.wav,1089_IWL_HAP_XX.wav,1089,train,1,happy,1,happy,0.9902856945991516
data/cremad/audio/1089_IWL_NEU_XX.wav,1089_IWL_NEU_XX.wav,1089,train,0,neutral,0,neutral,0.9493293166160583
data/cremad/audio/1089_IWL_SAD_XX.wav,1089_IWL_SAD_XX.wav,1089,train,2,sad,4,fearful,0.6257607936859131
data/cremad/audio/1089_IWW_ANG_XX.wav,1089_IWW_ANG_XX.wav,1089,train,3,angry,3,angry,0.9956842660903931
data/cremad/audio/1089_IWW_DIS_XX.wav,1089_IWW_DIS_XX.wav,1089,train,5,disgust,5,disgust,0.9721699953079224
data/cremad/audio/1089_IWW_FEA_XX.wav,1089_IWW_FEA_XX.wav,1089,train,4,fearful,4,fearful,0.9781533479690552
data/cremad/audio/1089_IWW_HAP_XX.wav,1089_IWW_HAP_XX.wav,1089,train,1,happy,1,happy,0.9988465309143066
data/cremad/audio/1089_IWW_NEU_XX.wav,1089_IWW_NEU_XX.wav,1089,train,0,neutral,0,neutral,0.8884269595146179
data/cremad/audio/1089_IWW_SAD_XX.wav,1089_IWW_SAD_XX.wav,1089,train,2,sad,2,sad,0.6193656325340271
data/cremad/audio/1089_MTI_ANG_XX.wav,1089_MTI_ANG_XX.wav,1089,train,3,angry,3,angry,0.9960902333259583
data/cremad/audio/1089_MTI_DIS_XX.wav,1089_MTI_DIS_XX.wav,1089,train,5,disgust,5,disgust,0.9271528124809265
data/cremad/audio/1089_MTI_FEA_XX.wav,1089_MTI_FEA_XX.wav,1089,train,4,fearful,4,fearful,0.8431083559989929
data/cremad/audio/1089_MTI_HAP_XX.wav,1089_MTI_HAP_XX.wav,1089,train,1,happy,1,happy,0.968388557434082
data/cremad/audio/1089_MTI_NEU_XX.wav,1089_MTI_NEU_XX.wav,1089,train,0,neutral,0,neutral,0.9910056591033936
data/cremad/audio/1089_MTI_SAD_XX.wav,1089_MTI_SAD_XX.wav,1089,train,2,sad,2,sad,0.6355894207954407
data/cremad/audio/1089_TAI_ANG_XX.wav,1089_TAI_ANG_XX.wav,1089,train,3,angry,3,angry,0.9994809031486511
data/cremad/audio/1089_TAI_DIS_XX.wav,1089_TAI_DIS_XX.wav,1089,train,5,disgust,3,angry,0.4896993637084961
data/cremad/audio/1089_TAI_FEA_XX.wav,1089_TAI_FEA_XX.wav,1089,train,4,fearful,4,fearful,0.9575650691986084
data/cremad/audio/1089_TAI_HAP_XX.wav,1089_TAI_HAP_XX.wav,1089,train,1,happy,1,happy,0.971487283706665
data/cremad/audio/1089_TAI_NEU_XX.wav,1089_TAI_NEU_XX.wav,1089,train,0,neutral,0,neutral,0.9901608228683472
data/cremad/audio/1089_TAI_SAD_XX.wav,1089_TAI_SAD_XX.wav,1089,train,2,sad,4,fearful,0.5609983801841736
data/cremad/audio/1089_TIE_ANG_XX.wav,1089_TIE_ANG_XX.wav,1089,train,3,angry,3,angry,0.9941600561141968
data/cremad/audio/1089_TIE_DIS_XX.wav,1089_TIE_DIS_XX.wav,1089,train,5,disgust,5,disgust,0.5583584308624268
data/cremad/audio/1089_TIE_FEA_XX.wav,1089_TIE_FEA_XX.wav,1089,train,4,fearful,4,fearful,0.9716387391090393
data/cremad/audio/1089_TIE_HAP_XX.wav,1089_TIE_HAP_XX.wav,1089,train,1,happy,1,happy,0.8617849946022034
data/cremad/audio/1089_TIE_NEU_XX.wav,1089_TIE_NEU_XX.wav,1089,train,0,neutral,0,neutral,0.6267101764678955
data/cremad/audio/1089_TIE_SAD_XX.wav,1089_TIE_SAD_XX.wav,1089,train,2,sad,2,sad,0.7209604382514954
data/cremad/audio/1089_TSI_ANG_XX.wav,1089_TSI_ANG_XX.wav,1089,train,3,angry,3,angry,0.989614725112915
data/cremad/audio/1089_TSI_DIS_XX.wav,1089_TSI_DIS_XX.wav,1089,train,5,disgust,5,disgust,0.9837847948074341
data/cremad/audio/1089_TSI_FEA_XX.wav,1089_TSI_FEA_XX.wav,1089,train,4,fearful,4,fearful,0.8746867179870605
data/cremad/audio/1089_TSI_HAP_XX.wav,1089_TSI_HAP_XX.wav,1089,train,1,happy,1,happy,0.9390184879302979
data/cremad/audio/1089_TSI_NEU_XX.wav,1089_TSI_NEU_XX.wav,1089,train,0,neutral,0,neutral,0.9866005778312683
data/cremad/audio/1089_TSI_SAD_XX.wav,1089_TSI_SAD_XX.wav,1089,train,2,sad,2,sad,0.5416110157966614
data/cremad/audio/1089_WSI_ANG_XX.wav,1089_WSI_ANG_XX.wav,1089,train,3,angry,3,angry,0.9958711266517639
data/cremad/audio/1089_WSI_DIS_XX.wav,1089_WSI_DIS_XX.wav,1089,train,5,disgust,5,disgust,0.9421344995498657
data/cremad/audio/1089_WSI_FEA_XX.wav,1089_WSI_FEA_XX.wav,1089,train,4,fearful,4,fearful,0.9564418196678162
data/cremad/audio/1089_WSI_HAP_XX.wav,1089_WSI_HAP_XX.wav,1089,train,1,happy,1,happy,0.8818806409835815
data/cremad/audio/1089_WSI_NEU_XX.wav,1089_WSI_NEU_XX.wav,1089,train,0,neutral,0,neutral,0.9961467981338501
data/cremad/audio/1089_WSI_SAD_XX.wav,1089_WSI_SAD_XX.wav,1089,train,2,sad,2,sad,0.6243270635604858
data/cremad/audio/1090_DFA_ANG_XX.wav,1090_DFA_ANG_XX.wav,1090,train,3,angry,3,angry,0.9539045691490173
data/cremad/audio/1090_DFA_DIS_XX.wav,1090_DFA_DIS_XX.wav,1090,train,5,disgust,5,disgust,0.44083449244499207
data/cremad/audio/1090_DFA_FEA_XX.wav,1090_DFA_FEA_XX.wav,1090,train,4,fearful,4,fearful,0.9381054043769836
data/cremad/audio/1090_DFA_HAP_XX.wav,1090_DFA_HAP_XX.wav,1090,train,1,happy,1,happy,0.7817635536193848
data/cremad/audio/1090_DFA_NEU_XX.wav,1090_DFA_NEU_XX.wav,1090,train,0,neutral,0,neutral,0.6838648915290833
data/cremad/audio/1090_DFA_SAD_XX.wav,1090_DFA_SAD_XX.wav,1090,train,2,sad,4,fearful,0.6936430931091309
data/cremad/audio/1090_IEO_ANG_HI.wav,1090_IEO_ANG_HI.wav,1090,train,3,angry,3,angry,0.995123565196991
data/cremad/audio/1090_IEO_ANG_LO.wav,1090_IEO_ANG_LO.wav,1090,train,3,angry,3,angry,0.9726967811584473
data/cremad/audio/1090_IEO_ANG_MD.wav,1090_IEO_ANG_MD.wav,1090,train,3,angry,3,angry,0.9210816025733948
data/cremad/audio/1090_IEO_DIS_HI.wav,1090_IEO_DIS_HI.wav,1090,train,5,disgust,5,disgust,0.9582560658454895
data/cremad/audio/1090_IEO_DIS_LO.wav,1090_IEO_DIS_LO.wav,1090,train,5,disgust,1,happy,0.3543523848056793
data/cremad/audio/1090_IEO_DIS_MD.wav,1090_IEO_DIS_MD.wav,1090,train,5,disgust,5,disgust,0.9004671573638916
data/cremad/audio/1090_IEO_FEA_HI.wav,1090_IEO_FEA_HI.wav,1090,train,4,fearful,2,sad,0.32297655940055847
data/cremad/audio/1090_IEO_FEA_LO.wav,1090_IEO_FEA_LO.wav,1090,train,4,fearful,0,neutral,0.8579789996147156
data/cremad/audio/1090_IEO_FEA_MD.wav,1090_IEO_FEA_MD.wav,1090,train,4,fearful,1,happy,0.5784128904342651
data/cremad/audio/1090_IEO_HAP_HI.wav,1090_IEO_HAP_HI.wav,1090,train,1,happy,1,happy,0.9923770427703857
data/cremad/audio/1090_IEO_HAP_LO.wav,1090_IEO_HAP_LO.wav,1090,train,1,happy,1,happy,0.4733571410179138
data/cremad/audio/1090_IEO_HAP_MD.wav,1090_IEO_HAP_MD.wav,1090,train,1,happy,1,happy,0.9810803532600403
data/cremad/audio/1090_IEO_NEU_XX.wav,1090_IEO_NEU_XX.wav,1090,train,0,neutral,2,sad,0.5386085510253906
data/cremad/audio/1090_IEO_SAD_HI.wav,1090_IEO_SAD_HI.wav,1090,train,2,sad,2,sad,0.7134494185447693
data/cremad/audio/1090_IEO_SAD_LO.wav,1090_IEO_SAD_LO.wav,1090,train,2,sad,2,sad,0.754520833492279
data/cremad/audio/1090_IEO_SAD_MD.wav,1090_IEO_SAD_MD.wav,1090,train,2,sad,2,sad,0.5005843043327332
data/cremad/audio/1090_IOM_ANG_XX.wav,1090_IOM_ANG_XX.wav,1090,train,3,angry,3,angry,0.9974588751792908
data/cremad/audio/1090_IOM_DIS_XX.wav,1090_IOM_DIS_XX.wav,1090,train,5,disgust,1,happy,0.966258704662323
data/cremad/audio/1090_IOM_FEA_XX.wav,1090_IOM_FEA_XX.wav,1090,train,4,fearful,4,fearful,0.6092027425765991
data/cremad/audio/1090_IOM_HAP_XX.wav,1090_IOM_HAP_XX.wav,1090,train,1,happy,1,happy,0.8256810903549194
data/cremad/audio/1090_IOM_NEU_XX.wav,1090_IOM_NEU_XX.wav,1090,train,0,neutral,2,sad,0.48693689703941345
data/cremad/audio/1090_IOM_SAD_XX.wav,1090_IOM_SAD_XX.wav,1090,train,2,sad,2,sad,0.8360970616340637
data/cremad/audio/1090_ITH_ANG_XX.wav,1090_ITH_ANG_XX.wav,1090,train,3,angry,3,angry,0.9896971583366394
data/cremad/audio/1090_ITH_DIS_XX.wav,1090_ITH_DIS_XX.wav,1090,train,5,disgust,5,disgust,0.8052361011505127
data/cremad/audio/1090_ITH_FEA_XX.wav,1090_ITH_FEA_XX.wav,1090,train,4,fearful,4,fearful,0.5351501703262329
data/cremad/audio/1090_ITH_HAP_XX.wav,1090_ITH_HAP_XX.wav,1090,train,1,happy,1,happy,0.7505616545677185
data/cremad/audio/1090_ITH_NEU_XX.wav,1090_ITH_NEU_XX.wav,1090,train,0,neutral,0,neutral,0.9805521368980408
data/cremad/audio/1090_ITH_SAD_XX.wav,1090_ITH_SAD_XX.wav,1090,train,2,sad,2,sad,0.8638783097267151
data/cremad/audio/1090_ITS_ANG_XX.wav,1090_ITS_ANG_XX.wav,1090,train,3,angry,1,happy,0.5648335814476013
data/cremad/audio/1090_ITS_DIS_XX.wav,1090_ITS_DIS_XX.wav,1090,train,5,disgust,5,disgust,0.7554925680160522
data/cremad/audio/1090_ITS_FEA_XX.wav,1090_ITS_FEA_XX.wav,1090,train,4,fearful,4,fearful,0.9554667472839355
data/cremad/audio/1090_ITS_HAP_XX.wav,1090_ITS_HAP_XX.wav,1090,train,1,happy,1,happy,0.7432187795639038
data/cremad/audio/1090_ITS_NEU_XX.wav,1090_ITS_NEU_XX.wav,1090,train,0,neutral,0,neutral,0.9943985342979431
data/cremad/audio/1090_ITS_SAD_XX.wav,1090_ITS_SAD_XX.wav,1090,train,2,sad,2,sad,0.7482005953788757
data/cremad/audio/1090_IWL_ANG_XX.wav,1090_IWL_ANG_XX.wav,1090,train,3,angry,3,angry,0.8669083118438721
data/cremad/audio/1090_IWL_DIS_XX.wav,1090_IWL_DIS_XX.wav,1090,train,5,disgust,5,disgust,0.5378607511520386
data/cremad/audio/1090_IWL_FEA_XX.wav,1090_IWL_FEA_XX.wav,1090,train,4,fearful,4,fearful,0.43601325154304504
data/cremad/audio/1090_IWL_HAP_XX.wav,1090_IWL_HAP_XX.wav,1090,train,1,happy,1,happy,0.9013051390647888
data/cremad/audio/1090_IWL_NEU_XX.wav,1090_IWL_NEU_XX.wav,1090,train,0,neutral,0,neutral,0.8782094120979309
data/cremad/audio/1090_IWL_SAD_XX.wav,1090_IWL_SAD_XX.wav,1090,train,2,sad,2,sad,0.5750833749771118
data/cremad/audio/1090_IWW_ANG_XX.wav,1090_IWW_ANG_XX.wav,1090,train,3,angry,3,angry,0.9936961531639099
data/cremad/audio/1090_IWW_DIS_XX.wav,1090_IWW_DIS_XX.wav,1090,train,5,disgust,3,angry,0.7687060236930847
data/cremad/audio/1090_IWW_FEA_XX.wav,1090_IWW_FEA_XX.wav,1090,train,4,fearful,4,fearful,0.7403421998023987
data/cremad/audio/1090_IWW_HAP_XX.wav,1090_IWW_HAP_XX.wav,1090,train,1,happy,1,happy,0.9773859977722168
data/cremad/audio/1090_IWW_NEU_XX.wav,1090_IWW_NEU_XX.wav,1090,train,0,neutral,0,neutral,0.95789635181427
data/cremad/audio/1090_IWW_SAD_XX.wav,1090_IWW_SAD_XX.wav,1090,train,2,sad,2,sad,0.7428019642829895
data/cremad/audio/1090_MTI_ANG_XX.wav,1090_MTI_ANG_XX.wav,1090,train,3,angry,3,angry,0.9943049550056458
data/cremad/audio/1090_MTI_DIS_XX.wav,1090_MTI_DIS_XX.wav,1090,train,5,disgust,5,disgust,0.40206751227378845
data/cremad/audio/1090_MTI_FEA_XX.wav,1090_MTI_FEA_XX.wav,1090,train,4,fearful,4,fearful,0.6862114071846008
data/cremad/audio/1090_MTI_HAP_XX.wav,1090_MTI_HAP_XX.wav,1090,train,1,happy,1,happy,0.9870851635932922
data/cremad/audio/1090_MTI_NEU_XX.wav,1090_MTI_NEU_XX.wav,1090,train,0,neutral,0,neutral,0.733943521976471
data/cremad/audio/1090_MTI_SAD_XX.wav,1090_MTI_SAD_XX.wav,1090,train,2,sad,2,sad,0.707349419593811
data/cremad/audio/1090_TAI_ANG_XX.wav,1090_TAI_ANG_XX.wav,1090,train,3,angry,3,angry,0.970212996006012
data/cremad/audio/1090_TAI_DIS_XX.wav,1090_TAI_DIS_XX.wav,1090,train,5,disgust,1,happy,0.7069519758224487
data/cremad/audio/1090_TAI_FEA_XX.wav,1090_TAI_FEA_XX.wav,1090,train,4,fearful,4,fearful,0.7500482797622681
data/cremad/audio/1090_TAI_HAP_XX.wav,1090_TAI_HAP_XX.wav,1090,train,1,happy,1,happy,0.7619790434837341
data/cremad/audio/1090_TAI_NEU_XX.wav,1090_TAI_NEU_XX.wav,1090,train,0,neutral,0,neutral,0.9874239563941956
data/cremad/audio/1090_TAI_SAD_XX.wav,1090_TAI_SAD_XX.wav,1090,train,2,sad,0,neutral,0.8443552851676941
data/cremad/audio/1090_TIE_ANG_XX.wav,1090_TIE_ANG_XX.wav,1090,train,3,angry,3,angry,0.8802692890167236
data/cremad/audio/1090_TIE_DIS_XX.wav,1090_TIE_DIS_XX.wav,1090,train,5,disgust,5,disgust,0.9553794264793396
data/cremad/audio/1090_TIE_FEA_XX.wav,1090_TIE_FEA_XX.wav,1090,train,4,fearful,0,neutral,0.747242271900177
data/cremad/audio/1090_TIE_HAP_XX.wav,1090_TIE_HAP_XX.wav,1090,train,1,happy,1,happy,0.9969522953033447
data/cremad/audio/1090_TIE_NEU_XX.wav,1090_TIE_NEU_XX.wav,1090,train,0,neutral,0,neutral,0.6768078207969666
data/cremad/audio/1090_TIE_SAD_XX.wav,1090_TIE_SAD_XX.wav,1090,train,2,sad,2,sad,0.7503491044044495
data/cremad/audio/1090_TSI_ANG_XX.wav,1090_TSI_ANG_XX.wav,1090,train,3,angry,1,happy,0.7152517437934875
data/cremad/audio/1090_TSI_DIS_XX.wav,1090_TSI_DIS_XX.wav,1090,train,5,disgust,5,disgust,0.9134559631347656
data/cremad/audio/1090_TSI_FEA_XX.wav,1090_TSI_FEA_XX.wav,1090,train,4,fearful,1,happy,0.5476801991462708
data/cremad/audio/1090_TSI_HAP_XX.wav,1090_TSI_HAP_XX.wav,1090,train,1,happy,1,happy,0.9657798409461975
data/cremad/audio/1090_TSI_NEU_XX.wav,1090_TSI_NEU_XX.wav,1090,train,0,neutral,0,neutral,0.9810473322868347
data/cremad/audio/1090_TSI_SAD_XX.wav,1090_TSI_SAD_XX.wav,1090,train,2,sad,2,sad,0.5138326287269592
data/cremad/audio/1090_WSI_ANG_XX.wav,1090_WSI_ANG_XX.wav,1090,train,3,angry,3,angry,0.7500756978988647
data/cremad/audio/1090_WSI_DIS_XX.wav,1090_WSI_DIS_XX.wav,1090,train,5,disgust,5,disgust,0.912787139415741
data/cremad/audio/1090_WSI_FEA_XX.wav,1090_WSI_FEA_XX.wav,1090,train,4,fearful,4,fearful,0.8422790765762329
data/cremad/audio/1090_WSI_HAP_XX.wav,1090_WSI_HAP_XX.wav,1090,train,1,happy,1,happy,0.8641676306724548
data/cremad/audio/1090_WSI_NEU_XX.wav,1090_WSI_NEU_XX.wav,1090,train,0,neutral,2,sad,0.5470082759857178
data/cremad/audio/1090_WSI_SAD_XX.wav,1090_WSI_SAD_XX.wav,1090,train,2,sad,2,sad,0.8387464880943298
data/cremad/audio/1091_DFA_ANG_XX.wav,1091_DFA_ANG_XX.wav,1091,train,3,angry,3,angry,0.9964210987091064
data/cremad/audio/1091_DFA_DIS_XX.wav,1091_DFA_DIS_XX.wav,1091,train,5,disgust,0,neutral,0.5898123383522034
data/cremad/audio/1091_DFA_FEA_XX.wav,1091_DFA_FEA_XX.wav,1091,train,4,fearful,4,fearful,0.5420380234718323
data/cremad/audio/1091_DFA_HAP_XX.wav,1091_DFA_HAP_XX.wav,1091,train,1,happy,1,happy,0.9645450711250305
data/cremad/audio/1091_DFA_NEU_XX.wav,1091_DFA_NEU_XX.wav,1091,train,0,neutral,0,neutral,0.9750542044639587
data/cremad/audio/1091_DFA_SAD_XX.wav,1091_DFA_SAD_XX.wav,1091,train,2,sad,2,sad,0.7703090906143188
data/cremad/audio/1091_IEO_ANG_HI.wav,1091_IEO_ANG_HI.wav,1091,train,3,angry,3,angry,0.9521104097366333
data/cremad/audio/1091_IEO_ANG_LO.wav,1091_IEO_ANG_LO.wav,1091,train,3,angry,3,angry,0.8531000018119812
data/cremad/audio/1091_IEO_ANG_MD.wav,1091_IEO_ANG_MD.wav,1091,train,3,angry,3,angry,0.9216054081916809
data/cremad/audio/1091_IEO_DIS_HI.wav,1091_IEO_DIS_HI.wav,1091,train,5,disgust,3,angry,0.6401901245117188
data/cremad/audio/1091_IEO_DIS_LO.wav,1091_IEO_DIS_LO.wav,1091,train,5,disgust,5,disgust,0.3461797535419464
data/cremad/audio/1091_IEO_DIS_MD.wav,1091_IEO_DIS_MD.wav,1091,train,5,disgust,5,disgust,0.6461995840072632
data/cremad/audio/1091_IEO_FEA_HI.wav,1091_IEO_FEA_HI.wav,1091,train,4,fearful,4,fearful,0.9758430123329163
data/cremad/audio/1091_IEO_FEA_LO.wav,1091_IEO_FEA_LO.wav,1091,train,4,fearful,4,fearful,0.9776464104652405
data/cremad/audio/1091_IEO_FEA_MD.wav,1091_IEO_FEA_MD.wav,1091,train,4,fearful,4,fearful,0.9294554591178894
data/cremad/audio/1091_IEO_HAP_HI.wav,1091_IEO_HAP_HI.wav,1091,train,1,happy,1,happy,0.8445796370506287
data/cremad/audio/1091_IEO_HAP_LO.wav,1091_IEO_HAP_LO.wav,1091,train,1,happy,1,happy,0.9757078289985657
data/cremad/audio/1091_IEO_HAP_MD.wav,1091_IEO_HAP_MD.wav,1091,train,1,happy,1,happy,0.485444039106369
data/cremad/audio/1091_IEO_NEU_XX.wav,1091_IEO_NEU_XX.wav,1091,train,0,neutral,0,neutral,0.8975586891174316
data/cremad/audio/1091_IEO_SAD_HI.wav,1091_IEO_SAD_HI.wav,1091,train,2,sad,2,sad,0.7086156010627747
data/cremad/audio/1091_IEO_SAD_LO.wav,1091_IEO_SAD_LO.wav,1091,train,2,sad,2,sad,0.7638416290283203
data/cremad/audio/1091_IEO_SAD_MD.wav,1091_IEO_SAD_MD.wav,1091,train,2,sad,2,sad,0.7757142186164856
data/cremad/audio/1091_IOM_ANG_XX.wav,1091_IOM_ANG_XX.wav,1091,train,3,angry,3,angry,0.9903918504714966
data/cremad/audio/1091_IOM_DIS_XX.wav,1091_IOM_DIS_XX.wav,1091,train,5,disgust,1,happy,0.33309128880500793
data/cremad/audio/1091_IOM_FEA_XX.wav,1091_IOM_FEA_XX.wav,1091,train,4,fearful,4,fearful,0.9799662232398987
data/cremad/audio/1091_IOM_HAP_XX.wav,1091_IOM_HAP_XX.wav,1091,train,1,happy,4,fearful,0.684699535369873
data/cremad/audio/1091_IOM_NEU_XX.wav,1091_IOM_NEU_XX.wav,1091,train,0,neutral,1,happy,0.6207756996154785
data/cremad/audio/1091_IOM_SAD_XX.wav,1091_IOM_SAD_XX.wav,1091,train,2,sad,2,sad,0.7014949321746826
data/cremad/audio/1091_ITH_ANG_XX.wav,1091_ITH_ANG_XX.wav,1091,train,3,angry,3,angry,0.8176267743110657
data/cremad/audio/1091_ITH_DIS_XX.wav,1091_ITH_DIS_XX.wav,1091,train,5,disgust,2,sad,0.47905978560447693
data/cremad/audio/1091_ITH_FEA_XX.wav,1091_ITH_FEA_XX.wav,1091,train,4,fearful,4,fearful,0.9452100992202759
data/cremad/audio/1091_ITH_HAP_XX.wav,1091_ITH_HAP_XX.wav,1091,train,1,happy,1,happy,0.7025113701820374
data/cremad/audio/1091_ITH_NEU_XX.wav,1091_ITH_NEU_XX.wav,1091,train,0,neutral,0,neutral,0.9656864404678345
data/cremad/audio/1091_ITH_SAD_XX.wav,1091_ITH_SAD_XX.wav,1091,train,2,sad,2,sad,0.6946185827255249
data/cremad/audio/1091_ITS_ANG_XX.wav,1091_ITS_ANG_XX.wav,1091,train,3,angry,3,angry,0.6219635009765625
data/cremad/audio/1091_ITS_DIS_XX.wav,1091_ITS_DIS_XX.wav,1091,train,5,disgust,4,fearful,0.8741332292556763
data/cremad/audio/1091_ITS_FEA_XX.wav,1091_ITS_FEA_XX.wav,1091,train,4,fearful,4,fearful,0.9801541566848755
data/cremad/audio/1091_ITS_HAP_XX.wav,1091_ITS_HAP_XX.wav,1091,train,1,happy,1,happy,0.930149495601654
data/cremad/audio/1091_ITS_NEU_XX.wav,1091_ITS_NEU_XX.wav,1091,train,0,neutral,0,neutral,0.8214337825775146
data/cremad/audio/1091_ITS_SAD_XX.wav,1091_ITS_SAD_XX.wav,1091,train,2,sad,4,fearful,0.7109384536743164
data/cremad/audio/1091_IWL_ANG_XX.wav,1091_IWL_ANG_XX.wav,1091,train,3,angry,3,angry,0.9436452388763428
data/cremad/audio/1091_IWL_DIS_XX.wav,1091_IWL_DIS_XX.wav,1091,train,5,disgust,5,disgust,0.7250829339027405
data/cremad/audio/1091_IWL_FEA_XX.wav,1091_IWL_FEA_XX.wav,1091,train,4,fearful,4,fearful,0.889758825302124
data/cremad/audio/1091_IWL_HAP_XX.wav,1091_IWL_HAP_XX.wav,1091,train,1,happy,1,happy,0.9553646445274353
data/cremad/audio/1091_IWL_NEU_XX.wav,1091_IWL_NEU_XX.wav,1091,train,0,neutral,0,neutral,0.9883099794387817
data/cremad/audio/1091_IWL_SAD_XX.wav,1091_IWL_SAD_XX.wav,1091,train,2,sad,2,sad,0.8686443567276001
data/cremad/audio/1091_IWW_ANG_XX.wav,1091_IWW_ANG_XX.wav,1091,train,3,angry,3,angry,0.9906442165374756
data/cremad/audio/1091_IWW_DIS_XX.wav,1091_IWW_DIS_XX.wav,1091,train,5,disgust,5,disgust,0.6640481948852539
data/cremad/audio/1091_IWW_FEA_XX.wav,1091_IWW_FEA_XX.wav,1091,train,4,fearful,4,fearful,0.9783239960670471
data/cremad/audio/1091_IWW_HAP_XX.wav,1091_IWW_HAP_XX.wav,1091,train,1,happy,5,disgust,0.7244272232055664
data/cremad/audio/1091_IWW_NEU_XX.wav,1091_IWW_NEU_XX.wav,1091,train,0,neutral,0,neutral,0.5532377362251282
data/cremad/audio/1091_IWW_SAD_XX.wav,1091_IWW_SAD_XX.wav,1091,train,2,sad,4,fearful,0.8239135146141052
data/cremad/audio/1091_MTI_ANG_XX.wav,1091_MTI_ANG_XX.wav,1091,train,3,angry,3,angry,0.993018388748169
data/cremad/audio/1091_MTI_DIS_XX.wav,1091_MTI_DIS_XX.wav,1091,train,5,disgust,5,disgust,0.5701601505279541
data/cremad/audio/1091_MTI_FEA_XX.wav,1091_MTI_FEA_XX.wav,1091,train,4,fearful,4,fearful,0.8793774247169495
data/cremad/audio/1091_MTI_HAP_XX.wav,1091_MTI_HAP_XX.wav,1091,train,1,happy,1,happy,0.47405484318733215
data/cremad/audio/1091_MTI_NEU_XX.wav,1091_MTI_NEU_XX.wav,1091,train,0,neutral,0,neutral,0.9944350719451904
data/cremad/audio/1091_MTI_SAD_XX.wav,1091_MTI_SAD_XX.wav,1091,train,2,sad,4,fearful,0.4617586135864258
data/cremad/audio/1091_TAI_ANG_XX.wav,1091_TAI_ANG_XX.wav,1091,train,3,angry,3,angry,0.9248031973838806
data/cremad/audio/1091_TAI_DIS_XX.wav,1091_TAI_DIS_XX.wav,1091,train,5,disgust,5,disgust,0.5652728080749512
data/cremad/audio/1091_TAI_FEA_XX.wav,1091_TAI_FEA_XX.wav,1091,train,4,fearful,4,fearful,0.7991046905517578
data/cremad/audio/1091_TAI_HAP_XX.wav,1091_TAI_HAP_XX.wav,1091,train,1,happy,4,fearful,0.7967668771743774
data/cremad/audio/1091_TAI_NEU_XX.wav,1091_TAI_NEU_XX.wav,1091,train,0,neutral,0,neutral,0.9885063171386719
data/cremad/audio/1091_TAI_SAD_XX.wav,1091_TAI_SAD_XX.wav,1091,train,2,sad,2,sad,0.6451486349105835
data/cremad/audio/1091_TIE_ANG_XX.wav,1091_TIE_ANG_XX.wav,1091,train,3,angry,3,angry,0.9684763550758362
data/cremad/audio/1091_TIE_DIS_XX.wav,1091_TIE_DIS_XX.wav,1091,train,5,disgust,5,disgust,0.5171573758125305
data/cremad/audio/1091_TIE_FEA_XX.wav,1091_TIE_FEA_XX.wav,1091,train,4,fearful,1,happy,0.5463238954544067
data/cremad/audio/1091_TIE_HAP_XX.wav,1091_TIE_HAP_XX.wav,1091,train,1,happy,1,happy,0.8967822790145874
data/cremad/audio/1091_TIE_NEU_XX.wav,1091_TIE_NEU_XX.wav,1091,train,0,neutral,0,neutral,0.9735572338104248
data/cremad/audio/1091_TIE_SAD_XX.wav,1091_TIE_SAD_XX.wav,1091,train,2,sad,5,disgust,0.5620140433311462
data/cremad/audio/1091_TSI_ANG_XX.wav,1091_TSI_ANG_XX.wav,1091,train,3,angry,3,angry,0.9708651900291443
data/cremad/audio/1091_TSI_DIS_XX.wav,1091_TSI_DIS_XX.wav,1091,train,5,disgust,2,sad,0.8073611259460449
data/cremad/audio/1091_TSI_FEA_XX.wav,1091_TSI_FEA_XX.wav,1091,train,4,fearful,4,fearful,0.9486979246139526
data/cremad/audio/1091_TSI_HAP_XX.wav,1091_TSI_HAP_XX.wav,1091,train,1,happy,1,happy,0.9715389013290405
data/cremad/audio/1091_TSI_NEU_XX.wav,1091_TSI_NEU_XX.wav,1091,train,0,neutral,0,neutral,0.984420895576477
data/cremad/audio/1091_TSI_SAD_XX.wav,1091_TSI_SAD_XX.wav,1091,train,2,sad,0,neutral,0.7725849151611328
data/cremad/audio/1091_WSI_ANG_XX.wav,1091_WSI_ANG_XX.wav,1091,train,3,angry,3,angry,0.9655152559280396
data/cremad/audio/1091_WSI_DIS_XX.wav,1091_WSI_DIS_XX.wav,1091,train,5,disgust,5,disgust,0.4389380216598511
data/cremad/audio/1091_WSI_FEA_XX.wav,1091_WSI_FEA_XX.wav,1091,train,4,fearful,4,fearful,0.9402702450752258
data/cremad/audio/1091_WSI_HAP_XX.wav,1091_WSI_HAP_XX.wav,1091,train,1,happy,1,happy,0.8387156128883362
data/cremad/audio/1091_WSI_NEU_XX.wav,1091_WSI_NEU_XX.wav,1091,train,0,neutral,0,neutral,0.9929822683334351
data/cremad/audio/1091_WSI_SAD_XX.wav,1091_WSI_SAD_XX.wav,1091,train,2,sad,2,sad,0.6969295740127563
