filepath,filename,actor_id,split,true_label,true_emotion,predicted_label,predicted_emotion,confidence
/Users/prarthanapatel/Desktop/Himanshi/speech_emotion_detection-develop-v2/cremad_preprocessed/audio/1001_DFA_ANG_XX.wav,1001_DFA_ANG_XX.wav,1001,train,3,angry,3,angry,0.9946059584617615
/Users/prarthanapatel/Desktop/Himanshi/speech_emotion_detection-develop-v2/cremad_preprocessed/audio/1001_DFA_DIS_XX.wav,1001_DFA_DIS_XX.wav,1001,train,5,disgust,5,disgust,0.8826579451560974
/Users/prarthanapatel/Desktop/Himanshi/speech_emotion_detection-develop-v2/cremad_preprocessed/audio/1001_DFA_FEA_XX.wav,1001_DFA_FEA_XX.wav,1001,train,4,fearful,4,fearful,0.8999770879745483
/Users/prarthanapatel/Desktop/Himanshi/speech_emotion_detection-develop-v2/cremad_preprocessed/audio/1001_DFA_HAP_XX.wav,1001_DFA_HAP_XX.wav,1001,train,1,happy,1,happy,0.9219939708709717
/Users/prarthanapatel/Desktop/Himanshi/speech_emotion_detection-develop-v2/cremad_preprocessed/audio/1001_DFA_NEU_XX.wav,1001_DFA_NEU_XX.wav,1001,train,0,neutral,0,neutral,0.9474199414253235
/Users/prarthanapatel/Desktop/Himanshi/speech_emotion_detection-develop-v2/cremad_preprocessed/audio/1001_DFA_SAD_XX.wav,1001_DFA_SAD_XX.wav,1001,train,2,sad,4,fearful,0.48201286792755127
/Users/prarthanapatel/Desktop/Himanshi/speech_emotion_detection-develop-v2/cremad_preprocessed/audio/1001_IEO_ANG_HI.wav,1001_IEO_ANG_HI.wav,1001,train,3,angry,3,angry,0.981680691242218
/Users/prarthanapatel/Desktop/Himanshi/speech_emotion_detection-develop-v2/cremad_preprocessed/audio/1001_IEO_ANG_LO.wav,1001_IEO_ANG_LO.wav,1001,train,3,angry,1,happy,0.3814121186733246
/Users/prarthanapatel/Desktop/Himanshi/speech_emotion_detection-develop-v2/cremad_preprocessed/audio/1001_IEO_ANG_MD.wav,1001_IEO_ANG_MD.wav,1001,train,3,angry,3,angry,0.9928814172744751
/Users/prarthanapatel/Desktop/Himanshi/speech_emotion_detection-develop-v2/cremad_preprocessed/audio/1001_IEO_DIS_HI.wav,1001_IEO_DIS_HI.wav,1001,train,5,disgust,1,happy,0.9441113471984863
/Users/prarthanapatel/Desktop/Himanshi/speech_emotion_detection-develop-v2/cremad_preprocessed/audio/1001_IEO_DIS_LO.wav,1001_IEO_DIS_LO.wav,1001,train,5,disgust,4,fearful,0.804362952709198
/Users/prarthanapatel/Desktop/Himanshi/speech_emotion_detection-develop-v2/cremad_preprocessed/audio/1001_IEO_DIS_MD.wav,1001_IEO_DIS_MD.wav,1001,train,5,disgust,1,happy,0.7823195457458496
/Users/prarthanapatel/Desktop/Himanshi/speech_emotion_detection-develop-v2/cremad_preprocessed/audio/1001_IEO_FEA_HI.wav,1001_IEO_FEA_HI.wav,1001,train,4,fearful,1,happy,0.8415691256523132
/Users/prarthanapatel/Desktop/Himanshi/speech_emotion_detection-develop-v2/cremad_preprocessed/audio/1001_IEO_FEA_LO.wav,1001_IEO_FEA_LO.wav,1001,train,4,fearful,1,happy,0.7958458065986633
/Users/prarthanapatel/Desktop/Himanshi/speech_emotion_detection-develop-v2/cremad_preprocessed/audio/1001_IEO_FEA_MD.wav,1001_IEO_FEA_MD.wav,1001,train,4,fearful,1,happy,0.967649519443512
/Users/prarthanapatel/Desktop/Himanshi/speech_emotion_detection-develop-v2/cremad_preprocessed/audio/1001_IEO_HAP_HI.wav,1001_IEO_HAP_HI.wav,1001,train,1,happy,1,happy,0.9387415051460266
/Users/prarthanapatel/Desktop/Himanshi/speech_emotion_detection-develop-v2/cremad_preprocessed/audio/1001_IEO_HAP_LO.wav,1001_IEO_HAP_LO.wav,1001,train,1,happy,1,happy,0.9659625291824341
/Users/prarthanapatel/Desktop/Himanshi/speech_emotion_detection-develop-v2/cremad_preprocessed/audio/1001_IEO_HAP_MD.wav,1001_IEO_HAP_MD.wav,1001,train,1,happy,1,happy,0.977165937423706
/Users/prarthanapatel/Desktop/Himanshi/speech_emotion_detection-develop-v2/cremad_preprocessed/audio/1001_IEO_NEU_XX.wav,1001_IEO_NEU_XX.wav,1001,train,0,neutral,1,happy,0.8023683428764343
/Users/prarthanapatel/Desktop/Himanshi/speech_emotion_detection-develop-v2/cremad_preprocessed/audio/1001_IEO_SAD_HI.wav,1001_IEO_SAD_HI.wav,1001,train,2,sad,1,happy,0.9493945240974426
/Users/prarthanapatel/Desktop/Himanshi/speech_emotion_detection-develop-v2/cremad_preprocessed/audio/1001_IEO_SAD_LO.wav,1001_IEO_SAD_LO.wav,1001,train,2,sad,4,fearful,0.5607222318649292
/Users/prarthanapatel/Desktop/Himanshi/speech_emotion_detection-develop-v2/cremad_preprocessed/audio/1001_IEO_SAD_MD.wav,1001_IEO_SAD_MD.wav,1001,train,2,sad,4,fearful,0.46730613708496094
/Users/prarthanapatel/Desktop/Himanshi/speech_emotion_detection-develop-v2/cremad_preprocessed/audio/1001_IOM_ANG_XX.wav,1001_IOM_ANG_XX.wav,1001,train,3,angry,4,fearful,0.6311403512954712
/Users/prarthanapatel/Desktop/Himanshi/speech_emotion_detection-develop-v2/cremad_preprocessed/audio/1001_IOM_DIS_XX.wav,1001_IOM_DIS_XX.wav,1001,train,5,disgust,4,fearful,0.6723283529281616
/Users/prarthanapatel/Desktop/Himanshi/speech_emotion_detection-develop-v2/cremad_preprocessed/audio/1001_IOM_FEA_XX.wav,1001_IOM_FEA_XX.wav,1001,train,4,fearful,3,angry,0.9916151762008667
/Users/prarthanapatel/Desktop/Himanshi/speech_emotion_detection-develop-v2/cremad_preprocessed/audio/1001_IOM_HAP_XX.wav,1001_IOM_HAP_XX.wav,1001,train,1,happy,1,happy,0.9759653806686401
/Users/prarthanapatel/Desktop/Himanshi/speech_emotion_detection-develop-v2/cremad_preprocessed/audio/1001_IOM_NEU_XX.wav,1001_IOM_NEU_XX.wav,1001,train,0,neutral,0,neutral,0.9734314680099487
/Users/prarthanapatel/Desktop/Himanshi/speech_emotion_detection-develop-v2/cremad_preprocessed/audio/1001_IOM_SAD_XX.wav,1001_IOM_SAD_XX.wav,1001,train,2,sad,4,fearful,0.7900051474571228
/Users/prarthanapatel/Desktop/Himanshi/speech_emotion_detection-develop-v2/cremad_preprocessed/audio/1001_ITH_ANG_XX.wav,1001_ITH_ANG_XX.wav,1001,train,3,angry,3,angry,0.9940071105957031
/Users/prarthanapatel/Desktop/Himanshi/speech_emotion_detection-develop-v2/cremad_preprocessed/audio/1001_ITH_DIS_XX.wav,1001_ITH_DIS_XX.wav,1001,train,5,disgust,5,disgust,0.9401276707649231
/Users/prarthanapatel/Desktop/Himanshi/speech_emotion_detection-develop-v2/cremad_preprocessed/audio/1001_ITH_FEA_XX.wav,1001_ITH_FEA_XX.wav,1001,train,4,fearful,4,fearful,0.7076916098594666
/Users/prarthanapatel/Desktop/Himanshi/speech_emotion_detection-develop-v2/cremad_preprocessed/audio/1001_ITH_HAP_XX.wav,1001_ITH_HAP_XX.wav,1001,train,1,happy,1,happy,0.9330078363418579
/Users/prarthanapatel/Desktop/Himanshi/speech_emotion_detection-develop-v2/cremad_preprocessed/audio/1001_ITH_NEU_XX.wav,1001_ITH_NEU_XX.wav,1001,train,0,neutral,0,neutral,0.8187857866287231
/Users/prarthanapatel/Desktop/Himanshi/speech_emotion_detection-develop-v2/cremad_preprocessed/audio/1001_ITH_SAD_XX.wav,1001_ITH_SAD_XX.wav,1001,train,2,sad,2,sad,0.5790565609931946
/Users/prarthanapatel/Desktop/Himanshi/speech_emotion_detection-develop-v2/cremad_preprocessed/audio/1001_ITS_ANG_XX.wav,1001_ITS_ANG_XX.wav,1001,train,3,angry,3,angry,0.9950136542320251
/Users/prarthanapatel/Desktop/Himanshi/speech_emotion_detection-develop-v2/cremad_preprocessed/audio/1001_ITS_DIS_XX.wav,1001_ITS_DIS_XX.wav,1001,train,5,disgust,3,angry,0.8985334634780884
/Users/prarthanapatel/Desktop/Himanshi/speech_emotion_detection-develop-v2/cremad_preprocessed/audio/1001_ITS_FEA_XX.wav,1001_ITS_FEA_XX.wav,1001,train,4,fearful,1,happy,0.9580240249633789
/Users/prarthanapatel/Desktop/Himanshi/speech_emotion_detection-develop-v2/cremad_preprocessed/audio/1001_ITS_HAP_XX.wav,1001_ITS_HAP_XX.wav,1001,train,1,happy,1,happy,0.8506327867507935
/Users/prarthanapatel/Desktop/Himanshi/speech_emotion_detection-develop-v2/cremad_preprocessed/audio/1001_ITS_NEU_XX.wav,1001_ITS_NEU_XX.wav,1001,train,0,neutral,0,neutral,0.9867302179336548
/Users/prarthanapatel/Desktop/Himanshi/speech_emotion_detection-develop-v2/cremad_preprocessed/audio/1001_ITS_SAD_XX.wav,1001_ITS_SAD_XX.wav,1001,train,2,sad,2,sad,0.6345589756965637
/Users/prarthanapatel/Desktop/Himanshi/speech_emotion_detection-develop-v2/cremad_preprocessed/audio/1001_IWL_ANG_XX.wav,1001_IWL_ANG_XX.wav,1001,train,3,angry,3,angry,0.9936621189117432
/Users/prarthanapatel/Desktop/Himanshi/speech_emotion_detection-develop-v2/cremad_preprocessed/audio/1001_IWL_DIS_XX.wav,1001_IWL_DIS_XX.wav,1001,train,5,disgust,1,happy,0.9231963753700256
/Users/prarthanapatel/Desktop/Himanshi/speech_emotion_detection-develop-v2/cremad_preprocessed/audio/1001_IWL_FEA_XX.wav,1001_IWL_FEA_XX.wav,1001,train,4,fearful,4,fearful,0.9340530633926392
/Users/prarthanapatel/Desktop/Himanshi/speech_emotion_detection-develop-v2/cremad_preprocessed/audio/1001_IWL_HAP_XX.wav,1001_IWL_HAP_XX.wav,1001,train,1,happy,1,happy,0.9781729578971863
/Users/prarthanapatel/Desktop/Himanshi/speech_emotion_detection-develop-v2/cremad_preprocessed/audio/1001_IWL_NEU_XX.wav,1001_IWL_NEU_XX.wav,1001,train,0,neutral,0,neutral,0.9800896644592285
/Users/prarthanapatel/Desktop/Himanshi/speech_emotion_detection-develop-v2/cremad_preprocessed/audio/1001_IWL_SAD_XX.wav,1001_IWL_SAD_XX.wav,1001,train,2,sad,4,fearful,0.7543827295303345
/Users/prarthanapatel/Desktop/Himanshi/speech_emotion_detection-develop-v2/cremad_preprocessed/audio/1001_IWW_ANG_XX.wav,1001_IWW_ANG_XX.wav,1001,train,3,angry,3,angry,0.9627777934074402
/Users/prarthanapatel/Desktop/Himanshi/speech_emotion_detection-develop-v2/cremad_preprocessed/audio/1001_IWW_DIS_XX.wav,1001_IWW_DIS_XX.wav,1001,train,5,disgust,5,disgust,0.8678438067436218
/Users/prarthanapatel/Desktop/Himanshi/speech_emotion_detection-develop-v2/cremad_preprocessed/audio/1001_IWW_FEA_XX.wav,1001_IWW_FEA_XX.wav,1001,train,4,fearful,4,fearful,0.5207333564758301
/Users/prarthanapatel/Desktop/Himanshi/speech_emotion_detection-develop-v2/cremad_preprocessed/audio/1001_IWW_HAP_XX.wav,1001_IWW_HAP_XX.wav,1001,train,1,happy,1,happy,0.9690791368484497
/Users/prarthanapatel/Desktop/Himanshi/speech_emotion_detection-develop-v2/cremad_preprocessed/audio/1001_IWW_NEU_XX.wav,1001_IWW_NEU_XX.wav,1001,train,0,neutral,0,neutral,0.9852181077003479
/Users/prarthanapatel/Desktop/Himanshi/speech_emotion_detection-develop-v2/cremad_preprocessed/audio/1001_IWW_SAD_XX.wav,1001_IWW_SAD_XX.wav,1001,train,2,sad,2,sad,0.5254843235015869
/Users/prarthanapatel/Desktop/Himanshi/speech_emotion_detection-develop-v2/cremad_preprocessed/audio/1001_MTI_ANG_XX.wav,1001_MTI_ANG_XX.wav,1001,train,3,angry,3,angry,0.9947598576545715
/Users/prarthanapatel/Desktop/Himanshi/speech_emotion_detection-develop-v2/cremad_preprocessed/audio/1001_MTI_DIS_XX.wav,1001_MTI_DIS_XX.wav,1001,train,5,disgust,4,fearful,0.5606482028961182
/Users/prarthanapatel/Desktop/Himanshi/speech_emotion_detection-develop-v2/cremad_preprocessed/audio/1001_MTI_FEA_XX.wav,1001_MTI_FEA_XX.wav,1001,train,4,fearful,4,fearful,0.929965615272522
/Users/prarthanapatel/Desktop/Himanshi/speech_emotion_detection-develop-v2/cremad_preprocessed/audio/1001_MTI_HAP_XX.wav,1001_MTI_HAP_XX.wav,1001,train,1,happy,1,happy,0.9646397829055786
/Users/prarthanapatel/Desktop/Himanshi/speech_emotion_detection-develop-v2/cremad_preprocessed/audio/1001_MTI_NEU_XX.wav,1001_MTI_NEU_XX.wav,1001,train,0,neutral,0,neutral,0.9310884475708008
/Users/prarthanapatel/Desktop/Himanshi/speech_emotion_detection-develop-v2/cremad_preprocessed/audio/1001_MTI_SAD_XX.wav,1001_MTI_SAD_XX.wav,1001,train,2,sad,0,neutral,0.9682552218437195
/Users/prarthanapatel/Desktop/Himanshi/speech_emotion_detection-develop-v2/cremad_preprocessed/audio/1001_TAI_ANG_XX.wav,1001_TAI_ANG_XX.wav,1001,train,3,angry,3,angry,0.9943791031837463
/Users/prarthanapatel/Desktop/Himanshi/speech_emotion_detection-develop-v2/cremad_preprocessed/audio/1001_TAI_DIS_XX.wav,1001_TAI_DIS_XX.wav,1001,train,5,disgust,5,disgust,0.8514859676361084
/Users/prarthanapatel/Desktop/Himanshi/speech_emotion_detection-develop-v2/cremad_preprocessed/audio/1001_TAI_FEA_XX.wav,1001_TAI_FEA_XX.wav,1001,train,4,fearful,4,fearful,0.9307130575180054
/Users/prarthanapatel/Desktop/Himanshi/speech_emotion_detection-develop-v2/cremad_preprocessed/audio/1001_TAI_HAP_XX.wav,1001_TAI_HAP_XX.wav,1001,train,1,happy,1,happy,0.9711410999298096
/Users/prarthanapatel/Desktop/Himanshi/speech_emotion_detection-develop-v2/cremad_preprocessed/audio/1001_TAI_NEU_XX.wav,1001_TAI_NEU_XX.wav,1001,train,0,neutral,0,neutral,0.9884722232818604
/Users/prarthanapatel/Desktop/Himanshi/speech_emotion_detection-develop-v2/cremad_preprocessed/audio/1001_TAI_SAD_XX.wav,1001_TAI_SAD_XX.wav,1001,train,2,sad,2,sad,0.6741381883621216
/Users/prarthanapatel/Desktop/Himanshi/speech_emotion_detection-develop-v2/cremad_preprocessed/audio/1001_TIE_ANG_XX.wav,1001_TIE_ANG_XX.wav,1001,train,3,angry,3,angry,0.9883065819740295
/Users/prarthanapatel/Desktop/Himanshi/speech_emotion_detection-develop-v2/cremad_preprocessed/audio/1001_TIE_DIS_XX.wav,1001_TIE_DIS_XX.wav,1001,train,5,disgust,5,disgust,0.4630679786205292
/Users/prarthanapatel/Desktop/Himanshi/speech_emotion_detection-develop-v2/cremad_preprocessed/audio/1001_TIE_FEA_XX.wav,1001_TIE_FEA_XX.wav,1001,train,4,fearful,4,fearful,0.879450798034668
/Users/prarthanapatel/Desktop/Himanshi/speech_emotion_detection-develop-v2/cremad_preprocessed/audio/1001_TIE_HAP_XX.wav,1001_TIE_HAP_XX.wav,1001,train,1,happy,1,happy,0.9329732656478882
/Users/prarthanapatel/Desktop/Himanshi/speech_emotion_detection-develop-v2/cremad_preprocessed/audio/1001_TIE_NEU_XX.wav,1001_TIE_NEU_XX.wav,1001,train,0,neutral,0,neutral,0.96757572889328
/Users/prarthanapatel/Desktop/Himanshi/speech_emotion_detection-develop-v2/cremad_preprocessed/audio/1001_TIE_SAD_XX.wav,1001_TIE_SAD_XX.wav,1001,train,2,sad,1,happy,0.4235868453979492
/Users/prarthanapatel/Desktop/Himanshi/speech_emotion_detection-develop-v2/cremad_preprocessed/audio/1001_TSI_ANG_XX.wav,1001_TSI_ANG_XX.wav,1001,train,3,angry,3,angry,0.9948497414588928
/Users/prarthanapatel/Desktop/Himanshi/speech_emotion_detection-develop-v2/cremad_preprocessed/audio/1001_TSI_DIS_XX.wav,1001_TSI_DIS_XX.wav,1001,train,5,disgust,4,fearful,0.6495621204376221
/Users/prarthanapatel/Desktop/Himanshi/speech_emotion_detection-develop-v2/cremad_preprocessed/audio/1001_TSI_FEA_XX.wav,1001_TSI_FEA_XX.wav,1001,train,4,fearful,4,fearful,0.9265385866165161
/Users/prarthanapatel/Desktop/Himanshi/speech_emotion_detection-develop-v2/cremad_preprocessed/audio/1001_TSI_HAP_XX.wav,1001_TSI_HAP_XX.wav,1001,train,1,happy,1,happy,0.8796426057815552
/Users/prarthanapatel/Desktop/Himanshi/speech_emotion_detection-develop-v2/cremad_preprocessed/audio/1001_TSI_NEU_XX.wav,1001_TSI_NEU_XX.wav,1001,train,0,neutral,0,neutral,0.9838025569915771
/Users/prarthanapatel/Desktop/Himanshi/speech_emotion_detection-develop-v2/cremad_preprocessed/audio/1001_TSI_SAD_XX.wav,1001_TSI_SAD_XX.wav,1001,train,2,sad,4,fearful,0.6593380570411682
/Users/prarthanapatel/Desktop/Himanshi/speech_emotion_detection-develop-v2/cremad_preprocessed/audio/1001_WSI_ANG_XX.wav,1001_WSI_ANG_XX.wav,1001,train,3,angry,3,angry,0.9943944215774536
/Users/prarthanapatel/Desktop/Himanshi/speech_emotion_detection-develop-v2/cremad_preprocessed/audio/1001_WSI_DIS_XX.wav,1001_WSI_DIS_XX.wav,1001,train,5,disgust,5,disgust,0.4722483158111572
/Users/prarthanapatel/Desktop/Himanshi/speech_emotion_detection-develop-v2/cremad_preprocessed/audio/1001_WSI_FEA_XX.wav,1001_WSI_FEA_XX.wav,1001,train,4,fearful,4,fearful,0.927969217300415
/Users/prarthanapatel/Desktop/Himanshi/speech_emotion_detection-develop-v2/cremad_preprocessed/audio/1001_WSI_HAP_XX.wav,1001_WSI_HAP_XX.wav,1001,train,1,happy,1,happy,0.9779528975486755
/Users/prarthanapatel/Desktop/Himanshi/speech_emotion_detection-develop-v2/cremad_preprocessed/audio/1001_WSI_NEU_XX.wav,1001_WSI_NEU_XX.wav,1001,train,0,neutral,0,neutral,0.9758895635604858
/Users/prarthanapatel/Desktop/Himanshi/speech_emotion_detection-develop-v2/cremad_preprocessed/audio/1001_WSI_SAD_XX.wav,1001_WSI_SAD_XX.wav,1001,train,2,sad,1,happy,0.8820915818214417
/Users/prarthanapatel/Desktop/Himanshi/speech_emotion_detection-develop-v2/cremad_preprocessed/audio/1002_DFA_ANG_XX.wav,1002_DFA_ANG_XX.wav,1002,train,3,angry,3,angry,0.9946826100349426
/Users/prarthanapatel/Desktop/Himanshi/speech_emotion_detection-develop-v2/cremad_preprocessed/audio/1002_DFA_DIS_XX.wav,1002_DFA_DIS_XX.wav,1002,train,5,disgust,5,disgust,0.9590574502944946
/Users/prarthanapatel/Desktop/Himanshi/speech_emotion_detection-develop-v2/cremad_preprocessed/audio/1002_DFA_FEA_XX.wav,1002_DFA_FEA_XX.wav,1002,train,4,fearful,4,fearful,0.9470356702804565
/Users/prarthanapatel/Desktop/Himanshi/speech_emotion_detection-develop-v2/cremad_preprocessed/audio/1002_DFA_HAP_XX.wav,1002_DFA_HAP_XX.wav,1002,train,1,happy,1,happy,0.9788104295730591
/Users/prarthanapatel/Desktop/Himanshi/speech_emotion_detection-develop-v2/cremad_preprocessed/audio/1002_DFA_NEU_XX.wav,1002_DFA_NEU_XX.wav,1002,train,0,neutral,0,neutral,0.38620877265930176
/Users/prarthanapatel/Desktop/Himanshi/speech_emotion_detection-develop-v2/cremad_preprocessed/audio/1002_DFA_SAD_XX.wav,1002_DFA_SAD_XX.wav,1002,train,2,sad,2,sad,0.9272936582565308
/Users/prarthanapatel/Desktop/Himanshi/speech_emotion_detection-develop-v2/cremad_preprocessed/audio/1002_IEO_ANG_HI.wav,1002_IEO_ANG_HI.wav,1002,train,3,angry,3,angry,0.9902719855308533
/Users/prarthanapatel/Desktop/Himanshi/speech_emotion_detection-develop-v2/cremad_preprocessed/audio/1002_IEO_ANG_LO.wav,1002_IEO_ANG_LO.wav,1002,train,3,angry,3,angry,0.9946606755256653
/Users/prarthanapatel/Desktop/Himanshi/speech_emotion_detection-develop-v2/cremad_preprocessed/audio/1002_IEO_ANG_MD.wav,1002_IEO_ANG_MD.wav,1002,train,3,angry,3,angry,0.9938223361968994
/Users/prarthanapatel/Desktop/Himanshi/speech_emotion_detection-develop-v2/cremad_preprocessed/audio/1002_IEO_DIS_HI.wav,1002_IEO_DIS_HI.wav,1002,train,5,disgust,4,fearful,0.5863224267959595
/Users/prarthanapatel/Desktop/Himanshi/speech_emotion_detection-develop-v2/cremad_preprocessed/audio/1002_IEO_DIS_LO.wav,1002_IEO_DIS_LO.wav,1002,train,5,disgust,5,disgust,0.8263182044029236
/Users/prarthanapatel/Desktop/Himanshi/speech_emotion_detection-develop-v2/cremad_preprocessed/audio/1002_IEO_DIS_MD.wav,1002_IEO_DIS_MD.wav,1002,train,5,disgust,1,happy,0.49750399589538574
/Users/prarthanapatel/Desktop/Himanshi/speech_emotion_detection-develop-v2/cremad_preprocessed/audio/1002_IEO_FEA_HI.wav,1002_IEO_FEA_HI.wav,1002,train,4,fearful,4,fearful,0.9578936696052551
/Users/prarthanapatel/Desktop/Himanshi/speech_emotion_detection-develop-v2/cremad_preprocessed/audio/1002_IEO_FEA_LO.wav,1002_IEO_FEA_LO.wav,1002,train,4,fearful,4,fearful,0.932012140750885
/Users/prarthanapatel/Desktop/Himanshi/speech_emotion_detection-develop-v2/cremad_preprocessed/audio/1002_IEO_FEA_MD.wav,1002_IEO_FEA_MD.wav,1002,train,4,fearful,4,fearful,0.5529611110687256
/Users/prarthanapatel/Desktop/Himanshi/speech_emotion_detection-develop-v2/cremad_preprocessed/audio/1002_IEO_HAP_HI.wav,1002_IEO_HAP_HI.wav,1002,train,1,happy,1,happy,0.8915024399757385
/Users/prarthanapatel/Desktop/Himanshi/speech_emotion_detection-develop-v2/cremad_preprocessed/audio/1002_IEO_HAP_LO.wav,1002_IEO_HAP_LO.wav,1002,train,1,happy,1,happy,0.9766794443130493
/Users/prarthanapatel/Desktop/Himanshi/speech_emotion_detection-develop-v2/cremad_preprocessed/audio/1002_IEO_HAP_MD.wav,1002_IEO_HAP_MD.wav,1002,train,1,happy,1,happy,0.9486600160598755
/Users/prarthanapatel/Desktop/Himanshi/speech_emotion_detection-develop-v2/cremad_preprocessed/audio/1002_IEO_NEU_XX.wav,1002_IEO_NEU_XX.wav,1002,train,0,neutral,0,neutral,0.6353174448013306
/Users/prarthanapatel/Desktop/Himanshi/speech_emotion_detection-develop-v2/cremad_preprocessed/audio/1002_IEO_SAD_HI.wav,1002_IEO_SAD_HI.wav,1002,train,2,sad,2,sad,0.8315615057945251
/Users/prarthanapatel/Desktop/Himanshi/speech_emotion_detection-develop-v2/cremad_preprocessed/audio/1002_IEO_SAD_LO.wav,1002_IEO_SAD_LO.wav,1002,train,2,sad,2,sad,0.5425392985343933
/Users/prarthanapatel/Desktop/Himanshi/speech_emotion_detection-develop-v2/cremad_preprocessed/audio/1002_IEO_SAD_MD.wav,1002_IEO_SAD_MD.wav,1002,train,2,sad,2,sad,0.8189452290534973
/Users/prarthanapatel/Desktop/Himanshi/speech_emotion_detection-develop-v2/cremad_preprocessed/audio/1002_IOM_ANG_XX.wav,1002_IOM_ANG_XX.wav,1002,train,3,angry,3,angry,0.9949147701263428
/Users/prarthanapatel/Desktop/Himanshi/speech_emotion_detection-develop-v2/cremad_preprocessed/audio/1002_IOM_DIS_XX.wav,1002_IOM_DIS_XX.wav,1002,train,5,disgust,5,disgust,0.728808581829071
/Users/prarthanapatel/Desktop/Himanshi/speech_emotion_detection-develop-v2/cremad_preprocessed/audio/1002_IOM_FEA_XX.wav,1002_IOM_FEA_XX.wav,1002,train,4,fearful,4,fearful,0.9322507977485657
/Users/prarthanapatel/Desktop/Himanshi/speech_emotion_detection-develop-v2/cremad_preprocessed/audio/1002_IOM_HAP_XX.wav,1002_IOM_HAP_XX.wav,1002,train,1,happy,1,happy,0.5628530979156494
/Users/prarthanapatel/Desktop/Himanshi/speech_emotion_detection-develop-v2/cremad_preprocessed/audio/1002_IOM_NEU_XX.wav,1002_IOM_NEU_XX.wav,1002,train,0,neutral,0,neutral,0.9665459394454956
/Users/prarthanapatel/Desktop/Himanshi/speech_emotion_detection-develop-v2/cremad_preprocessed/audio/1002_IOM_SAD_XX.wav,1002_IOM_SAD_XX.wav,1002,train,2,sad,2,sad,0.5424587726593018
/Users/prarthanapatel/Desktop/Himanshi/speech_emotion_detection-develop-v2/cremad_preprocessed/audio/1002_ITH_ANG_XX.wav,1002_ITH_ANG_XX.wav,1002,train,3,angry,3,angry,0.9931862354278564
/Users/prarthanapatel/Desktop/Himanshi/speech_emotion_detection-develop-v2/cremad_preprocessed/audio/1002_ITH_DIS_XX.wav,1002_ITH_DIS_XX.wav,1002,train,5,disgust,5,disgust,0.9503828883171082
/Users/prarthanapatel/Desktop/Himanshi/speech_emotion_detection-develop-v2/cremad_preprocessed/audio/1002_ITH_FEA_XX.wav,1002_ITH_FEA_XX.wav,1002,train,4,fearful,2,sad,0.4838047921657562
/Users/prarthanapatel/Desktop/Himanshi/speech_emotion_detection-develop-v2/cremad_preprocessed/audio/1002_ITH_HAP_XX.wav,1002_ITH_HAP_XX.wav,1002,train,1,happy,1,happy,0.9684783816337585
/Users/prarthanapatel/Desktop/Himanshi/speech_emotion_detection-develop-v2/cremad_preprocessed/audio/1002_ITH_NEU_XX.wav,1002_ITH_NEU_XX.wav,1002,train,0,neutral,0,neutral,0.9768233299255371
/Users/prarthanapatel/Desktop/Himanshi/speech_emotion_detection-develop-v2/cremad_preprocessed/audio/1002_ITH_SAD_XX.wav,1002_ITH_SAD_XX.wav,1002,train,2,sad,5,disgust,0.6337236166000366
/Users/prarthanapatel/Desktop/Himanshi/speech_emotion_detection-develop-v2/cremad_preprocessed/audio/1002_ITS_ANG_XX.wav,1002_ITS_ANG_XX.wav,1002,train,3,angry,1,happy,0.9800154566764832
/Users/prarthanapatel/Desktop/Himanshi/speech_emotion_detection-develop-v2/cremad_preprocessed/audio/1002_ITS_DIS_XX.wav,1002_ITS_DIS_XX.wav,1002,train,5,disgust,5,disgust,0.8127444982528687
/Users/prarthanapatel/Desktop/Himanshi/speech_emotion_detection-develop-v2/cremad_preprocessed/audio/1002_ITS_FEA_XX.wav,1002_ITS_FEA_XX.wav,1002,train,4,fearful,4,fearful,0.5558832287788391
/Users/prarthanapatel/Desktop/Himanshi/speech_emotion_detection-develop-v2/cremad_preprocessed/audio/1002_ITS_HAP_XX.wav,1002_ITS_HAP_XX.wav,1002,train,1,happy,1,happy,0.9266093373298645
/Users/prarthanapatel/Desktop/Himanshi/speech_emotion_detection-develop-v2/cremad_preprocessed/audio/1002_ITS_NEU_XX.wav,1002_ITS_NEU_XX.wav,1002,train,0,neutral,0,neutral,0.9544544816017151
/Users/prarthanapatel/Desktop/Himanshi/speech_emotion_detection-develop-v2/cremad_preprocessed/audio/1002_ITS_SAD_XX.wav,1002_ITS_SAD_XX.wav,1002,train,2,sad,4,fearful,0.6619370579719543
/Users/prarthanapatel/Desktop/Himanshi/speech_emotion_detection-develop-v2/cremad_preprocessed/audio/1002_IWL_ANG_XX.wav,1002_IWL_ANG_XX.wav,1002,train,3,angry,3,angry,0.9916097521781921
/Users/prarthanapatel/Desktop/Himanshi/speech_emotion_detection-develop-v2/cremad_preprocessed/audio/1002_IWL_DIS_XX.wav,1002_IWL_DIS_XX.wav,1002,train,5,disgust,4,fearful,0.6575013995170593
/Users/prarthanapatel/Desktop/Himanshi/speech_emotion_detection-develop-v2/cremad_preprocessed/audio/1002_IWL_FEA_XX.wav,1002_IWL_FEA_XX.wav,1002,train,4,fearful,4,fearful,0.7838403582572937
/Users/prarthanapatel/Desktop/Himanshi/speech_emotion_detection-develop-v2/cremad_preprocessed/audio/1002_IWL_HAP_XX.wav,1002_IWL_HAP_XX.wav,1002,train,1,happy,1,happy,0.86149662733078
/Users/prarthanapatel/Desktop/Himanshi/speech_emotion_detection-develop-v2/cremad_preprocessed/audio/1002_IWL_NEU_XX.wav,1002_IWL_NEU_XX.wav,1002,train,0,neutral,0,neutral,0.9824950098991394
/Users/prarthanapatel/Desktop/Himanshi/speech_emotion_detection-develop-v2/cremad_preprocessed/audio/1002_IWL_SAD_XX.wav,1002_IWL_SAD_XX.wav,1002,train,2,sad,2,sad,0.5457350611686707
/Users/prarthanapatel/Desktop/Himanshi/speech_emotion_detection-develop-v2/cremad_preprocessed/audio/1002_IWW_ANG_XX.wav,1002_IWW_ANG_XX.wav,1002,train,3,angry,3,angry,0.9938967823982239
/Users/prarthanapatel/Desktop/Himanshi/speech_emotion_detection-develop-v2/cremad_preprocessed/audio/1002_IWW_DIS_XX.wav,1002_IWW_DIS_XX.wav,1002,train,5,disgust,5,disgust,0.6330462098121643
/Users/prarthanapatel/Desktop/Himanshi/speech_emotion_detection-develop-v2/cremad_preprocessed/audio/1002_IWW_FEA_XX.wav,1002_IWW_FEA_XX.wav,1002,train,4,fearful,4,fearful,0.9626347422599792
/Users/prarthanapatel/Desktop/Himanshi/speech_emotion_detection-develop-v2/cremad_preprocessed/audio/1002_IWW_HAP_XX.wav,1002_IWW_HAP_XX.wav,1002,train,1,happy,1,happy,0.9779815077781677
/Users/prarthanapatel/Desktop/Himanshi/speech_emotion_detection-develop-v2/cremad_preprocessed/audio/1002_IWW_NEU_XX.wav,1002_IWW_NEU_XX.wav,1002,train,0,neutral,0,neutral,0.9695992469787598
/Users/prarthanapatel/Desktop/Himanshi/speech_emotion_detection-develop-v2/cremad_preprocessed/audio/1002_IWW_SAD_XX.wav,1002_IWW_SAD_XX.wav,1002,train,2,sad,4,fearful,0.8390849232673645
/Users/prarthanapatel/Desktop/Himanshi/speech_emotion_detection-develop-v2/cremad_preprocessed/audio/1002_MTI_ANG_XX.wav,1002_MTI_ANG_XX.wav,1002,train,3,angry,3,angry,0.9828991889953613
/Users/prarthanapatel/Desktop/Himanshi/speech_emotion_detection-develop-v2/cremad_preprocessed/audio/1002_MTI_DIS_XX.wav,1002_MTI_DIS_XX.wav,1002,train,5,disgust,1,happy,0.4217718541622162
/Users/prarthanapatel/Desktop/Himanshi/speech_emotion_detection-develop-v2/cremad_preprocessed/audio/1002_MTI_FEA_XX.wav,1002_MTI_FEA_XX.wav,1002,train,4,fearful,4,fearful,0.9479690194129944
/Users/prarthanapatel/Desktop/Himanshi/speech_emotion_detection-develop-v2/cremad_preprocessed/audio/1002_MTI_HAP_XX.wav,1002_MTI_HAP_XX.wav,1002,train,1,happy,1,happy,0.912431001663208
/Users/prarthanapatel/Desktop/Himanshi/speech_emotion_detection-develop-v2/cremad_preprocessed/audio/1002_MTI_NEU_XX.wav,1002_MTI_NEU_XX.wav,1002,train,0,neutral,0,neutral,0.7878129482269287
/Users/prarthanapatel/Desktop/Himanshi/speech_emotion_detection-develop-v2/cremad_preprocessed/audio/1002_MTI_SAD_XX.wav,1002_MTI_SAD_XX.wav,1002,train,2,sad,4,fearful,0.7161655426025391
/Users/prarthanapatel/Desktop/Himanshi/speech_emotion_detection-develop-v2/cremad_preprocessed/audio/1002_TAI_ANG_XX.wav,1002_TAI_ANG_XX.wav,1002,train,3,angry,3,angry,0.9917442202568054
/Users/prarthanapatel/Desktop/Himanshi/speech_emotion_detection-develop-v2/cremad_preprocessed/audio/1002_TAI_DIS_XX.wav,1002_TAI_DIS_XX.wav,1002,train,5,disgust,3,angry,0.9780022501945496
/Users/prarthanapatel/Desktop/Himanshi/speech_emotion_detection-develop-v2/cremad_preprocessed/audio/1002_TAI_FEA_XX.wav,1002_TAI_FEA_XX.wav,1002,train,4,fearful,4,fearful,0.8372985124588013
/Users/prarthanapatel/Desktop/Himanshi/speech_emotion_detection-develop-v2/cremad_preprocessed/audio/1002_TAI_HAP_XX.wav,1002_TAI_HAP_XX.wav,1002,train,1,happy,3,angry,0.9819969534873962
/Users/prarthanapatel/Desktop/Himanshi/speech_emotion_detection-develop-v2/cremad_preprocessed/audio/1002_TAI_NEU_XX.wav,1002_TAI_NEU_XX.wav,1002,train,0,neutral,0,neutral,0.9778237342834473
/Users/prarthanapatel/Desktop/Himanshi/speech_emotion_detection-develop-v2/cremad_preprocessed/audio/1002_TAI_SAD_XX.wav,1002_TAI_SAD_XX.wav,1002,train,2,sad,4,fearful,0.8601779937744141
/Users/prarthanapatel/Desktop/Himanshi/speech_emotion_detection-develop-v2/cremad_preprocessed/audio/1002_TIE_ANG_XX.wav,1002_TIE_ANG_XX.wav,1002,train,3,angry,3,angry,0.9940483570098877
/Users/prarthanapatel/Desktop/Himanshi/speech_emotion_detection-develop-v2/cremad_preprocessed/audio/1002_TIE_DIS_XX.wav,1002_TIE_DIS_XX.wav,1002,train,5,disgust,1,happy,0.8112690448760986
/Users/prarthanapatel/Desktop/Himanshi/speech_emotion_detection-develop-v2/cremad_preprocessed/audio/1002_TIE_FEA_XX.wav,1002_TIE_FEA_XX.wav,1002,train,4,fearful,4,fearful,0.7908375859260559
/Users/prarthanapatel/Desktop/Himanshi/speech_emotion_detection-develop-v2/cremad_preprocessed/audio/1002_TIE_HAP_XX.wav,1002_TIE_HAP_XX.wav,1002,train,1,happy,3,angry,0.9282195568084717
/Users/prarthanapatel/Desktop/Himanshi/speech_emotion_detection-develop-v2/cremad_preprocessed/audio/1002_TIE_SAD_XX.wav,1002_TIE_SAD_XX.wav,1002,train,2,sad,1,happy,0.8508992195129395
/Users/prarthanapatel/Desktop/Himanshi/speech_emotion_detection-develop-v2/cremad_preprocessed/audio/1002_TSI_ANG_XX.wav,1002_TSI_ANG_XX.wav,1002,train,3,angry,3,angry,0.9435356259346008
/Users/prarthanapatel/Desktop/Himanshi/speech_emotion_detection-develop-v2/cremad_preprocessed/audio/1002_TSI_DIS_XX.wav,1002_TSI_DIS_XX.wav,1002,train,5,disgust,3,angry,0.917032778263092
/Users/prarthanapatel/Desktop/Himanshi/speech_emotion_detection-develop-v2/cremad_preprocessed/audio/1002_TSI_FEA_XX.wav,1002_TSI_FEA_XX.wav,1002,train,4,fearful,1,happy,0.828022837638855
/Users/prarthanapatel/Desktop/Himanshi/speech_emotion_detection-develop-v2/cremad_preprocessed/audio/1002_TSI_HAP_XX.wav,1002_TSI_HAP_XX.wav,1002,train,1,happy,1,happy,0.9327169060707092
/Users/prarthanapatel/Desktop/Himanshi/speech_emotion_detection-develop-v2/cremad_preprocessed/audio/1002_TSI_NEU_XX.wav,1002_TSI_NEU_XX.wav,1002,train,0,neutral,0,neutral,0.7201911211013794
/Users/prarthanapatel/Desktop/Himanshi/speech_emotion_detection-develop-v2/cremad_preprocessed/audio/1002_TSI_SAD_XX.wav,1002_TSI_SAD_XX.wav,1002,train,2,sad,2,sad,0.7630983591079712
/Users/prarthanapatel/Desktop/Himanshi/speech_emotion_detection-develop-v2/cremad_preprocessed/audio/1002_WSI_ANG_XX.wav,1002_WSI_ANG_XX.wav,1002,train,3,angry,3,angry,0.994911253452301
/Users/prarthanapatel/Desktop/Himanshi/speech_emotion_detection-develop-v2/cremad_preprocessed/audio/1002_WSI_DIS_XX.wav,1002_WSI_DIS_XX.wav,1002,train,5,disgust,5,disgust,0.8063850998878479
/Users/prarthanapatel/Desktop/Himanshi/speech_emotion_detection-develop-v2/cremad_preprocessed/audio/1002_WSI_FEA_XX.wav,1002_WSI_FEA_XX.wav,1002,train,4,fearful,1,happy,0.875314474105835
/Users/prarthanapatel/Desktop/Himanshi/speech_emotion_detection-develop-v2/cremad_preprocessed/audio/1002_WSI_HAP_XX.wav,1002_WSI_HAP_XX.wav,1002,train,1,happy,3,angry,0.509003221988678
/Users/prarthanapatel/Desktop/Himanshi/speech_emotion_detection-develop-v2/cremad_preprocessed/audio/1002_WSI_NEU_XX.wav,1002_WSI_NEU_XX.wav,1002,train,0,neutral,0,neutral,0.9551952481269836
/Users/prarthanapatel/Desktop/Himanshi/speech_emotion_detection-develop-v2/cremad_preprocessed/audio/1002_WSI_SAD_XX.wav,1002_WSI_SAD_XX.wav,1002,train,2,sad,2,sad,0.8856730461120605
/Users/prarthanapatel/Desktop/Himanshi/speech_emotion_detection-develop-v2/cremad_preprocessed/audio/1003_DFA_ANG_XX.wav,1003_DFA_ANG_XX.wav,1003,train,3,angry,3,angry,0.9950236082077026
/Users/prarthanapatel/Desktop/Himanshi/speech_emotion_detection-develop-v2/cremad_preprocessed/audio/1003_DFA_DIS_XX.wav,1003_DFA_DIS_XX.wav,1003,train,5,disgust,5,disgust,0.5224482417106628
/Users/prarthanapatel/Desktop/Himanshi/speech_emotion_detection-develop-v2/cremad_preprocessed/audio/1003_DFA_FEA_XX.wav,1003_DFA_FEA_XX.wav,1003,train,4,fearful,4,fearful,0.9397533535957336
/Users/prarthanapatel/Desktop/Himanshi/speech_emotion_detection-develop-v2/cremad_preprocessed/audio/1003_DFA_HAP_XX.wav,1003_DFA_HAP_XX.wav,1003,train,1,happy,4,fearful,0.9420826435089111
/Users/prarthanapatel/Desktop/Himanshi/speech_emotion_detection-develop-v2/cremad_preprocessed/audio/1003_DFA_NEU_XX.wav,1003_DFA_NEU_XX.wav,1003,train,0,neutral,0,neutral,0.9820875525474548
/Users/prarthanapatel/Desktop/Himanshi/speech_emotion_detection-develop-v2/cremad_preprocessed/audio/1003_DFA_SAD_XX.wav,1003_DFA_SAD_XX.wav,1003,train,2,sad,4,fearful,0.5494767427444458
/Users/prarthanapatel/Desktop/Himanshi/speech_emotion_detection-develop-v2/cremad_preprocessed/audio/1003_IEO_ANG_HI.wav,1003_IEO_ANG_HI.wav,1003,train,3,angry,3,angry,0.9945488572120667
/Users/prarthanapatel/Desktop/Himanshi/speech_emotion_detection-develop-v2/cremad_preprocessed/audio/1003_IEO_ANG_LO.wav,1003_IEO_ANG_LO.wav,1003,train,3,angry,3,angry,0.9825504422187805
/Users/prarthanapatel/Desktop/Himanshi/speech_emotion_detection-develop-v2/cremad_preprocessed/audio/1003_IEO_ANG_MD.wav,1003_IEO_ANG_MD.wav,1003,train,3,angry,3,angry,0.9950106143951416
/Users/prarthanapatel/Desktop/Himanshi/speech_emotion_detection-develop-v2/cremad_preprocessed/audio/1003_IEO_DIS_HI.wav,1003_IEO_DIS_HI.wav,1003,train,5,disgust,5,disgust,0.9728096723556519
/Users/prarthanapatel/Desktop/Himanshi/speech_emotion_detection-develop-v2/cremad_preprocessed/audio/1003_IEO_DIS_LO.wav,1003_IEO_DIS_LO.wav,1003,train,5,disgust,5,disgust,0.8293794989585876
/Users/prarthanapatel/Desktop/Himanshi/speech_emotion_detection-develop-v2/cremad_preprocessed/audio/1003_IEO_DIS_MD.wav,1003_IEO_DIS_MD.wav,1003,train,5,disgust,1,happy,0.6780414581298828
/Users/prarthanapatel/Desktop/Himanshi/speech_emotion_detection-develop-v2/cremad_preprocessed/audio/1003_IEO_FEA_HI.wav,1003_IEO_FEA_HI.wav,1003,train,4,fearful,4,fearful,0.9365540742874146
/Users/prarthanapatel/Desktop/Himanshi/speech_emotion_detection-develop-v2/cremad_preprocessed/audio/1003_IEO_FEA_LO.wav,1003_IEO_FEA_LO.wav,1003,train,4,fearful,4,fearful,0.8626443147659302
/Users/prarthanapatel/Desktop/Himanshi/speech_emotion_detection-develop-v2/cremad_preprocessed/audio/1003_IEO_FEA_MD.wav,1003_IEO_FEA_MD.wav,1003,train,4,fearful,5,disgust,0.7429044246673584
/Users/prarthanapatel/Desktop/Himanshi/speech_emotion_detection-develop-v2/cremad_preprocessed/audio/1003_IEO_HAP_HI.wav,1003_IEO_HAP_HI.wav,1003,train,1,happy,1,happy,0.9740942120552063
/Users/prarthanapatel/Desktop/Himanshi/speech_emotion_detection-develop-v2/cremad_preprocessed/audio/1003_IEO_HAP_LO.wav,1003_IEO_HAP_LO.wav,1003,train,1,happy,1,happy,0.9328995943069458
/Users/prarthanapatel/Desktop/Himanshi/speech_emotion_detection-develop-v2/cremad_preprocessed/audio/1003_IEO_HAP_MD.wav,1003_IEO_HAP_MD.wav,1003,train,1,happy,1,happy,0.9765323400497437
/Users/prarthanapatel/Desktop/Himanshi/speech_emotion_detection-develop-v2/cremad_preprocessed/audio/1003_IEO_NEU_XX.wav,1003_IEO_NEU_XX.wav,1003,train,0,neutral,0,neutral,0.9024770259857178
/Users/prarthanapatel/Desktop/Himanshi/speech_emotion_detection-develop-v2/cremad_preprocessed/audio/1003_IEO_SAD_HI.wav,1003_IEO_SAD_HI.wav,1003,train,2,sad,2,sad,0.8991938233375549
/Users/prarthanapatel/Desktop/Himanshi/speech_emotion_detection-develop-v2/cremad_preprocessed/audio/1003_IEO_SAD_LO.wav,1003_IEO_SAD_LO.wav,1003,train,2,sad,2,sad,0.5456708073616028
/Users/prarthanapatel/Desktop/Himanshi/speech_emotion_detection-develop-v2/cremad_preprocessed/audio/1003_IEO_SAD_MD.wav,1003_IEO_SAD_MD.wav,1003,train,2,sad,2,sad,0.6480523347854614
/Users/prarthanapatel/Desktop/Himanshi/speech_emotion_detection-develop-v2/cremad_preprocessed/audio/1003_IOM_ANG_XX.wav,1003_IOM_ANG_XX.wav,1003,train,3,angry,3,angry,0.9939582347869873
/Users/prarthanapatel/Desktop/Himanshi/speech_emotion_detection-develop-v2/cremad_preprocessed/audio/1003_IOM_DIS_XX.wav,1003_IOM_DIS_XX.wav,1003,train,5,disgust,5,disgust,0.9472493529319763
/Users/prarthanapatel/Desktop/Himanshi/speech_emotion_detection-develop-v2/cremad_preprocessed/audio/1003_IOM_FEA_XX.wav,1003_IOM_FEA_XX.wav,1003,train,4,fearful,4,fearful,0.7576768398284912
/Users/prarthanapatel/Desktop/Himanshi/speech_emotion_detection-develop-v2/cremad_preprocessed/audio/1003_IOM_HAP_XX.wav,1003_IOM_HAP_XX.wav,1003,train,1,happy,1,happy,0.9721643924713135
/Users/prarthanapatel/Desktop/Himanshi/speech_emotion_detection-develop-v2/cremad_preprocessed/audio/1003_IOM_NEU_XX.wav,1003_IOM_NEU_XX.wav,1003,train,0,neutral,0,neutral,0.9836498498916626
/Users/prarthanapatel/Desktop/Himanshi/speech_emotion_detection-develop-v2/cremad_preprocessed/audio/1003_IOM_SAD_XX.wav,1003_IOM_SAD_XX.wav,1003,train,2,sad,2,sad,0.6820984482765198
/Users/prarthanapatel/Desktop/Himanshi/speech_emotion_detection-develop-v2/cremad_preprocessed/audio/1003_ITH_ANG_XX.wav,1003_ITH_ANG_XX.wav,1003,train,3,angry,3,angry,0.9899731874465942
/Users/prarthanapatel/Desktop/Himanshi/speech_emotion_detection-develop-v2/cremad_preprocessed/audio/1003_ITH_DIS_XX.wav,1003_ITH_DIS_XX.wav,1003,train,5,disgust,5,disgust,0.5490674376487732
/Users/prarthanapatel/Desktop/Himanshi/speech_emotion_detection-develop-v2/cremad_preprocessed/audio/1003_ITH_FEA_XX.wav,1003_ITH_FEA_XX.wav,1003,train,4,fearful,4,fearful,0.5705122351646423
/Users/prarthanapatel/Desktop/Himanshi/speech_emotion_detection-develop-v2/cremad_preprocessed/audio/1003_ITH_HAP_XX.wav,1003_ITH_HAP_XX.wav,1003,train,1,happy,1,happy,0.7675679326057434
/Users/prarthanapatel/Desktop/Himanshi/speech_emotion_detection-develop-v2/cremad_preprocessed/audio/1003_ITH_NEU_XX.wav,1003_ITH_NEU_XX.wav,1003,train,0,neutral,0,neutral,0.6897092461585999
/Users/prarthanapatel/Desktop/Himanshi/speech_emotion_detection-develop-v2/cremad_preprocessed/audio/1003_ITH_SAD_XX.wav,1003_ITH_SAD_XX.wav,1003,train,2,sad,2,sad,0.5503299832344055
/Users/prarthanapatel/Desktop/Himanshi/speech_emotion_detection-develop-v2/cremad_preprocessed/audio/1003_ITS_ANG_XX.wav,1003_ITS_ANG_XX.wav,1003,train,3,angry,3,angry,0.9950752854347229
/Users/prarthanapatel/Desktop/Himanshi/speech_emotion_detection-develop-v2/cremad_preprocessed/audio/1003_ITS_DIS_XX.wav,1003_ITS_DIS_XX.wav,1003,train,5,disgust,5,disgust,0.36245012283325195
/Users/prarthanapatel/Desktop/Himanshi/speech_emotion_detection-develop-v2/cremad_preprocessed/audio/1003_ITS_FEA_XX.wav,1003_ITS_FEA_XX.wav,1003,train,4,fearful,4,fearful,0.8613771200180054
/Users/prarthanapatel/Desktop/Himanshi/speech_emotion_detection-develop-v2/cremad_preprocessed/audio/1003_ITS_HAP_XX.wav,1003_ITS_HAP_XX.wav,1003,train,1,happy,1,happy,0.9653793573379517
/Users/prarthanapatel/Desktop/Himanshi/speech_emotion_detection-develop-v2/cremad_preprocessed/audio/1003_ITS_NEU_XX.wav,1003_ITS_NEU_XX.wav,1003,train,0,neutral,0,neutral,0.9307825565338135
/Users/prarthanapatel/Desktop/Himanshi/speech_emotion_detection-develop-v2/cremad_preprocessed/audio/1003_ITS_SAD_XX.wav,1003_ITS_SAD_XX.wav,1003,train,2,sad,2,sad,0.5332732796669006
/Users/prarthanapatel/Desktop/Himanshi/speech_emotion_detection-develop-v2/cremad_preprocessed/audio/1003_IWL_ANG_XX.wav,1003_IWL_ANG_XX.wav,1003,train,3,angry,3,angry,0.9946985244750977
/Users/prarthanapatel/Desktop/Himanshi/speech_emotion_detection-develop-v2/cremad_preprocessed/audio/1003_IWL_DIS_XX.wav,1003_IWL_DIS_XX.wav,1003,train,5,disgust,5,disgust,0.9488378167152405
/Users/prarthanapatel/Desktop/Himanshi/speech_emotion_detection-develop-v2/cremad_preprocessed/audio/1003_IWL_FEA_XX.wav,1003_IWL_FEA_XX.wav,1003,train,4,fearful,4,fearful,0.9394975304603577
/Users/prarthanapatel/Desktop/Himanshi/speech_emotion_detection-develop-v2/cremad_preprocessed/audio/1003_IWL_HAP_XX.wav,1003_IWL_HAP_XX.wav,1003,train,1,happy,1,happy,0.9077243804931641
/Users/prarthanapatel/Desktop/Himanshi/speech_emotion_detection-develop-v2/cremad_preprocessed/audio/1003_IWL_NEU_XX.wav,1003_IWL_NEU_XX.wav,1003,train,0,neutral,0,neutral,0.6870011687278748
/Users/prarthanapatel/Desktop/Himanshi/speech_emotion_detection-develop-v2/cremad_preprocessed/audio/1003_IWL_SAD_XX.wav,1003_IWL_SAD_XX.wav,1003,train,2,sad,2,sad,0.8779096007347107
/Users/prarthanapatel/Desktop/Himanshi/speech_emotion_detection-develop-v2/cremad_preprocessed/audio/1003_IWW_ANG_XX.wav,1003_IWW_ANG_XX.wav,1003,train,3,angry,3,angry,0.9947549104690552
/Users/prarthanapatel/Desktop/Himanshi/speech_emotion_detection-develop-v2/cremad_preprocessed/audio/1003_IWW_DIS_XX.wav,1003_IWW_DIS_XX.wav,1003,train,5,disgust,5,disgust,0.7708519101142883
/Users/prarthanapatel/Desktop/Himanshi/speech_emotion_detection-develop-v2/cremad_preprocessed/audio/1003_IWW_FEA_XX.wav,1003_IWW_FEA_XX.wav,1003,train,4,fearful,4,fearful,0.9431626200675964
/Users/prarthanapatel/Desktop/Himanshi/speech_emotion_detection-develop-v2/cremad_preprocessed/audio/1003_IWW_HAP_XX.wav,1003_IWW_HAP_XX.wav,1003,train,1,happy,1,happy,0.6507086157798767
/Users/prarthanapatel/Desktop/Himanshi/speech_emotion_detection-develop-v2/cremad_preprocessed/audio/1003_IWW_NEU_XX.wav,1003_IWW_NEU_XX.wav,1003,train,0,neutral,0,neutral,0.9810796976089478
/Users/prarthanapatel/Desktop/Himanshi/speech_emotion_detection-develop-v2/cremad_preprocessed/audio/1003_IWW_SAD_XX.wav,1003_IWW_SAD_XX.wav,1003,train,2,sad,2,sad,0.810757577419281
/Users/prarthanapatel/Desktop/Himanshi/speech_emotion_detection-develop-v2/cremad_preprocessed/audio/1003_MTI_ANG_XX.wav,1003_MTI_ANG_XX.wav,1003,train,3,angry,3,angry,0.9887682795524597
/Users/prarthanapatel/Desktop/Himanshi/speech_emotion_detection-develop-v2/cremad_preprocessed/audio/1003_MTI_DIS_XX.wav,1003_MTI_DIS_XX.wav,1003,train,5,disgust,5,disgust,0.7460557818412781
/Users/prarthanapatel/Desktop/Himanshi/speech_emotion_detection-develop-v2/cremad_preprocessed/audio/1003_MTI_FEA_XX.wav,1003_MTI_FEA_XX.wav,1003,train,4,fearful,4,fearful,0.9263149499893188
/Users/prarthanapatel/Desktop/Himanshi/speech_emotion_detection-develop-v2/cremad_preprocessed/audio/1003_MTI_HAP_XX.wav,1003_MTI_HAP_XX.wav,1003,train,1,happy,1,happy,0.8656877875328064
/Users/prarthanapatel/Desktop/Himanshi/speech_emotion_detection-develop-v2/cremad_preprocessed/audio/1003_MTI_NEU_XX.wav,1003_MTI_NEU_XX.wav,1003,train,0,neutral,0,neutral,0.9840096235275269
/Users/prarthanapatel/Desktop/Himanshi/speech_emotion_detection-develop-v2/cremad_preprocessed/audio/1003_MTI_SAD_XX.wav,1003_MTI_SAD_XX.wav,1003,train,2,sad,2,sad,0.868582546710968
/Users/prarthanapatel/Desktop/Himanshi/speech_emotion_detection-develop-v2/cremad_preprocessed/audio/1003_TAI_ANG_XX.wav,1003_TAI_ANG_XX.wav,1003,train,3,angry,3,angry,0.9938363432884216
/Users/prarthanapatel/Desktop/Himanshi/speech_emotion_detection-develop-v2/cremad_preprocessed/audio/1003_TAI_DIS_XX.wav,1003_TAI_DIS_XX.wav,1003,train,5,disgust,5,disgust,0.9642668962478638
/Users/prarthanapatel/Desktop/Himanshi/speech_emotion_detection-develop-v2/cremad_preprocessed/audio/1003_TAI_FEA_XX.wav,1003_TAI_FEA_XX.wav,1003,train,4,fearful,4,fearful,0.9438616037368774
/Users/prarthanapatel/Desktop/Himanshi/speech_emotion_detection-develop-v2/cremad_preprocessed/audio/1003_TAI_HAP_XX.wav,1003_TAI_HAP_XX.wav,1003,train,1,happy,1,happy,0.951357901096344
/Users/prarthanapatel/Desktop/Himanshi/speech_emotion_detection-develop-v2/cremad_preprocessed/audio/1003_TAI_NEU_XX.wav,1003_TAI_NEU_XX.wav,1003,train,0,neutral,0,neutral,0.9726555943489075
/Users/prarthanapatel/Desktop/Himanshi/speech_emotion_detection-develop-v2/cremad_preprocessed/audio/1003_TAI_SAD_XX.wav,1003_TAI_SAD_XX.wav,1003,train,2,sad,2,sad,0.5303984880447388
/Users/prarthanapatel/Desktop/Himanshi/speech_emotion_detection-develop-v2/cremad_preprocessed/audio/1003_TIE_ANG_XX.wav,1003_TIE_ANG_XX.wav,1003,train,3,angry,3,angry,0.9951779842376709
/Users/prarthanapatel/Desktop/Himanshi/speech_emotion_detection-develop-v2/cremad_preprocessed/audio/1003_TIE_DIS_XX.wav,1003_TIE_DIS_XX.wav,1003,train,5,disgust,5,disgust,0.9326009154319763
/Users/prarthanapatel/Desktop/Himanshi/speech_emotion_detection-develop-v2/cremad_preprocessed/audio/1003_TIE_FEA_XX.wav,1003_TIE_FEA_XX.wav,1003,train,4,fearful,1,happy,0.42441901564598083
/Users/prarthanapatel/Desktop/Himanshi/speech_emotion_detection-develop-v2/cremad_preprocessed/audio/1003_TIE_HAP_XX.wav,1003_TIE_HAP_XX.wav,1003,train,1,happy,1,happy,0.48280590772628784
/Users/prarthanapatel/Desktop/Himanshi/speech_emotion_detection-develop-v2/cremad_preprocessed/audio/1003_TIE_NEU_XX.wav,1003_TIE_NEU_XX.wav,1003,train,0,neutral,0,neutral,0.9720051884651184
/Users/prarthanapatel/Desktop/Himanshi/speech_emotion_detection-develop-v2/cremad_preprocessed/audio/1003_TIE_SAD_XX.wav,1003_TIE_SAD_XX.wav,1003,train,2,sad,2,sad,0.47426947951316833
/Users/prarthanapatel/Desktop/Himanshi/speech_emotion_detection-develop-v2/cremad_preprocessed/audio/1003_TSI_ANG_XX.wav,1003_TSI_ANG_XX.wav,1003,train,3,angry,3,angry,0.9933139681816101
/Users/prarthanapatel/Desktop/Himanshi/speech_emotion_detection-develop-v2/cremad_preprocessed/audio/1003_TSI_DIS_XX.wav,1003_TSI_DIS_XX.wav,1003,train,5,disgust,5,disgust,0.6509270071983337
/Users/prarthanapatel/Desktop/Himanshi/speech_emotion_detection-develop-v2/cremad_preprocessed/audio/1003_TSI_FEA_XX.wav,1003_TSI_FEA_XX.wav,1003,train,4,fearful,4,fearful,0.8401204943656921
/Users/prarthanapatel/Desktop/Himanshi/speech_emotion_detection-develop-v2/cremad_preprocessed/audio/1003_TSI_HAP_XX.wav,1003_TSI_HAP_XX.wav,1003,train,1,happy,5,disgust,0.5731250047683716
/Users/prarthanapatel/Desktop/Himanshi/speech_emotion_detection-develop-v2/cremad_preprocessed/audio/1003_TSI_NEU_XX.wav,1003_TSI_NEU_XX.wav,1003,train,0,neutral,0,neutral,0.5435518026351929
/Users/prarthanapatel/Desktop/Himanshi/speech_emotion_detection-develop-v2/cremad_preprocessed/audio/1003_TSI_SAD_XX.wav,1003_TSI_SAD_XX.wav,1003,train,2,sad,2,sad,0.918175458908081
/Users/prarthanapatel/Desktop/Himanshi/speech_emotion_detection-develop-v2/cremad_preprocessed/audio/1003_WSI_ANG_XX.wav,1003_WSI_ANG_XX.wav,1003,train,3,angry,3,angry,0.9943345785140991
/Users/prarthanapatel/Desktop/Himanshi/speech_emotion_detection-develop-v2/cremad_preprocessed/audio/1003_WSI_DIS_XX.wav,1003_WSI_DIS_XX.wav,1003,train,5,disgust,5,disgust,0.8569076061248779
/Users/prarthanapatel/Desktop/Himanshi/speech_emotion_detection-develop-v2/cremad_preprocessed/audio/1003_WSI_FEA_XX.wav,1003_WSI_FEA_XX.wav,1003,train,4,fearful,4,fearful,0.6923230290412903
/Users/prarthanapatel/Desktop/Himanshi/speech_emotion_detection-develop-v2/cremad_preprocessed/audio/1003_WSI_HAP_XX.wav,1003_WSI_HAP_XX.wav,1003,train,1,happy,1,happy,0.9405329823493958
/Users/prarthanapatel/Desktop/Himanshi/speech_emotion_detection-develop-v2/cremad_preprocessed/audio/1003_WSI_NEU_XX.wav,1003_WSI_NEU_XX.wav,1003,train,0,neutral,0,neutral,0.9452854990959167
/Users/prarthanapatel/Desktop/Himanshi/speech_emotion_detection-develop-v2/cremad_preprocessed/audio/1003_WSI_SAD_XX.wav,1003_WSI_SAD_XX.wav,1003,train,2,sad,0,neutral,0.8478253483772278
/Users/prarthanapatel/Desktop/Himanshi/speech_emotion_detection-develop-v2/cremad_preprocessed/audio/1004_DFA_ANG_XX.wav,1004_DFA_ANG_XX.wav,1004,train,3,angry,3,angry,0.9949378967285156
/Users/prarthanapatel/Desktop/Himanshi/speech_emotion_detection-develop-v2/cremad_preprocessed/audio/1004_DFA_DIS_XX.wav,1004_DFA_DIS_XX.wav,1004,train,5,disgust,5,disgust,0.9620005488395691
/Users/prarthanapatel/Desktop/Himanshi/speech_emotion_detection-develop-v2/cremad_preprocessed/audio/1004_DFA_FEA_XX.wav,1004_DFA_FEA_XX.wav,1004,train,4,fearful,1,happy,0.5906791687011719
/Users/prarthanapatel/Desktop/Himanshi/speech_emotion_detection-develop-v2/cremad_preprocessed/audio/1004_DFA_HAP_XX.wav,1004_DFA_HAP_XX.wav,1004,train,1,happy,1,happy,0.9763447046279907
/Users/prarthanapatel/Desktop/Himanshi/speech_emotion_detection-develop-v2/cremad_preprocessed/audio/1004_DFA_NEU_XX.wav,1004_DFA_NEU_XX.wav,1004,train,0,neutral,3,angry,0.8335871696472168
/Users/prarthanapatel/Desktop/Himanshi/speech_emotion_detection-develop-v2/cremad_preprocessed/audio/1004_DFA_SAD_XX.wav,1004_DFA_SAD_XX.wav,1004,train,2,sad,2,sad,0.7002294063568115
/Users/prarthanapatel/Desktop/Himanshi/speech_emotion_detection-develop-v2/cremad_preprocessed/audio/1004_IEO_ANG_HI.wav,1004_IEO_ANG_HI.wav,1004,train,3,angry,3,angry,0.9946359992027283
/Users/prarthanapatel/Desktop/Himanshi/speech_emotion_detection-develop-v2/cremad_preprocessed/audio/1004_IEO_ANG_LO.wav,1004_IEO_ANG_LO.wav,1004,train,3,angry,3,angry,0.9948906898498535
/Users/prarthanapatel/Desktop/Himanshi/speech_emotion_detection-develop-v2/cremad_preprocessed/audio/1004_IEO_ANG_MD.wav,1004_IEO_ANG_MD.wav,1004,train,3,angry,3,angry,0.9947559833526611
/Users/prarthanapatel/Desktop/Himanshi/speech_emotion_detection-develop-v2/cremad_preprocessed/audio/1004_IEO_DIS_HI.wav,1004_IEO_DIS_HI.wav,1004,train,5,disgust,5,disgust,0.9152101874351501
/Users/prarthanapatel/Desktop/Himanshi/speech_emotion_detection-develop-v2/cremad_preprocessed/audio/1004_IEO_DIS_LO.wav,1004_IEO_DIS_LO.wav,1004,train,5,disgust,5,disgust,0.897868275642395
/Users/prarthanapatel/Desktop/Himanshi/speech_emotion_detection-develop-v2/cremad_preprocessed/audio/1004_IEO_DIS_MD.wav,1004_IEO_DIS_MD.wav,1004,train,5,disgust,5,disgust,0.9710536599159241
/Users/prarthanapatel/Desktop/Himanshi/speech_emotion_detection-develop-v2/cremad_preprocessed/audio/1004_IEO_FEA_HI.wav,1004_IEO_FEA_HI.wav,1004,train,4,fearful,4,fearful,0.8395534157752991
/Users/prarthanapatel/Desktop/Himanshi/speech_emotion_detection-develop-v2/cremad_preprocessed/audio/1004_IEO_FEA_LO.wav,1004_IEO_FEA_LO.wav,1004,train,4,fearful,4,fearful,0.9277838468551636
/Users/prarthanapatel/Desktop/Himanshi/speech_emotion_detection-develop-v2/cremad_preprocessed/audio/1004_IEO_FEA_MD.wav,1004_IEO_FEA_MD.wav,1004,train,4,fearful,1,happy,0.8775426149368286
/Users/prarthanapatel/Desktop/Himanshi/speech_emotion_detection-develop-v2/cremad_preprocessed/audio/1004_IEO_HAP_HI.wav,1004_IEO_HAP_HI.wav,1004,train,1,happy,1,happy,0.8832970261573792
/Users/prarthanapatel/Desktop/Himanshi/speech_emotion_detection-develop-v2/cremad_preprocessed/audio/1004_IEO_HAP_LO.wav,1004_IEO_HAP_LO.wav,1004,train,1,happy,1,happy,0.9227957129478455
/Users/prarthanapatel/Desktop/Himanshi/speech_emotion_detection-develop-v2/cremad_preprocessed/audio/1004_IEO_HAP_MD.wav,1004_IEO_HAP_MD.wav,1004,train,1,happy,1,happy,0.944730281829834
/Users/prarthanapatel/Desktop/Himanshi/speech_emotion_detection-develop-v2/cremad_preprocessed/audio/1004_IEO_NEU_XX.wav,1004_IEO_NEU_XX.wav,1004,train,0,neutral,0,neutral,0.7847197651863098
/Users/prarthanapatel/Desktop/Himanshi/speech_emotion_detection-develop-v2/cremad_preprocessed/audio/1004_IEO_SAD_HI.wav,1004_IEO_SAD_HI.wav,1004,train,2,sad,4,fearful,0.6234669089317322
/Users/prarthanapatel/Desktop/Himanshi/speech_emotion_detection-develop-v2/cremad_preprocessed/audio/1004_IEO_SAD_LO.wav,1004_IEO_SAD_LO.wav,1004,train,2,sad,4,fearful,0.5987288951873779
/Users/prarthanapatel/Desktop/Himanshi/speech_emotion_detection-develop-v2/cremad_preprocessed/audio/1004_IEO_SAD_MD.wav,1004_IEO_SAD_MD.wav,1004,train,2,sad,2,sad,0.5830245018005371
/Users/prarthanapatel/Desktop/Himanshi/speech_emotion_detection-develop-v2/cremad_preprocessed/audio/1004_IOM_ANG_XX.wav,1004_IOM_ANG_XX.wav,1004,train,3,angry,3,angry,0.9948825836181641
/Users/prarthanapatel/Desktop/Himanshi/speech_emotion_detection-develop-v2/cremad_preprocessed/audio/1004_IOM_DIS_XX.wav,1004_IOM_DIS_XX.wav,1004,train,5,disgust,5,disgust,0.9002994894981384
/Users/prarthanapatel/Desktop/Himanshi/speech_emotion_detection-develop-v2/cremad_preprocessed/audio/1004_IOM_FEA_XX.wav,1004_IOM_FEA_XX.wav,1004,train,4,fearful,4,fearful,0.8698779344558716
/Users/prarthanapatel/Desktop/Himanshi/speech_emotion_detection-develop-v2/cremad_preprocessed/audio/1004_IOM_HAP_XX.wav,1004_IOM_HAP_XX.wav,1004,train,1,happy,1,happy,0.9651896357536316
/Users/prarthanapatel/Desktop/Himanshi/speech_emotion_detection-develop-v2/cremad_preprocessed/audio/1004_IOM_NEU_XX.wav,1004_IOM_NEU_XX.wav,1004,train,0,neutral,0,neutral,0.9874681234359741
/Users/prarthanapatel/Desktop/Himanshi/speech_emotion_detection-develop-v2/cremad_preprocessed/audio/1004_IOM_SAD_XX.wav,1004_IOM_SAD_XX.wav,1004,train,2,sad,2,sad,0.9162089228630066
/Users/prarthanapatel/Desktop/Himanshi/speech_emotion_detection-develop-v2/cremad_preprocessed/audio/1004_ITH_ANG_XX.wav,1004_ITH_ANG_XX.wav,1004,train,3,angry,3,angry,0.995128870010376
/Users/prarthanapatel/Desktop/Himanshi/speech_emotion_detection-develop-v2/cremad_preprocessed/audio/1004_ITH_DIS_XX.wav,1004_ITH_DIS_XX.wav,1004,train,5,disgust,5,disgust,0.7591009736061096
/Users/prarthanapatel/Desktop/Himanshi/speech_emotion_detection-develop-v2/cremad_preprocessed/audio/1004_ITH_FEA_XX.wav,1004_ITH_FEA_XX.wav,1004,train,4,fearful,4,fearful,0.9124913811683655
/Users/prarthanapatel/Desktop/Himanshi/speech_emotion_detection-develop-v2/cremad_preprocessed/audio/1004_ITH_HAP_XX.wav,1004_ITH_HAP_XX.wav,1004,train,1,happy,1,happy,0.971600353717804
/Users/prarthanapatel/Desktop/Himanshi/speech_emotion_detection-develop-v2/cremad_preprocessed/audio/1004_ITH_NEU_XX.wav,1004_ITH_NEU_XX.wav,1004,train,0,neutral,0,neutral,0.9541462659835815
/Users/prarthanapatel/Desktop/Himanshi/speech_emotion_detection-develop-v2/cremad_preprocessed/audio/1004_ITH_SAD_XX.wav,1004_ITH_SAD_XX.wav,1004,train,2,sad,0,neutral,0.557958722114563
/Users/prarthanapatel/Desktop/Himanshi/speech_emotion_detection-develop-v2/cremad_preprocessed/audio/1004_ITS_ANG_XX.wav,1004_ITS_ANG_XX.wav,1004,train,3,angry,3,angry,0.9944494962692261
/Users/prarthanapatel/Desktop/Himanshi/speech_emotion_detection-develop-v2/cremad_preprocessed/audio/1004_ITS_DIS_XX.wav,1004_ITS_DIS_XX.wav,1004,train,5,disgust,5,disgust,0.7204784154891968
/Users/prarthanapatel/Desktop/Himanshi/speech_emotion_detection-develop-v2/cremad_preprocessed/audio/1004_ITS_FEA_XX.wav,1004_ITS_FEA_XX.wav,1004,train,4,fearful,4,fearful,0.9514188766479492
/Users/prarthanapatel/Desktop/Himanshi/speech_emotion_detection-develop-v2/cremad_preprocessed/audio/1004_ITS_HAP_XX.wav,1004_ITS_HAP_XX.wav,1004,train,1,happy,1,happy,0.9481374025344849
/Users/prarthanapatel/Desktop/Himanshi/speech_emotion_detection-develop-v2/cremad_preprocessed/audio/1004_ITS_NEU_XX.wav,1004_ITS_NEU_XX.wav,1004,train,0,neutral,0,neutral,0.791459858417511
/Users/prarthanapatel/Desktop/Himanshi/speech_emotion_detection-develop-v2/cremad_preprocessed/audio/1004_ITS_SAD_XX.wav,1004_ITS_SAD_XX.wav,1004,train,2,sad,2,sad,0.6217220425605774
/Users/prarthanapatel/Desktop/Himanshi/speech_emotion_detection-develop-v2/cremad_preprocessed/audio/1004_IWL_ANG_XX.wav,1004_IWL_ANG_XX.wav,1004,train,3,angry,3,angry,0.9949631690979004
/Users/prarthanapatel/Desktop/Himanshi/speech_emotion_detection-develop-v2/cremad_preprocessed/audio/1004_IWL_DIS_XX.wav,1004_IWL_DIS_XX.wav,1004,train,5,disgust,5,disgust,0.7011929750442505
/Users/prarthanapatel/Desktop/Himanshi/speech_emotion_detection-develop-v2/cremad_preprocessed/audio/1004_IWL_FEA_XX.wav,1004_IWL_FEA_XX.wav,1004,train,4,fearful,4,fearful,0.44880586862564087
/Users/prarthanapatel/Desktop/Himanshi/speech_emotion_detection-develop-v2/cremad_preprocessed/audio/1004_IWL_HAP_XX.wav,1004_IWL_HAP_XX.wav,1004,train,1,happy,1,happy,0.9614090919494629
/Users/prarthanapatel/Desktop/Himanshi/speech_emotion_detection-develop-v2/cremad_preprocessed/audio/1004_IWL_NEU_XX.wav,1004_IWL_NEU_XX.wav,1004,train,0,neutral,3,angry,0.7693060040473938
/Users/prarthanapatel/Desktop/Himanshi/speech_emotion_detection-develop-v2/cremad_preprocessed/audio/1004_IWL_SAD_XX.wav,1004_IWL_SAD_XX.wav,1004,train,2,sad,1,happy,0.817081093788147
/Users/prarthanapatel/Desktop/Himanshi/speech_emotion_detection-develop-v2/cremad_preprocessed/audio/1004_IWW_ANG_XX.wav,1004_IWW_ANG_XX.wav,1004,train,3,angry,3,angry,0.9945459365844727
/Users/prarthanapatel/Desktop/Himanshi/speech_emotion_detection-develop-v2/cremad_preprocessed/audio/1004_IWW_DIS_XX.wav,1004_IWW_DIS_XX.wav,1004,train,5,disgust,5,disgust,0.7798817157745361
/Users/prarthanapatel/Desktop/Himanshi/speech_emotion_detection-develop-v2/cremad_preprocessed/audio/1004_IWW_FEA_XX.wav,1004_IWW_FEA_XX.wav,1004,train,4,fearful,1,happy,0.5577933192253113
/Users/prarthanapatel/Desktop/Himanshi/speech_emotion_detection-develop-v2/cremad_preprocessed/audio/1004_IWW_HAP_XX.wav,1004_IWW_HAP_XX.wav,1004,train,1,happy,5,disgust,0.5457961559295654
/Users/prarthanapatel/Desktop/Himanshi/speech_emotion_detection-develop-v2/cremad_preprocessed/audio/1004_IWW_NEU_XX.wav,1004_IWW_NEU_XX.wav,1004,train,0,neutral,0,neutral,0.9804256558418274
/Users/prarthanapatel/Desktop/Himanshi/speech_emotion_detection-develop-v2/cremad_preprocessed/audio/1004_IWW_SAD_XX.wav,1004_IWW_SAD_XX.wav,1004,train,2,sad,2,sad,0.6229141354560852
/Users/prarthanapatel/Desktop/Himanshi/speech_emotion_detection-develop-v2/cremad_preprocessed/audio/1004_MTI_ANG_XX.wav,1004_MTI_ANG_XX.wav,1004,train,3,angry,3,angry,0.9945096373558044
/Users/prarthanapatel/Desktop/Himanshi/speech_emotion_detection-develop-v2/cremad_preprocessed/audio/1004_MTI_DIS_XX.wav,1004_MTI_DIS_XX.wav,1004,train,5,disgust,5,disgust,0.9527339339256287
/Users/prarthanapatel/Desktop/Himanshi/speech_emotion_detection-develop-v2/cremad_preprocessed/audio/1004_MTI_FEA_XX.wav,1004_MTI_FEA_XX.wav,1004,train,4,fearful,4,fearful,0.556567907333374
/Users/prarthanapatel/Desktop/Himanshi/speech_emotion_detection-develop-v2/cremad_preprocessed/audio/1004_MTI_HAP_XX.wav,1004_MTI_HAP_XX.wav,1004,train,1,happy,1,happy,0.6085946559906006
/Users/prarthanapatel/Desktop/Himanshi/speech_emotion_detection-develop-v2/cremad_preprocessed/audio/1004_MTI_NEU_XX.wav,1004_MTI_NEU_XX.wav,1004,train,0,neutral,0,neutral,0.9848665595054626
/Users/prarthanapatel/Desktop/Himanshi/speech_emotion_detection-develop-v2/cremad_preprocessed/audio/1004_MTI_SAD_XX.wav,1004_MTI_SAD_XX.wav,1004,train,2,sad,2,sad,0.8791966438293457
/Users/prarthanapatel/Desktop/Himanshi/speech_emotion_detection-develop-v2/cremad_preprocessed/audio/1004_TAI_ANG_XX.wav,1004_TAI_ANG_XX.wav,1004,train,3,angry,3,angry,0.9939534068107605
/Users/prarthanapatel/Desktop/Himanshi/speech_emotion_detection-develop-v2/cremad_preprocessed/audio/1004_TAI_DIS_XX.wav,1004_TAI_DIS_XX.wav,1004,train,5,disgust,3,angry,0.8123446702957153
/Users/prarthanapatel/Desktop/Himanshi/speech_emotion_detection-develop-v2/cremad_preprocessed/audio/1004_TAI_FEA_XX.wav,1004_TAI_FEA_XX.wav,1004,train,4,fearful,1,happy,0.9657742381095886
/Users/prarthanapatel/Desktop/Himanshi/speech_emotion_detection-develop-v2/cremad_preprocessed/audio/1004_TAI_HAP_XX.wav,1004_TAI_HAP_XX.wav,1004,train,1,happy,1,happy,0.9778477549552917
/Users/prarthanapatel/Desktop/Himanshi/speech_emotion_detection-develop-v2/cremad_preprocessed/audio/1004_TAI_NEU_XX.wav,1004_TAI_NEU_XX.wav,1004,train,0,neutral,0,neutral,0.9877209067344666
/Users/prarthanapatel/Desktop/Himanshi/speech_emotion_detection-develop-v2/cremad_preprocessed/audio/1004_TAI_SAD_XX.wav,1004_TAI_SAD_XX.wav,1004,train,2,sad,4,fearful,0.5657587051391602
/Users/prarthanapatel/Desktop/Himanshi/speech_emotion_detection-develop-v2/cremad_preprocessed/audio/1004_TIE_ANG_XX.wav,1004_TIE_ANG_XX.wav,1004,train,3,angry,3,angry,0.9945752620697021
/Users/prarthanapatel/Desktop/Himanshi/speech_emotion_detection-develop-v2/cremad_preprocessed/audio/1004_TIE_DIS_XX.wav,1004_TIE_DIS_XX.wav,1004,train,5,disgust,5,disgust,0.9357431530952454
/Users/prarthanapatel/Desktop/Himanshi/speech_emotion_detection-develop-v2/cremad_preprocessed/audio/1004_TIE_FEA_XX.wav,1004_TIE_FEA_XX.wav,1004,train,4,fearful,4,fearful,0.8846297860145569
/Users/prarthanapatel/Desktop/Himanshi/speech_emotion_detection-develop-v2/cremad_preprocessed/audio/1004_TIE_HAP_XX.wav,1004_TIE_HAP_XX.wav,1004,train,1,happy,3,angry,0.8121669292449951
/Users/prarthanapatel/Desktop/Himanshi/speech_emotion_detection-develop-v2/cremad_preprocessed/audio/1004_TIE_NEU_XX.wav,1004_TIE_NEU_XX.wav,1004,train,0,neutral,0,neutral,0.9791005849838257
/Users/prarthanapatel/Desktop/Himanshi/speech_emotion_detection-develop-v2/cremad_preprocessed/audio/1004_TIE_SAD_XX.wav,1004_TIE_SAD_XX.wav,1004,train,2,sad,4,fearful,0.8529393076896667
/Users/prarthanapatel/Desktop/Himanshi/speech_emotion_detection-develop-v2/cremad_preprocessed/audio/1004_TSI_ANG_XX.wav,1004_TSI_ANG_XX.wav,1004,train,3,angry,3,angry,0.9944690465927124
/Users/prarthanapatel/Desktop/Himanshi/speech_emotion_detection-develop-v2/cremad_preprocessed/audio/1004_TSI_DIS_XX.wav,1004_TSI_DIS_XX.wav,1004,train,5,disgust,5,disgust,0.7861577868461609
/Users/prarthanapatel/Desktop/Himanshi/speech_emotion_detection-develop-v2/cremad_preprocessed/audio/1004_TSI_FEA_XX.wav,1004_TSI_FEA_XX.wav,1004,train,4,fearful,5,disgust,0.41673338413238525
/Users/prarthanapatel/Desktop/Himanshi/speech_emotion_detection-develop-v2/cremad_preprocessed/audio/1004_TSI_HAP_XX.wav,1004_TSI_HAP_XX.wav,1004,train,1,happy,1,happy,0.9580467939376831
/Users/prarthanapatel/Desktop/Himanshi/speech_emotion_detection-develop-v2/cremad_preprocessed/audio/1004_TSI_NEU_XX.wav,1004_TSI_NEU_XX.wav,1004,train,0,neutral,0,neutral,0.9755696058273315
/Users/prarthanapatel/Desktop/Himanshi/speech_emotion_detection-develop-v2/cremad_preprocessed/audio/1004_TSI_SAD_XX.wav,1004_TSI_SAD_XX.wav,1004,train,2,sad,2,sad,0.7235251665115356
/Users/prarthanapatel/Desktop/Himanshi/speech_emotion_detection-develop-v2/cremad_preprocessed/audio/1004_WSI_ANG_XX.wav,1004_WSI_ANG_XX.wav,1004,train,3,angry,3,angry,0.9949919581413269
/Users/prarthanapatel/Desktop/Himanshi/speech_emotion_detection-develop-v2/cremad_preprocessed/audio/1004_WSI_DIS_XX.wav,1004_WSI_DIS_XX.wav,1004,train,5,disgust,1,happy,0.48244842886924744
/Users/prarthanapatel/Desktop/Himanshi/speech_emotion_detection-develop-v2/cremad_preprocessed/audio/1004_WSI_FEA_XX.wav,1004_WSI_FEA_XX.wav,1004,train,4,fearful,4,fearful,0.9214584827423096
/Users/prarthanapatel/Desktop/Himanshi/speech_emotion_detection-develop-v2/cremad_preprocessed/audio/1004_WSI_HAP_XX.wav,1004_WSI_HAP_XX.wav,1004,train,1,happy,1,happy,0.973528265953064
/Users/prarthanapatel/Desktop/Himanshi/speech_emotion_detection-develop-v2/cremad_preprocessed/audio/1004_WSI_NEU_XX.wav,1004_WSI_NEU_XX.wav,1004,train,0,neutral,3,angry,0.6724226474761963
/Users/prarthanapatel/Desktop/Himanshi/speech_emotion_detection-develop-v2/cremad_preprocessed/audio/1004_WSI_SAD_XX.wav,1004_WSI_SAD_XX.wav,1004,train,2,sad,4,fearful,0.7867750525474548
/Users/prarthanapatel/Desktop/Himanshi/speech_emotion_detection-develop-v2/cremad_preprocessed/audio/1005_DFA_ANG_XX.wav,1005_DFA_ANG_XX.wav,1005,train,3,angry,3,angry,0.9945110082626343
/Users/prarthanapatel/Desktop/Himanshi/speech_emotion_detection-develop-v2/cremad_preprocessed/audio/1005_DFA_DIS_XX.wav,1005_DFA_DIS_XX.wav,1005,train,5,disgust,5,disgust,0.8679013848304749
/Users/prarthanapatel/Desktop/Himanshi/speech_emotion_detection-develop-v2/cremad_preprocessed/audio/1005_DFA_FEA_XX.wav,1005_DFA_FEA_XX.wav,1005,train,4,fearful,4,fearful,0.9344766139984131
/Users/prarthanapatel/Desktop/Himanshi/speech_emotion_detection-develop-v2/cremad_preprocessed/audio/1005_DFA_HAP_XX.wav,1005_DFA_HAP_XX.wav,1005,train,1,happy,1,happy,0.9742091298103333
/Users/prarthanapatel/Desktop/Himanshi/speech_emotion_detection-develop-v2/cremad_preprocessed/audio/1005_DFA_NEU_XX.wav,1005_DFA_NEU_XX.wav,1005,train,0,neutral,0,neutral,0.9836904406547546
/Users/prarthanapatel/Desktop/Himanshi/speech_emotion_detection-develop-v2/cremad_preprocessed/audio/1005_DFA_SAD_XX.wav,1005_DFA_SAD_XX.wav,1005,train,2,sad,0,neutral,0.8741326928138733
/Users/prarthanapatel/Desktop/Himanshi/speech_emotion_detection-develop-v2/cremad_preprocessed/audio/1005_IEO_ANG_HI.wav,1005_IEO_ANG_HI.wav,1005,train,3,angry,3,angry,0.9942330718040466
/Users/prarthanapatel/Desktop/Himanshi/speech_emotion_detection-develop-v2/cremad_preprocessed/audio/1005_IEO_ANG_LO.wav,1005_IEO_ANG_LO.wav,1005,train,3,angry,3,angry,0.767828106880188
/Users/prarthanapatel/Desktop/Himanshi/speech_emotion_detection-develop-v2/cremad_preprocessed/audio/1005_IEO_ANG_MD.wav,1005_IEO_ANG_MD.wav,1005,train,3,angry,3,angry,0.9893308877944946
/Users/prarthanapatel/Desktop/Himanshi/speech_emotion_detection-develop-v2/cremad_preprocessed/audio/1005_IEO_DIS_HI.wav,1005_IEO_DIS_HI.wav,1005,train,5,disgust,5,disgust,0.945713996887207
/Users/prarthanapatel/Desktop/Himanshi/speech_emotion_detection-develop-v2/cremad_preprocessed/audio/1005_IEO_DIS_LO.wav,1005_IEO_DIS_LO.wav,1005,train,5,disgust,5,disgust,0.4604245722293854
/Users/prarthanapatel/Desktop/Himanshi/speech_emotion_detection-develop-v2/cremad_preprocessed/audio/1005_IEO_DIS_MD.wav,1005_IEO_DIS_MD.wav,1005,train,5,disgust,1,happy,0.7538271546363831
/Users/prarthanapatel/Desktop/Himanshi/speech_emotion_detection-develop-v2/cremad_preprocessed/audio/1005_IEO_FEA_HI.wav,1005_IEO_FEA_HI.wav,1005,train,4,fearful,4,fearful,0.9504856467247009
/Users/prarthanapatel/Desktop/Himanshi/speech_emotion_detection-develop-v2/cremad_preprocessed/audio/1005_IEO_FEA_LO.wav,1005_IEO_FEA_LO.wav,1005,train,4,fearful,4,fearful,0.9047749042510986
/Users/prarthanapatel/Desktop/Himanshi/speech_emotion_detection-develop-v2/cremad_preprocessed/audio/1005_IEO_FEA_MD.wav,1005_IEO_FEA_MD.wav,1005,train,4,fearful,4,fearful,0.9298385381698608
/Users/prarthanapatel/Desktop/Himanshi/speech_emotion_detection-develop-v2/cremad_preprocessed/audio/1005_IEO_HAP_HI.wav,1005_IEO_HAP_HI.wav,1005,train,1,happy,1,happy,0.9597519040107727
/Users/prarthanapatel/Desktop/Himanshi/speech_emotion_detection-develop-v2/cremad_preprocessed/audio/1005_IEO_HAP_LO.wav,1005_IEO_HAP_LO.wav,1005,train,1,happy,1,happy,0.9263326525688171
/Users/prarthanapatel/Desktop/Himanshi/speech_emotion_detection-develop-v2/cremad_preprocessed/audio/1005_IEO_HAP_MD.wav,1005_IEO_HAP_MD.wav,1005,train,1,happy,1,happy,0.9591317772865295
/Users/prarthanapatel/Desktop/Himanshi/speech_emotion_detection-develop-v2/cremad_preprocessed/audio/1005_IEO_NEU_XX.wav,1005_IEO_NEU_XX.wav,1005,train,0,neutral,0,neutral,0.957095742225647
/Users/prarthanapatel/Desktop/Himanshi/speech_emotion_detection-develop-v2/cremad_preprocessed/audio/1005_IEO_SAD_HI.wav,1005_IEO_SAD_HI.wav,1005,train,2,sad,2,sad,0.5186750888824463
/Users/prarthanapatel/Desktop/Himanshi/speech_emotion_detection-develop-v2/cremad_preprocessed/audio/1005_IEO_SAD_LO.wav,1005_IEO_SAD_LO.wav,1005,train,2,sad,2,sad,0.7508719563484192
/Users/prarthanapatel/Desktop/Himanshi/speech_emotion_detection-develop-v2/cremad_preprocessed/audio/1005_IEO_SAD_MD.wav,1005_IEO_SAD_MD.wav,1005,train,2,sad,2,sad,0.6316201090812683
/Users/prarthanapatel/Desktop/Himanshi/speech_emotion_detection-develop-v2/cremad_preprocessed/audio/1005_IOM_ANG_XX.wav,1005_IOM_ANG_XX.wav,1005,train,3,angry,3,angry,0.9950481057167053
/Users/prarthanapatel/Desktop/Himanshi/speech_emotion_detection-develop-v2/cremad_preprocessed/audio/1005_IOM_DIS_XX.wav,1005_IOM_DIS_XX.wav,1005,train,5,disgust,5,disgust,0.7007520198822021
/Users/prarthanapatel/Desktop/Himanshi/speech_emotion_detection-develop-v2/cremad_preprocessed/audio/1005_IOM_FEA_XX.wav,1005_IOM_FEA_XX.wav,1005,train,4,fearful,4,fearful,0.9246435165405273
/Users/prarthanapatel/Desktop/Himanshi/speech_emotion_detection-develop-v2/cremad_preprocessed/audio/1005_IOM_HAP_XX.wav,1005_IOM_HAP_XX.wav,1005,train,1,happy,1,happy,0.9707671999931335
/Users/prarthanapatel/Desktop/Himanshi/speech_emotion_detection-develop-v2/cremad_preprocessed/audio/1005_IOM_NEU_XX.wav,1005_IOM_NEU_XX.wav,1005,train,0,neutral,0,neutral,0.9856517314910889
/Users/prarthanapatel/Desktop/Himanshi/speech_emotion_detection-develop-v2/cremad_preprocessed/audio/1005_IOM_SAD_XX.wav,1005_IOM_SAD_XX.wav,1005,train,2,sad,2,sad,0.8552257418632507
/Users/prarthanapatel/Desktop/Himanshi/speech_emotion_detection-develop-v2/cremad_preprocessed/audio/1005_ITH_ANG_XX.wav,1005_ITH_ANG_XX.wav,1005,train,3,angry,3,angry,0.9946059584617615
/Users/prarthanapatel/Desktop/Himanshi/speech_emotion_detection-develop-v2/cremad_preprocessed/audio/1005_ITH_DIS_XX.wav,1005_ITH_DIS_XX.wav,1005,train,5,disgust,5,disgust,0.945227324962616
/Users/prarthanapatel/Desktop/Himanshi/speech_emotion_detection-develop-v2/cremad_preprocessed/audio/1005_ITH_FEA_XX.wav,1005_ITH_FEA_XX.wav,1005,train,4,fearful,4,fearful,0.9120557308197021
/Users/prarthanapatel/Desktop/Himanshi/speech_emotion_detection-develop-v2/cremad_preprocessed/audio/1005_ITH_HAP_XX.wav,1005_ITH_HAP_XX.wav,1005,train,1,happy,1,happy,0.9704824686050415
/Users/prarthanapatel/Desktop/Himanshi/speech_emotion_detection-develop-v2/cremad_preprocessed/audio/1005_ITH_NEU_XX.wav,1005_ITH_NEU_XX.wav,1005,train,0,neutral,0,neutral,0.9793474078178406
/Users/prarthanapatel/Desktop/Himanshi/speech_emotion_detection-develop-v2/cremad_preprocessed/audio/1005_ITH_SAD_XX.wav,1005_ITH_SAD_XX.wav,1005,train,2,sad,2,sad,0.5280166864395142
/Users/prarthanapatel/Desktop/Himanshi/speech_emotion_detection-develop-v2/cremad_preprocessed/audio/1005_ITS_ANG_XX.wav,1005_ITS_ANG_XX.wav,1005,train,3,angry,3,angry,0.9939725995063782
/Users/prarthanapatel/Desktop/Himanshi/speech_emotion_detection-develop-v2/cremad_preprocessed/audio/1005_ITS_DIS_XX.wav,1005_ITS_DIS_XX.wav,1005,train,5,disgust,5,disgust,0.9319525957107544
/Users/prarthanapatel/Desktop/Himanshi/speech_emotion_detection-develop-v2/cremad_preprocessed/audio/1005_ITS_FEA_XX.wav,1005_ITS_FEA_XX.wav,1005,train,4,fearful,4,fearful,0.9561459422111511
/Users/prarthanapatel/Desktop/Himanshi/speech_emotion_detection-develop-v2/cremad_preprocessed/audio/1005_ITS_HAP_XX.wav,1005_ITS_HAP_XX.wav,1005,train,1,happy,1,happy,0.9632696509361267
/Users/prarthanapatel/Desktop/Himanshi/speech_emotion_detection-develop-v2/cremad_preprocessed/audio/1005_ITS_NEU_XX.wav,1005_ITS_NEU_XX.wav,1005,train,0,neutral,0,neutral,0.9870377779006958
/Users/prarthanapatel/Desktop/Himanshi/speech_emotion_detection-develop-v2/cremad_preprocessed/audio/1005_ITS_SAD_XX.wav,1005_ITS_SAD_XX.wav,1005,train,2,sad,5,disgust,0.7899271249771118
/Users/prarthanapatel/Desktop/Himanshi/speech_emotion_detection-develop-v2/cremad_preprocessed/audio/1005_IWL_ANG_XX.wav,1005_IWL_ANG_XX.wav,1005,train,3,angry,3,angry,0.9942668080329895
/Users/prarthanapatel/Desktop/Himanshi/speech_emotion_detection-develop-v2/cremad_preprocessed/audio/1005_IWL_DIS_XX.wav,1005_IWL_DIS_XX.wav,1005,train,5,disgust,0,neutral,0.45982426404953003
/Users/prarthanapatel/Desktop/Himanshi/speech_emotion_detection-develop-v2/cremad_preprocessed/audio/1005_IWL_FEA_XX.wav,1005_IWL_FEA_XX.wav,1005,train,4,fearful,4,fearful,0.9420217871665955
/Users/prarthanapatel/Desktop/Himanshi/speech_emotion_detection-develop-v2/cremad_preprocessed/audio/1005_IWL_HAP_XX.wav,1005_IWL_HAP_XX.wav,1005,train,1,happy,1,happy,0.9706497192382812
/Users/prarthanapatel/Desktop/Himanshi/speech_emotion_detection-develop-v2/cremad_preprocessed/audio/1005_IWL_NEU_XX.wav,1005_IWL_NEU_XX.wav,1005,train,0,neutral,0,neutral,0.9781898856163025
/Users/prarthanapatel/Desktop/Himanshi/speech_emotion_detection-develop-v2/cremad_preprocessed/audio/1005_IWL_SAD_XX.wav,1005_IWL_SAD_XX.wav,1005,train,2,sad,2,sad,0.8636161684989929
/Users/prarthanapatel/Desktop/Himanshi/speech_emotion_detection-develop-v2/cremad_preprocessed/audio/1005_IWW_ANG_XX.wav,1005_IWW_ANG_XX.wav,1005,train,3,angry,5,disgust,0.43301722407341003
/Users/prarthanapatel/Desktop/Himanshi/speech_emotion_detection-develop-v2/cremad_preprocessed/audio/1005_IWW_DIS_XX.wav,1005_IWW_DIS_XX.wav,1005,train,5,disgust,5,disgust,0.9245918989181519
/Users/prarthanapatel/Desktop/Himanshi/speech_emotion_detection-develop-v2/cremad_preprocessed/audio/1005_IWW_FEA_XX.wav,1005_IWW_FEA_XX.wav,1005,train,4,fearful,4,fearful,0.840019941329956
/Users/prarthanapatel/Desktop/Himanshi/speech_emotion_detection-develop-v2/cremad_preprocessed/audio/1005_IWW_HAP_XX.wav,1005_IWW_HAP_XX.wav,1005,train,1,happy,3,angry,0.8005986213684082
/Users/prarthanapatel/Desktop/Himanshi/speech_emotion_detection-develop-v2/cremad_preprocessed/audio/1005_IWW_NEU_XX.wav,1005_IWW_NEU_XX.wav,1005,train,0,neutral,0,neutral,0.9698352217674255
/Users/prarthanapatel/Desktop/Himanshi/speech_emotion_detection-develop-v2/cremad_preprocessed/audio/1005_IWW_SAD_XX.wav,1005_IWW_SAD_XX.wav,1005,train,2,sad,2,sad,0.706664502620697
/Users/prarthanapatel/Desktop/Himanshi/speech_emotion_detection-develop-v2/cremad_preprocessed/audio/1005_MTI_ANG_XX.wav,1005_MTI_ANG_XX.wav,1005,train,3,angry,3,angry,0.9940454959869385
/Users/prarthanapatel/Desktop/Himanshi/speech_emotion_detection-develop-v2/cremad_preprocessed/audio/1005_MTI_DIS_XX.wav,1005_MTI_DIS_XX.wav,1005,train,5,disgust,5,disgust,0.6466561555862427
/Users/prarthanapatel/Desktop/Himanshi/speech_emotion_detection-develop-v2/cremad_preprocessed/audio/1005_MTI_FEA_XX.wav,1005_MTI_FEA_XX.wav,1005,train,4,fearful,4,fearful,0.9465736746788025
/Users/prarthanapatel/Desktop/Himanshi/speech_emotion_detection-develop-v2/cremad_preprocessed/audio/1005_MTI_HAP_XX.wav,1005_MTI_HAP_XX.wav,1005,train,1,happy,3,angry,0.589201033115387
/Users/prarthanapatel/Desktop/Himanshi/speech_emotion_detection-develop-v2/cremad_preprocessed/audio/1005_MTI_NEU_XX.wav,1005_MTI_NEU_XX.wav,1005,train,0,neutral,0,neutral,0.9327426552772522
/Users/prarthanapatel/Desktop/Himanshi/speech_emotion_detection-develop-v2/cremad_preprocessed/audio/1005_MTI_SAD_XX.wav,1005_MTI_SAD_XX.wav,1005,train,2,sad,4,fearful,0.5325291752815247
/Users/prarthanapatel/Desktop/Himanshi/speech_emotion_detection-develop-v2/cremad_preprocessed/audio/1005_TAI_ANG_XX.wav,1005_TAI_ANG_XX.wav,1005,train,3,angry,3,angry,0.9906384944915771
/Users/prarthanapatel/Desktop/Himanshi/speech_emotion_detection-develop-v2/cremad_preprocessed/audio/1005_TAI_DIS_XX.wav,1005_TAI_DIS_XX.wav,1005,train,5,disgust,5,disgust,0.9144437909126282
/Users/prarthanapatel/Desktop/Himanshi/speech_emotion_detection-develop-v2/cremad_preprocessed/audio/1005_TAI_FEA_XX.wav,1005_TAI_FEA_XX.wav,1005,train,4,fearful,4,fearful,0.9435561895370483
/Users/prarthanapatel/Desktop/Himanshi/speech_emotion_detection-develop-v2/cremad_preprocessed/audio/1005_TAI_HAP_XX.wav,1005_TAI_HAP_XX.wav,1005,train,1,happy,1,happy,0.9634976983070374
/Users/prarthanapatel/Desktop/Himanshi/speech_emotion_detection-develop-v2/cremad_preprocessed/audio/1005_TAI_NEU_XX.wav,1005_TAI_NEU_XX.wav,1005,train,0,neutral,2,sad,0.6846832036972046
/Users/prarthanapatel/Desktop/Himanshi/speech_emotion_detection-develop-v2/cremad_preprocessed/audio/1005_TAI_SAD_XX.wav,1005_TAI_SAD_XX.wav,1005,train,2,sad,2,sad,0.7959346175193787
/Users/prarthanapatel/Desktop/Himanshi/speech_emotion_detection-develop-v2/cremad_preprocessed/audio/1005_TIE_ANG_XX.wav,1005_TIE_ANG_XX.wav,1005,train,3,angry,3,angry,0.9899368286132812
/Users/prarthanapatel/Desktop/Himanshi/speech_emotion_detection-develop-v2/cremad_preprocessed/audio/1005_TIE_DIS_XX.wav,1005_TIE_DIS_XX.wav,1005,train,5,disgust,5,disgust,0.7966139912605286
/Users/prarthanapatel/Desktop/Himanshi/speech_emotion_detection-develop-v2/cremad_preprocessed/audio/1005_TIE_FEA_XX.wav,1005_TIE_FEA_XX.wav,1005,train,4,fearful,3,angry,0.9328406453132629
/Users/prarthanapatel/Desktop/Himanshi/speech_emotion_detection-develop-v2/cremad_preprocessed/audio/1005_TIE_HAP_XX.wav,1005_TIE_HAP_XX.wav,1005,train,1,happy,3,angry,0.8703839182853699
/Users/prarthanapatel/Desktop/Himanshi/speech_emotion_detection-develop-v2/cremad_preprocessed/audio/1005_TIE_NEU_XX.wav,1005_TIE_NEU_XX.wav,1005,train,0,neutral,0,neutral,0.9604350924491882
/Users/prarthanapatel/Desktop/Himanshi/speech_emotion_detection-develop-v2/cremad_preprocessed/audio/1005_TIE_SAD_XX.wav,1005_TIE_SAD_XX.wav,1005,train,2,sad,2,sad,0.6403988599777222
/Users/prarthanapatel/Desktop/Himanshi/speech_emotion_detection-develop-v2/cremad_preprocessed/audio/1005_TSI_ANG_XX.wav,1005_TSI_ANG_XX.wav,1005,train,3,angry,3,angry,0.9940873384475708
/Users/prarthanapatel/Desktop/Himanshi/speech_emotion_detection-develop-v2/cremad_preprocessed/audio/1005_TSI_DIS_XX.wav,1005_TSI_DIS_XX.wav,1005,train,5,disgust,5,disgust,0.6742954850196838
/Users/prarthanapatel/Desktop/Himanshi/speech_emotion_detection-develop-v2/cremad_preprocessed/audio/1005_TSI_FEA_XX.wav,1005_TSI_FEA_XX.wav,1005,train,4,fearful,4,fearful,0.9169039726257324
/Users/prarthanapatel/Desktop/Himanshi/speech_emotion_detection-develop-v2/cremad_preprocessed/audio/1005_TSI_HAP_XX.wav,1005_TSI_HAP_XX.wav,1005,train,1,happy,1,happy,0.9405505657196045
/Users/prarthanapatel/Desktop/Himanshi/speech_emotion_detection-develop-v2/cremad_preprocessed/audio/1005_TSI_NEU_XX.wav,1005_TSI_NEU_XX.wav,1005,train,0,neutral,0,neutral,0.986850917339325
/Users/prarthanapatel/Desktop/Himanshi/speech_emotion_detection-develop-v2/cremad_preprocessed/audio/1005_TSI_SAD_XX.wav,1005_TSI_SAD_XX.wav,1005,train,2,sad,5,disgust,0.43360912799835205
/Users/prarthanapatel/Desktop/Himanshi/speech_emotion_detection-develop-v2/cremad_preprocessed/audio/1005_WSI_ANG_XX.wav,1005_WSI_ANG_XX.wav,1005,train,3,angry,3,angry,0.9949491024017334
/Users/prarthanapatel/Desktop/Himanshi/speech_emotion_detection-develop-v2/cremad_preprocessed/audio/1005_WSI_DIS_XX.wav,1005_WSI_DIS_XX.wav,1005,train,5,disgust,5,disgust,0.9197888970375061
/Users/prarthanapatel/Desktop/Himanshi/speech_emotion_detection-develop-v2/cremad_preprocessed/audio/1005_WSI_FEA_XX.wav,1005_WSI_FEA_XX.wav,1005,train,4,fearful,4,fearful,0.9553824067115784
/Users/prarthanapatel/Desktop/Himanshi/speech_emotion_detection-develop-v2/cremad_preprocessed/audio/1005_WSI_HAP_XX.wav,1005_WSI_HAP_XX.wav,1005,train,1,happy,1,happy,0.9640632271766663
/Users/prarthanapatel/Desktop/Himanshi/speech_emotion_detection-develop-v2/cremad_preprocessed/audio/1005_WSI_NEU_XX.wav,1005_WSI_NEU_XX.wav,1005,train,0,neutral,0,neutral,0.9757540225982666
/Users/prarthanapatel/Desktop/Himanshi/speech_emotion_detection-develop-v2/cremad_preprocessed/audio/1005_WSI_SAD_XX.wav,1005_WSI_SAD_XX.wav,1005,train,2,sad,0,neutral,0.48676255345344543
/Users/prarthanapatel/Desktop/Himanshi/speech_emotion_detection-develop-v2/cremad_preprocessed/audio/1006_DFA_ANG_XX.wav,1006_DFA_ANG_XX.wav,1006,train,3,angry,3,angry,0.9945704340934753
/Users/prarthanapatel/Desktop/Himanshi/speech_emotion_detection-develop-v2/cremad_preprocessed/audio/1006_DFA_DIS_XX.wav,1006_DFA_DIS_XX.wav,1006,train,5,disgust,5,disgust,0.9308644533157349
/Users/prarthanapatel/Desktop/Himanshi/speech_emotion_detection-develop-v2/cremad_preprocessed/audio/1006_DFA_FEA_XX.wav,1006_DFA_FEA_XX.wav,1006,train,4,fearful,2,sad,0.7048564553260803
/Users/prarthanapatel/Desktop/Himanshi/speech_emotion_detection-develop-v2/cremad_preprocessed/audio/1006_DFA_HAP_XX.wav,1006_DFA_HAP_XX.wav,1006,train,1,happy,1,happy,0.9744946956634521
/Users/prarthanapatel/Desktop/Himanshi/speech_emotion_detection-develop-v2/cremad_preprocessed/audio/1006_DFA_NEU_XX.wav,1006_DFA_NEU_XX.wav,1006,train,0,neutral,0,neutral,0.960554301738739
/Users/prarthanapatel/Desktop/Himanshi/speech_emotion_detection-develop-v2/cremad_preprocessed/audio/1006_DFA_SAD_XX.wav,1006_DFA_SAD_XX.wav,1006,train,2,sad,4,fearful,0.5504042506217957
/Users/prarthanapatel/Desktop/Himanshi/speech_emotion_detection-develop-v2/cremad_preprocessed/audio/1006_IEO_ANG_HI.wav,1006_IEO_ANG_HI.wav,1006,train,3,angry,3,angry,0.99378901720047
/Users/prarthanapatel/Desktop/Himanshi/speech_emotion_detection-develop-v2/cremad_preprocessed/audio/1006_IEO_ANG_LO.wav,1006_IEO_ANG_LO.wav,1006,train,3,angry,3,angry,0.970610499382019
/Users/prarthanapatel/Desktop/Himanshi/speech_emotion_detection-develop-v2/cremad_preprocessed/audio/1006_IEO_ANG_MD.wav,1006_IEO_ANG_MD.wav,1006,train,3,angry,1,happy,0.6585976481437683
/Users/prarthanapatel/Desktop/Himanshi/speech_emotion_detection-develop-v2/cremad_preprocessed/audio/1006_IEO_DIS_HI.wav,1006_IEO_DIS_HI.wav,1006,train,5,disgust,5,disgust,0.8435680866241455
/Users/prarthanapatel/Desktop/Himanshi/speech_emotion_detection-develop-v2/cremad_preprocessed/audio/1006_IEO_DIS_LO.wav,1006_IEO_DIS_LO.wav,1006,train,5,disgust,1,happy,0.5388790369033813
/Users/prarthanapatel/Desktop/Himanshi/speech_emotion_detection-develop-v2/cremad_preprocessed/audio/1006_IEO_DIS_MD.wav,1006_IEO_DIS_MD.wav,1006,train,5,disgust,5,disgust,0.9679607152938843
/Users/prarthanapatel/Desktop/Himanshi/speech_emotion_detection-develop-v2/cremad_preprocessed/audio/1006_IEO_FEA_HI.wav,1006_IEO_FEA_HI.wav,1006,train,4,fearful,4,fearful,0.9627724289894104
/Users/prarthanapatel/Desktop/Himanshi/speech_emotion_detection-develop-v2/cremad_preprocessed/audio/1006_IEO_FEA_LO.wav,1006_IEO_FEA_LO.wav,1006,train,4,fearful,4,fearful,0.7126312851905823
/Users/prarthanapatel/Desktop/Himanshi/speech_emotion_detection-develop-v2/cremad_preprocessed/audio/1006_IEO_FEA_MD.wav,1006_IEO_FEA_MD.wav,1006,train,4,fearful,4,fearful,0.9163731336593628
/Users/prarthanapatel/Desktop/Himanshi/speech_emotion_detection-develop-v2/cremad_preprocessed/audio/1006_IEO_HAP_HI.wav,1006_IEO_HAP_HI.wav,1006,train,1,happy,1,happy,0.9594871401786804
/Users/prarthanapatel/Desktop/Himanshi/speech_emotion_detection-develop-v2/cremad_preprocessed/audio/1006_IEO_HAP_LO.wav,1006_IEO_HAP_LO.wav,1006,train,1,happy,1,happy,0.9419183731079102
/Users/prarthanapatel/Desktop/Himanshi/speech_emotion_detection-develop-v2/cremad_preprocessed/audio/1006_IEO_HAP_MD.wav,1006_IEO_HAP_MD.wav,1006,train,1,happy,1,happy,0.9460723996162415
/Users/prarthanapatel/Desktop/Himanshi/speech_emotion_detection-develop-v2/cremad_preprocessed/audio/1006_IEO_NEU_XX.wav,1006_IEO_NEU_XX.wav,1006,train,0,neutral,0,neutral,0.8673582673072815
/Users/prarthanapatel/Desktop/Himanshi/speech_emotion_detection-develop-v2/cremad_preprocessed/audio/1006_IEO_SAD_HI.wav,1006_IEO_SAD_HI.wav,1006,train,2,sad,2,sad,0.6003279089927673
/Users/prarthanapatel/Desktop/Himanshi/speech_emotion_detection-develop-v2/cremad_preprocessed/audio/1006_IEO_SAD_LO.wav,1006_IEO_SAD_LO.wav,1006,train,2,sad,2,sad,0.9393404722213745
/Users/prarthanapatel/Desktop/Himanshi/speech_emotion_detection-develop-v2/cremad_preprocessed/audio/1006_IEO_SAD_MD.wav,1006_IEO_SAD_MD.wav,1006,train,2,sad,2,sad,0.8030961155891418
/Users/prarthanapatel/Desktop/Himanshi/speech_emotion_detection-develop-v2/cremad_preprocessed/audio/1006_IOM_ANG_XX.wav,1006_IOM_ANG_XX.wav,1006,train,3,angry,3,angry,0.9947019219398499
/Users/prarthanapatel/Desktop/Himanshi/speech_emotion_detection-develop-v2/cremad_preprocessed/audio/1006_IOM_DIS_XX.wav,1006_IOM_DIS_XX.wav,1006,train,5,disgust,2,sad,0.6348820924758911
/Users/prarthanapatel/Desktop/Himanshi/speech_emotion_detection-develop-v2/cremad_preprocessed/audio/1006_IOM_FEA_XX.wav,1006_IOM_FEA_XX.wav,1006,train,4,fearful,4,fearful,0.9510440826416016
/Users/prarthanapatel/Desktop/Himanshi/speech_emotion_detection-develop-v2/cremad_preprocessed/audio/1006_IOM_HAP_XX.wav,1006_IOM_HAP_XX.wav,1006,train,1,happy,1,happy,0.9682080745697021
/Users/prarthanapatel/Desktop/Himanshi/speech_emotion_detection-develop-v2/cremad_preprocessed/audio/1006_IOM_NEU_XX.wav,1006_IOM_NEU_XX.wav,1006,train,0,neutral,0,neutral,0.9871550798416138
/Users/prarthanapatel/Desktop/Himanshi/speech_emotion_detection-develop-v2/cremad_preprocessed/audio/1006_IOM_SAD_XX.wav,1006_IOM_SAD_XX.wav,1006,train,2,sad,2,sad,0.7955714464187622
/Users/prarthanapatel/Desktop/Himanshi/speech_emotion_detection-develop-v2/cremad_preprocessed/audio/1006_ITH_ANG_XX.wav,1006_ITH_ANG_XX.wav,1006,train,3,angry,3,angry,0.9914634823799133
/Users/prarthanapatel/Desktop/Himanshi/speech_emotion_detection-develop-v2/cremad_preprocessed/audio/1006_ITH_DIS_XX.wav,1006_ITH_DIS_XX.wav,1006,train,5,disgust,5,disgust,0.898202121257782
/Users/prarthanapatel/Desktop/Himanshi/speech_emotion_detection-develop-v2/cremad_preprocessed/audio/1006_ITH_FEA_XX.wav,1006_ITH_FEA_XX.wav,1006,train,4,fearful,4,fearful,0.5492285490036011
/Users/prarthanapatel/Desktop/Himanshi/speech_emotion_detection-develop-v2/cremad_preprocessed/audio/1006_ITH_HAP_XX.wav,1006_ITH_HAP_XX.wav,1006,train,1,happy,1,happy,0.959969699382782
/Users/prarthanapatel/Desktop/Himanshi/speech_emotion_detection-develop-v2/cremad_preprocessed/audio/1006_ITH_NEU_XX.wav,1006_ITH_NEU_XX.wav,1006,train,0,neutral,0,neutral,0.9883646965026855
/Users/prarthanapatel/Desktop/Himanshi/speech_emotion_detection-develop-v2/cremad_preprocessed/audio/1006_ITH_SAD_XX.wav,1006_ITH_SAD_XX.wav,1006,train,2,sad,2,sad,0.5393408536911011
/Users/prarthanapatel/Desktop/Himanshi/speech_emotion_detection-develop-v2/cremad_preprocessed/audio/1006_ITS_ANG_XX.wav,1006_ITS_ANG_XX.wav,1006,train,3,angry,3,angry,0.9928896427154541
/Users/prarthanapatel/Desktop/Himanshi/speech_emotion_detection-develop-v2/cremad_preprocessed/audio/1006_ITS_DIS_XX.wav,1006_ITS_DIS_XX.wav,1006,train,5,disgust,2,sad,0.7432789206504822
/Users/prarthanapatel/Desktop/Himanshi/speech_emotion_detection-develop-v2/cremad_preprocessed/audio/1006_ITS_FEA_XX.wav,1006_ITS_FEA_XX.wav,1006,train,4,fearful,4,fearful,0.9436609745025635
/Users/prarthanapatel/Desktop/Himanshi/speech_emotion_detection-develop-v2/cremad_preprocessed/audio/1006_ITS_HAP_XX.wav,1006_ITS_HAP_XX.wav,1006,train,1,happy,1,happy,0.959665834903717
/Users/prarthanapatel/Desktop/Himanshi/speech_emotion_detection-develop-v2/cremad_preprocessed/audio/1006_ITS_NEU_XX.wav,1006_ITS_NEU_XX.wav,1006,train,0,neutral,0,neutral,0.9888219833374023
/Users/prarthanapatel/Desktop/Himanshi/speech_emotion_detection-develop-v2/cremad_preprocessed/audio/1006_ITS_SAD_XX.wav,1006_ITS_SAD_XX.wav,1006,train,2,sad,2,sad,0.5352585911750793
/Users/prarthanapatel/Desktop/Himanshi/speech_emotion_detection-develop-v2/cremad_preprocessed/audio/1006_IWL_ANG_XX.wav,1006_IWL_ANG_XX.wav,1006,train,3,angry,3,angry,0.9943082928657532
/Users/prarthanapatel/Desktop/Himanshi/speech_emotion_detection-develop-v2/cremad_preprocessed/audio/1006_IWL_DIS_XX.wav,1006_IWL_DIS_XX.wav,1006,train,5,disgust,5,disgust,0.9499567151069641
/Users/prarthanapatel/Desktop/Himanshi/speech_emotion_detection-develop-v2/cremad_preprocessed/audio/1006_IWL_FEA_XX.wav,1006_IWL_FEA_XX.wav,1006,train,4,fearful,4,fearful,0.5985682010650635
/Users/prarthanapatel/Desktop/Himanshi/speech_emotion_detection-develop-v2/cremad_preprocessed/audio/1006_IWL_HAP_XX.wav,1006_IWL_HAP_XX.wav,1006,train,1,happy,1,happy,0.9600580334663391
/Users/prarthanapatel/Desktop/Himanshi/speech_emotion_detection-develop-v2/cremad_preprocessed/audio/1006_IWL_NEU_XX.wav,1006_IWL_NEU_XX.wav,1006,train,0,neutral,0,neutral,0.9878807067871094
/Users/prarthanapatel/Desktop/Himanshi/speech_emotion_detection-develop-v2/cremad_preprocessed/audio/1006_IWL_SAD_XX.wav,1006_IWL_SAD_XX.wav,1006,train,2,sad,2,sad,0.6358490586280823
/Users/prarthanapatel/Desktop/Himanshi/speech_emotion_detection-develop-v2/cremad_preprocessed/audio/1006_IWW_ANG_XX.wav,1006_IWW_ANG_XX.wav,1006,train,3,angry,3,angry,0.8090481162071228
/Users/prarthanapatel/Desktop/Himanshi/speech_emotion_detection-develop-v2/cremad_preprocessed/audio/1006_IWW_DIS_XX.wav,1006_IWW_DIS_XX.wav,1006,train,5,disgust,2,sad,0.8080689311027527
/Users/prarthanapatel/Desktop/Himanshi/speech_emotion_detection-develop-v2/cremad_preprocessed/audio/1006_IWW_FEA_XX.wav,1006_IWW_FEA_XX.wav,1006,train,4,fearful,4,fearful,0.9476969838142395
/Users/prarthanapatel/Desktop/Himanshi/speech_emotion_detection-develop-v2/cremad_preprocessed/audio/1006_IWW_HAP_XX.wav,1006_IWW_HAP_XX.wav,1006,train,1,happy,1,happy,0.9769062399864197
/Users/prarthanapatel/Desktop/Himanshi/speech_emotion_detection-develop-v2/cremad_preprocessed/audio/1006_IWW_NEU_XX.wav,1006_IWW_NEU_XX.wav,1006,train,0,neutral,0,neutral,0.987368643283844
/Users/prarthanapatel/Desktop/Himanshi/speech_emotion_detection-develop-v2/cremad_preprocessed/audio/1006_IWW_SAD_XX.wav,1006_IWW_SAD_XX.wav,1006,train,2,sad,4,fearful,0.818861722946167
/Users/prarthanapatel/Desktop/Himanshi/speech_emotion_detection-develop-v2/cremad_preprocessed/audio/1006_MTI_ANG_XX.wav,1006_MTI_ANG_XX.wav,1006,train,3,angry,3,angry,0.9945732951164246
/Users/prarthanapatel/Desktop/Himanshi/speech_emotion_detection-develop-v2/cremad_preprocessed/audio/1006_MTI_DIS_XX.wav,1006_MTI_DIS_XX.wav,1006,train,5,disgust,5,disgust,0.9578089714050293
/Users/prarthanapatel/Desktop/Himanshi/speech_emotion_detection-develop-v2/cremad_preprocessed/audio/1006_MTI_FEA_XX.wav,1006_MTI_FEA_XX.wav,1006,train,4,fearful,4,fearful,0.8157398700714111
/Users/prarthanapatel/Desktop/Himanshi/speech_emotion_detection-develop-v2/cremad_preprocessed/audio/1006_MTI_HAP_XX.wav,1006_MTI_HAP_XX.wav,1006,train,1,happy,1,happy,0.9805167317390442
/Users/prarthanapatel/Desktop/Himanshi/speech_emotion_detection-develop-v2/cremad_preprocessed/audio/1006_MTI_NEU_XX.wav,1006_MTI_NEU_XX.wav,1006,train,0,neutral,0,neutral,0.937734067440033
/Users/prarthanapatel/Desktop/Himanshi/speech_emotion_detection-develop-v2/cremad_preprocessed/audio/1006_MTI_SAD_XX.wav,1006_MTI_SAD_XX.wav,1006,train,2,sad,4,fearful,0.5733248591423035
/Users/prarthanapatel/Desktop/Himanshi/speech_emotion_detection-develop-v2/cremad_preprocessed/audio/1006_TAI_ANG_XX.wav,1006_TAI_ANG_XX.wav,1006,train,3,angry,3,angry,0.9894852042198181
/Users/prarthanapatel/Desktop/Himanshi/speech_emotion_detection-develop-v2/cremad_preprocessed/audio/1006_TAI_DIS_XX.wav,1006_TAI_DIS_XX.wav,1006,train,5,disgust,5,disgust,0.9722736477851868
/Users/prarthanapatel/Desktop/Himanshi/speech_emotion_detection-develop-v2/cremad_preprocessed/audio/1006_TAI_FEA_XX.wav,1006_TAI_FEA_XX.wav,1006,train,4,fearful,4,fearful,0.9422057867050171
/Users/prarthanapatel/Desktop/Himanshi/speech_emotion_detection-develop-v2/cremad_preprocessed/audio/1006_TAI_HAP_XX.wav,1006_TAI_HAP_XX.wav,1006,train,1,happy,1,happy,0.9809436202049255
/Users/prarthanapatel/Desktop/Himanshi/speech_emotion_detection-develop-v2/cremad_preprocessed/audio/1006_TAI_NEU_XX.wav,1006_TAI_NEU_XX.wav,1006,train,0,neutral,0,neutral,0.970822811126709
/Users/prarthanapatel/Desktop/Himanshi/speech_emotion_detection-develop-v2/cremad_preprocessed/audio/1006_TAI_SAD_XX.wav,1006_TAI_SAD_XX.wav,1006,train,2,sad,2,sad,0.5727463960647583
/Users/prarthanapatel/Desktop/Himanshi/speech_emotion_detection-develop-v2/cremad_preprocessed/audio/1006_TIE_ANG_XX.wav,1006_TIE_ANG_XX.wav,1006,train,3,angry,3,angry,0.9824884533882141
/Users/prarthanapatel/Desktop/Himanshi/speech_emotion_detection-develop-v2/cremad_preprocessed/audio/1006_TIE_DIS_XX.wav,1006_TIE_DIS_XX.wav,1006,train,5,disgust,5,disgust,0.9483543038368225
/Users/prarthanapatel/Desktop/Himanshi/speech_emotion_detection-develop-v2/cremad_preprocessed/audio/1006_TIE_FEA_XX.wav,1006_TIE_FEA_XX.wav,1006,train,4,fearful,4,fearful,0.9087663888931274
/Users/prarthanapatel/Desktop/Himanshi/speech_emotion_detection-develop-v2/cremad_preprocessed/audio/1006_TIE_HAP_XX.wav,1006_TIE_HAP_XX.wav,1006,train,1,happy,0,neutral,0.7201539278030396
/Users/prarthanapatel/Desktop/Himanshi/speech_emotion_detection-develop-v2/cremad_preprocessed/audio/1006_TIE_NEU_XX.wav,1006_TIE_NEU_XX.wav,1006,train,0,neutral,0,neutral,0.7201539278030396
/Users/prarthanapatel/Desktop/Himanshi/speech_emotion_detection-develop-v2/cremad_preprocessed/audio/1006_TIE_SAD_XX.wav,1006_TIE_SAD_XX.wav,1006,train,2,sad,2,sad,0.7465245723724365
/Users/prarthanapatel/Desktop/Himanshi/speech_emotion_detection-develop-v2/cremad_preprocessed/audio/1006_TSI_ANG_XX.wav,1006_TSI_ANG_XX.wav,1006,train,3,angry,3,angry,0.9738267660140991
/Users/prarthanapatel/Desktop/Himanshi/speech_emotion_detection-develop-v2/cremad_preprocessed/audio/1006_TSI_DIS_XX.wav,1006_TSI_DIS_XX.wav,1006,train,5,disgust,5,disgust,0.8454424738883972
/Users/prarthanapatel/Desktop/Himanshi/speech_emotion_detection-develop-v2/cremad_preprocessed/audio/1006_TSI_FEA_XX.wav,1006_TSI_FEA_XX.wav,1006,train,4,fearful,2,sad,0.6220554709434509
/Users/prarthanapatel/Desktop/Himanshi/speech_emotion_detection-develop-v2/cremad_preprocessed/audio/1006_TSI_HAP_XX.wav,1006_TSI_HAP_XX.wav,1006,train,1,happy,1,happy,0.6406186819076538
/Users/prarthanapatel/Desktop/Himanshi/speech_emotion_detection-develop-v2/cremad_preprocessed/audio/1006_TSI_NEU_XX.wav,1006_TSI_NEU_XX.wav,1006,train,0,neutral,0,neutral,0.9888309836387634
/Users/prarthanapatel/Desktop/Himanshi/speech_emotion_detection-develop-v2/cremad_preprocessed/audio/1006_TSI_SAD_XX.wav,1006_TSI_SAD_XX.wav,1006,train,2,sad,2,sad,0.7474314570426941
/Users/prarthanapatel/Desktop/Himanshi/speech_emotion_detection-develop-v2/cremad_preprocessed/audio/1006_WSI_ANG_XX.wav,1006_WSI_ANG_XX.wav,1006,train,3,angry,3,angry,0.987913191318512
/Users/prarthanapatel/Desktop/Himanshi/speech_emotion_detection-develop-v2/cremad_preprocessed/audio/1006_WSI_DIS_XX.wav,1006_WSI_DIS_XX.wav,1006,train,5,disgust,5,disgust,0.9482458829879761
/Users/prarthanapatel/Desktop/Himanshi/speech_emotion_detection-develop-v2/cremad_preprocessed/audio/1006_WSI_FEA_XX.wav,1006_WSI_FEA_XX.wav,1006,train,4,fearful,4,fearful,0.7094669938087463
/Users/prarthanapatel/Desktop/Himanshi/speech_emotion_detection-develop-v2/cremad_preprocessed/audio/1006_WSI_HAP_XX.wav,1006_WSI_HAP_XX.wav,1006,train,1,happy,1,happy,0.96612149477005
/Users/prarthanapatel/Desktop/Himanshi/speech_emotion_detection-develop-v2/cremad_preprocessed/audio/1006_WSI_NEU_XX.wav,1006_WSI_NEU_XX.wav,1006,train,0,neutral,0,neutral,0.9788884520530701
/Users/prarthanapatel/Desktop/Himanshi/speech_emotion_detection-develop-v2/cremad_preprocessed/audio/1006_WSI_SAD_XX.wav,1006_WSI_SAD_XX.wav,1006,train,2,sad,2,sad,0.8396518230438232
/Users/prarthanapatel/Desktop/Himanshi/speech_emotion_detection-develop-v2/cremad_preprocessed/audio/1008_DFA_ANG_XX.wav,1008_DFA_ANG_XX.wav,1008,train,3,angry,3,angry,0.99433434009552
/Users/prarthanapatel/Desktop/Himanshi/speech_emotion_detection-develop-v2/cremad_preprocessed/audio/1008_DFA_DIS_XX.wav,1008_DFA_DIS_XX.wav,1008,train,5,disgust,5,disgust,0.8869600296020508
/Users/prarthanapatel/Desktop/Himanshi/speech_emotion_detection-develop-v2/cremad_preprocessed/audio/1008_DFA_FEA_XX.wav,1008_DFA_FEA_XX.wav,1008,train,4,fearful,4,fearful,0.8982313871383667
/Users/prarthanapatel/Desktop/Himanshi/speech_emotion_detection-develop-v2/cremad_preprocessed/audio/1008_DFA_HAP_XX.wav,1008_DFA_HAP_XX.wav,1008,train,1,happy,1,happy,0.9639708995819092
/Users/prarthanapatel/Desktop/Himanshi/speech_emotion_detection-develop-v2/cremad_preprocessed/audio/1008_DFA_NEU_XX.wav,1008_DFA_NEU_XX.wav,1008,train,0,neutral,0,neutral,0.9876277446746826
/Users/prarthanapatel/Desktop/Himanshi/speech_emotion_detection-develop-v2/cremad_preprocessed/audio/1008_DFA_SAD_XX.wav,1008_DFA_SAD_XX.wav,1008,train,2,sad,4,fearful,0.40845999121665955
/Users/prarthanapatel/Desktop/Himanshi/speech_emotion_detection-develop-v2/cremad_preprocessed/audio/1008_IEO_ANG_HI.wav,1008_IEO_ANG_HI.wav,1008,train,3,angry,3,angry,0.9936416745185852
/Users/prarthanapatel/Desktop/Himanshi/speech_emotion_detection-develop-v2/cremad_preprocessed/audio/1008_IEO_ANG_LO.wav,1008_IEO_ANG_LO.wav,1008,train,3,angry,3,angry,0.9910716414451599
/Users/prarthanapatel/Desktop/Himanshi/speech_emotion_detection-develop-v2/cremad_preprocessed/audio/1008_IEO_ANG_MD.wav,1008_IEO_ANG_MD.wav,1008,train,3,angry,3,angry,0.9928066730499268
/Users/prarthanapatel/Desktop/Himanshi/speech_emotion_detection-develop-v2/cremad_preprocessed/audio/1008_IEO_DIS_HI.wav,1008_IEO_DIS_HI.wav,1008,train,5,disgust,5,disgust,0.9517953991889954
/Users/prarthanapatel/Desktop/Himanshi/speech_emotion_detection-develop-v2/cremad_preprocessed/audio/1008_IEO_DIS_LO.wav,1008_IEO_DIS_LO.wav,1008,train,5,disgust,5,disgust,0.9462888836860657
/Users/prarthanapatel/Desktop/Himanshi/speech_emotion_detection-develop-v2/cremad_preprocessed/audio/1008_IEO_DIS_MD.wav,1008_IEO_DIS_MD.wav,1008,train,5,disgust,5,disgust,0.9490054249763489
/Users/prarthanapatel/Desktop/Himanshi/speech_emotion_detection-develop-v2/cremad_preprocessed/audio/1008_IEO_FEA_HI.wav,1008_IEO_FEA_HI.wav,1008,train,4,fearful,4,fearful,0.6605220437049866
/Users/prarthanapatel/Desktop/Himanshi/speech_emotion_detection-develop-v2/cremad_preprocessed/audio/1008_IEO_FEA_LO.wav,1008_IEO_FEA_LO.wav,1008,train,4,fearful,4,fearful,0.48956623673439026
/Users/prarthanapatel/Desktop/Himanshi/speech_emotion_detection-develop-v2/cremad_preprocessed/audio/1008_IEO_FEA_MD.wav,1008_IEO_FEA_MD.wav,1008,train,4,fearful,5,disgust,0.5416019558906555
/Users/prarthanapatel/Desktop/Himanshi/speech_emotion_detection-develop-v2/cremad_preprocessed/audio/1008_IEO_HAP_HI.wav,1008_IEO_HAP_HI.wav,1008,train,1,happy,4,fearful,0.6583101749420166
/Users/prarthanapatel/Desktop/Himanshi/speech_emotion_detection-develop-v2/cremad_preprocessed/audio/1008_IEO_HAP_LO.wav,1008_IEO_HAP_LO.wav,1008,train,1,happy,1,happy,0.9650444984436035
/Users/prarthanapatel/Desktop/Himanshi/speech_emotion_detection-develop-v2/cremad_preprocessed/audio/1008_IEO_HAP_MD.wav,1008_IEO_HAP_MD.wav,1008,train,1,happy,1,happy,0.9786977171897888
/Users/prarthanapatel/Desktop/Himanshi/speech_emotion_detection-develop-v2/cremad_preprocessed/audio/1008_IEO_NEU_XX.wav,1008_IEO_NEU_XX.wav,1008,train,0,neutral,0,neutral,0.7291179299354553
/Users/prarthanapatel/Desktop/Himanshi/speech_emotion_detection-develop-v2/cremad_preprocessed/audio/1008_IEO_SAD_HI.wav,1008_IEO_SAD_HI.wav,1008,train,2,sad,4,fearful,0.7276430726051331
/Users/prarthanapatel/Desktop/Himanshi/speech_emotion_detection-develop-v2/cremad_preprocessed/audio/1008_IEO_SAD_LO.wav,1008_IEO_SAD_LO.wav,1008,train,2,sad,0,neutral,0.5502362251281738
/Users/prarthanapatel/Desktop/Himanshi/speech_emotion_detection-develop-v2/cremad_preprocessed/audio/1008_IEO_SAD_MD.wav,1008_IEO_SAD_MD.wav,1008,train,2,sad,3,angry,0.30630025267601013
/Users/prarthanapatel/Desktop/Himanshi/speech_emotion_detection-develop-v2/cremad_preprocessed/audio/1008_IOM_ANG_XX.wav,1008_IOM_ANG_XX.wav,1008,train,3,angry,3,angry,0.9948549270629883
/Users/prarthanapatel/Desktop/Himanshi/speech_emotion_detection-develop-v2/cremad_preprocessed/audio/1008_IOM_DIS_XX.wav,1008_IOM_DIS_XX.wav,1008,train,5,disgust,5,disgust,0.9413701891899109
/Users/prarthanapatel/Desktop/Himanshi/speech_emotion_detection-develop-v2/cremad_preprocessed/audio/1008_IOM_FEA_XX.wav,1008_IOM_FEA_XX.wav,1008,train,4,fearful,4,fearful,0.9224143624305725
/Users/prarthanapatel/Desktop/Himanshi/speech_emotion_detection-develop-v2/cremad_preprocessed/audio/1008_IOM_HAP_XX.wav,1008_IOM_HAP_XX.wav,1008,train,1,happy,1,happy,0.9275847673416138
/Users/prarthanapatel/Desktop/Himanshi/speech_emotion_detection-develop-v2/cremad_preprocessed/audio/1008_IOM_NEU_XX.wav,1008_IOM_NEU_XX.wav,1008,train,0,neutral,0,neutral,0.9689491987228394
/Users/prarthanapatel/Desktop/Himanshi/speech_emotion_detection-develop-v2/cremad_preprocessed/audio/1008_IOM_SAD_XX.wav,1008_IOM_SAD_XX.wav,1008,train,2,sad,3,angry,0.3616969883441925
/Users/prarthanapatel/Desktop/Himanshi/speech_emotion_detection-develop-v2/cremad_preprocessed/audio/1008_ITH_ANG_XX.wav,1008_ITH_ANG_XX.wav,1008,train,3,angry,3,angry,0.9933738708496094
/Users/prarthanapatel/Desktop/Himanshi/speech_emotion_detection-develop-v2/cremad_preprocessed/audio/1008_ITH_DIS_XX.wav,1008_ITH_DIS_XX.wav,1008,train,5,disgust,5,disgust,0.8948396444320679
/Users/prarthanapatel/Desktop/Himanshi/speech_emotion_detection-develop-v2/cremad_preprocessed/audio/1008_ITH_FEA_XX.wav,1008_ITH_FEA_XX.wav,1008,train,4,fearful,4,fearful,0.8630468249320984
/Users/prarthanapatel/Desktop/Himanshi/speech_emotion_detection-develop-v2/cremad_preprocessed/audio/1008_ITH_HAP_XX.wav,1008_ITH_HAP_XX.wav,1008,train,1,happy,1,happy,0.9765035510063171
/Users/prarthanapatel/Desktop/Himanshi/speech_emotion_detection-develop-v2/cremad_preprocessed/audio/1008_ITH_NEU_XX.wav,1008_ITH_NEU_XX.wav,1008,train,0,neutral,0,neutral,0.9514564275741577
/Users/prarthanapatel/Desktop/Himanshi/speech_emotion_detection-develop-v2/cremad_preprocessed/audio/1008_ITH_SAD_XX.wav,1008_ITH_SAD_XX.wav,1008,train,2,sad,2,sad,0.4373733699321747
/Users/prarthanapatel/Desktop/Himanshi/speech_emotion_detection-develop-v2/cremad_preprocessed/audio/1008_ITS_ANG_XX.wav,1008_ITS_ANG_XX.wav,1008,train,3,angry,3,angry,0.9939666986465454
/Users/prarthanapatel/Desktop/Himanshi/speech_emotion_detection-develop-v2/cremad_preprocessed/audio/1008_ITS_DIS_XX.wav,1008_ITS_DIS_XX.wav,1008,train,5,disgust,4,fearful,0.5253538489341736
/Users/prarthanapatel/Desktop/Himanshi/speech_emotion_detection-develop-v2/cremad_preprocessed/audio/1008_ITS_FEA_XX.wav,1008_ITS_FEA_XX.wav,1008,train,4,fearful,4,fearful,0.8306161165237427
/Users/prarthanapatel/Desktop/Himanshi/speech_emotion_detection-develop-v2/cremad_preprocessed/audio/1008_ITS_HAP_XX.wav,1008_ITS_HAP_XX.wav,1008,train,1,happy,1,happy,0.977119505405426
/Users/prarthanapatel/Desktop/Himanshi/speech_emotion_detection-develop-v2/cremad_preprocessed/audio/1008_ITS_NEU_XX.wav,1008_ITS_NEU_XX.wav,1008,train,0,neutral,0,neutral,0.9760506749153137
/Users/prarthanapatel/Desktop/Himanshi/speech_emotion_detection-develop-v2/cremad_preprocessed/audio/1008_ITS_SAD_XX.wav,1008_ITS_SAD_XX.wav,1008,train,2,sad,4,fearful,0.6658226847648621
/Users/prarthanapatel/Desktop/Himanshi/speech_emotion_detection-develop-v2/cremad_preprocessed/audio/1008_IWL_ANG_XX.wav,1008_IWL_ANG_XX.wav,1008,train,3,angry,3,angry,0.9937415719032288
/Users/prarthanapatel/Desktop/Himanshi/speech_emotion_detection-develop-v2/cremad_preprocessed/audio/1008_IWL_DIS_XX.wav,1008_IWL_DIS_XX.wav,1008,train,5,disgust,5,disgust,0.41137704253196716
/Users/prarthanapatel/Desktop/Himanshi/speech_emotion_detection-develop-v2/cremad_preprocessed/audio/1008_IWL_FEA_XX.wav,1008_IWL_FEA_XX.wav,1008,train,4,fearful,4,fearful,0.8579824566841125
/Users/prarthanapatel/Desktop/Himanshi/speech_emotion_detection-develop-v2/cremad_preprocessed/audio/1008_IWL_HAP_XX.wav,1008_IWL_HAP_XX.wav,1008,train,1,happy,1,happy,0.9716962575912476
/Users/prarthanapatel/Desktop/Himanshi/speech_emotion_detection-develop-v2/cremad_preprocessed/audio/1008_IWL_NEU_XX.wav,1008_IWL_NEU_XX.wav,1008,train,0,neutral,0,neutral,0.9777553677558899
/Users/prarthanapatel/Desktop/Himanshi/speech_emotion_detection-develop-v2/cremad_preprocessed/audio/1008_IWL_SAD_XX.wav,1008_IWL_SAD_XX.wav,1008,train,2,sad,2,sad,0.38869035243988037
/Users/prarthanapatel/Desktop/Himanshi/speech_emotion_detection-develop-v2/cremad_preprocessed/audio/1008_IWW_ANG_XX.wav,1008_IWW_ANG_XX.wav,1008,train,3,angry,3,angry,0.9943884015083313
/Users/prarthanapatel/Desktop/Himanshi/speech_emotion_detection-develop-v2/cremad_preprocessed/audio/1008_IWW_DIS_XX.wav,1008_IWW_DIS_XX.wav,1008,train,5,disgust,5,disgust,0.8353543281555176
/Users/prarthanapatel/Desktop/Himanshi/speech_emotion_detection-develop-v2/cremad_preprocessed/audio/1008_IWW_FEA_XX.wav,1008_IWW_FEA_XX.wav,1008,train,4,fearful,5,disgust,0.36447927355766296
/Users/prarthanapatel/Desktop/Himanshi/speech_emotion_detection-develop-v2/cremad_preprocessed/audio/1008_IWW_HAP_XX.wav,1008_IWW_HAP_XX.wav,1008,train,1,happy,1,happy,0.9733235836029053
/Users/prarthanapatel/Desktop/Himanshi/speech_emotion_detection-develop-v2/cremad_preprocessed/audio/1008_IWW_NEU_XX.wav,1008_IWW_NEU_XX.wav,1008,train,0,neutral,0,neutral,0.9281235337257385
/Users/prarthanapatel/Desktop/Himanshi/speech_emotion_detection-develop-v2/cremad_preprocessed/audio/1008_IWW_SAD_XX.wav,1008_IWW_SAD_XX.wav,1008,train,2,sad,5,disgust,0.812230110168457
/Users/prarthanapatel/Desktop/Himanshi/speech_emotion_detection-develop-v2/cremad_preprocessed/audio/1008_MTI_ANG_XX.wav,1008_MTI_ANG_XX.wav,1008,train,3,angry,3,angry,0.9926182627677917
/Users/prarthanapatel/Desktop/Himanshi/speech_emotion_detection-develop-v2/cremad_preprocessed/audio/1008_MTI_DIS_XX.wav,1008_MTI_DIS_XX.wav,1008,train,5,disgust,4,fearful,0.4126081168651581
/Users/prarthanapatel/Desktop/Himanshi/speech_emotion_detection-develop-v2/cremad_preprocessed/audio/1008_MTI_FEA_XX.wav,1008_MTI_FEA_XX.wav,1008,train,4,fearful,4,fearful,0.962648868560791
/Users/prarthanapatel/Desktop/Himanshi/speech_emotion_detection-develop-v2/cremad_preprocessed/audio/1008_MTI_HAP_XX.wav,1008_MTI_HAP_XX.wav,1008,train,1,happy,1,happy,0.9754697680473328
/Users/prarthanapatel/Desktop/Himanshi/speech_emotion_detection-develop-v2/cremad_preprocessed/audio/1008_MTI_NEU_XX.wav,1008_MTI_NEU_XX.wav,1008,train,0,neutral,0,neutral,0.9859885573387146
/Users/prarthanapatel/Desktop/Himanshi/speech_emotion_detection-develop-v2/cremad_preprocessed/audio/1008_MTI_SAD_XX.wav,1008_MTI_SAD_XX.wav,1008,train,2,sad,4,fearful,0.9543536305427551
/Users/prarthanapatel/Desktop/Himanshi/speech_emotion_detection-develop-v2/cremad_preprocessed/audio/1008_TAI_ANG_XX.wav,1008_TAI_ANG_XX.wav,1008,train,3,angry,3,angry,0.9937180280685425
/Users/prarthanapatel/Desktop/Himanshi/speech_emotion_detection-develop-v2/cremad_preprocessed/audio/1008_TAI_DIS_XX.wav,1008_TAI_DIS_XX.wav,1008,train,5,disgust,5,disgust,0.9559459090232849
/Users/prarthanapatel/Desktop/Himanshi/speech_emotion_detection-develop-v2/cremad_preprocessed/audio/1008_TAI_FEA_XX.wav,1008_TAI_FEA_XX.wav,1008,train,4,fearful,4,fearful,0.895301878452301
/Users/prarthanapatel/Desktop/Himanshi/speech_emotion_detection-develop-v2/cremad_preprocessed/audio/1008_TAI_HAP_XX.wav,1008_TAI_HAP_XX.wav,1008,train,1,happy,1,happy,0.9723095893859863
/Users/prarthanapatel/Desktop/Himanshi/speech_emotion_detection-develop-v2/cremad_preprocessed/audio/1008_TAI_NEU_XX.wav,1008_TAI_NEU_XX.wav,1008,train,0,neutral,0,neutral,0.9851424098014832
/Users/prarthanapatel/Desktop/Himanshi/speech_emotion_detection-develop-v2/cremad_preprocessed/audio/1008_TAI_SAD_XX.wav,1008_TAI_SAD_XX.wav,1008,train,2,sad,1,happy,0.3846372663974762
/Users/prarthanapatel/Desktop/Himanshi/speech_emotion_detection-develop-v2/cremad_preprocessed/audio/1008_TIE_ANG_XX.wav,1008_TIE_ANG_XX.wav,1008,train,3,angry,3,angry,0.9942249655723572
/Users/prarthanapatel/Desktop/Himanshi/speech_emotion_detection-develop-v2/cremad_preprocessed/audio/1008_TIE_DIS_XX.wav,1008_TIE_DIS_XX.wav,1008,train,5,disgust,5,disgust,0.8373482823371887
/Users/prarthanapatel/Desktop/Himanshi/speech_emotion_detection-develop-v2/cremad_preprocessed/audio/1008_TIE_FEA_XX.wav,1008_TIE_FEA_XX.wav,1008,train,4,fearful,3,angry,0.4479149281978607
/Users/prarthanapatel/Desktop/Himanshi/speech_emotion_detection-develop-v2/cremad_preprocessed/audio/1008_TIE_HAP_XX.wav,1008_TIE_HAP_XX.wav,1008,train,1,happy,1,happy,0.9779307842254639
/Users/prarthanapatel/Desktop/Himanshi/speech_emotion_detection-develop-v2/cremad_preprocessed/audio/1008_TIE_NEU_XX.wav,1008_TIE_NEU_XX.wav,1008,train,0,neutral,0,neutral,0.9888050556182861
/Users/prarthanapatel/Desktop/Himanshi/speech_emotion_detection-develop-v2/cremad_preprocessed/audio/1008_TIE_SAD_XX.wav,1008_TIE_SAD_XX.wav,1008,train,2,sad,1,happy,0.701045572757721
/Users/prarthanapatel/Desktop/Himanshi/speech_emotion_detection-develop-v2/cremad_preprocessed/audio/1008_TSI_ANG_XX.wav,1008_TSI_ANG_XX.wav,1008,train,3,angry,3,angry,0.9937361478805542
/Users/prarthanapatel/Desktop/Himanshi/speech_emotion_detection-develop-v2/cremad_preprocessed/audio/1008_TSI_DIS_XX.wav,1008_TSI_DIS_XX.wav,1008,train,5,disgust,1,happy,0.6236342191696167
/Users/prarthanapatel/Desktop/Himanshi/speech_emotion_detection-develop-v2/cremad_preprocessed/audio/1008_TSI_FEA_XX.wav,1008_TSI_FEA_XX.wav,1008,train,4,fearful,1,happy,0.5617021918296814
/Users/prarthanapatel/Desktop/Himanshi/speech_emotion_detection-develop-v2/cremad_preprocessed/audio/1008_TSI_HAP_XX.wav,1008_TSI_HAP_XX.wav,1008,train,1,happy,1,happy,0.9266411662101746
/Users/prarthanapatel/Desktop/Himanshi/speech_emotion_detection-develop-v2/cremad_preprocessed/audio/1008_TSI_NEU_XX.wav,1008_TSI_NEU_XX.wav,1008,train,0,neutral,0,neutral,0.9818614721298218
/Users/prarthanapatel/Desktop/Himanshi/speech_emotion_detection-develop-v2/cremad_preprocessed/audio/1008_TSI_SAD_XX.wav,1008_TSI_SAD_XX.wav,1008,train,2,sad,5,disgust,0.5017192363739014
/Users/prarthanapatel/Desktop/Himanshi/speech_emotion_detection-develop-v2/cremad_preprocessed/audio/1010_DFA_ANG_XX.wav,1010_DFA_ANG_XX.wav,1010,train,3,angry,3,angry,0.994526207447052
/Users/prarthanapatel/Desktop/Himanshi/speech_emotion_detection-develop-v2/cremad_preprocessed/audio/1010_DFA_DIS_XX.wav,1010_DFA_DIS_XX.wav,1010,train,5,disgust,2,sad,0.7314503788948059
/Users/prarthanapatel/Desktop/Himanshi/speech_emotion_detection-develop-v2/cremad_preprocessed/audio/1010_DFA_FEA_XX.wav,1010_DFA_FEA_XX.wav,1010,train,4,fearful,4,fearful,0.9644288420677185
/Users/prarthanapatel/Desktop/Himanshi/speech_emotion_detection-develop-v2/cremad_preprocessed/audio/1010_DFA_HAP_XX.wav,1010_DFA_HAP_XX.wav,1010,train,1,happy,1,happy,0.981029748916626
/Users/prarthanapatel/Desktop/Himanshi/speech_emotion_detection-develop-v2/cremad_preprocessed/audio/1010_DFA_NEU_XX.wav,1010_DFA_NEU_XX.wav,1010,train,0,neutral,0,neutral,0.9850299954414368
/Users/prarthanapatel/Desktop/Himanshi/speech_emotion_detection-develop-v2/cremad_preprocessed/audio/1010_DFA_SAD_XX.wav,1010_DFA_SAD_XX.wav,1010,train,2,sad,2,sad,0.8542263507843018
/Users/prarthanapatel/Desktop/Himanshi/speech_emotion_detection-develop-v2/cremad_preprocessed/audio/1010_IEO_ANG_HI.wav,1010_IEO_ANG_HI.wav,1010,train,3,angry,3,angry,0.9929432272911072
/Users/prarthanapatel/Desktop/Himanshi/speech_emotion_detection-develop-v2/cremad_preprocessed/audio/1010_IEO_ANG_LO.wav,1010_IEO_ANG_LO.wav,1010,train,3,angry,3,angry,0.9877139329910278
/Users/prarthanapatel/Desktop/Himanshi/speech_emotion_detection-develop-v2/cremad_preprocessed/audio/1010_IEO_ANG_MD.wav,1010_IEO_ANG_MD.wav,1010,train,3,angry,3,angry,0.9943118095397949
/Users/prarthanapatel/Desktop/Himanshi/speech_emotion_detection-develop-v2/cremad_preprocessed/audio/1010_IEO_DIS_HI.wav,1010_IEO_DIS_HI.wav,1010,train,5,disgust,3,angry,0.7108877897262573
/Users/prarthanapatel/Desktop/Himanshi/speech_emotion_detection-develop-v2/cremad_preprocessed/audio/1010_IEO_DIS_LO.wav,1010_IEO_DIS_LO.wav,1010,train,5,disgust,5,disgust,0.3674452006816864
/Users/prarthanapatel/Desktop/Himanshi/speech_emotion_detection-develop-v2/cremad_preprocessed/audio/1010_IEO_DIS_MD.wav,1010_IEO_DIS_MD.wav,1010,train,5,disgust,5,disgust,0.9701141119003296
/Users/prarthanapatel/Desktop/Himanshi/speech_emotion_detection-develop-v2/cremad_preprocessed/audio/1010_IEO_FEA_HI.wav,1010_IEO_FEA_HI.wav,1010,train,4,fearful,4,fearful,0.8931311368942261
/Users/prarthanapatel/Desktop/Himanshi/speech_emotion_detection-develop-v2/cremad_preprocessed/audio/1010_IEO_FEA_LO.wav,1010_IEO_FEA_LO.wav,1010,train,4,fearful,4,fearful,0.5630163550376892
/Users/prarthanapatel/Desktop/Himanshi/speech_emotion_detection-develop-v2/cremad_preprocessed/audio/1010_IEO_FEA_MD.wav,1010_IEO_FEA_MD.wav,1010,train,4,fearful,4,fearful,0.8079285025596619
/Users/prarthanapatel/Desktop/Himanshi/speech_emotion_detection-develop-v2/cremad_preprocessed/audio/1010_IEO_HAP_HI.wav,1010_IEO_HAP_HI.wav,1010,train,1,happy,1,happy,0.9024589657783508
/Users/prarthanapatel/Desktop/Himanshi/speech_emotion_detection-develop-v2/cremad_preprocessed/audio/1010_IEO_HAP_LO.wav,1010_IEO_HAP_LO.wav,1010,train,1,happy,4,fearful,0.910480260848999
/Users/prarthanapatel/Desktop/Himanshi/speech_emotion_detection-develop-v2/cremad_preprocessed/audio/1010_IEO_HAP_MD.wav,1010_IEO_HAP_MD.wav,1010,train,1,happy,1,happy,0.9392967820167542
/Users/prarthanapatel/Desktop/Himanshi/speech_emotion_detection-develop-v2/cremad_preprocessed/audio/1010_IEO_NEU_XX.wav,1010_IEO_NEU_XX.wav,1010,train,0,neutral,0,neutral,0.953833818435669
/Users/prarthanapatel/Desktop/Himanshi/speech_emotion_detection-develop-v2/cremad_preprocessed/audio/1010_IEO_SAD_HI.wav,1010_IEO_SAD_HI.wav,1010,train,2,sad,4,fearful,0.38513660430908203
/Users/prarthanapatel/Desktop/Himanshi/speech_emotion_detection-develop-v2/cremad_preprocessed/audio/1010_IEO_SAD_LO.wav,1010_IEO_SAD_LO.wav,1010,train,2,sad,4,fearful,0.7434559464454651
/Users/prarthanapatel/Desktop/Himanshi/speech_emotion_detection-develop-v2/cremad_preprocessed/audio/1010_IEO_SAD_MD.wav,1010_IEO_SAD_MD.wav,1010,train,2,sad,2,sad,0.604573667049408
/Users/prarthanapatel/Desktop/Himanshi/speech_emotion_detection-develop-v2/cremad_preprocessed/audio/1010_IOM_ANG_XX.wav,1010_IOM_ANG_XX.wav,1010,train,3,angry,3,angry,0.9941576719284058
/Users/prarthanapatel/Desktop/Himanshi/speech_emotion_detection-develop-v2/cremad_preprocessed/audio/1010_IOM_DIS_XX.wav,1010_IOM_DIS_XX.wav,1010,train,5,disgust,5,disgust,0.7891982793807983
/Users/prarthanapatel/Desktop/Himanshi/speech_emotion_detection-develop-v2/cremad_preprocessed/audio/1010_IOM_FEA_XX.wav,1010_IOM_FEA_XX.wav,1010,train,4,fearful,4,fearful,0.9497018456459045
/Users/prarthanapatel/Desktop/Himanshi/speech_emotion_detection-develop-v2/cremad_preprocessed/audio/1010_IOM_HAP_XX.wav,1010_IOM_HAP_XX.wav,1010,train,1,happy,1,happy,0.9724457859992981
/Users/prarthanapatel/Desktop/Himanshi/speech_emotion_detection-develop-v2/cremad_preprocessed/audio/1010_IOM_NEU_XX.wav,1010_IOM_NEU_XX.wav,1010,train,0,neutral,0,neutral,0.9793019890785217
/Users/prarthanapatel/Desktop/Himanshi/speech_emotion_detection-develop-v2/cremad_preprocessed/audio/1010_IOM_SAD_XX.wav,1010_IOM_SAD_XX.wav,1010,train,2,sad,2,sad,0.5050081014633179
/Users/prarthanapatel/Desktop/Himanshi/speech_emotion_detection-develop-v2/cremad_preprocessed/audio/1010_ITH_ANG_XX.wav,1010_ITH_ANG_XX.wav,1010,train,3,angry,3,angry,0.994795024394989
/Users/prarthanapatel/Desktop/Himanshi/speech_emotion_detection-develop-v2/cremad_preprocessed/audio/1010_ITH_DIS_XX.wav,1010_ITH_DIS_XX.wav,1010,train,5,disgust,5,disgust,0.7824387550354004
/Users/prarthanapatel/Desktop/Himanshi/speech_emotion_detection-develop-v2/cremad_preprocessed/audio/1010_ITH_FEA_XX.wav,1010_ITH_FEA_XX.wav,1010,train,4,fearful,4,fearful,0.5129998326301575
/Users/prarthanapatel/Desktop/Himanshi/speech_emotion_detection-develop-v2/cremad_preprocessed/audio/1010_ITH_HAP_XX.wav,1010_ITH_HAP_XX.wav,1010,train,1,happy,1,happy,0.9359013438224792
/Users/prarthanapatel/Desktop/Himanshi/speech_emotion_detection-develop-v2/cremad_preprocessed/audio/1010_ITH_NEU_XX.wav,1010_ITH_NEU_XX.wav,1010,train,0,neutral,0,neutral,0.9849981665611267
/Users/prarthanapatel/Desktop/Himanshi/speech_emotion_detection-develop-v2/cremad_preprocessed/audio/1010_ITH_SAD_XX.wav,1010_ITH_SAD_XX.wav,1010,train,2,sad,4,fearful,0.8354781866073608
/Users/prarthanapatel/Desktop/Himanshi/speech_emotion_detection-develop-v2/cremad_preprocessed/audio/1010_ITS_ANG_XX.wav,1010_ITS_ANG_XX.wav,1010,train,3,angry,3,angry,0.9944836497306824
/Users/prarthanapatel/Desktop/Himanshi/speech_emotion_detection-develop-v2/cremad_preprocessed/audio/1010_ITS_DIS_XX.wav,1010_ITS_DIS_XX.wav,1010,train,5,disgust,3,angry,0.8528187870979309
/Users/prarthanapatel/Desktop/Himanshi/speech_emotion_detection-develop-v2/cremad_preprocessed/audio/1010_ITS_FEA_XX.wav,1010_ITS_FEA_XX.wav,1010,train,4,fearful,4,fearful,0.942712128162384
/Users/prarthanapatel/Desktop/Himanshi/speech_emotion_detection-develop-v2/cremad_preprocessed/audio/1010_ITS_HAP_XX.wav,1010_ITS_HAP_XX.wav,1010,train,1,happy,1,happy,0.9782108664512634
/Users/prarthanapatel/Desktop/Himanshi/speech_emotion_detection-develop-v2/cremad_preprocessed/audio/1010_ITS_NEU_XX.wav,1010_ITS_NEU_XX.wav,1010,train,0,neutral,0,neutral,0.727176308631897
/Users/prarthanapatel/Desktop/Himanshi/speech_emotion_detection-develop-v2/cremad_preprocessed/audio/1010_ITS_SAD_XX.wav,1010_ITS_SAD_XX.wav,1010,train,2,sad,4,fearful,0.7194119095802307
/Users/prarthanapatel/Desktop/Himanshi/speech_emotion_detection-develop-v2/cremad_preprocessed/audio/1010_IWL_ANG_XX.wav,1010_IWL_ANG_XX.wav,1010,train,3,angry,3,angry,0.9946231842041016
/Users/prarthanapatel/Desktop/Himanshi/speech_emotion_detection-develop-v2/cremad_preprocessed/audio/1010_IWL_DIS_XX.wav,1010_IWL_DIS_XX.wav,1010,train,5,disgust,2,sad,0.4308398962020874
/Users/prarthanapatel/Desktop/Himanshi/speech_emotion_detection-develop-v2/cremad_preprocessed/audio/1010_IWL_FEA_XX.wav,1010_IWL_FEA_XX.wav,1010,train,4,fearful,4,fearful,0.9322553277015686
/Users/prarthanapatel/Desktop/Himanshi/speech_emotion_detection-develop-v2/cremad_preprocessed/audio/1010_IWL_HAP_XX.wav,1010_IWL_HAP_XX.wav,1010,train,1,happy,1,happy,0.9744898080825806
/Users/prarthanapatel/Desktop/Himanshi/speech_emotion_detection-develop-v2/cremad_preprocessed/audio/1010_IWL_NEU_XX.wav,1010_IWL_NEU_XX.wav,1010,train,0,neutral,0,neutral,0.9675677418708801
/Users/prarthanapatel/Desktop/Himanshi/speech_emotion_detection-develop-v2/cremad_preprocessed/audio/1010_IWL_SAD_XX.wav,1010_IWL_SAD_XX.wav,1010,train,2,sad,2,sad,0.7231394648551941
/Users/prarthanapatel/Desktop/Himanshi/speech_emotion_detection-develop-v2/cremad_preprocessed/audio/1010_IWW_ANG_XX.wav,1010_IWW_ANG_XX.wav,1010,train,3,angry,3,angry,0.9940903782844543
/Users/prarthanapatel/Desktop/Himanshi/speech_emotion_detection-develop-v2/cremad_preprocessed/audio/1010_IWW_DIS_XX.wav,1010_IWW_DIS_XX.wav,1010,train,5,disgust,5,disgust,0.5770076513290405
/Users/prarthanapatel/Desktop/Himanshi/speech_emotion_detection-develop-v2/cremad_preprocessed/audio/1010_IWW_FEA_XX.wav,1010_IWW_FEA_XX.wav,1010,train,4,fearful,4,fearful,0.9438959360122681
/Users/prarthanapatel/Desktop/Himanshi/speech_emotion_detection-develop-v2/cremad_preprocessed/audio/1010_IWW_HAP_XX.wav,1010_IWW_HAP_XX.wav,1010,train,1,happy,1,happy,0.8427290916442871
/Users/prarthanapatel/Desktop/Himanshi/speech_emotion_detection-develop-v2/cremad_preprocessed/audio/1010_IWW_NEU_XX.wav,1010_IWW_NEU_XX.wav,1010,train,0,neutral,0,neutral,0.9778479933738708
/Users/prarthanapatel/Desktop/Himanshi/speech_emotion_detection-develop-v2/cremad_preprocessed/audio/1010_IWW_SAD_XX.wav,1010_IWW_SAD_XX.wav,1010,train,2,sad,2,sad,0.6542838215827942
/Users/prarthanapatel/Desktop/Himanshi/speech_emotion_detection-develop-v2/cremad_preprocessed/audio/1010_MTI_ANG_XX.wav,1010_MTI_ANG_XX.wav,1010,train,3,angry,3,angry,0.9931199550628662
/Users/prarthanapatel/Desktop/Himanshi/speech_emotion_detection-develop-v2/cremad_preprocessed/audio/1010_MTI_DIS_XX.wav,1010_MTI_DIS_XX.wav,1010,train,5,disgust,4,fearful,0.4157908856868744
/Users/prarthanapatel/Desktop/Himanshi/speech_emotion_detection-develop-v2/cremad_preprocessed/audio/1010_MTI_FEA_XX.wav,1010_MTI_FEA_XX.wav,1010,train,4,fearful,4,fearful,0.9614651203155518
/Users/prarthanapatel/Desktop/Himanshi/speech_emotion_detection-develop-v2/cremad_preprocessed/audio/1010_MTI_HAP_XX.wav,1010_MTI_HAP_XX.wav,1010,train,1,happy,1,happy,0.9528458118438721
/Users/prarthanapatel/Desktop/Himanshi/speech_emotion_detection-develop-v2/cremad_preprocessed/audio/1010_MTI_NEU_XX.wav,1010_MTI_NEU_XX.wav,1010,train,0,neutral,0,neutral,0.8415314555168152
/Users/prarthanapatel/Desktop/Himanshi/speech_emotion_detection-develop-v2/cremad_preprocessed/audio/1010_MTI_SAD_XX.wav,1010_MTI_SAD_XX.wav,1010,train,2,sad,2,sad,0.7476833462715149
/Users/prarthanapatel/Desktop/Himanshi/speech_emotion_detection-develop-v2/cremad_preprocessed/audio/1010_TAI_ANG_XX.wav,1010_TAI_ANG_XX.wav,1010,train,3,angry,3,angry,0.9940041899681091
/Users/prarthanapatel/Desktop/Himanshi/speech_emotion_detection-develop-v2/cremad_preprocessed/audio/1010_TAI_DIS_XX.wav,1010_TAI_DIS_XX.wav,1010,train,5,disgust,5,disgust,0.39103373885154724
/Users/prarthanapatel/Desktop/Himanshi/speech_emotion_detection-develop-v2/cremad_preprocessed/audio/1010_TAI_FEA_XX.wav,1010_TAI_FEA_XX.wav,1010,train,4,fearful,4,fearful,0.933708906173706
/Users/prarthanapatel/Desktop/Himanshi/speech_emotion_detection-develop-v2/cremad_preprocessed/audio/1010_TAI_HAP_XX.wav,1010_TAI_HAP_XX.wav,1010,train,1,happy,1,happy,0.74051433801651
/Users/prarthanapatel/Desktop/Himanshi/speech_emotion_detection-develop-v2/cremad_preprocessed/audio/1010_TAI_NEU_XX.wav,1010_TAI_NEU_XX.wav,1010,train,0,neutral,0,neutral,0.9830849766731262
/Users/prarthanapatel/Desktop/Himanshi/speech_emotion_detection-develop-v2/cremad_preprocessed/audio/1010_TAI_SAD_XX.wav,1010_TAI_SAD_XX.wav,1010,train,2,sad,0,neutral,0.8844785094261169
/Users/prarthanapatel/Desktop/Himanshi/speech_emotion_detection-develop-v2/cremad_preprocessed/audio/1010_TIE_ANG_XX.wav,1010_TIE_ANG_XX.wav,1010,train,3,angry,3,angry,0.9944591522216797
/Users/prarthanapatel/Desktop/Himanshi/speech_emotion_detection-develop-v2/cremad_preprocessed/audio/1010_TIE_DIS_XX.wav,1010_TIE_DIS_XX.wav,1010,train,5,disgust,1,happy,0.880828857421875
/Users/prarthanapatel/Desktop/Himanshi/speech_emotion_detection-develop-v2/cremad_preprocessed/audio/1010_TIE_FEA_XX.wav,1010_TIE_FEA_XX.wav,1010,train,4,fearful,4,fearful,0.8627046346664429
/Users/prarthanapatel/Desktop/Himanshi/speech_emotion_detection-develop-v2/cremad_preprocessed/audio/1010_TIE_HAP_XX.wav,1010_TIE_HAP_XX.wav,1010,train,1,happy,1,happy,0.9269590973854065
/Users/prarthanapatel/Desktop/Himanshi/speech_emotion_detection-develop-v2/cremad_preprocessed/audio/1010_TIE_NEU_XX.wav,1010_TIE_NEU_XX.wav,1010,train,0,neutral,0,neutral,0.7505214810371399
/Users/prarthanapatel/Desktop/Himanshi/speech_emotion_detection-develop-v2/cremad_preprocessed/audio/1010_TIE_SAD_XX.wav,1010_TIE_SAD_XX.wav,1010,train,2,sad,2,sad,0.9069582223892212
/Users/prarthanapatel/Desktop/Himanshi/speech_emotion_detection-develop-v2/cremad_preprocessed/audio/1010_TSI_ANG_XX.wav,1010_TSI_ANG_XX.wav,1010,train,3,angry,3,angry,0.9948029518127441
/Users/prarthanapatel/Desktop/Himanshi/speech_emotion_detection-develop-v2/cremad_preprocessed/audio/1010_TSI_DIS_XX.wav,1010_TSI_DIS_XX.wav,1010,train,5,disgust,5,disgust,0.6781849265098572
/Users/prarthanapatel/Desktop/Himanshi/speech_emotion_detection-develop-v2/cremad_preprocessed/audio/1010_TSI_FEA_XX.wav,1010_TSI_FEA_XX.wav,1010,train,4,fearful,1,happy,0.6597083210945129
/Users/prarthanapatel/Desktop/Himanshi/speech_emotion_detection-develop-v2/cremad_preprocessed/audio/1010_TSI_HAP_XX.wav,1010_TSI_HAP_XX.wav,1010,train,1,happy,1,happy,0.9066586494445801
/Users/prarthanapatel/Desktop/Himanshi/speech_emotion_detection-develop-v2/cremad_preprocessed/audio/1010_TSI_NEU_XX.wav,1010_TSI_NEU_XX.wav,1010,train,0,neutral,0,neutral,0.986158549785614
/Users/prarthanapatel/Desktop/Himanshi/speech_emotion_detection-develop-v2/cremad_preprocessed/audio/1010_TSI_SAD_XX.wav,1010_TSI_SAD_XX.wav,1010,train,2,sad,2,sad,0.7668786644935608
/Users/prarthanapatel/Desktop/Himanshi/speech_emotion_detection-develop-v2/cremad_preprocessed/audio/1010_WSI_ANG_XX.wav,1010_WSI_ANG_XX.wav,1010,train,3,angry,3,angry,0.9948061108589172
/Users/prarthanapatel/Desktop/Himanshi/speech_emotion_detection-develop-v2/cremad_preprocessed/audio/1010_WSI_DIS_XX.wav,1010_WSI_DIS_XX.wav,1010,train,5,disgust,2,sad,0.6687734723091125
/Users/prarthanapatel/Desktop/Himanshi/speech_emotion_detection-develop-v2/cremad_preprocessed/audio/1010_WSI_FEA_XX.wav,1010_WSI_FEA_XX.wav,1010,train,4,fearful,4,fearful,0.9638166427612305
/Users/prarthanapatel/Desktop/Himanshi/speech_emotion_detection-develop-v2/cremad_preprocessed/audio/1010_WSI_HAP_XX.wav,1010_WSI_HAP_XX.wav,1010,train,1,happy,1,happy,0.9408858418464661
/Users/prarthanapatel/Desktop/Himanshi/speech_emotion_detection-develop-v2/cremad_preprocessed/audio/1010_WSI_NEU_XX.wav,1010_WSI_NEU_XX.wav,1010,train,0,neutral,0,neutral,0.9888116121292114
/Users/prarthanapatel/Desktop/Himanshi/speech_emotion_detection-develop-v2/cremad_preprocessed/audio/1010_WSI_SAD_XX.wav,1010_WSI_SAD_XX.wav,1010,train,2,sad,2,sad,0.6197990775108337
/Users/prarthanapatel/Desktop/Himanshi/speech_emotion_detection-develop-v2/cremad_preprocessed/audio/1011_DFA_ANG_XX.wav,1011_DFA_ANG_XX.wav,1011,train,3,angry,3,angry,0.9948680400848389
/Users/prarthanapatel/Desktop/Himanshi/speech_emotion_detection-develop-v2/cremad_preprocessed/audio/1011_DFA_DIS_XX.wav,1011_DFA_DIS_XX.wav,1011,train,5,disgust,2,sad,0.7196784615516663
/Users/prarthanapatel/Desktop/Himanshi/speech_emotion_detection-develop-v2/cremad_preprocessed/audio/1011_DFA_FEA_XX.wav,1011_DFA_FEA_XX.wav,1011,train,4,fearful,4,fearful,0.9393455982208252
/Users/prarthanapatel/Desktop/Himanshi/speech_emotion_detection-develop-v2/cremad_preprocessed/audio/1011_DFA_HAP_XX.wav,1011_DFA_HAP_XX.wav,1011,train,1,happy,1,happy,0.9615674018859863
/Users/prarthanapatel/Desktop/Himanshi/speech_emotion_detection-develop-v2/cremad_preprocessed/audio/1011_DFA_NEU_XX.wav,1011_DFA_NEU_XX.wav,1011,train,0,neutral,0,neutral,0.9777045249938965
/Users/prarthanapatel/Desktop/Himanshi/speech_emotion_detection-develop-v2/cremad_preprocessed/audio/1011_DFA_SAD_XX.wav,1011_DFA_SAD_XX.wav,1011,train,2,sad,2,sad,0.9420351386070251
/Users/prarthanapatel/Desktop/Himanshi/speech_emotion_detection-develop-v2/cremad_preprocessed/audio/1011_IEO_ANG_HI.wav,1011_IEO_ANG_HI.wav,1011,train,3,angry,3,angry,0.9944522976875305
/Users/prarthanapatel/Desktop/Himanshi/speech_emotion_detection-develop-v2/cremad_preprocessed/audio/1011_IEO_ANG_LO.wav,1011_IEO_ANG_LO.wav,1011,train,3,angry,3,angry,0.9901992082595825
/Users/prarthanapatel/Desktop/Himanshi/speech_emotion_detection-develop-v2/cremad_preprocessed/audio/1011_IEO_ANG_MD.wav,1011_IEO_ANG_MD.wav,1011,train,3,angry,3,angry,0.9945639371871948
/Users/prarthanapatel/Desktop/Himanshi/speech_emotion_detection-develop-v2/cremad_preprocessed/audio/1011_IEO_DIS_HI.wav,1011_IEO_DIS_HI.wav,1011,train,5,disgust,5,disgust,0.9565693140029907
/Users/prarthanapatel/Desktop/Himanshi/speech_emotion_detection-develop-v2/cremad_preprocessed/audio/1011_IEO_DIS_LO.wav,1011_IEO_DIS_LO.wav,1011,train,5,disgust,5,disgust,0.8833854794502258
/Users/prarthanapatel/Desktop/Himanshi/speech_emotion_detection-develop-v2/cremad_preprocessed/audio/1011_IEO_DIS_MD.wav,1011_IEO_DIS_MD.wav,1011,train,5,disgust,5,disgust,0.9626669883728027
/Users/prarthanapatel/Desktop/Himanshi/speech_emotion_detection-develop-v2/cremad_preprocessed/audio/1011_IEO_FEA_HI.wav,1011_IEO_FEA_HI.wav,1011,train,4,fearful,4,fearful,0.94987553358078
/Users/prarthanapatel/Desktop/Himanshi/speech_emotion_detection-develop-v2/cremad_preprocessed/audio/1011_IEO_FEA_LO.wav,1011_IEO_FEA_LO.wav,1011,train,4,fearful,4,fearful,0.5902823805809021
/Users/prarthanapatel/Desktop/Himanshi/speech_emotion_detection-develop-v2/cremad_preprocessed/audio/1011_IEO_FEA_MD.wav,1011_IEO_FEA_MD.wav,1011,train,4,fearful,2,sad,0.6204994320869446
/Users/prarthanapatel/Desktop/Himanshi/speech_emotion_detection-develop-v2/cremad_preprocessed/audio/1011_IEO_HAP_HI.wav,1011_IEO_HAP_HI.wav,1011,train,1,happy,1,happy,0.9673327207565308
/Users/prarthanapatel/Desktop/Himanshi/speech_emotion_detection-develop-v2/cremad_preprocessed/audio/1011_IEO_HAP_LO.wav,1011_IEO_HAP_LO.wav,1011,train,1,happy,1,happy,0.9744205474853516
/Users/prarthanapatel/Desktop/Himanshi/speech_emotion_detection-develop-v2/cremad_preprocessed/audio/1011_IEO_HAP_MD.wav,1011_IEO_HAP_MD.wav,1011,train,1,happy,1,happy,0.9681861996650696
/Users/prarthanapatel/Desktop/Himanshi/speech_emotion_detection-develop-v2/cremad_preprocessed/audio/1011_IEO_NEU_XX.wav,1011_IEO_NEU_XX.wav,1011,train,0,neutral,1,happy,0.7894784212112427
/Users/prarthanapatel/Desktop/Himanshi/speech_emotion_detection-develop-v2/cremad_preprocessed/audio/1011_IEO_SAD_HI.wav,1011_IEO_SAD_HI.wav,1011,train,2,sad,3,angry,0.8960672616958618
/Users/prarthanapatel/Desktop/Himanshi/speech_emotion_detection-develop-v2/cremad_preprocessed/audio/1011_IEO_SAD_LO.wav,1011_IEO_SAD_LO.wav,1011,train,2,sad,5,disgust,0.8458800911903381
/Users/prarthanapatel/Desktop/Himanshi/speech_emotion_detection-develop-v2/cremad_preprocessed/audio/1011_IEO_SAD_MD.wav,1011_IEO_SAD_MD.wav,1011,train,2,sad,4,fearful,0.6626165509223938
/Users/prarthanapatel/Desktop/Himanshi/speech_emotion_detection-develop-v2/cremad_preprocessed/audio/1011_IOM_ANG_XX.wav,1011_IOM_ANG_XX.wav,1011,train,3,angry,3,angry,0.9935884475708008
/Users/prarthanapatel/Desktop/Himanshi/speech_emotion_detection-develop-v2/cremad_preprocessed/audio/1011_IOM_DIS_XX.wav,1011_IOM_DIS_XX.wav,1011,train,5,disgust,0,neutral,0.7737931609153748
/Users/prarthanapatel/Desktop/Himanshi/speech_emotion_detection-develop-v2/cremad_preprocessed/audio/1011_IOM_FEA_XX.wav,1011_IOM_FEA_XX.wav,1011,train,4,fearful,4,fearful,0.8045904040336609
/Users/prarthanapatel/Desktop/Himanshi/speech_emotion_detection-develop-v2/cremad_preprocessed/audio/1011_IOM_HAP_XX.wav,1011_IOM_HAP_XX.wav,1011,train,1,happy,1,happy,0.9620990753173828
/Users/prarthanapatel/Desktop/Himanshi/speech_emotion_detection-develop-v2/cremad_preprocessed/audio/1011_IOM_NEU_XX.wav,1011_IOM_NEU_XX.wav,1011,train,0,neutral,0,neutral,0.9852171540260315
/Users/prarthanapatel/Desktop/Himanshi/speech_emotion_detection-develop-v2/cremad_preprocessed/audio/1011_IOM_SAD_XX.wav,1011_IOM_SAD_XX.wav,1011,train,2,sad,2,sad,0.8779482245445251
/Users/prarthanapatel/Desktop/Himanshi/speech_emotion_detection-develop-v2/cremad_preprocessed/audio/1011_ITH_ANG_XX.wav,1011_ITH_ANG_XX.wav,1011,train,3,angry,3,angry,0.9942710399627686
/Users/prarthanapatel/Desktop/Himanshi/speech_emotion_detection-develop-v2/cremad_preprocessed/audio/1011_ITH_DIS_XX.wav,1011_ITH_DIS_XX.wav,1011,train,5,disgust,2,sad,0.4693145453929901
/Users/prarthanapatel/Desktop/Himanshi/speech_emotion_detection-develop-v2/cremad_preprocessed/audio/1011_ITH_FEA_XX.wav,1011_ITH_FEA_XX.wav,1011,train,4,fearful,4,fearful,0.9614127278327942
/Users/prarthanapatel/Desktop/Himanshi/speech_emotion_detection-develop-v2/cremad_preprocessed/audio/1011_ITH_HAP_XX.wav,1011_ITH_HAP_XX.wav,1011,train,1,happy,1,happy,0.810560405254364
/Users/prarthanapatel/Desktop/Himanshi/speech_emotion_detection-develop-v2/cremad_preprocessed/audio/1011_ITH_NEU_XX.wav,1011_ITH_NEU_XX.wav,1011,train,0,neutral,0,neutral,0.9814286231994629
/Users/prarthanapatel/Desktop/Himanshi/speech_emotion_detection-develop-v2/cremad_preprocessed/audio/1011_ITH_SAD_XX.wav,1011_ITH_SAD_XX.wav,1011,train,2,sad,2,sad,0.8641496896743774
/Users/prarthanapatel/Desktop/Himanshi/speech_emotion_detection-develop-v2/cremad_preprocessed/audio/1011_ITS_ANG_XX.wav,1011_ITS_ANG_XX.wav,1011,train,3,angry,3,angry,0.9944378137588501
/Users/prarthanapatel/Desktop/Himanshi/speech_emotion_detection-develop-v2/cremad_preprocessed/audio/1011_ITS_DIS_XX.wav,1011_ITS_DIS_XX.wav,1011,train,5,disgust,5,disgust,0.488545298576355
/Users/prarthanapatel/Desktop/Himanshi/speech_emotion_detection-develop-v2/cremad_preprocessed/audio/1011_ITS_FEA_XX.wav,1011_ITS_FEA_XX.wav,1011,train,4,fearful,4,fearful,0.9404494762420654
/Users/prarthanapatel/Desktop/Himanshi/speech_emotion_detection-develop-v2/cremad_preprocessed/audio/1011_ITS_HAP_XX.wav,1011_ITS_HAP_XX.wav,1011,train,1,happy,0,neutral,0.7073943018913269
/Users/prarthanapatel/Desktop/Himanshi/speech_emotion_detection-develop-v2/cremad_preprocessed/audio/1011_ITS_NEU_XX.wav,1011_ITS_NEU_XX.wav,1011,train,0,neutral,0,neutral,0.9879051446914673
/Users/prarthanapatel/Desktop/Himanshi/speech_emotion_detection-develop-v2/cremad_preprocessed/audio/1011_ITS_SAD_XX.wav,1011_ITS_SAD_XX.wav,1011,train,2,sad,2,sad,0.9419685006141663
/Users/prarthanapatel/Desktop/Himanshi/speech_emotion_detection-develop-v2/cremad_preprocessed/audio/1011_IWL_ANG_XX.wav,1011_IWL_ANG_XX.wav,1011,train,3,angry,3,angry,0.9945722222328186
/Users/prarthanapatel/Desktop/Himanshi/speech_emotion_detection-develop-v2/cremad_preprocessed/audio/1011_IWL_DIS_XX.wav,1011_IWL_DIS_XX.wav,1011,train,5,disgust,5,disgust,0.8441598415374756
/Users/prarthanapatel/Desktop/Himanshi/speech_emotion_detection-develop-v2/cremad_preprocessed/audio/1011_IWL_FEA_XX.wav,1011_IWL_FEA_XX.wav,1011,train,4,fearful,4,fearful,0.9604791402816772
/Users/prarthanapatel/Desktop/Himanshi/speech_emotion_detection-develop-v2/cremad_preprocessed/audio/1011_IWL_HAP_XX.wav,1011_IWL_HAP_XX.wav,1011,train,1,happy,1,happy,0.9022493958473206
/Users/prarthanapatel/Desktop/Himanshi/speech_emotion_detection-develop-v2/cremad_preprocessed/audio/1011_IWL_NEU_XX.wav,1011_IWL_NEU_XX.wav,1011,train,0,neutral,0,neutral,0.9868991374969482
/Users/prarthanapatel/Desktop/Himanshi/speech_emotion_detection-develop-v2/cremad_preprocessed/audio/1011_IWL_SAD_XX.wav,1011_IWL_SAD_XX.wav,1011,train,2,sad,2,sad,0.9033523201942444
/Users/prarthanapatel/Desktop/Himanshi/speech_emotion_detection-develop-v2/cremad_preprocessed/audio/1011_IWW_ANG_XX.wav,1011_IWW_ANG_XX.wav,1011,train,3,angry,3,angry,0.9928079843521118
/Users/prarthanapatel/Desktop/Himanshi/speech_emotion_detection-develop-v2/cremad_preprocessed/audio/1011_IWW_DIS_XX.wav,1011_IWW_DIS_XX.wav,1011,train,5,disgust,3,angry,0.9557204842567444
/Users/prarthanapatel/Desktop/Himanshi/speech_emotion_detection-develop-v2/cremad_preprocessed/audio/1011_IWW_FEA_XX.wav,1011_IWW_FEA_XX.wav,1011,train,4,fearful,4,fearful,0.8728624582290649
/Users/prarthanapatel/Desktop/Himanshi/speech_emotion_detection-develop-v2/cremad_preprocessed/audio/1011_IWW_HAP_XX.wav,1011_IWW_HAP_XX.wav,1011,train,1,happy,1,happy,0.9044430255889893
/Users/prarthanapatel/Desktop/Himanshi/speech_emotion_detection-develop-v2/cremad_preprocessed/audio/1011_IWW_NEU_XX.wav,1011_IWW_NEU_XX.wav,1011,train,0,neutral,0,neutral,0.9858468174934387
/Users/prarthanapatel/Desktop/Himanshi/speech_emotion_detection-develop-v2/cremad_preprocessed/audio/1011_IWW_SAD_XX.wav,1011_IWW_SAD_XX.wav,1011,train,2,sad,2,sad,0.9167160987854004
/Users/prarthanapatel/Desktop/Himanshi/speech_emotion_detection-develop-v2/cremad_preprocessed/audio/1011_MTI_ANG_XX.wav,1011_MTI_ANG_XX.wav,1011,train,3,angry,3,angry,0.9948156476020813
/Users/prarthanapatel/Desktop/Himanshi/speech_emotion_detection-develop-v2/cremad_preprocessed/audio/1011_MTI_DIS_XX.wav,1011_MTI_DIS_XX.wav,1011,train,5,disgust,2,sad,0.6409878134727478
/Users/prarthanapatel/Desktop/Himanshi/speech_emotion_detection-develop-v2/cremad_preprocessed/audio/1011_MTI_FEA_XX.wav,1011_MTI_FEA_XX.wav,1011,train,4,fearful,4,fearful,0.7314285039901733
/Users/prarthanapatel/Desktop/Himanshi/speech_emotion_detection-develop-v2/cremad_preprocessed/audio/1011_MTI_HAP_XX.wav,1011_MTI_HAP_XX.wav,1011,train,1,happy,1,happy,0.7451030611991882
/Users/prarthanapatel/Desktop/Himanshi/speech_emotion_detection-develop-v2/cremad_preprocessed/audio/1011_MTI_NEU_XX.wav,1011_MTI_NEU_XX.wav,1011,train,0,neutral,0,neutral,0.9807893633842468
/Users/prarthanapatel/Desktop/Himanshi/speech_emotion_detection-develop-v2/cremad_preprocessed/audio/1011_MTI_SAD_XX.wav,1011_MTI_SAD_XX.wav,1011,train,2,sad,2,sad,0.8639644384384155
/Users/prarthanapatel/Desktop/Himanshi/speech_emotion_detection-develop-v2/cremad_preprocessed/audio/1011_TAI_ANG_XX.wav,1011_TAI_ANG_XX.wav,1011,train,3,angry,3,angry,0.9945038557052612
/Users/prarthanapatel/Desktop/Himanshi/speech_emotion_detection-develop-v2/cremad_preprocessed/audio/1011_TAI_DIS_XX.wav,1011_TAI_DIS_XX.wav,1011,train,5,disgust,4,fearful,0.7279922366142273
/Users/prarthanapatel/Desktop/Himanshi/speech_emotion_detection-develop-v2/cremad_preprocessed/audio/1011_TAI_FEA_XX.wav,1011_TAI_FEA_XX.wav,1011,train,4,fearful,4,fearful,0.9537200927734375
/Users/prarthanapatel/Desktop/Himanshi/speech_emotion_detection-develop-v2/cremad_preprocessed/audio/1011_TAI_HAP_XX.wav,1011_TAI_HAP_XX.wav,1011,train,1,happy,1,happy,0.778246283531189
/Users/prarthanapatel/Desktop/Himanshi/speech_emotion_detection-develop-v2/cremad_preprocessed/audio/1011_TAI_NEU_XX.wav,1011_TAI_NEU_XX.wav,1011,train,0,neutral,0,neutral,0.987718939781189
/Users/prarthanapatel/Desktop/Himanshi/speech_emotion_detection-develop-v2/cremad_preprocessed/audio/1011_TAI_SAD_XX.wav,1011_TAI_SAD_XX.wav,1011,train,2,sad,4,fearful,0.5472376346588135
/Users/prarthanapatel/Desktop/Himanshi/speech_emotion_detection-develop-v2/cremad_preprocessed/audio/1011_TIE_ANG_XX.wav,1011_TIE_ANG_XX.wav,1011,train,3,angry,3,angry,0.9905120730400085
/Users/prarthanapatel/Desktop/Himanshi/speech_emotion_detection-develop-v2/cremad_preprocessed/audio/1011_TIE_DIS_XX.wav,1011_TIE_DIS_XX.wav,1011,train,5,disgust,1,happy,0.8326923251152039
/Users/prarthanapatel/Desktop/Himanshi/speech_emotion_detection-develop-v2/cremad_preprocessed/audio/1011_TIE_FEA_XX.wav,1011_TIE_FEA_XX.wav,1011,train,4,fearful,4,fearful,0.8124738931655884
/Users/prarthanapatel/Desktop/Himanshi/speech_emotion_detection-develop-v2/cremad_preprocessed/audio/1011_TIE_HAP_XX.wav,1011_TIE_HAP_XX.wav,1011,train,1,happy,1,happy,0.9344226121902466
/Users/prarthanapatel/Desktop/Himanshi/speech_emotion_detection-develop-v2/cremad_preprocessed/audio/1011_TIE_NEU_XX.wav,1011_TIE_NEU_XX.wav,1011,train,0,neutral,0,neutral,0.9592162370681763
/Users/prarthanapatel/Desktop/Himanshi/speech_emotion_detection-develop-v2/cremad_preprocessed/audio/1011_TIE_SAD_XX.wav,1011_TIE_SAD_XX.wav,1011,train,2,sad,2,sad,0.9281618595123291
/Users/prarthanapatel/Desktop/Himanshi/speech_emotion_detection-develop-v2/cremad_preprocessed/audio/1011_TSI_ANG_XX.wav,1011_TSI_ANG_XX.wav,1011,train,3,angry,3,angry,0.9945928454399109
/Users/prarthanapatel/Desktop/Himanshi/speech_emotion_detection-develop-v2/cremad_preprocessed/audio/1011_TSI_DIS_XX.wav,1011_TSI_DIS_XX.wav,1011,train,5,disgust,5,disgust,0.8774962425231934
/Users/prarthanapatel/Desktop/Himanshi/speech_emotion_detection-develop-v2/cremad_preprocessed/audio/1011_TSI_FEA_XX.wav,1011_TSI_FEA_XX.wav,1011,train,4,fearful,4,fearful,0.9642201066017151
/Users/prarthanapatel/Desktop/Himanshi/speech_emotion_detection-develop-v2/cremad_preprocessed/audio/1011_TSI_HAP_XX.wav,1011_TSI_HAP_XX.wav,1011,train,1,happy,1,happy,0.9547394514083862
/Users/prarthanapatel/Desktop/Himanshi/speech_emotion_detection-develop-v2/cremad_preprocessed/audio/1011_TSI_NEU_XX.wav,1011_TSI_NEU_XX.wav,1011,train,0,neutral,0,neutral,0.9863640666007996
/Users/prarthanapatel/Desktop/Himanshi/speech_emotion_detection-develop-v2/cremad_preprocessed/audio/1011_TSI_SAD_XX.wav,1011_TSI_SAD_XX.wav,1011,train,2,sad,2,sad,0.939054012298584
/Users/prarthanapatel/Desktop/Himanshi/speech_emotion_detection-develop-v2/cremad_preprocessed/audio/1011_WSI_ANG_XX.wav,1011_WSI_ANG_XX.wav,1011,train,3,angry,3,angry,0.994931161403656
/Users/prarthanapatel/Desktop/Himanshi/speech_emotion_detection-develop-v2/cremad_preprocessed/audio/1011_WSI_DIS_XX.wav,1011_WSI_DIS_XX.wav,1011,train,5,disgust,5,disgust,0.6742778420448303
/Users/prarthanapatel/Desktop/Himanshi/speech_emotion_detection-develop-v2/cremad_preprocessed/audio/1011_WSI_FEA_XX.wav,1011_WSI_FEA_XX.wav,1011,train,4,fearful,4,fearful,0.9181221723556519
/Users/prarthanapatel/Desktop/Himanshi/speech_emotion_detection-develop-v2/cremad_preprocessed/audio/1011_WSI_HAP_XX.wav,1011_WSI_HAP_XX.wav,1011,train,1,happy,1,happy,0.9403998255729675
/Users/prarthanapatel/Desktop/Himanshi/speech_emotion_detection-develop-v2/cremad_preprocessed/audio/1011_WSI_NEU_XX.wav,1011_WSI_NEU_XX.wav,1011,train,0,neutral,0,neutral,0.9760051369667053
/Users/prarthanapatel/Desktop/Himanshi/speech_emotion_detection-develop-v2/cremad_preprocessed/audio/1011_WSI_SAD_XX.wav,1011_WSI_SAD_XX.wav,1011,train,2,sad,2,sad,0.8988916873931885
/Users/prarthanapatel/Desktop/Himanshi/speech_emotion_detection-develop-v2/cremad_preprocessed/audio/1016_DFA_ANG_XX.wav,1016_DFA_ANG_XX.wav,1016,train,3,angry,3,angry,0.9947944283485413
/Users/prarthanapatel/Desktop/Himanshi/speech_emotion_detection-develop-v2/cremad_preprocessed/audio/1016_DFA_DIS_XX.wav,1016_DFA_DIS_XX.wav,1016,train,5,disgust,5,disgust,0.8624606728553772
/Users/prarthanapatel/Desktop/Himanshi/speech_emotion_detection-develop-v2/cremad_preprocessed/audio/1016_DFA_FEA_XX.wav,1016_DFA_FEA_XX.wav,1016,train,4,fearful,4,fearful,0.9149208068847656
/Users/prarthanapatel/Desktop/Himanshi/speech_emotion_detection-develop-v2/cremad_preprocessed/audio/1016_DFA_HAP_XX.wav,1016_DFA_HAP_XX.wav,1016,train,1,happy,1,happy,0.9160735011100769
/Users/prarthanapatel/Desktop/Himanshi/speech_emotion_detection-develop-v2/cremad_preprocessed/audio/1016_DFA_NEU_XX.wav,1016_DFA_NEU_XX.wav,1016,train,0,neutral,0,neutral,0.9784041047096252
/Users/prarthanapatel/Desktop/Himanshi/speech_emotion_detection-develop-v2/cremad_preprocessed/audio/1016_DFA_SAD_XX.wav,1016_DFA_SAD_XX.wav,1016,train,2,sad,1,happy,0.8998280167579651
/Users/prarthanapatel/Desktop/Himanshi/speech_emotion_detection-develop-v2/cremad_preprocessed/audio/1016_IEO_ANG_HI.wav,1016_IEO_ANG_HI.wav,1016,train,3,angry,3,angry,0.9930577278137207
/Users/prarthanapatel/Desktop/Himanshi/speech_emotion_detection-develop-v2/cremad_preprocessed/audio/1016_IEO_ANG_LO.wav,1016_IEO_ANG_LO.wav,1016,train,3,angry,3,angry,0.9739038944244385
/Users/prarthanapatel/Desktop/Himanshi/speech_emotion_detection-develop-v2/cremad_preprocessed/audio/1016_IEO_ANG_MD.wav,1016_IEO_ANG_MD.wav,1016,train,3,angry,3,angry,0.9814334511756897
/Users/prarthanapatel/Desktop/Himanshi/speech_emotion_detection-develop-v2/cremad_preprocessed/audio/1016_IEO_DIS_HI.wav,1016_IEO_DIS_HI.wav,1016,train,5,disgust,3,angry,0.8996734023094177
/Users/prarthanapatel/Desktop/Himanshi/speech_emotion_detection-develop-v2/cremad_preprocessed/audio/1016_IEO_DIS_LO.wav,1016_IEO_DIS_LO.wav,1016,train,5,disgust,5,disgust,0.910908043384552
/Users/prarthanapatel/Desktop/Himanshi/speech_emotion_detection-develop-v2/cremad_preprocessed/audio/1016_IEO_DIS_MD.wav,1016_IEO_DIS_MD.wav,1016,train,5,disgust,5,disgust,0.8434280753135681
/Users/prarthanapatel/Desktop/Himanshi/speech_emotion_detection-develop-v2/cremad_preprocessed/audio/1016_IEO_FEA_HI.wav,1016_IEO_FEA_HI.wav,1016,train,4,fearful,4,fearful,0.949138343334198
/Users/prarthanapatel/Desktop/Himanshi/speech_emotion_detection-develop-v2/cremad_preprocessed/audio/1016_IEO_FEA_LO.wav,1016_IEO_FEA_LO.wav,1016,train,4,fearful,4,fearful,0.7578409314155579
/Users/prarthanapatel/Desktop/Himanshi/speech_emotion_detection-develop-v2/cremad_preprocessed/audio/1016_IEO_FEA_MD.wav,1016_IEO_FEA_MD.wav,1016,train,4,fearful,4,fearful,0.9300386309623718
/Users/prarthanapatel/Desktop/Himanshi/speech_emotion_detection-develop-v2/cremad_preprocessed/audio/1016_IEO_HAP_HI.wav,1016_IEO_HAP_HI.wav,1016,train,1,happy,1,happy,0.9665076732635498
/Users/prarthanapatel/Desktop/Himanshi/speech_emotion_detection-develop-v2/cremad_preprocessed/audio/1016_IEO_HAP_LO.wav,1016_IEO_HAP_LO.wav,1016,train,1,happy,1,happy,0.9745972752571106
/Users/prarthanapatel/Desktop/Himanshi/speech_emotion_detection-develop-v2/cremad_preprocessed/audio/1016_IEO_HAP_MD.wav,1016_IEO_HAP_MD.wav,1016,train,1,happy,1,happy,0.9604293704032898
/Users/prarthanapatel/Desktop/Himanshi/speech_emotion_detection-develop-v2/cremad_preprocessed/audio/1016_IEO_NEU_XX.wav,1016_IEO_NEU_XX.wav,1016,train,0,neutral,0,neutral,0.973879873752594
/Users/prarthanapatel/Desktop/Himanshi/speech_emotion_detection-develop-v2/cremad_preprocessed/audio/1016_IEO_SAD_HI.wav,1016_IEO_SAD_HI.wav,1016,train,2,sad,2,sad,0.5574389696121216
/Users/prarthanapatel/Desktop/Himanshi/speech_emotion_detection-develop-v2/cremad_preprocessed/audio/1016_IEO_SAD_LO.wav,1016_IEO_SAD_LO.wav,1016,train,2,sad,4,fearful,0.736452579498291
/Users/prarthanapatel/Desktop/Himanshi/speech_emotion_detection-develop-v2/cremad_preprocessed/audio/1016_IEO_SAD_MD.wav,1016_IEO_SAD_MD.wav,1016,train,2,sad,2,sad,0.5375473499298096
/Users/prarthanapatel/Desktop/Himanshi/speech_emotion_detection-develop-v2/cremad_preprocessed/audio/1016_IOM_ANG_XX.wav,1016_IOM_ANG_XX.wav,1016,train,3,angry,3,angry,0.9159113168716431
/Users/prarthanapatel/Desktop/Himanshi/speech_emotion_detection-develop-v2/cremad_preprocessed/audio/1016_IOM_DIS_XX.wav,1016_IOM_DIS_XX.wav,1016,train,5,disgust,5,disgust,0.45826059579849243
/Users/prarthanapatel/Desktop/Himanshi/speech_emotion_detection-develop-v2/cremad_preprocessed/audio/1016_IOM_FEA_XX.wav,1016_IOM_FEA_XX.wav,1016,train,4,fearful,4,fearful,0.7372749447822571
/Users/prarthanapatel/Desktop/Himanshi/speech_emotion_detection-develop-v2/cremad_preprocessed/audio/1016_IOM_HAP_XX.wav,1016_IOM_HAP_XX.wav,1016,train,1,happy,1,happy,0.6189659833908081
/Users/prarthanapatel/Desktop/Himanshi/speech_emotion_detection-develop-v2/cremad_preprocessed/audio/1016_IOM_NEU_XX.wav,1016_IOM_NEU_XX.wav,1016,train,0,neutral,0,neutral,0.9796743988990784
/Users/prarthanapatel/Desktop/Himanshi/speech_emotion_detection-develop-v2/cremad_preprocessed/audio/1016_IOM_SAD_XX.wav,1016_IOM_SAD_XX.wav,1016,train,2,sad,2,sad,0.611663818359375
/Users/prarthanapatel/Desktop/Himanshi/speech_emotion_detection-develop-v2/cremad_preprocessed/audio/1016_ITH_ANG_XX.wav,1016_ITH_ANG_XX.wav,1016,train,3,angry,3,angry,0.9940424561500549
/Users/prarthanapatel/Desktop/Himanshi/speech_emotion_detection-develop-v2/cremad_preprocessed/audio/1016_ITH_DIS_XX.wav,1016_ITH_DIS_XX.wav,1016,train,5,disgust,5,disgust,0.9596312642097473
/Users/prarthanapatel/Desktop/Himanshi/speech_emotion_detection-develop-v2/cremad_preprocessed/audio/1016_ITH_FEA_XX.wav,1016_ITH_FEA_XX.wav,1016,train,4,fearful,4,fearful,0.6141170263290405
/Users/prarthanapatel/Desktop/Himanshi/speech_emotion_detection-develop-v2/cremad_preprocessed/audio/1016_ITH_HAP_XX.wav,1016_ITH_HAP_XX.wav,1016,train,1,happy,1,happy,0.9671120643615723
/Users/prarthanapatel/Desktop/Himanshi/speech_emotion_detection-develop-v2/cremad_preprocessed/audio/1016_ITH_NEU_XX.wav,1016_ITH_NEU_XX.wav,1016,train,0,neutral,0,neutral,0.9372525215148926
/Users/prarthanapatel/Desktop/Himanshi/speech_emotion_detection-develop-v2/cremad_preprocessed/audio/1016_ITH_SAD_XX.wav,1016_ITH_SAD_XX.wav,1016,train,2,sad,2,sad,0.5893956422805786
/Users/prarthanapatel/Desktop/Himanshi/speech_emotion_detection-develop-v2/cremad_preprocessed/audio/1016_ITS_ANG_XX.wav,1016_ITS_ANG_XX.wav,1016,train,3,angry,3,angry,0.9942295551300049
/Users/prarthanapatel/Desktop/Himanshi/speech_emotion_detection-develop-v2/cremad_preprocessed/audio/1016_ITS_DIS_XX.wav,1016_ITS_DIS_XX.wav,1016,train,5,disgust,3,angry,0.8046191334724426
/Users/prarthanapatel/Desktop/Himanshi/speech_emotion_detection-develop-v2/cremad_preprocessed/audio/1016_ITS_FEA_XX.wav,1016_ITS_FEA_XX.wav,1016,train,4,fearful,4,fearful,0.8773431777954102
/Users/prarthanapatel/Desktop/Himanshi/speech_emotion_detection-develop-v2/cremad_preprocessed/audio/1016_ITS_HAP_XX.wav,1016_ITS_HAP_XX.wav,1016,train,1,happy,1,happy,0.9709482192993164
/Users/prarthanapatel/Desktop/Himanshi/speech_emotion_detection-develop-v2/cremad_preprocessed/audio/1016_ITS_NEU_XX.wav,1016_ITS_NEU_XX.wav,1016,train,0,neutral,0,neutral,0.6218196153640747
/Users/prarthanapatel/Desktop/Himanshi/speech_emotion_detection-develop-v2/cremad_preprocessed/audio/1016_ITS_SAD_XX.wav,1016_ITS_SAD_XX.wav,1016,train,2,sad,4,fearful,0.8657661080360413
/Users/prarthanapatel/Desktop/Himanshi/speech_emotion_detection-develop-v2/cremad_preprocessed/audio/1016_IWL_ANG_XX.wav,1016_IWL_ANG_XX.wav,1016,train,3,angry,3,angry,0.9938871264457703
/Users/prarthanapatel/Desktop/Himanshi/speech_emotion_detection-develop-v2/cremad_preprocessed/audio/1016_IWL_DIS_XX.wav,1016_IWL_DIS_XX.wav,1016,train,5,disgust,5,disgust,0.949685275554657
/Users/prarthanapatel/Desktop/Himanshi/speech_emotion_detection-develop-v2/cremad_preprocessed/audio/1016_IWL_FEA_XX.wav,1016_IWL_FEA_XX.wav,1016,train,4,fearful,4,fearful,0.7933448553085327
/Users/prarthanapatel/Desktop/Himanshi/speech_emotion_detection-develop-v2/cremad_preprocessed/audio/1016_IWL_HAP_XX.wav,1016_IWL_HAP_XX.wav,1016,train,1,happy,3,angry,0.9166368842124939
/Users/prarthanapatel/Desktop/Himanshi/speech_emotion_detection-develop-v2/cremad_preprocessed/audio/1016_IWL_NEU_XX.wav,1016_IWL_NEU_XX.wav,1016,train,0,neutral,0,neutral,0.9314574599266052
/Users/prarthanapatel/Desktop/Himanshi/speech_emotion_detection-develop-v2/cremad_preprocessed/audio/1016_IWL_SAD_XX.wav,1016_IWL_SAD_XX.wav,1016,train,2,sad,5,disgust,0.36685431003570557
/Users/prarthanapatel/Desktop/Himanshi/speech_emotion_detection-develop-v2/cremad_preprocessed/audio/1016_IWW_ANG_XX.wav,1016_IWW_ANG_XX.wav,1016,train,3,angry,3,angry,0.9945105314254761
/Users/prarthanapatel/Desktop/Himanshi/speech_emotion_detection-develop-v2/cremad_preprocessed/audio/1016_IWW_DIS_XX.wav,1016_IWW_DIS_XX.wav,1016,train,5,disgust,5,disgust,0.6872677206993103
/Users/prarthanapatel/Desktop/Himanshi/speech_emotion_detection-develop-v2/cremad_preprocessed/audio/1016_IWW_FEA_XX.wav,1016_IWW_FEA_XX.wav,1016,train,4,fearful,4,fearful,0.9563696384429932
/Users/prarthanapatel/Desktop/Himanshi/speech_emotion_detection-develop-v2/cremad_preprocessed/audio/1016_IWW_HAP_XX.wav,1016_IWW_HAP_XX.wav,1016,train,1,happy,1,happy,0.9707298874855042
/Users/prarthanapatel/Desktop/Himanshi/speech_emotion_detection-develop-v2/cremad_preprocessed/audio/1016_IWW_NEU_XX.wav,1016_IWW_NEU_XX.wav,1016,train,0,neutral,0,neutral,0.94524747133255
/Users/prarthanapatel/Desktop/Himanshi/speech_emotion_detection-develop-v2/cremad_preprocessed/audio/1016_IWW_SAD_XX.wav,1016_IWW_SAD_XX.wav,1016,train,2,sad,4,fearful,0.6370394825935364
/Users/prarthanapatel/Desktop/Himanshi/speech_emotion_detection-develop-v2/cremad_preprocessed/audio/1016_MTI_ANG_XX.wav,1016_MTI_ANG_XX.wav,1016,train,3,angry,3,angry,0.9942674040794373
/Users/prarthanapatel/Desktop/Himanshi/speech_emotion_detection-develop-v2/cremad_preprocessed/audio/1016_MTI_DIS_XX.wav,1016_MTI_DIS_XX.wav,1016,train,5,disgust,5,disgust,0.7669030427932739
/Users/prarthanapatel/Desktop/Himanshi/speech_emotion_detection-develop-v2/cremad_preprocessed/audio/1016_MTI_FEA_XX.wav,1016_MTI_FEA_XX.wav,1016,train,4,fearful,4,fearful,0.551899790763855
/Users/prarthanapatel/Desktop/Himanshi/speech_emotion_detection-develop-v2/cremad_preprocessed/audio/1016_MTI_HAP_XX.wav,1016_MTI_HAP_XX.wav,1016,train,1,happy,3,angry,0.9768511056900024
/Users/prarthanapatel/Desktop/Himanshi/speech_emotion_detection-develop-v2/cremad_preprocessed/audio/1016_MTI_NEU_XX.wav,1016_MTI_NEU_XX.wav,1016,train,0,neutral,0,neutral,0.9766668081283569
/Users/prarthanapatel/Desktop/Himanshi/speech_emotion_detection-develop-v2/cremad_preprocessed/audio/1016_MTI_SAD_XX.wav,1016_MTI_SAD_XX.wav,1016,train,2,sad,4,fearful,0.9274984002113342
/Users/prarthanapatel/Desktop/Himanshi/speech_emotion_detection-develop-v2/cremad_preprocessed/audio/1016_TAI_ANG_XX.wav,1016_TAI_ANG_XX.wav,1016,train,3,angry,3,angry,0.993465006351471
/Users/prarthanapatel/Desktop/Himanshi/speech_emotion_detection-develop-v2/cremad_preprocessed/audio/1016_TAI_DIS_XX.wav,1016_TAI_DIS_XX.wav,1016,train,5,disgust,5,disgust,0.9646494388580322
/Users/prarthanapatel/Desktop/Himanshi/speech_emotion_detection-develop-v2/cremad_preprocessed/audio/1016_TAI_FEA_XX.wav,1016_TAI_FEA_XX.wav,1016,train,4,fearful,4,fearful,0.9543240070343018
/Users/prarthanapatel/Desktop/Himanshi/speech_emotion_detection-develop-v2/cremad_preprocessed/audio/1016_TAI_HAP_XX.wav,1016_TAI_HAP_XX.wav,1016,train,1,happy,1,happy,0.9699194431304932
/Users/prarthanapatel/Desktop/Himanshi/speech_emotion_detection-develop-v2/cremad_preprocessed/audio/1016_TAI_NEU_XX.wav,1016_TAI_NEU_XX.wav,1016,train,0,neutral,0,neutral,0.9198840260505676
/Users/prarthanapatel/Desktop/Himanshi/speech_emotion_detection-develop-v2/cremad_preprocessed/audio/1016_TAI_SAD_XX.wav,1016_TAI_SAD_XX.wav,1016,train,2,sad,4,fearful,0.8573623299598694
/Users/prarthanapatel/Desktop/Himanshi/speech_emotion_detection-develop-v2/cremad_preprocessed/audio/1016_TIE_ANG_XX.wav,1016_TIE_ANG_XX.wav,1016,train,3,angry,3,angry,0.9902660250663757
/Users/prarthanapatel/Desktop/Himanshi/speech_emotion_detection-develop-v2/cremad_preprocessed/audio/1016_TIE_DIS_XX.wav,1016_TIE_DIS_XX.wav,1016,train,5,disgust,5,disgust,0.8161072134971619
/Users/prarthanapatel/Desktop/Himanshi/speech_emotion_detection-develop-v2/cremad_preprocessed/audio/1016_TIE_FEA_XX.wav,1016_TIE_FEA_XX.wav,1016,train,4,fearful,4,fearful,0.46094170212745667
/Users/prarthanapatel/Desktop/Himanshi/speech_emotion_detection-develop-v2/cremad_preprocessed/audio/1016_TIE_HAP_XX.wav,1016_TIE_HAP_XX.wav,1016,train,1,happy,1,happy,0.9674496650695801
/Users/prarthanapatel/Desktop/Himanshi/speech_emotion_detection-develop-v2/cremad_preprocessed/audio/1016_TIE_NEU_XX.wav,1016_TIE_NEU_XX.wav,1016,train,0,neutral,0,neutral,0.6252009868621826
/Users/prarthanapatel/Desktop/Himanshi/speech_emotion_detection-develop-v2/cremad_preprocessed/audio/1016_TIE_SAD_XX.wav,1016_TIE_SAD_XX.wav,1016,train,2,sad,0,neutral,0.7337323427200317
/Users/prarthanapatel/Desktop/Himanshi/speech_emotion_detection-develop-v2/cremad_preprocessed/audio/1016_TSI_ANG_XX.wav,1016_TSI_ANG_XX.wav,1016,train,3,angry,3,angry,0.9918802380561829
/Users/prarthanapatel/Desktop/Himanshi/speech_emotion_detection-develop-v2/cremad_preprocessed/audio/1016_TSI_DIS_XX.wav,1016_TSI_DIS_XX.wav,1016,train,5,disgust,3,angry,0.48476606607437134
/Users/prarthanapatel/Desktop/Himanshi/speech_emotion_detection-develop-v2/cremad_preprocessed/audio/1016_TSI_FEA_XX.wav,1016_TSI_FEA_XX.wav,1016,train,4,fearful,4,fearful,0.9496634602546692
/Users/prarthanapatel/Desktop/Himanshi/speech_emotion_detection-develop-v2/cremad_preprocessed/audio/1016_TSI_HAP_XX.wav,1016_TSI_HAP_XX.wav,1016,train,1,happy,1,happy,0.9757006764411926
/Users/prarthanapatel/Desktop/Himanshi/speech_emotion_detection-develop-v2/cremad_preprocessed/audio/1016_TSI_NEU_XX.wav,1016_TSI_NEU_XX.wav,1016,train,0,neutral,0,neutral,0.9223021268844604
/Users/prarthanapatel/Desktop/Himanshi/speech_emotion_detection-develop-v2/cremad_preprocessed/audio/1016_TSI_SAD_XX.wav,1016_TSI_SAD_XX.wav,1016,train,2,sad,4,fearful,0.7559694051742554
/Users/prarthanapatel/Desktop/Himanshi/speech_emotion_detection-develop-v2/cremad_preprocessed/audio/1016_WSI_ANG_XX.wav,1016_WSI_ANG_XX.wav,1016,train,3,angry,3,angry,0.9940420985221863
/Users/prarthanapatel/Desktop/Himanshi/speech_emotion_detection-develop-v2/cremad_preprocessed/audio/1016_WSI_DIS_XX.wav,1016_WSI_DIS_XX.wav,1016,train,5,disgust,5,disgust,0.847794771194458
/Users/prarthanapatel/Desktop/Himanshi/speech_emotion_detection-develop-v2/cremad_preprocessed/audio/1016_WSI_FEA_XX.wav,1016_WSI_FEA_XX.wav,1016,train,4,fearful,4,fearful,0.939461350440979
/Users/prarthanapatel/Desktop/Himanshi/speech_emotion_detection-develop-v2/cremad_preprocessed/audio/1016_WSI_HAP_XX.wav,1016_WSI_HAP_XX.wav,1016,train,1,happy,1,happy,0.9677039980888367
/Users/prarthanapatel/Desktop/Himanshi/speech_emotion_detection-develop-v2/cremad_preprocessed/audio/1016_WSI_NEU_XX.wav,1016_WSI_NEU_XX.wav,1016,train,0,neutral,0,neutral,0.9442185759544373
/Users/prarthanapatel/Desktop/Himanshi/speech_emotion_detection-develop-v2/cremad_preprocessed/audio/1016_WSI_SAD_XX.wav,1016_WSI_SAD_XX.wav,1016,train,2,sad,4,fearful,0.5177708864212036
/Users/prarthanapatel/Desktop/Himanshi/speech_emotion_detection-develop-v2/cremad_preprocessed/audio/1017_DFA_ANG_XX.wav,1017_DFA_ANG_XX.wav,1017,train,3,angry,5,disgust,0.49618130922317505
/Users/prarthanapatel/Desktop/Himanshi/speech_emotion_detection-develop-v2/cremad_preprocessed/audio/1017_DFA_DIS_XX.wav,1017_DFA_DIS_XX.wav,1017,train,5,disgust,2,sad,0.6105058193206787
/Users/prarthanapatel/Desktop/Himanshi/speech_emotion_detection-develop-v2/cremad_preprocessed/audio/1017_DFA_FEA_XX.wav,1017_DFA_FEA_XX.wav,1017,train,4,fearful,2,sad,0.7613348960876465
/Users/prarthanapatel/Desktop/Himanshi/speech_emotion_detection-develop-v2/cremad_preprocessed/audio/1017_DFA_HAP_XX.wav,1017_DFA_HAP_XX.wav,1017,train,1,happy,1,happy,0.9698353409767151
/Users/prarthanapatel/Desktop/Himanshi/speech_emotion_detection-develop-v2/cremad_preprocessed/audio/1017_DFA_NEU_XX.wav,1017_DFA_NEU_XX.wav,1017,train,0,neutral,0,neutral,0.9859684705734253
/Users/prarthanapatel/Desktop/Himanshi/speech_emotion_detection-develop-v2/cremad_preprocessed/audio/1017_DFA_SAD_XX.wav,1017_DFA_SAD_XX.wav,1017,train,2,sad,2,sad,0.8452923893928528
/Users/prarthanapatel/Desktop/Himanshi/speech_emotion_detection-develop-v2/cremad_preprocessed/audio/1017_IEO_ANG_HI.wav,1017_IEO_ANG_HI.wav,1017,train,3,angry,3,angry,0.9940908551216125
/Users/prarthanapatel/Desktop/Himanshi/speech_emotion_detection-develop-v2/cremad_preprocessed/audio/1017_IEO_ANG_LO.wav,1017_IEO_ANG_LO.wav,1017,train,3,angry,3,angry,0.9943056702613831
/Users/prarthanapatel/Desktop/Himanshi/speech_emotion_detection-develop-v2/cremad_preprocessed/audio/1017_IEO_ANG_MD.wav,1017_IEO_ANG_MD.wav,1017,train,3,angry,1,happy,0.9103410243988037
/Users/prarthanapatel/Desktop/Himanshi/speech_emotion_detection-develop-v2/cremad_preprocessed/audio/1017_IEO_DIS_HI.wav,1017_IEO_DIS_HI.wav,1017,train,5,disgust,5,disgust,0.873016893863678
/Users/prarthanapatel/Desktop/Himanshi/speech_emotion_detection-develop-v2/cremad_preprocessed/audio/1017_IEO_DIS_LO.wav,1017_IEO_DIS_LO.wav,1017,train,5,disgust,5,disgust,0.5309976935386658
/Users/prarthanapatel/Desktop/Himanshi/speech_emotion_detection-develop-v2/cremad_preprocessed/audio/1017_IEO_DIS_MD.wav,1017_IEO_DIS_MD.wav,1017,train,5,disgust,4,fearful,0.4686671197414398
/Users/prarthanapatel/Desktop/Himanshi/speech_emotion_detection-develop-v2/cremad_preprocessed/audio/1017_IEO_FEA_HI.wav,1017_IEO_FEA_HI.wav,1017,train,4,fearful,4,fearful,0.905297577381134
/Users/prarthanapatel/Desktop/Himanshi/speech_emotion_detection-develop-v2/cremad_preprocessed/audio/1017_IEO_FEA_LO.wav,1017_IEO_FEA_LO.wav,1017,train,4,fearful,4,fearful,0.5763176083564758
/Users/prarthanapatel/Desktop/Himanshi/speech_emotion_detection-develop-v2/cremad_preprocessed/audio/1017_IEO_FEA_MD.wav,1017_IEO_FEA_MD.wav,1017,train,4,fearful,4,fearful,0.50473952293396
/Users/prarthanapatel/Desktop/Himanshi/speech_emotion_detection-develop-v2/cremad_preprocessed/audio/1017_IEO_HAP_HI.wav,1017_IEO_HAP_HI.wav,1017,train,1,happy,1,happy,0.9581932425498962
/Users/prarthanapatel/Desktop/Himanshi/speech_emotion_detection-develop-v2/cremad_preprocessed/audio/1017_IEO_HAP_LO.wav,1017_IEO_HAP_LO.wav,1017,train,1,happy,1,happy,0.9655309319496155
/Users/prarthanapatel/Desktop/Himanshi/speech_emotion_detection-develop-v2/cremad_preprocessed/audio/1017_IEO_HAP_MD.wav,1017_IEO_HAP_MD.wav,1017,train,1,happy,1,happy,0.9710058569908142
/Users/prarthanapatel/Desktop/Himanshi/speech_emotion_detection-develop-v2/cremad_preprocessed/audio/1017_IEO_NEU_XX.wav,1017_IEO_NEU_XX.wav,1017,train,0,neutral,0,neutral,0.6053464412689209
/Users/prarthanapatel/Desktop/Himanshi/speech_emotion_detection-develop-v2/cremad_preprocessed/audio/1017_IEO_SAD_HI.wav,1017_IEO_SAD_HI.wav,1017,train,2,sad,2,sad,0.8079637289047241
/Users/prarthanapatel/Desktop/Himanshi/speech_emotion_detection-develop-v2/cremad_preprocessed/audio/1017_IEO_SAD_LO.wav,1017_IEO_SAD_LO.wav,1017,train,2,sad,2,sad,0.5774145722389221
/Users/prarthanapatel/Desktop/Himanshi/speech_emotion_detection-develop-v2/cremad_preprocessed/audio/1017_IEO_SAD_MD.wav,1017_IEO_SAD_MD.wav,1017,train,2,sad,4,fearful,0.8607720732688904
/Users/prarthanapatel/Desktop/Himanshi/speech_emotion_detection-develop-v2/cremad_preprocessed/audio/1017_IOM_ANG_XX.wav,1017_IOM_ANG_XX.wav,1017,train,3,angry,3,angry,0.8025275468826294
/Users/prarthanapatel/Desktop/Himanshi/speech_emotion_detection-develop-v2/cremad_preprocessed/audio/1017_IOM_DIS_XX.wav,1017_IOM_DIS_XX.wav,1017,train,5,disgust,5,disgust,0.7678773999214172
/Users/prarthanapatel/Desktop/Himanshi/speech_emotion_detection-develop-v2/cremad_preprocessed/audio/1017_IOM_FEA_XX.wav,1017_IOM_FEA_XX.wav,1017,train,4,fearful,4,fearful,0.8028398752212524
/Users/prarthanapatel/Desktop/Himanshi/speech_emotion_detection-develop-v2/cremad_preprocessed/audio/1017_IOM_HAP_XX.wav,1017_IOM_HAP_XX.wav,1017,train,1,happy,1,happy,0.9602795839309692
/Users/prarthanapatel/Desktop/Himanshi/speech_emotion_detection-develop-v2/cremad_preprocessed/audio/1017_IOM_NEU_XX.wav,1017_IOM_NEU_XX.wav,1017,train,0,neutral,0,neutral,0.9864065051078796
/Users/prarthanapatel/Desktop/Himanshi/speech_emotion_detection-develop-v2/cremad_preprocessed/audio/1017_IOM_SAD_XX.wav,1017_IOM_SAD_XX.wav,1017,train,2,sad,2,sad,0.8570533990859985
/Users/prarthanapatel/Desktop/Himanshi/speech_emotion_detection-develop-v2/cremad_preprocessed/audio/1017_ITH_ANG_XX.wav,1017_ITH_ANG_XX.wav,1017,train,3,angry,3,angry,0.7821723222732544
/Users/prarthanapatel/Desktop/Himanshi/speech_emotion_detection-develop-v2/cremad_preprocessed/audio/1017_ITH_DIS_XX.wav,1017_ITH_DIS_XX.wav,1017,train,5,disgust,5,disgust,0.6318440437316895
/Users/prarthanapatel/Desktop/Himanshi/speech_emotion_detection-develop-v2/cremad_preprocessed/audio/1017_ITH_FEA_XX.wav,1017_ITH_FEA_XX.wav,1017,train,4,fearful,4,fearful,0.7105603814125061
/Users/prarthanapatel/Desktop/Himanshi/speech_emotion_detection-develop-v2/cremad_preprocessed/audio/1017_ITH_HAP_XX.wav,1017_ITH_HAP_XX.wav,1017,train,1,happy,1,happy,0.9596265554428101
/Users/prarthanapatel/Desktop/Himanshi/speech_emotion_detection-develop-v2/cremad_preprocessed/audio/1017_ITH_NEU_XX.wav,1017_ITH_NEU_XX.wav,1017,train,0,neutral,0,neutral,0.9829139113426208
/Users/prarthanapatel/Desktop/Himanshi/speech_emotion_detection-develop-v2/cremad_preprocessed/audio/1017_ITH_SAD_XX.wav,1017_ITH_SAD_XX.wav,1017,train,2,sad,2,sad,0.6089289784431458
/Users/prarthanapatel/Desktop/Himanshi/speech_emotion_detection-develop-v2/cremad_preprocessed/audio/1017_ITS_ANG_XX.wav,1017_ITS_ANG_XX.wav,1017,train,3,angry,2,sad,0.44316717982292175
/Users/prarthanapatel/Desktop/Himanshi/speech_emotion_detection-develop-v2/cremad_preprocessed/audio/1017_ITS_DIS_XX.wav,1017_ITS_DIS_XX.wav,1017,train,5,disgust,2,sad,0.5399815440177917
/Users/prarthanapatel/Desktop/Himanshi/speech_emotion_detection-develop-v2/cremad_preprocessed/audio/1017_ITS_FEA_XX.wav,1017_ITS_FEA_XX.wav,1017,train,4,fearful,4,fearful,0.8200327754020691
/Users/prarthanapatel/Desktop/Himanshi/speech_emotion_detection-develop-v2/cremad_preprocessed/audio/1017_ITS_HAP_XX.wav,1017_ITS_HAP_XX.wav,1017,train,1,happy,1,happy,0.9274161458015442
/Users/prarthanapatel/Desktop/Himanshi/speech_emotion_detection-develop-v2/cremad_preprocessed/audio/1017_ITS_NEU_XX.wav,1017_ITS_NEU_XX.wav,1017,train,0,neutral,0,neutral,0.8179838061332703
/Users/prarthanapatel/Desktop/Himanshi/speech_emotion_detection-develop-v2/cremad_preprocessed/audio/1017_ITS_SAD_XX.wav,1017_ITS_SAD_XX.wav,1017,train,2,sad,2,sad,0.6564118266105652
/Users/prarthanapatel/Desktop/Himanshi/speech_emotion_detection-develop-v2/cremad_preprocessed/audio/1017_IWL_ANG_XX.wav,1017_IWL_ANG_XX.wav,1017,train,3,angry,4,fearful,0.760169267654419
/Users/prarthanapatel/Desktop/Himanshi/speech_emotion_detection-develop-v2/cremad_preprocessed/audio/1017_IWL_DIS_XX.wav,1017_IWL_DIS_XX.wav,1017,train,5,disgust,2,sad,0.7436665892601013
/Users/prarthanapatel/Desktop/Himanshi/speech_emotion_detection-develop-v2/cremad_preprocessed/audio/1017_IWL_FEA_XX.wav,1017_IWL_FEA_XX.wav,1017,train,4,fearful,4,fearful,0.7509888410568237
/Users/prarthanapatel/Desktop/Himanshi/speech_emotion_detection-develop-v2/cremad_preprocessed/audio/1017_IWL_HAP_XX.wav,1017_IWL_HAP_XX.wav,1017,train,1,happy,1,happy,0.9633542895317078
/Users/prarthanapatel/Desktop/Himanshi/speech_emotion_detection-develop-v2/cremad_preprocessed/audio/1017_IWL_NEU_XX.wav,1017_IWL_NEU_XX.wav,1017,train,0,neutral,0,neutral,0.9667896032333374
/Users/prarthanapatel/Desktop/Himanshi/speech_emotion_detection-develop-v2/cremad_preprocessed/audio/1017_IWL_SAD_XX.wav,1017_IWL_SAD_XX.wav,1017,train,2,sad,2,sad,0.7100968360900879
/Users/prarthanapatel/Desktop/Himanshi/speech_emotion_detection-develop-v2/cremad_preprocessed/audio/1017_IWW_ANG_XX.wav,1017_IWW_ANG_XX.wav,1017,train,3,angry,4,fearful,0.6017528772354126
/Users/prarthanapatel/Desktop/Himanshi/speech_emotion_detection-develop-v2/cremad_preprocessed/audio/1017_IWW_DIS_XX.wav,1017_IWW_DIS_XX.wav,1017,train,5,disgust,2,sad,0.8404722213745117
/Users/prarthanapatel/Desktop/Himanshi/speech_emotion_detection-develop-v2/cremad_preprocessed/audio/1017_IWW_FEA_XX.wav,1017_IWW_FEA_XX.wav,1017,train,4,fearful,4,fearful,0.6017528772354126
/Users/prarthanapatel/Desktop/Himanshi/speech_emotion_detection-develop-v2/cremad_preprocessed/audio/1017_IWW_HAP_XX.wav,1017_IWW_HAP_XX.wav,1017,train,1,happy,1,happy,0.9737129211425781
/Users/prarthanapatel/Desktop/Himanshi/speech_emotion_detection-develop-v2/cremad_preprocessed/audio/1017_IWW_NEU_XX.wav,1017_IWW_NEU_XX.wav,1017,train,0,neutral,0,neutral,0.9638875126838684
/Users/prarthanapatel/Desktop/Himanshi/speech_emotion_detection-develop-v2/cremad_preprocessed/audio/1017_IWW_SAD_XX.wav,1017_IWW_SAD_XX.wav,1017,train,2,sad,2,sad,0.8286781907081604
/Users/prarthanapatel/Desktop/Himanshi/speech_emotion_detection-develop-v2/cremad_preprocessed/audio/1017_MTI_ANG_XX.wav,1017_MTI_ANG_XX.wav,1017,train,3,angry,3,angry,0.6220004558563232
/Users/prarthanapatel/Desktop/Himanshi/speech_emotion_detection-develop-v2/cremad_preprocessed/audio/1017_MTI_DIS_XX.wav,1017_MTI_DIS_XX.wav,1017,train,5,disgust,5,disgust,0.7570317387580872
/Users/prarthanapatel/Desktop/Himanshi/speech_emotion_detection-develop-v2/cremad_preprocessed/audio/1017_MTI_FEA_XX.wav,1017_MTI_FEA_XX.wav,1017,train,4,fearful,2,sad,0.4999416470527649
/Users/prarthanapatel/Desktop/Himanshi/speech_emotion_detection-develop-v2/cremad_preprocessed/audio/1017_MTI_HAP_XX.wav,1017_MTI_HAP_XX.wav,1017,train,1,happy,1,happy,0.9448300004005432
/Users/prarthanapatel/Desktop/Himanshi/speech_emotion_detection-develop-v2/cremad_preprocessed/audio/1017_MTI_NEU_XX.wav,1017_MTI_NEU_XX.wav,1017,train,0,neutral,0,neutral,0.957606852054596
/Users/prarthanapatel/Desktop/Himanshi/speech_emotion_detection-develop-v2/cremad_preprocessed/audio/1017_MTI_SAD_XX.wav,1017_MTI_SAD_XX.wav,1017,train,2,sad,2,sad,0.8426859378814697
/Users/prarthanapatel/Desktop/Himanshi/speech_emotion_detection-develop-v2/cremad_preprocessed/audio/1017_TAI_ANG_XX.wav,1017_TAI_ANG_XX.wav,1017,train,3,angry,5,disgust,0.4220571219921112
/Users/prarthanapatel/Desktop/Himanshi/speech_emotion_detection-develop-v2/cremad_preprocessed/audio/1017_TAI_DIS_XX.wav,1017_TAI_DIS_XX.wav,1017,train,5,disgust,5,disgust,0.96295166015625
/Users/prarthanapatel/Desktop/Himanshi/speech_emotion_detection-develop-v2/cremad_preprocessed/audio/1017_TAI_FEA_XX.wav,1017_TAI_FEA_XX.wav,1017,train,4,fearful,4,fearful,0.7061120271682739
/Users/prarthanapatel/Desktop/Himanshi/speech_emotion_detection-develop-v2/cremad_preprocessed/audio/1017_TAI_HAP_XX.wav,1017_TAI_HAP_XX.wav,1017,train,1,happy,1,happy,0.9407221078872681
/Users/prarthanapatel/Desktop/Himanshi/speech_emotion_detection-develop-v2/cremad_preprocessed/audio/1017_TAI_NEU_XX.wav,1017_TAI_NEU_XX.wav,1017,train,0,neutral,2,sad,0.5601820349693298
/Users/prarthanapatel/Desktop/Himanshi/speech_emotion_detection-develop-v2/cremad_preprocessed/audio/1017_TAI_SAD_XX.wav,1017_TAI_SAD_XX.wav,1017,train,2,sad,2,sad,0.8978900909423828
/Users/prarthanapatel/Desktop/Himanshi/speech_emotion_detection-develop-v2/cremad_preprocessed/audio/1017_TIE_ANG_XX.wav,1017_TIE_ANG_XX.wav,1017,train,3,angry,1,happy,0.6333261728286743
/Users/prarthanapatel/Desktop/Himanshi/speech_emotion_detection-develop-v2/cremad_preprocessed/audio/1017_TIE_DIS_XX.wav,1017_TIE_DIS_XX.wav,1017,train,5,disgust,5,disgust,0.8871170282363892
/Users/prarthanapatel/Desktop/Himanshi/speech_emotion_detection-develop-v2/cremad_preprocessed/audio/1017_TIE_FEA_XX.wav,1017_TIE_FEA_XX.wav,1017,train,4,fearful,1,happy,0.9737159609794617
/Users/prarthanapatel/Desktop/Himanshi/speech_emotion_detection-develop-v2/cremad_preprocessed/audio/1017_TIE_HAP_XX.wav,1017_TIE_HAP_XX.wav,1017,train,1,happy,1,happy,0.9559981226921082
/Users/prarthanapatel/Desktop/Himanshi/speech_emotion_detection-develop-v2/cremad_preprocessed/audio/1017_TIE_NEU_XX.wav,1017_TIE_NEU_XX.wav,1017,train,0,neutral,0,neutral,0.9664874076843262
/Users/prarthanapatel/Desktop/Himanshi/speech_emotion_detection-develop-v2/cremad_preprocessed/audio/1017_TIE_SAD_XX.wav,1017_TIE_SAD_XX.wav,1017,train,2,sad,2,sad,0.5938038229942322
/Users/prarthanapatel/Desktop/Himanshi/speech_emotion_detection-develop-v2/cremad_preprocessed/audio/1017_TSI_ANG_XX.wav,1017_TSI_ANG_XX.wav,1017,train,3,angry,3,angry,0.8861256837844849
/Users/prarthanapatel/Desktop/Himanshi/speech_emotion_detection-develop-v2/cremad_preprocessed/audio/1017_TSI_DIS_XX.wav,1017_TSI_DIS_XX.wav,1017,train,5,disgust,5,disgust,0.8929434418678284
/Users/prarthanapatel/Desktop/Himanshi/speech_emotion_detection-develop-v2/cremad_preprocessed/audio/1017_TSI_FEA_XX.wav,1017_TSI_FEA_XX.wav,1017,train,4,fearful,1,happy,0.5143446922302246
/Users/prarthanapatel/Desktop/Himanshi/speech_emotion_detection-develop-v2/cremad_preprocessed/audio/1017_TSI_HAP_XX.wav,1017_TSI_HAP_XX.wav,1017,train,1,happy,1,happy,0.976628839969635
/Users/prarthanapatel/Desktop/Himanshi/speech_emotion_detection-develop-v2/cremad_preprocessed/audio/1017_TSI_NEU_XX.wav,1017_TSI_NEU_XX.wav,1017,train,0,neutral,0,neutral,0.9732035994529724
/Users/prarthanapatel/Desktop/Himanshi/speech_emotion_detection-develop-v2/cremad_preprocessed/audio/1017_TSI_SAD_XX.wav,1017_TSI_SAD_XX.wav,1017,train,2,sad,0,neutral,0.5722211003303528
/Users/prarthanapatel/Desktop/Himanshi/speech_emotion_detection-develop-v2/cremad_preprocessed/audio/1017_WSI_ANG_XX.wav,1017_WSI_ANG_XX.wav,1017,train,3,angry,3,angry,0.9926296472549438
/Users/prarthanapatel/Desktop/Himanshi/speech_emotion_detection-develop-v2/cremad_preprocessed/audio/1017_WSI_DIS_XX.wav,1017_WSI_DIS_XX.wav,1017,train,5,disgust,3,angry,0.9375765323638916
/Users/prarthanapatel/Desktop/Himanshi/speech_emotion_detection-develop-v2/cremad_preprocessed/audio/1017_WSI_FEA_XX.wav,1017_WSI_FEA_XX.wav,1017,train,4,fearful,4,fearful,0.951842188835144
/Users/prarthanapatel/Desktop/Himanshi/speech_emotion_detection-develop-v2/cremad_preprocessed/audio/1017_WSI_HAP_XX.wav,1017_WSI_HAP_XX.wav,1017,train,1,happy,1,happy,0.9587647914886475
/Users/prarthanapatel/Desktop/Himanshi/speech_emotion_detection-develop-v2/cremad_preprocessed/audio/1017_WSI_NEU_XX.wav,1017_WSI_NEU_XX.wav,1017,train,0,neutral,0,neutral,0.9786655306816101
/Users/prarthanapatel/Desktop/Himanshi/speech_emotion_detection-develop-v2/cremad_preprocessed/audio/1017_WSI_SAD_XX.wav,1017_WSI_SAD_XX.wav,1017,train,2,sad,2,sad,0.7552785873413086
/Users/prarthanapatel/Desktop/Himanshi/speech_emotion_detection-develop-v2/cremad_preprocessed/audio/1018_DFA_ANG_XX.wav,1018_DFA_ANG_XX.wav,1018,train,3,angry,3,angry,0.993850827217102
/Users/prarthanapatel/Desktop/Himanshi/speech_emotion_detection-develop-v2/cremad_preprocessed/audio/1018_DFA_DIS_XX.wav,1018_DFA_DIS_XX.wav,1018,train,5,disgust,5,disgust,0.7078871130943298
/Users/prarthanapatel/Desktop/Himanshi/speech_emotion_detection-develop-v2/cremad_preprocessed/audio/1018_DFA_FEA_XX.wav,1018_DFA_FEA_XX.wav,1018,train,4,fearful,4,fearful,0.960085391998291
/Users/prarthanapatel/Desktop/Himanshi/speech_emotion_detection-develop-v2/cremad_preprocessed/audio/1018_DFA_HAP_XX.wav,1018_DFA_HAP_XX.wav,1018,train,1,happy,1,happy,0.976019561290741
/Users/prarthanapatel/Desktop/Himanshi/speech_emotion_detection-develop-v2/cremad_preprocessed/audio/1018_DFA_NEU_XX.wav,1018_DFA_NEU_XX.wav,1018,train,0,neutral,0,neutral,0.9874075651168823
/Users/prarthanapatel/Desktop/Himanshi/speech_emotion_detection-develop-v2/cremad_preprocessed/audio/1018_DFA_SAD_XX.wav,1018_DFA_SAD_XX.wav,1018,train,2,sad,2,sad,0.7453600764274597
/Users/prarthanapatel/Desktop/Himanshi/speech_emotion_detection-develop-v2/cremad_preprocessed/audio/1018_IEO_ANG_HI.wav,1018_IEO_ANG_HI.wav,1018,train,3,angry,3,angry,0.9943739175796509
/Users/prarthanapatel/Desktop/Himanshi/speech_emotion_detection-develop-v2/cremad_preprocessed/audio/1018_IEO_ANG_LO.wav,1018_IEO_ANG_LO.wav,1018,train,3,angry,3,angry,0.9866559505462646
/Users/prarthanapatel/Desktop/Himanshi/speech_emotion_detection-develop-v2/cremad_preprocessed/audio/1018_IEO_ANG_MD.wav,1018_IEO_ANG_MD.wav,1018,train,3,angry,3,angry,0.990348219871521
/Users/prarthanapatel/Desktop/Himanshi/speech_emotion_detection-develop-v2/cremad_preprocessed/audio/1018_IEO_DIS_HI.wav,1018_IEO_DIS_HI.wav,1018,train,5,disgust,5,disgust,0.9636568427085876
/Users/prarthanapatel/Desktop/Himanshi/speech_emotion_detection-develop-v2/cremad_preprocessed/audio/1018_IEO_DIS_LO.wav,1018_IEO_DIS_LO.wav,1018,train,5,disgust,5,disgust,0.7761450409889221
/Users/prarthanapatel/Desktop/Himanshi/speech_emotion_detection-develop-v2/cremad_preprocessed/audio/1018_IEO_DIS_MD.wav,1018_IEO_DIS_MD.wav,1018,train,5,disgust,5,disgust,0.9298330545425415
/Users/prarthanapatel/Desktop/Himanshi/speech_emotion_detection-develop-v2/cremad_preprocessed/audio/1018_IEO_FEA_HI.wav,1018_IEO_FEA_HI.wav,1018,train,4,fearful,4,fearful,0.9604460597038269
/Users/prarthanapatel/Desktop/Himanshi/speech_emotion_detection-develop-v2/cremad_preprocessed/audio/1018_IEO_FEA_LO.wav,1018_IEO_FEA_LO.wav,1018,train,4,fearful,4,fearful,0.9491333961486816
/Users/prarthanapatel/Desktop/Himanshi/speech_emotion_detection-develop-v2/cremad_preprocessed/audio/1018_IEO_FEA_MD.wav,1018_IEO_FEA_MD.wav,1018,train,4,fearful,4,fearful,0.836653470993042
/Users/prarthanapatel/Desktop/Himanshi/speech_emotion_detection-develop-v2/cremad_preprocessed/audio/1018_IEO_HAP_HI.wav,1018_IEO_HAP_HI.wav,1018,train,1,happy,1,happy,0.5431026816368103
/Users/prarthanapatel/Desktop/Himanshi/speech_emotion_detection-develop-v2/cremad_preprocessed/audio/1018_IEO_HAP_LO.wav,1018_IEO_HAP_LO.wav,1018,train,1,happy,1,happy,0.9061793088912964
/Users/prarthanapatel/Desktop/Himanshi/speech_emotion_detection-develop-v2/cremad_preprocessed/audio/1018_IEO_HAP_MD.wav,1018_IEO_HAP_MD.wav,1018,train,1,happy,1,happy,0.9567190408706665
/Users/prarthanapatel/Desktop/Himanshi/speech_emotion_detection-develop-v2/cremad_preprocessed/audio/1018_IEO_NEU_XX.wav,1018_IEO_NEU_XX.wav,1018,train,0,neutral,0,neutral,0.9558049440383911
/Users/prarthanapatel/Desktop/Himanshi/speech_emotion_detection-develop-v2/cremad_preprocessed/audio/1018_IEO_SAD_HI.wav,1018_IEO_SAD_HI.wav,1018,train,2,sad,4,fearful,0.8746450543403625
/Users/prarthanapatel/Desktop/Himanshi/speech_emotion_detection-develop-v2/cremad_preprocessed/audio/1018_IEO_SAD_LO.wav,1018_IEO_SAD_LO.wav,1018,train,2,sad,4,fearful,0.535868227481842
/Users/prarthanapatel/Desktop/Himanshi/speech_emotion_detection-develop-v2/cremad_preprocessed/audio/1018_IEO_SAD_MD.wav,1018_IEO_SAD_MD.wav,1018,train,2,sad,2,sad,0.7559168934822083
/Users/prarthanapatel/Desktop/Himanshi/speech_emotion_detection-develop-v2/cremad_preprocessed/audio/1018_IOM_ANG_XX.wav,1018_IOM_ANG_XX.wav,1018,train,3,angry,3,angry,0.9944630265235901
/Users/prarthanapatel/Desktop/Himanshi/speech_emotion_detection-develop-v2/cremad_preprocessed/audio/1018_IOM_DIS_XX.wav,1018_IOM_DIS_XX.wav,1018,train,5,disgust,5,disgust,0.6145572662353516
/Users/prarthanapatel/Desktop/Himanshi/speech_emotion_detection-develop-v2/cremad_preprocessed/audio/1018_IOM_FEA_XX.wav,1018_IOM_FEA_XX.wav,1018,train,4,fearful,4,fearful,0.86664879322052
/Users/prarthanapatel/Desktop/Himanshi/speech_emotion_detection-develop-v2/cremad_preprocessed/audio/1018_IOM_HAP_XX.wav,1018_IOM_HAP_XX.wav,1018,train,1,happy,1,happy,0.6449739933013916
/Users/prarthanapatel/Desktop/Himanshi/speech_emotion_detection-develop-v2/cremad_preprocessed/audio/1018_IOM_NEU_XX.wav,1018_IOM_NEU_XX.wav,1018,train,0,neutral,0,neutral,0.9799122214317322
/Users/prarthanapatel/Desktop/Himanshi/speech_emotion_detection-develop-v2/cremad_preprocessed/audio/1018_IOM_SAD_XX.wav,1018_IOM_SAD_XX.wav,1018,train,2,sad,4,fearful,0.6914152503013611
/Users/prarthanapatel/Desktop/Himanshi/speech_emotion_detection-develop-v2/cremad_preprocessed/audio/1018_ITH_ANG_XX.wav,1018_ITH_ANG_XX.wav,1018,train,3,angry,3,angry,0.994521975517273
/Users/prarthanapatel/Desktop/Himanshi/speech_emotion_detection-develop-v2/cremad_preprocessed/audio/1018_ITH_DIS_XX.wav,1018_ITH_DIS_XX.wav,1018,train,5,disgust,5,disgust,0.8617870211601257
/Users/prarthanapatel/Desktop/Himanshi/speech_emotion_detection-develop-v2/cremad_preprocessed/audio/1018_ITH_FEA_XX.wav,1018_ITH_FEA_XX.wav,1018,train,4,fearful,1,happy,0.9330690503120422
/Users/prarthanapatel/Desktop/Himanshi/speech_emotion_detection-develop-v2/cremad_preprocessed/audio/1018_ITH_HAP_XX.wav,1018_ITH_HAP_XX.wav,1018,train,1,happy,1,happy,0.9798999428749084
/Users/prarthanapatel/Desktop/Himanshi/speech_emotion_detection-develop-v2/cremad_preprocessed/audio/1018_ITH_NEU_XX.wav,1018_ITH_NEU_XX.wav,1018,train,0,neutral,0,neutral,0.9458652138710022
/Users/prarthanapatel/Desktop/Himanshi/speech_emotion_detection-develop-v2/cremad_preprocessed/audio/1018_ITH_SAD_XX.wav,1018_ITH_SAD_XX.wav,1018,train,2,sad,2,sad,0.5875611901283264
/Users/prarthanapatel/Desktop/Himanshi/speech_emotion_detection-develop-v2/cremad_preprocessed/audio/1018_ITS_ANG_XX.wav,1018_ITS_ANG_XX.wav,1018,train,3,angry,3,angry,0.9925715327262878
/Users/prarthanapatel/Desktop/Himanshi/speech_emotion_detection-develop-v2/cremad_preprocessed/audio/1018_ITS_DIS_XX.wav,1018_ITS_DIS_XX.wav,1018,train,5,disgust,5,disgust,0.7027285695075989
/Users/prarthanapatel/Desktop/Himanshi/speech_emotion_detection-develop-v2/cremad_preprocessed/audio/1018_ITS_FEA_XX.wav,1018_ITS_FEA_XX.wav,1018,train,4,fearful,4,fearful,0.8790708184242249
/Users/prarthanapatel/Desktop/Himanshi/speech_emotion_detection-develop-v2/cremad_preprocessed/audio/1018_ITS_HAP_XX.wav,1018_ITS_HAP_XX.wav,1018,train,1,happy,1,happy,0.9755399823188782
/Users/prarthanapatel/Desktop/Himanshi/speech_emotion_detection-develop-v2/cremad_preprocessed/audio/1018_ITS_NEU_XX.wav,1018_ITS_NEU_XX.wav,1018,train,0,neutral,0,neutral,0.9811765551567078
/Users/prarthanapatel/Desktop/Himanshi/speech_emotion_detection-develop-v2/cremad_preprocessed/audio/1018_ITS_SAD_XX.wav,1018_ITS_SAD_XX.wav,1018,train,2,sad,2,sad,0.835852324962616
/Users/prarthanapatel/Desktop/Himanshi/speech_emotion_detection-develop-v2/cremad_preprocessed/audio/1018_IWL_ANG_XX.wav,1018_IWL_ANG_XX.wav,1018,train,3,angry,3,angry,0.9909148812294006
/Users/prarthanapatel/Desktop/Himanshi/speech_emotion_detection-develop-v2/cremad_preprocessed/audio/1018_IWL_DIS_XX.wav,1018_IWL_DIS_XX.wav,1018,train,5,disgust,5,disgust,0.8618343472480774
/Users/prarthanapatel/Desktop/Himanshi/speech_emotion_detection-develop-v2/cremad_preprocessed/audio/1018_IWL_FEA_XX.wav,1018_IWL_FEA_XX.wav,1018,train,4,fearful,4,fearful,0.9586845636367798
/Users/prarthanapatel/Desktop/Himanshi/speech_emotion_detection-develop-v2/cremad_preprocessed/audio/1018_IWL_HAP_XX.wav,1018_IWL_HAP_XX.wav,1018,train,1,happy,1,happy,0.9709382057189941
/Users/prarthanapatel/Desktop/Himanshi/speech_emotion_detection-develop-v2/cremad_preprocessed/audio/1018_IWL_NEU_XX.wav,1018_IWL_NEU_XX.wav,1018,train,0,neutral,0,neutral,0.8740097880363464
/Users/prarthanapatel/Desktop/Himanshi/speech_emotion_detection-develop-v2/cremad_preprocessed/audio/1018_IWL_SAD_XX.wav,1018_IWL_SAD_XX.wav,1018,train,2,sad,2,sad,0.6826333999633789
/Users/prarthanapatel/Desktop/Himanshi/speech_emotion_detection-develop-v2/cremad_preprocessed/audio/1018_IWW_ANG_XX.wav,1018_IWW_ANG_XX.wav,1018,train,3,angry,3,angry,0.994253933429718
/Users/prarthanapatel/Desktop/Himanshi/speech_emotion_detection-develop-v2/cremad_preprocessed/audio/1018_IWW_DIS_XX.wav,1018_IWW_DIS_XX.wav,1018,train,5,disgust,5,disgust,0.7413320541381836
/Users/prarthanapatel/Desktop/Himanshi/speech_emotion_detection-develop-v2/cremad_preprocessed/audio/1018_IWW_FEA_XX.wav,1018_IWW_FEA_XX.wav,1018,train,4,fearful,4,fearful,0.8646541237831116
/Users/prarthanapatel/Desktop/Himanshi/speech_emotion_detection-develop-v2/cremad_preprocessed/audio/1018_IWW_HAP_XX.wav,1018_IWW_HAP_XX.wav,1018,train,1,happy,1,happy,0.9653520584106445
/Users/prarthanapatel/Desktop/Himanshi/speech_emotion_detection-develop-v2/cremad_preprocessed/audio/1018_IWW_NEU_XX.wav,1018_IWW_NEU_XX.wav,1018,train,0,neutral,0,neutral,0.9875476360321045
/Users/prarthanapatel/Desktop/Himanshi/speech_emotion_detection-develop-v2/cremad_preprocessed/audio/1018_IWW_SAD_XX.wav,1018_IWW_SAD_XX.wav,1018,train,2,sad,2,sad,0.7782974243164062
/Users/prarthanapatel/Desktop/Himanshi/speech_emotion_detection-develop-v2/cremad_preprocessed/audio/1018_MTI_ANG_XX.wav,1018_MTI_ANG_XX.wav,1018,train,3,angry,3,angry,0.9547472596168518
/Users/prarthanapatel/Desktop/Himanshi/speech_emotion_detection-develop-v2/cremad_preprocessed/audio/1018_MTI_DIS_XX.wav,1018_MTI_DIS_XX.wav,1018,train,5,disgust,5,disgust,0.7779096961021423
/Users/prarthanapatel/Desktop/Himanshi/speech_emotion_detection-develop-v2/cremad_preprocessed/audio/1018_MTI_FEA_XX.wav,1018_MTI_FEA_XX.wav,1018,train,4,fearful,4,fearful,0.8566439747810364
/Users/prarthanapatel/Desktop/Himanshi/speech_emotion_detection-develop-v2/cremad_preprocessed/audio/1018_MTI_HAP_XX.wav,1018_MTI_HAP_XX.wav,1018,train,1,happy,1,happy,0.9785152673721313
/Users/prarthanapatel/Desktop/Himanshi/speech_emotion_detection-develop-v2/cremad_preprocessed/audio/1018_MTI_NEU_XX.wav,1018_MTI_NEU_XX.wav,1018,train,0,neutral,0,neutral,0.9837990999221802
/Users/prarthanapatel/Desktop/Himanshi/speech_emotion_detection-develop-v2/cremad_preprocessed/audio/1018_MTI_SAD_XX.wav,1018_MTI_SAD_XX.wav,1018,train,2,sad,2,sad,0.7262141108512878
/Users/prarthanapatel/Desktop/Himanshi/speech_emotion_detection-develop-v2/cremad_preprocessed/audio/1018_TAI_ANG_XX.wav,1018_TAI_ANG_XX.wav,1018,train,3,angry,3,angry,0.9909271001815796
/Users/prarthanapatel/Desktop/Himanshi/speech_emotion_detection-develop-v2/cremad_preprocessed/audio/1018_TAI_DIS_XX.wav,1018_TAI_DIS_XX.wav,1018,train,5,disgust,5,disgust,0.9220393300056458
/Users/prarthanapatel/Desktop/Himanshi/speech_emotion_detection-develop-v2/cremad_preprocessed/audio/1018_TAI_FEA_XX.wav,1018_TAI_FEA_XX.wav,1018,train,4,fearful,4,fearful,0.9048110246658325
/Users/prarthanapatel/Desktop/Himanshi/speech_emotion_detection-develop-v2/cremad_preprocessed/audio/1018_TAI_HAP_XX.wav,1018_TAI_HAP_XX.wav,1018,train,1,happy,1,happy,0.9573813676834106
/Users/prarthanapatel/Desktop/Himanshi/speech_emotion_detection-develop-v2/cremad_preprocessed/audio/1018_TAI_NEU_XX.wav,1018_TAI_NEU_XX.wav,1018,train,0,neutral,0,neutral,0.9859588742256165
/Users/prarthanapatel/Desktop/Himanshi/speech_emotion_detection-develop-v2/cremad_preprocessed/audio/1018_TAI_SAD_XX.wav,1018_TAI_SAD_XX.wav,1018,train,2,sad,2,sad,0.878275454044342
/Users/prarthanapatel/Desktop/Himanshi/speech_emotion_detection-develop-v2/cremad_preprocessed/audio/1018_TIE_ANG_XX.wav,1018_TIE_ANG_XX.wav,1018,train,3,angry,3,angry,0.9940839409828186
/Users/prarthanapatel/Desktop/Himanshi/speech_emotion_detection-develop-v2/cremad_preprocessed/audio/1018_TIE_DIS_XX.wav,1018_TIE_DIS_XX.wav,1018,train,5,disgust,5,disgust,0.6024951934814453
/Users/prarthanapatel/Desktop/Himanshi/speech_emotion_detection-develop-v2/cremad_preprocessed/audio/1018_TIE_FEA_XX.wav,1018_TIE_FEA_XX.wav,1018,train,4,fearful,4,fearful,0.8702859282493591
/Users/prarthanapatel/Desktop/Himanshi/speech_emotion_detection-develop-v2/cremad_preprocessed/audio/1018_TIE_HAP_XX.wav,1018_TIE_HAP_XX.wav,1018,train,1,happy,1,happy,0.975374162197113
/Users/prarthanapatel/Desktop/Himanshi/speech_emotion_detection-develop-v2/cremad_preprocessed/audio/1018_TIE_NEU_XX.wav,1018_TIE_NEU_XX.wav,1018,train,0,neutral,0,neutral,0.9876669645309448
/Users/prarthanapatel/Desktop/Himanshi/speech_emotion_detection-develop-v2/cremad_preprocessed/audio/1018_TIE_SAD_XX.wav,1018_TIE_SAD_XX.wav,1018,train,2,sad,2,sad,0.9305679202079773
/Users/prarthanapatel/Desktop/Himanshi/speech_emotion_detection-develop-v2/cremad_preprocessed/audio/1018_TSI_ANG_XX.wav,1018_TSI_ANG_XX.wav,1018,train,3,angry,3,angry,0.973427414894104
/Users/prarthanapatel/Desktop/Himanshi/speech_emotion_detection-develop-v2/cremad_preprocessed/audio/1018_TSI_DIS_XX.wav,1018_TSI_DIS_XX.wav,1018,train,5,disgust,5,disgust,0.917441725730896
/Users/prarthanapatel/Desktop/Himanshi/speech_emotion_detection-develop-v2/cremad_preprocessed/audio/1018_TSI_FEA_XX.wav,1018_TSI_FEA_XX.wav,1018,train,4,fearful,4,fearful,0.6790205836296082
/Users/prarthanapatel/Desktop/Himanshi/speech_emotion_detection-develop-v2/cremad_preprocessed/audio/1018_TSI_HAP_XX.wav,1018_TSI_HAP_XX.wav,1018,train,1,happy,1,happy,0.9786576628684998
/Users/prarthanapatel/Desktop/Himanshi/speech_emotion_detection-develop-v2/cremad_preprocessed/audio/1018_TSI_NEU_XX.wav,1018_TSI_NEU_XX.wav,1018,train,0,neutral,0,neutral,0.9760463833808899
/Users/prarthanapatel/Desktop/Himanshi/speech_emotion_detection-develop-v2/cremad_preprocessed/audio/1018_TSI_SAD_XX.wav,1018_TSI_SAD_XX.wav,1018,train,2,sad,2,sad,0.9175307154655457
/Users/prarthanapatel/Desktop/Himanshi/speech_emotion_detection-develop-v2/cremad_preprocessed/audio/1018_WSI_ANG_XX.wav,1018_WSI_ANG_XX.wav,1018,train,3,angry,3,angry,0.9944467544555664
/Users/prarthanapatel/Desktop/Himanshi/speech_emotion_detection-develop-v2/cremad_preprocessed/audio/1018_WSI_DIS_XX.wav,1018_WSI_DIS_XX.wav,1018,train,5,disgust,5,disgust,0.9595581293106079
/Users/prarthanapatel/Desktop/Himanshi/speech_emotion_detection-develop-v2/cremad_preprocessed/audio/1018_WSI_FEA_XX.wav,1018_WSI_FEA_XX.wav,1018,train,4,fearful,1,happy,0.8651788234710693
/Users/prarthanapatel/Desktop/Himanshi/speech_emotion_detection-develop-v2/cremad_preprocessed/audio/1018_WSI_HAP_XX.wav,1018_WSI_HAP_XX.wav,1018,train,1,happy,1,happy,0.9761011004447937
/Users/prarthanapatel/Desktop/Himanshi/speech_emotion_detection-develop-v2/cremad_preprocessed/audio/1018_WSI_NEU_XX.wav,1018_WSI_NEU_XX.wav,1018,train,0,neutral,0,neutral,0.9872123599052429
/Users/prarthanapatel/Desktop/Himanshi/speech_emotion_detection-develop-v2/cremad_preprocessed/audio/1018_WSI_SAD_XX.wav,1018_WSI_SAD_XX.wav,1018,train,2,sad,2,sad,0.8931688666343689
/Users/prarthanapatel/Desktop/Himanshi/speech_emotion_detection-develop-v2/cremad_preprocessed/audio/1019_DFA_ANG_XX.wav,1019_DFA_ANG_XX.wav,1019,train,3,angry,3,angry,0.9944655299186707
/Users/prarthanapatel/Desktop/Himanshi/speech_emotion_detection-develop-v2/cremad_preprocessed/audio/1019_DFA_DIS_XX.wav,1019_DFA_DIS_XX.wav,1019,train,5,disgust,5,disgust,0.965645432472229
/Users/prarthanapatel/Desktop/Himanshi/speech_emotion_detection-develop-v2/cremad_preprocessed/audio/1019_DFA_FEA_XX.wav,1019_DFA_FEA_XX.wav,1019,train,4,fearful,2,sad,0.42963162064552307
/Users/prarthanapatel/Desktop/Himanshi/speech_emotion_detection-develop-v2/cremad_preprocessed/audio/1019_DFA_HAP_XX.wav,1019_DFA_HAP_XX.wav,1019,train,1,happy,4,fearful,0.49483346939086914
/Users/prarthanapatel/Desktop/Himanshi/speech_emotion_detection-develop-v2/cremad_preprocessed/audio/1019_DFA_NEU_XX.wav,1019_DFA_NEU_XX.wav,1019,train,0,neutral,0,neutral,0.9793964624404907
/Users/prarthanapatel/Desktop/Himanshi/speech_emotion_detection-develop-v2/cremad_preprocessed/audio/1019_DFA_SAD_XX.wav,1019_DFA_SAD_XX.wav,1019,train,2,sad,4,fearful,0.5605811476707458
/Users/prarthanapatel/Desktop/Himanshi/speech_emotion_detection-develop-v2/cremad_preprocessed/audio/1019_IEO_ANG_HI.wav,1019_IEO_ANG_HI.wav,1019,train,3,angry,3,angry,0.9949500560760498
/Users/prarthanapatel/Desktop/Himanshi/speech_emotion_detection-develop-v2/cremad_preprocessed/audio/1019_IEO_ANG_LO.wav,1019_IEO_ANG_LO.wav,1019,train,3,angry,3,angry,0.9842550754547119
/Users/prarthanapatel/Desktop/Himanshi/speech_emotion_detection-develop-v2/cremad_preprocessed/audio/1019_IEO_ANG_MD.wav,1019_IEO_ANG_MD.wav,1019,train,3,angry,3,angry,0.9943795800209045
/Users/prarthanapatel/Desktop/Himanshi/speech_emotion_detection-develop-v2/cremad_preprocessed/audio/1019_IEO_DIS_HI.wav,1019_IEO_DIS_HI.wav,1019,train,5,disgust,3,angry,0.9401869177818298
/Users/prarthanapatel/Desktop/Himanshi/speech_emotion_detection-develop-v2/cremad_preprocessed/audio/1019_IEO_DIS_LO.wav,1019_IEO_DIS_LO.wav,1019,train,5,disgust,5,disgust,0.8153392672538757
/Users/prarthanapatel/Desktop/Himanshi/speech_emotion_detection-develop-v2/cremad_preprocessed/audio/1019_IEO_DIS_MD.wav,1019_IEO_DIS_MD.wav,1019,train,5,disgust,5,disgust,0.8806356191635132
/Users/prarthanapatel/Desktop/Himanshi/speech_emotion_detection-develop-v2/cremad_preprocessed/audio/1019_IEO_FEA_HI.wav,1019_IEO_FEA_HI.wav,1019,train,4,fearful,4,fearful,0.9620620012283325
/Users/prarthanapatel/Desktop/Himanshi/speech_emotion_detection-develop-v2/cremad_preprocessed/audio/1019_IEO_FEA_LO.wav,1019_IEO_FEA_LO.wav,1019,train,4,fearful,4,fearful,0.7589507699012756
/Users/prarthanapatel/Desktop/Himanshi/speech_emotion_detection-develop-v2/cremad_preprocessed/audio/1019_IEO_FEA_MD.wav,1019_IEO_FEA_MD.wav,1019,train,4,fearful,5,disgust,0.7666290402412415
/Users/prarthanapatel/Desktop/Himanshi/speech_emotion_detection-develop-v2/cremad_preprocessed/audio/1019_IEO_HAP_HI.wav,1019_IEO_HAP_HI.wav,1019,train,1,happy,3,angry,0.6043205261230469
/Users/prarthanapatel/Desktop/Himanshi/speech_emotion_detection-develop-v2/cremad_preprocessed/audio/1019_IEO_HAP_LO.wav,1019_IEO_HAP_LO.wav,1019,train,1,happy,1,happy,0.9475594162940979
/Users/prarthanapatel/Desktop/Himanshi/speech_emotion_detection-develop-v2/cremad_preprocessed/audio/1019_IEO_HAP_MD.wav,1019_IEO_HAP_MD.wav,1019,train,1,happy,1,happy,0.9764611721038818
/Users/prarthanapatel/Desktop/Himanshi/speech_emotion_detection-develop-v2/cremad_preprocessed/audio/1019_IEO_NEU_XX.wav,1019_IEO_NEU_XX.wav,1019,train,0,neutral,0,neutral,0.9755085706710815
/Users/prarthanapatel/Desktop/Himanshi/speech_emotion_detection-develop-v2/cremad_preprocessed/audio/1019_IEO_SAD_HI.wav,1019_IEO_SAD_HI.wav,1019,train,2,sad,4,fearful,0.8441697955131531
/Users/prarthanapatel/Desktop/Himanshi/speech_emotion_detection-develop-v2/cremad_preprocessed/audio/1019_IEO_SAD_LO.wav,1019_IEO_SAD_LO.wav,1019,train,2,sad,2,sad,0.5165154933929443
/Users/prarthanapatel/Desktop/Himanshi/speech_emotion_detection-develop-v2/cremad_preprocessed/audio/1019_IEO_SAD_MD.wav,1019_IEO_SAD_MD.wav,1019,train,2,sad,0,neutral,0.499901682138443
/Users/prarthanapatel/Desktop/Himanshi/speech_emotion_detection-develop-v2/cremad_preprocessed/audio/1019_IOM_ANG_XX.wav,1019_IOM_ANG_XX.wav,1019,train,3,angry,3,angry,0.9948040843009949
/Users/prarthanapatel/Desktop/Himanshi/speech_emotion_detection-develop-v2/cremad_preprocessed/audio/1019_IOM_DIS_XX.wav,1019_IOM_DIS_XX.wav,1019,train,5,disgust,5,disgust,0.9681482911109924
/Users/prarthanapatel/Desktop/Himanshi/speech_emotion_detection-develop-v2/cremad_preprocessed/audio/1019_IOM_FEA_XX.wav,1019_IOM_FEA_XX.wav,1019,train,4,fearful,5,disgust,0.8830898404121399
/Users/prarthanapatel/Desktop/Himanshi/speech_emotion_detection-develop-v2/cremad_preprocessed/audio/1019_IOM_HAP_XX.wav,1019_IOM_HAP_XX.wav,1019,train,1,happy,1,happy,0.9736807346343994
/Users/prarthanapatel/Desktop/Himanshi/speech_emotion_detection-develop-v2/cremad_preprocessed/audio/1019_IOM_NEU_XX.wav,1019_IOM_NEU_XX.wav,1019,train,0,neutral,0,neutral,0.9855986833572388
/Users/prarthanapatel/Desktop/Himanshi/speech_emotion_detection-develop-v2/cremad_preprocessed/audio/1019_IOM_SAD_XX.wav,1019_IOM_SAD_XX.wav,1019,train,2,sad,2,sad,0.6792280077934265
/Users/prarthanapatel/Desktop/Himanshi/speech_emotion_detection-develop-v2/cremad_preprocessed/audio/1019_ITS_ANG_XX.wav,1019_ITS_ANG_XX.wav,1019,train,3,angry,3,angry,0.9864581227302551
/Users/prarthanapatel/Desktop/Himanshi/speech_emotion_detection-develop-v2/cremad_preprocessed/audio/1019_ITS_DIS_XX.wav,1019_ITS_DIS_XX.wav,1019,train,5,disgust,5,disgust,0.8896136283874512
/Users/prarthanapatel/Desktop/Himanshi/speech_emotion_detection-develop-v2/cremad_preprocessed/audio/1019_ITS_FEA_XX.wav,1019_ITS_FEA_XX.wav,1019,train,4,fearful,4,fearful,0.9368056058883667
/Users/prarthanapatel/Desktop/Himanshi/speech_emotion_detection-develop-v2/cremad_preprocessed/audio/1019_ITS_HAP_XX.wav,1019_ITS_HAP_XX.wav,1019,train,1,happy,1,happy,0.9585502743721008
/Users/prarthanapatel/Desktop/Himanshi/speech_emotion_detection-develop-v2/cremad_preprocessed/audio/1019_ITS_NEU_XX.wav,1019_ITS_NEU_XX.wav,1019,train,0,neutral,0,neutral,0.987327516078949
/Users/prarthanapatel/Desktop/Himanshi/speech_emotion_detection-develop-v2/cremad_preprocessed/audio/1019_ITS_SAD_XX.wav,1019_ITS_SAD_XX.wav,1019,train,2,sad,2,sad,0.6964400410652161
/Users/prarthanapatel/Desktop/Himanshi/speech_emotion_detection-develop-v2/cremad_preprocessed/audio/1019_IWL_ANG_XX.wav,1019_IWL_ANG_XX.wav,1019,train,3,angry,3,angry,0.991551399230957
/Users/prarthanapatel/Desktop/Himanshi/speech_emotion_detection-develop-v2/cremad_preprocessed/audio/1019_IWL_DIS_XX.wav,1019_IWL_DIS_XX.wav,1019,train,5,disgust,4,fearful,0.5108577609062195
/Users/prarthanapatel/Desktop/Himanshi/speech_emotion_detection-develop-v2/cremad_preprocessed/audio/1019_IWL_FEA_XX.wav,1019_IWL_FEA_XX.wav,1019,train,4,fearful,2,sad,0.725220263004303
/Users/prarthanapatel/Desktop/Himanshi/speech_emotion_detection-develop-v2/cremad_preprocessed/audio/1019_IWL_HAP_XX.wav,1019_IWL_HAP_XX.wav,1019,train,1,happy,1,happy,0.9617014527320862
/Users/prarthanapatel/Desktop/Himanshi/speech_emotion_detection-develop-v2/cremad_preprocessed/audio/1019_IWL_NEU_XX.wav,1019_IWL_NEU_XX.wav,1019,train,0,neutral,0,neutral,0.9824587106704712
/Users/prarthanapatel/Desktop/Himanshi/speech_emotion_detection-develop-v2/cremad_preprocessed/audio/1019_IWL_SAD_XX.wav,1019_IWL_SAD_XX.wav,1019,train,2,sad,2,sad,0.7977420687675476
/Users/prarthanapatel/Desktop/Himanshi/speech_emotion_detection-develop-v2/cremad_preprocessed/audio/1019_IWW_ANG_XX.wav,1019_IWW_ANG_XX.wav,1019,train,3,angry,3,angry,0.9939397573471069
/Users/prarthanapatel/Desktop/Himanshi/speech_emotion_detection-develop-v2/cremad_preprocessed/audio/1019_IWW_DIS_XX.wav,1019_IWW_DIS_XX.wav,1019,train,5,disgust,5,disgust,0.9220230579376221
/Users/prarthanapatel/Desktop/Himanshi/speech_emotion_detection-develop-v2/cremad_preprocessed/audio/1019_IWW_FEA_XX.wav,1019_IWW_FEA_XX.wav,1019,train,4,fearful,5,disgust,0.855143129825592
/Users/prarthanapatel/Desktop/Himanshi/speech_emotion_detection-develop-v2/cremad_preprocessed/audio/1019_IWW_HAP_XX.wav,1019_IWW_HAP_XX.wav,1019,train,1,happy,1,happy,0.9695791602134705
/Users/prarthanapatel/Desktop/Himanshi/speech_emotion_detection-develop-v2/cremad_preprocessed/audio/1019_IWW_NEU_XX.wav,1019_IWW_NEU_XX.wav,1019,train,0,neutral,0,neutral,0.9326733946800232
/Users/prarthanapatel/Desktop/Himanshi/speech_emotion_detection-develop-v2/cremad_preprocessed/audio/1019_IWW_SAD_XX.wav,1019_IWW_SAD_XX.wav,1019,train,2,sad,2,sad,0.8257543444633484
/Users/prarthanapatel/Desktop/Himanshi/speech_emotion_detection-develop-v2/cremad_preprocessed/audio/1019_MTI_ANG_XX.wav,1019_MTI_ANG_XX.wav,1019,train,3,angry,3,angry,0.9942881464958191
/Users/prarthanapatel/Desktop/Himanshi/speech_emotion_detection-develop-v2/cremad_preprocessed/audio/1019_MTI_DIS_XX.wav,1019_MTI_DIS_XX.wav,1019,train,5,disgust,5,disgust,0.775697648525238
/Users/prarthanapatel/Desktop/Himanshi/speech_emotion_detection-develop-v2/cremad_preprocessed/audio/1019_MTI_FEA_XX.wav,1019_MTI_FEA_XX.wav,1019,train,4,fearful,4,fearful,0.9026052951812744
/Users/prarthanapatel/Desktop/Himanshi/speech_emotion_detection-develop-v2/cremad_preprocessed/audio/1019_MTI_HAP_XX.wav,1019_MTI_HAP_XX.wav,1019,train,1,happy,1,happy,0.9725269675254822
/Users/prarthanapatel/Desktop/Himanshi/speech_emotion_detection-develop-v2/cremad_preprocessed/audio/1019_MTI_NEU_XX.wav,1019_MTI_NEU_XX.wav,1019,train,0,neutral,0,neutral,0.8244521021842957
/Users/prarthanapatel/Desktop/Himanshi/speech_emotion_detection-develop-v2/cremad_preprocessed/audio/1019_MTI_SAD_XX.wav,1019_MTI_SAD_XX.wav,1019,train,2,sad,2,sad,0.5154053568840027
/Users/prarthanapatel/Desktop/Himanshi/speech_emotion_detection-develop-v2/cremad_preprocessed/audio/1019_TAI_ANG_XX.wav,1019_TAI_ANG_XX.wav,1019,train,3,angry,3,angry,0.9942690134048462
/Users/prarthanapatel/Desktop/Himanshi/speech_emotion_detection-develop-v2/cremad_preprocessed/audio/1019_TAI_DIS_XX.wav,1019_TAI_DIS_XX.wav,1019,train,5,disgust,5,disgust,0.4921184182167053
/Users/prarthanapatel/Desktop/Himanshi/speech_emotion_detection-develop-v2/cremad_preprocessed/audio/1019_TAI_FEA_XX.wav,1019_TAI_FEA_XX.wav,1019,train,4,fearful,1,happy,0.9440670609474182
/Users/prarthanapatel/Desktop/Himanshi/speech_emotion_detection-develop-v2/cremad_preprocessed/audio/1019_TAI_HAP_XX.wav,1019_TAI_HAP_XX.wav,1019,train,1,happy,1,happy,0.9632939100265503
/Users/prarthanapatel/Desktop/Himanshi/speech_emotion_detection-develop-v2/cremad_preprocessed/audio/1019_TAI_NEU_XX.wav,1019_TAI_NEU_XX.wav,1019,train,0,neutral,0,neutral,0.9842118620872498
/Users/prarthanapatel/Desktop/Himanshi/speech_emotion_detection-develop-v2/cremad_preprocessed/audio/1019_TAI_SAD_XX.wav,1019_TAI_SAD_XX.wav,1019,train,2,sad,2,sad,0.5085076093673706
/Users/prarthanapatel/Desktop/Himanshi/speech_emotion_detection-develop-v2/cremad_preprocessed/audio/1019_TIE_ANG_XX.wav,1019_TIE_ANG_XX.wav,1019,train,3,angry,3,angry,0.9929867386817932
/Users/prarthanapatel/Desktop/Himanshi/speech_emotion_detection-develop-v2/cremad_preprocessed/audio/1019_TIE_DIS_XX.wav,1019_TIE_DIS_XX.wav,1019,train,5,disgust,5,disgust,0.825499415397644
/Users/prarthanapatel/Desktop/Himanshi/speech_emotion_detection-develop-v2/cremad_preprocessed/audio/1019_TIE_FEA_XX.wav,1019_TIE_FEA_XX.wav,1019,train,4,fearful,4,fearful,0.5587912201881409
/Users/prarthanapatel/Desktop/Himanshi/speech_emotion_detection-develop-v2/cremad_preprocessed/audio/1019_TIE_HAP_XX.wav,1019_TIE_HAP_XX.wav,1019,train,1,happy,0,neutral,0.4534880220890045
/Users/prarthanapatel/Desktop/Himanshi/speech_emotion_detection-develop-v2/cremad_preprocessed/audio/1019_TIE_NEU_XX.wav,1019_TIE_NEU_XX.wav,1019,train,0,neutral,0,neutral,0.9674256443977356
/Users/prarthanapatel/Desktop/Himanshi/speech_emotion_detection-develop-v2/cremad_preprocessed/audio/1019_TIE_SAD_XX.wav,1019_TIE_SAD_XX.wav,1019,train,2,sad,1,happy,0.5840321779251099
/Users/prarthanapatel/Desktop/Himanshi/speech_emotion_detection-develop-v2/cremad_preprocessed/audio/1019_TSI_ANG_XX.wav,1019_TSI_ANG_XX.wav,1019,train,3,angry,3,angry,0.9939418435096741
/Users/prarthanapatel/Desktop/Himanshi/speech_emotion_detection-develop-v2/cremad_preprocessed/audio/1019_TSI_DIS_XX.wav,1019_TSI_DIS_XX.wav,1019,train,5,disgust,5,disgust,0.7084705233573914
/Users/prarthanapatel/Desktop/Himanshi/speech_emotion_detection-develop-v2/cremad_preprocessed/audio/1019_TSI_FEA_XX.wav,1019_TSI_FEA_XX.wav,1019,train,4,fearful,4,fearful,0.8404009342193604
/Users/prarthanapatel/Desktop/Himanshi/speech_emotion_detection-develop-v2/cremad_preprocessed/audio/1019_TSI_HAP_XX.wav,1019_TSI_HAP_XX.wav,1019,train,1,happy,1,happy,0.9813481569290161
/Users/prarthanapatel/Desktop/Himanshi/speech_emotion_detection-develop-v2/cremad_preprocessed/audio/1019_TSI_NEU_XX.wav,1019_TSI_NEU_XX.wav,1019,train,0,neutral,0,neutral,0.9801605343818665
/Users/prarthanapatel/Desktop/Himanshi/speech_emotion_detection-develop-v2/cremad_preprocessed/audio/1019_TSI_SAD_XX.wav,1019_TSI_SAD_XX.wav,1019,train,2,sad,2,sad,0.6637333631515503
/Users/prarthanapatel/Desktop/Himanshi/speech_emotion_detection-develop-v2/cremad_preprocessed/audio/1019_WSI_ANG_XX.wav,1019_WSI_ANG_XX.wav,1019,train,3,angry,3,angry,0.9945722222328186
/Users/prarthanapatel/Desktop/Himanshi/speech_emotion_detection-develop-v2/cremad_preprocessed/audio/1019_WSI_DIS_XX.wav,1019_WSI_DIS_XX.wav,1019,train,5,disgust,5,disgust,0.9675833582878113
/Users/prarthanapatel/Desktop/Himanshi/speech_emotion_detection-develop-v2/cremad_preprocessed/audio/1019_WSI_FEA_XX.wav,1019_WSI_FEA_XX.wav,1019,train,4,fearful,4,fearful,0.8439071178436279
/Users/prarthanapatel/Desktop/Himanshi/speech_emotion_detection-develop-v2/cremad_preprocessed/audio/1019_WSI_HAP_XX.wav,1019_WSI_HAP_XX.wav,1019,train,1,happy,1,happy,0.9013775587081909
/Users/prarthanapatel/Desktop/Himanshi/speech_emotion_detection-develop-v2/cremad_preprocessed/audio/1019_WSI_NEU_XX.wav,1019_WSI_NEU_XX.wav,1019,train,0,neutral,0,neutral,0.9802497625350952
/Users/prarthanapatel/Desktop/Himanshi/speech_emotion_detection-develop-v2/cremad_preprocessed/audio/1019_WSI_SAD_XX.wav,1019_WSI_SAD_XX.wav,1019,train,2,sad,2,sad,0.4352857172489166
/Users/prarthanapatel/Desktop/Himanshi/speech_emotion_detection-develop-v2/cremad_preprocessed/audio/1021_DFA_ANG_XX.wav,1021_DFA_ANG_XX.wav,1021,train,3,angry,3,angry,0.9922865629196167
/Users/prarthanapatel/Desktop/Himanshi/speech_emotion_detection-develop-v2/cremad_preprocessed/audio/1021_DFA_DIS_XX.wav,1021_DFA_DIS_XX.wav,1021,train,5,disgust,2,sad,0.5188806056976318
/Users/prarthanapatel/Desktop/Himanshi/speech_emotion_detection-develop-v2/cremad_preprocessed/audio/1021_DFA_FEA_XX.wav,1021_DFA_FEA_XX.wav,1021,train,4,fearful,2,sad,0.876641571521759
/Users/prarthanapatel/Desktop/Himanshi/speech_emotion_detection-develop-v2/cremad_preprocessed/audio/1021_DFA_HAP_XX.wav,1021_DFA_HAP_XX.wav,1021,train,1,happy,1,happy,0.941669225692749
/Users/prarthanapatel/Desktop/Himanshi/speech_emotion_detection-develop-v2/cremad_preprocessed/audio/1021_DFA_NEU_XX.wav,1021_DFA_NEU_XX.wav,1021,train,0,neutral,0,neutral,0.9833158850669861
/Users/prarthanapatel/Desktop/Himanshi/speech_emotion_detection-develop-v2/cremad_preprocessed/audio/1021_DFA_SAD_XX.wav,1021_DFA_SAD_XX.wav,1021,train,2,sad,2,sad,0.9304164052009583
/Users/prarthanapatel/Desktop/Himanshi/speech_emotion_detection-develop-v2/cremad_preprocessed/audio/1021_IEO_ANG_HI.wav,1021_IEO_ANG_HI.wav,1021,train,3,angry,3,angry,0.9934622049331665
/Users/prarthanapatel/Desktop/Himanshi/speech_emotion_detection-develop-v2/cremad_preprocessed/audio/1021_IEO_ANG_LO.wav,1021_IEO_ANG_LO.wav,1021,train,3,angry,3,angry,0.9850538372993469
/Users/prarthanapatel/Desktop/Himanshi/speech_emotion_detection-develop-v2/cremad_preprocessed/audio/1021_IEO_ANG_MD.wav,1021_IEO_ANG_MD.wav,1021,train,3,angry,3,angry,0.9938713312149048
/Users/prarthanapatel/Desktop/Himanshi/speech_emotion_detection-develop-v2/cremad_preprocessed/audio/1021_IEO_DIS_HI.wav,1021_IEO_DIS_HI.wav,1021,train,5,disgust,5,disgust,0.868894100189209
/Users/prarthanapatel/Desktop/Himanshi/speech_emotion_detection-develop-v2/cremad_preprocessed/audio/1021_IEO_DIS_LO.wav,1021_IEO_DIS_LO.wav,1021,train,5,disgust,1,happy,0.5034347176551819
/Users/prarthanapatel/Desktop/Himanshi/speech_emotion_detection-develop-v2/cremad_preprocessed/audio/1021_IEO_DIS_MD.wav,1021_IEO_DIS_MD.wav,1021,train,5,disgust,5,disgust,0.7262209057807922
/Users/prarthanapatel/Desktop/Himanshi/speech_emotion_detection-develop-v2/cremad_preprocessed/audio/1021_IEO_FEA_HI.wav,1021_IEO_FEA_HI.wav,1021,train,4,fearful,5,disgust,0.5776243805885315
/Users/prarthanapatel/Desktop/Himanshi/speech_emotion_detection-develop-v2/cremad_preprocessed/audio/1021_IEO_FEA_LO.wav,1021_IEO_FEA_LO.wav,1021,train,4,fearful,4,fearful,0.9307236671447754
/Users/prarthanapatel/Desktop/Himanshi/speech_emotion_detection-develop-v2/cremad_preprocessed/audio/1021_IEO_FEA_MD.wav,1021_IEO_FEA_MD.wav,1021,train,4,fearful,2,sad,0.5764931440353394
/Users/prarthanapatel/Desktop/Himanshi/speech_emotion_detection-develop-v2/cremad_preprocessed/audio/1021_IEO_HAP_HI.wav,1021_IEO_HAP_HI.wav,1021,train,1,happy,3,angry,0.7151835560798645
/Users/prarthanapatel/Desktop/Himanshi/speech_emotion_detection-develop-v2/cremad_preprocessed/audio/1021_IEO_HAP_LO.wav,1021_IEO_HAP_LO.wav,1021,train,1,happy,1,happy,0.9650164246559143
/Users/prarthanapatel/Desktop/Himanshi/speech_emotion_detection-develop-v2/cremad_preprocessed/audio/1021_IEO_HAP_MD.wav,1021_IEO_HAP_MD.wav,1021,train,1,happy,1,happy,0.9544482827186584
/Users/prarthanapatel/Desktop/Himanshi/speech_emotion_detection-develop-v2/cremad_preprocessed/audio/1021_IEO_NEU_XX.wav,1021_IEO_NEU_XX.wav,1021,train,0,neutral,0,neutral,0.9413062930107117
/Users/prarthanapatel/Desktop/Himanshi/speech_emotion_detection-develop-v2/cremad_preprocessed/audio/1021_IEO_SAD_HI.wav,1021_IEO_SAD_HI.wav,1021,train,2,sad,2,sad,0.8160538673400879
/Users/prarthanapatel/Desktop/Himanshi/speech_emotion_detection-develop-v2/cremad_preprocessed/audio/1021_IEO_SAD_LO.wav,1021_IEO_SAD_LO.wav,1021,train,2,sad,4,fearful,0.5025044083595276
/Users/prarthanapatel/Desktop/Himanshi/speech_emotion_detection-develop-v2/cremad_preprocessed/audio/1021_IEO_SAD_MD.wav,1021_IEO_SAD_MD.wav,1021,train,2,sad,4,fearful,0.8459978103637695
/Users/prarthanapatel/Desktop/Himanshi/speech_emotion_detection-develop-v2/cremad_preprocessed/audio/1021_IOM_ANG_XX.wav,1021_IOM_ANG_XX.wav,1021,train,3,angry,3,angry,0.9942527413368225
/Users/prarthanapatel/Desktop/Himanshi/speech_emotion_detection-develop-v2/cremad_preprocessed/audio/1021_IOM_DIS_XX.wav,1021_IOM_DIS_XX.wav,1021,train,5,disgust,4,fearful,0.9489095211029053
/Users/prarthanapatel/Desktop/Himanshi/speech_emotion_detection-develop-v2/cremad_preprocessed/audio/1021_IOM_FEA_XX.wav,1021_IOM_FEA_XX.wav,1021,train,4,fearful,4,fearful,0.9614511132240295
/Users/prarthanapatel/Desktop/Himanshi/speech_emotion_detection-develop-v2/cremad_preprocessed/audio/1021_IOM_HAP_XX.wav,1021_IOM_HAP_XX.wav,1021,train,1,happy,1,happy,0.9661027193069458
/Users/prarthanapatel/Desktop/Himanshi/speech_emotion_detection-develop-v2/cremad_preprocessed/audio/1021_IOM_NEU_XX.wav,1021_IOM_NEU_XX.wav,1021,train,0,neutral,0,neutral,0.988596498966217
/Users/prarthanapatel/Desktop/Himanshi/speech_emotion_detection-develop-v2/cremad_preprocessed/audio/1021_IOM_SAD_XX.wav,1021_IOM_SAD_XX.wav,1021,train,2,sad,2,sad,0.9124099016189575
/Users/prarthanapatel/Desktop/Himanshi/speech_emotion_detection-develop-v2/cremad_preprocessed/audio/1021_ITH_ANG_XX.wav,1021_ITH_ANG_XX.wav,1021,train,3,angry,3,angry,0.993638813495636
/Users/prarthanapatel/Desktop/Himanshi/speech_emotion_detection-develop-v2/cremad_preprocessed/audio/1021_ITH_DIS_XX.wav,1021_ITH_DIS_XX.wav,1021,train,5,disgust,2,sad,0.4161652624607086
/Users/prarthanapatel/Desktop/Himanshi/speech_emotion_detection-develop-v2/cremad_preprocessed/audio/1021_ITH_FEA_XX.wav,1021_ITH_FEA_XX.wav,1021,train,4,fearful,4,fearful,0.6373545527458191
/Users/prarthanapatel/Desktop/Himanshi/speech_emotion_detection-develop-v2/cremad_preprocessed/audio/1021_ITH_HAP_XX.wav,1021_ITH_HAP_XX.wav,1021,train,1,happy,0,neutral,0.9519789218902588
/Users/prarthanapatel/Desktop/Himanshi/speech_emotion_detection-develop-v2/cremad_preprocessed/audio/1021_ITH_NEU_XX.wav,1021_ITH_NEU_XX.wav,1021,train,0,neutral,0,neutral,0.9877514839172363
/Users/prarthanapatel/Desktop/Himanshi/speech_emotion_detection-develop-v2/cremad_preprocessed/audio/1021_ITH_SAD_XX.wav,1021_ITH_SAD_XX.wav,1021,train,2,sad,2,sad,0.5420417189598083
/Users/prarthanapatel/Desktop/Himanshi/speech_emotion_detection-develop-v2/cremad_preprocessed/audio/1021_ITS_ANG_XX.wav,1021_ITS_ANG_XX.wav,1021,train,3,angry,3,angry,0.9943351149559021
/Users/prarthanapatel/Desktop/Himanshi/speech_emotion_detection-develop-v2/cremad_preprocessed/audio/1021_ITS_DIS_XX.wav,1021_ITS_DIS_XX.wav,1021,train,5,disgust,5,disgust,0.6696945428848267
/Users/prarthanapatel/Desktop/Himanshi/speech_emotion_detection-develop-v2/cremad_preprocessed/audio/1021_ITS_FEA_XX.wav,1021_ITS_FEA_XX.wav,1021,train,4,fearful,2,sad,0.8437750935554504
/Users/prarthanapatel/Desktop/Himanshi/speech_emotion_detection-develop-v2/cremad_preprocessed/audio/1021_ITS_HAP_XX.wav,1021_ITS_HAP_XX.wav,1021,train,1,happy,0,neutral,0.8707484602928162
/Users/prarthanapatel/Desktop/Himanshi/speech_emotion_detection-develop-v2/cremad_preprocessed/audio/1021_ITS_NEU_XX.wav,1021_ITS_NEU_XX.wav,1021,train,0,neutral,0,neutral,0.9888732433319092
/Users/prarthanapatel/Desktop/Himanshi/speech_emotion_detection-develop-v2/cremad_preprocessed/audio/1021_ITS_SAD_XX.wav,1021_ITS_SAD_XX.wav,1021,train,2,sad,2,sad,0.5855781435966492
/Users/prarthanapatel/Desktop/Himanshi/speech_emotion_detection-develop-v2/cremad_preprocessed/audio/1021_IWL_ANG_XX.wav,1021_IWL_ANG_XX.wav,1021,train,3,angry,3,angry,0.9945123195648193
/Users/prarthanapatel/Desktop/Himanshi/speech_emotion_detection-develop-v2/cremad_preprocessed/audio/1021_IWL_DIS_XX.wav,1021_IWL_DIS_XX.wav,1021,train,5,disgust,2,sad,0.692974865436554
/Users/prarthanapatel/Desktop/Himanshi/speech_emotion_detection-develop-v2/cremad_preprocessed/audio/1021_IWL_FEA_XX.wav,1021_IWL_FEA_XX.wav,1021,train,4,fearful,4,fearful,0.9125965237617493
/Users/prarthanapatel/Desktop/Himanshi/speech_emotion_detection-develop-v2/cremad_preprocessed/audio/1021_IWL_HAP_XX.wav,1021_IWL_HAP_XX.wav,1021,train,1,happy,1,happy,0.8065908551216125
/Users/prarthanapatel/Desktop/Himanshi/speech_emotion_detection-develop-v2/cremad_preprocessed/audio/1021_IWL_NEU_XX.wav,1021_IWL_NEU_XX.wav,1021,train,0,neutral,0,neutral,0.9821891188621521
/Users/prarthanapatel/Desktop/Himanshi/speech_emotion_detection-develop-v2/cremad_preprocessed/audio/1021_IWL_SAD_XX.wav,1021_IWL_SAD_XX.wav,1021,train,2,sad,0,neutral,0.6237574219703674
/Users/prarthanapatel/Desktop/Himanshi/speech_emotion_detection-develop-v2/cremad_preprocessed/audio/1021_IWW_ANG_XX.wav,1021_IWW_ANG_XX.wav,1021,train,3,angry,3,angry,0.9944250583648682
/Users/prarthanapatel/Desktop/Himanshi/speech_emotion_detection-develop-v2/cremad_preprocessed/audio/1021_IWW_DIS_XX.wav,1021_IWW_DIS_XX.wav,1021,train,5,disgust,5,disgust,0.5214439630508423
/Users/prarthanapatel/Desktop/Himanshi/speech_emotion_detection-develop-v2/cremad_preprocessed/audio/1021_IWW_FEA_XX.wav,1021_IWW_FEA_XX.wav,1021,train,4,fearful,2,sad,0.6479875445365906
/Users/prarthanapatel/Desktop/Himanshi/speech_emotion_detection-develop-v2/cremad_preprocessed/audio/1021_IWW_HAP_XX.wav,1021_IWW_HAP_XX.wav,1021,train,1,happy,1,happy,0.9510671496391296
/Users/prarthanapatel/Desktop/Himanshi/speech_emotion_detection-develop-v2/cremad_preprocessed/audio/1021_IWW_NEU_XX.wav,1021_IWW_NEU_XX.wav,1021,train,0,neutral,0,neutral,0.9876950979232788
/Users/prarthanapatel/Desktop/Himanshi/speech_emotion_detection-develop-v2/cremad_preprocessed/audio/1021_IWW_SAD_XX.wav,1021_IWW_SAD_XX.wav,1021,train,2,sad,2,sad,0.767583966255188
/Users/prarthanapatel/Desktop/Himanshi/speech_emotion_detection-develop-v2/cremad_preprocessed/audio/1021_MTI_ANG_XX.wav,1021_MTI_ANG_XX.wav,1021,train,3,angry,3,angry,0.9904298186302185
/Users/prarthanapatel/Desktop/Himanshi/speech_emotion_detection-develop-v2/cremad_preprocessed/audio/1021_MTI_DIS_XX.wav,1021_MTI_DIS_XX.wav,1021,train,5,disgust,5,disgust,0.8860710263252258
/Users/prarthanapatel/Desktop/Himanshi/speech_emotion_detection-develop-v2/cremad_preprocessed/audio/1021_MTI_FEA_XX.wav,1021_MTI_FEA_XX.wav,1021,train,4,fearful,2,sad,0.7695907354354858
/Users/prarthanapatel/Desktop/Himanshi/speech_emotion_detection-develop-v2/cremad_preprocessed/audio/1021_MTI_HAP_XX.wav,1021_MTI_HAP_XX.wav,1021,train,1,happy,1,happy,0.8437836170196533
/Users/prarthanapatel/Desktop/Himanshi/speech_emotion_detection-develop-v2/cremad_preprocessed/audio/1021_MTI_NEU_XX.wav,1021_MTI_NEU_XX.wav,1021,train,0,neutral,0,neutral,0.9889167547225952
/Users/prarthanapatel/Desktop/Himanshi/speech_emotion_detection-develop-v2/cremad_preprocessed/audio/1021_MTI_SAD_XX.wav,1021_MTI_SAD_XX.wav,1021,train,2,sad,2,sad,0.8395652174949646
/Users/prarthanapatel/Desktop/Himanshi/speech_emotion_detection-develop-v2/cremad_preprocessed/audio/1021_TAI_ANG_XX.wav,1021_TAI_ANG_XX.wav,1021,train,3,angry,3,angry,0.9836317300796509
/Users/prarthanapatel/Desktop/Himanshi/speech_emotion_detection-develop-v2/cremad_preprocessed/audio/1021_TAI_DIS_XX.wav,1021_TAI_DIS_XX.wav,1021,train,5,disgust,5,disgust,0.7589406371116638
/Users/prarthanapatel/Desktop/Himanshi/speech_emotion_detection-develop-v2/cremad_preprocessed/audio/1021_TAI_FEA_XX.wav,1021_TAI_FEA_XX.wav,1021,train,4,fearful,2,sad,0.8496415615081787
/Users/prarthanapatel/Desktop/Himanshi/speech_emotion_detection-develop-v2/cremad_preprocessed/audio/1021_TAI_HAP_XX.wav,1021_TAI_HAP_XX.wav,1021,train,1,happy,1,happy,0.932656466960907
/Users/prarthanapatel/Desktop/Himanshi/speech_emotion_detection-develop-v2/cremad_preprocessed/audio/1021_TAI_NEU_XX.wav,1021_TAI_NEU_XX.wav,1021,train,0,neutral,0,neutral,0.9874053597450256
/Users/prarthanapatel/Desktop/Himanshi/speech_emotion_detection-develop-v2/cremad_preprocessed/audio/1021_TAI_SAD_XX.wav,1021_TAI_SAD_XX.wav,1021,train,2,sad,2,sad,0.9162254929542542
/Users/prarthanapatel/Desktop/Himanshi/speech_emotion_detection-develop-v2/cremad_preprocessed/audio/1021_TIE_ANG_XX.wav,1021_TIE_ANG_XX.wav,1021,train,3,angry,3,angry,0.9938817024230957
/Users/prarthanapatel/Desktop/Himanshi/speech_emotion_detection-develop-v2/cremad_preprocessed/audio/1021_TIE_DIS_XX.wav,1021_TIE_DIS_XX.wav,1021,train,5,disgust,5,disgust,0.8357044458389282
/Users/prarthanapatel/Desktop/Himanshi/speech_emotion_detection-develop-v2/cremad_preprocessed/audio/1021_TIE_FEA_XX.wav,1021_TIE_FEA_XX.wav,1021,train,4,fearful,4,fearful,0.4618687927722931
/Users/prarthanapatel/Desktop/Himanshi/speech_emotion_detection-develop-v2/cremad_preprocessed/audio/1021_TIE_HAP_XX.wav,1021_TIE_HAP_XX.wav,1021,train,1,happy,1,happy,0.736665666103363
/Users/prarthanapatel/Desktop/Himanshi/speech_emotion_detection-develop-v2/cremad_preprocessed/audio/1021_TIE_NEU_XX.wav,1021_TIE_NEU_XX.wav,1021,train,0,neutral,0,neutral,0.964629054069519
/Users/prarthanapatel/Desktop/Himanshi/speech_emotion_detection-develop-v2/cremad_preprocessed/audio/1021_TIE_SAD_XX.wav,1021_TIE_SAD_XX.wav,1021,train,2,sad,2,sad,0.4943928122520447
/Users/prarthanapatel/Desktop/Himanshi/speech_emotion_detection-develop-v2/cremad_preprocessed/audio/1021_TSI_ANG_XX.wav,1021_TSI_ANG_XX.wav,1021,train,3,angry,3,angry,0.9944401979446411
/Users/prarthanapatel/Desktop/Himanshi/speech_emotion_detection-develop-v2/cremad_preprocessed/audio/1021_TSI_DIS_XX.wav,1021_TSI_DIS_XX.wav,1021,train,5,disgust,1,happy,0.6955742239952087
/Users/prarthanapatel/Desktop/Himanshi/speech_emotion_detection-develop-v2/cremad_preprocessed/audio/1021_TSI_FEA_XX.wav,1021_TSI_FEA_XX.wav,1021,train,4,fearful,4,fearful,0.5731779932975769
/Users/prarthanapatel/Desktop/Himanshi/speech_emotion_detection-develop-v2/cremad_preprocessed/audio/1021_TSI_HAP_XX.wav,1021_TSI_HAP_XX.wav,1021,train,1,happy,1,happy,0.5934719443321228
/Users/prarthanapatel/Desktop/Himanshi/speech_emotion_detection-develop-v2/cremad_preprocessed/audio/1021_TSI_NEU_XX.wav,1021_TSI_NEU_XX.wav,1021,train,0,neutral,0,neutral,0.9861108064651489
/Users/prarthanapatel/Desktop/Himanshi/speech_emotion_detection-develop-v2/cremad_preprocessed/audio/1021_TSI_SAD_XX.wav,1021_TSI_SAD_XX.wav,1021,train,2,sad,2,sad,0.922825038433075
/Users/prarthanapatel/Desktop/Himanshi/speech_emotion_detection-develop-v2/cremad_preprocessed/audio/1021_WSI_ANG_XX.wav,1021_WSI_ANG_XX.wav,1021,train,3,angry,3,angry,0.9947027564048767
/Users/prarthanapatel/Desktop/Himanshi/speech_emotion_detection-develop-v2/cremad_preprocessed/audio/1021_WSI_DIS_XX.wav,1021_WSI_DIS_XX.wav,1021,train,5,disgust,0,neutral,0.4853232204914093
/Users/prarthanapatel/Desktop/Himanshi/speech_emotion_detection-develop-v2/cremad_preprocessed/audio/1021_WSI_FEA_XX.wav,1021_WSI_FEA_XX.wav,1021,train,4,fearful,2,sad,0.6667672991752625
/Users/prarthanapatel/Desktop/Himanshi/speech_emotion_detection-develop-v2/cremad_preprocessed/audio/1021_WSI_HAP_XX.wav,1021_WSI_HAP_XX.wav,1021,train,1,happy,1,happy,0.8575959205627441
/Users/prarthanapatel/Desktop/Himanshi/speech_emotion_detection-develop-v2/cremad_preprocessed/audio/1021_WSI_NEU_XX.wav,1021_WSI_NEU_XX.wav,1021,train,0,neutral,0,neutral,0.9885537624359131
/Users/prarthanapatel/Desktop/Himanshi/speech_emotion_detection-develop-v2/cremad_preprocessed/audio/1021_WSI_SAD_XX.wav,1021_WSI_SAD_XX.wav,1021,train,2,sad,2,sad,0.8947262763977051
/Users/prarthanapatel/Desktop/Himanshi/speech_emotion_detection-develop-v2/cremad_preprocessed/audio/1022_DFA_ANG_XX.wav,1022_DFA_ANG_XX.wav,1022,train,3,angry,3,angry,0.994999885559082
/Users/prarthanapatel/Desktop/Himanshi/speech_emotion_detection-develop-v2/cremad_preprocessed/audio/1022_DFA_DIS_XX.wav,1022_DFA_DIS_XX.wav,1022,train,5,disgust,5,disgust,0.928141713142395
/Users/prarthanapatel/Desktop/Himanshi/speech_emotion_detection-develop-v2/cremad_preprocessed/audio/1022_DFA_FEA_XX.wav,1022_DFA_FEA_XX.wav,1022,train,4,fearful,2,sad,0.4899771213531494
/Users/prarthanapatel/Desktop/Himanshi/speech_emotion_detection-develop-v2/cremad_preprocessed/audio/1022_DFA_HAP_XX.wav,1022_DFA_HAP_XX.wav,1022,train,1,happy,1,happy,0.9506268501281738
/Users/prarthanapatel/Desktop/Himanshi/speech_emotion_detection-develop-v2/cremad_preprocessed/audio/1022_DFA_NEU_XX.wav,1022_DFA_NEU_XX.wav,1022,train,0,neutral,0,neutral,0.9853044152259827
/Users/prarthanapatel/Desktop/Himanshi/speech_emotion_detection-develop-v2/cremad_preprocessed/audio/1022_DFA_SAD_XX.wav,1022_DFA_SAD_XX.wav,1022,train,2,sad,2,sad,0.5540470480918884
/Users/prarthanapatel/Desktop/Himanshi/speech_emotion_detection-develop-v2/cremad_preprocessed/audio/1022_IEO_ANG_HI.wav,1022_IEO_ANG_HI.wav,1022,train,3,angry,3,angry,0.9927247762680054
/Users/prarthanapatel/Desktop/Himanshi/speech_emotion_detection-develop-v2/cremad_preprocessed/audio/1022_IEO_ANG_LO.wav,1022_IEO_ANG_LO.wav,1022,train,3,angry,3,angry,0.9943856000900269
/Users/prarthanapatel/Desktop/Himanshi/speech_emotion_detection-develop-v2/cremad_preprocessed/audio/1022_IEO_ANG_MD.wav,1022_IEO_ANG_MD.wav,1022,train,3,angry,3,angry,0.9939555525779724
/Users/prarthanapatel/Desktop/Himanshi/speech_emotion_detection-develop-v2/cremad_preprocessed/audio/1022_IEO_DIS_HI.wav,1022_IEO_DIS_HI.wav,1022,train,5,disgust,5,disgust,0.8846842646598816
/Users/prarthanapatel/Desktop/Himanshi/speech_emotion_detection-develop-v2/cremad_preprocessed/audio/1022_IEO_DIS_LO.wav,1022_IEO_DIS_LO.wav,1022,train,5,disgust,1,happy,0.7857282161712646
/Users/prarthanapatel/Desktop/Himanshi/speech_emotion_detection-develop-v2/cremad_preprocessed/audio/1022_IEO_DIS_MD.wav,1022_IEO_DIS_MD.wav,1022,train,5,disgust,1,happy,0.9587650895118713
/Users/prarthanapatel/Desktop/Himanshi/speech_emotion_detection-develop-v2/cremad_preprocessed/audio/1022_IEO_FEA_HI.wav,1022_IEO_FEA_HI.wav,1022,train,4,fearful,4,fearful,0.8499431014060974
/Users/prarthanapatel/Desktop/Himanshi/speech_emotion_detection-develop-v2/cremad_preprocessed/audio/1022_IEO_FEA_LO.wav,1022_IEO_FEA_LO.wav,1022,train,4,fearful,4,fearful,0.661172091960907
/Users/prarthanapatel/Desktop/Himanshi/speech_emotion_detection-develop-v2/cremad_preprocessed/audio/1022_IEO_FEA_MD.wav,1022_IEO_FEA_MD.wav,1022,train,4,fearful,4,fearful,0.8899378180503845
/Users/prarthanapatel/Desktop/Himanshi/speech_emotion_detection-develop-v2/cremad_preprocessed/audio/1022_IEO_HAP_HI.wav,1022_IEO_HAP_HI.wav,1022,train,1,happy,1,happy,0.9686685800552368
/Users/prarthanapatel/Desktop/Himanshi/speech_emotion_detection-develop-v2/cremad_preprocessed/audio/1022_IEO_HAP_LO.wav,1022_IEO_HAP_LO.wav,1022,train,1,happy,1,happy,0.9337682723999023
/Users/prarthanapatel/Desktop/Himanshi/speech_emotion_detection-develop-v2/cremad_preprocessed/audio/1022_IEO_HAP_MD.wav,1022_IEO_HAP_MD.wav,1022,train,1,happy,1,happy,0.9471625685691833
/Users/prarthanapatel/Desktop/Himanshi/speech_emotion_detection-develop-v2/cremad_preprocessed/audio/1022_IEO_NEU_XX.wav,1022_IEO_NEU_XX.wav,1022,train,0,neutral,1,happy,0.7394487857818604
/Users/prarthanapatel/Desktop/Himanshi/speech_emotion_detection-develop-v2/cremad_preprocessed/audio/1022_IEO_SAD_HI.wav,1022_IEO_SAD_HI.wav,1022,train,2,sad,1,happy,0.8314846754074097
/Users/prarthanapatel/Desktop/Himanshi/speech_emotion_detection-develop-v2/cremad_preprocessed/audio/1022_IEO_SAD_LO.wav,1022_IEO_SAD_LO.wav,1022,train,2,sad,4,fearful,0.5925954580307007
/Users/prarthanapatel/Desktop/Himanshi/speech_emotion_detection-develop-v2/cremad_preprocessed/audio/1022_IEO_SAD_MD.wav,1022_IEO_SAD_MD.wav,1022,train,2,sad,4,fearful,0.5565680861473083
/Users/prarthanapatel/Desktop/Himanshi/speech_emotion_detection-develop-v2/cremad_preprocessed/audio/1022_IOM_ANG_XX.wav,1022_IOM_ANG_XX.wav,1022,train,3,angry,3,angry,0.9944537281990051
/Users/prarthanapatel/Desktop/Himanshi/speech_emotion_detection-develop-v2/cremad_preprocessed/audio/1022_IOM_DIS_XX.wav,1022_IOM_DIS_XX.wav,1022,train,5,disgust,5,disgust,0.9520373940467834
/Users/prarthanapatel/Desktop/Himanshi/speech_emotion_detection-develop-v2/cremad_preprocessed/audio/1022_IOM_FEA_XX.wav,1022_IOM_FEA_XX.wav,1022,train,4,fearful,1,happy,0.642113983631134
/Users/prarthanapatel/Desktop/Himanshi/speech_emotion_detection-develop-v2/cremad_preprocessed/audio/1022_IOM_HAP_XX.wav,1022_IOM_HAP_XX.wav,1022,train,1,happy,1,happy,0.9583427309989929
/Users/prarthanapatel/Desktop/Himanshi/speech_emotion_detection-develop-v2/cremad_preprocessed/audio/1022_IOM_NEU_XX.wav,1022_IOM_NEU_XX.wav,1022,train,0,neutral,0,neutral,0.9750910401344299
/Users/prarthanapatel/Desktop/Himanshi/speech_emotion_detection-develop-v2/cremad_preprocessed/audio/1022_IOM_SAD_XX.wav,1022_IOM_SAD_XX.wav,1022,train,2,sad,2,sad,0.7766242027282715
/Users/prarthanapatel/Desktop/Himanshi/speech_emotion_detection-develop-v2/cremad_preprocessed/audio/1022_ITH_ANG_XX.wav,1022_ITH_ANG_XX.wav,1022,train,3,angry,3,angry,0.9949159622192383
/Users/prarthanapatel/Desktop/Himanshi/speech_emotion_detection-develop-v2/cremad_preprocessed/audio/1022_ITH_DIS_XX.wav,1022_ITH_DIS_XX.wav,1022,train,5,disgust,5,disgust,0.9272781610488892
/Users/prarthanapatel/Desktop/Himanshi/speech_emotion_detection-develop-v2/cremad_preprocessed/audio/1022_ITH_FEA_XX.wav,1022_ITH_FEA_XX.wav,1022,train,4,fearful,4,fearful,0.9470376968383789
/Users/prarthanapatel/Desktop/Himanshi/speech_emotion_detection-develop-v2/cremad_preprocessed/audio/1022_ITH_HAP_XX.wav,1022_ITH_HAP_XX.wav,1022,train,1,happy,1,happy,0.9629307985305786
/Users/prarthanapatel/Desktop/Himanshi/speech_emotion_detection-develop-v2/cremad_preprocessed/audio/1022_ITH_NEU_XX.wav,1022_ITH_NEU_XX.wav,1022,train,0,neutral,0,neutral,0.8947827816009521
/Users/prarthanapatel/Desktop/Himanshi/speech_emotion_detection-develop-v2/cremad_preprocessed/audio/1022_ITH_SAD_XX.wav,1022_ITH_SAD_XX.wav,1022,train,2,sad,4,fearful,0.46141913533210754
/Users/prarthanapatel/Desktop/Himanshi/speech_emotion_detection-develop-v2/cremad_preprocessed/audio/1022_ITS_ANG_XX.wav,1022_ITS_ANG_XX.wav,1022,train,3,angry,3,angry,0.9872896075248718
/Users/prarthanapatel/Desktop/Himanshi/speech_emotion_detection-develop-v2/cremad_preprocessed/audio/1022_ITS_DIS_XX.wav,1022_ITS_DIS_XX.wav,1022,train,5,disgust,5,disgust,0.9031269550323486
/Users/prarthanapatel/Desktop/Himanshi/speech_emotion_detection-develop-v2/cremad_preprocessed/audio/1022_ITS_FEA_XX.wav,1022_ITS_FEA_XX.wav,1022,train,4,fearful,4,fearful,0.7696329951286316
/Users/prarthanapatel/Desktop/Himanshi/speech_emotion_detection-develop-v2/cremad_preprocessed/audio/1022_ITS_HAP_XX.wav,1022_ITS_HAP_XX.wav,1022,train,1,happy,1,happy,0.9631665945053101
/Users/prarthanapatel/Desktop/Himanshi/speech_emotion_detection-develop-v2/cremad_preprocessed/audio/1022_ITS_NEU_XX.wav,1022_ITS_NEU_XX.wav,1022,train,0,neutral,0,neutral,0.9810148477554321
/Users/prarthanapatel/Desktop/Himanshi/speech_emotion_detection-develop-v2/cremad_preprocessed/audio/1022_ITS_SAD_XX.wav,1022_ITS_SAD_XX.wav,1022,train,2,sad,4,fearful,0.5410371422767639
/Users/prarthanapatel/Desktop/Himanshi/speech_emotion_detection-develop-v2/cremad_preprocessed/audio/1022_IWL_ANG_XX.wav,1022_IWL_ANG_XX.wav,1022,train,3,angry,3,angry,0.9873297214508057
/Users/prarthanapatel/Desktop/Himanshi/speech_emotion_detection-develop-v2/cremad_preprocessed/audio/1022_IWL_DIS_XX.wav,1022_IWL_DIS_XX.wav,1022,train,5,disgust,5,disgust,0.9179165363311768
/Users/prarthanapatel/Desktop/Himanshi/speech_emotion_detection-develop-v2/cremad_preprocessed/audio/1022_IWL_FEA_XX.wav,1022_IWL_FEA_XX.wav,1022,train,4,fearful,4,fearful,0.9356608986854553
/Users/prarthanapatel/Desktop/Himanshi/speech_emotion_detection-develop-v2/cremad_preprocessed/audio/1022_IWL_HAP_XX.wav,1022_IWL_HAP_XX.wav,1022,train,1,happy,1,happy,0.9590004682540894
/Users/prarthanapatel/Desktop/Himanshi/speech_emotion_detection-develop-v2/cremad_preprocessed/audio/1022_IWL_NEU_XX.wav,1022_IWL_NEU_XX.wav,1022,train,0,neutral,0,neutral,0.90303635597229
/Users/prarthanapatel/Desktop/Himanshi/speech_emotion_detection-develop-v2/cremad_preprocessed/audio/1022_IWL_SAD_XX.wav,1022_IWL_SAD_XX.wav,1022,train,2,sad,4,fearful,0.7613527178764343
/Users/prarthanapatel/Desktop/Himanshi/speech_emotion_detection-develop-v2/cremad_preprocessed/audio/1022_IWW_ANG_XX.wav,1022_IWW_ANG_XX.wav,1022,train,3,angry,3,angry,0.9942078590393066
/Users/prarthanapatel/Desktop/Himanshi/speech_emotion_detection-develop-v2/cremad_preprocessed/audio/1022_IWW_DIS_XX.wav,1022_IWW_DIS_XX.wav,1022,train,5,disgust,5,disgust,0.9566753506660461
/Users/prarthanapatel/Desktop/Himanshi/speech_emotion_detection-develop-v2/cremad_preprocessed/audio/1022_IWW_FEA_XX.wav,1022_IWW_FEA_XX.wav,1022,train,4,fearful,4,fearful,0.9248602986335754
/Users/prarthanapatel/Desktop/Himanshi/speech_emotion_detection-develop-v2/cremad_preprocessed/audio/1022_IWW_HAP_XX.wav,1022_IWW_HAP_XX.wav,1022,train,1,happy,1,happy,0.956599771976471
/Users/prarthanapatel/Desktop/Himanshi/speech_emotion_detection-develop-v2/cremad_preprocessed/audio/1022_IWW_NEU_XX.wav,1022_IWW_NEU_XX.wav,1022,train,0,neutral,0,neutral,0.8511253595352173
/Users/prarthanapatel/Desktop/Himanshi/speech_emotion_detection-develop-v2/cremad_preprocessed/audio/1022_IWW_SAD_XX.wav,1022_IWW_SAD_XX.wav,1022,train,2,sad,4,fearful,0.7229984402656555
/Users/prarthanapatel/Desktop/Himanshi/speech_emotion_detection-develop-v2/cremad_preprocessed/audio/1022_MTI_ANG_XX.wav,1022_MTI_ANG_XX.wav,1022,train,3,angry,3,angry,0.9946078062057495
/Users/prarthanapatel/Desktop/Himanshi/speech_emotion_detection-develop-v2/cremad_preprocessed/audio/1022_MTI_DIS_XX.wav,1022_MTI_DIS_XX.wav,1022,train,5,disgust,5,disgust,0.9489443302154541
/Users/prarthanapatel/Desktop/Himanshi/speech_emotion_detection-develop-v2/cremad_preprocessed/audio/1022_MTI_FEA_XX.wav,1022_MTI_FEA_XX.wav,1022,train,4,fearful,1,happy,0.5222198963165283
/Users/prarthanapatel/Desktop/Himanshi/speech_emotion_detection-develop-v2/cremad_preprocessed/audio/1022_MTI_HAP_XX.wav,1022_MTI_HAP_XX.wav,1022,train,1,happy,1,happy,0.9495127201080322
/Users/prarthanapatel/Desktop/Himanshi/speech_emotion_detection-develop-v2/cremad_preprocessed/audio/1022_MTI_NEU_XX.wav,1022_MTI_NEU_XX.wav,1022,train,0,neutral,0,neutral,0.932195782661438
/Users/prarthanapatel/Desktop/Himanshi/speech_emotion_detection-develop-v2/cremad_preprocessed/audio/1022_MTI_SAD_XX.wav,1022_MTI_SAD_XX.wav,1022,train,2,sad,2,sad,0.4865281283855438
/Users/prarthanapatel/Desktop/Himanshi/speech_emotion_detection-develop-v2/cremad_preprocessed/audio/1022_TAI_ANG_XX.wav,1022_TAI_ANG_XX.wav,1022,train,3,angry,3,angry,0.9943661689758301
/Users/prarthanapatel/Desktop/Himanshi/speech_emotion_detection-develop-v2/cremad_preprocessed/audio/1022_TAI_DIS_XX.wav,1022_TAI_DIS_XX.wav,1022,train,5,disgust,5,disgust,0.9499443173408508
/Users/prarthanapatel/Desktop/Himanshi/speech_emotion_detection-develop-v2/cremad_preprocessed/audio/1022_TAI_FEA_XX.wav,1022_TAI_FEA_XX.wav,1022,train,4,fearful,4,fearful,0.7915654182434082
/Users/prarthanapatel/Desktop/Himanshi/speech_emotion_detection-develop-v2/cremad_preprocessed/audio/1022_TAI_HAP_XX.wav,1022_TAI_HAP_XX.wav,1022,train,1,happy,1,happy,0.9618853330612183
/Users/prarthanapatel/Desktop/Himanshi/speech_emotion_detection-develop-v2/cremad_preprocessed/audio/1022_TAI_NEU_XX.wav,1022_TAI_NEU_XX.wav,1022,train,0,neutral,0,neutral,0.9880110621452332
/Users/prarthanapatel/Desktop/Himanshi/speech_emotion_detection-develop-v2/cremad_preprocessed/audio/1022_TAI_SAD_XX.wav,1022_TAI_SAD_XX.wav,1022,train,2,sad,4,fearful,0.6744239926338196
/Users/prarthanapatel/Desktop/Himanshi/speech_emotion_detection-develop-v2/cremad_preprocessed/audio/1022_TIE_ANG_XX.wav,1022_TIE_ANG_XX.wav,1022,train,3,angry,3,angry,0.9942857623100281
/Users/prarthanapatel/Desktop/Himanshi/speech_emotion_detection-develop-v2/cremad_preprocessed/audio/1022_TIE_DIS_XX.wav,1022_TIE_DIS_XX.wav,1022,train,5,disgust,1,happy,0.9176733493804932
/Users/prarthanapatel/Desktop/Himanshi/speech_emotion_detection-develop-v2/cremad_preprocessed/audio/1022_TIE_FEA_XX.wav,1022_TIE_FEA_XX.wav,1022,train,4,fearful,4,fearful,0.9639484286308289
/Users/prarthanapatel/Desktop/Himanshi/speech_emotion_detection-develop-v2/cremad_preprocessed/audio/1022_TIE_HAP_XX.wav,1022_TIE_HAP_XX.wav,1022,train,1,happy,1,happy,0.9565958380699158
/Users/prarthanapatel/Desktop/Himanshi/speech_emotion_detection-develop-v2/cremad_preprocessed/audio/1022_TIE_NEU_XX.wav,1022_TIE_NEU_XX.wav,1022,train,0,neutral,0,neutral,0.8806667327880859
/Users/prarthanapatel/Desktop/Himanshi/speech_emotion_detection-develop-v2/cremad_preprocessed/audio/1022_TIE_SAD_XX.wav,1022_TIE_SAD_XX.wav,1022,train,2,sad,2,sad,0.5003203749656677
/Users/prarthanapatel/Desktop/Himanshi/speech_emotion_detection-develop-v2/cremad_preprocessed/audio/1022_TSI_ANG_XX.wav,1022_TSI_ANG_XX.wav,1022,train,3,angry,3,angry,0.9944338202476501
/Users/prarthanapatel/Desktop/Himanshi/speech_emotion_detection-develop-v2/cremad_preprocessed/audio/1022_TSI_DIS_XX.wav,1022_TSI_DIS_XX.wav,1022,train,5,disgust,5,disgust,0.7397602200508118
/Users/prarthanapatel/Desktop/Himanshi/speech_emotion_detection-develop-v2/cremad_preprocessed/audio/1022_TSI_FEA_XX.wav,1022_TSI_FEA_XX.wav,1022,train,4,fearful,4,fearful,0.7920867800712585
/Users/prarthanapatel/Desktop/Himanshi/speech_emotion_detection-develop-v2/cremad_preprocessed/audio/1022_TSI_HAP_XX.wav,1022_TSI_HAP_XX.wav,1022,train,1,happy,1,happy,0.9586649537086487
/Users/prarthanapatel/Desktop/Himanshi/speech_emotion_detection-develop-v2/cremad_preprocessed/audio/1022_TSI_NEU_XX.wav,1022_TSI_NEU_XX.wav,1022,train,0,neutral,0,neutral,0.9540772438049316
/Users/prarthanapatel/Desktop/Himanshi/speech_emotion_detection-develop-v2/cremad_preprocessed/audio/1022_TSI_SAD_XX.wav,1022_TSI_SAD_XX.wav,1022,train,2,sad,2,sad,0.8263962864875793
/Users/prarthanapatel/Desktop/Himanshi/speech_emotion_detection-develop-v2/cremad_preprocessed/audio/1022_WSI_ANG_XX.wav,1022_WSI_ANG_XX.wav,1022,train,3,angry,3,angry,0.9934796094894409
/Users/prarthanapatel/Desktop/Himanshi/speech_emotion_detection-develop-v2/cremad_preprocessed/audio/1022_WSI_DIS_XX.wav,1022_WSI_DIS_XX.wav,1022,train,5,disgust,5,disgust,0.8873422741889954
/Users/prarthanapatel/Desktop/Himanshi/speech_emotion_detection-develop-v2/cremad_preprocessed/audio/1022_WSI_FEA_XX.wav,1022_WSI_FEA_XX.wav,1022,train,4,fearful,4,fearful,0.9486963152885437
/Users/prarthanapatel/Desktop/Himanshi/speech_emotion_detection-develop-v2/cremad_preprocessed/audio/1022_WSI_HAP_XX.wav,1022_WSI_HAP_XX.wav,1022,train,1,happy,1,happy,0.9639840126037598
/Users/prarthanapatel/Desktop/Himanshi/speech_emotion_detection-develop-v2/cremad_preprocessed/audio/1022_WSI_NEU_XX.wav,1022_WSI_NEU_XX.wav,1022,train,0,neutral,0,neutral,0.966117262840271
/Users/prarthanapatel/Desktop/Himanshi/speech_emotion_detection-develop-v2/cremad_preprocessed/audio/1022_WSI_SAD_XX.wav,1022_WSI_SAD_XX.wav,1022,train,2,sad,2,sad,0.6126049757003784
/Users/prarthanapatel/Desktop/Himanshi/speech_emotion_detection-develop-v2/cremad_preprocessed/audio/1024_DFA_ANG_XX.wav,1024_DFA_ANG_XX.wav,1024,train,3,angry,3,angry,0.9891129732131958
/Users/prarthanapatel/Desktop/Himanshi/speech_emotion_detection-develop-v2/cremad_preprocessed/audio/1024_DFA_DIS_XX.wav,1024_DFA_DIS_XX.wav,1024,train,5,disgust,5,disgust,0.5917848944664001
/Users/prarthanapatel/Desktop/Himanshi/speech_emotion_detection-develop-v2/cremad_preprocessed/audio/1024_DFA_FEA_XX.wav,1024_DFA_FEA_XX.wav,1024,train,4,fearful,4,fearful,0.8808997273445129
/Users/prarthanapatel/Desktop/Himanshi/speech_emotion_detection-develop-v2/cremad_preprocessed/audio/1024_DFA_HAP_XX.wav,1024_DFA_HAP_XX.wav,1024,train,1,happy,1,happy,0.9719708561897278
/Users/prarthanapatel/Desktop/Himanshi/speech_emotion_detection-develop-v2/cremad_preprocessed/audio/1024_DFA_NEU_XX.wav,1024_DFA_NEU_XX.wav,1024,train,0,neutral,0,neutral,0.9886220097541809
/Users/prarthanapatel/Desktop/Himanshi/speech_emotion_detection-develop-v2/cremad_preprocessed/audio/1024_DFA_SAD_XX.wav,1024_DFA_SAD_XX.wav,1024,train,2,sad,2,sad,0.8886856436729431
/Users/prarthanapatel/Desktop/Himanshi/speech_emotion_detection-develop-v2/cremad_preprocessed/audio/1024_IEO_ANG_HI.wav,1024_IEO_ANG_HI.wav,1024,train,3,angry,3,angry,0.9946563243865967
/Users/prarthanapatel/Desktop/Himanshi/speech_emotion_detection-develop-v2/cremad_preprocessed/audio/1024_IEO_ANG_LO.wav,1024_IEO_ANG_LO.wav,1024,train,3,angry,3,angry,0.9896570444107056
/Users/prarthanapatel/Desktop/Himanshi/speech_emotion_detection-develop-v2/cremad_preprocessed/audio/1024_IEO_ANG_MD.wav,1024_IEO_ANG_MD.wav,1024,train,3,angry,3,angry,0.9873067140579224
/Users/prarthanapatel/Desktop/Himanshi/speech_emotion_detection-develop-v2/cremad_preprocessed/audio/1024_IEO_DIS_HI.wav,1024_IEO_DIS_HI.wav,1024,train,5,disgust,5,disgust,0.8224543929100037
/Users/prarthanapatel/Desktop/Himanshi/speech_emotion_detection-develop-v2/cremad_preprocessed/audio/1024_IEO_DIS_LO.wav,1024_IEO_DIS_LO.wav,1024,train,5,disgust,5,disgust,0.6971232295036316
/Users/prarthanapatel/Desktop/Himanshi/speech_emotion_detection-develop-v2/cremad_preprocessed/audio/1024_IEO_DIS_MD.wav,1024_IEO_DIS_MD.wav,1024,train,5,disgust,3,angry,0.9702067971229553
/Users/prarthanapatel/Desktop/Himanshi/speech_emotion_detection-develop-v2/cremad_preprocessed/audio/1024_IEO_FEA_HI.wav,1024_IEO_FEA_HI.wav,1024,train,4,fearful,4,fearful,0.9435713887214661
/Users/prarthanapatel/Desktop/Himanshi/speech_emotion_detection-develop-v2/cremad_preprocessed/audio/1024_IEO_FEA_LO.wav,1024_IEO_FEA_LO.wav,1024,train,4,fearful,4,fearful,0.570137083530426
/Users/prarthanapatel/Desktop/Himanshi/speech_emotion_detection-develop-v2/cremad_preprocessed/audio/1024_IEO_FEA_MD.wav,1024_IEO_FEA_MD.wav,1024,train,4,fearful,4,fearful,0.9220957159996033
/Users/prarthanapatel/Desktop/Himanshi/speech_emotion_detection-develop-v2/cremad_preprocessed/audio/1024_IEO_HAP_HI.wav,1024_IEO_HAP_HI.wav,1024,train,1,happy,1,happy,0.7336065769195557
/Users/prarthanapatel/Desktop/Himanshi/speech_emotion_detection-develop-v2/cremad_preprocessed/audio/1024_IEO_HAP_LO.wav,1024_IEO_HAP_LO.wav,1024,train,1,happy,1,happy,0.9361905455589294
/Users/prarthanapatel/Desktop/Himanshi/speech_emotion_detection-develop-v2/cremad_preprocessed/audio/1024_IEO_HAP_MD.wav,1024_IEO_HAP_MD.wav,1024,train,1,happy,1,happy,0.9584593772888184
/Users/prarthanapatel/Desktop/Himanshi/speech_emotion_detection-develop-v2/cremad_preprocessed/audio/1024_IEO_NEU_XX.wav,1024_IEO_NEU_XX.wav,1024,train,0,neutral,0,neutral,0.975016713142395
/Users/prarthanapatel/Desktop/Himanshi/speech_emotion_detection-develop-v2/cremad_preprocessed/audio/1024_IEO_SAD_HI.wav,1024_IEO_SAD_HI.wav,1024,train,2,sad,1,happy,0.9121522307395935
/Users/prarthanapatel/Desktop/Himanshi/speech_emotion_detection-develop-v2/cremad_preprocessed/audio/1024_IEO_SAD_LO.wav,1024_IEO_SAD_LO.wav,1024,train,2,sad,0,neutral,0.8587444424629211
/Users/prarthanapatel/Desktop/Himanshi/speech_emotion_detection-develop-v2/cremad_preprocessed/audio/1024_IEO_SAD_MD.wav,1024_IEO_SAD_MD.wav,1024,train,2,sad,2,sad,0.8182488083839417
/Users/prarthanapatel/Desktop/Himanshi/speech_emotion_detection-develop-v2/cremad_preprocessed/audio/1024_IOM_ANG_XX.wav,1024_IOM_ANG_XX.wav,1024,train,3,angry,3,angry,0.9808849096298218
/Users/prarthanapatel/Desktop/Himanshi/speech_emotion_detection-develop-v2/cremad_preprocessed/audio/1024_IOM_DIS_XX.wav,1024_IOM_DIS_XX.wav,1024,train,5,disgust,5,disgust,0.8967318534851074
/Users/prarthanapatel/Desktop/Himanshi/speech_emotion_detection-develop-v2/cremad_preprocessed/audio/1024_IOM_FEA_XX.wav,1024_IOM_FEA_XX.wav,1024,train,4,fearful,4,fearful,0.9383229613304138
/Users/prarthanapatel/Desktop/Himanshi/speech_emotion_detection-develop-v2/cremad_preprocessed/audio/1024_IOM_HAP_XX.wav,1024_IOM_HAP_XX.wav,1024,train,1,happy,1,happy,0.9781780242919922
/Users/prarthanapatel/Desktop/Himanshi/speech_emotion_detection-develop-v2/cremad_preprocessed/audio/1024_IOM_NEU_XX.wav,1024_IOM_NEU_XX.wav,1024,train,0,neutral,0,neutral,0.9881613254547119
/Users/prarthanapatel/Desktop/Himanshi/speech_emotion_detection-develop-v2/cremad_preprocessed/audio/1024_IOM_SAD_XX.wav,1024_IOM_SAD_XX.wav,1024,train,2,sad,4,fearful,0.4224890172481537
/Users/prarthanapatel/Desktop/Himanshi/speech_emotion_detection-develop-v2/cremad_preprocessed/audio/1024_ITH_ANG_XX.wav,1024_ITH_ANG_XX.wav,1024,train,3,angry,3,angry,0.9878636598587036
/Users/prarthanapatel/Desktop/Himanshi/speech_emotion_detection-develop-v2/cremad_preprocessed/audio/1024_ITH_DIS_XX.wav,1024_ITH_DIS_XX.wav,1024,train,5,disgust,3,angry,0.6136661171913147
/Users/prarthanapatel/Desktop/Himanshi/speech_emotion_detection-develop-v2/cremad_preprocessed/audio/1024_ITH_FEA_XX.wav,1024_ITH_FEA_XX.wav,1024,train,4,fearful,4,fearful,0.9181557893753052
/Users/prarthanapatel/Desktop/Himanshi/speech_emotion_detection-develop-v2/cremad_preprocessed/audio/1024_ITH_HAP_XX.wav,1024_ITH_HAP_XX.wav,1024,train,1,happy,1,happy,0.9635700583457947
/Users/prarthanapatel/Desktop/Himanshi/speech_emotion_detection-develop-v2/cremad_preprocessed/audio/1024_ITH_NEU_XX.wav,1024_ITH_NEU_XX.wav,1024,train,0,neutral,0,neutral,0.9857867956161499
/Users/prarthanapatel/Desktop/Himanshi/speech_emotion_detection-develop-v2/cremad_preprocessed/audio/1024_ITH_SAD_XX.wav,1024_ITH_SAD_XX.wav,1024,train,2,sad,4,fearful,0.7431564927101135
/Users/prarthanapatel/Desktop/Himanshi/speech_emotion_detection-develop-v2/cremad_preprocessed/audio/1024_ITS_ANG_XX.wav,1024_ITS_ANG_XX.wav,1024,train,3,angry,3,angry,0.9889205098152161
/Users/prarthanapatel/Desktop/Himanshi/speech_emotion_detection-develop-v2/cremad_preprocessed/audio/1024_ITS_DIS_XX.wav,1024_ITS_DIS_XX.wav,1024,train,5,disgust,5,disgust,0.908821702003479
/Users/prarthanapatel/Desktop/Himanshi/speech_emotion_detection-develop-v2/cremad_preprocessed/audio/1024_ITS_FEA_XX.wav,1024_ITS_FEA_XX.wav,1024,train,4,fearful,1,happy,0.6785436272621155
/Users/prarthanapatel/Desktop/Himanshi/speech_emotion_detection-develop-v2/cremad_preprocessed/audio/1024_ITS_HAP_XX.wav,1024_ITS_HAP_XX.wav,1024,train,1,happy,1,happy,0.9743289947509766
/Users/prarthanapatel/Desktop/Himanshi/speech_emotion_detection-develop-v2/cremad_preprocessed/audio/1024_ITS_NEU_XX.wav,1024_ITS_NEU_XX.wav,1024,train,0,neutral,0,neutral,0.9732806086540222
/Users/prarthanapatel/Desktop/Himanshi/speech_emotion_detection-develop-v2/cremad_preprocessed/audio/1024_ITS_SAD_XX.wav,1024_ITS_SAD_XX.wav,1024,train,2,sad,2,sad,0.7190122604370117
/Users/prarthanapatel/Desktop/Himanshi/speech_emotion_detection-develop-v2/cremad_preprocessed/audio/1024_IWL_ANG_XX.wav,1024_IWL_ANG_XX.wav,1024,train,3,angry,3,angry,0.9497848153114319
/Users/prarthanapatel/Desktop/Himanshi/speech_emotion_detection-develop-v2/cremad_preprocessed/audio/1024_IWL_DIS_XX.wav,1024_IWL_DIS_XX.wav,1024,train,5,disgust,5,disgust,0.4830548167228699
/Users/prarthanapatel/Desktop/Himanshi/speech_emotion_detection-develop-v2/cremad_preprocessed/audio/1024_IWL_FEA_XX.wav,1024_IWL_FEA_XX.wav,1024,train,4,fearful,1,happy,0.8873810172080994
/Users/prarthanapatel/Desktop/Himanshi/speech_emotion_detection-develop-v2/cremad_preprocessed/audio/1024_IWL_HAP_XX.wav,1024_IWL_HAP_XX.wav,1024,train,1,happy,1,happy,0.9653618335723877
/Users/prarthanapatel/Desktop/Himanshi/speech_emotion_detection-develop-v2/cremad_preprocessed/audio/1024_IWL_NEU_XX.wav,1024_IWL_NEU_XX.wav,1024,train,0,neutral,0,neutral,0.9857516884803772
/Users/prarthanapatel/Desktop/Himanshi/speech_emotion_detection-develop-v2/cremad_preprocessed/audio/1024_IWL_SAD_XX.wav,1024_IWL_SAD_XX.wav,1024,train,2,sad,2,sad,0.6779417991638184
/Users/prarthanapatel/Desktop/Himanshi/speech_emotion_detection-develop-v2/cremad_preprocessed/audio/1024_IWW_ANG_XX.wav,1024_IWW_ANG_XX.wav,1024,train,3,angry,3,angry,0.992389976978302
/Users/prarthanapatel/Desktop/Himanshi/speech_emotion_detection-develop-v2/cremad_preprocessed/audio/1024_IWW_DIS_XX.wav,1024_IWW_DIS_XX.wav,1024,train,5,disgust,5,disgust,0.9250844120979309
/Users/prarthanapatel/Desktop/Himanshi/speech_emotion_detection-develop-v2/cremad_preprocessed/audio/1024_IWW_FEA_XX.wav,1024_IWW_FEA_XX.wav,1024,train,4,fearful,4,fearful,0.8514326214790344
/Users/prarthanapatel/Desktop/Himanshi/speech_emotion_detection-develop-v2/cremad_preprocessed/audio/1024_IWW_HAP_XX.wav,1024_IWW_HAP_XX.wav,1024,train,1,happy,1,happy,0.9725383520126343
/Users/prarthanapatel/Desktop/Himanshi/speech_emotion_detection-develop-v2/cremad_preprocessed/audio/1024_IWW_NEU_XX.wav,1024_IWW_NEU_XX.wav,1024,train,0,neutral,0,neutral,0.6168102025985718
/Users/prarthanapatel/Desktop/Himanshi/speech_emotion_detection-develop-v2/cremad_preprocessed/audio/1024_IWW_SAD_XX.wav,1024_IWW_SAD_XX.wav,1024,train,2,sad,4,fearful,0.42494845390319824
/Users/prarthanapatel/Desktop/Himanshi/speech_emotion_detection-develop-v2/cremad_preprocessed/audio/1024_MTI_ANG_XX.wav,1024_MTI_ANG_XX.wav,1024,train,3,angry,3,angry,0.9939000606536865
/Users/prarthanapatel/Desktop/Himanshi/speech_emotion_detection-develop-v2/cremad_preprocessed/audio/1024_MTI_DIS_XX.wav,1024_MTI_DIS_XX.wav,1024,train,5,disgust,5,disgust,0.9262953996658325
/Users/prarthanapatel/Desktop/Himanshi/speech_emotion_detection-develop-v2/cremad_preprocessed/audio/1024_MTI_FEA_XX.wav,1024_MTI_FEA_XX.wav,1024,train,4,fearful,4,fearful,0.7833985090255737
/Users/prarthanapatel/Desktop/Himanshi/speech_emotion_detection-develop-v2/cremad_preprocessed/audio/1024_MTI_HAP_XX.wav,1024_MTI_HAP_XX.wav,1024,train,1,happy,1,happy,0.9676872491836548
/Users/prarthanapatel/Desktop/Himanshi/speech_emotion_detection-develop-v2/cremad_preprocessed/audio/1024_MTI_NEU_XX.wav,1024_MTI_NEU_XX.wav,1024,train,0,neutral,0,neutral,0.9861250519752502
/Users/prarthanapatel/Desktop/Himanshi/speech_emotion_detection-develop-v2/cremad_preprocessed/audio/1024_MTI_SAD_XX.wav,1024_MTI_SAD_XX.wav,1024,train,2,sad,2,sad,0.7821604013442993
/Users/prarthanapatel/Desktop/Himanshi/speech_emotion_detection-develop-v2/cremad_preprocessed/audio/1024_TAI_ANG_XX.wav,1024_TAI_ANG_XX.wav,1024,train,3,angry,3,angry,0.9924412965774536
/Users/prarthanapatel/Desktop/Himanshi/speech_emotion_detection-develop-v2/cremad_preprocessed/audio/1024_TAI_DIS_XX.wav,1024_TAI_DIS_XX.wav,1024,train,5,disgust,3,angry,0.8666400909423828
/Users/prarthanapatel/Desktop/Himanshi/speech_emotion_detection-develop-v2/cremad_preprocessed/audio/1024_TAI_FEA_XX.wav,1024_TAI_FEA_XX.wav,1024,train,4,fearful,4,fearful,0.7465913891792297
/Users/prarthanapatel/Desktop/Himanshi/speech_emotion_detection-develop-v2/cremad_preprocessed/audio/1024_TAI_HAP_XX.wav,1024_TAI_HAP_XX.wav,1024,train,1,happy,1,happy,0.9774507880210876
/Users/prarthanapatel/Desktop/Himanshi/speech_emotion_detection-develop-v2/cremad_preprocessed/audio/1024_TAI_NEU_XX.wav,1024_TAI_NEU_XX.wav,1024,train,0,neutral,0,neutral,0.9838167428970337
/Users/prarthanapatel/Desktop/Himanshi/speech_emotion_detection-develop-v2/cremad_preprocessed/audio/1024_TAI_SAD_XX.wav,1024_TAI_SAD_XX.wav,1024,train,2,sad,4,fearful,0.7902362942695618
/Users/prarthanapatel/Desktop/Himanshi/speech_emotion_detection-develop-v2/cremad_preprocessed/audio/1024_TIE_ANG_XX.wav,1024_TIE_ANG_XX.wav,1024,train,3,angry,1,happy,0.8429105877876282
/Users/prarthanapatel/Desktop/Himanshi/speech_emotion_detection-develop-v2/cremad_preprocessed/audio/1024_TIE_DIS_XX.wav,1024_TIE_DIS_XX.wav,1024,train,5,disgust,5,disgust,0.9224300980567932
/Users/prarthanapatel/Desktop/Himanshi/speech_emotion_detection-develop-v2/cremad_preprocessed/audio/1024_TIE_FEA_XX.wav,1024_TIE_FEA_XX.wav,1024,train,4,fearful,4,fearful,0.5113232731819153
/Users/prarthanapatel/Desktop/Himanshi/speech_emotion_detection-develop-v2/cremad_preprocessed/audio/1024_TIE_HAP_XX.wav,1024_TIE_HAP_XX.wav,1024,train,1,happy,1,happy,0.9408150315284729
/Users/prarthanapatel/Desktop/Himanshi/speech_emotion_detection-develop-v2/cremad_preprocessed/audio/1024_TIE_NEU_XX.wav,1024_TIE_NEU_XX.wav,1024,train,0,neutral,1,happy,0.573327362537384
/Users/prarthanapatel/Desktop/Himanshi/speech_emotion_detection-develop-v2/cremad_preprocessed/audio/1024_TIE_SAD_XX.wav,1024_TIE_SAD_XX.wav,1024,train,2,sad,5,disgust,0.3428790867328644
/Users/prarthanapatel/Desktop/Himanshi/speech_emotion_detection-develop-v2/cremad_preprocessed/audio/1024_TSI_ANG_XX.wav,1024_TSI_ANG_XX.wav,1024,train,3,angry,3,angry,0.9840578436851501
/Users/prarthanapatel/Desktop/Himanshi/speech_emotion_detection-develop-v2/cremad_preprocessed/audio/1024_TSI_DIS_XX.wav,1024_TSI_DIS_XX.wav,1024,train,5,disgust,5,disgust,0.7226400375366211
/Users/prarthanapatel/Desktop/Himanshi/speech_emotion_detection-develop-v2/cremad_preprocessed/audio/1024_TSI_FEA_XX.wav,1024_TSI_FEA_XX.wav,1024,train,4,fearful,4,fearful,0.9298679232597351
/Users/prarthanapatel/Desktop/Himanshi/speech_emotion_detection-develop-v2/cremad_preprocessed/audio/1024_TSI_HAP_XX.wav,1024_TSI_HAP_XX.wav,1024,train,1,happy,1,happy,0.9751948714256287
/Users/prarthanapatel/Desktop/Himanshi/speech_emotion_detection-develop-v2/cremad_preprocessed/audio/1024_TSI_NEU_XX.wav,1024_TSI_NEU_XX.wav,1024,train,0,neutral,0,neutral,0.979781985282898
/Users/prarthanapatel/Desktop/Himanshi/speech_emotion_detection-develop-v2/cremad_preprocessed/audio/1024_TSI_SAD_XX.wav,1024_TSI_SAD_XX.wav,1024,train,2,sad,4,fearful,0.7284523844718933
/Users/prarthanapatel/Desktop/Himanshi/speech_emotion_detection-develop-v2/cremad_preprocessed/audio/1024_WSI_ANG_XX.wav,1024_WSI_ANG_XX.wav,1024,train,3,angry,3,angry,0.9930058121681213
/Users/prarthanapatel/Desktop/Himanshi/speech_emotion_detection-develop-v2/cremad_preprocessed/audio/1024_WSI_DIS_XX.wav,1024_WSI_DIS_XX.wav,1024,train,5,disgust,3,angry,0.6488602161407471
/Users/prarthanapatel/Desktop/Himanshi/speech_emotion_detection-develop-v2/cremad_preprocessed/audio/1024_WSI_FEA_XX.wav,1024_WSI_FEA_XX.wav,1024,train,4,fearful,4,fearful,0.9285753965377808
/Users/prarthanapatel/Desktop/Himanshi/speech_emotion_detection-develop-v2/cremad_preprocessed/audio/1024_WSI_HAP_XX.wav,1024_WSI_HAP_XX.wav,1024,train,1,happy,1,happy,0.978416919708252
/Users/prarthanapatel/Desktop/Himanshi/speech_emotion_detection-develop-v2/cremad_preprocessed/audio/1024_WSI_NEU_XX.wav,1024_WSI_NEU_XX.wav,1024,train,0,neutral,0,neutral,0.9864984750747681
/Users/prarthanapatel/Desktop/Himanshi/speech_emotion_detection-develop-v2/cremad_preprocessed/audio/1024_WSI_SAD_XX.wav,1024_WSI_SAD_XX.wav,1024,train,2,sad,2,sad,0.4955514669418335
/Users/prarthanapatel/Desktop/Himanshi/speech_emotion_detection-develop-v2/cremad_preprocessed/audio/1025_DFA_ANG_XX.wav,1025_DFA_ANG_XX.wav,1025,train,3,angry,3,angry,0.9940430521965027
/Users/prarthanapatel/Desktop/Himanshi/speech_emotion_detection-develop-v2/cremad_preprocessed/audio/1025_DFA_DIS_XX.wav,1025_DFA_DIS_XX.wav,1025,train,5,disgust,2,sad,0.8559060096740723
/Users/prarthanapatel/Desktop/Himanshi/speech_emotion_detection-develop-v2/cremad_preprocessed/audio/1025_DFA_FEA_XX.wav,1025_DFA_FEA_XX.wav,1025,train,4,fearful,4,fearful,0.9114465713500977
/Users/prarthanapatel/Desktop/Himanshi/speech_emotion_detection-develop-v2/cremad_preprocessed/audio/1025_DFA_HAP_XX.wav,1025_DFA_HAP_XX.wav,1025,train,1,happy,1,happy,0.9686474800109863
/Users/prarthanapatel/Desktop/Himanshi/speech_emotion_detection-develop-v2/cremad_preprocessed/audio/1025_DFA_NEU_XX.wav,1025_DFA_NEU_XX.wav,1025,train,0,neutral,0,neutral,0.9850174784660339
/Users/prarthanapatel/Desktop/Himanshi/speech_emotion_detection-develop-v2/cremad_preprocessed/audio/1025_DFA_SAD_XX.wav,1025_DFA_SAD_XX.wav,1025,train,2,sad,2,sad,0.923500657081604
/Users/prarthanapatel/Desktop/Himanshi/speech_emotion_detection-develop-v2/cremad_preprocessed/audio/1025_IEO_ANG_HI.wav,1025_IEO_ANG_HI.wav,1025,train,3,angry,3,angry,0.9863826036453247
/Users/prarthanapatel/Desktop/Himanshi/speech_emotion_detection-develop-v2/cremad_preprocessed/audio/1025_IEO_ANG_LO.wav,1025_IEO_ANG_LO.wav,1025,train,3,angry,3,angry,0.9943099021911621
/Users/prarthanapatel/Desktop/Himanshi/speech_emotion_detection-develop-v2/cremad_preprocessed/audio/1025_IEO_ANG_MD.wav,1025_IEO_ANG_MD.wav,1025,train,3,angry,3,angry,0.9930497407913208
/Users/prarthanapatel/Desktop/Himanshi/speech_emotion_detection-develop-v2/cremad_preprocessed/audio/1025_IEO_DIS_HI.wav,1025_IEO_DIS_HI.wav,1025,train,5,disgust,5,disgust,0.7095207571983337
/Users/prarthanapatel/Desktop/Himanshi/speech_emotion_detection-develop-v2/cremad_preprocessed/audio/1025_IEO_DIS_LO.wav,1025_IEO_DIS_LO.wav,1025,train,5,disgust,5,disgust,0.940187931060791
/Users/prarthanapatel/Desktop/Himanshi/speech_emotion_detection-develop-v2/cremad_preprocessed/audio/1025_IEO_DIS_MD.wav,1025_IEO_DIS_MD.wav,1025,train,5,disgust,5,disgust,0.9204254746437073
/Users/prarthanapatel/Desktop/Himanshi/speech_emotion_detection-develop-v2/cremad_preprocessed/audio/1025_IEO_FEA_HI.wav,1025_IEO_FEA_HI.wav,1025,train,4,fearful,4,fearful,0.9487978219985962
/Users/prarthanapatel/Desktop/Himanshi/speech_emotion_detection-develop-v2/cremad_preprocessed/audio/1025_IEO_FEA_LO.wav,1025_IEO_FEA_LO.wav,1025,train,4,fearful,2,sad,0.45632708072662354
/Users/prarthanapatel/Desktop/Himanshi/speech_emotion_detection-develop-v2/cremad_preprocessed/audio/1025_IEO_FEA_MD.wav,1025_IEO_FEA_MD.wav,1025,train,4,fearful,4,fearful,0.9336104989051819
/Users/prarthanapatel/Desktop/Himanshi/speech_emotion_detection-develop-v2/cremad_preprocessed/audio/1025_IEO_HAP_HI.wav,1025_IEO_HAP_HI.wav,1025,train,1,happy,3,angry,0.8868237733840942
/Users/prarthanapatel/Desktop/Himanshi/speech_emotion_detection-develop-v2/cremad_preprocessed/audio/1025_IEO_HAP_LO.wav,1025_IEO_HAP_LO.wav,1025,train,1,happy,1,happy,0.9696580767631531
/Users/prarthanapatel/Desktop/Himanshi/speech_emotion_detection-develop-v2/cremad_preprocessed/audio/1025_IEO_HAP_MD.wav,1025_IEO_HAP_MD.wav,1025,train,1,happy,1,happy,0.9643548130989075
/Users/prarthanapatel/Desktop/Himanshi/speech_emotion_detection-develop-v2/cremad_preprocessed/audio/1025_IEO_NEU_XX.wav,1025_IEO_NEU_XX.wav,1025,train,0,neutral,0,neutral,0.8970078825950623
/Users/prarthanapatel/Desktop/Himanshi/speech_emotion_detection-develop-v2/cremad_preprocessed/audio/1025_IEO_SAD_HI.wav,1025_IEO_SAD_HI.wav,1025,train,2,sad,2,sad,0.737671434879303
/Users/prarthanapatel/Desktop/Himanshi/speech_emotion_detection-develop-v2/cremad_preprocessed/audio/1025_IEO_SAD_LO.wav,1025_IEO_SAD_LO.wav,1025,train,2,sad,0,neutral,0.5906270742416382
/Users/prarthanapatel/Desktop/Himanshi/speech_emotion_detection-develop-v2/cremad_preprocessed/audio/1025_IEO_SAD_MD.wav,1025_IEO_SAD_MD.wav,1025,train,2,sad,2,sad,0.5351393818855286
/Users/prarthanapatel/Desktop/Himanshi/speech_emotion_detection-develop-v2/cremad_preprocessed/audio/1025_IOM_ANG_XX.wav,1025_IOM_ANG_XX.wav,1025,train,3,angry,3,angry,0.9945452213287354
/Users/prarthanapatel/Desktop/Himanshi/speech_emotion_detection-develop-v2/cremad_preprocessed/audio/1025_IOM_DIS_XX.wav,1025_IOM_DIS_XX.wav,1025,train,5,disgust,5,disgust,0.9450129866600037
/Users/prarthanapatel/Desktop/Himanshi/speech_emotion_detection-develop-v2/cremad_preprocessed/audio/1025_IOM_FEA_XX.wav,1025_IOM_FEA_XX.wav,1025,train,4,fearful,4,fearful,0.9252622723579407
/Users/prarthanapatel/Desktop/Himanshi/speech_emotion_detection-develop-v2/cremad_preprocessed/audio/1025_IOM_HAP_XX.wav,1025_IOM_HAP_XX.wav,1025,train,1,happy,1,happy,0.9721044301986694
/Users/prarthanapatel/Desktop/Himanshi/speech_emotion_detection-develop-v2/cremad_preprocessed/audio/1025_IOM_NEU_XX.wav,1025_IOM_NEU_XX.wav,1025,train,0,neutral,0,neutral,0.9883282780647278
/Users/prarthanapatel/Desktop/Himanshi/speech_emotion_detection-develop-v2/cremad_preprocessed/audio/1025_IOM_SAD_XX.wav,1025_IOM_SAD_XX.wav,1025,train,2,sad,0,neutral,0.7757169604301453
/Users/prarthanapatel/Desktop/Himanshi/speech_emotion_detection-develop-v2/cremad_preprocessed/audio/1025_ITH_ANG_XX.wav,1025_ITH_ANG_XX.wav,1025,train,3,angry,3,angry,0.994045078754425
/Users/prarthanapatel/Desktop/Himanshi/speech_emotion_detection-develop-v2/cremad_preprocessed/audio/1025_ITH_DIS_XX.wav,1025_ITH_DIS_XX.wav,1025,train,5,disgust,2,sad,0.7907456159591675
/Users/prarthanapatel/Desktop/Himanshi/speech_emotion_detection-develop-v2/cremad_preprocessed/audio/1025_ITH_FEA_XX.wav,1025_ITH_FEA_XX.wav,1025,train,4,fearful,4,fearful,0.8489111661911011
/Users/prarthanapatel/Desktop/Himanshi/speech_emotion_detection-develop-v2/cremad_preprocessed/audio/1025_ITH_HAP_XX.wav,1025_ITH_HAP_XX.wav,1025,train,1,happy,1,happy,0.9720160365104675
/Users/prarthanapatel/Desktop/Himanshi/speech_emotion_detection-develop-v2/cremad_preprocessed/audio/1025_ITH_NEU_XX.wav,1025_ITH_NEU_XX.wav,1025,train,0,neutral,0,neutral,0.9775306582450867
/Users/prarthanapatel/Desktop/Himanshi/speech_emotion_detection-develop-v2/cremad_preprocessed/audio/1025_ITH_SAD_XX.wav,1025_ITH_SAD_XX.wav,1025,train,2,sad,2,sad,0.9182001948356628
/Users/prarthanapatel/Desktop/Himanshi/speech_emotion_detection-develop-v2/cremad_preprocessed/audio/1025_ITS_ANG_XX.wav,1025_ITS_ANG_XX.wav,1025,train,3,angry,3,angry,0.9933114051818848
/Users/prarthanapatel/Desktop/Himanshi/speech_emotion_detection-develop-v2/cremad_preprocessed/audio/1025_ITS_DIS_XX.wav,1025_ITS_DIS_XX.wav,1025,train,5,disgust,5,disgust,0.8973677158355713
/Users/prarthanapatel/Desktop/Himanshi/speech_emotion_detection-develop-v2/cremad_preprocessed/audio/1025_ITS_FEA_XX.wav,1025_ITS_FEA_XX.wav,1025,train,4,fearful,2,sad,0.5308246612548828
/Users/prarthanapatel/Desktop/Himanshi/speech_emotion_detection-develop-v2/cremad_preprocessed/audio/1025_ITS_HAP_XX.wav,1025_ITS_HAP_XX.wav,1025,train,1,happy,1,happy,0.9684916734695435
/Users/prarthanapatel/Desktop/Himanshi/speech_emotion_detection-develop-v2/cremad_preprocessed/audio/1025_ITS_NEU_XX.wav,1025_ITS_NEU_XX.wav,1025,train,0,neutral,0,neutral,0.9880666732788086
/Users/prarthanapatel/Desktop/Himanshi/speech_emotion_detection-develop-v2/cremad_preprocessed/audio/1025_ITS_SAD_XX.wav,1025_ITS_SAD_XX.wav,1025,train,2,sad,2,sad,0.6358888149261475
/Users/prarthanapatel/Desktop/Himanshi/speech_emotion_detection-develop-v2/cremad_preprocessed/audio/1025_IWL_ANG_XX.wav,1025_IWL_ANG_XX.wav,1025,train,3,angry,3,angry,0.9928125739097595
/Users/prarthanapatel/Desktop/Himanshi/speech_emotion_detection-develop-v2/cremad_preprocessed/audio/1025_IWL_DIS_XX.wav,1025_IWL_DIS_XX.wav,1025,train,5,disgust,2,sad,0.8797389268875122
/Users/prarthanapatel/Desktop/Himanshi/speech_emotion_detection-develop-v2/cremad_preprocessed/audio/1025_IWL_FEA_XX.wav,1025_IWL_FEA_XX.wav,1025,train,4,fearful,4,fearful,0.8401976227760315
/Users/prarthanapatel/Desktop/Himanshi/speech_emotion_detection-develop-v2/cremad_preprocessed/audio/1025_IWL_HAP_XX.wav,1025_IWL_HAP_XX.wav,1025,train,1,happy,1,happy,0.9048763513565063
/Users/prarthanapatel/Desktop/Himanshi/speech_emotion_detection-develop-v2/cremad_preprocessed/audio/1025_IWL_NEU_XX.wav,1025_IWL_NEU_XX.wav,1025,train,0,neutral,0,neutral,0.9634535312652588
/Users/prarthanapatel/Desktop/Himanshi/speech_emotion_detection-develop-v2/cremad_preprocessed/audio/1025_IWL_SAD_XX.wav,1025_IWL_SAD_XX.wav,1025,train,2,sad,2,sad,0.8764271140098572
/Users/prarthanapatel/Desktop/Himanshi/speech_emotion_detection-develop-v2/cremad_preprocessed/audio/1025_IWW_ANG_XX.wav,1025_IWW_ANG_XX.wav,1025,train,3,angry,3,angry,0.9924910664558411
/Users/prarthanapatel/Desktop/Himanshi/speech_emotion_detection-develop-v2/cremad_preprocessed/audio/1025_IWW_DIS_XX.wav,1025_IWW_DIS_XX.wav,1025,train,5,disgust,5,disgust,0.8059183955192566
/Users/prarthanapatel/Desktop/Himanshi/speech_emotion_detection-develop-v2/cremad_preprocessed/audio/1025_IWW_FEA_XX.wav,1025_IWW_FEA_XX.wav,1025,train,4,fearful,2,sad,0.5922502279281616
/Users/prarthanapatel/Desktop/Himanshi/speech_emotion_detection-develop-v2/cremad_preprocessed/audio/1025_IWW_HAP_XX.wav,1025_IWW_HAP_XX.wav,1025,train,1,happy,1,happy,0.9584154486656189
/Users/prarthanapatel/Desktop/Himanshi/speech_emotion_detection-develop-v2/cremad_preprocessed/audio/1025_IWW_NEU_XX.wav,1025_IWW_NEU_XX.wav,1025,train,0,neutral,0,neutral,0.9882895946502686
/Users/prarthanapatel/Desktop/Himanshi/speech_emotion_detection-develop-v2/cremad_preprocessed/audio/1025_IWW_SAD_XX.wav,1025_IWW_SAD_XX.wav,1025,train,2,sad,2,sad,0.4451731741428375
/Users/prarthanapatel/Desktop/Himanshi/speech_emotion_detection-develop-v2/cremad_preprocessed/audio/1025_MTI_ANG_XX.wav,1025_MTI_ANG_XX.wav,1025,train,3,angry,3,angry,0.9932636022567749
/Users/prarthanapatel/Desktop/Himanshi/speech_emotion_detection-develop-v2/cremad_preprocessed/audio/1025_MTI_DIS_XX.wav,1025_MTI_DIS_XX.wav,1025,train,5,disgust,2,sad,0.4375055134296417
/Users/prarthanapatel/Desktop/Himanshi/speech_emotion_detection-develop-v2/cremad_preprocessed/audio/1025_MTI_FEA_XX.wav,1025_MTI_FEA_XX.wav,1025,train,4,fearful,4,fearful,0.8885469436645508
/Users/prarthanapatel/Desktop/Himanshi/speech_emotion_detection-develop-v2/cremad_preprocessed/audio/1025_MTI_HAP_XX.wav,1025_MTI_HAP_XX.wav,1025,train,1,happy,1,happy,0.9681727886199951
/Users/prarthanapatel/Desktop/Himanshi/speech_emotion_detection-develop-v2/cremad_preprocessed/audio/1025_MTI_NEU_XX.wav,1025_MTI_NEU_XX.wav,1025,train,0,neutral,0,neutral,0.9872036576271057
/Users/prarthanapatel/Desktop/Himanshi/speech_emotion_detection-develop-v2/cremad_preprocessed/audio/1025_MTI_SAD_XX.wav,1025_MTI_SAD_XX.wav,1025,train,2,sad,2,sad,0.6174538135528564
/Users/prarthanapatel/Desktop/Himanshi/speech_emotion_detection-develop-v2/cremad_preprocessed/audio/1025_TAI_ANG_XX.wav,1025_TAI_ANG_XX.wav,1025,train,3,angry,3,angry,0.9935437440872192
/Users/prarthanapatel/Desktop/Himanshi/speech_emotion_detection-develop-v2/cremad_preprocessed/audio/1025_TAI_DIS_XX.wav,1025_TAI_DIS_XX.wav,1025,train,5,disgust,4,fearful,0.8677589297294617
/Users/prarthanapatel/Desktop/Himanshi/speech_emotion_detection-develop-v2/cremad_preprocessed/audio/1025_TAI_FEA_XX.wav,1025_TAI_FEA_XX.wav,1025,train,4,fearful,4,fearful,0.7335506081581116
/Users/prarthanapatel/Desktop/Himanshi/speech_emotion_detection-develop-v2/cremad_preprocessed/audio/1025_TAI_HAP_XX.wav,1025_TAI_HAP_XX.wav,1025,train,1,happy,1,happy,0.974028468132019
/Users/prarthanapatel/Desktop/Himanshi/speech_emotion_detection-develop-v2/cremad_preprocessed/audio/1025_TAI_NEU_XX.wav,1025_TAI_NEU_XX.wav,1025,train,0,neutral,0,neutral,0.9892237186431885
/Users/prarthanapatel/Desktop/Himanshi/speech_emotion_detection-develop-v2/cremad_preprocessed/audio/1025_TAI_SAD_XX.wav,1025_TAI_SAD_XX.wav,1025,train,2,sad,2,sad,0.8395851850509644
/Users/prarthanapatel/Desktop/Himanshi/speech_emotion_detection-develop-v2/cremad_preprocessed/audio/1025_TIE_ANG_XX.wav,1025_TIE_ANG_XX.wav,1025,train,3,angry,3,angry,0.9907524585723877
/Users/prarthanapatel/Desktop/Himanshi/speech_emotion_detection-develop-v2/cremad_preprocessed/audio/1025_TIE_DIS_XX.wav,1025_TIE_DIS_XX.wav,1025,train,5,disgust,5,disgust,0.9575840830802917
/Users/prarthanapatel/Desktop/Himanshi/speech_emotion_detection-develop-v2/cremad_preprocessed/audio/1025_TIE_FEA_XX.wav,1025_TIE_FEA_XX.wav,1025,train,4,fearful,1,happy,0.8540290594100952
/Users/prarthanapatel/Desktop/Himanshi/speech_emotion_detection-develop-v2/cremad_preprocessed/audio/1025_TIE_HAP_XX.wav,1025_TIE_HAP_XX.wav,1025,train,1,happy,1,happy,0.6494408249855042
/Users/prarthanapatel/Desktop/Himanshi/speech_emotion_detection-develop-v2/cremad_preprocessed/audio/1025_TIE_NEU_XX.wav,1025_TIE_NEU_XX.wav,1025,train,0,neutral,0,neutral,0.9754580855369568
/Users/prarthanapatel/Desktop/Himanshi/speech_emotion_detection-develop-v2/cremad_preprocessed/audio/1025_TIE_SAD_XX.wav,1025_TIE_SAD_XX.wav,1025,train,2,sad,2,sad,0.8849962949752808
/Users/prarthanapatel/Desktop/Himanshi/speech_emotion_detection-develop-v2/cremad_preprocessed/audio/1025_TSI_ANG_XX.wav,1025_TSI_ANG_XX.wav,1025,train,3,angry,3,angry,0.9616650342941284
/Users/prarthanapatel/Desktop/Himanshi/speech_emotion_detection-develop-v2/cremad_preprocessed/audio/1025_TSI_DIS_XX.wav,1025_TSI_DIS_XX.wav,1025,train,5,disgust,5,disgust,0.7900962233543396
/Users/prarthanapatel/Desktop/Himanshi/speech_emotion_detection-develop-v2/cremad_preprocessed/audio/1025_TSI_FEA_XX.wav,1025_TSI_FEA_XX.wav,1025,train,4,fearful,4,fearful,0.9056724309921265
/Users/prarthanapatel/Desktop/Himanshi/speech_emotion_detection-develop-v2/cremad_preprocessed/audio/1025_TSI_HAP_XX.wav,1025_TSI_HAP_XX.wav,1025,train,1,happy,1,happy,0.900754988193512
/Users/prarthanapatel/Desktop/Himanshi/speech_emotion_detection-develop-v2/cremad_preprocessed/audio/1025_TSI_NEU_XX.wav,1025_TSI_NEU_XX.wav,1025,train,0,neutral,0,neutral,0.9283159971237183
/Users/prarthanapatel/Desktop/Himanshi/speech_emotion_detection-develop-v2/cremad_preprocessed/audio/1025_TSI_SAD_XX.wav,1025_TSI_SAD_XX.wav,1025,train,2,sad,2,sad,0.8579104542732239
/Users/prarthanapatel/Desktop/Himanshi/speech_emotion_detection-develop-v2/cremad_preprocessed/audio/1025_WSI_ANG_XX.wav,1025_WSI_ANG_XX.wav,1025,train,3,angry,1,happy,0.6904627680778503
/Users/prarthanapatel/Desktop/Himanshi/speech_emotion_detection-develop-v2/cremad_preprocessed/audio/1025_WSI_DIS_XX.wav,1025_WSI_DIS_XX.wav,1025,train,5,disgust,2,sad,0.74757319688797
/Users/prarthanapatel/Desktop/Himanshi/speech_emotion_detection-develop-v2/cremad_preprocessed/audio/1025_WSI_FEA_XX.wav,1025_WSI_FEA_XX.wav,1025,train,4,fearful,4,fearful,0.6775800585746765
/Users/prarthanapatel/Desktop/Himanshi/speech_emotion_detection-develop-v2/cremad_preprocessed/audio/1025_WSI_HAP_XX.wav,1025_WSI_HAP_XX.wav,1025,train,1,happy,1,happy,0.9453808069229126
/Users/prarthanapatel/Desktop/Himanshi/speech_emotion_detection-develop-v2/cremad_preprocessed/audio/1025_WSI_NEU_XX.wav,1025_WSI_NEU_XX.wav,1025,train,0,neutral,0,neutral,0.9888678789138794
/Users/prarthanapatel/Desktop/Himanshi/speech_emotion_detection-develop-v2/cremad_preprocessed/audio/1025_WSI_SAD_XX.wav,1025_WSI_SAD_XX.wav,1025,train,2,sad,2,sad,0.934878408908844
/Users/prarthanapatel/Desktop/Himanshi/speech_emotion_detection-develop-v2/cremad_preprocessed/audio/1026_DFA_ANG_XX.wav,1026_DFA_ANG_XX.wav,1026,train,3,angry,3,angry,0.9930400848388672
/Users/prarthanapatel/Desktop/Himanshi/speech_emotion_detection-develop-v2/cremad_preprocessed/audio/1026_DFA_DIS_XX.wav,1026_DFA_DIS_XX.wav,1026,train,5,disgust,5,disgust,0.9662707448005676
/Users/prarthanapatel/Desktop/Himanshi/speech_emotion_detection-develop-v2/cremad_preprocessed/audio/1026_DFA_FEA_XX.wav,1026_DFA_FEA_XX.wav,1026,train,4,fearful,4,fearful,0.8763642907142639
/Users/prarthanapatel/Desktop/Himanshi/speech_emotion_detection-develop-v2/cremad_preprocessed/audio/1026_DFA_HAP_XX.wav,1026_DFA_HAP_XX.wav,1026,train,1,happy,1,happy,0.9604702591896057
/Users/prarthanapatel/Desktop/Himanshi/speech_emotion_detection-develop-v2/cremad_preprocessed/audio/1026_DFA_NEU_XX.wav,1026_DFA_NEU_XX.wav,1026,train,0,neutral,0,neutral,0.9493560791015625
/Users/prarthanapatel/Desktop/Himanshi/speech_emotion_detection-develop-v2/cremad_preprocessed/audio/1026_DFA_SAD_XX.wav,1026_DFA_SAD_XX.wav,1026,train,2,sad,2,sad,0.9039261341094971
/Users/prarthanapatel/Desktop/Himanshi/speech_emotion_detection-develop-v2/cremad_preprocessed/audio/1026_IEO_ANG_HI.wav,1026_IEO_ANG_HI.wav,1026,train,3,angry,3,angry,0.994961142539978
/Users/prarthanapatel/Desktop/Himanshi/speech_emotion_detection-develop-v2/cremad_preprocessed/audio/1026_IEO_ANG_LO.wav,1026_IEO_ANG_LO.wav,1026,train,3,angry,3,angry,0.993743360042572
/Users/prarthanapatel/Desktop/Himanshi/speech_emotion_detection-develop-v2/cremad_preprocessed/audio/1026_IEO_ANG_MD.wav,1026_IEO_ANG_MD.wav,1026,train,3,angry,3,angry,0.9944350719451904
/Users/prarthanapatel/Desktop/Himanshi/speech_emotion_detection-develop-v2/cremad_preprocessed/audio/1026_IEO_DIS_HI.wav,1026_IEO_DIS_HI.wav,1026,train,5,disgust,5,disgust,0.7776415348052979
/Users/prarthanapatel/Desktop/Himanshi/speech_emotion_detection-develop-v2/cremad_preprocessed/audio/1026_IEO_DIS_LO.wav,1026_IEO_DIS_LO.wav,1026,train,5,disgust,5,disgust,0.9393736124038696
/Users/prarthanapatel/Desktop/Himanshi/speech_emotion_detection-develop-v2/cremad_preprocessed/audio/1026_IEO_DIS_MD.wav,1026_IEO_DIS_MD.wav,1026,train,5,disgust,5,disgust,0.9143628478050232
/Users/prarthanapatel/Desktop/Himanshi/speech_emotion_detection-develop-v2/cremad_preprocessed/audio/1026_IEO_FEA_HI.wav,1026_IEO_FEA_HI.wav,1026,train,4,fearful,4,fearful,0.9562536478042603
/Users/prarthanapatel/Desktop/Himanshi/speech_emotion_detection-develop-v2/cremad_preprocessed/audio/1026_IEO_FEA_LO.wav,1026_IEO_FEA_LO.wav,1026,train,4,fearful,4,fearful,0.7283456921577454
/Users/prarthanapatel/Desktop/Himanshi/speech_emotion_detection-develop-v2/cremad_preprocessed/audio/1026_IEO_FEA_MD.wav,1026_IEO_FEA_MD.wav,1026,train,4,fearful,4,fearful,0.8889515995979309
/Users/prarthanapatel/Desktop/Himanshi/speech_emotion_detection-develop-v2/cremad_preprocessed/audio/1026_IEO_HAP_HI.wav,1026_IEO_HAP_HI.wav,1026,train,1,happy,1,happy,0.9405861496925354
/Users/prarthanapatel/Desktop/Himanshi/speech_emotion_detection-develop-v2/cremad_preprocessed/audio/1026_IEO_HAP_LO.wav,1026_IEO_HAP_LO.wav,1026,train,1,happy,1,happy,0.9451571702957153
/Users/prarthanapatel/Desktop/Himanshi/speech_emotion_detection-develop-v2/cremad_preprocessed/audio/1026_IEO_HAP_MD.wav,1026_IEO_HAP_MD.wav,1026,train,1,happy,1,happy,0.9745688438415527
/Users/prarthanapatel/Desktop/Himanshi/speech_emotion_detection-develop-v2/cremad_preprocessed/audio/1026_IEO_NEU_XX.wav,1026_IEO_NEU_XX.wav,1026,train,0,neutral,0,neutral,0.920741081237793
/Users/prarthanapatel/Desktop/Himanshi/speech_emotion_detection-develop-v2/cremad_preprocessed/audio/1026_IEO_SAD_HI.wav,1026_IEO_SAD_HI.wav,1026,train,2,sad,4,fearful,0.6185762882232666
/Users/prarthanapatel/Desktop/Himanshi/speech_emotion_detection-develop-v2/cremad_preprocessed/audio/1026_IEO_SAD_LO.wav,1026_IEO_SAD_LO.wav,1026,train,2,sad,2,sad,0.547697126865387
/Users/prarthanapatel/Desktop/Himanshi/speech_emotion_detection-develop-v2/cremad_preprocessed/audio/1026_IEO_SAD_MD.wav,1026_IEO_SAD_MD.wav,1026,train,2,sad,2,sad,0.6298869848251343
/Users/prarthanapatel/Desktop/Himanshi/speech_emotion_detection-develop-v2/cremad_preprocessed/audio/1026_IOM_ANG_XX.wav,1026_IOM_ANG_XX.wav,1026,train,3,angry,3,angry,0.9941970109939575
/Users/prarthanapatel/Desktop/Himanshi/speech_emotion_detection-develop-v2/cremad_preprocessed/audio/1026_IOM_DIS_XX.wav,1026_IOM_DIS_XX.wav,1026,train,5,disgust,5,disgust,0.8491027355194092
/Users/prarthanapatel/Desktop/Himanshi/speech_emotion_detection-develop-v2/cremad_preprocessed/audio/1026_IOM_FEA_XX.wav,1026_IOM_FEA_XX.wav,1026,train,4,fearful,4,fearful,0.8823947310447693
/Users/prarthanapatel/Desktop/Himanshi/speech_emotion_detection-develop-v2/cremad_preprocessed/audio/1026_IOM_HAP_XX.wav,1026_IOM_HAP_XX.wav,1026,train,1,happy,1,happy,0.9748274683952332
/Users/prarthanapatel/Desktop/Himanshi/speech_emotion_detection-develop-v2/cremad_preprocessed/audio/1026_IOM_NEU_XX.wav,1026_IOM_NEU_XX.wav,1026,train,0,neutral,0,neutral,0.980832576751709
/Users/prarthanapatel/Desktop/Himanshi/speech_emotion_detection-develop-v2/cremad_preprocessed/audio/1026_IOM_SAD_XX.wav,1026_IOM_SAD_XX.wav,1026,train,2,sad,2,sad,0.7551238536834717
/Users/prarthanapatel/Desktop/Himanshi/speech_emotion_detection-develop-v2/cremad_preprocessed/audio/1026_ITH_ANG_XX.wav,1026_ITH_ANG_XX.wav,1026,train,3,angry,3,angry,0.9943177103996277
/Users/prarthanapatel/Desktop/Himanshi/speech_emotion_detection-develop-v2/cremad_preprocessed/audio/1026_ITH_DIS_XX.wav,1026_ITH_DIS_XX.wav,1026,train,5,disgust,5,disgust,0.8154748678207397
/Users/prarthanapatel/Desktop/Himanshi/speech_emotion_detection-develop-v2/cremad_preprocessed/audio/1026_ITH_FEA_XX.wav,1026_ITH_FEA_XX.wav,1026,train,4,fearful,2,sad,0.6062911152839661
/Users/prarthanapatel/Desktop/Himanshi/speech_emotion_detection-develop-v2/cremad_preprocessed/audio/1026_ITH_HAP_XX.wav,1026_ITH_HAP_XX.wav,1026,train,1,happy,1,happy,0.9396928548812866
/Users/prarthanapatel/Desktop/Himanshi/speech_emotion_detection-develop-v2/cremad_preprocessed/audio/1026_ITH_NEU_XX.wav,1026_ITH_NEU_XX.wav,1026,train,0,neutral,0,neutral,0.987273097038269
/Users/prarthanapatel/Desktop/Himanshi/speech_emotion_detection-develop-v2/cremad_preprocessed/audio/1026_ITH_SAD_XX.wav,1026_ITH_SAD_XX.wav,1026,train,2,sad,4,fearful,0.5804343819618225
/Users/prarthanapatel/Desktop/Himanshi/speech_emotion_detection-develop-v2/cremad_preprocessed/audio/1026_ITS_ANG_XX.wav,1026_ITS_ANG_XX.wav,1026,train,3,angry,3,angry,0.9934000968933105
/Users/prarthanapatel/Desktop/Himanshi/speech_emotion_detection-develop-v2/cremad_preprocessed/audio/1026_ITS_DIS_XX.wav,1026_ITS_DIS_XX.wav,1026,train,5,disgust,2,sad,0.43952420353889465
/Users/prarthanapatel/Desktop/Himanshi/speech_emotion_detection-develop-v2/cremad_preprocessed/audio/1026_ITS_FEA_XX.wav,1026_ITS_FEA_XX.wav,1026,train,4,fearful,4,fearful,0.9190412759780884
/Users/prarthanapatel/Desktop/Himanshi/speech_emotion_detection-develop-v2/cremad_preprocessed/audio/1026_ITS_HAP_XX.wav,1026_ITS_HAP_XX.wav,1026,train,1,happy,1,happy,0.9728484749794006
/Users/prarthanapatel/Desktop/Himanshi/speech_emotion_detection-develop-v2/cremad_preprocessed/audio/1026_ITS_NEU_XX.wav,1026_ITS_NEU_XX.wav,1026,train,0,neutral,0,neutral,0.9850372672080994
/Users/prarthanapatel/Desktop/Himanshi/speech_emotion_detection-develop-v2/cremad_preprocessed/audio/1026_ITS_SAD_XX.wav,1026_ITS_SAD_XX.wav,1026,train,2,sad,2,sad,0.7688531875610352
/Users/prarthanapatel/Desktop/Himanshi/speech_emotion_detection-develop-v2/cremad_preprocessed/audio/1026_IWL_ANG_XX.wav,1026_IWL_ANG_XX.wav,1026,train,3,angry,3,angry,0.9936407208442688
/Users/prarthanapatel/Desktop/Himanshi/speech_emotion_detection-develop-v2/cremad_preprocessed/audio/1026_IWL_DIS_XX.wav,1026_IWL_DIS_XX.wav,1026,train,5,disgust,3,angry,0.6856296062469482
/Users/prarthanapatel/Desktop/Himanshi/speech_emotion_detection-develop-v2/cremad_preprocessed/audio/1026_IWL_FEA_XX.wav,1026_IWL_FEA_XX.wav,1026,train,4,fearful,4,fearful,0.9511644840240479
/Users/prarthanapatel/Desktop/Himanshi/speech_emotion_detection-develop-v2/cremad_preprocessed/audio/1026_IWL_HAP_XX.wav,1026_IWL_HAP_XX.wav,1026,train,1,happy,1,happy,0.9604146480560303
/Users/prarthanapatel/Desktop/Himanshi/speech_emotion_detection-develop-v2/cremad_preprocessed/audio/1026_IWL_NEU_XX.wav,1026_IWL_NEU_XX.wav,1026,train,0,neutral,0,neutral,0.9866776466369629
/Users/prarthanapatel/Desktop/Himanshi/speech_emotion_detection-develop-v2/cremad_preprocessed/audio/1026_IWL_SAD_XX.wav,1026_IWL_SAD_XX.wav,1026,train,2,sad,2,sad,0.3938460350036621
/Users/prarthanapatel/Desktop/Himanshi/speech_emotion_detection-develop-v2/cremad_preprocessed/audio/1026_IWW_ANG_XX.wav,1026_IWW_ANG_XX.wav,1026,train,3,angry,3,angry,0.991787850856781
/Users/prarthanapatel/Desktop/Himanshi/speech_emotion_detection-develop-v2/cremad_preprocessed/audio/1026_IWW_DIS_XX.wav,1026_IWW_DIS_XX.wav,1026,train,5,disgust,5,disgust,0.9542620778083801
/Users/prarthanapatel/Desktop/Himanshi/speech_emotion_detection-develop-v2/cremad_preprocessed/audio/1026_IWW_FEA_XX.wav,1026_IWW_FEA_XX.wav,1026,train,4,fearful,4,fearful,0.48983967304229736
/Users/prarthanapatel/Desktop/Himanshi/speech_emotion_detection-develop-v2/cremad_preprocessed/audio/1026_IWW_HAP_XX.wav,1026_IWW_HAP_XX.wav,1026,train,1,happy,1,happy,0.924225389957428
/Users/prarthanapatel/Desktop/Himanshi/speech_emotion_detection-develop-v2/cremad_preprocessed/audio/1026_IWW_NEU_XX.wav,1026_IWW_NEU_XX.wav,1026,train,0,neutral,0,neutral,0.9837231636047363
/Users/prarthanapatel/Desktop/Himanshi/speech_emotion_detection-develop-v2/cremad_preprocessed/audio/1026_IWW_SAD_XX.wav,1026_IWW_SAD_XX.wav,1026,train,2,sad,2,sad,0.8425180315971375
/Users/prarthanapatel/Desktop/Himanshi/speech_emotion_detection-develop-v2/cremad_preprocessed/audio/1026_MTI_ANG_XX.wav,1026_MTI_ANG_XX.wav,1026,train,3,angry,3,angry,0.9945293068885803
/Users/prarthanapatel/Desktop/Himanshi/speech_emotion_detection-develop-v2/cremad_preprocessed/audio/1026_MTI_DIS_XX.wav,1026_MTI_DIS_XX.wav,1026,train,5,disgust,5,disgust,0.9220326542854309
/Users/prarthanapatel/Desktop/Himanshi/speech_emotion_detection-develop-v2/cremad_preprocessed/audio/1026_MTI_FEA_XX.wav,1026_MTI_FEA_XX.wav,1026,train,4,fearful,4,fearful,0.9440826773643494
/Users/prarthanapatel/Desktop/Himanshi/speech_emotion_detection-develop-v2/cremad_preprocessed/audio/1026_MTI_HAP_XX.wav,1026_MTI_HAP_XX.wav,1026,train,1,happy,1,happy,0.9577674269676208
/Users/prarthanapatel/Desktop/Himanshi/speech_emotion_detection-develop-v2/cremad_preprocessed/audio/1026_MTI_NEU_XX.wav,1026_MTI_NEU_XX.wav,1026,train,0,neutral,0,neutral,0.9236642718315125
/Users/prarthanapatel/Desktop/Himanshi/speech_emotion_detection-develop-v2/cremad_preprocessed/audio/1026_MTI_SAD_XX.wav,1026_MTI_SAD_XX.wav,1026,train,2,sad,4,fearful,0.6153979301452637
/Users/prarthanapatel/Desktop/Himanshi/speech_emotion_detection-develop-v2/cremad_preprocessed/audio/1026_TAI_ANG_XX.wav,1026_TAI_ANG_XX.wav,1026,train,3,angry,3,angry,0.9947834610939026
/Users/prarthanapatel/Desktop/Himanshi/speech_emotion_detection-develop-v2/cremad_preprocessed/audio/1026_TAI_DIS_XX.wav,1026_TAI_DIS_XX.wav,1026,train,5,disgust,5,disgust,0.9327471256256104
/Users/prarthanapatel/Desktop/Himanshi/speech_emotion_detection-develop-v2/cremad_preprocessed/audio/1026_TAI_FEA_XX.wav,1026_TAI_FEA_XX.wav,1026,train,4,fearful,4,fearful,0.9579289555549622
/Users/prarthanapatel/Desktop/Himanshi/speech_emotion_detection-develop-v2/cremad_preprocessed/audio/1026_TAI_HAP_XX.wav,1026_TAI_HAP_XX.wav,1026,train,1,happy,1,happy,0.975918173789978
/Users/prarthanapatel/Desktop/Himanshi/speech_emotion_detection-develop-v2/cremad_preprocessed/audio/1026_TAI_NEU_XX.wav,1026_TAI_NEU_XX.wav,1026,train,0,neutral,0,neutral,0.9807044863700867
/Users/prarthanapatel/Desktop/Himanshi/speech_emotion_detection-develop-v2/cremad_preprocessed/audio/1026_TAI_SAD_XX.wav,1026_TAI_SAD_XX.wav,1026,train,2,sad,2,sad,0.6836638450622559
/Users/prarthanapatel/Desktop/Himanshi/speech_emotion_detection-develop-v2/cremad_preprocessed/audio/1026_TIE_ANG_XX.wav,1026_TIE_ANG_XX.wav,1026,train,3,angry,3,angry,0.992469847202301
/Users/prarthanapatel/Desktop/Himanshi/speech_emotion_detection-develop-v2/cremad_preprocessed/audio/1026_TIE_DIS_XX.wav,1026_TIE_DIS_XX.wav,1026,train,5,disgust,3,angry,0.9826211333274841
/Users/prarthanapatel/Desktop/Himanshi/speech_emotion_detection-develop-v2/cremad_preprocessed/audio/1026_TIE_FEA_XX.wav,1026_TIE_FEA_XX.wav,1026,train,4,fearful,4,fearful,0.6691951751708984
/Users/prarthanapatel/Desktop/Himanshi/speech_emotion_detection-develop-v2/cremad_preprocessed/audio/1026_TIE_HAP_XX.wav,1026_TIE_HAP_XX.wav,1026,train,1,happy,1,happy,0.9382944703102112
/Users/prarthanapatel/Desktop/Himanshi/speech_emotion_detection-develop-v2/cremad_preprocessed/audio/1026_TIE_NEU_XX.wav,1026_TIE_NEU_XX.wav,1026,train,0,neutral,0,neutral,0.9813318252563477
/Users/prarthanapatel/Desktop/Himanshi/speech_emotion_detection-develop-v2/cremad_preprocessed/audio/1026_TIE_SAD_XX.wav,1026_TIE_SAD_XX.wav,1026,train,2,sad,2,sad,0.8368521332740784
/Users/prarthanapatel/Desktop/Himanshi/speech_emotion_detection-develop-v2/cremad_preprocessed/audio/1026_TSI_ANG_XX.wav,1026_TSI_ANG_XX.wav,1026,train,3,angry,3,angry,0.9949221014976501
/Users/prarthanapatel/Desktop/Himanshi/speech_emotion_detection-develop-v2/cremad_preprocessed/audio/1026_TSI_DIS_XX.wav,1026_TSI_DIS_XX.wav,1026,train,5,disgust,1,happy,0.5353315472602844
/Users/prarthanapatel/Desktop/Himanshi/speech_emotion_detection-develop-v2/cremad_preprocessed/audio/1026_TSI_FEA_XX.wav,1026_TSI_FEA_XX.wav,1026,train,4,fearful,4,fearful,0.7325268983840942
/Users/prarthanapatel/Desktop/Himanshi/speech_emotion_detection-develop-v2/cremad_preprocessed/audio/1026_TSI_HAP_XX.wav,1026_TSI_HAP_XX.wav,1026,train,1,happy,1,happy,0.9754230380058289
/Users/prarthanapatel/Desktop/Himanshi/speech_emotion_detection-develop-v2/cremad_preprocessed/audio/1026_TSI_NEU_XX.wav,1026_TSI_NEU_XX.wav,1026,train,0,neutral,0,neutral,0.9796992540359497
/Users/prarthanapatel/Desktop/Himanshi/speech_emotion_detection-develop-v2/cremad_preprocessed/audio/1026_TSI_SAD_XX.wav,1026_TSI_SAD_XX.wav,1026,train,2,sad,2,sad,0.8989740014076233
/Users/prarthanapatel/Desktop/Himanshi/speech_emotion_detection-develop-v2/cremad_preprocessed/audio/1026_WSI_ANG_XX.wav,1026_WSI_ANG_XX.wav,1026,train,3,angry,3,angry,0.9948443174362183
/Users/prarthanapatel/Desktop/Himanshi/speech_emotion_detection-develop-v2/cremad_preprocessed/audio/1026_WSI_DIS_XX.wav,1026_WSI_DIS_XX.wav,1026,train,5,disgust,5,disgust,0.5323429703712463
/Users/prarthanapatel/Desktop/Himanshi/speech_emotion_detection-develop-v2/cremad_preprocessed/audio/1026_WSI_FEA_XX.wav,1026_WSI_FEA_XX.wav,1026,train,4,fearful,4,fearful,0.8672289848327637
/Users/prarthanapatel/Desktop/Himanshi/speech_emotion_detection-develop-v2/cremad_preprocessed/audio/1026_WSI_HAP_XX.wav,1026_WSI_HAP_XX.wav,1026,train,1,happy,1,happy,0.8659623861312866
/Users/prarthanapatel/Desktop/Himanshi/speech_emotion_detection-develop-v2/cremad_preprocessed/audio/1026_WSI_NEU_XX.wav,1026_WSI_NEU_XX.wav,1026,train,0,neutral,0,neutral,0.9834785461425781
/Users/prarthanapatel/Desktop/Himanshi/speech_emotion_detection-develop-v2/cremad_preprocessed/audio/1026_WSI_SAD_XX.wav,1026_WSI_SAD_XX.wav,1026,train,2,sad,2,sad,0.8840121626853943
/Users/prarthanapatel/Desktop/Himanshi/speech_emotion_detection-develop-v2/cremad_preprocessed/audio/1027_DFA_ANG_XX.wav,1027_DFA_ANG_XX.wav,1027,train,3,angry,3,angry,0.9942541718482971
/Users/prarthanapatel/Desktop/Himanshi/speech_emotion_detection-develop-v2/cremad_preprocessed/audio/1027_DFA_DIS_XX.wav,1027_DFA_DIS_XX.wav,1027,train,5,disgust,5,disgust,0.7820367813110352
/Users/prarthanapatel/Desktop/Himanshi/speech_emotion_detection-develop-v2/cremad_preprocessed/audio/1027_DFA_FEA_XX.wav,1027_DFA_FEA_XX.wav,1027,train,4,fearful,4,fearful,0.9372458457946777
/Users/prarthanapatel/Desktop/Himanshi/speech_emotion_detection-develop-v2/cremad_preprocessed/audio/1027_DFA_HAP_XX.wav,1027_DFA_HAP_XX.wav,1027,train,1,happy,3,angry,0.8640382885932922
/Users/prarthanapatel/Desktop/Himanshi/speech_emotion_detection-develop-v2/cremad_preprocessed/audio/1027_DFA_NEU_XX.wav,1027_DFA_NEU_XX.wav,1027,train,0,neutral,0,neutral,0.9424574375152588
/Users/prarthanapatel/Desktop/Himanshi/speech_emotion_detection-develop-v2/cremad_preprocessed/audio/1027_DFA_SAD_XX.wav,1027_DFA_SAD_XX.wav,1027,train,2,sad,4,fearful,0.5512583255767822
/Users/prarthanapatel/Desktop/Himanshi/speech_emotion_detection-develop-v2/cremad_preprocessed/audio/1027_IEO_ANG_HI.wav,1027_IEO_ANG_HI.wav,1027,train,3,angry,3,angry,0.9941228032112122
/Users/prarthanapatel/Desktop/Himanshi/speech_emotion_detection-develop-v2/cremad_preprocessed/audio/1027_IEO_ANG_LO.wav,1027_IEO_ANG_LO.wav,1027,train,3,angry,1,happy,0.8810704946517944
/Users/prarthanapatel/Desktop/Himanshi/speech_emotion_detection-develop-v2/cremad_preprocessed/audio/1027_IEO_ANG_MD.wav,1027_IEO_ANG_MD.wav,1027,train,3,angry,3,angry,0.9917311072349548
/Users/prarthanapatel/Desktop/Himanshi/speech_emotion_detection-develop-v2/cremad_preprocessed/audio/1027_IEO_DIS_HI.wav,1027_IEO_DIS_HI.wav,1027,train,5,disgust,5,disgust,0.8480842113494873
/Users/prarthanapatel/Desktop/Himanshi/speech_emotion_detection-develop-v2/cremad_preprocessed/audio/1027_IEO_DIS_LO.wav,1027_IEO_DIS_LO.wav,1027,train,5,disgust,5,disgust,0.9362717270851135
/Users/prarthanapatel/Desktop/Himanshi/speech_emotion_detection-develop-v2/cremad_preprocessed/audio/1027_IEO_DIS_MD.wav,1027_IEO_DIS_MD.wav,1027,train,5,disgust,5,disgust,0.9230728149414062
/Users/prarthanapatel/Desktop/Himanshi/speech_emotion_detection-develop-v2/cremad_preprocessed/audio/1027_IEO_FEA_HI.wav,1027_IEO_FEA_HI.wav,1027,train,4,fearful,1,happy,0.5383621454238892
/Users/prarthanapatel/Desktop/Himanshi/speech_emotion_detection-develop-v2/cremad_preprocessed/audio/1027_IEO_FEA_LO.wav,1027_IEO_FEA_LO.wav,1027,train,4,fearful,4,fearful,0.777101457118988
/Users/prarthanapatel/Desktop/Himanshi/speech_emotion_detection-develop-v2/cremad_preprocessed/audio/1027_IEO_FEA_MD.wav,1027_IEO_FEA_MD.wav,1027,train,4,fearful,1,happy,0.8512511253356934
/Users/prarthanapatel/Desktop/Himanshi/speech_emotion_detection-develop-v2/cremad_preprocessed/audio/1027_IEO_HAP_HI.wav,1027_IEO_HAP_HI.wav,1027,train,1,happy,1,happy,0.8184526562690735
/Users/prarthanapatel/Desktop/Himanshi/speech_emotion_detection-develop-v2/cremad_preprocessed/audio/1027_IEO_HAP_LO.wav,1027_IEO_HAP_LO.wav,1027,train,1,happy,1,happy,0.9741845726966858
/Users/prarthanapatel/Desktop/Himanshi/speech_emotion_detection-develop-v2/cremad_preprocessed/audio/1027_IEO_HAP_MD.wav,1027_IEO_HAP_MD.wav,1027,train,1,happy,1,happy,0.9701657295227051
/Users/prarthanapatel/Desktop/Himanshi/speech_emotion_detection-develop-v2/cremad_preprocessed/audio/1027_IEO_NEU_XX.wav,1027_IEO_NEU_XX.wav,1027,train,0,neutral,0,neutral,0.9460440874099731
/Users/prarthanapatel/Desktop/Himanshi/speech_emotion_detection-develop-v2/cremad_preprocessed/audio/1027_IEO_SAD_HI.wav,1027_IEO_SAD_HI.wav,1027,train,2,sad,4,fearful,0.8408110737800598
/Users/prarthanapatel/Desktop/Himanshi/speech_emotion_detection-develop-v2/cremad_preprocessed/audio/1027_IEO_SAD_LO.wav,1027_IEO_SAD_LO.wav,1027,train,2,sad,2,sad,0.7811331748962402
/Users/prarthanapatel/Desktop/Himanshi/speech_emotion_detection-develop-v2/cremad_preprocessed/audio/1027_IEO_SAD_MD.wav,1027_IEO_SAD_MD.wav,1027,train,2,sad,2,sad,0.7367315888404846
/Users/prarthanapatel/Desktop/Himanshi/speech_emotion_detection-develop-v2/cremad_preprocessed/audio/1027_IOM_ANG_XX.wav,1027_IOM_ANG_XX.wav,1027,train,3,angry,3,angry,0.9950506091117859
/Users/prarthanapatel/Desktop/Himanshi/speech_emotion_detection-develop-v2/cremad_preprocessed/audio/1027_IOM_DIS_XX.wav,1027_IOM_DIS_XX.wav,1027,train,5,disgust,5,disgust,0.8933932781219482
/Users/prarthanapatel/Desktop/Himanshi/speech_emotion_detection-develop-v2/cremad_preprocessed/audio/1027_IOM_FEA_XX.wav,1027_IOM_FEA_XX.wav,1027,train,4,fearful,1,happy,0.6219714283943176
/Users/prarthanapatel/Desktop/Himanshi/speech_emotion_detection-develop-v2/cremad_preprocessed/audio/1027_IOM_HAP_XX.wav,1027_IOM_HAP_XX.wav,1027,train,1,happy,1,happy,0.9737377762794495
/Users/prarthanapatel/Desktop/Himanshi/speech_emotion_detection-develop-v2/cremad_preprocessed/audio/1027_IOM_NEU_XX.wav,1027_IOM_NEU_XX.wav,1027,train,0,neutral,0,neutral,0.9601724147796631
/Users/prarthanapatel/Desktop/Himanshi/speech_emotion_detection-develop-v2/cremad_preprocessed/audio/1027_IOM_SAD_XX.wav,1027_IOM_SAD_XX.wav,1027,train,2,sad,2,sad,0.5856560468673706
/Users/prarthanapatel/Desktop/Himanshi/speech_emotion_detection-develop-v2/cremad_preprocessed/audio/1027_ITH_ANG_XX.wav,1027_ITH_ANG_XX.wav,1027,train,3,angry,3,angry,0.9945959448814392
/Users/prarthanapatel/Desktop/Himanshi/speech_emotion_detection-develop-v2/cremad_preprocessed/audio/1027_ITH_DIS_XX.wav,1027_ITH_DIS_XX.wav,1027,train,5,disgust,5,disgust,0.6266529560089111
/Users/prarthanapatel/Desktop/Himanshi/speech_emotion_detection-develop-v2/cremad_preprocessed/audio/1027_ITH_FEA_XX.wav,1027_ITH_FEA_XX.wav,1027,train,4,fearful,5,disgust,0.8813959956169128
/Users/prarthanapatel/Desktop/Himanshi/speech_emotion_detection-develop-v2/cremad_preprocessed/audio/1027_ITH_HAP_XX.wav,1027_ITH_HAP_XX.wav,1027,train,1,happy,1,happy,0.9074671268463135
/Users/prarthanapatel/Desktop/Himanshi/speech_emotion_detection-develop-v2/cremad_preprocessed/audio/1027_ITH_NEU_XX.wav,1027_ITH_NEU_XX.wav,1027,train,0,neutral,0,neutral,0.9800631999969482
/Users/prarthanapatel/Desktop/Himanshi/speech_emotion_detection-develop-v2/cremad_preprocessed/audio/1027_ITH_SAD_XX.wav,1027_ITH_SAD_XX.wav,1027,train,2,sad,2,sad,0.6191872954368591
/Users/prarthanapatel/Desktop/Himanshi/speech_emotion_detection-develop-v2/cremad_preprocessed/audio/1027_ITS_ANG_XX.wav,1027_ITS_ANG_XX.wav,1027,train,3,angry,3,angry,0.994333028793335
/Users/prarthanapatel/Desktop/Himanshi/speech_emotion_detection-develop-v2/cremad_preprocessed/audio/1027_ITS_DIS_XX.wav,1027_ITS_DIS_XX.wav,1027,train,5,disgust,5,disgust,0.4697015583515167
/Users/prarthanapatel/Desktop/Himanshi/speech_emotion_detection-develop-v2/cremad_preprocessed/audio/1027_ITS_FEA_XX.wav,1027_ITS_FEA_XX.wav,1027,train,4,fearful,4,fearful,0.7609599828720093
/Users/prarthanapatel/Desktop/Himanshi/speech_emotion_detection-develop-v2/cremad_preprocessed/audio/1027_ITS_HAP_XX.wav,1027_ITS_HAP_XX.wav,1027,train,1,happy,1,happy,0.9769967198371887
/Users/prarthanapatel/Desktop/Himanshi/speech_emotion_detection-develop-v2/cremad_preprocessed/audio/1027_ITS_NEU_XX.wav,1027_ITS_NEU_XX.wav,1027,train,0,neutral,0,neutral,0.911485493183136
/Users/prarthanapatel/Desktop/Himanshi/speech_emotion_detection-develop-v2/cremad_preprocessed/audio/1027_ITS_SAD_XX.wav,1027_ITS_SAD_XX.wav,1027,train,2,sad,4,fearful,0.714059054851532
/Users/prarthanapatel/Desktop/Himanshi/speech_emotion_detection-develop-v2/cremad_preprocessed/audio/1027_IWL_ANG_XX.wav,1027_IWL_ANG_XX.wav,1027,train,3,angry,3,angry,0.9939661622047424
/Users/prarthanapatel/Desktop/Himanshi/speech_emotion_detection-develop-v2/cremad_preprocessed/audio/1027_IWL_DIS_XX.wav,1027_IWL_DIS_XX.wav,1027,train,5,disgust,5,disgust,0.7656389474868774
/Users/prarthanapatel/Desktop/Himanshi/speech_emotion_detection-develop-v2/cremad_preprocessed/audio/1027_IWL_FEA_XX.wav,1027_IWL_FEA_XX.wav,1027,train,4,fearful,4,fearful,0.9435452818870544
/Users/prarthanapatel/Desktop/Himanshi/speech_emotion_detection-develop-v2/cremad_preprocessed/audio/1027_IWL_HAP_XX.wav,1027_IWL_HAP_XX.wav,1027,train,1,happy,1,happy,0.9578542709350586
/Users/prarthanapatel/Desktop/Himanshi/speech_emotion_detection-develop-v2/cremad_preprocessed/audio/1027_IWL_NEU_XX.wav,1027_IWL_NEU_XX.wav,1027,train,0,neutral,0,neutral,0.5156405568122864
/Users/prarthanapatel/Desktop/Himanshi/speech_emotion_detection-develop-v2/cremad_preprocessed/audio/1027_IWL_SAD_XX.wav,1027_IWL_SAD_XX.wav,1027,train,2,sad,2,sad,0.48811057209968567
/Users/prarthanapatel/Desktop/Himanshi/speech_emotion_detection-develop-v2/cremad_preprocessed/audio/1027_IWW_ANG_XX.wav,1027_IWW_ANG_XX.wav,1027,train,3,angry,3,angry,0.9903051853179932
/Users/prarthanapatel/Desktop/Himanshi/speech_emotion_detection-develop-v2/cremad_preprocessed/audio/1027_IWW_DIS_XX.wav,1027_IWW_DIS_XX.wav,1027,train,5,disgust,5,disgust,0.8329755663871765
/Users/prarthanapatel/Desktop/Himanshi/speech_emotion_detection-develop-v2/cremad_preprocessed/audio/1027_IWW_FEA_XX.wav,1027_IWW_FEA_XX.wav,1027,train,4,fearful,1,happy,0.9561443328857422
/Users/prarthanapatel/Desktop/Himanshi/speech_emotion_detection-develop-v2/cremad_preprocessed/audio/1027_IWW_HAP_XX.wav,1027_IWW_HAP_XX.wav,1027,train,1,happy,3,angry,0.5258883237838745
/Users/prarthanapatel/Desktop/Himanshi/speech_emotion_detection-develop-v2/cremad_preprocessed/audio/1027_IWW_NEU_XX.wav,1027_IWW_NEU_XX.wav,1027,train,0,neutral,1,happy,0.6765395998954773
/Users/prarthanapatel/Desktop/Himanshi/speech_emotion_detection-develop-v2/cremad_preprocessed/audio/1027_IWW_SAD_XX.wav,1027_IWW_SAD_XX.wav,1027,train,2,sad,4,fearful,0.7532999515533447
/Users/prarthanapatel/Desktop/Himanshi/speech_emotion_detection-develop-v2/cremad_preprocessed/audio/1027_MTI_ANG_XX.wav,1027_MTI_ANG_XX.wav,1027,train,3,angry,3,angry,0.9929766058921814
/Users/prarthanapatel/Desktop/Himanshi/speech_emotion_detection-develop-v2/cremad_preprocessed/audio/1027_MTI_DIS_XX.wav,1027_MTI_DIS_XX.wav,1027,train,5,disgust,5,disgust,0.5249452590942383
/Users/prarthanapatel/Desktop/Himanshi/speech_emotion_detection-develop-v2/cremad_preprocessed/audio/1027_MTI_FEA_XX.wav,1027_MTI_FEA_XX.wav,1027,train,4,fearful,4,fearful,0.6386814117431641
/Users/prarthanapatel/Desktop/Himanshi/speech_emotion_detection-develop-v2/cremad_preprocessed/audio/1027_MTI_HAP_XX.wav,1027_MTI_HAP_XX.wav,1027,train,1,happy,1,happy,0.9793807864189148
/Users/prarthanapatel/Desktop/Himanshi/speech_emotion_detection-develop-v2/cremad_preprocessed/audio/1027_MTI_NEU_XX.wav,1027_MTI_NEU_XX.wav,1027,train,0,neutral,3,angry,0.9088860154151917
/Users/prarthanapatel/Desktop/Himanshi/speech_emotion_detection-develop-v2/cremad_preprocessed/audio/1027_MTI_SAD_XX.wav,1027_MTI_SAD_XX.wav,1027,train,2,sad,2,sad,0.5318939089775085
/Users/prarthanapatel/Desktop/Himanshi/speech_emotion_detection-develop-v2/cremad_preprocessed/audio/1027_TAI_ANG_XX.wav,1027_TAI_ANG_XX.wav,1027,train,3,angry,3,angry,0.9938004612922668
/Users/prarthanapatel/Desktop/Himanshi/speech_emotion_detection-develop-v2/cremad_preprocessed/audio/1027_TAI_DIS_XX.wav,1027_TAI_DIS_XX.wav,1027,train,5,disgust,2,sad,0.578070878982544
/Users/prarthanapatel/Desktop/Himanshi/speech_emotion_detection-develop-v2/cremad_preprocessed/audio/1027_TAI_FEA_XX.wav,1027_TAI_FEA_XX.wav,1027,train,4,fearful,4,fearful,0.9579953551292419
/Users/prarthanapatel/Desktop/Himanshi/speech_emotion_detection-develop-v2/cremad_preprocessed/audio/1027_TAI_HAP_XX.wav,1027_TAI_HAP_XX.wav,1027,train,1,happy,1,happy,0.9801751971244812
/Users/prarthanapatel/Desktop/Himanshi/speech_emotion_detection-develop-v2/cremad_preprocessed/audio/1027_TAI_NEU_XX.wav,1027_TAI_NEU_XX.wav,1027,train,0,neutral,0,neutral,0.9792211055755615
/Users/prarthanapatel/Desktop/Himanshi/speech_emotion_detection-develop-v2/cremad_preprocessed/audio/1027_TAI_SAD_XX.wav,1027_TAI_SAD_XX.wav,1027,train,2,sad,2,sad,0.723937451839447
/Users/prarthanapatel/Desktop/Himanshi/speech_emotion_detection-develop-v2/cremad_preprocessed/audio/1027_TIE_ANG_XX.wav,1027_TIE_ANG_XX.wav,1027,train,3,angry,3,angry,0.9952309727668762
/Users/prarthanapatel/Desktop/Himanshi/speech_emotion_detection-develop-v2/cremad_preprocessed/audio/1027_TIE_DIS_XX.wav,1027_TIE_DIS_XX.wav,1027,train,5,disgust,1,happy,0.9006817936897278
/Users/prarthanapatel/Desktop/Himanshi/speech_emotion_detection-develop-v2/cremad_preprocessed/audio/1027_TIE_FEA_XX.wav,1027_TIE_FEA_XX.wav,1027,train,4,fearful,4,fearful,0.6148691177368164
/Users/prarthanapatel/Desktop/Himanshi/speech_emotion_detection-develop-v2/cremad_preprocessed/audio/1027_TIE_HAP_XX.wav,1027_TIE_HAP_XX.wav,1027,train,1,happy,2,sad,0.4773281514644623
/Users/prarthanapatel/Desktop/Himanshi/speech_emotion_detection-develop-v2/cremad_preprocessed/audio/1027_TIE_NEU_XX.wav,1027_TIE_NEU_XX.wav,1027,train,0,neutral,0,neutral,0.9838278293609619
/Users/prarthanapatel/Desktop/Himanshi/speech_emotion_detection-develop-v2/cremad_preprocessed/audio/1027_TIE_SAD_XX.wav,1027_TIE_SAD_XX.wav,1027,train,2,sad,4,fearful,0.4838128685951233
/Users/prarthanapatel/Desktop/Himanshi/speech_emotion_detection-develop-v2/cremad_preprocessed/audio/1027_TSI_ANG_XX.wav,1027_TSI_ANG_XX.wav,1027,train,3,angry,3,angry,0.9949309229850769
/Users/prarthanapatel/Desktop/Himanshi/speech_emotion_detection-develop-v2/cremad_preprocessed/audio/1027_TSI_DIS_XX.wav,1027_TSI_DIS_XX.wav,1027,train,5,disgust,5,disgust,0.849290668964386
/Users/prarthanapatel/Desktop/Himanshi/speech_emotion_detection-develop-v2/cremad_preprocessed/audio/1027_TSI_FEA_XX.wav,1027_TSI_FEA_XX.wav,1027,train,4,fearful,4,fearful,0.5759166479110718
/Users/prarthanapatel/Desktop/Himanshi/speech_emotion_detection-develop-v2/cremad_preprocessed/audio/1027_TSI_HAP_XX.wav,1027_TSI_HAP_XX.wav,1027,train,1,happy,1,happy,0.9374743700027466
/Users/prarthanapatel/Desktop/Himanshi/speech_emotion_detection-develop-v2/cremad_preprocessed/audio/1027_TSI_NEU_XX.wav,1027_TSI_NEU_XX.wav,1027,train,0,neutral,0,neutral,0.9831096529960632
/Users/prarthanapatel/Desktop/Himanshi/speech_emotion_detection-develop-v2/cremad_preprocessed/audio/1027_TSI_SAD_XX.wav,1027_TSI_SAD_XX.wav,1027,train,2,sad,2,sad,0.8780273199081421
/Users/prarthanapatel/Desktop/Himanshi/speech_emotion_detection-develop-v2/cremad_preprocessed/audio/1027_WSI_ANG_XX.wav,1027_WSI_ANG_XX.wav,1027,train,3,angry,3,angry,0.9951246380805969
/Users/prarthanapatel/Desktop/Himanshi/speech_emotion_detection-develop-v2/cremad_preprocessed/audio/1027_WSI_DIS_XX.wav,1027_WSI_DIS_XX.wav,1027,train,5,disgust,5,disgust,0.8270611763000488
/Users/prarthanapatel/Desktop/Himanshi/speech_emotion_detection-develop-v2/cremad_preprocessed/audio/1027_WSI_FEA_XX.wav,1027_WSI_FEA_XX.wav,1027,train,4,fearful,4,fearful,0.8420329093933105
/Users/prarthanapatel/Desktop/Himanshi/speech_emotion_detection-develop-v2/cremad_preprocessed/audio/1027_WSI_HAP_XX.wav,1027_WSI_HAP_XX.wav,1027,train,1,happy,1,happy,0.9500399827957153
/Users/prarthanapatel/Desktop/Himanshi/speech_emotion_detection-develop-v2/cremad_preprocessed/audio/1027_WSI_NEU_XX.wav,1027_WSI_NEU_XX.wav,1027,train,0,neutral,0,neutral,0.976341962814331
/Users/prarthanapatel/Desktop/Himanshi/speech_emotion_detection-develop-v2/cremad_preprocessed/audio/1027_WSI_SAD_XX.wav,1027_WSI_SAD_XX.wav,1027,train,2,sad,4,fearful,0.5180753469467163
/Users/prarthanapatel/Desktop/Himanshi/speech_emotion_detection-develop-v2/cremad_preprocessed/audio/1028_DFA_ANG_XX.wav,1028_DFA_ANG_XX.wav,1028,train,3,angry,3,angry,0.9928300976753235
/Users/prarthanapatel/Desktop/Himanshi/speech_emotion_detection-develop-v2/cremad_preprocessed/audio/1028_DFA_DIS_XX.wav,1028_DFA_DIS_XX.wav,1028,train,5,disgust,5,disgust,0.9383268356323242
/Users/prarthanapatel/Desktop/Himanshi/speech_emotion_detection-develop-v2/cremad_preprocessed/audio/1028_DFA_FEA_XX.wav,1028_DFA_FEA_XX.wav,1028,train,4,fearful,4,fearful,0.858176052570343
/Users/prarthanapatel/Desktop/Himanshi/speech_emotion_detection-develop-v2/cremad_preprocessed/audio/1028_DFA_HAP_XX.wav,1028_DFA_HAP_XX.wav,1028,train,1,happy,1,happy,0.9789955019950867
/Users/prarthanapatel/Desktop/Himanshi/speech_emotion_detection-develop-v2/cremad_preprocessed/audio/1028_DFA_NEU_XX.wav,1028_DFA_NEU_XX.wav,1028,train,0,neutral,0,neutral,0.9623275995254517
/Users/prarthanapatel/Desktop/Himanshi/speech_emotion_detection-develop-v2/cremad_preprocessed/audio/1028_DFA_SAD_XX.wav,1028_DFA_SAD_XX.wav,1028,train,2,sad,1,happy,0.6698080897331238
/Users/prarthanapatel/Desktop/Himanshi/speech_emotion_detection-develop-v2/cremad_preprocessed/audio/1028_IEO_ANG_HI.wav,1028_IEO_ANG_HI.wav,1028,train,3,angry,3,angry,0.9916493892669678
/Users/prarthanapatel/Desktop/Himanshi/speech_emotion_detection-develop-v2/cremad_preprocessed/audio/1028_IEO_ANG_LO.wav,1028_IEO_ANG_LO.wav,1028,train,3,angry,3,angry,0.977084219455719
/Users/prarthanapatel/Desktop/Himanshi/speech_emotion_detection-develop-v2/cremad_preprocessed/audio/1028_IEO_ANG_MD.wav,1028_IEO_ANG_MD.wav,1028,train,3,angry,3,angry,0.9944796562194824
/Users/prarthanapatel/Desktop/Himanshi/speech_emotion_detection-develop-v2/cremad_preprocessed/audio/1028_IEO_DIS_HI.wav,1028_IEO_DIS_HI.wav,1028,train,5,disgust,1,happy,0.8256941437721252
/Users/prarthanapatel/Desktop/Himanshi/speech_emotion_detection-develop-v2/cremad_preprocessed/audio/1028_IEO_DIS_LO.wav,1028_IEO_DIS_LO.wav,1028,train,5,disgust,2,sad,0.7261902093887329
/Users/prarthanapatel/Desktop/Himanshi/speech_emotion_detection-develop-v2/cremad_preprocessed/audio/1028_IEO_DIS_MD.wav,1028_IEO_DIS_MD.wav,1028,train,5,disgust,5,disgust,0.9256675839424133
/Users/prarthanapatel/Desktop/Himanshi/speech_emotion_detection-develop-v2/cremad_preprocessed/audio/1028_IEO_FEA_HI.wav,1028_IEO_FEA_HI.wav,1028,train,4,fearful,4,fearful,0.9449371695518494
/Users/prarthanapatel/Desktop/Himanshi/speech_emotion_detection-develop-v2/cremad_preprocessed/audio/1028_IEO_FEA_LO.wav,1028_IEO_FEA_LO.wav,1028,train,4,fearful,2,sad,0.7418239712715149
/Users/prarthanapatel/Desktop/Himanshi/speech_emotion_detection-develop-v2/cremad_preprocessed/audio/1028_IEO_FEA_MD.wav,1028_IEO_FEA_MD.wav,1028,train,4,fearful,2,sad,0.7374162077903748
/Users/prarthanapatel/Desktop/Himanshi/speech_emotion_detection-develop-v2/cremad_preprocessed/audio/1028_IEO_HAP_HI.wav,1028_IEO_HAP_HI.wav,1028,train,1,happy,1,happy,0.9606499671936035
/Users/prarthanapatel/Desktop/Himanshi/speech_emotion_detection-develop-v2/cremad_preprocessed/audio/1028_IEO_HAP_LO.wav,1028_IEO_HAP_LO.wav,1028,train,1,happy,1,happy,0.9707897901535034
/Users/prarthanapatel/Desktop/Himanshi/speech_emotion_detection-develop-v2/cremad_preprocessed/audio/1028_IEO_HAP_MD.wav,1028_IEO_HAP_MD.wav,1028,train,1,happy,1,happy,0.9689411520957947
/Users/prarthanapatel/Desktop/Himanshi/speech_emotion_detection-develop-v2/cremad_preprocessed/audio/1028_IEO_NEU_XX.wav,1028_IEO_NEU_XX.wav,1028,train,0,neutral,0,neutral,0.9671133756637573
/Users/prarthanapatel/Desktop/Himanshi/speech_emotion_detection-develop-v2/cremad_preprocessed/audio/1028_IEO_SAD_HI.wav,1028_IEO_SAD_HI.wav,1028,train,2,sad,2,sad,0.6984958052635193
/Users/prarthanapatel/Desktop/Himanshi/speech_emotion_detection-develop-v2/cremad_preprocessed/audio/1028_IEO_SAD_LO.wav,1028_IEO_SAD_LO.wav,1028,train,2,sad,2,sad,0.8468263745307922
/Users/prarthanapatel/Desktop/Himanshi/speech_emotion_detection-develop-v2/cremad_preprocessed/audio/1028_IEO_SAD_MD.wav,1028_IEO_SAD_MD.wav,1028,train,2,sad,4,fearful,0.5005479454994202
/Users/prarthanapatel/Desktop/Himanshi/speech_emotion_detection-develop-v2/cremad_preprocessed/audio/1028_IOM_ANG_XX.wav,1028_IOM_ANG_XX.wav,1028,train,3,angry,3,angry,0.994295060634613
/Users/prarthanapatel/Desktop/Himanshi/speech_emotion_detection-develop-v2/cremad_preprocessed/audio/1028_IOM_DIS_XX.wav,1028_IOM_DIS_XX.wav,1028,train,5,disgust,5,disgust,0.9543616771697998
/Users/prarthanapatel/Desktop/Himanshi/speech_emotion_detection-develop-v2/cremad_preprocessed/audio/1028_IOM_FEA_XX.wav,1028_IOM_FEA_XX.wav,1028,train,4,fearful,4,fearful,0.5720366835594177
/Users/prarthanapatel/Desktop/Himanshi/speech_emotion_detection-develop-v2/cremad_preprocessed/audio/1028_IOM_HAP_XX.wav,1028_IOM_HAP_XX.wav,1028,train,1,happy,1,happy,0.9753279089927673
/Users/prarthanapatel/Desktop/Himanshi/speech_emotion_detection-develop-v2/cremad_preprocessed/audio/1028_IOM_NEU_XX.wav,1028_IOM_NEU_XX.wav,1028,train,0,neutral,3,angry,0.7248403429985046
/Users/prarthanapatel/Desktop/Himanshi/speech_emotion_detection-develop-v2/cremad_preprocessed/audio/1028_IOM_SAD_XX.wav,1028_IOM_SAD_XX.wav,1028,train,2,sad,5,disgust,0.6823818683624268
/Users/prarthanapatel/Desktop/Himanshi/speech_emotion_detection-develop-v2/cremad_preprocessed/audio/1028_ITH_ANG_XX.wav,1028_ITH_ANG_XX.wav,1028,train,3,angry,3,angry,0.9946735501289368
/Users/prarthanapatel/Desktop/Himanshi/speech_emotion_detection-develop-v2/cremad_preprocessed/audio/1028_ITH_DIS_XX.wav,1028_ITH_DIS_XX.wav,1028,train,5,disgust,0,neutral,0.5201427340507507
/Users/prarthanapatel/Desktop/Himanshi/speech_emotion_detection-develop-v2/cremad_preprocessed/audio/1028_ITH_FEA_XX.wav,1028_ITH_FEA_XX.wav,1028,train,4,fearful,4,fearful,0.8798310160636902
/Users/prarthanapatel/Desktop/Himanshi/speech_emotion_detection-develop-v2/cremad_preprocessed/audio/1028_ITH_HAP_XX.wav,1028_ITH_HAP_XX.wav,1028,train,1,happy,1,happy,0.9775868058204651
/Users/prarthanapatel/Desktop/Himanshi/speech_emotion_detection-develop-v2/cremad_preprocessed/audio/1028_ITH_NEU_XX.wav,1028_ITH_NEU_XX.wav,1028,train,0,neutral,0,neutral,0.9773727059364319
/Users/prarthanapatel/Desktop/Himanshi/speech_emotion_detection-develop-v2/cremad_preprocessed/audio/1028_ITH_SAD_XX.wav,1028_ITH_SAD_XX.wav,1028,train,2,sad,4,fearful,0.8420132398605347
/Users/prarthanapatel/Desktop/Himanshi/speech_emotion_detection-develop-v2/cremad_preprocessed/audio/1028_ITS_ANG_XX.wav,1028_ITS_ANG_XX.wav,1028,train,3,angry,3,angry,0.9944268465042114
/Users/prarthanapatel/Desktop/Himanshi/speech_emotion_detection-develop-v2/cremad_preprocessed/audio/1028_ITS_DIS_XX.wav,1028_ITS_DIS_XX.wav,1028,train,5,disgust,5,disgust,0.861089289188385
/Users/prarthanapatel/Desktop/Himanshi/speech_emotion_detection-develop-v2/cremad_preprocessed/audio/1028_ITS_FEA_XX.wav,1028_ITS_FEA_XX.wav,1028,train,4,fearful,4,fearful,0.9435831308364868
/Users/prarthanapatel/Desktop/Himanshi/speech_emotion_detection-develop-v2/cremad_preprocessed/audio/1028_ITS_HAP_XX.wav,1028_ITS_HAP_XX.wav,1028,train,1,happy,1,happy,0.9748518466949463
/Users/prarthanapatel/Desktop/Himanshi/speech_emotion_detection-develop-v2/cremad_preprocessed/audio/1028_ITS_NEU_XX.wav,1028_ITS_NEU_XX.wav,1028,train,0,neutral,0,neutral,0.9868618249893188
/Users/prarthanapatel/Desktop/Himanshi/speech_emotion_detection-develop-v2/cremad_preprocessed/audio/1028_ITS_SAD_XX.wav,1028_ITS_SAD_XX.wav,1028,train,2,sad,2,sad,0.8919239640235901
/Users/prarthanapatel/Desktop/Himanshi/speech_emotion_detection-develop-v2/cremad_preprocessed/audio/1028_IWL_ANG_XX.wav,1028_IWL_ANG_XX.wav,1028,train,3,angry,3,angry,0.9940010905265808
/Users/prarthanapatel/Desktop/Himanshi/speech_emotion_detection-develop-v2/cremad_preprocessed/audio/1028_IWL_DIS_XX.wav,1028_IWL_DIS_XX.wav,1028,train,5,disgust,5,disgust,0.8224212527275085
/Users/prarthanapatel/Desktop/Himanshi/speech_emotion_detection-develop-v2/cremad_preprocessed/audio/1028_IWL_FEA_XX.wav,1028_IWL_FEA_XX.wav,1028,train,4,fearful,4,fearful,0.7220787405967712
/Users/prarthanapatel/Desktop/Himanshi/speech_emotion_detection-develop-v2/cremad_preprocessed/audio/1028_IWL_HAP_XX.wav,1028_IWL_HAP_XX.wav,1028,train,1,happy,1,happy,0.9711799025535583
/Users/prarthanapatel/Desktop/Himanshi/speech_emotion_detection-develop-v2/cremad_preprocessed/audio/1028_IWL_NEU_XX.wav,1028_IWL_NEU_XX.wav,1028,train,0,neutral,0,neutral,0.9873049855232239
/Users/prarthanapatel/Desktop/Himanshi/speech_emotion_detection-develop-v2/cremad_preprocessed/audio/1028_IWL_SAD_XX.wav,1028_IWL_SAD_XX.wav,1028,train,2,sad,2,sad,0.5245126485824585
/Users/prarthanapatel/Desktop/Himanshi/speech_emotion_detection-develop-v2/cremad_preprocessed/audio/1028_IWW_ANG_XX.wav,1028_IWW_ANG_XX.wav,1028,train,3,angry,3,angry,0.9946098327636719
/Users/prarthanapatel/Desktop/Himanshi/speech_emotion_detection-develop-v2/cremad_preprocessed/audio/1028_IWW_DIS_XX.wav,1028_IWW_DIS_XX.wav,1028,train,5,disgust,5,disgust,0.9556747674942017
/Users/prarthanapatel/Desktop/Himanshi/speech_emotion_detection-develop-v2/cremad_preprocessed/audio/1028_IWW_FEA_XX.wav,1028_IWW_FEA_XX.wav,1028,train,4,fearful,1,happy,0.5031394958496094
/Users/prarthanapatel/Desktop/Himanshi/speech_emotion_detection-develop-v2/cremad_preprocessed/audio/1028_IWW_HAP_XX.wav,1028_IWW_HAP_XX.wav,1028,train,1,happy,1,happy,0.9651280045509338
/Users/prarthanapatel/Desktop/Himanshi/speech_emotion_detection-develop-v2/cremad_preprocessed/audio/1028_IWW_NEU_XX.wav,1028_IWW_NEU_XX.wav,1028,train,0,neutral,0,neutral,0.989339292049408
/Users/prarthanapatel/Desktop/Himanshi/speech_emotion_detection-develop-v2/cremad_preprocessed/audio/1028_IWW_SAD_XX.wav,1028_IWW_SAD_XX.wav,1028,train,2,sad,1,happy,0.9153963327407837
/Users/prarthanapatel/Desktop/Himanshi/speech_emotion_detection-develop-v2/cremad_preprocessed/audio/1028_MTI_ANG_XX.wav,1028_MTI_ANG_XX.wav,1028,train,3,angry,3,angry,0.9946894645690918
/Users/prarthanapatel/Desktop/Himanshi/speech_emotion_detection-develop-v2/cremad_preprocessed/audio/1028_MTI_DIS_XX.wav,1028_MTI_DIS_XX.wav,1028,train,5,disgust,5,disgust,0.9114423394203186
/Users/prarthanapatel/Desktop/Himanshi/speech_emotion_detection-develop-v2/cremad_preprocessed/audio/1028_MTI_FEA_XX.wav,1028_MTI_FEA_XX.wav,1028,train,4,fearful,4,fearful,0.9286575317382812
/Users/prarthanapatel/Desktop/Himanshi/speech_emotion_detection-develop-v2/cremad_preprocessed/audio/1028_MTI_HAP_XX.wav,1028_MTI_HAP_XX.wav,1028,train,1,happy,1,happy,0.8094340562820435
/Users/prarthanapatel/Desktop/Himanshi/speech_emotion_detection-develop-v2/cremad_preprocessed/audio/1028_MTI_NEU_XX.wav,1028_MTI_NEU_XX.wav,1028,train,0,neutral,0,neutral,0.9874590635299683
/Users/prarthanapatel/Desktop/Himanshi/speech_emotion_detection-develop-v2/cremad_preprocessed/audio/1028_MTI_SAD_XX.wav,1028_MTI_SAD_XX.wav,1028,train,2,sad,2,sad,0.4641876518726349
/Users/prarthanapatel/Desktop/Himanshi/speech_emotion_detection-develop-v2/cremad_preprocessed/audio/1028_TAI_ANG_XX.wav,1028_TAI_ANG_XX.wav,1028,train,3,angry,3,angry,0.9939549565315247
/Users/prarthanapatel/Desktop/Himanshi/speech_emotion_detection-develop-v2/cremad_preprocessed/audio/1028_TAI_DIS_XX.wav,1028_TAI_DIS_XX.wav,1028,train,5,disgust,5,disgust,0.7293573617935181
/Users/prarthanapatel/Desktop/Himanshi/speech_emotion_detection-develop-v2/cremad_preprocessed/audio/1028_TAI_FEA_XX.wav,1028_TAI_FEA_XX.wav,1028,train,4,fearful,4,fearful,0.9229949116706848
/Users/prarthanapatel/Desktop/Himanshi/speech_emotion_detection-develop-v2/cremad_preprocessed/audio/1028_TAI_HAP_XX.wav,1028_TAI_HAP_XX.wav,1028,train,1,happy,1,happy,0.9786721467971802
/Users/prarthanapatel/Desktop/Himanshi/speech_emotion_detection-develop-v2/cremad_preprocessed/audio/1028_TAI_NEU_XX.wav,1028_TAI_NEU_XX.wav,1028,train,0,neutral,0,neutral,0.9891930222511292
/Users/prarthanapatel/Desktop/Himanshi/speech_emotion_detection-develop-v2/cremad_preprocessed/audio/1028_TAI_SAD_XX.wav,1028_TAI_SAD_XX.wav,1028,train,2,sad,4,fearful,0.5350874066352844
/Users/prarthanapatel/Desktop/Himanshi/speech_emotion_detection-develop-v2/cremad_preprocessed/audio/1028_TIE_ANG_XX.wav,1028_TIE_ANG_XX.wav,1028,train,3,angry,3,angry,0.9950365424156189
/Users/prarthanapatel/Desktop/Himanshi/speech_emotion_detection-develop-v2/cremad_preprocessed/audio/1028_TIE_DIS_XX.wav,1028_TIE_DIS_XX.wav,1028,train,5,disgust,0,neutral,0.5299839377403259
/Users/prarthanapatel/Desktop/Himanshi/speech_emotion_detection-develop-v2/cremad_preprocessed/audio/1028_TIE_FEA_XX.wav,1028_TIE_FEA_XX.wav,1028,train,4,fearful,4,fearful,0.6463982462882996
/Users/prarthanapatel/Desktop/Himanshi/speech_emotion_detection-develop-v2/cremad_preprocessed/audio/1028_TIE_HAP_XX.wav,1028_TIE_HAP_XX.wav,1028,train,1,happy,1,happy,0.9065119028091431
/Users/prarthanapatel/Desktop/Himanshi/speech_emotion_detection-develop-v2/cremad_preprocessed/audio/1028_TIE_NEU_XX.wav,1028_TIE_NEU_XX.wav,1028,train,0,neutral,0,neutral,0.9779555201530457
/Users/prarthanapatel/Desktop/Himanshi/speech_emotion_detection-develop-v2/cremad_preprocessed/audio/1028_TIE_SAD_XX.wav,1028_TIE_SAD_XX.wav,1028,train,2,sad,0,neutral,0.46614503860473633
/Users/prarthanapatel/Desktop/Himanshi/speech_emotion_detection-develop-v2/cremad_preprocessed/audio/1028_TSI_ANG_XX.wav,1028_TSI_ANG_XX.wav,1028,train,3,angry,3,angry,0.9948358535766602
/Users/prarthanapatel/Desktop/Himanshi/speech_emotion_detection-develop-v2/cremad_preprocessed/audio/1028_TSI_DIS_XX.wav,1028_TSI_DIS_XX.wav,1028,train,5,disgust,5,disgust,0.6133385300636292
/Users/prarthanapatel/Desktop/Himanshi/speech_emotion_detection-develop-v2/cremad_preprocessed/audio/1028_TSI_FEA_XX.wav,1028_TSI_FEA_XX.wav,1028,train,4,fearful,2,sad,0.7662620544433594
/Users/prarthanapatel/Desktop/Himanshi/speech_emotion_detection-develop-v2/cremad_preprocessed/audio/1028_TSI_HAP_XX.wav,1028_TSI_HAP_XX.wav,1028,train,1,happy,1,happy,0.9556326270103455
/Users/prarthanapatel/Desktop/Himanshi/speech_emotion_detection-develop-v2/cremad_preprocessed/audio/1028_TSI_NEU_XX.wav,1028_TSI_NEU_XX.wav,1028,train,0,neutral,0,neutral,0.9878610968589783
/Users/prarthanapatel/Desktop/Himanshi/speech_emotion_detection-develop-v2/cremad_preprocessed/audio/1028_TSI_SAD_XX.wav,1028_TSI_SAD_XX.wav,1028,train,2,sad,2,sad,0.7729794979095459
/Users/prarthanapatel/Desktop/Himanshi/speech_emotion_detection-develop-v2/cremad_preprocessed/audio/1028_WSI_ANG_XX.wav,1028_WSI_ANG_XX.wav,1028,train,3,angry,3,angry,0.994276225566864
/Users/prarthanapatel/Desktop/Himanshi/speech_emotion_detection-develop-v2/cremad_preprocessed/audio/1028_WSI_DIS_XX.wav,1028_WSI_DIS_XX.wav,1028,train,5,disgust,5,disgust,0.7716350555419922
/Users/prarthanapatel/Desktop/Himanshi/speech_emotion_detection-develop-v2/cremad_preprocessed/audio/1028_WSI_FEA_XX.wav,1028_WSI_FEA_XX.wav,1028,train,4,fearful,4,fearful,0.8325572609901428
/Users/prarthanapatel/Desktop/Himanshi/speech_emotion_detection-develop-v2/cremad_preprocessed/audio/1028_WSI_HAP_XX.wav,1028_WSI_HAP_XX.wav,1028,train,1,happy,1,happy,0.8721505999565125
/Users/prarthanapatel/Desktop/Himanshi/speech_emotion_detection-develop-v2/cremad_preprocessed/audio/1028_WSI_NEU_XX.wav,1028_WSI_NEU_XX.wav,1028,train,0,neutral,0,neutral,0.9672465324401855
/Users/prarthanapatel/Desktop/Himanshi/speech_emotion_detection-develop-v2/cremad_preprocessed/audio/1028_WSI_SAD_XX.wav,1028_WSI_SAD_XX.wav,1028,train,2,sad,2,sad,0.8572648167610168
/Users/prarthanapatel/Desktop/Himanshi/speech_emotion_detection-develop-v2/cremad_preprocessed/audio/1029_DFA_ANG_XX.wav,1029_DFA_ANG_XX.wav,1029,train,3,angry,3,angry,0.9944161176681519
/Users/prarthanapatel/Desktop/Himanshi/speech_emotion_detection-develop-v2/cremad_preprocessed/audio/1029_DFA_DIS_XX.wav,1029_DFA_DIS_XX.wav,1029,train,5,disgust,5,disgust,0.7709142565727234
/Users/prarthanapatel/Desktop/Himanshi/speech_emotion_detection-develop-v2/cremad_preprocessed/audio/1029_DFA_FEA_XX.wav,1029_DFA_FEA_XX.wav,1029,train,4,fearful,4,fearful,0.8101412057876587
/Users/prarthanapatel/Desktop/Himanshi/speech_emotion_detection-develop-v2/cremad_preprocessed/audio/1029_DFA_HAP_XX.wav,1029_DFA_HAP_XX.wav,1029,train,1,happy,1,happy,0.9754670858383179
/Users/prarthanapatel/Desktop/Himanshi/speech_emotion_detection-develop-v2/cremad_preprocessed/audio/1029_DFA_NEU_XX.wav,1029_DFA_NEU_XX.wav,1029,train,0,neutral,3,angry,0.9757975935935974
/Users/prarthanapatel/Desktop/Himanshi/speech_emotion_detection-develop-v2/cremad_preprocessed/audio/1029_DFA_SAD_XX.wav,1029_DFA_SAD_XX.wav,1029,train,2,sad,1,happy,0.9489786624908447
/Users/prarthanapatel/Desktop/Himanshi/speech_emotion_detection-develop-v2/cremad_preprocessed/audio/1029_IEO_ANG_HI.wav,1029_IEO_ANG_HI.wav,1029,train,3,angry,3,angry,0.9944016337394714
/Users/prarthanapatel/Desktop/Himanshi/speech_emotion_detection-develop-v2/cremad_preprocessed/audio/1029_IEO_ANG_LO.wav,1029_IEO_ANG_LO.wav,1029,train,3,angry,3,angry,0.8282873630523682
/Users/prarthanapatel/Desktop/Himanshi/speech_emotion_detection-develop-v2/cremad_preprocessed/audio/1029_IEO_ANG_MD.wav,1029_IEO_ANG_MD.wav,1029,train,3,angry,3,angry,0.993519127368927
/Users/prarthanapatel/Desktop/Himanshi/speech_emotion_detection-develop-v2/cremad_preprocessed/audio/1029_IEO_DIS_HI.wav,1029_IEO_DIS_HI.wav,1029,train,5,disgust,5,disgust,0.940676212310791
/Users/prarthanapatel/Desktop/Himanshi/speech_emotion_detection-develop-v2/cremad_preprocessed/audio/1029_IEO_DIS_LO.wav,1029_IEO_DIS_LO.wav,1029,train,5,disgust,5,disgust,0.8897547721862793
/Users/prarthanapatel/Desktop/Himanshi/speech_emotion_detection-develop-v2/cremad_preprocessed/audio/1029_IEO_DIS_MD.wav,1029_IEO_DIS_MD.wav,1029,train,5,disgust,4,fearful,0.5422942638397217
/Users/prarthanapatel/Desktop/Himanshi/speech_emotion_detection-develop-v2/cremad_preprocessed/audio/1029_IEO_FEA_HI.wav,1029_IEO_FEA_HI.wav,1029,train,4,fearful,4,fearful,0.6939759850502014
/Users/prarthanapatel/Desktop/Himanshi/speech_emotion_detection-develop-v2/cremad_preprocessed/audio/1029_IEO_FEA_LO.wav,1029_IEO_FEA_LO.wav,1029,train,4,fearful,4,fearful,0.6427242159843445
/Users/prarthanapatel/Desktop/Himanshi/speech_emotion_detection-develop-v2/cremad_preprocessed/audio/1029_IEO_FEA_MD.wav,1029_IEO_FEA_MD.wav,1029,train,4,fearful,1,happy,0.7408613562583923
/Users/prarthanapatel/Desktop/Himanshi/speech_emotion_detection-develop-v2/cremad_preprocessed/audio/1029_IEO_HAP_HI.wav,1029_IEO_HAP_HI.wav,1029,train,1,happy,1,happy,0.8010774850845337
/Users/prarthanapatel/Desktop/Himanshi/speech_emotion_detection-develop-v2/cremad_preprocessed/audio/1029_IEO_HAP_LO.wav,1029_IEO_HAP_LO.wav,1029,train,1,happy,1,happy,0.9525478482246399
/Users/prarthanapatel/Desktop/Himanshi/speech_emotion_detection-develop-v2/cremad_preprocessed/audio/1029_IEO_HAP_MD.wav,1029_IEO_HAP_MD.wav,1029,train,1,happy,3,angry,0.6470039486885071
/Users/prarthanapatel/Desktop/Himanshi/speech_emotion_detection-develop-v2/cremad_preprocessed/audio/1029_IEO_NEU_XX.wav,1029_IEO_NEU_XX.wav,1029,train,0,neutral,0,neutral,0.9812730550765991
/Users/prarthanapatel/Desktop/Himanshi/speech_emotion_detection-develop-v2/cremad_preprocessed/audio/1029_IEO_SAD_HI.wav,1029_IEO_SAD_HI.wav,1029,train,2,sad,4,fearful,0.858954906463623
/Users/prarthanapatel/Desktop/Himanshi/speech_emotion_detection-develop-v2/cremad_preprocessed/audio/1029_IEO_SAD_LO.wav,1029_IEO_SAD_LO.wav,1029,train,2,sad,2,sad,0.7282741069793701
/Users/prarthanapatel/Desktop/Himanshi/speech_emotion_detection-develop-v2/cremad_preprocessed/audio/1029_IEO_SAD_MD.wav,1029_IEO_SAD_MD.wav,1029,train,2,sad,4,fearful,0.664301335811615
/Users/prarthanapatel/Desktop/Himanshi/speech_emotion_detection-develop-v2/cremad_preprocessed/audio/1029_IOM_ANG_XX.wav,1029_IOM_ANG_XX.wav,1029,train,3,angry,3,angry,0.9947249293327332
/Users/prarthanapatel/Desktop/Himanshi/speech_emotion_detection-develop-v2/cremad_preprocessed/audio/1029_IOM_DIS_XX.wav,1029_IOM_DIS_XX.wav,1029,train,5,disgust,5,disgust,0.9576033353805542
/Users/prarthanapatel/Desktop/Himanshi/speech_emotion_detection-develop-v2/cremad_preprocessed/audio/1029_IOM_FEA_XX.wav,1029_IOM_FEA_XX.wav,1029,train,4,fearful,4,fearful,0.9639971852302551
/Users/prarthanapatel/Desktop/Himanshi/speech_emotion_detection-develop-v2/cremad_preprocessed/audio/1029_IOM_HAP_XX.wav,1029_IOM_HAP_XX.wav,1029,train,1,happy,1,happy,0.937929093837738
/Users/prarthanapatel/Desktop/Himanshi/speech_emotion_detection-develop-v2/cremad_preprocessed/audio/1029_IOM_NEU_XX.wav,1029_IOM_NEU_XX.wav,1029,train,0,neutral,0,neutral,0.9785284399986267
/Users/prarthanapatel/Desktop/Himanshi/speech_emotion_detection-develop-v2/cremad_preprocessed/audio/1029_IOM_SAD_XX.wav,1029_IOM_SAD_XX.wav,1029,train,2,sad,2,sad,0.7983801960945129
/Users/prarthanapatel/Desktop/Himanshi/speech_emotion_detection-develop-v2/cremad_preprocessed/audio/1029_ITH_ANG_XX.wav,1029_ITH_ANG_XX.wav,1029,train,3,angry,3,angry,0.9948364496231079
/Users/prarthanapatel/Desktop/Himanshi/speech_emotion_detection-develop-v2/cremad_preprocessed/audio/1029_ITH_DIS_XX.wav,1029_ITH_DIS_XX.wav,1029,train,5,disgust,3,angry,0.9867855906486511
/Users/prarthanapatel/Desktop/Himanshi/speech_emotion_detection-develop-v2/cremad_preprocessed/audio/1029_ITH_FEA_XX.wav,1029_ITH_FEA_XX.wav,1029,train,4,fearful,4,fearful,0.9528141021728516
/Users/prarthanapatel/Desktop/Himanshi/speech_emotion_detection-develop-v2/cremad_preprocessed/audio/1029_ITH_HAP_XX.wav,1029_ITH_HAP_XX.wav,1029,train,1,happy,1,happy,0.9442041516304016
/Users/prarthanapatel/Desktop/Himanshi/speech_emotion_detection-develop-v2/cremad_preprocessed/audio/1029_ITH_NEU_XX.wav,1029_ITH_NEU_XX.wav,1029,train,0,neutral,3,angry,0.9619357585906982
/Users/prarthanapatel/Desktop/Himanshi/speech_emotion_detection-develop-v2/cremad_preprocessed/audio/1029_ITH_SAD_XX.wav,1029_ITH_SAD_XX.wav,1029,train,2,sad,4,fearful,0.872063934803009
/Users/prarthanapatel/Desktop/Himanshi/speech_emotion_detection-develop-v2/cremad_preprocessed/audio/1029_ITS_ANG_XX.wav,1029_ITS_ANG_XX.wav,1029,train,3,angry,3,angry,0.993486762046814
/Users/prarthanapatel/Desktop/Himanshi/speech_emotion_detection-develop-v2/cremad_preprocessed/audio/1029_ITS_DIS_XX.wav,1029_ITS_DIS_XX.wav,1029,train,5,disgust,3,angry,0.8195689916610718
/Users/prarthanapatel/Desktop/Himanshi/speech_emotion_detection-develop-v2/cremad_preprocessed/audio/1029_ITS_FEA_XX.wav,1029_ITS_FEA_XX.wav,1029,train,4,fearful,4,fearful,0.935181200504303
/Users/prarthanapatel/Desktop/Himanshi/speech_emotion_detection-develop-v2/cremad_preprocessed/audio/1029_ITS_HAP_XX.wav,1029_ITS_HAP_XX.wav,1029,train,1,happy,1,happy,0.8954976201057434
/Users/prarthanapatel/Desktop/Himanshi/speech_emotion_detection-develop-v2/cremad_preprocessed/audio/1029_ITS_NEU_XX.wav,1029_ITS_NEU_XX.wav,1029,train,0,neutral,3,angry,0.8000109195709229
/Users/prarthanapatel/Desktop/Himanshi/speech_emotion_detection-develop-v2/cremad_preprocessed/audio/1029_ITS_SAD_XX.wav,1029_ITS_SAD_XX.wav,1029,train,2,sad,4,fearful,0.8135221004486084
/Users/prarthanapatel/Desktop/Himanshi/speech_emotion_detection-develop-v2/cremad_preprocessed/audio/1029_IWL_ANG_XX.wav,1029_IWL_ANG_XX.wav,1029,train,3,angry,3,angry,0.9944201111793518
/Users/prarthanapatel/Desktop/Himanshi/speech_emotion_detection-develop-v2/cremad_preprocessed/audio/1029_IWL_DIS_XX.wav,1029_IWL_DIS_XX.wav,1029,train,5,disgust,5,disgust,0.4207375943660736
/Users/prarthanapatel/Desktop/Himanshi/speech_emotion_detection-develop-v2/cremad_preprocessed/audio/1029_IWL_FEA_XX.wav,1029_IWL_FEA_XX.wav,1029,train,4,fearful,4,fearful,0.9228805899620056
/Users/prarthanapatel/Desktop/Himanshi/speech_emotion_detection-develop-v2/cremad_preprocessed/audio/1029_IWL_HAP_XX.wav,1029_IWL_HAP_XX.wav,1029,train,1,happy,1,happy,0.954727053642273
/Users/prarthanapatel/Desktop/Himanshi/speech_emotion_detection-develop-v2/cremad_preprocessed/audio/1029_IWL_NEU_XX.wav,1029_IWL_NEU_XX.wav,1029,train,0,neutral,0,neutral,0.9216645359992981
/Users/prarthanapatel/Desktop/Himanshi/speech_emotion_detection-develop-v2/cremad_preprocessed/audio/1029_IWL_SAD_XX.wav,1029_IWL_SAD_XX.wav,1029,train,2,sad,2,sad,0.8323040008544922
/Users/prarthanapatel/Desktop/Himanshi/speech_emotion_detection-develop-v2/cremad_preprocessed/audio/1029_IWW_ANG_XX.wav,1029_IWW_ANG_XX.wav,1029,train,3,angry,3,angry,0.994337260723114
/Users/prarthanapatel/Desktop/Himanshi/speech_emotion_detection-develop-v2/cremad_preprocessed/audio/1029_IWW_DIS_XX.wav,1029_IWW_DIS_XX.wav,1029,train,5,disgust,5,disgust,0.905987024307251
/Users/prarthanapatel/Desktop/Himanshi/speech_emotion_detection-develop-v2/cremad_preprocessed/audio/1029_IWW_FEA_XX.wav,1029_IWW_FEA_XX.wav,1029,train,4,fearful,4,fearful,0.9592999219894409
/Users/prarthanapatel/Desktop/Himanshi/speech_emotion_detection-develop-v2/cremad_preprocessed/audio/1029_IWW_HAP_XX.wav,1029_IWW_HAP_XX.wav,1029,train,1,happy,1,happy,0.9737115502357483
/Users/prarthanapatel/Desktop/Himanshi/speech_emotion_detection-develop-v2/cremad_preprocessed/audio/1029_IWW_NEU_XX.wav,1029_IWW_NEU_XX.wav,1029,train,0,neutral,3,angry,0.5876414775848389
/Users/prarthanapatel/Desktop/Himanshi/speech_emotion_detection-develop-v2/cremad_preprocessed/audio/1029_IWW_SAD_XX.wav,1029_IWW_SAD_XX.wav,1029,train,2,sad,4,fearful,0.9497548341751099
/Users/prarthanapatel/Desktop/Himanshi/speech_emotion_detection-develop-v2/cremad_preprocessed/audio/1029_MTI_ANG_XX.wav,1029_MTI_ANG_XX.wav,1029,train,3,angry,3,angry,0.9944487810134888
/Users/prarthanapatel/Desktop/Himanshi/speech_emotion_detection-develop-v2/cremad_preprocessed/audio/1029_MTI_DIS_XX.wav,1029_MTI_DIS_XX.wav,1029,train,5,disgust,5,disgust,0.48672670125961304
/Users/prarthanapatel/Desktop/Himanshi/speech_emotion_detection-develop-v2/cremad_preprocessed/audio/1029_MTI_FEA_XX.wav,1029_MTI_FEA_XX.wav,1029,train,4,fearful,4,fearful,0.9491745233535767
/Users/prarthanapatel/Desktop/Himanshi/speech_emotion_detection-develop-v2/cremad_preprocessed/audio/1029_MTI_HAP_XX.wav,1029_MTI_HAP_XX.wav,1029,train,1,happy,1,happy,0.960485577583313
/Users/prarthanapatel/Desktop/Himanshi/speech_emotion_detection-develop-v2/cremad_preprocessed/audio/1029_MTI_NEU_XX.wav,1029_MTI_NEU_XX.wav,1029,train,0,neutral,3,angry,0.8724507689476013
/Users/prarthanapatel/Desktop/Himanshi/speech_emotion_detection-develop-v2/cremad_preprocessed/audio/1029_MTI_SAD_XX.wav,1029_MTI_SAD_XX.wav,1029,train,2,sad,4,fearful,0.9588221907615662
/Users/prarthanapatel/Desktop/Himanshi/speech_emotion_detection-develop-v2/cremad_preprocessed/audio/1029_TAI_ANG_XX.wav,1029_TAI_ANG_XX.wav,1029,train,3,angry,3,angry,0.9943075776100159
/Users/prarthanapatel/Desktop/Himanshi/speech_emotion_detection-develop-v2/cremad_preprocessed/audio/1029_TAI_DIS_XX.wav,1029_TAI_DIS_XX.wav,1029,train,5,disgust,3,angry,0.8508857488632202
/Users/prarthanapatel/Desktop/Himanshi/speech_emotion_detection-develop-v2/cremad_preprocessed/audio/1029_TAI_FEA_XX.wav,1029_TAI_FEA_XX.wav,1029,train,4,fearful,4,fearful,0.9568701386451721
/Users/prarthanapatel/Desktop/Himanshi/speech_emotion_detection-develop-v2/cremad_preprocessed/audio/1029_TAI_HAP_XX.wav,1029_TAI_HAP_XX.wav,1029,train,1,happy,3,angry,0.6333996057510376
/Users/prarthanapatel/Desktop/Himanshi/speech_emotion_detection-develop-v2/cremad_preprocessed/audio/1029_TAI_NEU_XX.wav,1029_TAI_NEU_XX.wav,1029,train,0,neutral,0,neutral,0.9800769686698914
/Users/prarthanapatel/Desktop/Himanshi/speech_emotion_detection-develop-v2/cremad_preprocessed/audio/1029_TAI_SAD_XX.wav,1029_TAI_SAD_XX.wav,1029,train,2,sad,4,fearful,0.7231913805007935
/Users/prarthanapatel/Desktop/Himanshi/speech_emotion_detection-develop-v2/cremad_preprocessed/audio/1029_TIE_ANG_XX.wav,1029_TIE_ANG_XX.wav,1029,train,3,angry,3,angry,0.9946171641349792
/Users/prarthanapatel/Desktop/Himanshi/speech_emotion_detection-develop-v2/cremad_preprocessed/audio/1029_TIE_DIS_XX.wav,1029_TIE_DIS_XX.wav,1029,train,5,disgust,1,happy,0.5670809149742126
/Users/prarthanapatel/Desktop/Himanshi/speech_emotion_detection-develop-v2/cremad_preprocessed/audio/1029_TIE_FEA_XX.wav,1029_TIE_FEA_XX.wav,1029,train,4,fearful,4,fearful,0.9539557695388794
/Users/prarthanapatel/Desktop/Himanshi/speech_emotion_detection-develop-v2/cremad_preprocessed/audio/1029_TIE_HAP_XX.wav,1029_TIE_HAP_XX.wav,1029,train,1,happy,1,happy,0.9297811388969421
/Users/prarthanapatel/Desktop/Himanshi/speech_emotion_detection-develop-v2/cremad_preprocessed/audio/1029_TIE_NEU_XX.wav,1029_TIE_NEU_XX.wav,1029,train,0,neutral,0,neutral,0.9676459431648254
/Users/prarthanapatel/Desktop/Himanshi/speech_emotion_detection-develop-v2/cremad_preprocessed/audio/1029_TIE_SAD_XX.wav,1029_TIE_SAD_XX.wav,1029,train,2,sad,4,fearful,0.8260193467140198
/Users/prarthanapatel/Desktop/Himanshi/speech_emotion_detection-develop-v2/cremad_preprocessed/audio/1029_TSI_ANG_XX.wav,1029_TSI_ANG_XX.wav,1029,train,3,angry,3,angry,0.9946305751800537
/Users/prarthanapatel/Desktop/Himanshi/speech_emotion_detection-develop-v2/cremad_preprocessed/audio/1029_TSI_DIS_XX.wav,1029_TSI_DIS_XX.wav,1029,train,5,disgust,5,disgust,0.4967789947986603
/Users/prarthanapatel/Desktop/Himanshi/speech_emotion_detection-develop-v2/cremad_preprocessed/audio/1029_TSI_FEA_XX.wav,1029_TSI_FEA_XX.wav,1029,train,4,fearful,4,fearful,0.9351701140403748
/Users/prarthanapatel/Desktop/Himanshi/speech_emotion_detection-develop-v2/cremad_preprocessed/audio/1029_TSI_HAP_XX.wav,1029_TSI_HAP_XX.wav,1029,train,1,happy,1,happy,0.9725775718688965
/Users/prarthanapatel/Desktop/Himanshi/speech_emotion_detection-develop-v2/cremad_preprocessed/audio/1029_TSI_NEU_XX.wav,1029_TSI_NEU_XX.wav,1029,train,0,neutral,3,angry,0.6667125225067139
/Users/prarthanapatel/Desktop/Himanshi/speech_emotion_detection-develop-v2/cremad_preprocessed/audio/1029_TSI_SAD_XX.wav,1029_TSI_SAD_XX.wav,1029,train,2,sad,1,happy,0.9404463171958923
/Users/prarthanapatel/Desktop/Himanshi/speech_emotion_detection-develop-v2/cremad_preprocessed/audio/1029_WSI_ANG_XX.wav,1029_WSI_ANG_XX.wav,1029,train,3,angry,3,angry,0.9948284029960632
/Users/prarthanapatel/Desktop/Himanshi/speech_emotion_detection-develop-v2/cremad_preprocessed/audio/1029_WSI_DIS_XX.wav,1029_WSI_DIS_XX.wav,1029,train,5,disgust,3,angry,0.875837504863739
/Users/prarthanapatel/Desktop/Himanshi/speech_emotion_detection-develop-v2/cremad_preprocessed/audio/1029_WSI_FEA_XX.wav,1029_WSI_FEA_XX.wav,1029,train,4,fearful,4,fearful,0.9596624374389648
/Users/prarthanapatel/Desktop/Himanshi/speech_emotion_detection-develop-v2/cremad_preprocessed/audio/1029_WSI_HAP_XX.wav,1029_WSI_HAP_XX.wav,1029,train,1,happy,1,happy,0.9561997056007385
/Users/prarthanapatel/Desktop/Himanshi/speech_emotion_detection-develop-v2/cremad_preprocessed/audio/1029_WSI_NEU_XX.wav,1029_WSI_NEU_XX.wav,1029,train,0,neutral,0,neutral,0.5336073040962219
/Users/prarthanapatel/Desktop/Himanshi/speech_emotion_detection-develop-v2/cremad_preprocessed/audio/1029_WSI_SAD_XX.wav,1029_WSI_SAD_XX.wav,1029,train,2,sad,1,happy,0.6533043384552002
/Users/prarthanapatel/Desktop/Himanshi/speech_emotion_detection-develop-v2/cremad_preprocessed/audio/1030_DFA_ANG_XX.wav,1030_DFA_ANG_XX.wav,1030,train,3,angry,3,angry,0.9948817491531372
/Users/prarthanapatel/Desktop/Himanshi/speech_emotion_detection-develop-v2/cremad_preprocessed/audio/1030_DFA_DIS_XX.wav,1030_DFA_DIS_XX.wav,1030,train,5,disgust,5,disgust,0.6717381477355957
/Users/prarthanapatel/Desktop/Himanshi/speech_emotion_detection-develop-v2/cremad_preprocessed/audio/1030_DFA_FEA_XX.wav,1030_DFA_FEA_XX.wav,1030,train,4,fearful,4,fearful,0.950930118560791
/Users/prarthanapatel/Desktop/Himanshi/speech_emotion_detection-develop-v2/cremad_preprocessed/audio/1030_DFA_HAP_XX.wav,1030_DFA_HAP_XX.wav,1030,train,1,happy,1,happy,0.9813035726547241
/Users/prarthanapatel/Desktop/Himanshi/speech_emotion_detection-develop-v2/cremad_preprocessed/audio/1030_DFA_NEU_XX.wav,1030_DFA_NEU_XX.wav,1030,train,0,neutral,0,neutral,0.9867506623268127
/Users/prarthanapatel/Desktop/Himanshi/speech_emotion_detection-develop-v2/cremad_preprocessed/audio/1030_DFA_SAD_XX.wav,1030_DFA_SAD_XX.wav,1030,train,2,sad,2,sad,0.6713009476661682
/Users/prarthanapatel/Desktop/Himanshi/speech_emotion_detection-develop-v2/cremad_preprocessed/audio/1030_IEO_ANG_HI.wav,1030_IEO_ANG_HI.wav,1030,train,3,angry,3,angry,0.9937111139297485
/Users/prarthanapatel/Desktop/Himanshi/speech_emotion_detection-develop-v2/cremad_preprocessed/audio/1030_IEO_ANG_LO.wav,1030_IEO_ANG_LO.wav,1030,train,3,angry,5,disgust,0.7009589672088623
/Users/prarthanapatel/Desktop/Himanshi/speech_emotion_detection-develop-v2/cremad_preprocessed/audio/1030_IEO_ANG_MD.wav,1030_IEO_ANG_MD.wav,1030,train,3,angry,3,angry,0.9945220947265625
/Users/prarthanapatel/Desktop/Himanshi/speech_emotion_detection-develop-v2/cremad_preprocessed/audio/1030_IEO_DIS_HI.wav,1030_IEO_DIS_HI.wav,1030,train,5,disgust,5,disgust,0.8415520787239075
/Users/prarthanapatel/Desktop/Himanshi/speech_emotion_detection-develop-v2/cremad_preprocessed/audio/1030_IEO_DIS_LO.wav,1030_IEO_DIS_LO.wav,1030,train,5,disgust,5,disgust,0.4888559579849243
/Users/prarthanapatel/Desktop/Himanshi/speech_emotion_detection-develop-v2/cremad_preprocessed/audio/1030_IEO_DIS_MD.wav,1030_IEO_DIS_MD.wav,1030,train,5,disgust,5,disgust,0.962812066078186
/Users/prarthanapatel/Desktop/Himanshi/speech_emotion_detection-develop-v2/cremad_preprocessed/audio/1030_IEO_FEA_HI.wav,1030_IEO_FEA_HI.wav,1030,train,4,fearful,4,fearful,0.9662938714027405
/Users/prarthanapatel/Desktop/Himanshi/speech_emotion_detection-develop-v2/cremad_preprocessed/audio/1030_IEO_FEA_LO.wav,1030_IEO_FEA_LO.wav,1030,train,4,fearful,4,fearful,0.5389410853385925
/Users/prarthanapatel/Desktop/Himanshi/speech_emotion_detection-develop-v2/cremad_preprocessed/audio/1030_IEO_FEA_MD.wav,1030_IEO_FEA_MD.wav,1030,train,4,fearful,2,sad,0.5610923171043396
/Users/prarthanapatel/Desktop/Himanshi/speech_emotion_detection-develop-v2/cremad_preprocessed/audio/1030_IEO_HAP_HI.wav,1030_IEO_HAP_HI.wav,1030,train,1,happy,1,happy,0.7548372745513916
/Users/prarthanapatel/Desktop/Himanshi/speech_emotion_detection-develop-v2/cremad_preprocessed/audio/1030_IEO_HAP_LO.wav,1030_IEO_HAP_LO.wav,1030,train,1,happy,1,happy,0.9330419898033142
/Users/prarthanapatel/Desktop/Himanshi/speech_emotion_detection-develop-v2/cremad_preprocessed/audio/1030_IEO_HAP_MD.wav,1030_IEO_HAP_MD.wav,1030,train,1,happy,1,happy,0.9612048864364624
/Users/prarthanapatel/Desktop/Himanshi/speech_emotion_detection-develop-v2/cremad_preprocessed/audio/1030_IEO_NEU_XX.wav,1030_IEO_NEU_XX.wav,1030,train,0,neutral,0,neutral,0.9785001277923584
/Users/prarthanapatel/Desktop/Himanshi/speech_emotion_detection-develop-v2/cremad_preprocessed/audio/1030_IEO_SAD_HI.wav,1030_IEO_SAD_HI.wav,1030,train,2,sad,4,fearful,0.8107536435127258
/Users/prarthanapatel/Desktop/Himanshi/speech_emotion_detection-develop-v2/cremad_preprocessed/audio/1030_IEO_SAD_LO.wav,1030_IEO_SAD_LO.wav,1030,train,2,sad,2,sad,0.854110598564148
/Users/prarthanapatel/Desktop/Himanshi/speech_emotion_detection-develop-v2/cremad_preprocessed/audio/1030_IEO_SAD_MD.wav,1030_IEO_SAD_MD.wav,1030,train,2,sad,2,sad,0.8848886489868164
/Users/prarthanapatel/Desktop/Himanshi/speech_emotion_detection-develop-v2/cremad_preprocessed/audio/1030_IOM_ANG_XX.wav,1030_IOM_ANG_XX.wav,1030,train,3,angry,3,angry,0.9939192533493042
/Users/prarthanapatel/Desktop/Himanshi/speech_emotion_detection-develop-v2/cremad_preprocessed/audio/1030_IOM_DIS_XX.wav,1030_IOM_DIS_XX.wav,1030,train,5,disgust,5,disgust,0.9327378869056702
/Users/prarthanapatel/Desktop/Himanshi/speech_emotion_detection-develop-v2/cremad_preprocessed/audio/1030_IOM_FEA_XX.wav,1030_IOM_FEA_XX.wav,1030,train,4,fearful,2,sad,0.8581763505935669
/Users/prarthanapatel/Desktop/Himanshi/speech_emotion_detection-develop-v2/cremad_preprocessed/audio/1030_IOM_HAP_XX.wav,1030_IOM_HAP_XX.wav,1030,train,1,happy,1,happy,0.9346683025360107
/Users/prarthanapatel/Desktop/Himanshi/speech_emotion_detection-develop-v2/cremad_preprocessed/audio/1030_IOM_NEU_XX.wav,1030_IOM_NEU_XX.wav,1030,train,0,neutral,0,neutral,0.987407922744751
/Users/prarthanapatel/Desktop/Himanshi/speech_emotion_detection-develop-v2/cremad_preprocessed/audio/1030_IOM_SAD_XX.wav,1030_IOM_SAD_XX.wav,1030,train,2,sad,4,fearful,0.6114159226417542
/Users/prarthanapatel/Desktop/Himanshi/speech_emotion_detection-develop-v2/cremad_preprocessed/audio/1030_ITH_ANG_XX.wav,1030_ITH_ANG_XX.wav,1030,train,3,angry,3,angry,0.9946218729019165
/Users/prarthanapatel/Desktop/Himanshi/speech_emotion_detection-develop-v2/cremad_preprocessed/audio/1030_ITH_DIS_XX.wav,1030_ITH_DIS_XX.wav,1030,train,5,disgust,5,disgust,0.95599764585495
/Users/prarthanapatel/Desktop/Himanshi/speech_emotion_detection-develop-v2/cremad_preprocessed/audio/1030_ITH_FEA_XX.wav,1030_ITH_FEA_XX.wav,1030,train,4,fearful,4,fearful,0.7743992805480957
/Users/prarthanapatel/Desktop/Himanshi/speech_emotion_detection-develop-v2/cremad_preprocessed/audio/1030_ITH_HAP_XX.wav,1030_ITH_HAP_XX.wav,1030,train,1,happy,1,happy,0.9603453278541565
/Users/prarthanapatel/Desktop/Himanshi/speech_emotion_detection-develop-v2/cremad_preprocessed/audio/1030_ITH_NEU_XX.wav,1030_ITH_NEU_XX.wav,1030,train,0,neutral,0,neutral,0.9888179898262024
/Users/prarthanapatel/Desktop/Himanshi/speech_emotion_detection-develop-v2/cremad_preprocessed/audio/1030_ITH_SAD_XX.wav,1030_ITH_SAD_XX.wav,1030,train,2,sad,2,sad,0.8495930433273315
/Users/prarthanapatel/Desktop/Himanshi/speech_emotion_detection-develop-v2/cremad_preprocessed/audio/1030_ITS_ANG_XX.wav,1030_ITS_ANG_XX.wav,1030,train,3,angry,3,angry,0.9940774440765381
/Users/prarthanapatel/Desktop/Himanshi/speech_emotion_detection-develop-v2/cremad_preprocessed/audio/1030_ITS_DIS_XX.wav,1030_ITS_DIS_XX.wav,1030,train,5,disgust,5,disgust,0.8657993078231812
/Users/prarthanapatel/Desktop/Himanshi/speech_emotion_detection-develop-v2/cremad_preprocessed/audio/1030_ITS_FEA_XX.wav,1030_ITS_FEA_XX.wav,1030,train,4,fearful,4,fearful,0.8121416568756104
/Users/prarthanapatel/Desktop/Himanshi/speech_emotion_detection-develop-v2/cremad_preprocessed/audio/1030_ITS_HAP_XX.wav,1030_ITS_HAP_XX.wav,1030,train,1,happy,1,happy,0.9764808416366577
/Users/prarthanapatel/Desktop/Himanshi/speech_emotion_detection-develop-v2/cremad_preprocessed/audio/1030_ITS_NEU_XX.wav,1030_ITS_NEU_XX.wav,1030,train,0,neutral,0,neutral,0.9781010150909424
/Users/prarthanapatel/Desktop/Himanshi/speech_emotion_detection-develop-v2/cremad_preprocessed/audio/1030_ITS_SAD_XX.wav,1030_ITS_SAD_XX.wav,1030,train,2,sad,2,sad,0.9362803101539612
/Users/prarthanapatel/Desktop/Himanshi/speech_emotion_detection-develop-v2/cremad_preprocessed/audio/1030_IWL_ANG_XX.wav,1030_IWL_ANG_XX.wav,1030,train,3,angry,3,angry,0.9945993423461914
/Users/prarthanapatel/Desktop/Himanshi/speech_emotion_detection-develop-v2/cremad_preprocessed/audio/1030_IWL_DIS_XX.wav,1030_IWL_DIS_XX.wav,1030,train,5,disgust,5,disgust,0.48745283484458923
/Users/prarthanapatel/Desktop/Himanshi/speech_emotion_detection-develop-v2/cremad_preprocessed/audio/1030_IWL_FEA_XX.wav,1030_IWL_FEA_XX.wav,1030,train,4,fearful,3,angry,0.7653217315673828
/Users/prarthanapatel/Desktop/Himanshi/speech_emotion_detection-develop-v2/cremad_preprocessed/audio/1030_IWL_HAP_XX.wav,1030_IWL_HAP_XX.wav,1030,train,1,happy,1,happy,0.7632007002830505
/Users/prarthanapatel/Desktop/Himanshi/speech_emotion_detection-develop-v2/cremad_preprocessed/audio/1030_IWL_NEU_XX.wav,1030_IWL_NEU_XX.wav,1030,train,0,neutral,0,neutral,0.9870550632476807
/Users/prarthanapatel/Desktop/Himanshi/speech_emotion_detection-develop-v2/cremad_preprocessed/audio/1030_IWL_SAD_XX.wav,1030_IWL_SAD_XX.wav,1030,train,2,sad,2,sad,0.886262059211731
/Users/prarthanapatel/Desktop/Himanshi/speech_emotion_detection-develop-v2/cremad_preprocessed/audio/1030_IWW_ANG_XX.wav,1030_IWW_ANG_XX.wav,1030,train,3,angry,3,angry,0.9942697286605835
/Users/prarthanapatel/Desktop/Himanshi/speech_emotion_detection-develop-v2/cremad_preprocessed/audio/1030_IWW_DIS_XX.wav,1030_IWW_DIS_XX.wav,1030,train,5,disgust,5,disgust,0.4672912061214447
/Users/prarthanapatel/Desktop/Himanshi/speech_emotion_detection-develop-v2/cremad_preprocessed/audio/1030_IWW_FEA_XX.wav,1030_IWW_FEA_XX.wav,1030,train,4,fearful,2,sad,0.586087703704834
/Users/prarthanapatel/Desktop/Himanshi/speech_emotion_detection-develop-v2/cremad_preprocessed/audio/1030_IWW_HAP_XX.wav,1030_IWW_HAP_XX.wav,1030,train,1,happy,1,happy,0.9620828032493591
/Users/prarthanapatel/Desktop/Himanshi/speech_emotion_detection-develop-v2/cremad_preprocessed/audio/1030_IWW_NEU_XX.wav,1030_IWW_NEU_XX.wav,1030,train,0,neutral,0,neutral,0.9850576519966125
/Users/prarthanapatel/Desktop/Himanshi/speech_emotion_detection-develop-v2/cremad_preprocessed/audio/1030_IWW_SAD_XX.wav,1030_IWW_SAD_XX.wav,1030,train,2,sad,2,sad,0.8422478437423706
/Users/prarthanapatel/Desktop/Himanshi/speech_emotion_detection-develop-v2/cremad_preprocessed/audio/1030_MTI_ANG_XX.wav,1030_MTI_ANG_XX.wav,1030,train,3,angry,3,angry,0.9937403202056885
/Users/prarthanapatel/Desktop/Himanshi/speech_emotion_detection-develop-v2/cremad_preprocessed/audio/1030_MTI_DIS_XX.wav,1030_MTI_DIS_XX.wav,1030,train,5,disgust,5,disgust,0.9118947386741638
/Users/prarthanapatel/Desktop/Himanshi/speech_emotion_detection-develop-v2/cremad_preprocessed/audio/1030_MTI_FEA_XX.wav,1030_MTI_FEA_XX.wav,1030,train,4,fearful,4,fearful,0.8114148378372192
/Users/prarthanapatel/Desktop/Himanshi/speech_emotion_detection-develop-v2/cremad_preprocessed/audio/1030_MTI_HAP_XX.wav,1030_MTI_HAP_XX.wav,1030,train,1,happy,1,happy,0.9692790508270264
/Users/prarthanapatel/Desktop/Himanshi/speech_emotion_detection-develop-v2/cremad_preprocessed/audio/1030_MTI_NEU_XX.wav,1030_MTI_NEU_XX.wav,1030,train,0,neutral,0,neutral,0.9850983619689941
/Users/prarthanapatel/Desktop/Himanshi/speech_emotion_detection-develop-v2/cremad_preprocessed/audio/1030_MTI_SAD_XX.wav,1030_MTI_SAD_XX.wav,1030,train,2,sad,2,sad,0.9030666947364807
/Users/prarthanapatel/Desktop/Himanshi/speech_emotion_detection-develop-v2/cremad_preprocessed/audio/1030_TAI_ANG_XX.wav,1030_TAI_ANG_XX.wav,1030,train,3,angry,3,angry,0.9932992458343506
/Users/prarthanapatel/Desktop/Himanshi/speech_emotion_detection-develop-v2/cremad_preprocessed/audio/1030_TAI_DIS_XX.wav,1030_TAI_DIS_XX.wav,1030,train,5,disgust,5,disgust,0.9511624574661255
/Users/prarthanapatel/Desktop/Himanshi/speech_emotion_detection-develop-v2/cremad_preprocessed/audio/1030_TAI_FEA_XX.wav,1030_TAI_FEA_XX.wav,1030,train,4,fearful,4,fearful,0.9429834485054016
/Users/prarthanapatel/Desktop/Himanshi/speech_emotion_detection-develop-v2/cremad_preprocessed/audio/1030_TAI_HAP_XX.wav,1030_TAI_HAP_XX.wav,1030,train,1,happy,1,happy,0.9574446082115173
/Users/prarthanapatel/Desktop/Himanshi/speech_emotion_detection-develop-v2/cremad_preprocessed/audio/1030_TAI_NEU_XX.wav,1030_TAI_NEU_XX.wav,1030,train,0,neutral,0,neutral,0.9862834215164185
/Users/prarthanapatel/Desktop/Himanshi/speech_emotion_detection-develop-v2/cremad_preprocessed/audio/1030_TAI_SAD_XX.wav,1030_TAI_SAD_XX.wav,1030,train,2,sad,2,sad,0.6570919752120972
/Users/prarthanapatel/Desktop/Himanshi/speech_emotion_detection-develop-v2/cremad_preprocessed/audio/1030_TIE_ANG_XX.wav,1030_TIE_ANG_XX.wav,1030,train,3,angry,3,angry,0.9947171807289124
/Users/prarthanapatel/Desktop/Himanshi/speech_emotion_detection-develop-v2/cremad_preprocessed/audio/1030_TIE_DIS_XX.wav,1030_TIE_DIS_XX.wav,1030,train,5,disgust,5,disgust,0.822475790977478
/Users/prarthanapatel/Desktop/Himanshi/speech_emotion_detection-develop-v2/cremad_preprocessed/audio/1030_TIE_FEA_XX.wav,1030_TIE_FEA_XX.wav,1030,train,4,fearful,4,fearful,0.9398795366287231
/Users/prarthanapatel/Desktop/Himanshi/speech_emotion_detection-develop-v2/cremad_preprocessed/audio/1030_TIE_HAP_XX.wav,1030_TIE_HAP_XX.wav,1030,train,1,happy,1,happy,0.9620647430419922
/Users/prarthanapatel/Desktop/Himanshi/speech_emotion_detection-develop-v2/cremad_preprocessed/audio/1030_TIE_NEU_XX.wav,1030_TIE_NEU_XX.wav,1030,train,0,neutral,0,neutral,0.9471006989479065
/Users/prarthanapatel/Desktop/Himanshi/speech_emotion_detection-develop-v2/cremad_preprocessed/audio/1030_TIE_SAD_XX.wav,1030_TIE_SAD_XX.wav,1030,train,2,sad,0,neutral,0.4441315233707428
/Users/prarthanapatel/Desktop/Himanshi/speech_emotion_detection-develop-v2/cremad_preprocessed/audio/1030_TSI_ANG_XX.wav,1030_TSI_ANG_XX.wav,1030,train,3,angry,3,angry,0.994892954826355
/Users/prarthanapatel/Desktop/Himanshi/speech_emotion_detection-develop-v2/cremad_preprocessed/audio/1030_TSI_DIS_XX.wav,1030_TSI_DIS_XX.wav,1030,train,5,disgust,5,disgust,0.9379416704177856
/Users/prarthanapatel/Desktop/Himanshi/speech_emotion_detection-develop-v2/cremad_preprocessed/audio/1030_TSI_FEA_XX.wav,1030_TSI_FEA_XX.wav,1030,train,4,fearful,1,happy,0.9667097926139832
/Users/prarthanapatel/Desktop/Himanshi/speech_emotion_detection-develop-v2/cremad_preprocessed/audio/1030_TSI_HAP_XX.wav,1030_TSI_HAP_XX.wav,1030,train,1,happy,1,happy,0.953375518321991
/Users/prarthanapatel/Desktop/Himanshi/speech_emotion_detection-develop-v2/cremad_preprocessed/audio/1030_TSI_NEU_XX.wav,1030_TSI_NEU_XX.wav,1030,train,0,neutral,0,neutral,0.9850303530693054
/Users/prarthanapatel/Desktop/Himanshi/speech_emotion_detection-develop-v2/cremad_preprocessed/audio/1030_TSI_SAD_XX.wav,1030_TSI_SAD_XX.wav,1030,train,2,sad,2,sad,0.9139105677604675
/Users/prarthanapatel/Desktop/Himanshi/speech_emotion_detection-develop-v2/cremad_preprocessed/audio/1030_WSI_ANG_XX.wav,1030_WSI_ANG_XX.wav,1030,train,3,angry,3,angry,0.9930993318557739
/Users/prarthanapatel/Desktop/Himanshi/speech_emotion_detection-develop-v2/cremad_preprocessed/audio/1030_WSI_DIS_XX.wav,1030_WSI_DIS_XX.wav,1030,train,5,disgust,3,angry,0.9761003255844116
/Users/prarthanapatel/Desktop/Himanshi/speech_emotion_detection-develop-v2/cremad_preprocessed/audio/1030_WSI_FEA_XX.wav,1030_WSI_FEA_XX.wav,1030,train,4,fearful,4,fearful,0.9461878538131714
/Users/prarthanapatel/Desktop/Himanshi/speech_emotion_detection-develop-v2/cremad_preprocessed/audio/1030_WSI_HAP_XX.wav,1030_WSI_HAP_XX.wav,1030,train,1,happy,3,angry,0.9930964112281799
/Users/prarthanapatel/Desktop/Himanshi/speech_emotion_detection-develop-v2/cremad_preprocessed/audio/1030_WSI_NEU_XX.wav,1030_WSI_NEU_XX.wav,1030,train,0,neutral,0,neutral,0.9883502721786499
/Users/prarthanapatel/Desktop/Himanshi/speech_emotion_detection-develop-v2/cremad_preprocessed/audio/1030_WSI_SAD_XX.wav,1030_WSI_SAD_XX.wav,1030,train,2,sad,2,sad,0.6870924234390259
/Users/prarthanapatel/Desktop/Himanshi/speech_emotion_detection-develop-v2/cremad_preprocessed/audio/1032_DFA_ANG_XX.wav,1032_DFA_ANG_XX.wav,1032,train,3,angry,3,angry,0.9911757707595825
/Users/prarthanapatel/Desktop/Himanshi/speech_emotion_detection-develop-v2/cremad_preprocessed/audio/1032_DFA_DIS_XX.wav,1032_DFA_DIS_XX.wav,1032,train,5,disgust,5,disgust,0.9384442567825317
/Users/prarthanapatel/Desktop/Himanshi/speech_emotion_detection-develop-v2/cremad_preprocessed/audio/1032_DFA_FEA_XX.wav,1032_DFA_FEA_XX.wav,1032,train,4,fearful,2,sad,0.4989299476146698
/Users/prarthanapatel/Desktop/Himanshi/speech_emotion_detection-develop-v2/cremad_preprocessed/audio/1032_DFA_HAP_XX.wav,1032_DFA_HAP_XX.wav,1032,train,1,happy,1,happy,0.9740248918533325
/Users/prarthanapatel/Desktop/Himanshi/speech_emotion_detection-develop-v2/cremad_preprocessed/audio/1032_DFA_NEU_XX.wav,1032_DFA_NEU_XX.wav,1032,train,0,neutral,0,neutral,0.9727525115013123
/Users/prarthanapatel/Desktop/Himanshi/speech_emotion_detection-develop-v2/cremad_preprocessed/audio/1032_DFA_SAD_XX.wav,1032_DFA_SAD_XX.wav,1032,train,2,sad,4,fearful,0.7181642055511475
/Users/prarthanapatel/Desktop/Himanshi/speech_emotion_detection-develop-v2/cremad_preprocessed/audio/1032_IEO_ANG_HI.wav,1032_IEO_ANG_HI.wav,1032,train,3,angry,3,angry,0.9920780062675476
/Users/prarthanapatel/Desktop/Himanshi/speech_emotion_detection-develop-v2/cremad_preprocessed/audio/1032_IEO_ANG_LO.wav,1032_IEO_ANG_LO.wav,1032,train,3,angry,3,angry,0.9906009435653687
/Users/prarthanapatel/Desktop/Himanshi/speech_emotion_detection-develop-v2/cremad_preprocessed/audio/1032_IEO_ANG_MD.wav,1032_IEO_ANG_MD.wav,1032,train,3,angry,3,angry,0.9945307374000549
/Users/prarthanapatel/Desktop/Himanshi/speech_emotion_detection-develop-v2/cremad_preprocessed/audio/1032_IEO_DIS_HI.wav,1032_IEO_DIS_HI.wav,1032,train,5,disgust,5,disgust,0.9151458144187927
/Users/prarthanapatel/Desktop/Himanshi/speech_emotion_detection-develop-v2/cremad_preprocessed/audio/1032_IEO_DIS_LO.wav,1032_IEO_DIS_LO.wav,1032,train,5,disgust,1,happy,0.5105194449424744
/Users/prarthanapatel/Desktop/Himanshi/speech_emotion_detection-develop-v2/cremad_preprocessed/audio/1032_IEO_DIS_MD.wav,1032_IEO_DIS_MD.wav,1032,train,5,disgust,5,disgust,0.9304454922676086
/Users/prarthanapatel/Desktop/Himanshi/speech_emotion_detection-develop-v2/cremad_preprocessed/audio/1032_IEO_FEA_HI.wav,1032_IEO_FEA_HI.wav,1032,train,4,fearful,4,fearful,0.9604073762893677
/Users/prarthanapatel/Desktop/Himanshi/speech_emotion_detection-develop-v2/cremad_preprocessed/audio/1032_IEO_FEA_LO.wav,1032_IEO_FEA_LO.wav,1032,train,4,fearful,4,fearful,0.8903793096542358
/Users/prarthanapatel/Desktop/Himanshi/speech_emotion_detection-develop-v2/cremad_preprocessed/audio/1032_IEO_FEA_MD.wav,1032_IEO_FEA_MD.wav,1032,train,4,fearful,4,fearful,0.7953401803970337
/Users/prarthanapatel/Desktop/Himanshi/speech_emotion_detection-develop-v2/cremad_preprocessed/audio/1032_IEO_HAP_HI.wav,1032_IEO_HAP_HI.wav,1032,train,1,happy,3,angry,0.5462523102760315
/Users/prarthanapatel/Desktop/Himanshi/speech_emotion_detection-develop-v2/cremad_preprocessed/audio/1032_IEO_HAP_LO.wav,1032_IEO_HAP_LO.wav,1032,train,1,happy,1,happy,0.9551997184753418
/Users/prarthanapatel/Desktop/Himanshi/speech_emotion_detection-develop-v2/cremad_preprocessed/audio/1032_IEO_HAP_MD.wav,1032_IEO_HAP_MD.wav,1032,train,1,happy,1,happy,0.933392345905304
/Users/prarthanapatel/Desktop/Himanshi/speech_emotion_detection-develop-v2/cremad_preprocessed/audio/1032_IEO_NEU_XX.wav,1032_IEO_NEU_XX.wav,1032,train,0,neutral,4,fearful,0.3186776638031006
/Users/prarthanapatel/Desktop/Himanshi/speech_emotion_detection-develop-v2/cremad_preprocessed/audio/1032_IEO_SAD_HI.wav,1032_IEO_SAD_HI.wav,1032,train,2,sad,0,neutral,0.9209845066070557
/Users/prarthanapatel/Desktop/Himanshi/speech_emotion_detection-develop-v2/cremad_preprocessed/audio/1032_IEO_SAD_LO.wav,1032_IEO_SAD_LO.wav,1032,train,2,sad,2,sad,0.8311536908149719
/Users/prarthanapatel/Desktop/Himanshi/speech_emotion_detection-develop-v2/cremad_preprocessed/audio/1032_IEO_SAD_MD.wav,1032_IEO_SAD_MD.wav,1032,train,2,sad,4,fearful,0.5144007205963135
/Users/prarthanapatel/Desktop/Himanshi/speech_emotion_detection-develop-v2/cremad_preprocessed/audio/1032_IOM_ANG_XX.wav,1032_IOM_ANG_XX.wav,1032,train,3,angry,3,angry,0.9897311329841614
/Users/prarthanapatel/Desktop/Himanshi/speech_emotion_detection-develop-v2/cremad_preprocessed/audio/1032_IOM_DIS_XX.wav,1032_IOM_DIS_XX.wav,1032,train,5,disgust,2,sad,0.5346890687942505
/Users/prarthanapatel/Desktop/Himanshi/speech_emotion_detection-develop-v2/cremad_preprocessed/audio/1032_IOM_FEA_XX.wav,1032_IOM_FEA_XX.wav,1032,train,4,fearful,4,fearful,0.6082555651664734
/Users/prarthanapatel/Desktop/Himanshi/speech_emotion_detection-develop-v2/cremad_preprocessed/audio/1032_IOM_HAP_XX.wav,1032_IOM_HAP_XX.wav,1032,train,1,happy,1,happy,0.9491398334503174
/Users/prarthanapatel/Desktop/Himanshi/speech_emotion_detection-develop-v2/cremad_preprocessed/audio/1032_IOM_NEU_XX.wav,1032_IOM_NEU_XX.wav,1032,train,0,neutral,0,neutral,0.9410120844841003
/Users/prarthanapatel/Desktop/Himanshi/speech_emotion_detection-develop-v2/cremad_preprocessed/audio/1032_IOM_SAD_XX.wav,1032_IOM_SAD_XX.wav,1032,train,2,sad,2,sad,0.8674584031105042
/Users/prarthanapatel/Desktop/Himanshi/speech_emotion_detection-develop-v2/cremad_preprocessed/audio/1032_ITH_ANG_XX.wav,1032_ITH_ANG_XX.wav,1032,train,3,angry,3,angry,0.9935591816902161
/Users/prarthanapatel/Desktop/Himanshi/speech_emotion_detection-develop-v2/cremad_preprocessed/audio/1032_ITH_DIS_XX.wav,1032_ITH_DIS_XX.wav,1032,train,5,disgust,5,disgust,0.804388165473938
/Users/prarthanapatel/Desktop/Himanshi/speech_emotion_detection-develop-v2/cremad_preprocessed/audio/1032_ITH_FEA_XX.wav,1032_ITH_FEA_XX.wav,1032,train,4,fearful,4,fearful,0.9244374632835388
/Users/prarthanapatel/Desktop/Himanshi/speech_emotion_detection-develop-v2/cremad_preprocessed/audio/1032_ITH_HAP_XX.wav,1032_ITH_HAP_XX.wav,1032,train,1,happy,1,happy,0.9764635562896729
/Users/prarthanapatel/Desktop/Himanshi/speech_emotion_detection-develop-v2/cremad_preprocessed/audio/1032_ITH_NEU_XX.wav,1032_ITH_NEU_XX.wav,1032,train,0,neutral,0,neutral,0.6509401202201843
/Users/prarthanapatel/Desktop/Himanshi/speech_emotion_detection-develop-v2/cremad_preprocessed/audio/1032_ITH_SAD_XX.wav,1032_ITH_SAD_XX.wav,1032,train,2,sad,4,fearful,0.8139024972915649
/Users/prarthanapatel/Desktop/Himanshi/speech_emotion_detection-develop-v2/cremad_preprocessed/audio/1032_ITS_ANG_XX.wav,1032_ITS_ANG_XX.wav,1032,train,3,angry,3,angry,0.8882026076316833
/Users/prarthanapatel/Desktop/Himanshi/speech_emotion_detection-develop-v2/cremad_preprocessed/audio/1032_ITS_DIS_XX.wav,1032_ITS_DIS_XX.wav,1032,train,5,disgust,3,angry,0.9776667952537537
/Users/prarthanapatel/Desktop/Himanshi/speech_emotion_detection-develop-v2/cremad_preprocessed/audio/1032_ITS_FEA_XX.wav,1032_ITS_FEA_XX.wav,1032,train,4,fearful,4,fearful,0.8935648202896118
/Users/prarthanapatel/Desktop/Himanshi/speech_emotion_detection-develop-v2/cremad_preprocessed/audio/1032_ITS_HAP_XX.wav,1032_ITS_HAP_XX.wav,1032,train,1,happy,1,happy,0.9779428839683533
/Users/prarthanapatel/Desktop/Himanshi/speech_emotion_detection-develop-v2/cremad_preprocessed/audio/1032_ITS_NEU_XX.wav,1032_ITS_NEU_XX.wav,1032,train,0,neutral,0,neutral,0.9814152717590332
/Users/prarthanapatel/Desktop/Himanshi/speech_emotion_detection-develop-v2/cremad_preprocessed/audio/1032_ITS_SAD_XX.wav,1032_ITS_SAD_XX.wav,1032,train,2,sad,2,sad,0.5123335123062134
/Users/prarthanapatel/Desktop/Himanshi/speech_emotion_detection-develop-v2/cremad_preprocessed/audio/1032_IWL_ANG_XX.wav,1032_IWL_ANG_XX.wav,1032,train,3,angry,3,angry,0.9865431785583496
/Users/prarthanapatel/Desktop/Himanshi/speech_emotion_detection-develop-v2/cremad_preprocessed/audio/1032_IWL_DIS_XX.wav,1032_IWL_DIS_XX.wav,1032,train,5,disgust,5,disgust,0.8629378080368042
/Users/prarthanapatel/Desktop/Himanshi/speech_emotion_detection-develop-v2/cremad_preprocessed/audio/1032_IWL_FEA_XX.wav,1032_IWL_FEA_XX.wav,1032,train,4,fearful,4,fearful,0.6740227937698364
/Users/prarthanapatel/Desktop/Himanshi/speech_emotion_detection-develop-v2/cremad_preprocessed/audio/1032_IWL_HAP_XX.wav,1032_IWL_HAP_XX.wav,1032,train,1,happy,1,happy,0.9581271409988403
/Users/prarthanapatel/Desktop/Himanshi/speech_emotion_detection-develop-v2/cremad_preprocessed/audio/1032_IWL_NEU_XX.wav,1032_IWL_NEU_XX.wav,1032,train,0,neutral,0,neutral,0.9826769232749939
/Users/prarthanapatel/Desktop/Himanshi/speech_emotion_detection-develop-v2/cremad_preprocessed/audio/1032_IWL_SAD_XX.wav,1032_IWL_SAD_XX.wav,1032,train,2,sad,0,neutral,0.9285687208175659
/Users/prarthanapatel/Desktop/Himanshi/speech_emotion_detection-develop-v2/cremad_preprocessed/audio/1032_IWW_ANG_XX.wav,1032_IWW_ANG_XX.wav,1032,train,3,angry,3,angry,0.7551450133323669
/Users/prarthanapatel/Desktop/Himanshi/speech_emotion_detection-develop-v2/cremad_preprocessed/audio/1032_IWW_DIS_XX.wav,1032_IWW_DIS_XX.wav,1032,train,5,disgust,5,disgust,0.3301484286785126
/Users/prarthanapatel/Desktop/Himanshi/speech_emotion_detection-develop-v2/cremad_preprocessed/audio/1032_IWW_FEA_XX.wav,1032_IWW_FEA_XX.wav,1032,train,4,fearful,2,sad,0.7505908012390137
/Users/prarthanapatel/Desktop/Himanshi/speech_emotion_detection-develop-v2/cremad_preprocessed/audio/1032_IWW_HAP_XX.wav,1032_IWW_HAP_XX.wav,1032,train,1,happy,1,happy,0.9182788729667664
/Users/prarthanapatel/Desktop/Himanshi/speech_emotion_detection-develop-v2/cremad_preprocessed/audio/1032_IWW_NEU_XX.wav,1032_IWW_NEU_XX.wav,1032,train,0,neutral,0,neutral,0.8342567682266235
/Users/prarthanapatel/Desktop/Himanshi/speech_emotion_detection-develop-v2/cremad_preprocessed/audio/1032_IWW_SAD_XX.wav,1032_IWW_SAD_XX.wav,1032,train,2,sad,4,fearful,0.7445197105407715
/Users/prarthanapatel/Desktop/Himanshi/speech_emotion_detection-develop-v2/cremad_preprocessed/audio/1032_MTI_ANG_XX.wav,1032_MTI_ANG_XX.wav,1032,train,3,angry,2,sad,0.6629177927970886
/Users/prarthanapatel/Desktop/Himanshi/speech_emotion_detection-develop-v2/cremad_preprocessed/audio/1032_MTI_DIS_XX.wav,1032_MTI_DIS_XX.wav,1032,train,5,disgust,5,disgust,0.5290753841400146
/Users/prarthanapatel/Desktop/Himanshi/speech_emotion_detection-develop-v2/cremad_preprocessed/audio/1032_MTI_FEA_XX.wav,1032_MTI_FEA_XX.wav,1032,train,4,fearful,4,fearful,0.5094265341758728
/Users/prarthanapatel/Desktop/Himanshi/speech_emotion_detection-develop-v2/cremad_preprocessed/audio/1032_MTI_HAP_XX.wav,1032_MTI_HAP_XX.wav,1032,train,1,happy,1,happy,0.9210721254348755
/Users/prarthanapatel/Desktop/Himanshi/speech_emotion_detection-develop-v2/cremad_preprocessed/audio/1032_MTI_NEU_XX.wav,1032_MTI_NEU_XX.wav,1032,train,0,neutral,0,neutral,0.9824364185333252
/Users/prarthanapatel/Desktop/Himanshi/speech_emotion_detection-develop-v2/cremad_preprocessed/audio/1032_MTI_SAD_XX.wav,1032_MTI_SAD_XX.wav,1032,train,2,sad,2,sad,0.5617570877075195
/Users/prarthanapatel/Desktop/Himanshi/speech_emotion_detection-develop-v2/cremad_preprocessed/audio/1032_TAI_ANG_XX.wav,1032_TAI_ANG_XX.wav,1032,train,3,angry,3,angry,0.5013576149940491
/Users/prarthanapatel/Desktop/Himanshi/speech_emotion_detection-develop-v2/cremad_preprocessed/audio/1032_TAI_DIS_XX.wav,1032_TAI_DIS_XX.wav,1032,train,5,disgust,5,disgust,0.7131350040435791
/Users/prarthanapatel/Desktop/Himanshi/speech_emotion_detection-develop-v2/cremad_preprocessed/audio/1032_TAI_FEA_XX.wav,1032_TAI_FEA_XX.wav,1032,train,4,fearful,4,fearful,0.8491195440292358
/Users/prarthanapatel/Desktop/Himanshi/speech_emotion_detection-develop-v2/cremad_preprocessed/audio/1032_TAI_HAP_XX.wav,1032_TAI_HAP_XX.wav,1032,train,1,happy,1,happy,0.8773523569107056
/Users/prarthanapatel/Desktop/Himanshi/speech_emotion_detection-develop-v2/cremad_preprocessed/audio/1032_TAI_NEU_XX.wav,1032_TAI_NEU_XX.wav,1032,train,0,neutral,0,neutral,0.6537896394729614
/Users/prarthanapatel/Desktop/Himanshi/speech_emotion_detection-develop-v2/cremad_preprocessed/audio/1032_TAI_SAD_XX.wav,1032_TAI_SAD_XX.wav,1032,train,2,sad,2,sad,0.7281283736228943
/Users/prarthanapatel/Desktop/Himanshi/speech_emotion_detection-develop-v2/cremad_preprocessed/audio/1032_TIE_ANG_XX.wav,1032_TIE_ANG_XX.wav,1032,train,3,angry,3,angry,0.9919765591621399
/Users/prarthanapatel/Desktop/Himanshi/speech_emotion_detection-develop-v2/cremad_preprocessed/audio/1032_TIE_DIS_XX.wav,1032_TIE_DIS_XX.wav,1032,train,5,disgust,5,disgust,0.8250754475593567
/Users/prarthanapatel/Desktop/Himanshi/speech_emotion_detection-develop-v2/cremad_preprocessed/audio/1032_TIE_FEA_XX.wav,1032_TIE_FEA_XX.wav,1032,train,4,fearful,4,fearful,0.7673510909080505
/Users/prarthanapatel/Desktop/Himanshi/speech_emotion_detection-develop-v2/cremad_preprocessed/audio/1032_TIE_HAP_XX.wav,1032_TIE_HAP_XX.wav,1032,train,1,happy,1,happy,0.6748169660568237
/Users/prarthanapatel/Desktop/Himanshi/speech_emotion_detection-develop-v2/cremad_preprocessed/audio/1032_TIE_NEU_XX.wav,1032_TIE_NEU_XX.wav,1032,train,0,neutral,0,neutral,0.92339688539505
/Users/prarthanapatel/Desktop/Himanshi/speech_emotion_detection-develop-v2/cremad_preprocessed/audio/1032_TIE_SAD_XX.wav,1032_TIE_SAD_XX.wav,1032,train,2,sad,4,fearful,0.8106935024261475
/Users/prarthanapatel/Desktop/Himanshi/speech_emotion_detection-develop-v2/cremad_preprocessed/audio/1032_TSI_ANG_XX.wav,1032_TSI_ANG_XX.wav,1032,train,3,angry,1,happy,0.942663311958313
/Users/prarthanapatel/Desktop/Himanshi/speech_emotion_detection-develop-v2/cremad_preprocessed/audio/1032_TSI_DIS_XX.wav,1032_TSI_DIS_XX.wav,1032,train,5,disgust,5,disgust,0.9189280271530151
/Users/prarthanapatel/Desktop/Himanshi/speech_emotion_detection-develop-v2/cremad_preprocessed/audio/1032_TSI_FEA_XX.wav,1032_TSI_FEA_XX.wav,1032,train,4,fearful,4,fearful,0.691899836063385
/Users/prarthanapatel/Desktop/Himanshi/speech_emotion_detection-develop-v2/cremad_preprocessed/audio/1032_TSI_HAP_XX.wav,1032_TSI_HAP_XX.wav,1032,train,1,happy,1,happy,0.9750984311103821
/Users/prarthanapatel/Desktop/Himanshi/speech_emotion_detection-develop-v2/cremad_preprocessed/audio/1032_TSI_NEU_XX.wav,1032_TSI_NEU_XX.wav,1032,train,0,neutral,0,neutral,0.9697872996330261
/Users/prarthanapatel/Desktop/Himanshi/speech_emotion_detection-develop-v2/cremad_preprocessed/audio/1032_TSI_SAD_XX.wav,1032_TSI_SAD_XX.wav,1032,train,2,sad,2,sad,0.7603673338890076
/Users/prarthanapatel/Desktop/Himanshi/speech_emotion_detection-develop-v2/cremad_preprocessed/audio/1032_WSI_ANG_XX.wav,1032_WSI_ANG_XX.wav,1032,train,3,angry,3,angry,0.9903661012649536
/Users/prarthanapatel/Desktop/Himanshi/speech_emotion_detection-develop-v2/cremad_preprocessed/audio/1032_WSI_DIS_XX.wav,1032_WSI_DIS_XX.wav,1032,train,5,disgust,5,disgust,0.8619983792304993
/Users/prarthanapatel/Desktop/Himanshi/speech_emotion_detection-develop-v2/cremad_preprocessed/audio/1032_WSI_FEA_XX.wav,1032_WSI_FEA_XX.wav,1032,train,4,fearful,4,fearful,0.6156418919563293
/Users/prarthanapatel/Desktop/Himanshi/speech_emotion_detection-develop-v2/cremad_preprocessed/audio/1032_WSI_HAP_XX.wav,1032_WSI_HAP_XX.wav,1032,train,1,happy,1,happy,0.9781051278114319
/Users/prarthanapatel/Desktop/Himanshi/speech_emotion_detection-develop-v2/cremad_preprocessed/audio/1032_WSI_NEU_XX.wav,1032_WSI_NEU_XX.wav,1032,train,0,neutral,0,neutral,0.9231250286102295
/Users/prarthanapatel/Desktop/Himanshi/speech_emotion_detection-develop-v2/cremad_preprocessed/audio/1032_WSI_SAD_XX.wav,1032_WSI_SAD_XX.wav,1032,train,2,sad,4,fearful,0.8900487422943115
/Users/prarthanapatel/Desktop/Himanshi/speech_emotion_detection-develop-v2/cremad_preprocessed/audio/1033_DFA_ANG_XX.wav,1033_DFA_ANG_XX.wav,1033,train,3,angry,3,angry,0.9950503706932068
/Users/prarthanapatel/Desktop/Himanshi/speech_emotion_detection-develop-v2/cremad_preprocessed/audio/1033_DFA_DIS_XX.wav,1033_DFA_DIS_XX.wav,1033,train,5,disgust,5,disgust,0.899006187915802
/Users/prarthanapatel/Desktop/Himanshi/speech_emotion_detection-develop-v2/cremad_preprocessed/audio/1033_DFA_FEA_XX.wav,1033_DFA_FEA_XX.wav,1033,train,4,fearful,4,fearful,0.9419298768043518
/Users/prarthanapatel/Desktop/Himanshi/speech_emotion_detection-develop-v2/cremad_preprocessed/audio/1033_DFA_HAP_XX.wav,1033_DFA_HAP_XX.wav,1033,train,1,happy,1,happy,0.6989993453025818
/Users/prarthanapatel/Desktop/Himanshi/speech_emotion_detection-develop-v2/cremad_preprocessed/audio/1033_DFA_NEU_XX.wav,1033_DFA_NEU_XX.wav,1033,train,0,neutral,0,neutral,0.9801048636436462
/Users/prarthanapatel/Desktop/Himanshi/speech_emotion_detection-develop-v2/cremad_preprocessed/audio/1033_DFA_SAD_XX.wav,1033_DFA_SAD_XX.wav,1033,train,2,sad,2,sad,0.8387827277183533
/Users/prarthanapatel/Desktop/Himanshi/speech_emotion_detection-develop-v2/cremad_preprocessed/audio/1033_IEO_ANG_HI.wav,1033_IEO_ANG_HI.wav,1033,train,3,angry,3,angry,0.9947357773780823
/Users/prarthanapatel/Desktop/Himanshi/speech_emotion_detection-develop-v2/cremad_preprocessed/audio/1033_IEO_ANG_LO.wav,1033_IEO_ANG_LO.wav,1033,train,3,angry,3,angry,0.9851002097129822
/Users/prarthanapatel/Desktop/Himanshi/speech_emotion_detection-develop-v2/cremad_preprocessed/audio/1033_IEO_ANG_MD.wav,1033_IEO_ANG_MD.wav,1033,train,3,angry,3,angry,0.9948352575302124
/Users/prarthanapatel/Desktop/Himanshi/speech_emotion_detection-develop-v2/cremad_preprocessed/audio/1033_IEO_DIS_HI.wav,1033_IEO_DIS_HI.wav,1033,train,5,disgust,5,disgust,0.9456247687339783
/Users/prarthanapatel/Desktop/Himanshi/speech_emotion_detection-develop-v2/cremad_preprocessed/audio/1033_IEO_DIS_LO.wav,1033_IEO_DIS_LO.wav,1033,train,5,disgust,5,disgust,0.9381008148193359
/Users/prarthanapatel/Desktop/Himanshi/speech_emotion_detection-develop-v2/cremad_preprocessed/audio/1033_IEO_DIS_MD.wav,1033_IEO_DIS_MD.wav,1033,train,5,disgust,5,disgust,0.9654126763343811
/Users/prarthanapatel/Desktop/Himanshi/speech_emotion_detection-develop-v2/cremad_preprocessed/audio/1033_IEO_FEA_HI.wav,1033_IEO_FEA_HI.wav,1033,train,4,fearful,4,fearful,0.6930496692657471
/Users/prarthanapatel/Desktop/Himanshi/speech_emotion_detection-develop-v2/cremad_preprocessed/audio/1033_IEO_FEA_LO.wav,1033_IEO_FEA_LO.wav,1033,train,4,fearful,4,fearful,0.5491781830787659
/Users/prarthanapatel/Desktop/Himanshi/speech_emotion_detection-develop-v2/cremad_preprocessed/audio/1033_IEO_FEA_MD.wav,1033_IEO_FEA_MD.wav,1033,train,4,fearful,1,happy,0.8112325072288513
/Users/prarthanapatel/Desktop/Himanshi/speech_emotion_detection-develop-v2/cremad_preprocessed/audio/1033_IEO_HAP_HI.wav,1033_IEO_HAP_HI.wav,1033,train,1,happy,1,happy,0.8835844993591309
/Users/prarthanapatel/Desktop/Himanshi/speech_emotion_detection-develop-v2/cremad_preprocessed/audio/1033_IEO_HAP_LO.wav,1033_IEO_HAP_LO.wav,1033,train,1,happy,1,happy,0.9750813245773315
/Users/prarthanapatel/Desktop/Himanshi/speech_emotion_detection-develop-v2/cremad_preprocessed/audio/1033_IEO_HAP_MD.wav,1033_IEO_HAP_MD.wav,1033,train,1,happy,1,happy,0.9662359356880188
/Users/prarthanapatel/Desktop/Himanshi/speech_emotion_detection-develop-v2/cremad_preprocessed/audio/1033_IEO_NEU_XX.wav,1033_IEO_NEU_XX.wav,1033,train,0,neutral,3,angry,0.6002350449562073
/Users/prarthanapatel/Desktop/Himanshi/speech_emotion_detection-develop-v2/cremad_preprocessed/audio/1033_IEO_SAD_HI.wav,1033_IEO_SAD_HI.wav,1033,train,2,sad,2,sad,0.47273334860801697
/Users/prarthanapatel/Desktop/Himanshi/speech_emotion_detection-develop-v2/cremad_preprocessed/audio/1033_IEO_SAD_LO.wav,1033_IEO_SAD_LO.wav,1033,train,2,sad,2,sad,0.7891743779182434
/Users/prarthanapatel/Desktop/Himanshi/speech_emotion_detection-develop-v2/cremad_preprocessed/audio/1033_IEO_SAD_MD.wav,1033_IEO_SAD_MD.wav,1033,train,2,sad,2,sad,0.8056970238685608
/Users/prarthanapatel/Desktop/Himanshi/speech_emotion_detection-develop-v2/cremad_preprocessed/audio/1033_IOM_ANG_XX.wav,1033_IOM_ANG_XX.wav,1033,train,3,angry,3,angry,0.9938730001449585
/Users/prarthanapatel/Desktop/Himanshi/speech_emotion_detection-develop-v2/cremad_preprocessed/audio/1033_IOM_DIS_XX.wav,1033_IOM_DIS_XX.wav,1033,train,5,disgust,5,disgust,0.9554449319839478
/Users/prarthanapatel/Desktop/Himanshi/speech_emotion_detection-develop-v2/cremad_preprocessed/audio/1033_IOM_FEA_XX.wav,1033_IOM_FEA_XX.wav,1033,train,4,fearful,4,fearful,0.9465194344520569
/Users/prarthanapatel/Desktop/Himanshi/speech_emotion_detection-develop-v2/cremad_preprocessed/audio/1033_IOM_HAP_XX.wav,1033_IOM_HAP_XX.wav,1033,train,1,happy,3,angry,0.9075734615325928
/Users/prarthanapatel/Desktop/Himanshi/speech_emotion_detection-develop-v2/cremad_preprocessed/audio/1033_IOM_NEU_XX.wav,1033_IOM_NEU_XX.wav,1033,train,0,neutral,0,neutral,0.8925198912620544
/Users/prarthanapatel/Desktop/Himanshi/speech_emotion_detection-develop-v2/cremad_preprocessed/audio/1033_IOM_SAD_XX.wav,1033_IOM_SAD_XX.wav,1033,train,2,sad,2,sad,0.7573756575584412
/Users/prarthanapatel/Desktop/Himanshi/speech_emotion_detection-develop-v2/cremad_preprocessed/audio/1033_ITH_ANG_XX.wav,1033_ITH_ANG_XX.wav,1033,train,3,angry,3,angry,0.9938699007034302
/Users/prarthanapatel/Desktop/Himanshi/speech_emotion_detection-develop-v2/cremad_preprocessed/audio/1033_ITH_DIS_XX.wav,1033_ITH_DIS_XX.wav,1033,train,5,disgust,5,disgust,0.8756382465362549
/Users/prarthanapatel/Desktop/Himanshi/speech_emotion_detection-develop-v2/cremad_preprocessed/audio/1033_ITH_FEA_XX.wav,1033_ITH_FEA_XX.wav,1033,train,4,fearful,4,fearful,0.891329824924469
/Users/prarthanapatel/Desktop/Himanshi/speech_emotion_detection-develop-v2/cremad_preprocessed/audio/1033_ITH_HAP_XX.wav,1033_ITH_HAP_XX.wav,1033,train,1,happy,3,angry,0.8102744221687317
/Users/prarthanapatel/Desktop/Himanshi/speech_emotion_detection-develop-v2/cremad_preprocessed/audio/1033_ITH_NEU_XX.wav,1033_ITH_NEU_XX.wav,1033,train,0,neutral,0,neutral,0.8222190141677856
/Users/prarthanapatel/Desktop/Himanshi/speech_emotion_detection-develop-v2/cremad_preprocessed/audio/1033_ITH_SAD_XX.wav,1033_ITH_SAD_XX.wav,1033,train,2,sad,0,neutral,0.44981175661087036
/Users/prarthanapatel/Desktop/Himanshi/speech_emotion_detection-develop-v2/cremad_preprocessed/audio/1033_ITS_ANG_XX.wav,1033_ITS_ANG_XX.wav,1033,train,3,angry,3,angry,0.9946752786636353
/Users/prarthanapatel/Desktop/Himanshi/speech_emotion_detection-develop-v2/cremad_preprocessed/audio/1033_ITS_DIS_XX.wav,1033_ITS_DIS_XX.wav,1033,train,5,disgust,5,disgust,0.9473493695259094
/Users/prarthanapatel/Desktop/Himanshi/speech_emotion_detection-develop-v2/cremad_preprocessed/audio/1033_ITS_FEA_XX.wav,1033_ITS_FEA_XX.wav,1033,train,4,fearful,4,fearful,0.9646987915039062
/Users/prarthanapatel/Desktop/Himanshi/speech_emotion_detection-develop-v2/cremad_preprocessed/audio/1033_ITS_HAP_XX.wav,1033_ITS_HAP_XX.wav,1033,train,1,happy,1,happy,0.9451026320457458
/Users/prarthanapatel/Desktop/Himanshi/speech_emotion_detection-develop-v2/cremad_preprocessed/audio/1033_ITS_NEU_XX.wav,1033_ITS_NEU_XX.wav,1033,train,0,neutral,0,neutral,0.9688717722892761
/Users/prarthanapatel/Desktop/Himanshi/speech_emotion_detection-develop-v2/cremad_preprocessed/audio/1033_ITS_SAD_XX.wav,1033_ITS_SAD_XX.wav,1033,train,2,sad,2,sad,0.6218185424804688
/Users/prarthanapatel/Desktop/Himanshi/speech_emotion_detection-develop-v2/cremad_preprocessed/audio/1033_IWL_ANG_XX.wav,1033_IWL_ANG_XX.wav,1033,train,3,angry,3,angry,0.9943089485168457
/Users/prarthanapatel/Desktop/Himanshi/speech_emotion_detection-develop-v2/cremad_preprocessed/audio/1033_IWL_DIS_XX.wav,1033_IWL_DIS_XX.wav,1033,train,5,disgust,5,disgust,0.9118361473083496
/Users/prarthanapatel/Desktop/Himanshi/speech_emotion_detection-develop-v2/cremad_preprocessed/audio/1033_IWL_FEA_XX.wav,1033_IWL_FEA_XX.wav,1033,train,4,fearful,4,fearful,0.9156178832054138
/Users/prarthanapatel/Desktop/Himanshi/speech_emotion_detection-develop-v2/cremad_preprocessed/audio/1033_IWL_HAP_XX.wav,1033_IWL_HAP_XX.wav,1033,train,1,happy,1,happy,0.9770982265472412
/Users/prarthanapatel/Desktop/Himanshi/speech_emotion_detection-develop-v2/cremad_preprocessed/audio/1033_IWL_NEU_XX.wav,1033_IWL_NEU_XX.wav,1033,train,0,neutral,0,neutral,0.9704455733299255
/Users/prarthanapatel/Desktop/Himanshi/speech_emotion_detection-develop-v2/cremad_preprocessed/audio/1033_IWL_SAD_XX.wav,1033_IWL_SAD_XX.wav,1033,train,2,sad,2,sad,0.3917527496814728
/Users/prarthanapatel/Desktop/Himanshi/speech_emotion_detection-develop-v2/cremad_preprocessed/audio/1033_IWW_ANG_XX.wav,1033_IWW_ANG_XX.wav,1033,train,3,angry,3,angry,0.9935112595558167
/Users/prarthanapatel/Desktop/Himanshi/speech_emotion_detection-develop-v2/cremad_preprocessed/audio/1033_IWW_DIS_XX.wav,1033_IWW_DIS_XX.wav,1033,train,5,disgust,5,disgust,0.9481261968612671
/Users/prarthanapatel/Desktop/Himanshi/speech_emotion_detection-develop-v2/cremad_preprocessed/audio/1033_IWW_FEA_XX.wav,1033_IWW_FEA_XX.wav,1033,train,4,fearful,4,fearful,0.8986076712608337
/Users/prarthanapatel/Desktop/Himanshi/speech_emotion_detection-develop-v2/cremad_preprocessed/audio/1033_IWW_HAP_XX.wav,1033_IWW_HAP_XX.wav,1033,train,1,happy,1,happy,0.7818964123725891
/Users/prarthanapatel/Desktop/Himanshi/speech_emotion_detection-develop-v2/cremad_preprocessed/audio/1033_IWW_NEU_XX.wav,1033_IWW_NEU_XX.wav,1033,train,0,neutral,3,angry,0.9347217679023743
/Users/prarthanapatel/Desktop/Himanshi/speech_emotion_detection-develop-v2/cremad_preprocessed/audio/1033_IWW_SAD_XX.wav,1033_IWW_SAD_XX.wav,1033,train,2,sad,4,fearful,0.5830017924308777
/Users/prarthanapatel/Desktop/Himanshi/speech_emotion_detection-develop-v2/cremad_preprocessed/audio/1033_MTI_ANG_XX.wav,1033_MTI_ANG_XX.wav,1033,train,3,angry,3,angry,0.994070827960968
/Users/prarthanapatel/Desktop/Himanshi/speech_emotion_detection-develop-v2/cremad_preprocessed/audio/1033_MTI_DIS_XX.wav,1033_MTI_DIS_XX.wav,1033,train,5,disgust,5,disgust,0.7687790393829346
/Users/prarthanapatel/Desktop/Himanshi/speech_emotion_detection-develop-v2/cremad_preprocessed/audio/1033_MTI_FEA_XX.wav,1033_MTI_FEA_XX.wav,1033,train,4,fearful,4,fearful,0.8947355151176453
/Users/prarthanapatel/Desktop/Himanshi/speech_emotion_detection-develop-v2/cremad_preprocessed/audio/1033_MTI_HAP_XX.wav,1033_MTI_HAP_XX.wav,1033,train,1,happy,1,happy,0.9593988060951233
/Users/prarthanapatel/Desktop/Himanshi/speech_emotion_detection-develop-v2/cremad_preprocessed/audio/1033_MTI_NEU_XX.wav,1033_MTI_NEU_XX.wav,1033,train,0,neutral,0,neutral,0.9575198292732239
/Users/prarthanapatel/Desktop/Himanshi/speech_emotion_detection-develop-v2/cremad_preprocessed/audio/1033_MTI_SAD_XX.wav,1033_MTI_SAD_XX.wav,1033,train,2,sad,2,sad,0.844821035861969
/Users/prarthanapatel/Desktop/Himanshi/speech_emotion_detection-develop-v2/cremad_preprocessed/audio/1033_TAI_ANG_XX.wav,1033_TAI_ANG_XX.wav,1033,train,3,angry,3,angry,0.9944368600845337
/Users/prarthanapatel/Desktop/Himanshi/speech_emotion_detection-develop-v2/cremad_preprocessed/audio/1033_TAI_DIS_XX.wav,1033_TAI_DIS_XX.wav,1033,train,5,disgust,5,disgust,0.5300491452217102
/Users/prarthanapatel/Desktop/Himanshi/speech_emotion_detection-develop-v2/cremad_preprocessed/audio/1033_TAI_FEA_XX.wav,1033_TAI_FEA_XX.wav,1033,train,4,fearful,4,fearful,0.8899737596511841
/Users/prarthanapatel/Desktop/Himanshi/speech_emotion_detection-develop-v2/cremad_preprocessed/audio/1033_TAI_HAP_XX.wav,1033_TAI_HAP_XX.wav,1033,train,1,happy,1,happy,0.9741318821907043
/Users/prarthanapatel/Desktop/Himanshi/speech_emotion_detection-develop-v2/cremad_preprocessed/audio/1033_TAI_NEU_XX.wav,1033_TAI_NEU_XX.wav,1033,train,0,neutral,0,neutral,0.988339900970459
/Users/prarthanapatel/Desktop/Himanshi/speech_emotion_detection-develop-v2/cremad_preprocessed/audio/1033_TAI_SAD_XX.wav,1033_TAI_SAD_XX.wav,1033,train,2,sad,2,sad,0.5470756888389587
/Users/prarthanapatel/Desktop/Himanshi/speech_emotion_detection-develop-v2/cremad_preprocessed/audio/1033_TIE_ANG_XX.wav,1033_TIE_ANG_XX.wav,1033,train,3,angry,3,angry,0.9940547347068787
/Users/prarthanapatel/Desktop/Himanshi/speech_emotion_detection-develop-v2/cremad_preprocessed/audio/1033_TIE_DIS_XX.wav,1033_TIE_DIS_XX.wav,1033,train,5,disgust,5,disgust,0.7226412892341614
/Users/prarthanapatel/Desktop/Himanshi/speech_emotion_detection-develop-v2/cremad_preprocessed/audio/1033_TIE_FEA_XX.wav,1033_TIE_FEA_XX.wav,1033,train,4,fearful,4,fearful,0.7973975539207458
/Users/prarthanapatel/Desktop/Himanshi/speech_emotion_detection-develop-v2/cremad_preprocessed/audio/1033_TIE_HAP_XX.wav,1033_TIE_HAP_XX.wav,1033,train,1,happy,1,happy,0.9706794619560242
/Users/prarthanapatel/Desktop/Himanshi/speech_emotion_detection-develop-v2/cremad_preprocessed/audio/1033_TIE_NEU_XX.wav,1033_TIE_NEU_XX.wav,1033,train,0,neutral,0,neutral,0.9389274716377258
/Users/prarthanapatel/Desktop/Himanshi/speech_emotion_detection-develop-v2/cremad_preprocessed/audio/1033_TIE_SAD_XX.wav,1033_TIE_SAD_XX.wav,1033,train,2,sad,2,sad,0.559547483921051
/Users/prarthanapatel/Desktop/Himanshi/speech_emotion_detection-develop-v2/cremad_preprocessed/audio/1033_TSI_ANG_XX.wav,1033_TSI_ANG_XX.wav,1033,train,3,angry,3,angry,0.9945780038833618
/Users/prarthanapatel/Desktop/Himanshi/speech_emotion_detection-develop-v2/cremad_preprocessed/audio/1033_TSI_DIS_XX.wav,1033_TSI_DIS_XX.wav,1033,train,5,disgust,5,disgust,0.4484318792819977
/Users/prarthanapatel/Desktop/Himanshi/speech_emotion_detection-develop-v2/cremad_preprocessed/audio/1033_TSI_FEA_XX.wav,1033_TSI_FEA_XX.wav,1033,train,4,fearful,4,fearful,0.9400084614753723
/Users/prarthanapatel/Desktop/Himanshi/speech_emotion_detection-develop-v2/cremad_preprocessed/audio/1033_TSI_HAP_XX.wav,1033_TSI_HAP_XX.wav,1033,train,1,happy,1,happy,0.9734970927238464
/Users/prarthanapatel/Desktop/Himanshi/speech_emotion_detection-develop-v2/cremad_preprocessed/audio/1033_TSI_NEU_XX.wav,1033_TSI_NEU_XX.wav,1033,train,0,neutral,0,neutral,0.9709448218345642
/Users/prarthanapatel/Desktop/Himanshi/speech_emotion_detection-develop-v2/cremad_preprocessed/audio/1033_TSI_SAD_XX.wav,1033_TSI_SAD_XX.wav,1033,train,2,sad,2,sad,0.7665777206420898
/Users/prarthanapatel/Desktop/Himanshi/speech_emotion_detection-develop-v2/cremad_preprocessed/audio/1033_WSI_ANG_XX.wav,1033_WSI_ANG_XX.wav,1033,train,3,angry,3,angry,0.9939203262329102
/Users/prarthanapatel/Desktop/Himanshi/speech_emotion_detection-develop-v2/cremad_preprocessed/audio/1033_WSI_DIS_XX.wav,1033_WSI_DIS_XX.wav,1033,train,5,disgust,5,disgust,0.8674454092979431
/Users/prarthanapatel/Desktop/Himanshi/speech_emotion_detection-develop-v2/cremad_preprocessed/audio/1033_WSI_FEA_XX.wav,1033_WSI_FEA_XX.wav,1033,train,4,fearful,4,fearful,0.9551495909690857
/Users/prarthanapatel/Desktop/Himanshi/speech_emotion_detection-develop-v2/cremad_preprocessed/audio/1033_WSI_HAP_XX.wav,1033_WSI_HAP_XX.wav,1033,train,1,happy,1,happy,0.9650071263313293
/Users/prarthanapatel/Desktop/Himanshi/speech_emotion_detection-develop-v2/cremad_preprocessed/audio/1033_WSI_NEU_XX.wav,1033_WSI_NEU_XX.wav,1033,train,0,neutral,0,neutral,0.9800434112548828
/Users/prarthanapatel/Desktop/Himanshi/speech_emotion_detection-develop-v2/cremad_preprocessed/audio/1033_WSI_SAD_XX.wav,1033_WSI_SAD_XX.wav,1033,train,2,sad,2,sad,0.8731914758682251
/Users/prarthanapatel/Desktop/Himanshi/speech_emotion_detection-develop-v2/cremad_preprocessed/audio/1034_DFA_ANG_XX.wav,1034_DFA_ANG_XX.wav,1034,train,3,angry,3,angry,0.991152822971344
/Users/prarthanapatel/Desktop/Himanshi/speech_emotion_detection-develop-v2/cremad_preprocessed/audio/1034_DFA_DIS_XX.wav,1034_DFA_DIS_XX.wav,1034,train,5,disgust,5,disgust,0.9211570620536804
/Users/prarthanapatel/Desktop/Himanshi/speech_emotion_detection-develop-v2/cremad_preprocessed/audio/1034_DFA_FEA_XX.wav,1034_DFA_FEA_XX.wav,1034,train,4,fearful,4,fearful,0.9620063900947571
/Users/prarthanapatel/Desktop/Himanshi/speech_emotion_detection-develop-v2/cremad_preprocessed/audio/1034_DFA_HAP_XX.wav,1034_DFA_HAP_XX.wav,1034,train,1,happy,1,happy,0.9782078862190247
/Users/prarthanapatel/Desktop/Himanshi/speech_emotion_detection-develop-v2/cremad_preprocessed/audio/1034_DFA_NEU_XX.wav,1034_DFA_NEU_XX.wav,1034,train,0,neutral,2,sad,0.7668191194534302
/Users/prarthanapatel/Desktop/Himanshi/speech_emotion_detection-develop-v2/cremad_preprocessed/audio/1034_DFA_SAD_XX.wav,1034_DFA_SAD_XX.wav,1034,train,2,sad,2,sad,0.9045613408088684
/Users/prarthanapatel/Desktop/Himanshi/speech_emotion_detection-develop-v2/cremad_preprocessed/audio/1034_IEO_ANG_HI.wav,1034_IEO_ANG_HI.wav,1034,train,3,angry,3,angry,0.9929146766662598
/Users/prarthanapatel/Desktop/Himanshi/speech_emotion_detection-develop-v2/cremad_preprocessed/audio/1034_IEO_ANG_LO.wav,1034_IEO_ANG_LO.wav,1034,train,3,angry,4,fearful,0.7201335430145264
/Users/prarthanapatel/Desktop/Himanshi/speech_emotion_detection-develop-v2/cremad_preprocessed/audio/1034_IEO_ANG_MD.wav,1034_IEO_ANG_MD.wav,1034,train,3,angry,3,angry,0.9781960248947144
/Users/prarthanapatel/Desktop/Himanshi/speech_emotion_detection-develop-v2/cremad_preprocessed/audio/1034_IEO_DIS_HI.wav,1034_IEO_DIS_HI.wav,1034,train,5,disgust,3,angry,0.5769392848014832
/Users/prarthanapatel/Desktop/Himanshi/speech_emotion_detection-develop-v2/cremad_preprocessed/audio/1034_IEO_DIS_LO.wav,1034_IEO_DIS_LO.wav,1034,train,5,disgust,2,sad,0.4767187833786011
/Users/prarthanapatel/Desktop/Himanshi/speech_emotion_detection-develop-v2/cremad_preprocessed/audio/1034_IEO_DIS_MD.wav,1034_IEO_DIS_MD.wav,1034,train,5,disgust,5,disgust,0.9039150476455688
/Users/prarthanapatel/Desktop/Himanshi/speech_emotion_detection-develop-v2/cremad_preprocessed/audio/1034_IEO_FEA_HI.wav,1034_IEO_FEA_HI.wav,1034,train,4,fearful,3,angry,0.6962886452674866
/Users/prarthanapatel/Desktop/Himanshi/speech_emotion_detection-develop-v2/cremad_preprocessed/audio/1034_IEO_FEA_LO.wav,1034_IEO_FEA_LO.wav,1034,train,4,fearful,1,happy,0.9081774353981018
/Users/prarthanapatel/Desktop/Himanshi/speech_emotion_detection-develop-v2/cremad_preprocessed/audio/1034_IEO_FEA_MD.wav,1034_IEO_FEA_MD.wav,1034,train,4,fearful,1,happy,0.5440114140510559
/Users/prarthanapatel/Desktop/Himanshi/speech_emotion_detection-develop-v2/cremad_preprocessed/audio/1034_IEO_HAP_HI.wav,1034_IEO_HAP_HI.wav,1034,train,1,happy,1,happy,0.6902992129325867
/Users/prarthanapatel/Desktop/Himanshi/speech_emotion_detection-develop-v2/cremad_preprocessed/audio/1034_IEO_HAP_LO.wav,1034_IEO_HAP_LO.wav,1034,train,1,happy,5,disgust,0.5869989395141602
/Users/prarthanapatel/Desktop/Himanshi/speech_emotion_detection-develop-v2/cremad_preprocessed/audio/1034_IEO_HAP_MD.wav,1034_IEO_HAP_MD.wav,1034,train,1,happy,1,happy,0.9754384756088257
/Users/prarthanapatel/Desktop/Himanshi/speech_emotion_detection-develop-v2/cremad_preprocessed/audio/1034_IEO_NEU_XX.wav,1034_IEO_NEU_XX.wav,1034,train,0,neutral,2,sad,0.2925451993942261
/Users/prarthanapatel/Desktop/Himanshi/speech_emotion_detection-develop-v2/cremad_preprocessed/audio/1034_IEO_SAD_HI.wav,1034_IEO_SAD_HI.wav,1034,train,2,sad,5,disgust,0.9052791595458984
/Users/prarthanapatel/Desktop/Himanshi/speech_emotion_detection-develop-v2/cremad_preprocessed/audio/1034_IEO_SAD_LO.wav,1034_IEO_SAD_LO.wav,1034,train,2,sad,4,fearful,0.41795921325683594
/Users/prarthanapatel/Desktop/Himanshi/speech_emotion_detection-develop-v2/cremad_preprocessed/audio/1034_IEO_SAD_MD.wav,1034_IEO_SAD_MD.wav,1034,train,2,sad,5,disgust,0.9525746703147888
/Users/prarthanapatel/Desktop/Himanshi/speech_emotion_detection-develop-v2/cremad_preprocessed/audio/1034_IOM_ANG_XX.wav,1034_IOM_ANG_XX.wav,1034,train,3,angry,3,angry,0.9936144351959229
/Users/prarthanapatel/Desktop/Himanshi/speech_emotion_detection-develop-v2/cremad_preprocessed/audio/1034_IOM_DIS_XX.wav,1034_IOM_DIS_XX.wav,1034,train,5,disgust,5,disgust,0.7580302357673645
/Users/prarthanapatel/Desktop/Himanshi/speech_emotion_detection-develop-v2/cremad_preprocessed/audio/1034_IOM_FEA_XX.wav,1034_IOM_FEA_XX.wav,1034,train,4,fearful,4,fearful,0.6325330138206482
/Users/prarthanapatel/Desktop/Himanshi/speech_emotion_detection-develop-v2/cremad_preprocessed/audio/1034_IOM_HAP_XX.wav,1034_IOM_HAP_XX.wav,1034,train,1,happy,1,happy,0.977297306060791
/Users/prarthanapatel/Desktop/Himanshi/speech_emotion_detection-develop-v2/cremad_preprocessed/audio/1034_IOM_NEU_XX.wav,1034_IOM_NEU_XX.wav,1034,train,0,neutral,0,neutral,0.9151402115821838
/Users/prarthanapatel/Desktop/Himanshi/speech_emotion_detection-develop-v2/cremad_preprocessed/audio/1034_IOM_SAD_XX.wav,1034_IOM_SAD_XX.wav,1034,train,2,sad,2,sad,0.6911664009094238
/Users/prarthanapatel/Desktop/Himanshi/speech_emotion_detection-develop-v2/cremad_preprocessed/audio/1034_ITH_ANG_XX.wav,1034_ITH_ANG_XX.wav,1034,train,3,angry,3,angry,0.8759407997131348
/Users/prarthanapatel/Desktop/Himanshi/speech_emotion_detection-develop-v2/cremad_preprocessed/audio/1034_ITH_DIS_XX.wav,1034_ITH_DIS_XX.wav,1034,train,5,disgust,5,disgust,0.9031336903572083
/Users/prarthanapatel/Desktop/Himanshi/speech_emotion_detection-develop-v2/cremad_preprocessed/audio/1034_ITH_FEA_XX.wav,1034_ITH_FEA_XX.wav,1034,train,4,fearful,4,fearful,0.7507815957069397
/Users/prarthanapatel/Desktop/Himanshi/speech_emotion_detection-develop-v2/cremad_preprocessed/audio/1034_ITH_HAP_XX.wav,1034_ITH_HAP_XX.wav,1034,train,1,happy,1,happy,0.9730381965637207
/Users/prarthanapatel/Desktop/Himanshi/speech_emotion_detection-develop-v2/cremad_preprocessed/audio/1034_ITH_NEU_XX.wav,1034_ITH_NEU_XX.wav,1034,train,0,neutral,0,neutral,0.5752128958702087
/Users/prarthanapatel/Desktop/Himanshi/speech_emotion_detection-develop-v2/cremad_preprocessed/audio/1034_ITH_SAD_XX.wav,1034_ITH_SAD_XX.wav,1034,train,2,sad,2,sad,0.7452466487884521
/Users/prarthanapatel/Desktop/Himanshi/speech_emotion_detection-develop-v2/cremad_preprocessed/audio/1034_ITS_ANG_XX.wav,1034_ITS_ANG_XX.wav,1034,train,3,angry,3,angry,0.9380612373352051
/Users/prarthanapatel/Desktop/Himanshi/speech_emotion_detection-develop-v2/cremad_preprocessed/audio/1034_ITS_DIS_XX.wav,1034_ITS_DIS_XX.wav,1034,train,5,disgust,2,sad,0.9182335734367371
/Users/prarthanapatel/Desktop/Himanshi/speech_emotion_detection-develop-v2/cremad_preprocessed/audio/1034_ITS_FEA_XX.wav,1034_ITS_FEA_XX.wav,1034,train,4,fearful,2,sad,0.6033675074577332
/Users/prarthanapatel/Desktop/Himanshi/speech_emotion_detection-develop-v2/cremad_preprocessed/audio/1034_ITS_HAP_XX.wav,1034_ITS_HAP_XX.wav,1034,train,1,happy,1,happy,0.9770102500915527
/Users/prarthanapatel/Desktop/Himanshi/speech_emotion_detection-develop-v2/cremad_preprocessed/audio/1034_ITS_NEU_XX.wav,1034_ITS_NEU_XX.wav,1034,train,0,neutral,0,neutral,0.5310660004615784
/Users/prarthanapatel/Desktop/Himanshi/speech_emotion_detection-develop-v2/cremad_preprocessed/audio/1034_ITS_SAD_XX.wav,1034_ITS_SAD_XX.wav,1034,train,2,sad,2,sad,0.8632811307907104
/Users/prarthanapatel/Desktop/Himanshi/speech_emotion_detection-develop-v2/cremad_preprocessed/audio/1034_IWL_ANG_XX.wav,1034_IWL_ANG_XX.wav,1034,train,3,angry,3,angry,0.9783249497413635
/Users/prarthanapatel/Desktop/Himanshi/speech_emotion_detection-develop-v2/cremad_preprocessed/audio/1034_IWL_DIS_XX.wav,1034_IWL_DIS_XX.wav,1034,train,5,disgust,4,fearful,0.5185526609420776
/Users/prarthanapatel/Desktop/Himanshi/speech_emotion_detection-develop-v2/cremad_preprocessed/audio/1034_IWL_FEA_XX.wav,1034_IWL_FEA_XX.wav,1034,train,4,fearful,4,fearful,0.6524834036827087
/Users/prarthanapatel/Desktop/Himanshi/speech_emotion_detection-develop-v2/cremad_preprocessed/audio/1034_IWL_HAP_XX.wav,1034_IWL_HAP_XX.wav,1034,train,1,happy,1,happy,0.6381919980049133
/Users/prarthanapatel/Desktop/Himanshi/speech_emotion_detection-develop-v2/cremad_preprocessed/audio/1034_IWL_NEU_XX.wav,1034_IWL_NEU_XX.wav,1034,train,0,neutral,0,neutral,0.911037266254425
/Users/prarthanapatel/Desktop/Himanshi/speech_emotion_detection-develop-v2/cremad_preprocessed/audio/1034_IWL_SAD_XX.wav,1034_IWL_SAD_XX.wav,1034,train,2,sad,2,sad,0.8550859093666077
/Users/prarthanapatel/Desktop/Himanshi/speech_emotion_detection-develop-v2/cremad_preprocessed/audio/1034_IWW_ANG_XX.wav,1034_IWW_ANG_XX.wav,1034,train,3,angry,3,angry,0.9927085041999817
/Users/prarthanapatel/Desktop/Himanshi/speech_emotion_detection-develop-v2/cremad_preprocessed/audio/1034_IWW_DIS_XX.wav,1034_IWW_DIS_XX.wav,1034,train,5,disgust,2,sad,0.5703302025794983
/Users/prarthanapatel/Desktop/Himanshi/speech_emotion_detection-develop-v2/cremad_preprocessed/audio/1034_IWW_FEA_XX.wav,1034_IWW_FEA_XX.wav,1034,train,4,fearful,4,fearful,0.5010753870010376
/Users/prarthanapatel/Desktop/Himanshi/speech_emotion_detection-develop-v2/cremad_preprocessed/audio/1034_IWW_HAP_XX.wav,1034_IWW_HAP_XX.wav,1034,train,1,happy,1,happy,0.9737943410873413
/Users/prarthanapatel/Desktop/Himanshi/speech_emotion_detection-develop-v2/cremad_preprocessed/audio/1034_IWW_NEU_XX.wav,1034_IWW_NEU_XX.wav,1034,train,0,neutral,0,neutral,0.7972478866577148
/Users/prarthanapatel/Desktop/Himanshi/speech_emotion_detection-develop-v2/cremad_preprocessed/audio/1034_IWW_SAD_XX.wav,1034_IWW_SAD_XX.wav,1034,train,2,sad,2,sad,0.7311002016067505
/Users/prarthanapatel/Desktop/Himanshi/speech_emotion_detection-develop-v2/cremad_preprocessed/audio/1034_MTI_ANG_XX.wav,1034_MTI_ANG_XX.wav,1034,train,3,angry,3,angry,0.9913815855979919
/Users/prarthanapatel/Desktop/Himanshi/speech_emotion_detection-develop-v2/cremad_preprocessed/audio/1034_MTI_DIS_XX.wav,1034_MTI_DIS_XX.wav,1034,train,5,disgust,2,sad,0.8275937438011169
/Users/prarthanapatel/Desktop/Himanshi/speech_emotion_detection-develop-v2/cremad_preprocessed/audio/1034_MTI_FEA_XX.wav,1034_MTI_FEA_XX.wav,1034,train,4,fearful,0,neutral,0.7312789559364319
/Users/prarthanapatel/Desktop/Himanshi/speech_emotion_detection-develop-v2/cremad_preprocessed/audio/1034_MTI_HAP_XX.wav,1034_MTI_HAP_XX.wav,1034,train,1,happy,1,happy,0.9661961793899536
/Users/prarthanapatel/Desktop/Himanshi/speech_emotion_detection-develop-v2/cremad_preprocessed/audio/1034_MTI_NEU_XX.wav,1034_MTI_NEU_XX.wav,1034,train,0,neutral,2,sad,0.7858774065971375
/Users/prarthanapatel/Desktop/Himanshi/speech_emotion_detection-develop-v2/cremad_preprocessed/audio/1034_MTI_SAD_XX.wav,1034_MTI_SAD_XX.wav,1034,train,2,sad,2,sad,0.7567480206489563
/Users/prarthanapatel/Desktop/Himanshi/speech_emotion_detection-develop-v2/cremad_preprocessed/audio/1034_TAI_ANG_XX.wav,1034_TAI_ANG_XX.wav,1034,train,3,angry,3,angry,0.977154552936554
/Users/prarthanapatel/Desktop/Himanshi/speech_emotion_detection-develop-v2/cremad_preprocessed/audio/1034_TAI_DIS_XX.wav,1034_TAI_DIS_XX.wav,1034,train,5,disgust,5,disgust,0.6672741770744324
/Users/prarthanapatel/Desktop/Himanshi/speech_emotion_detection-develop-v2/cremad_preprocessed/audio/1034_TAI_FEA_XX.wav,1034_TAI_FEA_XX.wav,1034,train,4,fearful,4,fearful,0.9029955863952637
/Users/prarthanapatel/Desktop/Himanshi/speech_emotion_detection-develop-v2/cremad_preprocessed/audio/1034_TAI_HAP_XX.wav,1034_TAI_HAP_XX.wav,1034,train,1,happy,1,happy,0.9670389294624329
/Users/prarthanapatel/Desktop/Himanshi/speech_emotion_detection-develop-v2/cremad_preprocessed/audio/1034_TAI_NEU_XX.wav,1034_TAI_NEU_XX.wav,1034,train,0,neutral,0,neutral,0.8013530969619751
/Users/prarthanapatel/Desktop/Himanshi/speech_emotion_detection-develop-v2/cremad_preprocessed/audio/1034_TAI_SAD_XX.wav,1034_TAI_SAD_XX.wav,1034,train,2,sad,2,sad,0.6939749717712402
/Users/prarthanapatel/Desktop/Himanshi/speech_emotion_detection-develop-v2/cremad_preprocessed/audio/1034_TIE_ANG_XX.wav,1034_TIE_ANG_XX.wav,1034,train,3,angry,3,angry,0.8962156176567078
/Users/prarthanapatel/Desktop/Himanshi/speech_emotion_detection-develop-v2/cremad_preprocessed/audio/1034_TIE_DIS_XX.wav,1034_TIE_DIS_XX.wav,1034,train,5,disgust,1,happy,0.9303893446922302
/Users/prarthanapatel/Desktop/Himanshi/speech_emotion_detection-develop-v2/cremad_preprocessed/audio/1034_TIE_FEA_XX.wav,1034_TIE_FEA_XX.wav,1034,train,4,fearful,1,happy,0.8480628728866577
/Users/prarthanapatel/Desktop/Himanshi/speech_emotion_detection-develop-v2/cremad_preprocessed/audio/1034_TIE_HAP_XX.wav,1034_TIE_HAP_XX.wav,1034,train,1,happy,1,happy,0.9732276201248169
/Users/prarthanapatel/Desktop/Himanshi/speech_emotion_detection-develop-v2/cremad_preprocessed/audio/1034_TIE_NEU_XX.wav,1034_TIE_NEU_XX.wav,1034,train,0,neutral,0,neutral,0.7042298913002014
/Users/prarthanapatel/Desktop/Himanshi/speech_emotion_detection-develop-v2/cremad_preprocessed/audio/1034_TIE_SAD_XX.wav,1034_TIE_SAD_XX.wav,1034,train,2,sad,2,sad,0.7854881286621094
/Users/prarthanapatel/Desktop/Himanshi/speech_emotion_detection-develop-v2/cremad_preprocessed/audio/1034_TSI_ANG_XX.wav,1034_TSI_ANG_XX.wav,1034,train,3,angry,1,happy,0.9689335227012634
/Users/prarthanapatel/Desktop/Himanshi/speech_emotion_detection-develop-v2/cremad_preprocessed/audio/1034_TSI_DIS_XX.wav,1034_TSI_DIS_XX.wav,1034,train,5,disgust,5,disgust,0.7589370608329773
/Users/prarthanapatel/Desktop/Himanshi/speech_emotion_detection-develop-v2/cremad_preprocessed/audio/1034_TSI_FEA_XX.wav,1034_TSI_FEA_XX.wav,1034,train,4,fearful,4,fearful,0.8689934015274048
/Users/prarthanapatel/Desktop/Himanshi/speech_emotion_detection-develop-v2/cremad_preprocessed/audio/1034_TSI_HAP_XX.wav,1034_TSI_HAP_XX.wav,1034,train,1,happy,1,happy,0.9714610576629639
/Users/prarthanapatel/Desktop/Himanshi/speech_emotion_detection-develop-v2/cremad_preprocessed/audio/1034_TSI_NEU_XX.wav,1034_TSI_NEU_XX.wav,1034,train,0,neutral,0,neutral,0.7953658103942871
/Users/prarthanapatel/Desktop/Himanshi/speech_emotion_detection-develop-v2/cremad_preprocessed/audio/1034_TSI_SAD_XX.wav,1034_TSI_SAD_XX.wav,1034,train,2,sad,4,fearful,0.6336861252784729
/Users/prarthanapatel/Desktop/Himanshi/speech_emotion_detection-develop-v2/cremad_preprocessed/audio/1034_WSI_ANG_XX.wav,1034_WSI_ANG_XX.wav,1034,train,3,angry,5,disgust,0.8433799743652344
/Users/prarthanapatel/Desktop/Himanshi/speech_emotion_detection-develop-v2/cremad_preprocessed/audio/1034_WSI_DIS_XX.wav,1034_WSI_DIS_XX.wav,1034,train,5,disgust,2,sad,0.5861526131629944
/Users/prarthanapatel/Desktop/Himanshi/speech_emotion_detection-develop-v2/cremad_preprocessed/audio/1034_WSI_FEA_XX.wav,1034_WSI_FEA_XX.wav,1034,train,4,fearful,4,fearful,0.5364347696304321
/Users/prarthanapatel/Desktop/Himanshi/speech_emotion_detection-develop-v2/cremad_preprocessed/audio/1034_WSI_HAP_XX.wav,1034_WSI_HAP_XX.wav,1034,train,1,happy,1,happy,0.9579927325248718
/Users/prarthanapatel/Desktop/Himanshi/speech_emotion_detection-develop-v2/cremad_preprocessed/audio/1034_WSI_NEU_XX.wav,1034_WSI_NEU_XX.wav,1034,train,0,neutral,0,neutral,0.9181807637214661
/Users/prarthanapatel/Desktop/Himanshi/speech_emotion_detection-develop-v2/cremad_preprocessed/audio/1034_WSI_SAD_XX.wav,1034_WSI_SAD_XX.wav,1034,train,2,sad,2,sad,0.8356344103813171
/Users/prarthanapatel/Desktop/Himanshi/speech_emotion_detection-develop-v2/cremad_preprocessed/audio/1038_DFA_ANG_XX.wav,1038_DFA_ANG_XX.wav,1038,train,3,angry,3,angry,0.9947984218597412
/Users/prarthanapatel/Desktop/Himanshi/speech_emotion_detection-develop-v2/cremad_preprocessed/audio/1038_DFA_DIS_XX.wav,1038_DFA_DIS_XX.wav,1038,train,5,disgust,5,disgust,0.971088171005249
/Users/prarthanapatel/Desktop/Himanshi/speech_emotion_detection-develop-v2/cremad_preprocessed/audio/1038_DFA_FEA_XX.wav,1038_DFA_FEA_XX.wav,1038,train,4,fearful,4,fearful,0.9667662978172302
/Users/prarthanapatel/Desktop/Himanshi/speech_emotion_detection-develop-v2/cremad_preprocessed/audio/1038_DFA_HAP_XX.wav,1038_DFA_HAP_XX.wav,1038,train,1,happy,3,angry,0.744096577167511
/Users/prarthanapatel/Desktop/Himanshi/speech_emotion_detection-develop-v2/cremad_preprocessed/audio/1038_DFA_NEU_XX.wav,1038_DFA_NEU_XX.wav,1038,train,0,neutral,0,neutral,0.9406944513320923
/Users/prarthanapatel/Desktop/Himanshi/speech_emotion_detection-develop-v2/cremad_preprocessed/audio/1038_DFA_SAD_XX.wav,1038_DFA_SAD_XX.wav,1038,train,2,sad,2,sad,0.802667498588562
/Users/prarthanapatel/Desktop/Himanshi/speech_emotion_detection-develop-v2/cremad_preprocessed/audio/1038_IEO_ANG_HI.wav,1038_IEO_ANG_HI.wav,1038,train,3,angry,3,angry,0.9942662119865417
/Users/prarthanapatel/Desktop/Himanshi/speech_emotion_detection-develop-v2/cremad_preprocessed/audio/1038_IEO_ANG_LO.wav,1038_IEO_ANG_LO.wav,1038,train,3,angry,3,angry,0.9930942058563232
/Users/prarthanapatel/Desktop/Himanshi/speech_emotion_detection-develop-v2/cremad_preprocessed/audio/1038_IEO_ANG_MD.wav,1038_IEO_ANG_MD.wav,1038,train,3,angry,3,angry,0.9943132400512695
/Users/prarthanapatel/Desktop/Himanshi/speech_emotion_detection-develop-v2/cremad_preprocessed/audio/1038_IEO_DIS_HI.wav,1038_IEO_DIS_HI.wav,1038,train,5,disgust,5,disgust,0.9631133079528809
/Users/prarthanapatel/Desktop/Himanshi/speech_emotion_detection-develop-v2/cremad_preprocessed/audio/1038_IEO_DIS_LO.wav,1038_IEO_DIS_LO.wav,1038,train,5,disgust,5,disgust,0.9141857624053955
/Users/prarthanapatel/Desktop/Himanshi/speech_emotion_detection-develop-v2/cremad_preprocessed/audio/1038_IEO_DIS_MD.wav,1038_IEO_DIS_MD.wav,1038,train,5,disgust,5,disgust,0.956587553024292
/Users/prarthanapatel/Desktop/Himanshi/speech_emotion_detection-develop-v2/cremad_preprocessed/audio/1038_IEO_FEA_HI.wav,1038_IEO_FEA_HI.wav,1038,train,4,fearful,4,fearful,0.7957665324211121
/Users/prarthanapatel/Desktop/Himanshi/speech_emotion_detection-develop-v2/cremad_preprocessed/audio/1038_IEO_FEA_LO.wav,1038_IEO_FEA_LO.wav,1038,train,4,fearful,2,sad,0.6378917098045349
/Users/prarthanapatel/Desktop/Himanshi/speech_emotion_detection-develop-v2/cremad_preprocessed/audio/1038_IEO_FEA_MD.wav,1038_IEO_FEA_MD.wav,1038,train,4,fearful,4,fearful,0.9280645847320557
/Users/prarthanapatel/Desktop/Himanshi/speech_emotion_detection-develop-v2/cremad_preprocessed/audio/1038_IEO_HAP_HI.wav,1038_IEO_HAP_HI.wav,1038,train,1,happy,3,angry,0.7193098068237305
/Users/prarthanapatel/Desktop/Himanshi/speech_emotion_detection-develop-v2/cremad_preprocessed/audio/1038_IEO_HAP_LO.wav,1038_IEO_HAP_LO.wav,1038,train,1,happy,1,happy,0.9585209488868713
/Users/prarthanapatel/Desktop/Himanshi/speech_emotion_detection-develop-v2/cremad_preprocessed/audio/1038_IEO_HAP_MD.wav,1038_IEO_HAP_MD.wav,1038,train,1,happy,1,happy,0.9052388072013855
/Users/prarthanapatel/Desktop/Himanshi/speech_emotion_detection-develop-v2/cremad_preprocessed/audio/1038_IEO_NEU_XX.wav,1038_IEO_NEU_XX.wav,1038,train,0,neutral,1,happy,0.7823289036750793
/Users/prarthanapatel/Desktop/Himanshi/speech_emotion_detection-develop-v2/cremad_preprocessed/audio/1038_IEO_SAD_HI.wav,1038_IEO_SAD_HI.wav,1038,train,2,sad,2,sad,0.8516327142715454
/Users/prarthanapatel/Desktop/Himanshi/speech_emotion_detection-develop-v2/cremad_preprocessed/audio/1038_IEO_SAD_LO.wav,1038_IEO_SAD_LO.wav,1038,train,2,sad,2,sad,0.6735120415687561
/Users/prarthanapatel/Desktop/Himanshi/speech_emotion_detection-develop-v2/cremad_preprocessed/audio/1038_IEO_SAD_MD.wav,1038_IEO_SAD_MD.wav,1038,train,2,sad,2,sad,0.9387758374214172
/Users/prarthanapatel/Desktop/Himanshi/speech_emotion_detection-develop-v2/cremad_preprocessed/audio/1038_IOM_ANG_XX.wav,1038_IOM_ANG_XX.wav,1038,train,3,angry,3,angry,0.9944215416908264
/Users/prarthanapatel/Desktop/Himanshi/speech_emotion_detection-develop-v2/cremad_preprocessed/audio/1038_IOM_DIS_XX.wav,1038_IOM_DIS_XX.wav,1038,train,5,disgust,5,disgust,0.8395792841911316
/Users/prarthanapatel/Desktop/Himanshi/speech_emotion_detection-develop-v2/cremad_preprocessed/audio/1038_IOM_FEA_XX.wav,1038_IOM_FEA_XX.wav,1038,train,4,fearful,1,happy,0.7810601592063904
/Users/prarthanapatel/Desktop/Himanshi/speech_emotion_detection-develop-v2/cremad_preprocessed/audio/1038_IOM_HAP_XX.wav,1038_IOM_HAP_XX.wav,1038,train,1,happy,1,happy,0.9779304265975952
/Users/prarthanapatel/Desktop/Himanshi/speech_emotion_detection-develop-v2/cremad_preprocessed/audio/1038_IOM_NEU_XX.wav,1038_IOM_NEU_XX.wav,1038,train,0,neutral,0,neutral,0.9798636436462402
/Users/prarthanapatel/Desktop/Himanshi/speech_emotion_detection-develop-v2/cremad_preprocessed/audio/1038_IOM_SAD_XX.wav,1038_IOM_SAD_XX.wav,1038,train,2,sad,2,sad,0.8155457377433777
/Users/prarthanapatel/Desktop/Himanshi/speech_emotion_detection-develop-v2/cremad_preprocessed/audio/1038_ITH_ANG_XX.wav,1038_ITH_ANG_XX.wav,1038,train,3,angry,3,angry,0.9946600794792175
/Users/prarthanapatel/Desktop/Himanshi/speech_emotion_detection-develop-v2/cremad_preprocessed/audio/1038_ITH_DIS_XX.wav,1038_ITH_DIS_XX.wav,1038,train,5,disgust,5,disgust,0.9638122916221619
/Users/prarthanapatel/Desktop/Himanshi/speech_emotion_detection-develop-v2/cremad_preprocessed/audio/1038_ITH_FEA_XX.wav,1038_ITH_FEA_XX.wav,1038,train,4,fearful,4,fearful,0.9371242523193359
/Users/prarthanapatel/Desktop/Himanshi/speech_emotion_detection-develop-v2/cremad_preprocessed/audio/1038_ITH_HAP_XX.wav,1038_ITH_HAP_XX.wav,1038,train,1,happy,1,happy,0.9783855080604553
/Users/prarthanapatel/Desktop/Himanshi/speech_emotion_detection-develop-v2/cremad_preprocessed/audio/1038_ITH_NEU_XX.wav,1038_ITH_NEU_XX.wav,1038,train,0,neutral,0,neutral,0.9269177913665771
/Users/prarthanapatel/Desktop/Himanshi/speech_emotion_detection-develop-v2/cremad_preprocessed/audio/1038_ITH_SAD_XX.wav,1038_ITH_SAD_XX.wav,1038,train,2,sad,4,fearful,0.5815113186836243
/Users/prarthanapatel/Desktop/Himanshi/speech_emotion_detection-develop-v2/cremad_preprocessed/audio/1038_ITS_ANG_XX.wav,1038_ITS_ANG_XX.wav,1038,train,3,angry,3,angry,0.9944684505462646
/Users/prarthanapatel/Desktop/Himanshi/speech_emotion_detection-develop-v2/cremad_preprocessed/audio/1038_ITS_DIS_XX.wav,1038_ITS_DIS_XX.wav,1038,train,5,disgust,3,angry,0.4946901202201843
/Users/prarthanapatel/Desktop/Himanshi/speech_emotion_detection-develop-v2/cremad_preprocessed/audio/1038_ITS_FEA_XX.wav,1038_ITS_FEA_XX.wav,1038,train,4,fearful,4,fearful,0.6375856995582581
/Users/prarthanapatel/Desktop/Himanshi/speech_emotion_detection-develop-v2/cremad_preprocessed/audio/1038_ITS_HAP_XX.wav,1038_ITS_HAP_XX.wav,1038,train,1,happy,1,happy,0.9640226364135742
/Users/prarthanapatel/Desktop/Himanshi/speech_emotion_detection-develop-v2/cremad_preprocessed/audio/1038_ITS_NEU_XX.wav,1038_ITS_NEU_XX.wav,1038,train,0,neutral,0,neutral,0.640523374080658
/Users/prarthanapatel/Desktop/Himanshi/speech_emotion_detection-develop-v2/cremad_preprocessed/audio/1038_ITS_SAD_XX.wav,1038_ITS_SAD_XX.wav,1038,train,2,sad,4,fearful,0.8456725478172302
/Users/prarthanapatel/Desktop/Himanshi/speech_emotion_detection-develop-v2/cremad_preprocessed/audio/1038_IWL_ANG_XX.wav,1038_IWL_ANG_XX.wav,1038,train,3,angry,3,angry,0.9944672584533691
/Users/prarthanapatel/Desktop/Himanshi/speech_emotion_detection-develop-v2/cremad_preprocessed/audio/1038_IWL_DIS_XX.wav,1038_IWL_DIS_XX.wav,1038,train,5,disgust,5,disgust,0.9625793695449829
/Users/prarthanapatel/Desktop/Himanshi/speech_emotion_detection-develop-v2/cremad_preprocessed/audio/1038_IWL_FEA_XX.wav,1038_IWL_FEA_XX.wav,1038,train,4,fearful,4,fearful,0.8787477016448975
/Users/prarthanapatel/Desktop/Himanshi/speech_emotion_detection-develop-v2/cremad_preprocessed/audio/1038_IWL_HAP_XX.wav,1038_IWL_HAP_XX.wav,1038,train,1,happy,1,happy,0.9754471182823181
/Users/prarthanapatel/Desktop/Himanshi/speech_emotion_detection-develop-v2/cremad_preprocessed/audio/1038_IWL_NEU_XX.wav,1038_IWL_NEU_XX.wav,1038,train,0,neutral,1,happy,0.6457828283309937
/Users/prarthanapatel/Desktop/Himanshi/speech_emotion_detection-develop-v2/cremad_preprocessed/audio/1038_IWL_SAD_XX.wav,1038_IWL_SAD_XX.wav,1038,train,2,sad,2,sad,0.7173659801483154
/Users/prarthanapatel/Desktop/Himanshi/speech_emotion_detection-develop-v2/cremad_preprocessed/audio/1038_IWW_ANG_XX.wav,1038_IWW_ANG_XX.wav,1038,train,3,angry,3,angry,0.9947519898414612
/Users/prarthanapatel/Desktop/Himanshi/speech_emotion_detection-develop-v2/cremad_preprocessed/audio/1038_IWW_DIS_XX.wav,1038_IWW_DIS_XX.wav,1038,train,5,disgust,5,disgust,0.9597460031509399
/Users/prarthanapatel/Desktop/Himanshi/speech_emotion_detection-develop-v2/cremad_preprocessed/audio/1038_IWW_FEA_XX.wav,1038_IWW_FEA_XX.wav,1038,train,4,fearful,4,fearful,0.9574503302574158
/Users/prarthanapatel/Desktop/Himanshi/speech_emotion_detection-develop-v2/cremad_preprocessed/audio/1038_IWW_HAP_XX.wav,1038_IWW_HAP_XX.wav,1038,train,1,happy,1,happy,0.9004374742507935
/Users/prarthanapatel/Desktop/Himanshi/speech_emotion_detection-develop-v2/cremad_preprocessed/audio/1038_IWW_NEU_XX.wav,1038_IWW_NEU_XX.wav,1038,train,0,neutral,0,neutral,0.984428882598877
/Users/prarthanapatel/Desktop/Himanshi/speech_emotion_detection-develop-v2/cremad_preprocessed/audio/1038_IWW_SAD_XX.wav,1038_IWW_SAD_XX.wav,1038,train,2,sad,2,sad,0.7367182374000549
/Users/prarthanapatel/Desktop/Himanshi/speech_emotion_detection-develop-v2/cremad_preprocessed/audio/1038_MTI_ANG_XX.wav,1038_MTI_ANG_XX.wav,1038,train,3,angry,3,angry,0.9942886829376221
/Users/prarthanapatel/Desktop/Himanshi/speech_emotion_detection-develop-v2/cremad_preprocessed/audio/1038_MTI_DIS_XX.wav,1038_MTI_DIS_XX.wav,1038,train,5,disgust,5,disgust,0.7992312908172607
/Users/prarthanapatel/Desktop/Himanshi/speech_emotion_detection-develop-v2/cremad_preprocessed/audio/1038_MTI_FEA_XX.wav,1038_MTI_FEA_XX.wav,1038,train,4,fearful,4,fearful,0.9232538938522339
/Users/prarthanapatel/Desktop/Himanshi/speech_emotion_detection-develop-v2/cremad_preprocessed/audio/1038_MTI_HAP_XX.wav,1038_MTI_HAP_XX.wav,1038,train,1,happy,1,happy,0.9537402391433716
/Users/prarthanapatel/Desktop/Himanshi/speech_emotion_detection-develop-v2/cremad_preprocessed/audio/1038_MTI_NEU_XX.wav,1038_MTI_NEU_XX.wav,1038,train,0,neutral,0,neutral,0.9476872086524963
/Users/prarthanapatel/Desktop/Himanshi/speech_emotion_detection-develop-v2/cremad_preprocessed/audio/1038_MTI_SAD_XX.wav,1038_MTI_SAD_XX.wav,1038,train,2,sad,4,fearful,0.5030961632728577
/Users/prarthanapatel/Desktop/Himanshi/speech_emotion_detection-develop-v2/cremad_preprocessed/audio/1038_TAI_ANG_XX.wav,1038_TAI_ANG_XX.wav,1038,train,3,angry,3,angry,0.9939392805099487
/Users/prarthanapatel/Desktop/Himanshi/speech_emotion_detection-develop-v2/cremad_preprocessed/audio/1038_TAI_DIS_XX.wav,1038_TAI_DIS_XX.wav,1038,train,5,disgust,3,angry,0.8103597164154053
/Users/prarthanapatel/Desktop/Himanshi/speech_emotion_detection-develop-v2/cremad_preprocessed/audio/1038_TAI_FEA_XX.wav,1038_TAI_FEA_XX.wav,1038,train,4,fearful,4,fearful,0.9445476531982422
/Users/prarthanapatel/Desktop/Himanshi/speech_emotion_detection-develop-v2/cremad_preprocessed/audio/1038_TAI_HAP_XX.wav,1038_TAI_HAP_XX.wav,1038,train,1,happy,3,angry,0.9869853854179382
/Users/prarthanapatel/Desktop/Himanshi/speech_emotion_detection-develop-v2/cremad_preprocessed/audio/1038_TAI_NEU_XX.wav,1038_TAI_NEU_XX.wav,1038,train,0,neutral,0,neutral,0.9861205220222473
/Users/prarthanapatel/Desktop/Himanshi/speech_emotion_detection-develop-v2/cremad_preprocessed/audio/1038_TAI_SAD_XX.wav,1038_TAI_SAD_XX.wav,1038,train,2,sad,4,fearful,0.6615443825721741
/Users/prarthanapatel/Desktop/Himanshi/speech_emotion_detection-develop-v2/cremad_preprocessed/audio/1038_TIE_ANG_XX.wav,1038_TIE_ANG_XX.wav,1038,train,3,angry,3,angry,0.9926571249961853
/Users/prarthanapatel/Desktop/Himanshi/speech_emotion_detection-develop-v2/cremad_preprocessed/audio/1038_TIE_DIS_XX.wav,1038_TIE_DIS_XX.wav,1038,train,5,disgust,5,disgust,0.9573378562927246
/Users/prarthanapatel/Desktop/Himanshi/speech_emotion_detection-develop-v2/cremad_preprocessed/audio/1038_TIE_FEA_XX.wav,1038_TIE_FEA_XX.wav,1038,train,4,fearful,4,fearful,0.6558445692062378
/Users/prarthanapatel/Desktop/Himanshi/speech_emotion_detection-develop-v2/cremad_preprocessed/audio/1038_TIE_HAP_XX.wav,1038_TIE_HAP_XX.wav,1038,train,1,happy,1,happy,0.9763827323913574
/Users/prarthanapatel/Desktop/Himanshi/speech_emotion_detection-develop-v2/cremad_preprocessed/audio/1038_TIE_NEU_XX.wav,1038_TIE_NEU_XX.wav,1038,train,0,neutral,0,neutral,0.8532626032829285
/Users/prarthanapatel/Desktop/Himanshi/speech_emotion_detection-develop-v2/cremad_preprocessed/audio/1038_TIE_SAD_XX.wav,1038_TIE_SAD_XX.wav,1038,train,2,sad,2,sad,0.8115860819816589
/Users/prarthanapatel/Desktop/Himanshi/speech_emotion_detection-develop-v2/cremad_preprocessed/audio/1038_TSI_ANG_XX.wav,1038_TSI_ANG_XX.wav,1038,train,3,angry,3,angry,0.9940893650054932
/Users/prarthanapatel/Desktop/Himanshi/speech_emotion_detection-develop-v2/cremad_preprocessed/audio/1038_TSI_DIS_XX.wav,1038_TSI_DIS_XX.wav,1038,train,5,disgust,3,angry,0.9426208138465881
/Users/prarthanapatel/Desktop/Himanshi/speech_emotion_detection-develop-v2/cremad_preprocessed/audio/1038_TSI_FEA_XX.wav,1038_TSI_FEA_XX.wav,1038,train,4,fearful,4,fearful,0.962192714214325
/Users/prarthanapatel/Desktop/Himanshi/speech_emotion_detection-develop-v2/cremad_preprocessed/audio/1038_TSI_HAP_XX.wav,1038_TSI_HAP_XX.wav,1038,train,1,happy,1,happy,0.97984778881073
/Users/prarthanapatel/Desktop/Himanshi/speech_emotion_detection-develop-v2/cremad_preprocessed/audio/1038_TSI_NEU_XX.wav,1038_TSI_NEU_XX.wav,1038,train,0,neutral,0,neutral,0.974643349647522
/Users/prarthanapatel/Desktop/Himanshi/speech_emotion_detection-develop-v2/cremad_preprocessed/audio/1038_TSI_SAD_XX.wav,1038_TSI_SAD_XX.wav,1038,train,2,sad,2,sad,0.8281506299972534
/Users/prarthanapatel/Desktop/Himanshi/speech_emotion_detection-develop-v2/cremad_preprocessed/audio/1038_WSI_ANG_XX.wav,1038_WSI_ANG_XX.wav,1038,train,3,angry,3,angry,0.9940065145492554
/Users/prarthanapatel/Desktop/Himanshi/speech_emotion_detection-develop-v2/cremad_preprocessed/audio/1038_WSI_DIS_XX.wav,1038_WSI_DIS_XX.wav,1038,train,5,disgust,5,disgust,0.9688532948493958
/Users/prarthanapatel/Desktop/Himanshi/speech_emotion_detection-develop-v2/cremad_preprocessed/audio/1038_WSI_FEA_XX.wav,1038_WSI_FEA_XX.wav,1038,train,4,fearful,4,fearful,0.9659821391105652
/Users/prarthanapatel/Desktop/Himanshi/speech_emotion_detection-develop-v2/cremad_preprocessed/audio/1038_WSI_HAP_XX.wav,1038_WSI_HAP_XX.wav,1038,train,1,happy,1,happy,0.9790779948234558
/Users/prarthanapatel/Desktop/Himanshi/speech_emotion_detection-develop-v2/cremad_preprocessed/audio/1038_WSI_NEU_XX.wav,1038_WSI_NEU_XX.wav,1038,train,0,neutral,0,neutral,0.7313500046730042
/Users/prarthanapatel/Desktop/Himanshi/speech_emotion_detection-develop-v2/cremad_preprocessed/audio/1038_WSI_SAD_XX.wav,1038_WSI_SAD_XX.wav,1038,train,2,sad,2,sad,0.8904693722724915
/Users/prarthanapatel/Desktop/Himanshi/speech_emotion_detection-develop-v2/cremad_preprocessed/audio/1039_DFA_ANG_XX.wav,1039_DFA_ANG_XX.wav,1039,train,3,angry,3,angry,0.9944339394569397
/Users/prarthanapatel/Desktop/Himanshi/speech_emotion_detection-develop-v2/cremad_preprocessed/audio/1039_DFA_DIS_XX.wav,1039_DFA_DIS_XX.wav,1039,train,5,disgust,5,disgust,0.923659086227417
/Users/prarthanapatel/Desktop/Himanshi/speech_emotion_detection-develop-v2/cremad_preprocessed/audio/1039_DFA_FEA_XX.wav,1039_DFA_FEA_XX.wav,1039,train,4,fearful,4,fearful,0.8872389197349548
/Users/prarthanapatel/Desktop/Himanshi/speech_emotion_detection-develop-v2/cremad_preprocessed/audio/1039_DFA_HAP_XX.wav,1039_DFA_HAP_XX.wav,1039,train,1,happy,3,angry,0.5368794798851013
/Users/prarthanapatel/Desktop/Himanshi/speech_emotion_detection-develop-v2/cremad_preprocessed/audio/1039_DFA_NEU_XX.wav,1039_DFA_NEU_XX.wav,1039,train,0,neutral,0,neutral,0.9600374102592468
/Users/prarthanapatel/Desktop/Himanshi/speech_emotion_detection-develop-v2/cremad_preprocessed/audio/1039_DFA_SAD_XX.wav,1039_DFA_SAD_XX.wav,1039,train,2,sad,2,sad,0.9336985349655151
/Users/prarthanapatel/Desktop/Himanshi/speech_emotion_detection-develop-v2/cremad_preprocessed/audio/1039_IEO_ANG_HI.wav,1039_IEO_ANG_HI.wav,1039,train,3,angry,3,angry,0.9935522079467773
/Users/prarthanapatel/Desktop/Himanshi/speech_emotion_detection-develop-v2/cremad_preprocessed/audio/1039_IEO_ANG_LO.wav,1039_IEO_ANG_LO.wav,1039,train,3,angry,0,neutral,0.4484904706478119
/Users/prarthanapatel/Desktop/Himanshi/speech_emotion_detection-develop-v2/cremad_preprocessed/audio/1039_IEO_ANG_MD.wav,1039_IEO_ANG_MD.wav,1039,train,3,angry,3,angry,0.9081680774688721
/Users/prarthanapatel/Desktop/Himanshi/speech_emotion_detection-develop-v2/cremad_preprocessed/audio/1039_IEO_DIS_HI.wav,1039_IEO_DIS_HI.wav,1039,train,5,disgust,3,angry,0.9882974028587341
/Users/prarthanapatel/Desktop/Himanshi/speech_emotion_detection-develop-v2/cremad_preprocessed/audio/1039_IEO_DIS_LO.wav,1039_IEO_DIS_LO.wav,1039,train,5,disgust,2,sad,0.7691935300827026
/Users/prarthanapatel/Desktop/Himanshi/speech_emotion_detection-develop-v2/cremad_preprocessed/audio/1039_IEO_DIS_MD.wav,1039_IEO_DIS_MD.wav,1039,train,5,disgust,2,sad,0.5400589108467102
/Users/prarthanapatel/Desktop/Himanshi/speech_emotion_detection-develop-v2/cremad_preprocessed/audio/1039_IEO_FEA_HI.wav,1039_IEO_FEA_HI.wav,1039,train,4,fearful,4,fearful,0.9376236796379089
/Users/prarthanapatel/Desktop/Himanshi/speech_emotion_detection-develop-v2/cremad_preprocessed/audio/1039_IEO_FEA_LO.wav,1039_IEO_FEA_LO.wav,1039,train,4,fearful,4,fearful,0.9181193709373474
/Users/prarthanapatel/Desktop/Himanshi/speech_emotion_detection-develop-v2/cremad_preprocessed/audio/1039_IEO_FEA_MD.wav,1039_IEO_FEA_MD.wav,1039,train,4,fearful,4,fearful,0.9581626057624817
/Users/prarthanapatel/Desktop/Himanshi/speech_emotion_detection-develop-v2/cremad_preprocessed/audio/1039_IEO_HAP_HI.wav,1039_IEO_HAP_HI.wav,1039,train,1,happy,1,happy,0.6697835922241211
/Users/prarthanapatel/Desktop/Himanshi/speech_emotion_detection-develop-v2/cremad_preprocessed/audio/1039_IEO_HAP_LO.wav,1039_IEO_HAP_LO.wav,1039,train,1,happy,1,happy,0.9601011276245117
/Users/prarthanapatel/Desktop/Himanshi/speech_emotion_detection-develop-v2/cremad_preprocessed/audio/1039_IEO_HAP_MD.wav,1039_IEO_HAP_MD.wav,1039,train,1,happy,1,happy,0.9414476156234741
/Users/prarthanapatel/Desktop/Himanshi/speech_emotion_detection-develop-v2/cremad_preprocessed/audio/1039_IEO_NEU_XX.wav,1039_IEO_NEU_XX.wav,1039,train,0,neutral,0,neutral,0.6297449469566345
/Users/prarthanapatel/Desktop/Himanshi/speech_emotion_detection-develop-v2/cremad_preprocessed/audio/1039_IEO_SAD_HI.wav,1039_IEO_SAD_HI.wav,1039,train,2,sad,4,fearful,0.6366733312606812
/Users/prarthanapatel/Desktop/Himanshi/speech_emotion_detection-develop-v2/cremad_preprocessed/audio/1039_IEO_SAD_LO.wav,1039_IEO_SAD_LO.wav,1039,train,2,sad,2,sad,0.6904970407485962
/Users/prarthanapatel/Desktop/Himanshi/speech_emotion_detection-develop-v2/cremad_preprocessed/audio/1039_IEO_SAD_MD.wav,1039_IEO_SAD_MD.wav,1039,train,2,sad,4,fearful,0.6659208536148071
/Users/prarthanapatel/Desktop/Himanshi/speech_emotion_detection-develop-v2/cremad_preprocessed/audio/1039_IOM_ANG_XX.wav,1039_IOM_ANG_XX.wav,1039,train,3,angry,3,angry,0.993232011795044
/Users/prarthanapatel/Desktop/Himanshi/speech_emotion_detection-develop-v2/cremad_preprocessed/audio/1039_IOM_DIS_XX.wav,1039_IOM_DIS_XX.wav,1039,train,5,disgust,2,sad,0.7136794924736023
/Users/prarthanapatel/Desktop/Himanshi/speech_emotion_detection-develop-v2/cremad_preprocessed/audio/1039_IOM_FEA_XX.wav,1039_IOM_FEA_XX.wav,1039,train,4,fearful,4,fearful,0.9512054920196533
/Users/prarthanapatel/Desktop/Himanshi/speech_emotion_detection-develop-v2/cremad_preprocessed/audio/1039_IOM_HAP_XX.wav,1039_IOM_HAP_XX.wav,1039,train,1,happy,1,happy,0.9779722690582275
/Users/prarthanapatel/Desktop/Himanshi/speech_emotion_detection-develop-v2/cremad_preprocessed/audio/1039_IOM_NEU_XX.wav,1039_IOM_NEU_XX.wav,1039,train,0,neutral,0,neutral,0.9266977310180664
/Users/prarthanapatel/Desktop/Himanshi/speech_emotion_detection-develop-v2/cremad_preprocessed/audio/1039_IOM_SAD_XX.wav,1039_IOM_SAD_XX.wav,1039,train,2,sad,2,sad,0.5036329627037048
/Users/prarthanapatel/Desktop/Himanshi/speech_emotion_detection-develop-v2/cremad_preprocessed/audio/1039_ITH_ANG_XX.wav,1039_ITH_ANG_XX.wav,1039,train,3,angry,3,angry,0.9935505390167236
/Users/prarthanapatel/Desktop/Himanshi/speech_emotion_detection-develop-v2/cremad_preprocessed/audio/1039_ITH_DIS_XX.wav,1039_ITH_DIS_XX.wav,1039,train,5,disgust,5,disgust,0.7731555700302124
/Users/prarthanapatel/Desktop/Himanshi/speech_emotion_detection-develop-v2/cremad_preprocessed/audio/1039_ITH_FEA_XX.wav,1039_ITH_FEA_XX.wav,1039,train,4,fearful,4,fearful,0.87352454662323
/Users/prarthanapatel/Desktop/Himanshi/speech_emotion_detection-develop-v2/cremad_preprocessed/audio/1039_ITH_HAP_XX.wav,1039_ITH_HAP_XX.wav,1039,train,1,happy,1,happy,0.9333071708679199
/Users/prarthanapatel/Desktop/Himanshi/speech_emotion_detection-develop-v2/cremad_preprocessed/audio/1039_ITH_NEU_XX.wav,1039_ITH_NEU_XX.wav,1039,train,0,neutral,0,neutral,0.9711856245994568
/Users/prarthanapatel/Desktop/Himanshi/speech_emotion_detection-develop-v2/cremad_preprocessed/audio/1039_ITH_SAD_XX.wav,1039_ITH_SAD_XX.wav,1039,train,2,sad,2,sad,0.7629578113555908
/Users/prarthanapatel/Desktop/Himanshi/speech_emotion_detection-develop-v2/cremad_preprocessed/audio/1039_ITS_ANG_XX.wav,1039_ITS_ANG_XX.wav,1039,train,3,angry,3,angry,0.9945825934410095
/Users/prarthanapatel/Desktop/Himanshi/speech_emotion_detection-develop-v2/cremad_preprocessed/audio/1039_ITS_DIS_XX.wav,1039_ITS_DIS_XX.wav,1039,train,5,disgust,5,disgust,0.6722063422203064
/Users/prarthanapatel/Desktop/Himanshi/speech_emotion_detection-develop-v2/cremad_preprocessed/audio/1039_ITS_FEA_XX.wav,1039_ITS_FEA_XX.wav,1039,train,4,fearful,4,fearful,0.9510947465896606
/Users/prarthanapatel/Desktop/Himanshi/speech_emotion_detection-develop-v2/cremad_preprocessed/audio/1039_ITS_HAP_XX.wav,1039_ITS_HAP_XX.wav,1039,train,1,happy,3,angry,0.898726761341095
/Users/prarthanapatel/Desktop/Himanshi/speech_emotion_detection-develop-v2/cremad_preprocessed/audio/1039_ITS_NEU_XX.wav,1039_ITS_NEU_XX.wav,1039,train,0,neutral,0,neutral,0.9766765236854553
/Users/prarthanapatel/Desktop/Himanshi/speech_emotion_detection-develop-v2/cremad_preprocessed/audio/1039_ITS_SAD_XX.wav,1039_ITS_SAD_XX.wav,1039,train,2,sad,2,sad,0.7564535140991211
/Users/prarthanapatel/Desktop/Himanshi/speech_emotion_detection-develop-v2/cremad_preprocessed/audio/1039_IWL_ANG_XX.wav,1039_IWL_ANG_XX.wav,1039,train,3,angry,3,angry,0.9927576780319214
/Users/prarthanapatel/Desktop/Himanshi/speech_emotion_detection-develop-v2/cremad_preprocessed/audio/1039_IWL_DIS_XX.wav,1039_IWL_DIS_XX.wav,1039,train,5,disgust,5,disgust,0.914262592792511
/Users/prarthanapatel/Desktop/Himanshi/speech_emotion_detection-develop-v2/cremad_preprocessed/audio/1039_IWL_FEA_XX.wav,1039_IWL_FEA_XX.wav,1039,train,4,fearful,4,fearful,0.8006957769393921
/Users/prarthanapatel/Desktop/Himanshi/speech_emotion_detection-develop-v2/cremad_preprocessed/audio/1039_IWL_HAP_XX.wav,1039_IWL_HAP_XX.wav,1039,train,1,happy,3,angry,0.8537962436676025
/Users/prarthanapatel/Desktop/Himanshi/speech_emotion_detection-develop-v2/cremad_preprocessed/audio/1039_IWL_NEU_XX.wav,1039_IWL_NEU_XX.wav,1039,train,0,neutral,0,neutral,0.929681658744812
/Users/prarthanapatel/Desktop/Himanshi/speech_emotion_detection-develop-v2/cremad_preprocessed/audio/1039_IWL_SAD_XX.wav,1039_IWL_SAD_XX.wav,1039,train,2,sad,4,fearful,0.8245492577552795
/Users/prarthanapatel/Desktop/Himanshi/speech_emotion_detection-develop-v2/cremad_preprocessed/audio/1039_IWW_ANG_XX.wav,1039_IWW_ANG_XX.wav,1039,train,3,angry,3,angry,0.994276225566864
/Users/prarthanapatel/Desktop/Himanshi/speech_emotion_detection-develop-v2/cremad_preprocessed/audio/1039_IWW_DIS_XX.wav,1039_IWW_DIS_XX.wav,1039,train,5,disgust,5,disgust,0.9449891448020935
/Users/prarthanapatel/Desktop/Himanshi/speech_emotion_detection-develop-v2/cremad_preprocessed/audio/1039_IWW_FEA_XX.wav,1039_IWW_FEA_XX.wav,1039,train,4,fearful,4,fearful,0.9029797911643982
/Users/prarthanapatel/Desktop/Himanshi/speech_emotion_detection-develop-v2/cremad_preprocessed/audio/1039_IWW_HAP_XX.wav,1039_IWW_HAP_XX.wav,1039,train,1,happy,1,happy,0.9578651189804077
/Users/prarthanapatel/Desktop/Himanshi/speech_emotion_detection-develop-v2/cremad_preprocessed/audio/1039_IWW_NEU_XX.wav,1039_IWW_NEU_XX.wav,1039,train,0,neutral,0,neutral,0.9181199669837952
/Users/prarthanapatel/Desktop/Himanshi/speech_emotion_detection-develop-v2/cremad_preprocessed/audio/1039_IWW_SAD_XX.wav,1039_IWW_SAD_XX.wav,1039,train,2,sad,4,fearful,0.6024859547615051
/Users/prarthanapatel/Desktop/Himanshi/speech_emotion_detection-develop-v2/cremad_preprocessed/audio/1039_MTI_ANG_XX.wav,1039_MTI_ANG_XX.wav,1039,train,3,angry,3,angry,0.9934294819831848
/Users/prarthanapatel/Desktop/Himanshi/speech_emotion_detection-develop-v2/cremad_preprocessed/audio/1039_MTI_DIS_XX.wav,1039_MTI_DIS_XX.wav,1039,train,5,disgust,5,disgust,0.9045950174331665
/Users/prarthanapatel/Desktop/Himanshi/speech_emotion_detection-develop-v2/cremad_preprocessed/audio/1039_MTI_FEA_XX.wav,1039_MTI_FEA_XX.wav,1039,train,4,fearful,4,fearful,0.8564180731773376
/Users/prarthanapatel/Desktop/Himanshi/speech_emotion_detection-develop-v2/cremad_preprocessed/audio/1039_MTI_HAP_XX.wav,1039_MTI_HAP_XX.wav,1039,train,1,happy,1,happy,0.97917640209198
/Users/prarthanapatel/Desktop/Himanshi/speech_emotion_detection-develop-v2/cremad_preprocessed/audio/1039_MTI_NEU_XX.wav,1039_MTI_NEU_XX.wav,1039,train,0,neutral,0,neutral,0.9614783525466919
/Users/prarthanapatel/Desktop/Himanshi/speech_emotion_detection-develop-v2/cremad_preprocessed/audio/1039_MTI_SAD_XX.wav,1039_MTI_SAD_XX.wav,1039,train,2,sad,2,sad,0.8524160981178284
/Users/prarthanapatel/Desktop/Himanshi/speech_emotion_detection-develop-v2/cremad_preprocessed/audio/1039_TAI_ANG_XX.wav,1039_TAI_ANG_XX.wav,1039,train,3,angry,3,angry,0.9924537539482117
/Users/prarthanapatel/Desktop/Himanshi/speech_emotion_detection-develop-v2/cremad_preprocessed/audio/1039_TAI_DIS_XX.wav,1039_TAI_DIS_XX.wav,1039,train,5,disgust,3,angry,0.5178260207176208
/Users/prarthanapatel/Desktop/Himanshi/speech_emotion_detection-develop-v2/cremad_preprocessed/audio/1039_TAI_FEA_XX.wav,1039_TAI_FEA_XX.wav,1039,train,4,fearful,4,fearful,0.940445065498352
/Users/prarthanapatel/Desktop/Himanshi/speech_emotion_detection-develop-v2/cremad_preprocessed/audio/1039_TAI_HAP_XX.wav,1039_TAI_HAP_XX.wav,1039,train,1,happy,1,happy,0.9682936668395996
/Users/prarthanapatel/Desktop/Himanshi/speech_emotion_detection-develop-v2/cremad_preprocessed/audio/1039_TAI_NEU_XX.wav,1039_TAI_NEU_XX.wav,1039,train,0,neutral,0,neutral,0.798319399356842
/Users/prarthanapatel/Desktop/Himanshi/speech_emotion_detection-develop-v2/cremad_preprocessed/audio/1039_TAI_SAD_XX.wav,1039_TAI_SAD_XX.wav,1039,train,2,sad,2,sad,0.6269992589950562
/Users/prarthanapatel/Desktop/Himanshi/speech_emotion_detection-develop-v2/cremad_preprocessed/audio/1039_TIE_ANG_XX.wav,1039_TIE_ANG_XX.wav,1039,train,3,angry,3,angry,0.9945237636566162
/Users/prarthanapatel/Desktop/Himanshi/speech_emotion_detection-develop-v2/cremad_preprocessed/audio/1039_TIE_DIS_XX.wav,1039_TIE_DIS_XX.wav,1039,train,5,disgust,5,disgust,0.9292101263999939
/Users/prarthanapatel/Desktop/Himanshi/speech_emotion_detection-develop-v2/cremad_preprocessed/audio/1039_TIE_FEA_XX.wav,1039_TIE_FEA_XX.wav,1039,train,4,fearful,4,fearful,0.917506217956543
/Users/prarthanapatel/Desktop/Himanshi/speech_emotion_detection-develop-v2/cremad_preprocessed/audio/1039_TIE_HAP_XX.wav,1039_TIE_HAP_XX.wav,1039,train,1,happy,1,happy,0.9768499135971069
/Users/prarthanapatel/Desktop/Himanshi/speech_emotion_detection-develop-v2/cremad_preprocessed/audio/1039_TIE_NEU_XX.wav,1039_TIE_NEU_XX.wav,1039,train,0,neutral,0,neutral,0.981485903263092
/Users/prarthanapatel/Desktop/Himanshi/speech_emotion_detection-develop-v2/cremad_preprocessed/audio/1039_TIE_SAD_XX.wav,1039_TIE_SAD_XX.wav,1039,train,2,sad,2,sad,0.818669319152832
/Users/prarthanapatel/Desktop/Himanshi/speech_emotion_detection-develop-v2/cremad_preprocessed/audio/1039_TSI_ANG_XX.wav,1039_TSI_ANG_XX.wav,1039,train,3,angry,3,angry,0.9941486120223999
/Users/prarthanapatel/Desktop/Himanshi/speech_emotion_detection-develop-v2/cremad_preprocessed/audio/1039_TSI_DIS_XX.wav,1039_TSI_DIS_XX.wav,1039,train,5,disgust,5,disgust,0.6073237061500549
/Users/prarthanapatel/Desktop/Himanshi/speech_emotion_detection-develop-v2/cremad_preprocessed/audio/1039_TSI_FEA_XX.wav,1039_TSI_FEA_XX.wav,1039,train,4,fearful,4,fearful,0.9430795907974243
/Users/prarthanapatel/Desktop/Himanshi/speech_emotion_detection-develop-v2/cremad_preprocessed/audio/1039_TSI_HAP_XX.wav,1039_TSI_HAP_XX.wav,1039,train,1,happy,4,fearful,0.6390710473060608
/Users/prarthanapatel/Desktop/Himanshi/speech_emotion_detection-develop-v2/cremad_preprocessed/audio/1039_TSI_NEU_XX.wav,1039_TSI_NEU_XX.wav,1039,train,0,neutral,0,neutral,0.9577548503875732
/Users/prarthanapatel/Desktop/Himanshi/speech_emotion_detection-develop-v2/cremad_preprocessed/audio/1039_TSI_SAD_XX.wav,1039_TSI_SAD_XX.wav,1039,train,2,sad,2,sad,0.7870058417320251
/Users/prarthanapatel/Desktop/Himanshi/speech_emotion_detection-develop-v2/cremad_preprocessed/audio/1039_WSI_ANG_XX.wav,1039_WSI_ANG_XX.wav,1039,train,3,angry,3,angry,0.993671178817749
/Users/prarthanapatel/Desktop/Himanshi/speech_emotion_detection-develop-v2/cremad_preprocessed/audio/1039_WSI_DIS_XX.wav,1039_WSI_DIS_XX.wav,1039,train,5,disgust,5,disgust,0.9585098624229431
/Users/prarthanapatel/Desktop/Himanshi/speech_emotion_detection-develop-v2/cremad_preprocessed/audio/1039_WSI_FEA_XX.wav,1039_WSI_FEA_XX.wav,1039,train,4,fearful,4,fearful,0.651807963848114
/Users/prarthanapatel/Desktop/Himanshi/speech_emotion_detection-develop-v2/cremad_preprocessed/audio/1039_WSI_HAP_XX.wav,1039_WSI_HAP_XX.wav,1039,train,1,happy,1,happy,0.9792713522911072
/Users/prarthanapatel/Desktop/Himanshi/speech_emotion_detection-develop-v2/cremad_preprocessed/audio/1039_WSI_NEU_XX.wav,1039_WSI_NEU_XX.wav,1039,train,0,neutral,0,neutral,0.9064659476280212
/Users/prarthanapatel/Desktop/Himanshi/speech_emotion_detection-develop-v2/cremad_preprocessed/audio/1039_WSI_SAD_XX.wav,1039_WSI_SAD_XX.wav,1039,train,2,sad,2,sad,0.88905930519104
/Users/prarthanapatel/Desktop/Himanshi/speech_emotion_detection-develop-v2/cremad_preprocessed/audio/1040_DFA_ANG_XX.wav,1040_DFA_ANG_XX.wav,1040,train,3,angry,3,angry,0.9947276711463928
/Users/prarthanapatel/Desktop/Himanshi/speech_emotion_detection-develop-v2/cremad_preprocessed/audio/1040_DFA_DIS_XX.wav,1040_DFA_DIS_XX.wav,1040,train,5,disgust,2,sad,0.7813287377357483
/Users/prarthanapatel/Desktop/Himanshi/speech_emotion_detection-develop-v2/cremad_preprocessed/audio/1040_DFA_FEA_XX.wav,1040_DFA_FEA_XX.wav,1040,train,4,fearful,4,fearful,0.9662677645683289
/Users/prarthanapatel/Desktop/Himanshi/speech_emotion_detection-develop-v2/cremad_preprocessed/audio/1040_DFA_HAP_XX.wav,1040_DFA_HAP_XX.wav,1040,train,1,happy,1,happy,0.9727337956428528
/Users/prarthanapatel/Desktop/Himanshi/speech_emotion_detection-develop-v2/cremad_preprocessed/audio/1040_DFA_NEU_XX.wav,1040_DFA_NEU_XX.wav,1040,train,0,neutral,0,neutral,0.9835429191589355
/Users/prarthanapatel/Desktop/Himanshi/speech_emotion_detection-develop-v2/cremad_preprocessed/audio/1040_DFA_SAD_XX.wav,1040_DFA_SAD_XX.wav,1040,train,2,sad,4,fearful,0.8275501728057861
/Users/prarthanapatel/Desktop/Himanshi/speech_emotion_detection-develop-v2/cremad_preprocessed/audio/1040_IEO_ANG_HI.wav,1040_IEO_ANG_HI.wav,1040,train,3,angry,3,angry,0.994599461555481
/Users/prarthanapatel/Desktop/Himanshi/speech_emotion_detection-develop-v2/cremad_preprocessed/audio/1040_IEO_ANG_LO.wav,1040_IEO_ANG_LO.wav,1040,train,3,angry,3,angry,0.9808127284049988
/Users/prarthanapatel/Desktop/Himanshi/speech_emotion_detection-develop-v2/cremad_preprocessed/audio/1040_IEO_ANG_MD.wav,1040_IEO_ANG_MD.wav,1040,train,3,angry,3,angry,0.9948967099189758
/Users/prarthanapatel/Desktop/Himanshi/speech_emotion_detection-develop-v2/cremad_preprocessed/audio/1040_IEO_DIS_HI.wav,1040_IEO_DIS_HI.wav,1040,train,5,disgust,4,fearful,0.599614143371582
/Users/prarthanapatel/Desktop/Himanshi/speech_emotion_detection-develop-v2/cremad_preprocessed/audio/1040_IEO_DIS_LO.wav,1040_IEO_DIS_LO.wav,1040,train,5,disgust,4,fearful,0.5346963405609131
/Users/prarthanapatel/Desktop/Himanshi/speech_emotion_detection-develop-v2/cremad_preprocessed/audio/1040_IEO_DIS_MD.wav,1040_IEO_DIS_MD.wav,1040,train,5,disgust,5,disgust,0.7876154184341431
/Users/prarthanapatel/Desktop/Himanshi/speech_emotion_detection-develop-v2/cremad_preprocessed/audio/1040_IEO_FEA_HI.wav,1040_IEO_FEA_HI.wav,1040,train,4,fearful,4,fearful,0.9654935002326965
/Users/prarthanapatel/Desktop/Himanshi/speech_emotion_detection-develop-v2/cremad_preprocessed/audio/1040_IEO_FEA_LO.wav,1040_IEO_FEA_LO.wav,1040,train,4,fearful,4,fearful,0.9263725280761719
/Users/prarthanapatel/Desktop/Himanshi/speech_emotion_detection-develop-v2/cremad_preprocessed/audio/1040_IEO_FEA_MD.wav,1040_IEO_FEA_MD.wav,1040,train,4,fearful,4,fearful,0.9565859436988831
/Users/prarthanapatel/Desktop/Himanshi/speech_emotion_detection-develop-v2/cremad_preprocessed/audio/1040_IEO_HAP_HI.wav,1040_IEO_HAP_HI.wav,1040,train,1,happy,1,happy,0.9494128227233887
/Users/prarthanapatel/Desktop/Himanshi/speech_emotion_detection-develop-v2/cremad_preprocessed/audio/1040_IEO_HAP_LO.wav,1040_IEO_HAP_LO.wav,1040,train,1,happy,1,happy,0.8578107953071594
/Users/prarthanapatel/Desktop/Himanshi/speech_emotion_detection-develop-v2/cremad_preprocessed/audio/1040_IEO_HAP_MD.wav,1040_IEO_HAP_MD.wav,1040,train,1,happy,1,happy,0.9722043871879578
/Users/prarthanapatel/Desktop/Himanshi/speech_emotion_detection-develop-v2/cremad_preprocessed/audio/1040_IEO_NEU_XX.wav,1040_IEO_NEU_XX.wav,1040,train,0,neutral,0,neutral,0.9276833534240723
/Users/prarthanapatel/Desktop/Himanshi/speech_emotion_detection-develop-v2/cremad_preprocessed/audio/1040_IEO_SAD_HI.wav,1040_IEO_SAD_HI.wav,1040,train,2,sad,4,fearful,0.5913150310516357
/Users/prarthanapatel/Desktop/Himanshi/speech_emotion_detection-develop-v2/cremad_preprocessed/audio/1040_IEO_SAD_LO.wav,1040_IEO_SAD_LO.wav,1040,train,2,sad,4,fearful,0.7013803720474243
/Users/prarthanapatel/Desktop/Himanshi/speech_emotion_detection-develop-v2/cremad_preprocessed/audio/1040_IEO_SAD_MD.wav,1040_IEO_SAD_MD.wav,1040,train,2,sad,2,sad,0.5767219066619873
/Users/prarthanapatel/Desktop/Himanshi/speech_emotion_detection-develop-v2/cremad_preprocessed/audio/1040_IOM_ANG_XX.wav,1040_IOM_ANG_XX.wav,1040,train,3,angry,3,angry,0.9949573874473572
/Users/prarthanapatel/Desktop/Himanshi/speech_emotion_detection-develop-v2/cremad_preprocessed/audio/1040_IOM_DIS_XX.wav,1040_IOM_DIS_XX.wav,1040,train,5,disgust,2,sad,0.5094729661941528
/Users/prarthanapatel/Desktop/Himanshi/speech_emotion_detection-develop-v2/cremad_preprocessed/audio/1040_IOM_FEA_XX.wav,1040_IOM_FEA_XX.wav,1040,train,4,fearful,4,fearful,0.8821204900741577
/Users/prarthanapatel/Desktop/Himanshi/speech_emotion_detection-develop-v2/cremad_preprocessed/audio/1040_IOM_HAP_XX.wav,1040_IOM_HAP_XX.wav,1040,train,1,happy,1,happy,0.746023416519165
/Users/prarthanapatel/Desktop/Himanshi/speech_emotion_detection-develop-v2/cremad_preprocessed/audio/1040_IOM_NEU_XX.wav,1040_IOM_NEU_XX.wav,1040,train,0,neutral,0,neutral,0.9721289873123169
/Users/prarthanapatel/Desktop/Himanshi/speech_emotion_detection-develop-v2/cremad_preprocessed/audio/1040_IOM_SAD_XX.wav,1040_IOM_SAD_XX.wav,1040,train,2,sad,2,sad,0.49751728773117065
/Users/prarthanapatel/Desktop/Himanshi/speech_emotion_detection-develop-v2/cremad_preprocessed/audio/1040_ITH_ANG_XX.wav,1040_ITH_ANG_XX.wav,1040,train,3,angry,3,angry,0.9946148991584778
/Users/prarthanapatel/Desktop/Himanshi/speech_emotion_detection-develop-v2/cremad_preprocessed/audio/1040_ITH_DIS_XX.wav,1040_ITH_DIS_XX.wav,1040,train,5,disgust,2,sad,0.6253432631492615
/Users/prarthanapatel/Desktop/Himanshi/speech_emotion_detection-develop-v2/cremad_preprocessed/audio/1040_ITH_FEA_XX.wav,1040_ITH_FEA_XX.wav,1040,train,4,fearful,4,fearful,0.9476822018623352
/Users/prarthanapatel/Desktop/Himanshi/speech_emotion_detection-develop-v2/cremad_preprocessed/audio/1040_ITH_HAP_XX.wav,1040_ITH_HAP_XX.wav,1040,train,1,happy,1,happy,0.514622688293457
/Users/prarthanapatel/Desktop/Himanshi/speech_emotion_detection-develop-v2/cremad_preprocessed/audio/1040_ITH_NEU_XX.wav,1040_ITH_NEU_XX.wav,1040,train,0,neutral,0,neutral,0.9820839762687683
/Users/prarthanapatel/Desktop/Himanshi/speech_emotion_detection-develop-v2/cremad_preprocessed/audio/1040_ITH_SAD_X.wav,1040_ITH_SAD_X.wav,1040,train,2,sad,4,fearful,0.5540736317634583
/Users/prarthanapatel/Desktop/Himanshi/speech_emotion_detection-develop-v2/cremad_preprocessed/audio/1040_ITS_ANG_XX.wav,1040_ITS_ANG_XX.wav,1040,train,3,angry,3,angry,0.9941627383232117
/Users/prarthanapatel/Desktop/Himanshi/speech_emotion_detection-develop-v2/cremad_preprocessed/audio/1040_ITS_DIS_XX.wav,1040_ITS_DIS_XX.wav,1040,train,5,disgust,2,sad,0.528994083404541
/Users/prarthanapatel/Desktop/Himanshi/speech_emotion_detection-develop-v2/cremad_preprocessed/audio/1040_ITS_FEA_XX.wav,1040_ITS_FEA_XX.wav,1040,train,4,fearful,4,fearful,0.9544857740402222
/Users/prarthanapatel/Desktop/Himanshi/speech_emotion_detection-develop-v2/cremad_preprocessed/audio/1040_ITS_HAP_XX.wav,1040_ITS_HAP_XX.wav,1040,train,1,happy,1,happy,0.9409926533699036
/Users/prarthanapatel/Desktop/Himanshi/speech_emotion_detection-develop-v2/cremad_preprocessed/audio/1040_ITS_NEU_XX.wav,1040_ITS_NEU_XX.wav,1040,train,0,neutral,0,neutral,0.987933337688446
/Users/prarthanapatel/Desktop/Himanshi/speech_emotion_detection-develop-v2/cremad_preprocessed/audio/1040_ITS_SAD_XX.wav,1040_ITS_SAD_XX.wav,1040,train,2,sad,4,fearful,0.85735023021698
/Users/prarthanapatel/Desktop/Himanshi/speech_emotion_detection-develop-v2/cremad_preprocessed/audio/1040_IWL_ANG_XX.wav,1040_IWL_ANG_XX.wav,1040,train,3,angry,3,angry,0.9945141077041626
/Users/prarthanapatel/Desktop/Himanshi/speech_emotion_detection-develop-v2/cremad_preprocessed/audio/1040_IWL_DIS_XX.wav,1040_IWL_DIS_XX.wav,1040,train,5,disgust,2,sad,0.5915132761001587
/Users/prarthanapatel/Desktop/Himanshi/speech_emotion_detection-develop-v2/cremad_preprocessed/audio/1040_IWL_FEA_XX.wav,1040_IWL_FEA_XX.wav,1040,train,4,fearful,4,fearful,0.9373208284378052
/Users/prarthanapatel/Desktop/Himanshi/speech_emotion_detection-develop-v2/cremad_preprocessed/audio/1040_IWL_HAP_XX.wav,1040_IWL_HAP_XX.wav,1040,train,1,happy,1,happy,0.9523348212242126
/Users/prarthanapatel/Desktop/Himanshi/speech_emotion_detection-develop-v2/cremad_preprocessed/audio/1040_IWL_NEU_XX.wav,1040_IWL_NEU_XX.wav,1040,train,0,neutral,0,neutral,0.9598786234855652
/Users/prarthanapatel/Desktop/Himanshi/speech_emotion_detection-develop-v2/cremad_preprocessed/audio/1040_IWL_SAD_XX.wav,1040_IWL_SAD_XX.wav,1040,train,2,sad,2,sad,0.739078164100647
/Users/prarthanapatel/Desktop/Himanshi/speech_emotion_detection-develop-v2/cremad_preprocessed/audio/1040_IWW_ANG_XX.wav,1040_IWW_ANG_XX.wav,1040,train,3,angry,3,angry,0.9947226047515869
/Users/prarthanapatel/Desktop/Himanshi/speech_emotion_detection-develop-v2/cremad_preprocessed/audio/1040_IWW_DIS_XX.wav,1040_IWW_DIS_XX.wav,1040,train,5,disgust,4,fearful,0.9433573484420776
/Users/prarthanapatel/Desktop/Himanshi/speech_emotion_detection-develop-v2/cremad_preprocessed/audio/1040_IWW_FEA_XX.wav,1040_IWW_FEA_XX.wav,1040,train,4,fearful,4,fearful,0.9417605996131897
/Users/prarthanapatel/Desktop/Himanshi/speech_emotion_detection-develop-v2/cremad_preprocessed/audio/1040_IWW_HAP_XX.wav,1040_IWW_HAP_XX.wav,1040,train,1,happy,1,happy,0.9362512230873108
/Users/prarthanapatel/Desktop/Himanshi/speech_emotion_detection-develop-v2/cremad_preprocessed/audio/1040_IWW_NEU_XX.wav,1040_IWW_NEU_XX.wav,1040,train,0,neutral,0,neutral,0.9738280177116394
/Users/prarthanapatel/Desktop/Himanshi/speech_emotion_detection-develop-v2/cremad_preprocessed/audio/1040_IWW_SAD_XX.wav,1040_IWW_SAD_XX.wav,1040,train,2,sad,4,fearful,0.8414786458015442
/Users/prarthanapatel/Desktop/Himanshi/speech_emotion_detection-develop-v2/cremad_preprocessed/audio/1040_MTI_ANG_XX.wav,1040_MTI_ANG_XX.wav,1040,train,3,angry,3,angry,0.9944919347763062
/Users/prarthanapatel/Desktop/Himanshi/speech_emotion_detection-develop-v2/cremad_preprocessed/audio/1040_MTI_DIS_XX.wav,1040_MTI_DIS_XX.wav,1040,train,5,disgust,4,fearful,0.8733843564987183
/Users/prarthanapatel/Desktop/Himanshi/speech_emotion_detection-develop-v2/cremad_preprocessed/audio/1040_MTI_FEA_XX.wav,1040_MTI_FEA_XX.wav,1040,train,4,fearful,4,fearful,0.9648154377937317
/Users/prarthanapatel/Desktop/Himanshi/speech_emotion_detection-develop-v2/cremad_preprocessed/audio/1040_MTI_HAP_XX.wav,1040_MTI_HAP_XX.wav,1040,train,1,happy,1,happy,0.9668281674385071
/Users/prarthanapatel/Desktop/Himanshi/speech_emotion_detection-develop-v2/cremad_preprocessed/audio/1040_MTI_NEU_XX.wav,1040_MTI_NEU_XX.wav,1040,train,0,neutral,0,neutral,0.9803844690322876
/Users/prarthanapatel/Desktop/Himanshi/speech_emotion_detection-develop-v2/cremad_preprocessed/audio/1040_MTI_SAD_XX.wav,1040_MTI_SAD_XX.wav,1040,train,2,sad,4,fearful,0.893126904964447
/Users/prarthanapatel/Desktop/Himanshi/speech_emotion_detection-develop-v2/cremad_preprocessed/audio/1040_TAI_ANG_XX.wav,1040_TAI_ANG_XX.wav,1040,train,3,angry,3,angry,0.9933041930198669
/Users/prarthanapatel/Desktop/Himanshi/speech_emotion_detection-develop-v2/cremad_preprocessed/audio/1040_TAI_DIS_XX.wav,1040_TAI_DIS_XX.wav,1040,train,5,disgust,4,fearful,0.7505417466163635
/Users/prarthanapatel/Desktop/Himanshi/speech_emotion_detection-develop-v2/cremad_preprocessed/audio/1040_TAI_FEA_XX.wav,1040_TAI_FEA_XX.wav,1040,train,4,fearful,4,fearful,0.9608424305915833
/Users/prarthanapatel/Desktop/Himanshi/speech_emotion_detection-develop-v2/cremad_preprocessed/audio/1040_TAI_HAP_XX.wav,1040_TAI_HAP_XX.wav,1040,train,1,happy,1,happy,0.9641303420066833
/Users/prarthanapatel/Desktop/Himanshi/speech_emotion_detection-develop-v2/cremad_preprocessed/audio/1040_TAI_NEU_XX.wav,1040_TAI_NEU_XX.wav,1040,train,0,neutral,0,neutral,0.9875307083129883
/Users/prarthanapatel/Desktop/Himanshi/speech_emotion_detection-develop-v2/cremad_preprocessed/audio/1040_TAI_SAD_XX.wav,1040_TAI_SAD_XX.wav,1040,train,2,sad,4,fearful,0.8400269150733948
/Users/prarthanapatel/Desktop/Himanshi/speech_emotion_detection-develop-v2/cremad_preprocessed/audio/1040_TIE_ANG_XX.wav,1040_TIE_ANG_XX.wav,1040,train,3,angry,3,angry,0.9939324259757996
/Users/prarthanapatel/Desktop/Himanshi/speech_emotion_detection-develop-v2/cremad_preprocessed/audio/1040_TIE_DIS_XX.wav,1040_TIE_DIS_XX.wav,1040,train,5,disgust,5,disgust,0.4322684705257416
/Users/prarthanapatel/Desktop/Himanshi/speech_emotion_detection-develop-v2/cremad_preprocessed/audio/1040_TIE_FEA_XX.wav,1040_TIE_FEA_XX.wav,1040,train,4,fearful,4,fearful,0.9572073221206665
/Users/prarthanapatel/Desktop/Himanshi/speech_emotion_detection-develop-v2/cremad_preprocessed/audio/1040_TIE_HAP_XX.wav,1040_TIE_HAP_XX.wav,1040,train,1,happy,1,happy,0.7647104263305664
/Users/prarthanapatel/Desktop/Himanshi/speech_emotion_detection-develop-v2/cremad_preprocessed/audio/1040_TIE_NEU_XX.wav,1040_TIE_NEU_XX.wav,1040,train,0,neutral,0,neutral,0.971858024597168
/Users/prarthanapatel/Desktop/Himanshi/speech_emotion_detection-develop-v2/cremad_preprocessed/audio/1040_TIE_SAD_XX.wav,1040_TIE_SAD_XX.wav,1040,train,2,sad,4,fearful,0.7657785415649414
/Users/prarthanapatel/Desktop/Himanshi/speech_emotion_detection-develop-v2/cremad_preprocessed/audio/1040_TSI_ANG_XX.wav,1040_TSI_ANG_XX.wav,1040,train,3,angry,3,angry,0.992771327495575
/Users/prarthanapatel/Desktop/Himanshi/speech_emotion_detection-develop-v2/cremad_preprocessed/audio/1040_TSI_DIS_XX.wav,1040_TSI_DIS_XX.wav,1040,train,5,disgust,5,disgust,0.9018855690956116
/Users/prarthanapatel/Desktop/Himanshi/speech_emotion_detection-develop-v2/cremad_preprocessed/audio/1040_TSI_FEA_XX.wav,1040_TSI_FEA_XX.wav,1040,train,4,fearful,4,fearful,0.9604828953742981
/Users/prarthanapatel/Desktop/Himanshi/speech_emotion_detection-develop-v2/cremad_preprocessed/audio/1040_TSI_HAP_XX.wav,1040_TSI_HAP_XX.wav,1040,train,1,happy,1,happy,0.9495888352394104
/Users/prarthanapatel/Desktop/Himanshi/speech_emotion_detection-develop-v2/cremad_preprocessed/audio/1040_TSI_NEU_XX.wav,1040_TSI_NEU_XX.wav,1040,train,0,neutral,0,neutral,0.9873513579368591
/Users/prarthanapatel/Desktop/Himanshi/speech_emotion_detection-develop-v2/cremad_preprocessed/audio/1040_TSI_SAD_XX.wav,1040_TSI_SAD_XX.wav,1040,train,2,sad,2,sad,0.7853313684463501
/Users/prarthanapatel/Desktop/Himanshi/speech_emotion_detection-develop-v2/cremad_preprocessed/audio/1040_WSI_ANG_XX.wav,1040_WSI_ANG_XX.wav,1040,train,3,angry,3,angry,0.994831919670105
/Users/prarthanapatel/Desktop/Himanshi/speech_emotion_detection-develop-v2/cremad_preprocessed/audio/1040_WSI_DIS_XX.wav,1040_WSI_DIS_XX.wav,1040,train,5,disgust,5,disgust,0.9276888370513916
/Users/prarthanapatel/Desktop/Himanshi/speech_emotion_detection-develop-v2/cremad_preprocessed/audio/1040_WSI_FEA_XX.wav,1040_WSI_FEA_XX.wav,1040,train,4,fearful,4,fearful,0.962852954864502
/Users/prarthanapatel/Desktop/Himanshi/speech_emotion_detection-develop-v2/cremad_preprocessed/audio/1040_WSI_HAP_XX.wav,1040_WSI_HAP_XX.wav,1040,train,1,happy,1,happy,0.8177286982536316
/Users/prarthanapatel/Desktop/Himanshi/speech_emotion_detection-develop-v2/cremad_preprocessed/audio/1040_WSI_NEU_XX.wav,1040_WSI_NEU_XX.wav,1040,train,0,neutral,0,neutral,0.9398974180221558
/Users/prarthanapatel/Desktop/Himanshi/speech_emotion_detection-develop-v2/cremad_preprocessed/audio/1040_WSI_SAD_XX.wav,1040_WSI_SAD_XX.wav,1040,train,2,sad,2,sad,0.8132055997848511
/Users/prarthanapatel/Desktop/Himanshi/speech_emotion_detection-develop-v2/cremad_preprocessed/audio/1041_DFA_ANG_XX.wav,1041_DFA_ANG_XX.wav,1041,train,3,angry,3,angry,0.9946387410163879
/Users/prarthanapatel/Desktop/Himanshi/speech_emotion_detection-develop-v2/cremad_preprocessed/audio/1041_DFA_DIS_XX.wav,1041_DFA_DIS_XX.wav,1041,train,5,disgust,2,sad,0.4202668070793152
/Users/prarthanapatel/Desktop/Himanshi/speech_emotion_detection-develop-v2/cremad_preprocessed/audio/1041_DFA_FEA_XX.wav,1041_DFA_FEA_XX.wav,1041,train,4,fearful,4,fearful,0.9137411713600159
/Users/prarthanapatel/Desktop/Himanshi/speech_emotion_detection-develop-v2/cremad_preprocessed/audio/1041_DFA_HAP_XX.wav,1041_DFA_HAP_XX.wav,1041,train,1,happy,1,happy,0.9802055358886719
/Users/prarthanapatel/Desktop/Himanshi/speech_emotion_detection-develop-v2/cremad_preprocessed/audio/1041_DFA_NEU_XX.wav,1041_DFA_NEU_XX.wav,1041,train,0,neutral,0,neutral,0.9831483364105225
/Users/prarthanapatel/Desktop/Himanshi/speech_emotion_detection-develop-v2/cremad_preprocessed/audio/1041_DFA_SAD_XX.wav,1041_DFA_SAD_XX.wav,1041,train,2,sad,2,sad,0.8380957245826721
/Users/prarthanapatel/Desktop/Himanshi/speech_emotion_detection-develop-v2/cremad_preprocessed/audio/1041_IEO_ANG_HI.wav,1041_IEO_ANG_HI.wav,1041,train,3,angry,3,angry,0.9942227005958557
/Users/prarthanapatel/Desktop/Himanshi/speech_emotion_detection-develop-v2/cremad_preprocessed/audio/1041_IEO_ANG_LO.wav,1041_IEO_ANG_LO.wav,1041,train,3,angry,3,angry,0.9588762521743774
/Users/prarthanapatel/Desktop/Himanshi/speech_emotion_detection-develop-v2/cremad_preprocessed/audio/1041_IEO_ANG_MD.wav,1041_IEO_ANG_MD.wav,1041,train,3,angry,3,angry,0.9908525347709656
/Users/prarthanapatel/Desktop/Himanshi/speech_emotion_detection-develop-v2/cremad_preprocessed/audio/1041_IEO_DIS_HI.wav,1041_IEO_DIS_HI.wav,1041,train,5,disgust,5,disgust,0.9649167656898499
/Users/prarthanapatel/Desktop/Himanshi/speech_emotion_detection-develop-v2/cremad_preprocessed/audio/1041_IEO_DIS_LO.wav,1041_IEO_DIS_LO.wav,1041,train,5,disgust,4,fearful,0.5974875688552856
/Users/prarthanapatel/Desktop/Himanshi/speech_emotion_detection-develop-v2/cremad_preprocessed/audio/1041_IEO_DIS_MD.wav,1041_IEO_DIS_MD.wav,1041,train,5,disgust,5,disgust,0.9240577220916748
/Users/prarthanapatel/Desktop/Himanshi/speech_emotion_detection-develop-v2/cremad_preprocessed/audio/1041_IEO_FEA_HI.wav,1041_IEO_FEA_HI.wav,1041,train,4,fearful,4,fearful,0.6779369711875916
/Users/prarthanapatel/Desktop/Himanshi/speech_emotion_detection-develop-v2/cremad_preprocessed/audio/1041_IEO_FEA_LO.wav,1041_IEO_FEA_LO.wav,1041,train,4,fearful,2,sad,0.5867059230804443
/Users/prarthanapatel/Desktop/Himanshi/speech_emotion_detection-develop-v2/cremad_preprocessed/audio/1041_IEO_FEA_MD.wav,1041_IEO_FEA_MD.wav,1041,train,4,fearful,4,fearful,0.8066260814666748
/Users/prarthanapatel/Desktop/Himanshi/speech_emotion_detection-develop-v2/cremad_preprocessed/audio/1041_IEO_HAP_HI.wav,1041_IEO_HAP_HI.wav,1041,train,1,happy,3,angry,0.9791178703308105
/Users/prarthanapatel/Desktop/Himanshi/speech_emotion_detection-develop-v2/cremad_preprocessed/audio/1041_IEO_HAP_LO.wav,1041_IEO_HAP_LO.wav,1041,train,1,happy,4,fearful,0.6165657043457031
/Users/prarthanapatel/Desktop/Himanshi/speech_emotion_detection-develop-v2/cremad_preprocessed/audio/1041_IEO_HAP_MD.wav,1041_IEO_HAP_MD.wav,1041,train,1,happy,1,happy,0.9776290655136108
/Users/prarthanapatel/Desktop/Himanshi/speech_emotion_detection-develop-v2/cremad_preprocessed/audio/1041_IEO_NEU_XX.wav,1041_IEO_NEU_XX.wav,1041,train,0,neutral,2,sad,0.7120283842086792
/Users/prarthanapatel/Desktop/Himanshi/speech_emotion_detection-develop-v2/cremad_preprocessed/audio/1041_IEO_SAD_HI.wav,1041_IEO_SAD_HI.wav,1041,train,2,sad,4,fearful,0.738296627998352
/Users/prarthanapatel/Desktop/Himanshi/speech_emotion_detection-develop-v2/cremad_preprocessed/audio/1041_IEO_SAD_LO.wav,1041_IEO_SAD_LO.wav,1041,train,2,sad,4,fearful,0.4852074980735779
/Users/prarthanapatel/Desktop/Himanshi/speech_emotion_detection-develop-v2/cremad_preprocessed/audio/1041_IEO_SAD_MD.wav,1041_IEO_SAD_MD.wav,1041,train,2,sad,4,fearful,0.8641200661659241
/Users/prarthanapatel/Desktop/Himanshi/speech_emotion_detection-develop-v2/cremad_preprocessed/audio/1041_IOM_ANG_XX.wav,1041_IOM_ANG_XX.wav,1041,train,3,angry,3,angry,0.5300421714782715
/Users/prarthanapatel/Desktop/Himanshi/speech_emotion_detection-develop-v2/cremad_preprocessed/audio/1041_IOM_DIS_XX.wav,1041_IOM_DIS_XX.wav,1041,train,5,disgust,5,disgust,0.8172842264175415
/Users/prarthanapatel/Desktop/Himanshi/speech_emotion_detection-develop-v2/cremad_preprocessed/audio/1041_IOM_FEA_XX.wav,1041_IOM_FEA_XX.wav,1041,train,4,fearful,1,happy,0.6987322568893433
/Users/prarthanapatel/Desktop/Himanshi/speech_emotion_detection-develop-v2/cremad_preprocessed/audio/1041_IOM_HAP_XX.wav,1041_IOM_HAP_XX.wav,1041,train,1,happy,1,happy,0.9706422686576843
/Users/prarthanapatel/Desktop/Himanshi/speech_emotion_detection-develop-v2/cremad_preprocessed/audio/1041_IOM_NEU_XX.wav,1041_IOM_NEU_XX.wav,1041,train,0,neutral,0,neutral,0.8390300273895264
/Users/prarthanapatel/Desktop/Himanshi/speech_emotion_detection-develop-v2/cremad_preprocessed/audio/1041_IOM_SAD_XX.wav,1041_IOM_SAD_XX.wav,1041,train,2,sad,2,sad,0.5585755705833435
/Users/prarthanapatel/Desktop/Himanshi/speech_emotion_detection-develop-v2/cremad_preprocessed/audio/1041_ITH_ANG_XX.wav,1041_ITH_ANG_XX.wav,1041,train,3,angry,3,angry,0.9944580793380737
/Users/prarthanapatel/Desktop/Himanshi/speech_emotion_detection-develop-v2/cremad_preprocessed/audio/1041_ITH_DIS_XX.wav,1041_ITH_DIS_XX.wav,1041,train,5,disgust,2,sad,0.4550771415233612
/Users/prarthanapatel/Desktop/Himanshi/speech_emotion_detection-develop-v2/cremad_preprocessed/audio/1041_ITH_FEA_XX.wav,1041_ITH_FEA_XX.wav,1041,train,4,fearful,4,fearful,0.9479214549064636
/Users/prarthanapatel/Desktop/Himanshi/speech_emotion_detection-develop-v2/cremad_preprocessed/audio/1041_ITH_HAP_XX.wav,1041_ITH_HAP_XX.wav,1041,train,1,happy,1,happy,0.9698271155357361
/Users/prarthanapatel/Desktop/Himanshi/speech_emotion_detection-develop-v2/cremad_preprocessed/audio/1041_ITH_NEU_XX.wav,1041_ITH_NEU_XX.wav,1041,train,0,neutral,0,neutral,0.9074425101280212
/Users/prarthanapatel/Desktop/Himanshi/speech_emotion_detection-develop-v2/cremad_preprocessed/audio/1041_ITH_SAD_XX.wav,1041_ITH_SAD_XX.wav,1041,train,2,sad,2,sad,0.605503261089325
/Users/prarthanapatel/Desktop/Himanshi/speech_emotion_detection-develop-v2/cremad_preprocessed/audio/1041_ITS_ANG_XX.wav,1041_ITS_ANG_XX.wav,1041,train,3,angry,3,angry,0.9951170682907104
/Users/prarthanapatel/Desktop/Himanshi/speech_emotion_detection-develop-v2/cremad_preprocessed/audio/1041_ITS_DIS_XX.wav,1041_ITS_DIS_XX.wav,1041,train,5,disgust,5,disgust,0.530040442943573
/Users/prarthanapatel/Desktop/Himanshi/speech_emotion_detection-develop-v2/cremad_preprocessed/audio/1041_ITS_FEA_XX.wav,1041_ITS_FEA_XX.wav,1041,train,4,fearful,4,fearful,0.8773467540740967
/Users/prarthanapatel/Desktop/Himanshi/speech_emotion_detection-develop-v2/cremad_preprocessed/audio/1041_ITS_HAP_XX.wav,1041_ITS_HAP_XX.wav,1041,train,1,happy,1,happy,0.9693396091461182
/Users/prarthanapatel/Desktop/Himanshi/speech_emotion_detection-develop-v2/cremad_preprocessed/audio/1041_ITS_NEU_XX.wav,1041_ITS_NEU_XX.wav,1041,train,0,neutral,0,neutral,0.7543503046035767
/Users/prarthanapatel/Desktop/Himanshi/speech_emotion_detection-develop-v2/cremad_preprocessed/audio/1041_ITS_SAD_XX.wav,1041_ITS_SAD_XX.wav,1041,train,2,sad,2,sad,0.5913642644882202
/Users/prarthanapatel/Desktop/Himanshi/speech_emotion_detection-develop-v2/cremad_preprocessed/audio/1041_IWL_ANG_XX.wav,1041_IWL_ANG_XX.wav,1041,train,3,angry,3,angry,0.9939289093017578
/Users/prarthanapatel/Desktop/Himanshi/speech_emotion_detection-develop-v2/cremad_preprocessed/audio/1041_IWL_DIS_XX.wav,1041_IWL_DIS_XX.wav,1041,train,5,disgust,5,disgust,0.6248924136161804
/Users/prarthanapatel/Desktop/Himanshi/speech_emotion_detection-develop-v2/cremad_preprocessed/audio/1041_IWL_FEA_XX.wav,1041_IWL_FEA_XX.wav,1041,train,4,fearful,4,fearful,0.8201524019241333
/Users/prarthanapatel/Desktop/Himanshi/speech_emotion_detection-develop-v2/cremad_preprocessed/audio/1041_IWL_HAP_XX.wav,1041_IWL_HAP_XX.wav,1041,train,1,happy,1,happy,0.9720150232315063
/Users/prarthanapatel/Desktop/Himanshi/speech_emotion_detection-develop-v2/cremad_preprocessed/audio/1041_IWL_NEU_XX.wav,1041_IWL_NEU_XX.wav,1041,train,0,neutral,0,neutral,0.9592937231063843
/Users/prarthanapatel/Desktop/Himanshi/speech_emotion_detection-develop-v2/cremad_preprocessed/audio/1041_IWL_SAD_XX.wav,1041_IWL_SAD_XX.wav,1041,train,2,sad,2,sad,0.5638877749443054
/Users/prarthanapatel/Desktop/Himanshi/speech_emotion_detection-develop-v2/cremad_preprocessed/audio/1041_IWW_ANG_XX.wav,1041_IWW_ANG_XX.wav,1041,train,3,angry,3,angry,0.9947123527526855
/Users/prarthanapatel/Desktop/Himanshi/speech_emotion_detection-develop-v2/cremad_preprocessed/audio/1041_IWW_DIS_XX.wav,1041_IWW_DIS_XX.wav,1041,train,5,disgust,5,disgust,0.5137940645217896
/Users/prarthanapatel/Desktop/Himanshi/speech_emotion_detection-develop-v2/cremad_preprocessed/audio/1041_IWW_FEA_XX.wav,1041_IWW_FEA_XX.wav,1041,train,4,fearful,4,fearful,0.9305931925773621
/Users/prarthanapatel/Desktop/Himanshi/speech_emotion_detection-develop-v2/cremad_preprocessed/audio/1041_IWW_HAP_XX.wav,1041_IWW_HAP_XX.wav,1041,train,1,happy,1,happy,0.9644215703010559
/Users/prarthanapatel/Desktop/Himanshi/speech_emotion_detection-develop-v2/cremad_preprocessed/audio/1041_IWW_NEU_XX.wav,1041_IWW_NEU_XX.wav,1041,train,0,neutral,2,sad,0.8272228240966797
/Users/prarthanapatel/Desktop/Himanshi/speech_emotion_detection-develop-v2/cremad_preprocessed/audio/1041_IWW_SAD_XX.wav,1041_IWW_SAD_XX.wav,1041,train,2,sad,2,sad,0.6788401007652283
/Users/prarthanapatel/Desktop/Himanshi/speech_emotion_detection-develop-v2/cremad_preprocessed/audio/1041_MTI_ANG_XX.wav,1041_MTI_ANG_XX.wav,1041,train,3,angry,3,angry,0.994888961315155
/Users/prarthanapatel/Desktop/Himanshi/speech_emotion_detection-develop-v2/cremad_preprocessed/audio/1041_MTI_DIS_XX.wav,1041_MTI_DIS_XX.wav,1041,train,5,disgust,5,disgust,0.40711966156959534
/Users/prarthanapatel/Desktop/Himanshi/speech_emotion_detection-develop-v2/cremad_preprocessed/audio/1041_MTI_FEA_XX.wav,1041_MTI_FEA_XX.wav,1041,train,4,fearful,4,fearful,0.8498138189315796
/Users/prarthanapatel/Desktop/Himanshi/speech_emotion_detection-develop-v2/cremad_preprocessed/audio/1041_MTI_HAP_XX.wav,1041_MTI_HAP_XX.wav,1041,train,1,happy,1,happy,0.9353250861167908
/Users/prarthanapatel/Desktop/Himanshi/speech_emotion_detection-develop-v2/cremad_preprocessed/audio/1041_MTI_NEU_XX.wav,1041_MTI_NEU_XX.wav,1041,train,0,neutral,0,neutral,0.9671090245246887
/Users/prarthanapatel/Desktop/Himanshi/speech_emotion_detection-develop-v2/cremad_preprocessed/audio/1041_MTI_SAD_XX.wav,1041_MTI_SAD_XX.wav,1041,train,2,sad,2,sad,0.7412995100021362
/Users/prarthanapatel/Desktop/Himanshi/speech_emotion_detection-develop-v2/cremad_preprocessed/audio/1041_TAI_ANG_XX.wav,1041_TAI_ANG_XX.wav,1041,train,3,angry,3,angry,0.9942362904548645
/Users/prarthanapatel/Desktop/Himanshi/speech_emotion_detection-develop-v2/cremad_preprocessed/audio/1041_TAI_DIS_XX.wav,1041_TAI_DIS_XX.wav,1041,train,5,disgust,5,disgust,0.5040807723999023
/Users/prarthanapatel/Desktop/Himanshi/speech_emotion_detection-develop-v2/cremad_preprocessed/audio/1041_TAI_FEA_XX.wav,1041_TAI_FEA_XX.wav,1041,train,4,fearful,4,fearful,0.9240574240684509
/Users/prarthanapatel/Desktop/Himanshi/speech_emotion_detection-develop-v2/cremad_preprocessed/audio/1041_TAI_HAP_XX.wav,1041_TAI_HAP_XX.wav,1041,train,1,happy,1,happy,0.9780483245849609
/Users/prarthanapatel/Desktop/Himanshi/speech_emotion_detection-develop-v2/cremad_preprocessed/audio/1041_TAI_NEU_XX.wav,1041_TAI_NEU_XX.wav,1041,train,0,neutral,0,neutral,0.9829601049423218
/Users/prarthanapatel/Desktop/Himanshi/speech_emotion_detection-develop-v2/cremad_preprocessed/audio/1041_TAI_SAD_XX.wav,1041_TAI_SAD_XX.wav,1041,train,2,sad,2,sad,0.7812275290489197
/Users/prarthanapatel/Desktop/Himanshi/speech_emotion_detection-develop-v2/cremad_preprocessed/audio/1041_TIE_ANG_XX.wav,1041_TIE_ANG_XX.wav,1041,train,3,angry,3,angry,0.9926784038543701
/Users/prarthanapatel/Desktop/Himanshi/speech_emotion_detection-develop-v2/cremad_preprocessed/audio/1041_TIE_DIS_XX.wav,1041_TIE_DIS_XX.wav,1041,train,5,disgust,2,sad,0.49209490418434143
/Users/prarthanapatel/Desktop/Himanshi/speech_emotion_detection-develop-v2/cremad_preprocessed/audio/1041_TIE_FEA_XX.wav,1041_TIE_FEA_XX.wav,1041,train,4,fearful,4,fearful,0.7985015511512756
/Users/prarthanapatel/Desktop/Himanshi/speech_emotion_detection-develop-v2/cremad_preprocessed/audio/1041_TIE_HAP_XX.wav,1041_TIE_HAP_XX.wav,1041,train,1,happy,1,happy,0.5747135281562805
/Users/prarthanapatel/Desktop/Himanshi/speech_emotion_detection-develop-v2/cremad_preprocessed/audio/1041_TIE_NEU_XX.wav,1041_TIE_NEU_XX.wav,1041,train,0,neutral,0,neutral,0.8195932507514954
/Users/prarthanapatel/Desktop/Himanshi/speech_emotion_detection-develop-v2/cremad_preprocessed/audio/1041_TIE_SAD_XX.wav,1041_TIE_SAD_XX.wav,1041,train,2,sad,2,sad,0.7532272934913635
/Users/prarthanapatel/Desktop/Himanshi/speech_emotion_detection-develop-v2/cremad_preprocessed/audio/1041_TSI_ANG_XX.wav,1041_TSI_ANG_XX.wav,1041,train,3,angry,3,angry,0.9950457811355591
/Users/prarthanapatel/Desktop/Himanshi/speech_emotion_detection-develop-v2/cremad_preprocessed/audio/1041_TSI_DIS_XX.wav,1041_TSI_DIS_XX.wav,1041,train,5,disgust,5,disgust,0.6017899513244629
/Users/prarthanapatel/Desktop/Himanshi/speech_emotion_detection-develop-v2/cremad_preprocessed/audio/1041_TSI_FEA_XX.wav,1041_TSI_FEA_XX.wav,1041,train,4,fearful,4,fearful,0.9358030557632446
/Users/prarthanapatel/Desktop/Himanshi/speech_emotion_detection-develop-v2/cremad_preprocessed/audio/1041_TSI_HAP_XX.wav,1041_TSI_HAP_XX.wav,1041,train,1,happy,1,happy,0.9727663993835449
/Users/prarthanapatel/Desktop/Himanshi/speech_emotion_detection-develop-v2/cremad_preprocessed/audio/1041_TSI_NEU_XX.wav,1041_TSI_NEU_XX.wav,1041,train,0,neutral,0,neutral,0.9667708873748779
/Users/prarthanapatel/Desktop/Himanshi/speech_emotion_detection-develop-v2/cremad_preprocessed/audio/1041_TSI_SAD_XX.wav,1041_TSI_SAD_XX.wav,1041,train,2,sad,2,sad,0.7268769145011902
/Users/prarthanapatel/Desktop/Himanshi/speech_emotion_detection-develop-v2/cremad_preprocessed/audio/1041_WSI_ANG_XX.wav,1041_WSI_ANG_XX.wav,1041,train,3,angry,3,angry,0.9948148131370544
/Users/prarthanapatel/Desktop/Himanshi/speech_emotion_detection-develop-v2/cremad_preprocessed/audio/1041_WSI_DIS_XX.wav,1041_WSI_DIS_XX.wav,1041,train,5,disgust,5,disgust,0.9016416668891907
/Users/prarthanapatel/Desktop/Himanshi/speech_emotion_detection-develop-v2/cremad_preprocessed/audio/1041_WSI_FEA_XX.wav,1041_WSI_FEA_XX.wav,1041,train,4,fearful,4,fearful,0.6508843302726746
/Users/prarthanapatel/Desktop/Himanshi/speech_emotion_detection-develop-v2/cremad_preprocessed/audio/1041_WSI_HAP_XX.wav,1041_WSI_HAP_XX.wav,1041,train,1,happy,1,happy,0.9665136933326721
/Users/prarthanapatel/Desktop/Himanshi/speech_emotion_detection-develop-v2/cremad_preprocessed/audio/1041_WSI_NEU_XX.wav,1041_WSI_NEU_XX.wav,1041,train,0,neutral,0,neutral,0.9551029205322266
/Users/prarthanapatel/Desktop/Himanshi/speech_emotion_detection-develop-v2/cremad_preprocessed/audio/1041_WSI_SAD_XX.wav,1041_WSI_SAD_XX.wav,1041,train,2,sad,2,sad,0.8965769410133362
/Users/prarthanapatel/Desktop/Himanshi/speech_emotion_detection-develop-v2/cremad_preprocessed/audio/1043_DFA_ANG_XX.wav,1043_DFA_ANG_XX.wav,1043,train,3,angry,3,angry,0.9940551519393921
/Users/prarthanapatel/Desktop/Himanshi/speech_emotion_detection-develop-v2/cremad_preprocessed/audio/1043_DFA_DIS_XX.wav,1043_DFA_DIS_XX.wav,1043,train,5,disgust,0,neutral,0.9471152424812317
/Users/prarthanapatel/Desktop/Himanshi/speech_emotion_detection-develop-v2/cremad_preprocessed/audio/1043_DFA_FEA_XX.wav,1043_DFA_FEA_XX.wav,1043,train,4,fearful,4,fearful,0.7405229806900024
/Users/prarthanapatel/Desktop/Himanshi/speech_emotion_detection-develop-v2/cremad_preprocessed/audio/1043_DFA_HAP_XX.wav,1043_DFA_HAP_XX.wav,1043,train,1,happy,1,happy,0.928966224193573
/Users/prarthanapatel/Desktop/Himanshi/speech_emotion_detection-develop-v2/cremad_preprocessed/audio/1043_DFA_NEU_XX.wav,1043_DFA_NEU_XX.wav,1043,train,0,neutral,0,neutral,0.9883408546447754
/Users/prarthanapatel/Desktop/Himanshi/speech_emotion_detection-develop-v2/cremad_preprocessed/audio/1043_DFA_SAD_XX.wav,1043_DFA_SAD_XX.wav,1043,train,2,sad,4,fearful,0.6760094165802002
/Users/prarthanapatel/Desktop/Himanshi/speech_emotion_detection-develop-v2/cremad_preprocessed/audio/1043_IEO_ANG_HI.wav,1043_IEO_ANG_HI.wav,1043,train,3,angry,3,angry,0.9911522269248962
/Users/prarthanapatel/Desktop/Himanshi/speech_emotion_detection-develop-v2/cremad_preprocessed/audio/1043_IEO_ANG_LO.wav,1043_IEO_ANG_LO.wav,1043,train,3,angry,3,angry,0.9942104816436768
/Users/prarthanapatel/Desktop/Himanshi/speech_emotion_detection-develop-v2/cremad_preprocessed/audio/1043_IEO_ANG_MD.wav,1043_IEO_ANG_MD.wav,1043,train,3,angry,3,angry,0.9934565424919128
/Users/prarthanapatel/Desktop/Himanshi/speech_emotion_detection-develop-v2/cremad_preprocessed/audio/1043_IEO_DIS_HI.wav,1043_IEO_DIS_HI.wav,1043,train,5,disgust,4,fearful,0.46424221992492676
/Users/prarthanapatel/Desktop/Himanshi/speech_emotion_detection-develop-v2/cremad_preprocessed/audio/1043_IEO_DIS_LO.wav,1043_IEO_DIS_LO.wav,1043,train,5,disgust,5,disgust,0.8562873601913452
/Users/prarthanapatel/Desktop/Himanshi/speech_emotion_detection-develop-v2/cremad_preprocessed/audio/1043_IEO_DIS_MD.wav,1043_IEO_DIS_MD.wav,1043,train,5,disgust,1,happy,0.6228013038635254
/Users/prarthanapatel/Desktop/Himanshi/speech_emotion_detection-develop-v2/cremad_preprocessed/audio/1043_IEO_FEA_HI.wav,1043_IEO_FEA_HI.wav,1043,train,4,fearful,4,fearful,0.9389907121658325
/Users/prarthanapatel/Desktop/Himanshi/speech_emotion_detection-develop-v2/cremad_preprocessed/audio/1043_IEO_FEA_LO.wav,1043_IEO_FEA_LO.wav,1043,train,4,fearful,2,sad,0.5932494401931763
/Users/prarthanapatel/Desktop/Himanshi/speech_emotion_detection-develop-v2/cremad_preprocessed/audio/1043_IEO_FEA_MD.wav,1043_IEO_FEA_MD.wav,1043,train,4,fearful,1,happy,0.9655223488807678
/Users/prarthanapatel/Desktop/Himanshi/speech_emotion_detection-develop-v2/cremad_preprocessed/audio/1043_IEO_HAP_HI.wav,1043_IEO_HAP_HI.wav,1043,train,1,happy,1,happy,0.9382712841033936
/Users/prarthanapatel/Desktop/Himanshi/speech_emotion_detection-develop-v2/cremad_preprocessed/audio/1043_IEO_HAP_LO.wav,1043_IEO_HAP_LO.wav,1043,train,1,happy,1,happy,0.9653751254081726
/Users/prarthanapatel/Desktop/Himanshi/speech_emotion_detection-develop-v2/cremad_preprocessed/audio/1043_IEO_HAP_MD.wav,1043_IEO_HAP_MD.wav,1043,train,1,happy,1,happy,0.9716059565544128
/Users/prarthanapatel/Desktop/Himanshi/speech_emotion_detection-develop-v2/cremad_preprocessed/audio/1043_IEO_NEU_XX.wav,1043_IEO_NEU_XX.wav,1043,train,0,neutral,0,neutral,0.9865623116493225
/Users/prarthanapatel/Desktop/Himanshi/speech_emotion_detection-develop-v2/cremad_preprocessed/audio/1043_IEO_SAD_HI.wav,1043_IEO_SAD_HI.wav,1043,train,2,sad,2,sad,0.6858791708946228
/Users/prarthanapatel/Desktop/Himanshi/speech_emotion_detection-develop-v2/cremad_preprocessed/audio/1043_IEO_SAD_LO.wav,1043_IEO_SAD_LO.wav,1043,train,2,sad,2,sad,0.6687150597572327
/Users/prarthanapatel/Desktop/Himanshi/speech_emotion_detection-develop-v2/cremad_preprocessed/audio/1043_IEO_SAD_MD.wav,1043_IEO_SAD_MD.wav,1043,train,2,sad,0,neutral,0.7767596244812012
/Users/prarthanapatel/Desktop/Himanshi/speech_emotion_detection-develop-v2/cremad_preprocessed/audio/1043_IOM_ANG_XX.wav,1043_IOM_ANG_XX.wav,1043,train,3,angry,3,angry,0.9942044615745544
/Users/prarthanapatel/Desktop/Himanshi/speech_emotion_detection-develop-v2/cremad_preprocessed/audio/1043_IOM_DIS_XX.wav,1043_IOM_DIS_XX.wav,1043,train,5,disgust,5,disgust,0.8795080780982971
/Users/prarthanapatel/Desktop/Himanshi/speech_emotion_detection-develop-v2/cremad_preprocessed/audio/1043_IOM_FEA_XX.wav,1043_IOM_FEA_XX.wav,1043,train,4,fearful,4,fearful,0.6365412473678589
/Users/prarthanapatel/Desktop/Himanshi/speech_emotion_detection-develop-v2/cremad_preprocessed/audio/1043_IOM_HAP_XX.wav,1043_IOM_HAP_XX.wav,1043,train,1,happy,3,angry,0.572476863861084
/Users/prarthanapatel/Desktop/Himanshi/speech_emotion_detection-develop-v2/cremad_preprocessed/audio/1043_IOM_NEU_XX.wav,1043_IOM_NEU_XX.wav,1043,train,0,neutral,0,neutral,0.9717098474502563
/Users/prarthanapatel/Desktop/Himanshi/speech_emotion_detection-develop-v2/cremad_preprocessed/audio/1043_IOM_SAD_XX.wav,1043_IOM_SAD_XX.wav,1043,train,2,sad,2,sad,0.8196693658828735
/Users/prarthanapatel/Desktop/Himanshi/speech_emotion_detection-develop-v2/cremad_preprocessed/audio/1043_ITH_ANG_XX.wav,1043_ITH_ANG_XX.wav,1043,train,3,angry,3,angry,0.9945744872093201
/Users/prarthanapatel/Desktop/Himanshi/speech_emotion_detection-develop-v2/cremad_preprocessed/audio/1043_ITH_DIS_XX.wav,1043_ITH_DIS_XX.wav,1043,train,5,disgust,5,disgust,0.8133643269538879
/Users/prarthanapatel/Desktop/Himanshi/speech_emotion_detection-develop-v2/cremad_preprocessed/audio/1043_ITH_FEA_XX.wav,1043_ITH_FEA_XX.wav,1043,train,4,fearful,2,sad,0.8741318583488464
/Users/prarthanapatel/Desktop/Himanshi/speech_emotion_detection-develop-v2/cremad_preprocessed/audio/1043_ITH_HAP_XX.wav,1043_ITH_HAP_XX.wav,1043,train,1,happy,1,happy,0.956061601638794
/Users/prarthanapatel/Desktop/Himanshi/speech_emotion_detection-develop-v2/cremad_preprocessed/audio/1043_ITH_NEU_XX.wav,1043_ITH_NEU_XX.wav,1043,train,0,neutral,0,neutral,0.9738715291023254
/Users/prarthanapatel/Desktop/Himanshi/speech_emotion_detection-develop-v2/cremad_preprocessed/audio/1043_ITH_SAD_XX.wav,1043_ITH_SAD_XX.wav,1043,train,2,sad,2,sad,0.8864167928695679
/Users/prarthanapatel/Desktop/Himanshi/speech_emotion_detection-develop-v2/cremad_preprocessed/audio/1043_ITS_ANG_XX.wav,1043_ITS_ANG_XX.wav,1043,train,3,angry,3,angry,0.984458327293396
/Users/prarthanapatel/Desktop/Himanshi/speech_emotion_detection-develop-v2/cremad_preprocessed/audio/1043_ITS_DIS_XX.wav,1043_ITS_DIS_XX.wav,1043,train,5,disgust,2,sad,0.7190732359886169
/Users/prarthanapatel/Desktop/Himanshi/speech_emotion_detection-develop-v2/cremad_preprocessed/audio/1043_ITS_FEA_XX.wav,1043_ITS_FEA_XX.wav,1043,train,4,fearful,4,fearful,0.9544594883918762
/Users/prarthanapatel/Desktop/Himanshi/speech_emotion_detection-develop-v2/cremad_preprocessed/audio/1043_ITS_HAP_XX.wav,1043_ITS_HAP_XX.wav,1043,train,1,happy,1,happy,0.9698801636695862
/Users/prarthanapatel/Desktop/Himanshi/speech_emotion_detection-develop-v2/cremad_preprocessed/audio/1043_ITS_NEU_XX.wav,1043_ITS_NEU_XX.wav,1043,train,0,neutral,0,neutral,0.9860537648200989
/Users/prarthanapatel/Desktop/Himanshi/speech_emotion_detection-develop-v2/cremad_preprocessed/audio/1043_ITS_SAD_XX.wav,1043_ITS_SAD_XX.wav,1043,train,2,sad,2,sad,0.923179566860199
/Users/prarthanapatel/Desktop/Himanshi/speech_emotion_detection-develop-v2/cremad_preprocessed/audio/1043_IWL_ANG_XX.wav,1043_IWL_ANG_XX.wav,1043,train,3,angry,3,angry,0.9947933554649353
/Users/prarthanapatel/Desktop/Himanshi/speech_emotion_detection-develop-v2/cremad_preprocessed/audio/1043_IWL_DIS_XX.wav,1043_IWL_DIS_XX.wav,1043,train,5,disgust,2,sad,0.8161237835884094
/Users/prarthanapatel/Desktop/Himanshi/speech_emotion_detection-develop-v2/cremad_preprocessed/audio/1043_IWL_FEA_XX.wav,1043_IWL_FEA_XX.wav,1043,train,4,fearful,1,happy,0.4913419783115387
/Users/prarthanapatel/Desktop/Himanshi/speech_emotion_detection-develop-v2/cremad_preprocessed/audio/1043_IWL_HAP_XX.wav,1043_IWL_HAP_XX.wav,1043,train,1,happy,1,happy,0.911243736743927
/Users/prarthanapatel/Desktop/Himanshi/speech_emotion_detection-develop-v2/cremad_preprocessed/audio/1043_IWL_NEU_XX.wav,1043_IWL_NEU_XX.wav,1043,train,0,neutral,0,neutral,0.9863024353981018
/Users/prarthanapatel/Desktop/Himanshi/speech_emotion_detection-develop-v2/cremad_preprocessed/audio/1043_IWL_SAD_XX.wav,1043_IWL_SAD_XX.wav,1043,train,2,sad,2,sad,0.7945392727851868
/Users/prarthanapatel/Desktop/Himanshi/speech_emotion_detection-develop-v2/cremad_preprocessed/audio/1043_IWW_ANG_XX.wav,1043_IWW_ANG_XX.wav,1043,train,3,angry,3,angry,0.9921621680259705
/Users/prarthanapatel/Desktop/Himanshi/speech_emotion_detection-develop-v2/cremad_preprocessed/audio/1043_IWW_DIS_XX.wav,1043_IWW_DIS_XX.wav,1043,train,5,disgust,5,disgust,0.9607352614402771
/Users/prarthanapatel/Desktop/Himanshi/speech_emotion_detection-develop-v2/cremad_preprocessed/audio/1043_IWW_FEA_XX.wav,1043_IWW_FEA_XX.wav,1043,train,4,fearful,5,disgust,0.7425469756126404
/Users/prarthanapatel/Desktop/Himanshi/speech_emotion_detection-develop-v2/cremad_preprocessed/audio/1043_IWW_HAP_XX.wav,1043_IWW_HAP_XX.wav,1043,train,1,happy,1,happy,0.9220886826515198
/Users/prarthanapatel/Desktop/Himanshi/speech_emotion_detection-develop-v2/cremad_preprocessed/audio/1043_IWW_NEU_XX.wav,1043_IWW_NEU_XX.wav,1043,train,0,neutral,0,neutral,0.9240953922271729
/Users/prarthanapatel/Desktop/Himanshi/speech_emotion_detection-develop-v2/cremad_preprocessed/audio/1043_IWW_SAD_XX.wav,1043_IWW_SAD_XX.wav,1043,train,2,sad,2,sad,0.4780994653701782
/Users/prarthanapatel/Desktop/Himanshi/speech_emotion_detection-develop-v2/cremad_preprocessed/audio/1043_MTI_ANG_XX.wav,1043_MTI_ANG_XX.wav,1043,train,3,angry,3,angry,0.9942466616630554
/Users/prarthanapatel/Desktop/Himanshi/speech_emotion_detection-develop-v2/cremad_preprocessed/audio/1043_MTI_DIS_XX.wav,1043_MTI_DIS_XX.wav,1043,train,5,disgust,2,sad,0.5286707282066345
/Users/prarthanapatel/Desktop/Himanshi/speech_emotion_detection-develop-v2/cremad_preprocessed/audio/1043_MTI_FEA_XX.wav,1043_MTI_FEA_XX.wav,1043,train,4,fearful,1,happy,0.5444838404655457
/Users/prarthanapatel/Desktop/Himanshi/speech_emotion_detection-develop-v2/cremad_preprocessed/audio/1043_MTI_HAP_XX.wav,1043_MTI_HAP_XX.wav,1043,train,1,happy,1,happy,0.9508654475212097
/Users/prarthanapatel/Desktop/Himanshi/speech_emotion_detection-develop-v2/cremad_preprocessed/audio/1043_MTI_NEU_XX.wav,1043_MTI_NEU_XX.wav,1043,train,0,neutral,0,neutral,0.987649142742157
/Users/prarthanapatel/Desktop/Himanshi/speech_emotion_detection-develop-v2/cremad_preprocessed/audio/1043_MTI_SAD_XX.wav,1043_MTI_SAD_XX.wav,1043,train,2,sad,2,sad,0.7988649010658264
/Users/prarthanapatel/Desktop/Himanshi/speech_emotion_detection-develop-v2/cremad_preprocessed/audio/1043_TAI_ANG_XX.wav,1043_TAI_ANG_XX.wav,1043,train,3,angry,3,angry,0.9939098358154297
/Users/prarthanapatel/Desktop/Himanshi/speech_emotion_detection-develop-v2/cremad_preprocessed/audio/1043_TAI_DIS_XX.wav,1043_TAI_DIS_XX.wav,1043,train,5,disgust,0,neutral,0.6664512157440186
/Users/prarthanapatel/Desktop/Himanshi/speech_emotion_detection-develop-v2/cremad_preprocessed/audio/1043_TAI_FEA_XX.wav,1043_TAI_FEA_XX.wav,1043,train,4,fearful,1,happy,0.753745436668396
/Users/prarthanapatel/Desktop/Himanshi/speech_emotion_detection-develop-v2/cremad_preprocessed/audio/1043_TAI_HAP_XX.wav,1043_TAI_HAP_XX.wav,1043,train,1,happy,1,happy,0.9796156883239746
/Users/prarthanapatel/Desktop/Himanshi/speech_emotion_detection-develop-v2/cremad_preprocessed/audio/1043_TAI_NEU_XX.wav,1043_TAI_NEU_XX.wav,1043,train,0,neutral,0,neutral,0.9865164756774902
/Users/prarthanapatel/Desktop/Himanshi/speech_emotion_detection-develop-v2/cremad_preprocessed/audio/1043_TAI_SAD_XX.wav,1043_TAI_SAD_XX.wav,1043,train,2,sad,2,sad,0.8481923341751099
/Users/prarthanapatel/Desktop/Himanshi/speech_emotion_detection-develop-v2/cremad_preprocessed/audio/1043_TIE_ANG_XX.wav,1043_TIE_ANG_XX.wav,1043,train,3,angry,3,angry,0.9933886528015137
/Users/prarthanapatel/Desktop/Himanshi/speech_emotion_detection-develop-v2/cremad_preprocessed/audio/1043_TIE_DIS_XX.wav,1043_TIE_DIS_XX.wav,1043,train,5,disgust,1,happy,0.7768577337265015
/Users/prarthanapatel/Desktop/Himanshi/speech_emotion_detection-develop-v2/cremad_preprocessed/audio/1043_TIE_FEA_XX.wav,1043_TIE_FEA_XX.wav,1043,train,4,fearful,4,fearful,0.6605662703514099
/Users/prarthanapatel/Desktop/Himanshi/speech_emotion_detection-develop-v2/cremad_preprocessed/audio/1043_TIE_HAP_XX.wav,1043_TIE_HAP_XX.wav,1043,train,1,happy,1,happy,0.9431734085083008
/Users/prarthanapatel/Desktop/Himanshi/speech_emotion_detection-develop-v2/cremad_preprocessed/audio/1043_TIE_NEU_XX.wav,1043_TIE_NEU_XX.wav,1043,train,0,neutral,1,happy,0.5153478980064392
/Users/prarthanapatel/Desktop/Himanshi/speech_emotion_detection-develop-v2/cremad_preprocessed/audio/1043_TIE_SAD_XX.wav,1043_TIE_SAD_XX.wav,1043,train,2,sad,2,sad,0.8053569793701172
/Users/prarthanapatel/Desktop/Himanshi/speech_emotion_detection-develop-v2/cremad_preprocessed/audio/1043_TSI_ANG_XX.wav,1043_TSI_ANG_XX.wav,1043,train,3,angry,3,angry,0.9945915341377258
/Users/prarthanapatel/Desktop/Himanshi/speech_emotion_detection-develop-v2/cremad_preprocessed/audio/1043_TSI_DIS_XX.wav,1043_TSI_DIS_XX.wav,1043,train,5,disgust,0,neutral,0.47147274017333984
/Users/prarthanapatel/Desktop/Himanshi/speech_emotion_detection-develop-v2/cremad_preprocessed/audio/1043_TSI_FEA_XX.wav,1043_TSI_FEA_XX.wav,1043,train,4,fearful,3,angry,0.8674421310424805
/Users/prarthanapatel/Desktop/Himanshi/speech_emotion_detection-develop-v2/cremad_preprocessed/audio/1043_TSI_HAP_XX.wav,1043_TSI_HAP_XX.wav,1043,train,1,happy,1,happy,0.9776124358177185
/Users/prarthanapatel/Desktop/Himanshi/speech_emotion_detection-develop-v2/cremad_preprocessed/audio/1043_TSI_NEU_XX.wav,1043_TSI_NEU_XX.wav,1043,train,0,neutral,0,neutral,0.9872620701789856
/Users/prarthanapatel/Desktop/Himanshi/speech_emotion_detection-develop-v2/cremad_preprocessed/audio/1043_TSI_SAD_XX.wav,1043_TSI_SAD_XX.wav,1043,train,2,sad,2,sad,0.7397947311401367
/Users/prarthanapatel/Desktop/Himanshi/speech_emotion_detection-develop-v2/cremad_preprocessed/audio/1043_WSI_ANG_XX.wav,1043_WSI_ANG_XX.wav,1043,train,3,angry,3,angry,0.9943715333938599
/Users/prarthanapatel/Desktop/Himanshi/speech_emotion_detection-develop-v2/cremad_preprocessed/audio/1043_WSI_DIS_XX.wav,1043_WSI_DIS_XX.wav,1043,train,5,disgust,5,disgust,0.8958117365837097
/Users/prarthanapatel/Desktop/Himanshi/speech_emotion_detection-develop-v2/cremad_preprocessed/audio/1043_WSI_FEA_XX.wav,1043_WSI_FEA_XX.wav,1043,train,4,fearful,4,fearful,0.7296050786972046
/Users/prarthanapatel/Desktop/Himanshi/speech_emotion_detection-develop-v2/cremad_preprocessed/audio/1043_WSI_HAP_XX.wav,1043_WSI_HAP_XX.wav,1043,train,1,happy,1,happy,0.9583482146263123
/Users/prarthanapatel/Desktop/Himanshi/speech_emotion_detection-develop-v2/cremad_preprocessed/audio/1043_WSI_NEU_XX.wav,1043_WSI_NEU_XX.wav,1043,train,0,neutral,0,neutral,0.9874221086502075
/Users/prarthanapatel/Desktop/Himanshi/speech_emotion_detection-develop-v2/cremad_preprocessed/audio/1043_WSI_SAD_XX.wav,1043_WSI_SAD_XX.wav,1043,train,2,sad,2,sad,0.9252673387527466
/Users/prarthanapatel/Desktop/Himanshi/speech_emotion_detection-develop-v2/cremad_preprocessed/audio/1044_DFA_ANG_XX.wav,1044_DFA_ANG_XX.wav,1044,train,3,angry,3,angry,0.9950602650642395
/Users/prarthanapatel/Desktop/Himanshi/speech_emotion_detection-develop-v2/cremad_preprocessed/audio/1044_DFA_DIS_XX.wav,1044_DFA_DIS_XX.wav,1044,train,5,disgust,5,disgust,0.9626612663269043
/Users/prarthanapatel/Desktop/Himanshi/speech_emotion_detection-develop-v2/cremad_preprocessed/audio/1044_DFA_FEA_XX.wav,1044_DFA_FEA_XX.wav,1044,train,4,fearful,4,fearful,0.9663293957710266
/Users/prarthanapatel/Desktop/Himanshi/speech_emotion_detection-develop-v2/cremad_preprocessed/audio/1044_DFA_HAP_XX.wav,1044_DFA_HAP_XX.wav,1044,train,1,happy,1,happy,0.9116894602775574
/Users/prarthanapatel/Desktop/Himanshi/speech_emotion_detection-develop-v2/cremad_preprocessed/audio/1044_DFA_NEU_XX.wav,1044_DFA_NEU_XX.wav,1044,train,0,neutral,4,fearful,0.4726236164569855
/Users/prarthanapatel/Desktop/Himanshi/speech_emotion_detection-develop-v2/cremad_preprocessed/audio/1044_DFA_SAD_XX.wav,1044_DFA_SAD_XX.wav,1044,train,2,sad,4,fearful,0.5590853691101074
/Users/prarthanapatel/Desktop/Himanshi/speech_emotion_detection-develop-v2/cremad_preprocessed/audio/1044_IEO_ANG_HI.wav,1044_IEO_ANG_HI.wav,1044,train,3,angry,3,angry,0.9941699504852295
/Users/prarthanapatel/Desktop/Himanshi/speech_emotion_detection-develop-v2/cremad_preprocessed/audio/1044_IEO_ANG_LO.wav,1044_IEO_ANG_LO.wav,1044,train,3,angry,3,angry,0.9903506636619568
/Users/prarthanapatel/Desktop/Himanshi/speech_emotion_detection-develop-v2/cremad_preprocessed/audio/1044_IEO_ANG_MD.wav,1044_IEO_ANG_MD.wav,1044,train,3,angry,3,angry,0.9946499466896057
/Users/prarthanapatel/Desktop/Himanshi/speech_emotion_detection-develop-v2/cremad_preprocessed/audio/1044_IEO_DIS_HI.wav,1044_IEO_DIS_HI.wav,1044,train,5,disgust,5,disgust,0.8211634755134583
/Users/prarthanapatel/Desktop/Himanshi/speech_emotion_detection-develop-v2/cremad_preprocessed/audio/1044_IEO_DIS_LO.wav,1044_IEO_DIS_LO.wav,1044,train,5,disgust,5,disgust,0.9331841468811035
/Users/prarthanapatel/Desktop/Himanshi/speech_emotion_detection-develop-v2/cremad_preprocessed/audio/1044_IEO_DIS_MD.wav,1044_IEO_DIS_MD.wav,1044,train,5,disgust,5,disgust,0.9665262699127197
/Users/prarthanapatel/Desktop/Himanshi/speech_emotion_detection-develop-v2/cremad_preprocessed/audio/1044_IEO_FEA_HI.wav,1044_IEO_FEA_HI.wav,1044,train,4,fearful,4,fearful,0.9431152939796448
/Users/prarthanapatel/Desktop/Himanshi/speech_emotion_detection-develop-v2/cremad_preprocessed/audio/1044_IEO_FEA_LO.wav,1044_IEO_FEA_LO.wav,1044,train,4,fearful,4,fearful,0.877322793006897
/Users/prarthanapatel/Desktop/Himanshi/speech_emotion_detection-develop-v2/cremad_preprocessed/audio/1044_IEO_FEA_MD.wav,1044_IEO_FEA_MD.wav,1044,train,4,fearful,4,fearful,0.9048150181770325
/Users/prarthanapatel/Desktop/Himanshi/speech_emotion_detection-develop-v2/cremad_preprocessed/audio/1044_IEO_HAP_HI.wav,1044_IEO_HAP_HI.wav,1044,train,1,happy,4,fearful,0.8666600584983826
/Users/prarthanapatel/Desktop/Himanshi/speech_emotion_detection-develop-v2/cremad_preprocessed/audio/1044_IEO_HAP_LO.wav,1044_IEO_HAP_LO.wav,1044,train,1,happy,1,happy,0.9674850106239319
/Users/prarthanapatel/Desktop/Himanshi/speech_emotion_detection-develop-v2/cremad_preprocessed/audio/1044_IEO_HAP_MD.wav,1044_IEO_HAP_MD.wav,1044,train,1,happy,1,happy,0.9714187383651733
/Users/prarthanapatel/Desktop/Himanshi/speech_emotion_detection-develop-v2/cremad_preprocessed/audio/1044_IEO_NEU_XX.wav,1044_IEO_NEU_XX.wav,1044,train,0,neutral,3,angry,0.9872641563415527
/Users/prarthanapatel/Desktop/Himanshi/speech_emotion_detection-develop-v2/cremad_preprocessed/audio/1044_IEO_SAD_HI.wav,1044_IEO_SAD_HI.wav,1044,train,2,sad,2,sad,0.8142073154449463
/Users/prarthanapatel/Desktop/Himanshi/speech_emotion_detection-develop-v2/cremad_preprocessed/audio/1044_IEO_SAD_LO.wav,1044_IEO_SAD_LO.wav,1044,train,2,sad,4,fearful,0.7860280871391296
/Users/prarthanapatel/Desktop/Himanshi/speech_emotion_detection-develop-v2/cremad_preprocessed/audio/1044_IEO_SAD_MD.wav,1044_IEO_SAD_MD.wav,1044,train,2,sad,2,sad,0.56194007396698
/Users/prarthanapatel/Desktop/Himanshi/speech_emotion_detection-develop-v2/cremad_preprocessed/audio/1044_IOM_ANG_XX.wav,1044_IOM_ANG_XX.wav,1044,train,3,angry,3,angry,0.9942460656166077
/Users/prarthanapatel/Desktop/Himanshi/speech_emotion_detection-develop-v2/cremad_preprocessed/audio/1044_IOM_DIS_XX.wav,1044_IOM_DIS_XX.wav,1044,train,5,disgust,5,disgust,0.9212478995323181
/Users/prarthanapatel/Desktop/Himanshi/speech_emotion_detection-develop-v2/cremad_preprocessed/audio/1044_IOM_FEA_XX.wav,1044_IOM_FEA_XX.wav,1044,train,4,fearful,4,fearful,0.9445439577102661
/Users/prarthanapatel/Desktop/Himanshi/speech_emotion_detection-develop-v2/cremad_preprocessed/audio/1044_IOM_HAP_XX.wav,1044_IOM_HAP_XX.wav,1044,train,1,happy,1,happy,0.9767798781394958
/Users/prarthanapatel/Desktop/Himanshi/speech_emotion_detection-develop-v2/cremad_preprocessed/audio/1044_IOM_NEU_XX.wav,1044_IOM_NEU_XX.wav,1044,train,0,neutral,0,neutral,0.9834275841712952
/Users/prarthanapatel/Desktop/Himanshi/speech_emotion_detection-develop-v2/cremad_preprocessed/audio/1044_IOM_SAD_XX.wav,1044_IOM_SAD_XX.wav,1044,train,2,sad,4,fearful,0.8215323090553284
/Users/prarthanapatel/Desktop/Himanshi/speech_emotion_detection-develop-v2/cremad_preprocessed/audio/1044_ITH_ANG_XX.wav,1044_ITH_ANG_XX.wav,1044,train,3,angry,3,angry,0.9941851496696472
/Users/prarthanapatel/Desktop/Himanshi/speech_emotion_detection-develop-v2/cremad_preprocessed/audio/1044_ITH_DIS_XX.wav,1044_ITH_DIS_XX.wav,1044,train,5,disgust,5,disgust,0.7114370465278625
/Users/prarthanapatel/Desktop/Himanshi/speech_emotion_detection-develop-v2/cremad_preprocessed/audio/1044_ITH_FEA_XX.wav,1044_ITH_FEA_XX.wav,1044,train,4,fearful,4,fearful,0.9201913475990295
/Users/prarthanapatel/Desktop/Himanshi/speech_emotion_detection-develop-v2/cremad_preprocessed/audio/1044_ITH_HAP_XX.wav,1044_ITH_HAP_XX.wav,1044,train,1,happy,1,happy,0.9663717150688171
/Users/prarthanapatel/Desktop/Himanshi/speech_emotion_detection-develop-v2/cremad_preprocessed/audio/1044_ITH_NEU_XX.wav,1044_ITH_NEU_XX.wav,1044,train,0,neutral,3,angry,0.7993996143341064
/Users/prarthanapatel/Desktop/Himanshi/speech_emotion_detection-develop-v2/cremad_preprocessed/audio/1044_ITH_SAD_XX.wav,1044_ITH_SAD_XX.wav,1044,train,2,sad,2,sad,0.5618212223052979
/Users/prarthanapatel/Desktop/Himanshi/speech_emotion_detection-develop-v2/cremad_preprocessed/audio/1044_ITS_ANG_XX.wav,1044_ITS_ANG_XX.wav,1044,train,3,angry,3,angry,0.9948463439941406
/Users/prarthanapatel/Desktop/Himanshi/speech_emotion_detection-develop-v2/cremad_preprocessed/audio/1044_ITS_DIS_XX.wav,1044_ITS_DIS_XX.wav,1044,train,5,disgust,3,angry,0.6153304576873779
/Users/prarthanapatel/Desktop/Himanshi/speech_emotion_detection-develop-v2/cremad_preprocessed/audio/1044_ITS_FEA_XX.wav,1044_ITS_FEA_XX.wav,1044,train,4,fearful,4,fearful,0.964774489402771
/Users/prarthanapatel/Desktop/Himanshi/speech_emotion_detection-develop-v2/cremad_preprocessed/audio/1044_ITS_HAP_XX.wav,1044_ITS_HAP_XX.wav,1044,train,1,happy,1,happy,0.709550142288208
/Users/prarthanapatel/Desktop/Himanshi/speech_emotion_detection-develop-v2/cremad_preprocessed/audio/1044_ITS_NEU_XX.wav,1044_ITS_NEU_XX.wav,1044,train,0,neutral,0,neutral,0.9778211116790771
/Users/prarthanapatel/Desktop/Himanshi/speech_emotion_detection-develop-v2/cremad_preprocessed/audio/1044_ITS_SAD_XX.wav,1044_ITS_SAD_XX.wav,1044,train,2,sad,2,sad,0.5731379985809326
/Users/prarthanapatel/Desktop/Himanshi/speech_emotion_detection-develop-v2/cremad_preprocessed/audio/1044_IWL_ANG_XX.wav,1044_IWL_ANG_XX.wav,1044,train,3,angry,3,angry,0.9944429993629456
/Users/prarthanapatel/Desktop/Himanshi/speech_emotion_detection-develop-v2/cremad_preprocessed/audio/1044_IWL_DIS_XX.wav,1044_IWL_DIS_XX.wav,1044,train,5,disgust,3,angry,0.9688707590103149
/Users/prarthanapatel/Desktop/Himanshi/speech_emotion_detection-develop-v2/cremad_preprocessed/audio/1044_IWL_FEA_XX.wav,1044_IWL_FEA_XX.wav,1044,train,4,fearful,4,fearful,0.9229751229286194
/Users/prarthanapatel/Desktop/Himanshi/speech_emotion_detection-develop-v2/cremad_preprocessed/audio/1044_IWL_HAP_XX.wav,1044_IWL_HAP_XX.wav,1044,train,1,happy,3,angry,0.5248067378997803
/Users/prarthanapatel/Desktop/Himanshi/speech_emotion_detection-develop-v2/cremad_preprocessed/audio/1044_IWL_NEU_XX.wav,1044_IWL_NEU_XX.wav,1044,train,0,neutral,0,neutral,0.956735372543335
/Users/prarthanapatel/Desktop/Himanshi/speech_emotion_detection-develop-v2/cremad_preprocessed/audio/1044_IWL_SAD_XX.wav,1044_IWL_SAD_XX.wav,1044,train,2,sad,4,fearful,0.7778419256210327
/Users/prarthanapatel/Desktop/Himanshi/speech_emotion_detection-develop-v2/cremad_preprocessed/audio/1044_IWW_ANG_XX.wav,1044_IWW_ANG_XX.wav,1044,train,3,angry,3,angry,0.9921209812164307
/Users/prarthanapatel/Desktop/Himanshi/speech_emotion_detection-develop-v2/cremad_preprocessed/audio/1044_IWW_DIS_XX.wav,1044_IWW_DIS_XX.wav,1044,train,5,disgust,5,disgust,0.8951922059059143
/Users/prarthanapatel/Desktop/Himanshi/speech_emotion_detection-develop-v2/cremad_preprocessed/audio/1044_IWW_FEA_XX.wav,1044_IWW_FEA_XX.wav,1044,train,4,fearful,4,fearful,0.9498501420021057
/Users/prarthanapatel/Desktop/Himanshi/speech_emotion_detection-develop-v2/cremad_preprocessed/audio/1044_IWW_HAP_XX.wav,1044_IWW_HAP_XX.wav,1044,train,1,happy,1,happy,0.974117636680603
/Users/prarthanapatel/Desktop/Himanshi/speech_emotion_detection-develop-v2/cremad_preprocessed/audio/1044_IWW_NEU_XX.wav,1044_IWW_NEU_XX.wav,1044,train,0,neutral,0,neutral,0.948622465133667
/Users/prarthanapatel/Desktop/Himanshi/speech_emotion_detection-develop-v2/cremad_preprocessed/audio/1044_IWW_SAD_XX.wav,1044_IWW_SAD_XX.wav,1044,train,2,sad,4,fearful,0.8297330141067505
/Users/prarthanapatel/Desktop/Himanshi/speech_emotion_detection-develop-v2/cremad_preprocessed/audio/1044_MTI_ANG_XX.wav,1044_MTI_ANG_XX.wav,1044,train,3,angry,3,angry,0.9940067529678345
/Users/prarthanapatel/Desktop/Himanshi/speech_emotion_detection-develop-v2/cremad_preprocessed/audio/1044_MTI_DIS_XX.wav,1044_MTI_DIS_XX.wav,1044,train,5,disgust,5,disgust,0.9323799014091492
/Users/prarthanapatel/Desktop/Himanshi/speech_emotion_detection-develop-v2/cremad_preprocessed/audio/1044_MTI_FEA_XX.wav,1044_MTI_FEA_XX.wav,1044,train,4,fearful,4,fearful,0.9517716765403748
/Users/prarthanapatel/Desktop/Himanshi/speech_emotion_detection-develop-v2/cremad_preprocessed/audio/1044_MTI_HAP_XX.wav,1044_MTI_HAP_XX.wav,1044,train,1,happy,1,happy,0.9741694331169128
/Users/prarthanapatel/Desktop/Himanshi/speech_emotion_detection-develop-v2/cremad_preprocessed/audio/1044_MTI_NEU_XX.wav,1044_MTI_NEU_XX.wav,1044,train,0,neutral,0,neutral,0.9553192853927612
/Users/prarthanapatel/Desktop/Himanshi/speech_emotion_detection-develop-v2/cremad_preprocessed/audio/1044_MTI_SAD_XX.wav,1044_MTI_SAD_XX.wav,1044,train,2,sad,4,fearful,0.7609877586364746
/Users/prarthanapatel/Desktop/Himanshi/speech_emotion_detection-develop-v2/cremad_preprocessed/audio/1044_TAI_ANG_XX.wav,1044_TAI_ANG_XX.wav,1044,train,3,angry,3,angry,0.9946685433387756
/Users/prarthanapatel/Desktop/Himanshi/speech_emotion_detection-develop-v2/cremad_preprocessed/audio/1044_TAI_DIS_XX.wav,1044_TAI_DIS_XX.wav,1044,train,5,disgust,5,disgust,0.8317207098007202
/Users/prarthanapatel/Desktop/Himanshi/speech_emotion_detection-develop-v2/cremad_preprocessed/audio/1044_TAI_FEA_XX.wav,1044_TAI_FEA_XX.wav,1044,train,4,fearful,4,fearful,0.9641544222831726
/Users/prarthanapatel/Desktop/Himanshi/speech_emotion_detection-develop-v2/cremad_preprocessed/audio/1044_TAI_HAP_XX.wav,1044_TAI_HAP_XX.wav,1044,train,1,happy,1,happy,0.9727690815925598
/Users/prarthanapatel/Desktop/Himanshi/speech_emotion_detection-develop-v2/cremad_preprocessed/audio/1044_TAI_NEU_XX.wav,1044_TAI_NEU_XX.wav,1044,train,0,neutral,0,neutral,0.9743034839630127
/Users/prarthanapatel/Desktop/Himanshi/speech_emotion_detection-develop-v2/cremad_preprocessed/audio/1044_TAI_SAD_XX.wav,1044_TAI_SAD_XX.wav,1044,train,2,sad,4,fearful,0.8314328789710999
/Users/prarthanapatel/Desktop/Himanshi/speech_emotion_detection-develop-v2/cremad_preprocessed/audio/1044_TIE_ANG_XX.wav,1044_TIE_ANG_XX.wav,1044,train,3,angry,3,angry,0.9808188080787659
/Users/prarthanapatel/Desktop/Himanshi/speech_emotion_detection-develop-v2/cremad_preprocessed/audio/1044_TIE_DIS_XX.wav,1044_TIE_DIS_XX.wav,1044,train,5,disgust,5,disgust,0.8937734365463257
/Users/prarthanapatel/Desktop/Himanshi/speech_emotion_detection-develop-v2/cremad_preprocessed/audio/1044_TIE_FEA_XX.wav,1044_TIE_FEA_XX.wav,1044,train,4,fearful,4,fearful,0.9509694576263428
/Users/prarthanapatel/Desktop/Himanshi/speech_emotion_detection-develop-v2/cremad_preprocessed/audio/1044_TIE_HAP_XX.wav,1044_TIE_HAP_XX.wav,1044,train,1,happy,1,happy,0.977880597114563
/Users/prarthanapatel/Desktop/Himanshi/speech_emotion_detection-develop-v2/cremad_preprocessed/audio/1044_TIE_NEU_XX.wav,1044_TIE_NEU_XX.wav,1044,train,0,neutral,0,neutral,0.9821546077728271
/Users/prarthanapatel/Desktop/Himanshi/speech_emotion_detection-develop-v2/cremad_preprocessed/audio/1044_TIE_SAD_XX.wav,1044_TIE_SAD_XX.wav,1044,train,2,sad,4,fearful,0.8519917726516724
/Users/prarthanapatel/Desktop/Himanshi/speech_emotion_detection-develop-v2/cremad_preprocessed/audio/1044_TSI_ANG_XX.wav,1044_TSI_ANG_XX.wav,1044,train,3,angry,3,angry,0.9940126538276672
/Users/prarthanapatel/Desktop/Himanshi/speech_emotion_detection-develop-v2/cremad_preprocessed/audio/1044_TSI_DIS_XX.wav,1044_TSI_DIS_XX.wav,1044,train,5,disgust,5,disgust,0.9323527812957764
/Users/prarthanapatel/Desktop/Himanshi/speech_emotion_detection-develop-v2/cremad_preprocessed/audio/1044_TSI_FEA_XX.wav,1044_TSI_FEA_XX.wav,1044,train,4,fearful,4,fearful,0.9671691060066223
/Users/prarthanapatel/Desktop/Himanshi/speech_emotion_detection-develop-v2/cremad_preprocessed/audio/1044_TSI_HAP_XX.wav,1044_TSI_HAP_XX.wav,1044,train,1,happy,1,happy,0.7657872438430786
/Users/prarthanapatel/Desktop/Himanshi/speech_emotion_detection-develop-v2/cremad_preprocessed/audio/1044_TSI_NEU_XX.wav,1044_TSI_NEU_XX.wav,1044,train,0,neutral,0,neutral,0.678513765335083
/Users/prarthanapatel/Desktop/Himanshi/speech_emotion_detection-develop-v2/cremad_preprocessed/audio/1044_TSI_SAD_XX.wav,1044_TSI_SAD_XX.wav,1044,train,2,sad,4,fearful,0.6901864409446716
/Users/prarthanapatel/Desktop/Himanshi/speech_emotion_detection-develop-v2/cremad_preprocessed/audio/1044_WSI_ANG_XX.wav,1044_WSI_ANG_XX.wav,1044,train,3,angry,3,angry,0.9952291250228882
/Users/prarthanapatel/Desktop/Himanshi/speech_emotion_detection-develop-v2/cremad_preprocessed/audio/1044_WSI_DIS_XX.wav,1044_WSI_DIS_XX.wav,1044,train,5,disgust,5,disgust,0.37223514914512634
/Users/prarthanapatel/Desktop/Himanshi/speech_emotion_detection-develop-v2/cremad_preprocessed/audio/1044_WSI_FEA_XX.wav,1044_WSI_FEA_XX.wav,1044,train,4,fearful,4,fearful,0.930363118648529
/Users/prarthanapatel/Desktop/Himanshi/speech_emotion_detection-develop-v2/cremad_preprocessed/audio/1044_WSI_HAP_XX.wav,1044_WSI_HAP_XX.wav,1044,train,1,happy,1,happy,0.9712399244308472
/Users/prarthanapatel/Desktop/Himanshi/speech_emotion_detection-develop-v2/cremad_preprocessed/audio/1044_WSI_NEU_XX.wav,1044_WSI_NEU_XX.wav,1044,train,0,neutral,0,neutral,0.9769575595855713
/Users/prarthanapatel/Desktop/Himanshi/speech_emotion_detection-develop-v2/cremad_preprocessed/audio/1044_WSI_SAD_XX.wav,1044_WSI_SAD_XX.wav,1044,train,2,sad,2,sad,0.5521553754806519
/Users/prarthanapatel/Desktop/Himanshi/speech_emotion_detection-develop-v2/cremad_preprocessed/audio/1046_DFA_ANG_XX.wav,1046_DFA_ANG_XX.wav,1046,train,3,angry,3,angry,0.994762122631073
/Users/prarthanapatel/Desktop/Himanshi/speech_emotion_detection-develop-v2/cremad_preprocessed/audio/1046_DFA_DIS_XX.wav,1046_DFA_DIS_XX.wav,1046,train,5,disgust,5,disgust,0.8241015672683716
/Users/prarthanapatel/Desktop/Himanshi/speech_emotion_detection-develop-v2/cremad_preprocessed/audio/1046_DFA_FEA_XX.wav,1046_DFA_FEA_XX.wav,1046,train,4,fearful,4,fearful,0.9497522711753845
/Users/prarthanapatel/Desktop/Himanshi/speech_emotion_detection-develop-v2/cremad_preprocessed/audio/1046_DFA_HAP_XX.wav,1046_DFA_HAP_XX.wav,1046,train,1,happy,1,happy,0.9679185152053833
/Users/prarthanapatel/Desktop/Himanshi/speech_emotion_detection-develop-v2/cremad_preprocessed/audio/1046_DFA_NEU_XX.wav,1046_DFA_NEU_XX.wav,1046,train,0,neutral,0,neutral,0.9856573939323425
/Users/prarthanapatel/Desktop/Himanshi/speech_emotion_detection-develop-v2/cremad_preprocessed/audio/1046_DFA_SAD_XX.wav,1046_DFA_SAD_XX.wav,1046,train,2,sad,2,sad,0.9252920746803284
/Users/prarthanapatel/Desktop/Himanshi/speech_emotion_detection-develop-v2/cremad_preprocessed/audio/1046_IEO_ANG_HI.wav,1046_IEO_ANG_HI.wav,1046,train,3,angry,3,angry,0.9949164390563965
/Users/prarthanapatel/Desktop/Himanshi/speech_emotion_detection-develop-v2/cremad_preprocessed/audio/1046_IEO_ANG_LO.wav,1046_IEO_ANG_LO.wav,1046,train,3,angry,3,angry,0.8126569390296936
/Users/prarthanapatel/Desktop/Himanshi/speech_emotion_detection-develop-v2/cremad_preprocessed/audio/1046_IEO_ANG_MD.wav,1046_IEO_ANG_MD.wav,1046,train,3,angry,3,angry,0.9906629323959351
/Users/prarthanapatel/Desktop/Himanshi/speech_emotion_detection-develop-v2/cremad_preprocessed/audio/1046_IEO_DIS_HI.wav,1046_IEO_DIS_HI.wav,1046,train,5,disgust,5,disgust,0.690432608127594
/Users/prarthanapatel/Desktop/Himanshi/speech_emotion_detection-develop-v2/cremad_preprocessed/audio/1046_IEO_DIS_LO.wav,1046_IEO_DIS_LO.wav,1046,train,5,disgust,5,disgust,0.6999114155769348
/Users/prarthanapatel/Desktop/Himanshi/speech_emotion_detection-develop-v2/cremad_preprocessed/audio/1046_IEO_DIS_MD.wav,1046_IEO_DIS_MD.wav,1046,train,5,disgust,4,fearful,0.8449376821517944
/Users/prarthanapatel/Desktop/Himanshi/speech_emotion_detection-develop-v2/cremad_preprocessed/audio/1046_IEO_FEA_HI.wav,1046_IEO_FEA_HI.wav,1046,train,4,fearful,4,fearful,0.9601917862892151
/Users/prarthanapatel/Desktop/Himanshi/speech_emotion_detection-develop-v2/cremad_preprocessed/audio/1046_IEO_FEA_LO.wav,1046_IEO_FEA_LO.wav,1046,train,4,fearful,4,fearful,0.7373742461204529
/Users/prarthanapatel/Desktop/Himanshi/speech_emotion_detection-develop-v2/cremad_preprocessed/audio/1046_IEO_FEA_MD.wav,1046_IEO_FEA_MD.wav,1046,train,4,fearful,4,fearful,0.7434877753257751
/Users/prarthanapatel/Desktop/Himanshi/speech_emotion_detection-develop-v2/cremad_preprocessed/audio/1046_IEO_HAP_HI.wav,1046_IEO_HAP_HI.wav,1046,train,1,happy,1,happy,0.9042637348175049
/Users/prarthanapatel/Desktop/Himanshi/speech_emotion_detection-develop-v2/cremad_preprocessed/audio/1046_IEO_HAP_LO.wav,1046_IEO_HAP_LO.wav,1046,train,1,happy,1,happy,0.8157206177711487
/Users/prarthanapatel/Desktop/Himanshi/speech_emotion_detection-develop-v2/cremad_preprocessed/audio/1046_IEO_HAP_MD.wav,1046_IEO_HAP_MD.wav,1046,train,1,happy,4,fearful,0.870616614818573
/Users/prarthanapatel/Desktop/Himanshi/speech_emotion_detection-develop-v2/cremad_preprocessed/audio/1046_IEO_NEU_XX.wav,1046_IEO_NEU_XX.wav,1046,train,0,neutral,0,neutral,0.9866602420806885
/Users/prarthanapatel/Desktop/Himanshi/speech_emotion_detection-develop-v2/cremad_preprocessed/audio/1046_IEO_SAD_HI.wav,1046_IEO_SAD_HI.wav,1046,train,2,sad,2,sad,0.5841100811958313
/Users/prarthanapatel/Desktop/Himanshi/speech_emotion_detection-develop-v2/cremad_preprocessed/audio/1046_IEO_SAD_LO.wav,1046_IEO_SAD_LO.wav,1046,train,2,sad,4,fearful,0.5124666094779968
/Users/prarthanapatel/Desktop/Himanshi/speech_emotion_detection-develop-v2/cremad_preprocessed/audio/1046_IEO_SAD_MD.wav,1046_IEO_SAD_MD.wav,1046,train,2,sad,4,fearful,0.5426449179649353
/Users/prarthanapatel/Desktop/Himanshi/speech_emotion_detection-develop-v2/cremad_preprocessed/audio/1046_IOM_ANG_XX.wav,1046_IOM_ANG_XX.wav,1046,train,3,angry,3,angry,0.9936466217041016
/Users/prarthanapatel/Desktop/Himanshi/speech_emotion_detection-develop-v2/cremad_preprocessed/audio/1046_IOM_DIS_XX.wav,1046_IOM_DIS_XX.wav,1046,train,5,disgust,2,sad,0.59501051902771
/Users/prarthanapatel/Desktop/Himanshi/speech_emotion_detection-develop-v2/cremad_preprocessed/audio/1046_IOM_FEA_XX.wav,1046_IOM_FEA_XX.wav,1046,train,4,fearful,4,fearful,0.9072902798652649
/Users/prarthanapatel/Desktop/Himanshi/speech_emotion_detection-develop-v2/cremad_preprocessed/audio/1046_IOM_HAP_XX.wav,1046_IOM_HAP_XX.wav,1046,train,1,happy,1,happy,0.9753462672233582
/Users/prarthanapatel/Desktop/Himanshi/speech_emotion_detection-develop-v2/cremad_preprocessed/audio/1046_IOM_NEU_XX.wav,1046_IOM_NEU_XX.wav,1046,train,0,neutral,0,neutral,0.9690797328948975
/Users/prarthanapatel/Desktop/Himanshi/speech_emotion_detection-develop-v2/cremad_preprocessed/audio/1046_IOM_SAD_XX.wav,1046_IOM_SAD_XX.wav,1046,train,2,sad,0,neutral,0.8414843678474426
/Users/prarthanapatel/Desktop/Himanshi/speech_emotion_detection-develop-v2/cremad_preprocessed/audio/1046_ITH_ANG_XX.wav,1046_ITH_ANG_XX.wav,1046,train,3,angry,3,angry,0.9805312752723694
/Users/prarthanapatel/Desktop/Himanshi/speech_emotion_detection-develop-v2/cremad_preprocessed/audio/1046_ITH_DIS_XX.wav,1046_ITH_DIS_XX.wav,1046,train,5,disgust,2,sad,0.7449004650115967
/Users/prarthanapatel/Desktop/Himanshi/speech_emotion_detection-develop-v2/cremad_preprocessed/audio/1046_ITH_FEA_XX.wav,1046_ITH_FEA_XX.wav,1046,train,4,fearful,4,fearful,0.45452383160591125
/Users/prarthanapatel/Desktop/Himanshi/speech_emotion_detection-develop-v2/cremad_preprocessed/audio/1046_ITH_HAP_XX.wav,1046_ITH_HAP_XX.wav,1046,train,1,happy,1,happy,0.9817803502082825
/Users/prarthanapatel/Desktop/Himanshi/speech_emotion_detection-develop-v2/cremad_preprocessed/audio/1046_ITH_NEU_XX.wav,1046_ITH_NEU_XX.wav,1046,train,0,neutral,0,neutral,0.9837373495101929
/Users/prarthanapatel/Desktop/Himanshi/speech_emotion_detection-develop-v2/cremad_preprocessed/audio/1046_ITH_SAD_XX.wav,1046_ITH_SAD_XX.wav,1046,train,2,sad,2,sad,0.8127621412277222
/Users/prarthanapatel/Desktop/Himanshi/speech_emotion_detection-develop-v2/cremad_preprocessed/audio/1046_ITS_ANG_XX.wav,1046_ITS_ANG_XX.wav,1046,train,3,angry,3,angry,0.9945726990699768
/Users/prarthanapatel/Desktop/Himanshi/speech_emotion_detection-develop-v2/cremad_preprocessed/audio/1046_ITS_DIS_XX.wav,1046_ITS_DIS_XX.wav,1046,train,5,disgust,0,neutral,0.537885844707489
/Users/prarthanapatel/Desktop/Himanshi/speech_emotion_detection-develop-v2/cremad_preprocessed/audio/1046_ITS_FEA_XX.wav,1046_ITS_FEA_XX.wav,1046,train,4,fearful,4,fearful,0.9385044574737549
/Users/prarthanapatel/Desktop/Himanshi/speech_emotion_detection-develop-v2/cremad_preprocessed/audio/1046_ITS_HAP_XX.wav,1046_ITS_HAP_XX.wav,1046,train,1,happy,1,happy,0.9655833840370178
/Users/prarthanapatel/Desktop/Himanshi/speech_emotion_detection-develop-v2/cremad_preprocessed/audio/1046_ITS_NEU_XX.wav,1046_ITS_NEU_XX.wav,1046,train,0,neutral,0,neutral,0.981962263584137
/Users/prarthanapatel/Desktop/Himanshi/speech_emotion_detection-develop-v2/cremad_preprocessed/audio/1046_ITS_SAD_XX.wav,1046_ITS_SAD_XX.wav,1046,train,2,sad,2,sad,0.8272621631622314
/Users/prarthanapatel/Desktop/Himanshi/speech_emotion_detection-develop-v2/cremad_preprocessed/audio/1046_IWL_ANG_XX.wav,1046_IWL_ANG_XX.wav,1046,train,3,angry,3,angry,0.9811088442802429
/Users/prarthanapatel/Desktop/Himanshi/speech_emotion_detection-develop-v2/cremad_preprocessed/audio/1046_IWL_DIS_XX.wav,1046_IWL_DIS_XX.wav,1046,train,5,disgust,4,fearful,0.7703781127929688
/Users/prarthanapatel/Desktop/Himanshi/speech_emotion_detection-develop-v2/cremad_preprocessed/audio/1046_IWL_FEA_XX.wav,1046_IWL_FEA_XX.wav,1046,train,4,fearful,4,fearful,0.9187411069869995
/Users/prarthanapatel/Desktop/Himanshi/speech_emotion_detection-develop-v2/cremad_preprocessed/audio/1046_IWL_HAP_XX.wav,1046_IWL_HAP_XX.wav,1046,train,1,happy,1,happy,0.9708125591278076
/Users/prarthanapatel/Desktop/Himanshi/speech_emotion_detection-develop-v2/cremad_preprocessed/audio/1046_IWL_NEU_XX.wav,1046_IWL_NEU_XX.wav,1046,train,0,neutral,0,neutral,0.9820836782455444
/Users/prarthanapatel/Desktop/Himanshi/speech_emotion_detection-develop-v2/cremad_preprocessed/audio/1046_IWL_SAD_XX.wav,1046_IWL_SAD_XX.wav,1046,train,2,sad,4,fearful,0.5174998044967651
/Users/prarthanapatel/Desktop/Himanshi/speech_emotion_detection-develop-v2/cremad_preprocessed/audio/1046_IWW_ANG_XX.wav,1046_IWW_ANG_XX.wav,1046,train,3,angry,3,angry,0.9885044693946838
/Users/prarthanapatel/Desktop/Himanshi/speech_emotion_detection-develop-v2/cremad_preprocessed/audio/1046_IWW_DIS_XX.wav,1046_IWW_DIS_XX.wav,1046,train,5,disgust,5,disgust,0.5761791467666626
/Users/prarthanapatel/Desktop/Himanshi/speech_emotion_detection-develop-v2/cremad_preprocessed/audio/1046_IWW_FEA_XX.wav,1046_IWW_FEA_XX.wav,1046,train,4,fearful,4,fearful,0.9243909120559692
/Users/prarthanapatel/Desktop/Himanshi/speech_emotion_detection-develop-v2/cremad_preprocessed/audio/1046_IWW_HAP_XX.wav,1046_IWW_HAP_XX.wav,1046,train,1,happy,1,happy,0.9342953562736511
/Users/prarthanapatel/Desktop/Himanshi/speech_emotion_detection-develop-v2/cremad_preprocessed/audio/1046_IWW_NEU_XX.wav,1046_IWW_NEU_XX.wav,1046,train,0,neutral,0,neutral,0.9887499809265137
/Users/prarthanapatel/Desktop/Himanshi/speech_emotion_detection-develop-v2/cremad_preprocessed/audio/1046_IWW_SAD_XX.wav,1046_IWW_SAD_XX.wav,1046,train,2,sad,0,neutral,0.537501335144043
/Users/prarthanapatel/Desktop/Himanshi/speech_emotion_detection-develop-v2/cremad_preprocessed/audio/1046_MTI_ANG_XX.wav,1046_MTI_ANG_XX.wav,1046,train,3,angry,3,angry,0.9908624887466431
/Users/prarthanapatel/Desktop/Himanshi/speech_emotion_detection-develop-v2/cremad_preprocessed/audio/1046_MTI_DIS_XX.wav,1046_MTI_DIS_XX.wav,1046,train,5,disgust,4,fearful,0.49836722016334534
/Users/prarthanapatel/Desktop/Himanshi/speech_emotion_detection-develop-v2/cremad_preprocessed/audio/1046_MTI_FEA_XX.wav,1046_MTI_FEA_XX.wav,1046,train,4,fearful,1,happy,0.6214349865913391
/Users/prarthanapatel/Desktop/Himanshi/speech_emotion_detection-develop-v2/cremad_preprocessed/audio/1046_MTI_HAP_XX.wav,1046_MTI_HAP_XX.wav,1046,train,1,happy,4,fearful,0.8332427144050598
/Users/prarthanapatel/Desktop/Himanshi/speech_emotion_detection-develop-v2/cremad_preprocessed/audio/1046_MTI_NEU_XX.wav,1046_MTI_NEU_XX.wav,1046,train,0,neutral,0,neutral,0.9707632660865784
/Users/prarthanapatel/Desktop/Himanshi/speech_emotion_detection-develop-v2/cremad_preprocessed/audio/1046_MTI_SAD_XX.wav,1046_MTI_SAD_XX.wav,1046,train,2,sad,4,fearful,0.45175763964653015
/Users/prarthanapatel/Desktop/Himanshi/speech_emotion_detection-develop-v2/cremad_preprocessed/audio/1046_TAI_ANG_XX.wav,1046_TAI_ANG_XX.wav,1046,train,3,angry,3,angry,0.9829907417297363
/Users/prarthanapatel/Desktop/Himanshi/speech_emotion_detection-develop-v2/cremad_preprocessed/audio/1046_TAI_DIS_XX.wav,1046_TAI_DIS_XX.wav,1046,train,5,disgust,2,sad,0.6026043891906738
/Users/prarthanapatel/Desktop/Himanshi/speech_emotion_detection-develop-v2/cremad_preprocessed/audio/1046_TAI_FEA_XX.wav,1046_TAI_FEA_XX.wav,1046,train,4,fearful,4,fearful,0.49074554443359375
/Users/prarthanapatel/Desktop/Himanshi/speech_emotion_detection-develop-v2/cremad_preprocessed/audio/1046_TAI_HAP_XX.wav,1046_TAI_HAP_XX.wav,1046,train,1,happy,1,happy,0.9739091992378235
/Users/prarthanapatel/Desktop/Himanshi/speech_emotion_detection-develop-v2/cremad_preprocessed/audio/1046_TAI_NEU_XX.wav,1046_TAI_NEU_XX.wav,1046,train,0,neutral,0,neutral,0.9752893447875977
/Users/prarthanapatel/Desktop/Himanshi/speech_emotion_detection-develop-v2/cremad_preprocessed/audio/1046_TAI_SAD_XX.wav,1046_TAI_SAD_XX.wav,1046,train,2,sad,2,sad,0.9027931094169617
/Users/prarthanapatel/Desktop/Himanshi/speech_emotion_detection-develop-v2/cremad_preprocessed/audio/1046_TIE_ANG_XX.wav,1046_TIE_ANG_XX.wav,1046,train,3,angry,3,angry,0.9925738573074341
/Users/prarthanapatel/Desktop/Himanshi/speech_emotion_detection-develop-v2/cremad_preprocessed/audio/1046_TIE_DIS_XX.wav,1046_TIE_DIS_XX.wav,1046,train,5,disgust,1,happy,0.9564904570579529
/Users/prarthanapatel/Desktop/Himanshi/speech_emotion_detection-develop-v2/cremad_preprocessed/audio/1046_TIE_FEA_XX.wav,1046_TIE_FEA_XX.wav,1046,train,4,fearful,4,fearful,0.4753168225288391
/Users/prarthanapatel/Desktop/Himanshi/speech_emotion_detection-develop-v2/cremad_preprocessed/audio/1046_TIE_HAP_XX.wav,1046_TIE_HAP_XX.wav,1046,train,1,happy,1,happy,0.9793434143066406
/Users/prarthanapatel/Desktop/Himanshi/speech_emotion_detection-develop-v2/cremad_preprocessed/audio/1046_TIE_NEU_XX.wav,1046_TIE_NEU_XX.wav,1046,train,0,neutral,0,neutral,0.9866973757743835
/Users/prarthanapatel/Desktop/Himanshi/speech_emotion_detection-develop-v2/cremad_preprocessed/audio/1046_TIE_SAD_XX.wav,1046_TIE_SAD_XX.wav,1046,train,2,sad,2,sad,0.603580892086029
/Users/prarthanapatel/Desktop/Himanshi/speech_emotion_detection-develop-v2/cremad_preprocessed/audio/1046_TSI_ANG_XX.wav,1046_TSI_ANG_XX.wav,1046,train,3,angry,3,angry,0.9941483736038208
/Users/prarthanapatel/Desktop/Himanshi/speech_emotion_detection-develop-v2/cremad_preprocessed/audio/1046_TSI_DIS_XX.wav,1046_TSI_DIS_XX.wav,1046,train,5,disgust,2,sad,0.8601802587509155
/Users/prarthanapatel/Desktop/Himanshi/speech_emotion_detection-develop-v2/cremad_preprocessed/audio/1046_TSI_FEA_XX.wav,1046_TSI_FEA_XX.wav,1046,train,4,fearful,4,fearful,0.9106289148330688
/Users/prarthanapatel/Desktop/Himanshi/speech_emotion_detection-develop-v2/cremad_preprocessed/audio/1046_TSI_HAP_XX.wav,1046_TSI_HAP_XX.wav,1046,train,1,happy,1,happy,0.9676361680030823
/Users/prarthanapatel/Desktop/Himanshi/speech_emotion_detection-develop-v2/cremad_preprocessed/audio/1046_TSI_NEU_XX.wav,1046_TSI_NEU_XX.wav,1046,train,0,neutral,0,neutral,0.9311435222625732
/Users/prarthanapatel/Desktop/Himanshi/speech_emotion_detection-develop-v2/cremad_preprocessed/audio/1046_TSI_SAD_XX.wav,1046_TSI_SAD_XX.wav,1046,train,2,sad,2,sad,0.7601996660232544
/Users/prarthanapatel/Desktop/Himanshi/speech_emotion_detection-develop-v2/cremad_preprocessed/audio/1046_WSI_ANG_XX.wav,1046_WSI_ANG_XX.wav,1046,train,3,angry,3,angry,0.9931957721710205
/Users/prarthanapatel/Desktop/Himanshi/speech_emotion_detection-develop-v2/cremad_preprocessed/audio/1046_WSI_DIS_XX.wav,1046_WSI_DIS_XX.wav,1046,train,5,disgust,1,happy,0.6706724166870117
/Users/prarthanapatel/Desktop/Himanshi/speech_emotion_detection-develop-v2/cremad_preprocessed/audio/1046_WSI_FEA_XX.wav,1046_WSI_FEA_XX.wav,1046,train,4,fearful,4,fearful,0.9522521495819092
/Users/prarthanapatel/Desktop/Himanshi/speech_emotion_detection-develop-v2/cremad_preprocessed/audio/1046_WSI_HAP_XX.wav,1046_WSI_HAP_XX.wav,1046,train,1,happy,1,happy,0.9495843052864075
/Users/prarthanapatel/Desktop/Himanshi/speech_emotion_detection-develop-v2/cremad_preprocessed/audio/1046_WSI_NEU_XX.wav,1046_WSI_NEU_XX.wav,1046,train,0,neutral,0,neutral,0.9639676213264465
/Users/prarthanapatel/Desktop/Himanshi/speech_emotion_detection-develop-v2/cremad_preprocessed/audio/1046_WSI_SAD_XX.wav,1046_WSI_SAD_XX.wav,1046,train,2,sad,2,sad,0.8256264925003052
/Users/prarthanapatel/Desktop/Himanshi/speech_emotion_detection-develop-v2/cremad_preprocessed/audio/1047_DFA_ANG_XX.wav,1047_DFA_ANG_XX.wav,1047,train,3,angry,3,angry,0.9945283532142639
/Users/prarthanapatel/Desktop/Himanshi/speech_emotion_detection-develop-v2/cremad_preprocessed/audio/1047_DFA_DIS_XX.wav,1047_DFA_DIS_XX.wav,1047,train,5,disgust,5,disgust,0.8220783472061157
/Users/prarthanapatel/Desktop/Himanshi/speech_emotion_detection-develop-v2/cremad_preprocessed/audio/1047_DFA_FEA_XX.wav,1047_DFA_FEA_XX.wav,1047,train,4,fearful,4,fearful,0.821811318397522
/Users/prarthanapatel/Desktop/Himanshi/speech_emotion_detection-develop-v2/cremad_preprocessed/audio/1047_DFA_HAP_XX.wav,1047_DFA_HAP_XX.wav,1047,train,1,happy,1,happy,0.957861065864563
/Users/prarthanapatel/Desktop/Himanshi/speech_emotion_detection-develop-v2/cremad_preprocessed/audio/1047_DFA_NEU_XX.wav,1047_DFA_NEU_XX.wav,1047,train,0,neutral,0,neutral,0.9858964085578918
/Users/prarthanapatel/Desktop/Himanshi/speech_emotion_detection-develop-v2/cremad_preprocessed/audio/1047_DFA_SAD_XX.wav,1047_DFA_SAD_XX.wav,1047,train,2,sad,2,sad,0.8899103999137878
/Users/prarthanapatel/Desktop/Himanshi/speech_emotion_detection-develop-v2/cremad_preprocessed/audio/1047_IEO_ANG_HI.wav,1047_IEO_ANG_HI.wav,1047,train,3,angry,3,angry,0.9949883222579956
/Users/prarthanapatel/Desktop/Himanshi/speech_emotion_detection-develop-v2/cremad_preprocessed/audio/1047_IEO_ANG_LO.wav,1047_IEO_ANG_LO.wav,1047,train,3,angry,3,angry,0.9931946992874146
/Users/prarthanapatel/Desktop/Himanshi/speech_emotion_detection-develop-v2/cremad_preprocessed/audio/1047_IEO_ANG_MD.wav,1047_IEO_ANG_MD.wav,1047,train,3,angry,1,happy,0.719902515411377
/Users/prarthanapatel/Desktop/Himanshi/speech_emotion_detection-develop-v2/cremad_preprocessed/audio/1047_IEO_DIS_HI.wav,1047_IEO_DIS_HI.wav,1047,train,5,disgust,5,disgust,0.9378418326377869
/Users/prarthanapatel/Desktop/Himanshi/speech_emotion_detection-develop-v2/cremad_preprocessed/audio/1047_IEO_DIS_LO.wav,1047_IEO_DIS_LO.wav,1047,train,5,disgust,5,disgust,0.5986417531967163
/Users/prarthanapatel/Desktop/Himanshi/speech_emotion_detection-develop-v2/cremad_preprocessed/audio/1047_IEO_DIS_MD.wav,1047_IEO_DIS_MD.wav,1047,train,5,disgust,5,disgust,0.8385780453681946
/Users/prarthanapatel/Desktop/Himanshi/speech_emotion_detection-develop-v2/cremad_preprocessed/audio/1047_IEO_FEA_HI.wav,1047_IEO_FEA_HI.wav,1047,train,4,fearful,4,fearful,0.656611979007721
/Users/prarthanapatel/Desktop/Himanshi/speech_emotion_detection-develop-v2/cremad_preprocessed/audio/1047_IEO_FEA_LO.wav,1047_IEO_FEA_LO.wav,1047,train,4,fearful,4,fearful,0.8689922094345093
/Users/prarthanapatel/Desktop/Himanshi/speech_emotion_detection-develop-v2/cremad_preprocessed/audio/1047_IEO_FEA_MD.wav,1047_IEO_FEA_MD.wav,1047,train,4,fearful,4,fearful,0.9663622379302979
/Users/prarthanapatel/Desktop/Himanshi/speech_emotion_detection-develop-v2/cremad_preprocessed/audio/1047_IEO_HAP_HI.wav,1047_IEO_HAP_HI.wav,1047,train,1,happy,3,angry,0.7910881638526917
/Users/prarthanapatel/Desktop/Himanshi/speech_emotion_detection-develop-v2/cremad_preprocessed/audio/1047_IEO_HAP_LO.wav,1047_IEO_HAP_LO.wav,1047,train,1,happy,1,happy,0.8847987651824951
/Users/prarthanapatel/Desktop/Himanshi/speech_emotion_detection-develop-v2/cremad_preprocessed/audio/1047_IEO_HAP_MD.wav,1047_IEO_HAP_MD.wav,1047,train,1,happy,1,happy,0.978260338306427
/Users/prarthanapatel/Desktop/Himanshi/speech_emotion_detection-develop-v2/cremad_preprocessed/audio/1047_IEO_NEU_XX.wav,1047_IEO_NEU_XX.wav,1047,train,0,neutral,0,neutral,0.9883366227149963
/Users/prarthanapatel/Desktop/Himanshi/speech_emotion_detection-develop-v2/cremad_preprocessed/audio/1047_IEO_SAD_HI.wav,1047_IEO_SAD_HI.wav,1047,train,2,sad,2,sad,0.6705002784729004
/Users/prarthanapatel/Desktop/Himanshi/speech_emotion_detection-develop-v2/cremad_preprocessed/audio/1047_IEO_SAD_LO.wav,1047_IEO_SAD_LO.wav,1047,train,2,sad,2,sad,0.8555538654327393
/Users/prarthanapatel/Desktop/Himanshi/speech_emotion_detection-develop-v2/cremad_preprocessed/audio/1047_IEO_SAD_MD.wav,1047_IEO_SAD_MD.wav,1047,train,2,sad,2,sad,0.8415928483009338
/Users/prarthanapatel/Desktop/Himanshi/speech_emotion_detection-develop-v2/cremad_preprocessed/audio/1047_IOM_ANG_XX.wav,1047_IOM_ANG_XX.wav,1047,train,3,angry,3,angry,0.9951316118240356
/Users/prarthanapatel/Desktop/Himanshi/speech_emotion_detection-develop-v2/cremad_preprocessed/audio/1047_IOM_DIS_XX.wav,1047_IOM_DIS_XX.wav,1047,train,5,disgust,5,disgust,0.43198686838150024
/Users/prarthanapatel/Desktop/Himanshi/speech_emotion_detection-develop-v2/cremad_preprocessed/audio/1047_IOM_FEA_XX.wav,1047_IOM_FEA_XX.wav,1047,train,4,fearful,1,happy,0.9083731174468994
/Users/prarthanapatel/Desktop/Himanshi/speech_emotion_detection-develop-v2/cremad_preprocessed/audio/1047_IOM_HAP_XX.wav,1047_IOM_HAP_XX.wav,1047,train,1,happy,1,happy,0.9764044284820557
/Users/prarthanapatel/Desktop/Himanshi/speech_emotion_detection-develop-v2/cremad_preprocessed/audio/1047_IOM_NEU_XX.wav,1047_IOM_NEU_XX.wav,1047,train,0,neutral,0,neutral,0.9858344197273254
/Users/prarthanapatel/Desktop/Himanshi/speech_emotion_detection-develop-v2/cremad_preprocessed/audio/1047_IOM_SAD_XX.wav,1047_IOM_SAD_XX.wav,1047,train,2,sad,4,fearful,0.7749958038330078
/Users/prarthanapatel/Desktop/Himanshi/speech_emotion_detection-develop-v2/cremad_preprocessed/audio/1047_ITH_ANG_XX.wav,1047_ITH_ANG_XX.wav,1047,train,3,angry,3,angry,0.9945358037948608
/Users/prarthanapatel/Desktop/Himanshi/speech_emotion_detection-develop-v2/cremad_preprocessed/audio/1047_ITH_DIS_XX.wav,1047_ITH_DIS_XX.wav,1047,train,5,disgust,5,disgust,0.6941869258880615
/Users/prarthanapatel/Desktop/Himanshi/speech_emotion_detection-develop-v2/cremad_preprocessed/audio/1047_ITH_FEA_XX.wav,1047_ITH_FEA_XX.wav,1047,train,4,fearful,4,fearful,0.9266901016235352
/Users/prarthanapatel/Desktop/Himanshi/speech_emotion_detection-develop-v2/cremad_preprocessed/audio/1047_ITH_HAP_XX.wav,1047_ITH_HAP_XX.wav,1047,train,1,happy,3,angry,0.9886914491653442
/Users/prarthanapatel/Desktop/Himanshi/speech_emotion_detection-develop-v2/cremad_preprocessed/audio/1047_ITH_NEU_XX.wav,1047_ITH_NEU_XX.wav,1047,train,0,neutral,0,neutral,0.9836973547935486
/Users/prarthanapatel/Desktop/Himanshi/speech_emotion_detection-develop-v2/cremad_preprocessed/audio/1047_ITH_SAD_XX.wav,1047_ITH_SAD_XX.wav,1047,train,2,sad,2,sad,0.7690249085426331
/Users/prarthanapatel/Desktop/Himanshi/speech_emotion_detection-develop-v2/cremad_preprocessed/audio/1047_ITS_ANG_XX.wav,1047_ITS_ANG_XX.wav,1047,train,3,angry,3,angry,0.9942576885223389
/Users/prarthanapatel/Desktop/Himanshi/speech_emotion_detection-develop-v2/cremad_preprocessed/audio/1047_ITS_DIS_XX.wav,1047_ITS_DIS_XX.wav,1047,train,5,disgust,5,disgust,0.9041506052017212
/Users/prarthanapatel/Desktop/Himanshi/speech_emotion_detection-develop-v2/cremad_preprocessed/audio/1047_ITS_FEA_XX.wav,1047_ITS_FEA_XX.wav,1047,train,4,fearful,4,fearful,0.9631177186965942
/Users/prarthanapatel/Desktop/Himanshi/speech_emotion_detection-develop-v2/cremad_preprocessed/audio/1047_ITS_HAP_XX.wav,1047_ITS_HAP_XX.wav,1047,train,1,happy,1,happy,0.9473812580108643
/Users/prarthanapatel/Desktop/Himanshi/speech_emotion_detection-develop-v2/cremad_preprocessed/audio/1047_ITS_NEU_XX.wav,1047_ITS_NEU_XX.wav,1047,train,0,neutral,0,neutral,0.9812689423561096
/Users/prarthanapatel/Desktop/Himanshi/speech_emotion_detection-develop-v2/cremad_preprocessed/audio/1047_ITS_SAD_XX.wav,1047_ITS_SAD_XX.wav,1047,train,2,sad,2,sad,0.8604291081428528
/Users/prarthanapatel/Desktop/Himanshi/speech_emotion_detection-develop-v2/cremad_preprocessed/audio/1047_IWL_ANG_XX.wav,1047_IWL_ANG_XX.wav,1047,train,3,angry,3,angry,0.9897437691688538
/Users/prarthanapatel/Desktop/Himanshi/speech_emotion_detection-develop-v2/cremad_preprocessed/audio/1047_IWL_DIS_XX.wav,1047_IWL_DIS_XX.wav,1047,train,5,disgust,5,disgust,0.894852340221405
/Users/prarthanapatel/Desktop/Himanshi/speech_emotion_detection-develop-v2/cremad_preprocessed/audio/1047_IWL_FEA_XX.wav,1047_IWL_FEA_XX.wav,1047,train,4,fearful,4,fearful,0.9621611833572388
/Users/prarthanapatel/Desktop/Himanshi/speech_emotion_detection-develop-v2/cremad_preprocessed/audio/1047_IWL_HAP_XX.wav,1047_IWL_HAP_XX.wav,1047,train,1,happy,3,angry,0.9919819235801697
/Users/prarthanapatel/Desktop/Himanshi/speech_emotion_detection-develop-v2/cremad_preprocessed/audio/1047_IWL_NEU_XX.wav,1047_IWL_NEU_XX.wav,1047,train,0,neutral,0,neutral,0.980754017829895
/Users/prarthanapatel/Desktop/Himanshi/speech_emotion_detection-develop-v2/cremad_preprocessed/audio/1047_IWL_SAD_XX.wav,1047_IWL_SAD_XX.wav,1047,train,2,sad,2,sad,0.8826540112495422
/Users/prarthanapatel/Desktop/Himanshi/speech_emotion_detection-develop-v2/cremad_preprocessed/audio/1047_IWW_ANG_XX.wav,1047_IWW_ANG_XX.wav,1047,train,3,angry,3,angry,0.9897041916847229
/Users/prarthanapatel/Desktop/Himanshi/speech_emotion_detection-develop-v2/cremad_preprocessed/audio/1047_IWW_DIS_XX.wav,1047_IWW_DIS_XX.wav,1047,train,5,disgust,5,disgust,0.756817102432251
/Users/prarthanapatel/Desktop/Himanshi/speech_emotion_detection-develop-v2/cremad_preprocessed/audio/1047_IWW_FEA_XX.wav,1047_IWW_FEA_XX.wav,1047,train,4,fearful,4,fearful,0.9636604189872742
/Users/prarthanapatel/Desktop/Himanshi/speech_emotion_detection-develop-v2/cremad_preprocessed/audio/1047_IWW_HAP_XX.wav,1047_IWW_HAP_XX.wav,1047,train,1,happy,1,happy,0.9775294065475464
/Users/prarthanapatel/Desktop/Himanshi/speech_emotion_detection-develop-v2/cremad_preprocessed/audio/1047_IWW_NEU_XX.wav,1047_IWW_NEU_XX.wav,1047,train,0,neutral,0,neutral,0.9304789304733276
/Users/prarthanapatel/Desktop/Himanshi/speech_emotion_detection-develop-v2/cremad_preprocessed/audio/1047_IWW_SAD_XX.wav,1047_IWW_SAD_XX.wav,1047,train,2,sad,0,neutral,0.7186709642410278
/Users/prarthanapatel/Desktop/Himanshi/speech_emotion_detection-develop-v2/cremad_preprocessed/audio/1047_MTI_ANG_XX.wav,1047_MTI_ANG_XX.wav,1047,train,3,angry,3,angry,0.9943501353263855
/Users/prarthanapatel/Desktop/Himanshi/speech_emotion_detection-develop-v2/cremad_preprocessed/audio/1047_MTI_DIS_XX.wav,1047_MTI_DIS_XX.wav,1047,train,5,disgust,3,angry,0.4943042993545532
/Users/prarthanapatel/Desktop/Himanshi/speech_emotion_detection-develop-v2/cremad_preprocessed/audio/1047_MTI_FEA_XX.wav,1047_MTI_FEA_XX.wav,1047,train,4,fearful,4,fearful,0.9645749926567078
/Users/prarthanapatel/Desktop/Himanshi/speech_emotion_detection-develop-v2/cremad_preprocessed/audio/1047_MTI_HAP_XX.wav,1047_MTI_HAP_XX.wav,1047,train,1,happy,1,happy,0.9708149433135986
/Users/prarthanapatel/Desktop/Himanshi/speech_emotion_detection-develop-v2/cremad_preprocessed/audio/1047_MTI_NEU_XX.wav,1047_MTI_NEU_XX.wav,1047,train,0,neutral,0,neutral,0.9875212907791138
/Users/prarthanapatel/Desktop/Himanshi/speech_emotion_detection-develop-v2/cremad_preprocessed/audio/1047_MTI_SAD_XX.wav,1047_MTI_SAD_XX.wav,1047,train,2,sad,0,neutral,0.8486836552619934
/Users/prarthanapatel/Desktop/Himanshi/speech_emotion_detection-develop-v2/cremad_preprocessed/audio/1047_TAI_ANG_XX.wav,1047_TAI_ANG_XX.wav,1047,train,3,angry,3,angry,0.9933405518531799
/Users/prarthanapatel/Desktop/Himanshi/speech_emotion_detection-develop-v2/cremad_preprocessed/audio/1047_TAI_DIS_XX.wav,1047_TAI_DIS_XX.wav,1047,train,5,disgust,5,disgust,0.6174419522285461
/Users/prarthanapatel/Desktop/Himanshi/speech_emotion_detection-develop-v2/cremad_preprocessed/audio/1047_TAI_FEA_XX.wav,1047_TAI_FEA_XX.wav,1047,train,4,fearful,4,fearful,0.9623384475708008
/Users/prarthanapatel/Desktop/Himanshi/speech_emotion_detection-develop-v2/cremad_preprocessed/audio/1047_TAI_HAP_XX.wav,1047_TAI_HAP_XX.wav,1047,train,1,happy,1,happy,0.9676928520202637
/Users/prarthanapatel/Desktop/Himanshi/speech_emotion_detection-develop-v2/cremad_preprocessed/audio/1047_TAI_NEU_XX.wav,1047_TAI_NEU_XX.wav,1047,train,0,neutral,0,neutral,0.9859858751296997
/Users/prarthanapatel/Desktop/Himanshi/speech_emotion_detection-develop-v2/cremad_preprocessed/audio/1047_TAI_SAD_XX.wav,1047_TAI_SAD_XX.wav,1047,train,2,sad,2,sad,0.8852295875549316
/Users/prarthanapatel/Desktop/Himanshi/speech_emotion_detection-develop-v2/cremad_preprocessed/audio/1047_TIE_ANG_XX.wav,1047_TIE_ANG_XX.wav,1047,train,3,angry,3,angry,0.995029866695404
/Users/prarthanapatel/Desktop/Himanshi/speech_emotion_detection-develop-v2/cremad_preprocessed/audio/1047_TIE_DIS_XX.wav,1047_TIE_DIS_XX.wav,1047,train,5,disgust,5,disgust,0.9328988790512085
/Users/prarthanapatel/Desktop/Himanshi/speech_emotion_detection-develop-v2/cremad_preprocessed/audio/1047_TIE_FEA_XX.wav,1047_TIE_FEA_XX.wav,1047,train,4,fearful,4,fearful,0.9072607159614563
/Users/prarthanapatel/Desktop/Himanshi/speech_emotion_detection-develop-v2/cremad_preprocessed/audio/1047_TIE_HAP_XX.wav,1047_TIE_HAP_XX.wav,1047,train,1,happy,3,angry,0.9945295453071594
/Users/prarthanapatel/Desktop/Himanshi/speech_emotion_detection-develop-v2/cremad_preprocessed/audio/1047_TIE_NEU_XX.wav,1047_TIE_NEU_XX.wav,1047,train,0,neutral,0,neutral,0.9813547730445862
/Users/prarthanapatel/Desktop/Himanshi/speech_emotion_detection-develop-v2/cremad_preprocessed/audio/1047_TIE_SAD_XX.wav,1047_TIE_SAD_XX.wav,1047,train,2,sad,2,sad,0.8954325914382935
/Users/prarthanapatel/Desktop/Himanshi/speech_emotion_detection-develop-v2/cremad_preprocessed/audio/1047_TSI_ANG_XX.wav,1047_TSI_ANG_XX.wav,1047,train,3,angry,3,angry,0.9942411184310913
/Users/prarthanapatel/Desktop/Himanshi/speech_emotion_detection-develop-v2/cremad_preprocessed/audio/1047_TSI_DIS_XX.wav,1047_TSI_DIS_XX.wav,1047,train,5,disgust,1,happy,0.5476911664009094
/Users/prarthanapatel/Desktop/Himanshi/speech_emotion_detection-develop-v2/cremad_preprocessed/audio/1047_TSI_FEA_XX.wav,1047_TSI_FEA_XX.wav,1047,train,4,fearful,1,happy,0.7938233017921448
/Users/prarthanapatel/Desktop/Himanshi/speech_emotion_detection-develop-v2/cremad_preprocessed/audio/1047_TSI_HAP_XX.wav,1047_TSI_HAP_XX.wav,1047,train,1,happy,1,happy,0.83812016248703
/Users/prarthanapatel/Desktop/Himanshi/speech_emotion_detection-develop-v2/cremad_preprocessed/audio/1047_TSI_NEU_XX.wav,1047_TSI_NEU_XX.wav,1047,train,0,neutral,0,neutral,0.9857682585716248
/Users/prarthanapatel/Desktop/Himanshi/speech_emotion_detection-develop-v2/cremad_preprocessed/audio/1047_TSI_SAD_XX.wav,1047_TSI_SAD_XX.wav,1047,train,2,sad,2,sad,0.8981062769889832
/Users/prarthanapatel/Desktop/Himanshi/speech_emotion_detection-develop-v2/cremad_preprocessed/audio/1047_WSI_ANG_XX.wav,1047_WSI_ANG_XX.wav,1047,train,3,angry,3,angry,0.9944607019424438
/Users/prarthanapatel/Desktop/Himanshi/speech_emotion_detection-develop-v2/cremad_preprocessed/audio/1047_WSI_DIS_XX.wav,1047_WSI_DIS_XX.wav,1047,train,5,disgust,5,disgust,0.5086157321929932
/Users/prarthanapatel/Desktop/Himanshi/speech_emotion_detection-develop-v2/cremad_preprocessed/audio/1047_WSI_FEA_XX.wav,1047_WSI_FEA_XX.wav,1047,train,4,fearful,4,fearful,0.9302664399147034
/Users/prarthanapatel/Desktop/Himanshi/speech_emotion_detection-develop-v2/cremad_preprocessed/audio/1047_WSI_HAP_XX.wav,1047_WSI_HAP_XX.wav,1047,train,1,happy,1,happy,0.7888346910476685
/Users/prarthanapatel/Desktop/Himanshi/speech_emotion_detection-develop-v2/cremad_preprocessed/audio/1047_WSI_NEU_XX.wav,1047_WSI_NEU_XX.wav,1047,train,0,neutral,0,neutral,0.9382523894309998
/Users/prarthanapatel/Desktop/Himanshi/speech_emotion_detection-develop-v2/cremad_preprocessed/audio/1047_WSI_SAD_XX.wav,1047_WSI_SAD_XX.wav,1047,train,2,sad,0,neutral,0.946749746799469
/Users/prarthanapatel/Desktop/Himanshi/speech_emotion_detection-develop-v2/cremad_preprocessed/audio/1049_DFA_ANG_XX.wav,1049_DFA_ANG_XX.wav,1049,train,3,angry,3,angry,0.9940444827079773
/Users/prarthanapatel/Desktop/Himanshi/speech_emotion_detection-develop-v2/cremad_preprocessed/audio/1049_DFA_DIS_XX.wav,1049_DFA_DIS_XX.wav,1049,train,5,disgust,5,disgust,0.9273092150688171
/Users/prarthanapatel/Desktop/Himanshi/speech_emotion_detection-develop-v2/cremad_preprocessed/audio/1049_DFA_FEA_XX.wav,1049_DFA_FEA_XX.wav,1049,train,4,fearful,4,fearful,0.9672809839248657
/Users/prarthanapatel/Desktop/Himanshi/speech_emotion_detection-develop-v2/cremad_preprocessed/audio/1049_DFA_HAP_XX.wav,1049_DFA_HAP_XX.wav,1049,train,1,happy,1,happy,0.9787903428077698
/Users/prarthanapatel/Desktop/Himanshi/speech_emotion_detection-develop-v2/cremad_preprocessed/audio/1049_DFA_NEU_XX.wav,1049_DFA_NEU_XX.wav,1049,train,0,neutral,0,neutral,0.9710528254508972
/Users/prarthanapatel/Desktop/Himanshi/speech_emotion_detection-develop-v2/cremad_preprocessed/audio/1049_DFA_SAD_XX.wav,1049_DFA_SAD_XX.wav,1049,train,2,sad,2,sad,0.718315839767456
/Users/prarthanapatel/Desktop/Himanshi/speech_emotion_detection-develop-v2/cremad_preprocessed/audio/1049_IEO_ANG_HI.wav,1049_IEO_ANG_HI.wav,1049,train,3,angry,3,angry,0.9948341846466064
/Users/prarthanapatel/Desktop/Himanshi/speech_emotion_detection-develop-v2/cremad_preprocessed/audio/1049_IEO_ANG_LO.wav,1049_IEO_ANG_LO.wav,1049,train,3,angry,3,angry,0.9894329905509949
/Users/prarthanapatel/Desktop/Himanshi/speech_emotion_detection-develop-v2/cremad_preprocessed/audio/1049_IEO_ANG_MD.wav,1049_IEO_ANG_MD.wav,1049,train,3,angry,3,angry,0.9946356415748596
/Users/prarthanapatel/Desktop/Himanshi/speech_emotion_detection-develop-v2/cremad_preprocessed/audio/1049_IEO_DIS_HI.wav,1049_IEO_DIS_HI.wav,1049,train,5,disgust,5,disgust,0.9376856684684753
/Users/prarthanapatel/Desktop/Himanshi/speech_emotion_detection-develop-v2/cremad_preprocessed/audio/1049_IEO_DIS_LO.wav,1049_IEO_DIS_LO.wav,1049,train,5,disgust,5,disgust,0.9462089538574219
/Users/prarthanapatel/Desktop/Himanshi/speech_emotion_detection-develop-v2/cremad_preprocessed/audio/1049_IEO_DIS_MD.wav,1049_IEO_DIS_MD.wav,1049,train,5,disgust,5,disgust,0.8100746870040894
/Users/prarthanapatel/Desktop/Himanshi/speech_emotion_detection-develop-v2/cremad_preprocessed/audio/1049_IEO_FEA_HI.wav,1049_IEO_FEA_HI.wav,1049,train,4,fearful,4,fearful,0.9659702181816101
/Users/prarthanapatel/Desktop/Himanshi/speech_emotion_detection-develop-v2/cremad_preprocessed/audio/1049_IEO_FEA_LO.wav,1049_IEO_FEA_LO.wav,1049,train,4,fearful,4,fearful,0.8943925499916077
/Users/prarthanapatel/Desktop/Himanshi/speech_emotion_detection-develop-v2/cremad_preprocessed/audio/1049_IEO_FEA_MD.wav,1049_IEO_FEA_MD.wav,1049,train,4,fearful,4,fearful,0.9525192975997925
/Users/prarthanapatel/Desktop/Himanshi/speech_emotion_detection-develop-v2/cremad_preprocessed/audio/1049_IEO_HAP_HI.wav,1049_IEO_HAP_HI.wav,1049,train,1,happy,3,angry,0.860302746295929
/Users/prarthanapatel/Desktop/Himanshi/speech_emotion_detection-develop-v2/cremad_preprocessed/audio/1049_IEO_HAP_LO.wav,1049_IEO_HAP_LO.wav,1049,train,1,happy,1,happy,0.7252959609031677
/Users/prarthanapatel/Desktop/Himanshi/speech_emotion_detection-develop-v2/cremad_preprocessed/audio/1049_IEO_HAP_MD.wav,1049_IEO_HAP_MD.wav,1049,train,1,happy,1,happy,0.9470463395118713
/Users/prarthanapatel/Desktop/Himanshi/speech_emotion_detection-develop-v2/cremad_preprocessed/audio/1049_IEO_NEU_XX.wav,1049_IEO_NEU_XX.wav,1049,train,0,neutral,0,neutral,0.9456488490104675
/Users/prarthanapatel/Desktop/Himanshi/speech_emotion_detection-develop-v2/cremad_preprocessed/audio/1049_IEO_SAD_HI.wav,1049_IEO_SAD_HI.wav,1049,train,2,sad,4,fearful,0.8295053839683533
/Users/prarthanapatel/Desktop/Himanshi/speech_emotion_detection-develop-v2/cremad_preprocessed/audio/1049_IEO_SAD_LO.wav,1049_IEO_SAD_LO.wav,1049,train,2,sad,2,sad,0.8428487181663513
/Users/prarthanapatel/Desktop/Himanshi/speech_emotion_detection-develop-v2/cremad_preprocessed/audio/1049_IEO_SAD_MD.wav,1049_IEO_SAD_MD.wav,1049,train,2,sad,2,sad,0.6709502339363098
/Users/prarthanapatel/Desktop/Himanshi/speech_emotion_detection-develop-v2/cremad_preprocessed/audio/1049_IOM_ANG_XX.wav,1049_IOM_ANG_XX.wav,1049,train,3,angry,3,angry,0.9924538731575012
/Users/prarthanapatel/Desktop/Himanshi/speech_emotion_detection-develop-v2/cremad_preprocessed/audio/1049_IOM_DIS_XX.wav,1049_IOM_DIS_XX.wav,1049,train,5,disgust,5,disgust,0.913184642791748
/Users/prarthanapatel/Desktop/Himanshi/speech_emotion_detection-develop-v2/cremad_preprocessed/audio/1049_IOM_FEA_XX.wav,1049_IOM_FEA_XX.wav,1049,train,4,fearful,4,fearful,0.7677536606788635
/Users/prarthanapatel/Desktop/Himanshi/speech_emotion_detection-develop-v2/cremad_preprocessed/audio/1049_IOM_HAP_XX.wav,1049_IOM_HAP_XX.wav,1049,train,1,happy,1,happy,0.9645729064941406
/Users/prarthanapatel/Desktop/Himanshi/speech_emotion_detection-develop-v2/cremad_preprocessed/audio/1049_IOM_NEU_XX.wav,1049_IOM_NEU_XX.wav,1049,train,0,neutral,0,neutral,0.9710351824760437
/Users/prarthanapatel/Desktop/Himanshi/speech_emotion_detection-develop-v2/cremad_preprocessed/audio/1049_IOM_SAD_XX.wav,1049_IOM_SAD_XX.wav,1049,train,2,sad,0,neutral,0.4912019371986389
/Users/prarthanapatel/Desktop/Himanshi/speech_emotion_detection-develop-v2/cremad_preprocessed/audio/1049_ITH_ANG_XX.wav,1049_ITH_ANG_XX.wav,1049,train,3,angry,3,angry,0.9938043355941772
/Users/prarthanapatel/Desktop/Himanshi/speech_emotion_detection-develop-v2/cremad_preprocessed/audio/1049_ITH_DIS_XX.wav,1049_ITH_DIS_XX.wav,1049,train,5,disgust,5,disgust,0.6346919536590576
/Users/prarthanapatel/Desktop/Himanshi/speech_emotion_detection-develop-v2/cremad_preprocessed/audio/1049_ITH_FEA_XX.wav,1049_ITH_FEA_XX.wav,1049,train,4,fearful,4,fearful,0.9478157162666321
/Users/prarthanapatel/Desktop/Himanshi/speech_emotion_detection-develop-v2/cremad_preprocessed/audio/1049_ITH_HAP_XX.wav,1049_ITH_HAP_XX.wav,1049,train,1,happy,1,happy,0.9615306854248047
/Users/prarthanapatel/Desktop/Himanshi/speech_emotion_detection-develop-v2/cremad_preprocessed/audio/1049_ITH_NEU_XX.wav,1049_ITH_NEU_XX.wav,1049,train,0,neutral,0,neutral,0.9606404304504395
/Users/prarthanapatel/Desktop/Himanshi/speech_emotion_detection-develop-v2/cremad_preprocessed/audio/1049_ITH_SAD_XX.wav,1049_ITH_SAD_XX.wav,1049,train,2,sad,2,sad,0.49897250533103943
/Users/prarthanapatel/Desktop/Himanshi/speech_emotion_detection-develop-v2/cremad_preprocessed/audio/1049_ITS_ANG_XX.wav,1049_ITS_ANG_XX.wav,1049,train,3,angry,3,angry,0.9939470291137695
/Users/prarthanapatel/Desktop/Himanshi/speech_emotion_detection-develop-v2/cremad_preprocessed/audio/1049_ITS_DIS_XX.wav,1049_ITS_DIS_XX.wav,1049,train,5,disgust,5,disgust,0.9125385284423828
/Users/prarthanapatel/Desktop/Himanshi/speech_emotion_detection-develop-v2/cremad_preprocessed/audio/1049_ITS_FEA_XX.wav,1049_ITS_FEA_XX.wav,1049,train,4,fearful,4,fearful,0.9153144359588623
/Users/prarthanapatel/Desktop/Himanshi/speech_emotion_detection-develop-v2/cremad_preprocessed/audio/1049_ITS_HAP_XX.wav,1049_ITS_HAP_XX.wav,1049,train,1,happy,1,happy,0.9606746435165405
/Users/prarthanapatel/Desktop/Himanshi/speech_emotion_detection-develop-v2/cremad_preprocessed/audio/1049_ITS_NEU_XX.wav,1049_ITS_NEU_XX.wav,1049,train,0,neutral,0,neutral,0.9851241707801819
/Users/prarthanapatel/Desktop/Himanshi/speech_emotion_detection-develop-v2/cremad_preprocessed/audio/1049_ITS_SAD_XX.wav,1049_ITS_SAD_XX.wav,1049,train,2,sad,2,sad,0.8617202639579773
/Users/prarthanapatel/Desktop/Himanshi/speech_emotion_detection-develop-v2/cremad_preprocessed/audio/1049_IWL_ANG_XX.wav,1049_IWL_ANG_XX.wav,1049,train,3,angry,3,angry,0.9883142709732056
/Users/prarthanapatel/Desktop/Himanshi/speech_emotion_detection-develop-v2/cremad_preprocessed/audio/1049_IWL_DIS_XX.wav,1049_IWL_DIS_XX.wav,1049,train,5,disgust,1,happy,0.8438007235527039
/Users/prarthanapatel/Desktop/Himanshi/speech_emotion_detection-develop-v2/cremad_preprocessed/audio/1049_IWL_FEA_XX.wav,1049_IWL_FEA_XX.wav,1049,train,4,fearful,4,fearful,0.863852858543396
/Users/prarthanapatel/Desktop/Himanshi/speech_emotion_detection-develop-v2/cremad_preprocessed/audio/1049_IWL_HAP_XX.wav,1049_IWL_HAP_XX.wav,1049,train,1,happy,1,happy,0.9781495928764343
/Users/prarthanapatel/Desktop/Himanshi/speech_emotion_detection-develop-v2/cremad_preprocessed/audio/1049_IWL_NEU_XX.wav,1049_IWL_NEU_XX.wav,1049,train,0,neutral,0,neutral,0.985905110836029
/Users/prarthanapatel/Desktop/Himanshi/speech_emotion_detection-develop-v2/cremad_preprocessed/audio/1049_IWL_SAD_XX.wav,1049_IWL_SAD_XX.wav,1049,train,2,sad,2,sad,0.7277151942253113
/Users/prarthanapatel/Desktop/Himanshi/speech_emotion_detection-develop-v2/cremad_preprocessed/audio/1049_IWW_ANG_XX.wav,1049_IWW_ANG_XX.wav,1049,train,3,angry,3,angry,0.9946025013923645
/Users/prarthanapatel/Desktop/Himanshi/speech_emotion_detection-develop-v2/cremad_preprocessed/audio/1049_IWW_DIS_XX.wav,1049_IWW_DIS_XX.wav,1049,train,5,disgust,5,disgust,0.9311225414276123
/Users/prarthanapatel/Desktop/Himanshi/speech_emotion_detection-develop-v2/cremad_preprocessed/audio/1049_IWW_FEA_XX.wav,1049_IWW_FEA_XX.wav,1049,train,4,fearful,4,fearful,0.887929379940033
/Users/prarthanapatel/Desktop/Himanshi/speech_emotion_detection-develop-v2/cremad_preprocessed/audio/1049_IWW_HAP_XX.wav,1049_IWW_HAP_XX.wav,1049,train,1,happy,1,happy,0.9357209205627441
/Users/prarthanapatel/Desktop/Himanshi/speech_emotion_detection-develop-v2/cremad_preprocessed/audio/1049_IWW_NEU_XX.wav,1049_IWW_NEU_XX.wav,1049,train,0,neutral,0,neutral,0.9872138500213623
/Users/prarthanapatel/Desktop/Himanshi/speech_emotion_detection-develop-v2/cremad_preprocessed/audio/1049_IWW_SAD_XX.wav,1049_IWW_SAD_XX.wav,1049,train,2,sad,0,neutral,0.6476728320121765
/Users/prarthanapatel/Desktop/Himanshi/speech_emotion_detection-develop-v2/cremad_preprocessed/audio/1049_MTI_ANG_XX.wav,1049_MTI_ANG_XX.wav,1049,train,3,angry,3,angry,0.9886682629585266
/Users/prarthanapatel/Desktop/Himanshi/speech_emotion_detection-develop-v2/cremad_preprocessed/audio/1049_MTI_DIS_XX.wav,1049_MTI_DIS_XX.wav,1049,train,5,disgust,3,angry,0.6391346454620361
/Users/prarthanapatel/Desktop/Himanshi/speech_emotion_detection-develop-v2/cremad_preprocessed/audio/1049_MTI_FEA_XX.wav,1049_MTI_FEA_XX.wav,1049,train,4,fearful,4,fearful,0.960267961025238
/Users/prarthanapatel/Desktop/Himanshi/speech_emotion_detection-develop-v2/cremad_preprocessed/audio/1049_MTI_HAP_XX.wav,1049_MTI_HAP_XX.wav,1049,train,1,happy,1,happy,0.9418734908103943
/Users/prarthanapatel/Desktop/Himanshi/speech_emotion_detection-develop-v2/cremad_preprocessed/audio/1049_MTI_NEU_XX.wav,1049_MTI_NEU_XX.wav,1049,train,0,neutral,0,neutral,0.7052878737449646
/Users/prarthanapatel/Desktop/Himanshi/speech_emotion_detection-develop-v2/cremad_preprocessed/audio/1049_MTI_SAD_XX.wav,1049_MTI_SAD_XX.wav,1049,train,2,sad,2,sad,0.7973009943962097
/Users/prarthanapatel/Desktop/Himanshi/speech_emotion_detection-develop-v2/cremad_preprocessed/audio/1049_TAI_ANG_XX.wav,1049_TAI_ANG_XX.wav,1049,train,3,angry,3,angry,0.9911412000656128
/Users/prarthanapatel/Desktop/Himanshi/speech_emotion_detection-develop-v2/cremad_preprocessed/audio/1049_TAI_DIS_XX.wav,1049_TAI_DIS_XX.wav,1049,train,5,disgust,5,disgust,0.9025936722755432
/Users/prarthanapatel/Desktop/Himanshi/speech_emotion_detection-develop-v2/cremad_preprocessed/audio/1049_TAI_FEA_XX.wav,1049_TAI_FEA_XX.wav,1049,train,4,fearful,4,fearful,0.9433580040931702
/Users/prarthanapatel/Desktop/Himanshi/speech_emotion_detection-develop-v2/cremad_preprocessed/audio/1049_TAI_HAP_XX.wav,1049_TAI_HAP_XX.wav,1049,train,1,happy,1,happy,0.972200334072113
/Users/prarthanapatel/Desktop/Himanshi/speech_emotion_detection-develop-v2/cremad_preprocessed/audio/1049_TAI_NEU_XX.wav,1049_TAI_NEU_XX.wav,1049,train,0,neutral,0,neutral,0.9870951771736145
/Users/prarthanapatel/Desktop/Himanshi/speech_emotion_detection-develop-v2/cremad_preprocessed/audio/1049_TAI_SAD_XX.wav,1049_TAI_SAD_XX.wav,1049,train,2,sad,2,sad,0.8822973370552063
/Users/prarthanapatel/Desktop/Himanshi/speech_emotion_detection-develop-v2/cremad_preprocessed/audio/1049_TIE_ANG_XX.wav,1049_TIE_ANG_XX.wav,1049,train,3,angry,3,angry,0.9937310814857483
/Users/prarthanapatel/Desktop/Himanshi/speech_emotion_detection-develop-v2/cremad_preprocessed/audio/1049_TIE_DIS_XX.wav,1049_TIE_DIS_XX.wav,1049,train,5,disgust,2,sad,0.40170472860336304
/Users/prarthanapatel/Desktop/Himanshi/speech_emotion_detection-develop-v2/cremad_preprocessed/audio/1049_TIE_FEA_XX.wav,1049_TIE_FEA_XX.wav,1049,train,4,fearful,1,happy,0.5174521207809448
/Users/prarthanapatel/Desktop/Himanshi/speech_emotion_detection-develop-v2/cremad_preprocessed/audio/1049_TIE_HAP_XX.wav,1049_TIE_HAP_XX.wav,1049,train,1,happy,4,fearful,0.5506033301353455
/Users/prarthanapatel/Desktop/Himanshi/speech_emotion_detection-develop-v2/cremad_preprocessed/audio/1049_TIE_NEU_XX.wav,1049_TIE_NEU_XX.wav,1049,train,0,neutral,0,neutral,0.968070387840271
/Users/prarthanapatel/Desktop/Himanshi/speech_emotion_detection-develop-v2/cremad_preprocessed/audio/1049_TIE_SAD_XX.wav,1049_TIE_SAD_XX.wav,1049,train,2,sad,2,sad,0.5921512842178345
/Users/prarthanapatel/Desktop/Himanshi/speech_emotion_detection-develop-v2/cremad_preprocessed/audio/1049_TSI_ANG_XX.wav,1049_TSI_ANG_XX.wav,1049,train,3,angry,3,angry,0.990279495716095
/Users/prarthanapatel/Desktop/Himanshi/speech_emotion_detection-develop-v2/cremad_preprocessed/audio/1049_TSI_DIS_XX.wav,1049_TSI_DIS_XX.wav,1049,train,5,disgust,5,disgust,0.8550301194190979
/Users/prarthanapatel/Desktop/Himanshi/speech_emotion_detection-develop-v2/cremad_preprocessed/audio/1049_TSI_FEA_XX.wav,1049_TSI_FEA_XX.wav,1049,train,4,fearful,4,fearful,0.7127747535705566
/Users/prarthanapatel/Desktop/Himanshi/speech_emotion_detection-develop-v2/cremad_preprocessed/audio/1049_TSI_HAP_XX.wav,1049_TSI_HAP_XX.wav,1049,train,1,happy,1,happy,0.89766526222229
/Users/prarthanapatel/Desktop/Himanshi/speech_emotion_detection-develop-v2/cremad_preprocessed/audio/1049_TSI_NEU_XX.wav,1049_TSI_NEU_XX.wav,1049,train,0,neutral,0,neutral,0.9835739135742188
/Users/prarthanapatel/Desktop/Himanshi/speech_emotion_detection-develop-v2/cremad_preprocessed/audio/1049_TSI_SAD_XX.wav,1049_TSI_SAD_XX.wav,1049,train,2,sad,2,sad,0.782045304775238
/Users/prarthanapatel/Desktop/Himanshi/speech_emotion_detection-develop-v2/cremad_preprocessed/audio/1049_WSI_ANG_XX.wav,1049_WSI_ANG_XX.wav,1049,train,3,angry,3,angry,0.9916906356811523
/Users/prarthanapatel/Desktop/Himanshi/speech_emotion_detection-develop-v2/cremad_preprocessed/audio/1049_WSI_DIS_XX.wav,1049_WSI_DIS_XX.wav,1049,train,5,disgust,5,disgust,0.927981972694397
/Users/prarthanapatel/Desktop/Himanshi/speech_emotion_detection-develop-v2/cremad_preprocessed/audio/1049_WSI_FEA_XX.wav,1049_WSI_FEA_XX.wav,1049,train,4,fearful,4,fearful,0.9298297762870789
/Users/prarthanapatel/Desktop/Himanshi/speech_emotion_detection-develop-v2/cremad_preprocessed/audio/1049_WSI_HAP_XX.wav,1049_WSI_HAP_XX.wav,1049,train,1,happy,1,happy,0.9612995982170105
/Users/prarthanapatel/Desktop/Himanshi/speech_emotion_detection-develop-v2/cremad_preprocessed/audio/1049_WSI_NEU_XX.wav,1049_WSI_NEU_XX.wav,1049,train,0,neutral,0,neutral,0.6895044445991516
/Users/prarthanapatel/Desktop/Himanshi/speech_emotion_detection-develop-v2/cremad_preprocessed/audio/1049_WSI_SAD_XX.wav,1049_WSI_SAD_XX.wav,1049,train,2,sad,0,neutral,0.6484050154685974
/Users/prarthanapatel/Desktop/Himanshi/speech_emotion_detection-develop-v2/cremad_preprocessed/audio/1051_DFA_ANG_XX.wav,1051_DFA_ANG_XX.wav,1051,train,3,angry,3,angry,0.9932532906532288
/Users/prarthanapatel/Desktop/Himanshi/speech_emotion_detection-develop-v2/cremad_preprocessed/audio/1051_DFA_DIS_XX.wav,1051_DFA_DIS_XX.wav,1051,train,5,disgust,5,disgust,0.6901262402534485
/Users/prarthanapatel/Desktop/Himanshi/speech_emotion_detection-develop-v2/cremad_preprocessed/audio/1051_DFA_FEA_XX.wav,1051_DFA_FEA_XX.wav,1051,train,4,fearful,4,fearful,0.9548973441123962
/Users/prarthanapatel/Desktop/Himanshi/speech_emotion_detection-develop-v2/cremad_preprocessed/audio/1051_DFA_HAP_XX.wav,1051_DFA_HAP_XX.wav,1051,train,1,happy,1,happy,0.8990113139152527
/Users/prarthanapatel/Desktop/Himanshi/speech_emotion_detection-develop-v2/cremad_preprocessed/audio/1051_DFA_NEU_XX.wav,1051_DFA_NEU_XX.wav,1051,train,0,neutral,0,neutral,0.8968101739883423
/Users/prarthanapatel/Desktop/Himanshi/speech_emotion_detection-develop-v2/cremad_preprocessed/audio/1051_DFA_SAD_XX.wav,1051_DFA_SAD_XX.wav,1051,train,2,sad,2,sad,0.8291178941726685
/Users/prarthanapatel/Desktop/Himanshi/speech_emotion_detection-develop-v2/cremad_preprocessed/audio/1051_IEO_ANG_HI.wav,1051_IEO_ANG_HI.wav,1051,train,3,angry,3,angry,0.9741044044494629
/Users/prarthanapatel/Desktop/Himanshi/speech_emotion_detection-develop-v2/cremad_preprocessed/audio/1051_IEO_ANG_LO.wav,1051_IEO_ANG_LO.wav,1051,train,3,angry,3,angry,0.98974609375
/Users/prarthanapatel/Desktop/Himanshi/speech_emotion_detection-develop-v2/cremad_preprocessed/audio/1051_IEO_ANG_MD.wav,1051_IEO_ANG_MD.wav,1051,train,3,angry,3,angry,0.9940155744552612
/Users/prarthanapatel/Desktop/Himanshi/speech_emotion_detection-develop-v2/cremad_preprocessed/audio/1051_IEO_DIS_HI.wav,1051_IEO_DIS_HI.wav,1051,train,5,disgust,3,angry,0.9879554510116577
/Users/prarthanapatel/Desktop/Himanshi/speech_emotion_detection-develop-v2/cremad_preprocessed/audio/1051_IEO_DIS_LO.wav,1051_IEO_DIS_LO.wav,1051,train,5,disgust,5,disgust,0.8344528675079346
/Users/prarthanapatel/Desktop/Himanshi/speech_emotion_detection-develop-v2/cremad_preprocessed/audio/1051_IEO_DIS_MD.wav,1051_IEO_DIS_MD.wav,1051,train,5,disgust,5,disgust,0.34512072801589966
/Users/prarthanapatel/Desktop/Himanshi/speech_emotion_detection-develop-v2/cremad_preprocessed/audio/1051_IEO_FEA_HI.wav,1051_IEO_FEA_HI.wav,1051,train,4,fearful,4,fearful,0.9493915438652039
/Users/prarthanapatel/Desktop/Himanshi/speech_emotion_detection-develop-v2/cremad_preprocessed/audio/1051_IEO_FEA_LO.wav,1051_IEO_FEA_LO.wav,1051,train,4,fearful,4,fearful,0.7784114480018616
/Users/prarthanapatel/Desktop/Himanshi/speech_emotion_detection-develop-v2/cremad_preprocessed/audio/1051_IEO_FEA_MD.wav,1051_IEO_FEA_MD.wav,1051,train,4,fearful,4,fearful,0.641167163848877
/Users/prarthanapatel/Desktop/Himanshi/speech_emotion_detection-develop-v2/cremad_preprocessed/audio/1051_IEO_HAP_HI.wav,1051_IEO_HAP_HI.wav,1051,train,1,happy,1,happy,0.5370230674743652
/Users/prarthanapatel/Desktop/Himanshi/speech_emotion_detection-develop-v2/cremad_preprocessed/audio/1051_IEO_HAP_LO.wav,1051_IEO_HAP_LO.wav,1051,train,1,happy,1,happy,0.7468436360359192
/Users/prarthanapatel/Desktop/Himanshi/speech_emotion_detection-develop-v2/cremad_preprocessed/audio/1051_IEO_HAP_MD.wav,1051_IEO_HAP_MD.wav,1051,train,1,happy,1,happy,0.9101874828338623
/Users/prarthanapatel/Desktop/Himanshi/speech_emotion_detection-develop-v2/cremad_preprocessed/audio/1051_IEO_NEU_XX.wav,1051_IEO_NEU_XX.wav,1051,train,0,neutral,0,neutral,0.888841986656189
/Users/prarthanapatel/Desktop/Himanshi/speech_emotion_detection-develop-v2/cremad_preprocessed/audio/1051_IEO_SAD_HI.wav,1051_IEO_SAD_HI.wav,1051,train,2,sad,2,sad,0.5369631052017212
/Users/prarthanapatel/Desktop/Himanshi/speech_emotion_detection-develop-v2/cremad_preprocessed/audio/1051_IEO_SAD_LO.wav,1051_IEO_SAD_LO.wav,1051,train,2,sad,2,sad,0.4792691767215729
/Users/prarthanapatel/Desktop/Himanshi/speech_emotion_detection-develop-v2/cremad_preprocessed/audio/1051_IEO_SAD_MD.wav,1051_IEO_SAD_MD.wav,1051,train,2,sad,2,sad,0.652002215385437
/Users/prarthanapatel/Desktop/Himanshi/speech_emotion_detection-develop-v2/cremad_preprocessed/audio/1051_IOM_ANG_XX.wav,1051_IOM_ANG_XX.wav,1051,train,3,angry,3,angry,0.993906557559967
/Users/prarthanapatel/Desktop/Himanshi/speech_emotion_detection-develop-v2/cremad_preprocessed/audio/1051_IOM_DIS_XX.wav,1051_IOM_DIS_XX.wav,1051,train,5,disgust,5,disgust,0.49811485409736633
/Users/prarthanapatel/Desktop/Himanshi/speech_emotion_detection-develop-v2/cremad_preprocessed/audio/1051_IOM_FEA_XX.wav,1051_IOM_FEA_XX.wav,1051,train,4,fearful,4,fearful,0.9322252869606018
/Users/prarthanapatel/Desktop/Himanshi/speech_emotion_detection-develop-v2/cremad_preprocessed/audio/1051_IOM_HAP_XX.wav,1051_IOM_HAP_XX.wav,1051,train,1,happy,1,happy,0.9502073526382446
/Users/prarthanapatel/Desktop/Himanshi/speech_emotion_detection-develop-v2/cremad_preprocessed/audio/1051_IOM_NEU_XX.wav,1051_IOM_NEU_XX.wav,1051,train,0,neutral,0,neutral,0.9078369140625
/Users/prarthanapatel/Desktop/Himanshi/speech_emotion_detection-develop-v2/cremad_preprocessed/audio/1051_IOM_SAD_XX.wav,1051_IOM_SAD_XX.wav,1051,train,2,sad,2,sad,0.6594605445861816
/Users/prarthanapatel/Desktop/Himanshi/speech_emotion_detection-develop-v2/cremad_preprocessed/audio/1051_ITH_ANG_XX.wav,1051_ITH_ANG_XX.wav,1051,train,3,angry,3,angry,0.9933690428733826
/Users/prarthanapatel/Desktop/Himanshi/speech_emotion_detection-develop-v2/cremad_preprocessed/audio/1051_ITH_DIS_XX.wav,1051_ITH_DIS_XX.wav,1051,train,5,disgust,4,fearful,0.4606594741344452
/Users/prarthanapatel/Desktop/Himanshi/speech_emotion_detection-develop-v2/cremad_preprocessed/audio/1051_ITH_FEA_XX.wav,1051_ITH_FEA_XX.wav,1051,train,4,fearful,4,fearful,0.9620053768157959
/Users/prarthanapatel/Desktop/Himanshi/speech_emotion_detection-develop-v2/cremad_preprocessed/audio/1051_ITH_HAP_XX.wav,1051_ITH_HAP_XX.wav,1051,train,1,happy,1,happy,0.8721886873245239
/Users/prarthanapatel/Desktop/Himanshi/speech_emotion_detection-develop-v2/cremad_preprocessed/audio/1051_ITH_NEU_XX.wav,1051_ITH_NEU_XX.wav,1051,train,0,neutral,0,neutral,0.9828213453292847
/Users/prarthanapatel/Desktop/Himanshi/speech_emotion_detection-develop-v2/cremad_preprocessed/audio/1051_ITH_SAD_XX.wav,1051_ITH_SAD_XX.wav,1051,train,2,sad,2,sad,0.838060200214386
/Users/prarthanapatel/Desktop/Himanshi/speech_emotion_detection-develop-v2/cremad_preprocessed/audio/1051_ITS_ANG_XX.wav,1051_ITS_ANG_XX.wav,1051,train,3,angry,3,angry,0.9785249829292297
/Users/prarthanapatel/Desktop/Himanshi/speech_emotion_detection-develop-v2/cremad_preprocessed/audio/1051_ITS_DIS_XX.wav,1051_ITS_DIS_XX.wav,1051,train,5,disgust,5,disgust,0.5998192429542542
/Users/prarthanapatel/Desktop/Himanshi/speech_emotion_detection-develop-v2/cremad_preprocessed/audio/1051_ITS_FEA_XX.wav,1051_ITS_FEA_XX.wav,1051,train,4,fearful,4,fearful,0.9629055857658386
/Users/prarthanapatel/Desktop/Himanshi/speech_emotion_detection-develop-v2/cremad_preprocessed/audio/1051_ITS_HAP_XX.wav,1051_ITS_HAP_XX.wav,1051,train,1,happy,3,angry,0.9552862048149109
/Users/prarthanapatel/Desktop/Himanshi/speech_emotion_detection-develop-v2/cremad_preprocessed/audio/1051_ITS_NEU_XX.wav,1051_ITS_NEU_XX.wav,1051,train,0,neutral,0,neutral,0.9790489673614502
/Users/prarthanapatel/Desktop/Himanshi/speech_emotion_detection-develop-v2/cremad_preprocessed/audio/1051_ITS_SAD_XX.wav,1051_ITS_SAD_XX.wav,1051,train,2,sad,2,sad,0.578204333782196
/Users/prarthanapatel/Desktop/Himanshi/speech_emotion_detection-develop-v2/cremad_preprocessed/audio/1051_IWL_ANG_XX.wav,1051_IWL_ANG_XX.wav,1051,train,3,angry,3,angry,0.9944500923156738
/Users/prarthanapatel/Desktop/Himanshi/speech_emotion_detection-develop-v2/cremad_preprocessed/audio/1051_IWL_DIS_XX.wav,1051_IWL_DIS_XX.wav,1051,train,5,disgust,2,sad,0.5150224566459656
/Users/prarthanapatel/Desktop/Himanshi/speech_emotion_detection-develop-v2/cremad_preprocessed/audio/1051_IWL_FEA_XX.wav,1051_IWL_FEA_XX.wav,1051,train,4,fearful,4,fearful,0.9593774080276489
/Users/prarthanapatel/Desktop/Himanshi/speech_emotion_detection-develop-v2/cremad_preprocessed/audio/1051_IWL_HAP_XX.wav,1051_IWL_HAP_XX.wav,1051,train,1,happy,1,happy,0.916327178478241
/Users/prarthanapatel/Desktop/Himanshi/speech_emotion_detection-develop-v2/cremad_preprocessed/audio/1051_IWL_NEU_XX.wav,1051_IWL_NEU_XX.wav,1051,train,0,neutral,0,neutral,0.9846577048301697
/Users/prarthanapatel/Desktop/Himanshi/speech_emotion_detection-develop-v2/cremad_preprocessed/audio/1051_IWL_SAD_XX.wav,1051_IWL_SAD_XX.wav,1051,train,2,sad,2,sad,0.8140141367912292
/Users/prarthanapatel/Desktop/Himanshi/speech_emotion_detection-develop-v2/cremad_preprocessed/audio/1051_IWW_ANG_XX.wav,1051_IWW_ANG_XX.wav,1051,train,3,angry,3,angry,0.9935125708580017
/Users/prarthanapatel/Desktop/Himanshi/speech_emotion_detection-develop-v2/cremad_preprocessed/audio/1051_IWW_DIS_XX.wav,1051_IWW_DIS_XX.wav,1051,train,5,disgust,5,disgust,0.9261473417282104
/Users/prarthanapatel/Desktop/Himanshi/speech_emotion_detection-develop-v2/cremad_preprocessed/audio/1051_IWW_FEA_XX.wav,1051_IWW_FEA_XX.wav,1051,train,4,fearful,4,fearful,0.9628675580024719
/Users/prarthanapatel/Desktop/Himanshi/speech_emotion_detection-develop-v2/cremad_preprocessed/audio/1051_IWW_HAP_XX.wav,1051_IWW_HAP_XX.wav,1051,train,1,happy,4,fearful,0.8169100284576416
/Users/prarthanapatel/Desktop/Himanshi/speech_emotion_detection-develop-v2/cremad_preprocessed/audio/1051_IWW_NEU_XX.wav,1051_IWW_NEU_XX.wav,1051,train,0,neutral,0,neutral,0.9844762682914734
/Users/prarthanapatel/Desktop/Himanshi/speech_emotion_detection-develop-v2/cremad_preprocessed/audio/1051_IWW_SAD_XX.wav,1051_IWW_SAD_XX.wav,1051,train,2,sad,2,sad,0.7933662533760071
/Users/prarthanapatel/Desktop/Himanshi/speech_emotion_detection-develop-v2/cremad_preprocessed/audio/1051_MTI_ANG_XX.wav,1051_MTI_ANG_XX.wav,1051,train,3,angry,3,angry,0.9946156144142151
/Users/prarthanapatel/Desktop/Himanshi/speech_emotion_detection-develop-v2/cremad_preprocessed/audio/1051_MTI_DIS_XX.wav,1051_MTI_DIS_XX.wav,1051,train,5,disgust,5,disgust,0.8508810997009277
/Users/prarthanapatel/Desktop/Himanshi/speech_emotion_detection-develop-v2/cremad_preprocessed/audio/1051_MTI_FEA_XX.wav,1051_MTI_FEA_XX.wav,1051,train,4,fearful,4,fearful,0.9504714012145996
/Users/prarthanapatel/Desktop/Himanshi/speech_emotion_detection-develop-v2/cremad_preprocessed/audio/1051_MTI_HAP_XX.wav,1051_MTI_HAP_XX.wav,1051,train,1,happy,1,happy,0.9638349413871765
/Users/prarthanapatel/Desktop/Himanshi/speech_emotion_detection-develop-v2/cremad_preprocessed/audio/1051_MTI_NEU_XX.wav,1051_MTI_NEU_XX.wav,1051,train,0,neutral,0,neutral,0.935592770576477
/Users/prarthanapatel/Desktop/Himanshi/speech_emotion_detection-develop-v2/cremad_preprocessed/audio/1051_MTI_SAD_XX.wav,1051_MTI_SAD_XX.wav,1051,train,2,sad,2,sad,0.6751146912574768
/Users/prarthanapatel/Desktop/Himanshi/speech_emotion_detection-develop-v2/cremad_preprocessed/audio/1051_TAI_ANG_XX.wav,1051_TAI_ANG_XX.wav,1051,train,3,angry,3,angry,0.9945740103721619
/Users/prarthanapatel/Desktop/Himanshi/speech_emotion_detection-develop-v2/cremad_preprocessed/audio/1051_TAI_DIS_XX.wav,1051_TAI_DIS_XX.wav,1051,train,5,disgust,5,disgust,0.3379696309566498
/Users/prarthanapatel/Desktop/Himanshi/speech_emotion_detection-develop-v2/cremad_preprocessed/audio/1051_TAI_FEA_XX.wav,1051_TAI_FEA_XX.wav,1051,train,4,fearful,4,fearful,0.9626187086105347
/Users/prarthanapatel/Desktop/Himanshi/speech_emotion_detection-develop-v2/cremad_preprocessed/audio/1051_TAI_HAP_XX.wav,1051_TAI_HAP_XX.wav,1051,train,1,happy,3,angry,0.9861409664154053
/Users/prarthanapatel/Desktop/Himanshi/speech_emotion_detection-develop-v2/cremad_preprocessed/audio/1051_TAI_NEU_XX.wav,1051_TAI_NEU_XX.wav,1051,train,0,neutral,0,neutral,0.9711151123046875
/Users/prarthanapatel/Desktop/Himanshi/speech_emotion_detection-develop-v2/cremad_preprocessed/audio/1051_TAI_SAD_XX.wav,1051_TAI_SAD_XX.wav,1051,train,2,sad,4,fearful,0.5719143748283386
/Users/prarthanapatel/Desktop/Himanshi/speech_emotion_detection-develop-v2/cremad_preprocessed/audio/1051_TIE_ANG_XX.wav,1051_TIE_ANG_XX.wav,1051,train,3,angry,3,angry,0.9922878742218018
/Users/prarthanapatel/Desktop/Himanshi/speech_emotion_detection-develop-v2/cremad_preprocessed/audio/1051_TIE_DIS_XX.wav,1051_TIE_DIS_XX.wav,1051,train,5,disgust,3,angry,0.4028054177761078
/Users/prarthanapatel/Desktop/Himanshi/speech_emotion_detection-develop-v2/cremad_preprocessed/audio/1051_TIE_FEA_XX.wav,1051_TIE_FEA_XX.wav,1051,train,4,fearful,4,fearful,0.9555455446243286
/Users/prarthanapatel/Desktop/Himanshi/speech_emotion_detection-develop-v2/cremad_preprocessed/audio/1051_TIE_HAP_XX.wav,1051_TIE_HAP_XX.wav,1051,train,1,happy,0,neutral,0.3432321846485138
/Users/prarthanapatel/Desktop/Himanshi/speech_emotion_detection-develop-v2/cremad_preprocessed/audio/1051_TIE_NEU_XX.wav,1051_TIE_NEU_XX.wav,1051,train,0,neutral,0,neutral,0.8785353899002075
/Users/prarthanapatel/Desktop/Himanshi/speech_emotion_detection-develop-v2/cremad_preprocessed/audio/1051_TIE_SAD_XX.wav,1051_TIE_SAD_XX.wav,1051,train,2,sad,2,sad,0.8903393149375916
/Users/prarthanapatel/Desktop/Himanshi/speech_emotion_detection-develop-v2/cremad_preprocessed/audio/1051_TSI_ANG_XX.wav,1051_TSI_ANG_XX.wav,1051,train,3,angry,3,angry,0.9902510643005371
/Users/prarthanapatel/Desktop/Himanshi/speech_emotion_detection-develop-v2/cremad_preprocessed/audio/1051_TSI_DIS_XX.wav,1051_TSI_DIS_XX.wav,1051,train,5,disgust,5,disgust,0.8978808522224426
/Users/prarthanapatel/Desktop/Himanshi/speech_emotion_detection-develop-v2/cremad_preprocessed/audio/1051_TSI_FEA_XX.wav,1051_TSI_FEA_XX.wav,1051,train,4,fearful,4,fearful,0.9070898294448853
/Users/prarthanapatel/Desktop/Himanshi/speech_emotion_detection-develop-v2/cremad_preprocessed/audio/1051_TSI_HAP_XX.wav,1051_TSI_HAP_XX.wav,1051,train,1,happy,1,happy,0.9224302172660828
/Users/prarthanapatel/Desktop/Himanshi/speech_emotion_detection-develop-v2/cremad_preprocessed/audio/1051_TSI_NEU_XX.wav,1051_TSI_NEU_XX.wav,1051,train,0,neutral,0,neutral,0.8717430233955383
/Users/prarthanapatel/Desktop/Himanshi/speech_emotion_detection-develop-v2/cremad_preprocessed/audio/1051_TSI_SAD_XX.wav,1051_TSI_SAD_XX.wav,1051,train,2,sad,2,sad,0.917697548866272
/Users/prarthanapatel/Desktop/Himanshi/speech_emotion_detection-develop-v2/cremad_preprocessed/audio/1051_WSI_ANG_XX.wav,1051_WSI_ANG_XX.wav,1051,train,3,angry,3,angry,0.9941515326499939
/Users/prarthanapatel/Desktop/Himanshi/speech_emotion_detection-develop-v2/cremad_preprocessed/audio/1051_WSI_DIS_XX.wav,1051_WSI_DIS_XX.wav,1051,train,5,disgust,0,neutral,0.5083802938461304
/Users/prarthanapatel/Desktop/Himanshi/speech_emotion_detection-develop-v2/cremad_preprocessed/audio/1051_WSI_FEA_XX.wav,1051_WSI_FEA_XX.wav,1051,train,4,fearful,4,fearful,0.7780371904373169
/Users/prarthanapatel/Desktop/Himanshi/speech_emotion_detection-develop-v2/cremad_preprocessed/audio/1051_WSI_HAP_XX.wav,1051_WSI_HAP_XX.wav,1051,train,1,happy,3,angry,0.9378340840339661
/Users/prarthanapatel/Desktop/Himanshi/speech_emotion_detection-develop-v2/cremad_preprocessed/audio/1051_WSI_NEU_XX.wav,1051_WSI_NEU_XX.wav,1051,train,0,neutral,0,neutral,0.9627520442008972
/Users/prarthanapatel/Desktop/Himanshi/speech_emotion_detection-develop-v2/cremad_preprocessed/audio/1051_WSI_SAD_XX.wav,1051_WSI_SAD_XX.wav,1051,train,2,sad,2,sad,0.7885034680366516
/Users/prarthanapatel/Desktop/Himanshi/speech_emotion_detection-develop-v2/cremad_preprocessed/audio/1052_DFA_ANG_XX.wav,1052_DFA_ANG_XX.wav,1052,train,3,angry,3,angry,0.9940972328186035
/Users/prarthanapatel/Desktop/Himanshi/speech_emotion_detection-develop-v2/cremad_preprocessed/audio/1052_DFA_DIS_XX.wav,1052_DFA_DIS_XX.wav,1052,train,5,disgust,0,neutral,0.4672884941101074
/Users/prarthanapatel/Desktop/Himanshi/speech_emotion_detection-develop-v2/cremad_preprocessed/audio/1052_DFA_FEA_XX.wav,1052_DFA_FEA_XX.wav,1052,train,4,fearful,4,fearful,0.9415695667266846
/Users/prarthanapatel/Desktop/Himanshi/speech_emotion_detection-develop-v2/cremad_preprocessed/audio/1052_DFA_HAP_XX.wav,1052_DFA_HAP_XX.wav,1052,train,1,happy,1,happy,0.926204264163971
/Users/prarthanapatel/Desktop/Himanshi/speech_emotion_detection-develop-v2/cremad_preprocessed/audio/1052_DFA_NEU_XX.wav,1052_DFA_NEU_XX.wav,1052,train,0,neutral,0,neutral,0.9862515330314636
/Users/prarthanapatel/Desktop/Himanshi/speech_emotion_detection-develop-v2/cremad_preprocessed/audio/1052_DFA_SAD_XX.wav,1052_DFA_SAD_XX.wav,1052,train,2,sad,2,sad,0.7240062952041626
/Users/prarthanapatel/Desktop/Himanshi/speech_emotion_detection-develop-v2/cremad_preprocessed/audio/1052_IEO_ANG_HI.wav,1052_IEO_ANG_HI.wav,1052,train,3,angry,3,angry,0.9945862293243408
/Users/prarthanapatel/Desktop/Himanshi/speech_emotion_detection-develop-v2/cremad_preprocessed/audio/1052_IEO_ANG_LO.wav,1052_IEO_ANG_LO.wav,1052,train,3,angry,3,angry,0.9936979413032532
/Users/prarthanapatel/Desktop/Himanshi/speech_emotion_detection-develop-v2/cremad_preprocessed/audio/1052_IEO_ANG_MD.wav,1052_IEO_ANG_MD.wav,1052,train,3,angry,3,angry,0.9951213002204895
/Users/prarthanapatel/Desktop/Himanshi/speech_emotion_detection-develop-v2/cremad_preprocessed/audio/1052_IEO_DIS_HI.wav,1052_IEO_DIS_HI.wav,1052,train,5,disgust,5,disgust,0.6392161846160889
/Users/prarthanapatel/Desktop/Himanshi/speech_emotion_detection-develop-v2/cremad_preprocessed/audio/1052_IEO_DIS_LO.wav,1052_IEO_DIS_LO.wav,1052,train,5,disgust,4,fearful,0.572289764881134
/Users/prarthanapatel/Desktop/Himanshi/speech_emotion_detection-develop-v2/cremad_preprocessed/audio/1052_IEO_DIS_MD.wav,1052_IEO_DIS_MD.wav,1052,train,5,disgust,1,happy,0.3463550806045532
/Users/prarthanapatel/Desktop/Himanshi/speech_emotion_detection-develop-v2/cremad_preprocessed/audio/1052_IEO_FEA_HI.wav,1052_IEO_FEA_HI.wav,1052,train,4,fearful,4,fearful,0.9589160084724426
/Users/prarthanapatel/Desktop/Himanshi/speech_emotion_detection-develop-v2/cremad_preprocessed/audio/1052_IEO_FEA_LO.wav,1052_IEO_FEA_LO.wav,1052,train,4,fearful,2,sad,0.6603450179100037
/Users/prarthanapatel/Desktop/Himanshi/speech_emotion_detection-develop-v2/cremad_preprocessed/audio/1052_IEO_FEA_MD.wav,1052_IEO_FEA_MD.wav,1052,train,4,fearful,4,fearful,0.7519245147705078
/Users/prarthanapatel/Desktop/Himanshi/speech_emotion_detection-develop-v2/cremad_preprocessed/audio/1052_IEO_HAP_HI.wav,1052_IEO_HAP_HI.wav,1052,train,1,happy,1,happy,0.9760027527809143
/Users/prarthanapatel/Desktop/Himanshi/speech_emotion_detection-develop-v2/cremad_preprocessed/audio/1052_IEO_HAP_LO.wav,1052_IEO_HAP_LO.wav,1052,train,1,happy,1,happy,0.9570200443267822
/Users/prarthanapatel/Desktop/Himanshi/speech_emotion_detection-develop-v2/cremad_preprocessed/audio/1052_IEO_HAP_MD.wav,1052_IEO_HAP_MD.wav,1052,train,1,happy,1,happy,0.9746504426002502
/Users/prarthanapatel/Desktop/Himanshi/speech_emotion_detection-develop-v2/cremad_preprocessed/audio/1052_IEO_NEU_XX.wav,1052_IEO_NEU_XX.wav,1052,train,0,neutral,0,neutral,0.9813841581344604
/Users/prarthanapatel/Desktop/Himanshi/speech_emotion_detection-develop-v2/cremad_preprocessed/audio/1052_IEO_SAD_HI.wav,1052_IEO_SAD_HI.wav,1052,train,2,sad,2,sad,0.889941394329071
/Users/prarthanapatel/Desktop/Himanshi/speech_emotion_detection-develop-v2/cremad_preprocessed/audio/1052_IEO_SAD_LO.wav,1052_IEO_SAD_LO.wav,1052,train,2,sad,2,sad,0.8685063719749451
/Users/prarthanapatel/Desktop/Himanshi/speech_emotion_detection-develop-v2/cremad_preprocessed/audio/1052_IEO_SAD_MD.wav,1052_IEO_SAD_MD.wav,1052,train,2,sad,2,sad,0.9394508004188538
/Users/prarthanapatel/Desktop/Himanshi/speech_emotion_detection-develop-v2/cremad_preprocessed/audio/1052_IOM_ANG_XX.wav,1052_IOM_ANG_XX.wav,1052,train,3,angry,3,angry,0.9949042797088623
/Users/prarthanapatel/Desktop/Himanshi/speech_emotion_detection-develop-v2/cremad_preprocessed/audio/1052_IOM_DIS_XX.wav,1052_IOM_DIS_XX.wav,1052,train,5,disgust,0,neutral,0.9170927405357361
/Users/prarthanapatel/Desktop/Himanshi/speech_emotion_detection-develop-v2/cremad_preprocessed/audio/1052_IOM_FEA_XX.wav,1052_IOM_FEA_XX.wav,1052,train,4,fearful,4,fearful,0.8498099446296692
/Users/prarthanapatel/Desktop/Himanshi/speech_emotion_detection-develop-v2/cremad_preprocessed/audio/1052_IOM_HAP_XX.wav,1052_IOM_HAP_XX.wav,1052,train,1,happy,4,fearful,0.9569333791732788
/Users/prarthanapatel/Desktop/Himanshi/speech_emotion_detection-develop-v2/cremad_preprocessed/audio/1052_IOM_NEU_XX.wav,1052_IOM_NEU_XX.wav,1052,train,0,neutral,0,neutral,0.9758419990539551
/Users/prarthanapatel/Desktop/Himanshi/speech_emotion_detection-develop-v2/cremad_preprocessed/audio/1052_IOM_SAD_XX.wav,1052_IOM_SAD_XX.wav,1052,train,2,sad,2,sad,0.5375524163246155
/Users/prarthanapatel/Desktop/Himanshi/speech_emotion_detection-develop-v2/cremad_preprocessed/audio/1052_ITH_ANG_XX.wav,1052_ITH_ANG_XX.wav,1052,train,3,angry,3,angry,0.9948254823684692
/Users/prarthanapatel/Desktop/Himanshi/speech_emotion_detection-develop-v2/cremad_preprocessed/audio/1052_ITH_DIS_XX.wav,1052_ITH_DIS_XX.wav,1052,train,5,disgust,0,neutral,0.9546578526496887
/Users/prarthanapatel/Desktop/Himanshi/speech_emotion_detection-develop-v2/cremad_preprocessed/audio/1052_ITH_FEA_XX.wav,1052_ITH_FEA_XX.wav,1052,train,4,fearful,4,fearful,0.8525334000587463
/Users/prarthanapatel/Desktop/Himanshi/speech_emotion_detection-develop-v2/cremad_preprocessed/audio/1052_ITH_HAP_XX.wav,1052_ITH_HAP_XX.wav,1052,train,1,happy,3,angry,0.6138609647750854
/Users/prarthanapatel/Desktop/Himanshi/speech_emotion_detection-develop-v2/cremad_preprocessed/audio/1052_ITH_NEU_XX.wav,1052_ITH_NEU_XX.wav,1052,train,0,neutral,0,neutral,0.9869616031646729
/Users/prarthanapatel/Desktop/Himanshi/speech_emotion_detection-develop-v2/cremad_preprocessed/audio/1052_ITH_SAD_XX.wav,1052_ITH_SAD_XX.wav,1052,train,2,sad,4,fearful,0.45559072494506836
/Users/prarthanapatel/Desktop/Himanshi/speech_emotion_detection-develop-v2/cremad_preprocessed/audio/1052_ITS_ANG_XX.wav,1052_ITS_ANG_XX.wav,1052,train,3,angry,3,angry,0.9942960143089294
/Users/prarthanapatel/Desktop/Himanshi/speech_emotion_detection-develop-v2/cremad_preprocessed/audio/1052_ITS_DIS_XX.wav,1052_ITS_DIS_XX.wav,1052,train,5,disgust,5,disgust,0.7461841702461243
/Users/prarthanapatel/Desktop/Himanshi/speech_emotion_detection-develop-v2/cremad_preprocessed/audio/1052_ITS_FEA_XX.wav,1052_ITS_FEA_XX.wav,1052,train,4,fearful,4,fearful,0.9607496857643127
/Users/prarthanapatel/Desktop/Himanshi/speech_emotion_detection-develop-v2/cremad_preprocessed/audio/1052_ITS_HAP_XX.wav,1052_ITS_HAP_XX.wav,1052,train,1,happy,1,happy,0.9610045552253723
/Users/prarthanapatel/Desktop/Himanshi/speech_emotion_detection-develop-v2/cremad_preprocessed/audio/1052_ITS_NEU_XX.wav,1052_ITS_NEU_XX.wav,1052,train,0,neutral,0,neutral,0.9891504645347595
/Users/prarthanapatel/Desktop/Himanshi/speech_emotion_detection-develop-v2/cremad_preprocessed/audio/1052_ITS_SAD_XX.wav,1052_ITS_SAD_XX.wav,1052,train,2,sad,2,sad,0.6195571422576904
/Users/prarthanapatel/Desktop/Himanshi/speech_emotion_detection-develop-v2/cremad_preprocessed/audio/1052_IWL_ANG_XX.wav,1052_IWL_ANG_XX.wav,1052,train,3,angry,3,angry,0.9949306845664978
/Users/prarthanapatel/Desktop/Himanshi/speech_emotion_detection-develop-v2/cremad_preprocessed/audio/1052_IWL_DIS_XX.wav,1052_IWL_DIS_XX.wav,1052,train,5,disgust,1,happy,0.49324125051498413
/Users/prarthanapatel/Desktop/Himanshi/speech_emotion_detection-develop-v2/cremad_preprocessed/audio/1052_IWL_FEA_XX.wav,1052_IWL_FEA_XX.wav,1052,train,4,fearful,4,fearful,0.9604204297065735
/Users/prarthanapatel/Desktop/Himanshi/speech_emotion_detection-develop-v2/cremad_preprocessed/audio/1052_IWL_HAP_XX.wav,1052_IWL_HAP_XX.wav,1052,train,1,happy,1,happy,0.9664109945297241
/Users/prarthanapatel/Desktop/Himanshi/speech_emotion_detection-develop-v2/cremad_preprocessed/audio/1052_IWL_NEU_XX.wav,1052_IWL_NEU_XX.wav,1052,train,0,neutral,0,neutral,0.9888935685157776
/Users/prarthanapatel/Desktop/Himanshi/speech_emotion_detection-develop-v2/cremad_preprocessed/audio/1052_IWL_SAD_XX.wav,1052_IWL_SAD_XX.wav,1052,train,2,sad,4,fearful,0.6067122220993042
/Users/prarthanapatel/Desktop/Himanshi/speech_emotion_detection-develop-v2/cremad_preprocessed/audio/1052_IWW_ANG_XX.wav,1052_IWW_ANG_XX.wav,1052,train,3,angry,3,angry,0.9942779541015625
/Users/prarthanapatel/Desktop/Himanshi/speech_emotion_detection-develop-v2/cremad_preprocessed/audio/1052_IWW_DIS_XX.wav,1052_IWW_DIS_XX.wav,1052,train,5,disgust,5,disgust,0.8195992112159729
/Users/prarthanapatel/Desktop/Himanshi/speech_emotion_detection-develop-v2/cremad_preprocessed/audio/1052_IWW_FEA_XX.wav,1052_IWW_FEA_XX.wav,1052,train,4,fearful,1,happy,0.8865310549736023
/Users/prarthanapatel/Desktop/Himanshi/speech_emotion_detection-develop-v2/cremad_preprocessed/audio/1052_IWW_HAP_XX.wav,1052_IWW_HAP_XX.wav,1052,train,1,happy,1,happy,0.9398090839385986
/Users/prarthanapatel/Desktop/Himanshi/speech_emotion_detection-develop-v2/cremad_preprocessed/audio/1052_IWW_NEU_XX.wav,1052_IWW_NEU_XX.wav,1052,train,0,neutral,0,neutral,0.9839473962783813
/Users/prarthanapatel/Desktop/Himanshi/speech_emotion_detection-develop-v2/cremad_preprocessed/audio/1052_IWW_SAD_XX.wav,1052_IWW_SAD_XX.wav,1052,train,2,sad,0,neutral,0.9017298817634583
/Users/prarthanapatel/Desktop/Himanshi/speech_emotion_detection-develop-v2/cremad_preprocessed/audio/1052_MTI_ANG_XX.wav,1052_MTI_ANG_XX.wav,1052,train,3,angry,3,angry,0.9944759011268616
/Users/prarthanapatel/Desktop/Himanshi/speech_emotion_detection-develop-v2/cremad_preprocessed/audio/1052_MTI_DIS_XX.wav,1052_MTI_DIS_XX.wav,1052,train,5,disgust,4,fearful,0.8099258542060852
/Users/prarthanapatel/Desktop/Himanshi/speech_emotion_detection-develop-v2/cremad_preprocessed/audio/1052_MTI_FEA_XX.wav,1052_MTI_FEA_XX.wav,1052,train,4,fearful,4,fearful,0.9579036831855774
/Users/prarthanapatel/Desktop/Himanshi/speech_emotion_detection-develop-v2/cremad_preprocessed/audio/1052_MTI_HAP_XX.wav,1052_MTI_HAP_XX.wav,1052,train,1,happy,1,happy,0.9728973507881165
/Users/prarthanapatel/Desktop/Himanshi/speech_emotion_detection-develop-v2/cremad_preprocessed/audio/1052_MTI_NEU_XX.wav,1052_MTI_NEU_XX.wav,1052,train,0,neutral,0,neutral,0.9789884090423584
/Users/prarthanapatel/Desktop/Himanshi/speech_emotion_detection-develop-v2/cremad_preprocessed/audio/1052_MTI_SAD_XX.wav,1052_MTI_SAD_XX.wav,1052,train,2,sad,1,happy,0.8416767716407776
/Users/prarthanapatel/Desktop/Himanshi/speech_emotion_detection-develop-v2/cremad_preprocessed/audio/1052_TAI_ANG_XX.wav,1052_TAI_ANG_XX.wav,1052,train,3,angry,3,angry,0.9947296380996704
/Users/prarthanapatel/Desktop/Himanshi/speech_emotion_detection-develop-v2/cremad_preprocessed/audio/1052_TAI_DIS_XX.wav,1052_TAI_DIS_XX.wav,1052,train,5,disgust,1,happy,0.8951278328895569
/Users/prarthanapatel/Desktop/Himanshi/speech_emotion_detection-develop-v2/cremad_preprocessed/audio/1052_TAI_FEA_XX.wav,1052_TAI_FEA_XX.wav,1052,train,4,fearful,4,fearful,0.9042149186134338
/Users/prarthanapatel/Desktop/Himanshi/speech_emotion_detection-develop-v2/cremad_preprocessed/audio/1052_TAI_HAP_XX.wav,1052_TAI_HAP_XX.wav,1052,train,1,happy,1,happy,0.9045138359069824
/Users/prarthanapatel/Desktop/Himanshi/speech_emotion_detection-develop-v2/cremad_preprocessed/audio/1052_TAI_NEU_XX.wav,1052_TAI_NEU_XX.wav,1052,train,0,neutral,0,neutral,0.9784759283065796
/Users/prarthanapatel/Desktop/Himanshi/speech_emotion_detection-develop-v2/cremad_preprocessed/audio/1052_TAI_SAD_XX.wav,1052_TAI_SAD_XX.wav,1052,train,2,sad,4,fearful,0.578569233417511
/Users/prarthanapatel/Desktop/Himanshi/speech_emotion_detection-develop-v2/cremad_preprocessed/audio/1052_TIE_ANG_XX.wav,1052_TIE_ANG_XX.wav,1052,train,3,angry,3,angry,0.9948331117630005
/Users/prarthanapatel/Desktop/Himanshi/speech_emotion_detection-develop-v2/cremad_preprocessed/audio/1052_TIE_DIS_XX.wav,1052_TIE_DIS_XX.wav,1052,train,5,disgust,5,disgust,0.8840187788009644
/Users/prarthanapatel/Desktop/Himanshi/speech_emotion_detection-develop-v2/cremad_preprocessed/audio/1052_TIE_FEA_XX.wav,1052_TIE_FEA_XX.wav,1052,train,4,fearful,4,fearful,0.9460164904594421
/Users/prarthanapatel/Desktop/Himanshi/speech_emotion_detection-develop-v2/cremad_preprocessed/audio/1052_TIE_HAP_XX.wav,1052_TIE_HAP_XX.wav,1052,train,1,happy,1,happy,0.9525017738342285
/Users/prarthanapatel/Desktop/Himanshi/speech_emotion_detection-develop-v2/cremad_preprocessed/audio/1052_TIE_NEU_XX.wav,1052_TIE_NEU_XX.wav,1052,train,0,neutral,0,neutral,0.9782654643058777
/Users/prarthanapatel/Desktop/Himanshi/speech_emotion_detection-develop-v2/cremad_preprocessed/audio/1052_TIE_SAD_XX.wav,1052_TIE_SAD_XX.wav,1052,train,2,sad,2,sad,0.731148898601532
/Users/prarthanapatel/Desktop/Himanshi/speech_emotion_detection-develop-v2/cremad_preprocessed/audio/1052_TSI_ANG_XX.wav,1052_TSI_ANG_XX.wav,1052,train,3,angry,3,angry,0.9939589500427246
/Users/prarthanapatel/Desktop/Himanshi/speech_emotion_detection-develop-v2/cremad_preprocessed/audio/1052_TSI_DIS_XX.wav,1052_TSI_DIS_XX.wav,1052,train,5,disgust,2,sad,0.8221904635429382
/Users/prarthanapatel/Desktop/Himanshi/speech_emotion_detection-develop-v2/cremad_preprocessed/audio/1052_TSI_FEA_XX.wav,1052_TSI_FEA_XX.wav,1052,train,4,fearful,4,fearful,0.9611096382141113
/Users/prarthanapatel/Desktop/Himanshi/speech_emotion_detection-develop-v2/cremad_preprocessed/audio/1052_TSI_HAP_XX.wav,1052_TSI_HAP_XX.wav,1052,train,1,happy,1,happy,0.9656499624252319
/Users/prarthanapatel/Desktop/Himanshi/speech_emotion_detection-develop-v2/cremad_preprocessed/audio/1052_TSI_NEU_XX.wav,1052_TSI_NEU_XX.wav,1052,train,0,neutral,0,neutral,0.9662265777587891
/Users/prarthanapatel/Desktop/Himanshi/speech_emotion_detection-develop-v2/cremad_preprocessed/audio/1052_TSI_SAD_XX.wav,1052_TSI_SAD_XX.wav,1052,train,2,sad,2,sad,0.697367787361145
/Users/prarthanapatel/Desktop/Himanshi/speech_emotion_detection-develop-v2/cremad_preprocessed/audio/1052_WSI_ANG_XX.wav,1052_WSI_ANG_XX.wav,1052,train,3,angry,3,angry,0.9944263696670532
/Users/prarthanapatel/Desktop/Himanshi/speech_emotion_detection-develop-v2/cremad_preprocessed/audio/1052_WSI_DIS_XX.wav,1052_WSI_DIS_XX.wav,1052,train,5,disgust,5,disgust,0.41636988520622253
/Users/prarthanapatel/Desktop/Himanshi/speech_emotion_detection-develop-v2/cremad_preprocessed/audio/1052_WSI_FEA_XX.wav,1052_WSI_FEA_XX.wav,1052,train,4,fearful,4,fearful,0.9573922753334045
/Users/prarthanapatel/Desktop/Himanshi/speech_emotion_detection-develop-v2/cremad_preprocessed/audio/1052_WSI_HAP_XX.wav,1052_WSI_HAP_XX.wav,1052,train,1,happy,1,happy,0.962281346321106
/Users/prarthanapatel/Desktop/Himanshi/speech_emotion_detection-develop-v2/cremad_preprocessed/audio/1052_WSI_NEU_XX.wav,1052_WSI_NEU_XX.wav,1052,train,0,neutral,0,neutral,0.9643072485923767
/Users/prarthanapatel/Desktop/Himanshi/speech_emotion_detection-develop-v2/cremad_preprocessed/audio/1052_WSI_SAD_XX.wav,1052_WSI_SAD_XX.wav,1052,train,2,sad,2,sad,0.8590192198753357
/Users/prarthanapatel/Desktop/Himanshi/speech_emotion_detection-develop-v2/cremad_preprocessed/audio/1053_DFA_ANG_XX.wav,1053_DFA_ANG_XX.wav,1053,train,3,angry,3,angry,0.9945566654205322
/Users/prarthanapatel/Desktop/Himanshi/speech_emotion_detection-develop-v2/cremad_preprocessed/audio/1053_DFA_DIS_XX.wav,1053_DFA_DIS_XX.wav,1053,train,5,disgust,5,disgust,0.9389168620109558
/Users/prarthanapatel/Desktop/Himanshi/speech_emotion_detection-develop-v2/cremad_preprocessed/audio/1053_DFA_FEA_XX.wav,1053_DFA_FEA_XX.wav,1053,train,4,fearful,4,fearful,0.9619979858398438
/Users/prarthanapatel/Desktop/Himanshi/speech_emotion_detection-develop-v2/cremad_preprocessed/audio/1053_DFA_HAP_XX.wav,1053_DFA_HAP_XX.wav,1053,train,1,happy,1,happy,0.6458419561386108
/Users/prarthanapatel/Desktop/Himanshi/speech_emotion_detection-develop-v2/cremad_preprocessed/audio/1053_DFA_NEU_XX.wav,1053_DFA_NEU_XX.wav,1053,train,0,neutral,0,neutral,0.8154234290122986
/Users/prarthanapatel/Desktop/Himanshi/speech_emotion_detection-develop-v2/cremad_preprocessed/audio/1053_DFA_SAD_XX.wav,1053_DFA_SAD_XX.wav,1053,train,2,sad,0,neutral,0.6079623699188232
/Users/prarthanapatel/Desktop/Himanshi/speech_emotion_detection-develop-v2/cremad_preprocessed/audio/1053_IEO_ANG_HI.wav,1053_IEO_ANG_HI.wav,1053,train,3,angry,3,angry,0.994635283946991
/Users/prarthanapatel/Desktop/Himanshi/speech_emotion_detection-develop-v2/cremad_preprocessed/audio/1053_IEO_ANG_LO.wav,1053_IEO_ANG_LO.wav,1053,train,3,angry,0,neutral,0.5254343152046204
/Users/prarthanapatel/Desktop/Himanshi/speech_emotion_detection-develop-v2/cremad_preprocessed/audio/1053_IEO_ANG_MD.wav,1053_IEO_ANG_MD.wav,1053,train,3,angry,3,angry,0.972203254699707
/Users/prarthanapatel/Desktop/Himanshi/speech_emotion_detection-develop-v2/cremad_preprocessed/audio/1053_IEO_DIS_HI.wav,1053_IEO_DIS_HI.wav,1053,train,5,disgust,5,disgust,0.8794472813606262
/Users/prarthanapatel/Desktop/Himanshi/speech_emotion_detection-develop-v2/cremad_preprocessed/audio/1053_IEO_DIS_LO.wav,1053_IEO_DIS_LO.wav,1053,train,5,disgust,2,sad,0.6770534515380859
/Users/prarthanapatel/Desktop/Himanshi/speech_emotion_detection-develop-v2/cremad_preprocessed/audio/1053_IEO_DIS_MD.wav,1053_IEO_DIS_MD.wav,1053,train,5,disgust,5,disgust,0.9633829593658447
/Users/prarthanapatel/Desktop/Himanshi/speech_emotion_detection-develop-v2/cremad_preprocessed/audio/1053_IEO_FEA_HI.wav,1053_IEO_FEA_HI.wav,1053,train,4,fearful,4,fearful,0.958686113357544
/Users/prarthanapatel/Desktop/Himanshi/speech_emotion_detection-develop-v2/cremad_preprocessed/audio/1053_IEO_FEA_LO.wav,1053_IEO_FEA_LO.wav,1053,train,4,fearful,2,sad,0.8139447569847107
/Users/prarthanapatel/Desktop/Himanshi/speech_emotion_detection-develop-v2/cremad_preprocessed/audio/1053_IEO_FEA_MD.wav,1053_IEO_FEA_MD.wav,1053,train,4,fearful,4,fearful,0.7860669493675232
/Users/prarthanapatel/Desktop/Himanshi/speech_emotion_detection-develop-v2/cremad_preprocessed/audio/1053_IEO_HAP_HI.wav,1053_IEO_HAP_HI.wav,1053,train,1,happy,1,happy,0.7100268602371216
/Users/prarthanapatel/Desktop/Himanshi/speech_emotion_detection-develop-v2/cremad_preprocessed/audio/1053_IEO_HAP_LO.wav,1053_IEO_HAP_LO.wav,1053,train,1,happy,1,happy,0.97878098487854
/Users/prarthanapatel/Desktop/Himanshi/speech_emotion_detection-develop-v2/cremad_preprocessed/audio/1053_IEO_HAP_MD.wav,1053_IEO_HAP_MD.wav,1053,train,1,happy,1,happy,0.9720468521118164
/Users/prarthanapatel/Desktop/Himanshi/speech_emotion_detection-develop-v2/cremad_preprocessed/audio/1053_IEO_NEU_XX.wav,1053_IEO_NEU_XX.wav,1053,train,0,neutral,0,neutral,0.9849836230278015
/Users/prarthanapatel/Desktop/Himanshi/speech_emotion_detection-develop-v2/cremad_preprocessed/audio/1053_IEO_SAD_HI.wav,1053_IEO_SAD_HI.wav,1053,train,2,sad,4,fearful,0.5380364656448364
/Users/prarthanapatel/Desktop/Himanshi/speech_emotion_detection-develop-v2/cremad_preprocessed/audio/1053_IEO_SAD_LO.wav,1053_IEO_SAD_LO.wav,1053,train,2,sad,4,fearful,0.6993003487586975
/Users/prarthanapatel/Desktop/Himanshi/speech_emotion_detection-develop-v2/cremad_preprocessed/audio/1053_IEO_SAD_MD.wav,1053_IEO_SAD_MD.wav,1053,train,2,sad,4,fearful,0.6884875893592834
/Users/prarthanapatel/Desktop/Himanshi/speech_emotion_detection-develop-v2/cremad_preprocessed/audio/1053_IOM_ANG_XX.wav,1053_IOM_ANG_XX.wav,1053,train,3,angry,3,angry,0.9949023723602295
/Users/prarthanapatel/Desktop/Himanshi/speech_emotion_detection-develop-v2/cremad_preprocessed/audio/1053_IOM_DIS_XX.wav,1053_IOM_DIS_XX.wav,1053,train,5,disgust,5,disgust,0.9316328763961792
/Users/prarthanapatel/Desktop/Himanshi/speech_emotion_detection-develop-v2/cremad_preprocessed/audio/1053_IOM_FEA_XX.wav,1053_IOM_FEA_XX.wav,1053,train,4,fearful,4,fearful,0.914456844329834
/Users/prarthanapatel/Desktop/Himanshi/speech_emotion_detection-develop-v2/cremad_preprocessed/audio/1053_IOM_HAP_XX.wav,1053_IOM_HAP_XX.wav,1053,train,1,happy,1,happy,0.9774606227874756
/Users/prarthanapatel/Desktop/Himanshi/speech_emotion_detection-develop-v2/cremad_preprocessed/audio/1053_IOM_NEU_XX.wav,1053_IOM_NEU_XX.wav,1053,train,0,neutral,0,neutral,0.881413996219635
/Users/prarthanapatel/Desktop/Himanshi/speech_emotion_detection-develop-v2/cremad_preprocessed/audio/1053_IOM_SAD_XX.wav,1053_IOM_SAD_XX.wav,1053,train,2,sad,2,sad,0.8415818214416504
/Users/prarthanapatel/Desktop/Himanshi/speech_emotion_detection-develop-v2/cremad_preprocessed/audio/1053_ITH_ANG_XX.wav,1053_ITH_ANG_XX.wav,1053,train,3,angry,3,angry,0.9948051571846008
/Users/prarthanapatel/Desktop/Himanshi/speech_emotion_detection-develop-v2/cremad_preprocessed/audio/1053_ITH_DIS_XX.wav,1053_ITH_DIS_XX.wav,1053,train,5,disgust,3,angry,0.9206331968307495
/Users/prarthanapatel/Desktop/Himanshi/speech_emotion_detection-develop-v2/cremad_preprocessed/audio/1053_ITH_FEA_XX.wav,1053_ITH_FEA_XX.wav,1053,train,4,fearful,4,fearful,0.9414488673210144
/Users/prarthanapatel/Desktop/Himanshi/speech_emotion_detection-develop-v2/cremad_preprocessed/audio/1053_ITH_HAP_XX.wav,1053_ITH_HAP_XX.wav,1053,train,1,happy,4,fearful,0.8247818350791931
/Users/prarthanapatel/Desktop/Himanshi/speech_emotion_detection-develop-v2/cremad_preprocessed/audio/1053_ITH_NEU_XX.wav,1053_ITH_NEU_XX.wav,1053,train,0,neutral,0,neutral,0.9712290167808533
/Users/prarthanapatel/Desktop/Himanshi/speech_emotion_detection-develop-v2/cremad_preprocessed/audio/1053_ITH_SAD_XX.wav,1053_ITH_SAD_XX.wav,1053,train,2,sad,0,neutral,0.45109739899635315
/Users/prarthanapatel/Desktop/Himanshi/speech_emotion_detection-develop-v2/cremad_preprocessed/audio/1053_ITS_ANG_XX.wav,1053_ITS_ANG_XX.wav,1053,train,3,angry,3,angry,0.9948061108589172
/Users/prarthanapatel/Desktop/Himanshi/speech_emotion_detection-develop-v2/cremad_preprocessed/audio/1053_ITS_DIS_XX.wav,1053_ITS_DIS_XX.wav,1053,train,5,disgust,5,disgust,0.8800951838493347
/Users/prarthanapatel/Desktop/Himanshi/speech_emotion_detection-develop-v2/cremad_preprocessed/audio/1053_ITS_FEA_XX.wav,1053_ITS_FEA_XX.wav,1053,train,4,fearful,4,fearful,0.9514175057411194
/Users/prarthanapatel/Desktop/Himanshi/speech_emotion_detection-develop-v2/cremad_preprocessed/audio/1053_ITS_HAP_XX.wav,1053_ITS_HAP_XX.wav,1053,train,1,happy,1,happy,0.9665929675102234
/Users/prarthanapatel/Desktop/Himanshi/speech_emotion_detection-develop-v2/cremad_preprocessed/audio/1053_ITS_NEU_XX.wav,1053_ITS_NEU_XX.wav,1053,train,0,neutral,0,neutral,0.94230717420578
/Users/prarthanapatel/Desktop/Himanshi/speech_emotion_detection-develop-v2/cremad_preprocessed/audio/1053_ITS_SAD_XX.wav,1053_ITS_SAD_XX.wav,1053,train,2,sad,2,sad,0.6109321117401123
/Users/prarthanapatel/Desktop/Himanshi/speech_emotion_detection-develop-v2/cremad_preprocessed/audio/1053_IWL_ANG_XX.wav,1053_IWL_ANG_XX.wav,1053,train,3,angry,3,angry,0.9942492246627808
/Users/prarthanapatel/Desktop/Himanshi/speech_emotion_detection-develop-v2/cremad_preprocessed/audio/1053_IWL_DIS_XX.wav,1053_IWL_DIS_XX.wav,1053,train,5,disgust,3,angry,0.9818012714385986
/Users/prarthanapatel/Desktop/Himanshi/speech_emotion_detection-develop-v2/cremad_preprocessed/audio/1053_IWL_FEA_XX.wav,1053_IWL_FEA_XX.wav,1053,train,4,fearful,3,angry,0.903212308883667
/Users/prarthanapatel/Desktop/Himanshi/speech_emotion_detection-develop-v2/cremad_preprocessed/audio/1053_IWL_HAP_XX.wav,1053_IWL_HAP_XX.wav,1053,train,1,happy,1,happy,0.9703276753425598
/Users/prarthanapatel/Desktop/Himanshi/speech_emotion_detection-develop-v2/cremad_preprocessed/audio/1053_IWL_NEU_XX.wav,1053_IWL_NEU_XX.wav,1053,train,0,neutral,0,neutral,0.9816465973854065
/Users/prarthanapatel/Desktop/Himanshi/speech_emotion_detection-develop-v2/cremad_preprocessed/audio/1053_IWL_SAD_XX.wav,1053_IWL_SAD_XX.wav,1053,train,2,sad,4,fearful,0.8049101829528809
/Users/prarthanapatel/Desktop/Himanshi/speech_emotion_detection-develop-v2/cremad_preprocessed/audio/1053_IWW_ANG_XX.wav,1053_IWW_ANG_XX.wav,1053,train,3,angry,3,angry,0.9948210716247559
/Users/prarthanapatel/Desktop/Himanshi/speech_emotion_detection-develop-v2/cremad_preprocessed/audio/1053_IWW_DIS_XX.wav,1053_IWW_DIS_XX.wav,1053,train,5,disgust,5,disgust,0.8289756178855896
/Users/prarthanapatel/Desktop/Himanshi/speech_emotion_detection-develop-v2/cremad_preprocessed/audio/1053_IWW_FEA_XX.wav,1053_IWW_FEA_XX.wav,1053,train,4,fearful,4,fearful,0.8085402250289917
/Users/prarthanapatel/Desktop/Himanshi/speech_emotion_detection-develop-v2/cremad_preprocessed/audio/1053_IWW_HAP_XX.wav,1053_IWW_HAP_XX.wav,1053,train,1,happy,1,happy,0.9629946351051331
/Users/prarthanapatel/Desktop/Himanshi/speech_emotion_detection-develop-v2/cremad_preprocessed/audio/1053_IWW_NEU_XX.wav,1053_IWW_NEU_XX.wav,1053,train,0,neutral,0,neutral,0.9858635067939758
/Users/prarthanapatel/Desktop/Himanshi/speech_emotion_detection-develop-v2/cremad_preprocessed/audio/1053_IWW_SAD_XX.wav,1053_IWW_SAD_XX.wav,1053,train,2,sad,2,sad,0.8507554531097412
/Users/prarthanapatel/Desktop/Himanshi/speech_emotion_detection-develop-v2/cremad_preprocessed/audio/1053_MTI_ANG_XX.wav,1053_MTI_ANG_XX.wav,1053,train,3,angry,3,angry,0.9937542080879211
/Users/prarthanapatel/Desktop/Himanshi/speech_emotion_detection-develop-v2/cremad_preprocessed/audio/1053_MTI_DIS_XX.wav,1053_MTI_DIS_XX.wav,1053,train,5,disgust,5,disgust,0.9397107362747192
/Users/prarthanapatel/Desktop/Himanshi/speech_emotion_detection-develop-v2/cremad_preprocessed/audio/1053_MTI_FEA_XX.wav,1053_MTI_FEA_XX.wav,1053,train,4,fearful,4,fearful,0.9091266393661499
/Users/prarthanapatel/Desktop/Himanshi/speech_emotion_detection-develop-v2/cremad_preprocessed/audio/1053_MTI_HAP_XX.wav,1053_MTI_HAP_XX.wav,1053,train,1,happy,1,happy,0.9280138611793518
/Users/prarthanapatel/Desktop/Himanshi/speech_emotion_detection-develop-v2/cremad_preprocessed/audio/1053_MTI_NEU_XX.wav,1053_MTI_NEU_XX.wav,1053,train,0,neutral,0,neutral,0.9686684608459473
/Users/prarthanapatel/Desktop/Himanshi/speech_emotion_detection-develop-v2/cremad_preprocessed/audio/1053_MTI_SAD_XX.wav,1053_MTI_SAD_XX.wav,1053,train,2,sad,2,sad,0.5070831775665283
/Users/prarthanapatel/Desktop/Himanshi/speech_emotion_detection-develop-v2/cremad_preprocessed/audio/1053_TAI_ANG_XX.wav,1053_TAI_ANG_XX.wav,1053,train,3,angry,3,angry,0.994385838508606
/Users/prarthanapatel/Desktop/Himanshi/speech_emotion_detection-develop-v2/cremad_preprocessed/audio/1053_TAI_DIS_XX.wav,1053_TAI_DIS_XX.wav,1053,train,5,disgust,5,disgust,0.9693147540092468
/Users/prarthanapatel/Desktop/Himanshi/speech_emotion_detection-develop-v2/cremad_preprocessed/audio/1053_TAI_FEA_XX.wav,1053_TAI_FEA_XX.wav,1053,train,4,fearful,4,fearful,0.9408259391784668
/Users/prarthanapatel/Desktop/Himanshi/speech_emotion_detection-develop-v2/cremad_preprocessed/audio/1053_TAI_HAP_XX.wav,1053_TAI_HAP_XX.wav,1053,train,1,happy,3,angry,0.7317880988121033
/Users/prarthanapatel/Desktop/Himanshi/speech_emotion_detection-develop-v2/cremad_preprocessed/audio/1053_TAI_NEU_XX.wav,1053_TAI_NEU_XX.wav,1053,train,0,neutral,0,neutral,0.9837093353271484
/Users/prarthanapatel/Desktop/Himanshi/speech_emotion_detection-develop-v2/cremad_preprocessed/audio/1053_TAI_SAD_XX.wav,1053_TAI_SAD_XX.wav,1053,train,2,sad,4,fearful,0.7652342319488525
/Users/prarthanapatel/Desktop/Himanshi/speech_emotion_detection-develop-v2/cremad_preprocessed/audio/1053_TIE_ANG_XX.wav,1053_TIE_ANG_XX.wav,1053,train,3,angry,3,angry,0.9949304461479187
/Users/prarthanapatel/Desktop/Himanshi/speech_emotion_detection-develop-v2/cremad_preprocessed/audio/1053_TIE_DIS_XX.wav,1053_TIE_DIS_XX.wav,1053,train,5,disgust,0,neutral,0.44955942034721375
/Users/prarthanapatel/Desktop/Himanshi/speech_emotion_detection-develop-v2/cremad_preprocessed/audio/1053_TIE_FEA_XX.wav,1053_TIE_FEA_XX.wav,1053,train,4,fearful,4,fearful,0.8113024830818176
/Users/prarthanapatel/Desktop/Himanshi/speech_emotion_detection-develop-v2/cremad_preprocessed/audio/1053_TIE_HAP_XX.wav,1053_TIE_HAP_XX.wav,1053,train,1,happy,1,happy,0.966206431388855
/Users/prarthanapatel/Desktop/Himanshi/speech_emotion_detection-develop-v2/cremad_preprocessed/audio/1053_TIE_NEU_XX.wav,1053_TIE_NEU_XX.wav,1053,train,0,neutral,0,neutral,0.9837125539779663
/Users/prarthanapatel/Desktop/Himanshi/speech_emotion_detection-develop-v2/cremad_preprocessed/audio/1053_TIE_SAD_XX.wav,1053_TIE_SAD_XX.wav,1053,train,2,sad,2,sad,0.9125378131866455
/Users/prarthanapatel/Desktop/Himanshi/speech_emotion_detection-develop-v2/cremad_preprocessed/audio/1053_TSI_ANG_XX.wav,1053_TSI_ANG_XX.wav,1053,train,3,angry,3,angry,0.9948752522468567
/Users/prarthanapatel/Desktop/Himanshi/speech_emotion_detection-develop-v2/cremad_preprocessed/audio/1053_TSI_DIS_XX.wav,1053_TSI_DIS_XX.wav,1053,train,5,disgust,1,happy,0.5860490798950195
/Users/prarthanapatel/Desktop/Himanshi/speech_emotion_detection-develop-v2/cremad_preprocessed/audio/1053_TSI_FEA_XX.wav,1053_TSI_FEA_XX.wav,1053,train,4,fearful,4,fearful,0.6962102651596069
/Users/prarthanapatel/Desktop/Himanshi/speech_emotion_detection-develop-v2/cremad_preprocessed/audio/1053_TSI_HAP_XX.wav,1053_TSI_HAP_XX.wav,1053,train,1,happy,3,angry,0.9878780841827393
/Users/prarthanapatel/Desktop/Himanshi/speech_emotion_detection-develop-v2/cremad_preprocessed/audio/1053_TSI_NEU_XX.wav,1053_TSI_NEU_XX.wav,1053,train,0,neutral,0,neutral,0.6220506429672241
/Users/prarthanapatel/Desktop/Himanshi/speech_emotion_detection-develop-v2/cremad_preprocessed/audio/1053_TSI_SAD_XX.wav,1053_TSI_SAD_XX.wav,1053,train,2,sad,2,sad,0.7609063982963562
/Users/prarthanapatel/Desktop/Himanshi/speech_emotion_detection-develop-v2/cremad_preprocessed/audio/1053_WSI_ANG_XX.wav,1053_WSI_ANG_XX.wav,1053,train,3,angry,3,angry,0.9940709471702576
/Users/prarthanapatel/Desktop/Himanshi/speech_emotion_detection-develop-v2/cremad_preprocessed/audio/1053_WSI_DIS_XX.wav,1053_WSI_DIS_XX.wav,1053,train,5,disgust,5,disgust,0.9562170505523682
/Users/prarthanapatel/Desktop/Himanshi/speech_emotion_detection-develop-v2/cremad_preprocessed/audio/1053_WSI_FEA_XX.wav,1053_WSI_FEA_XX.wav,1053,train,4,fearful,4,fearful,0.9383664131164551
/Users/prarthanapatel/Desktop/Himanshi/speech_emotion_detection-develop-v2/cremad_preprocessed/audio/1053_WSI_HAP_XX.wav,1053_WSI_HAP_XX.wav,1053,train,1,happy,3,angry,0.5233072638511658
/Users/prarthanapatel/Desktop/Himanshi/speech_emotion_detection-develop-v2/cremad_preprocessed/audio/1053_WSI_NEU_XX.wav,1053_WSI_NEU_XX.wav,1053,train,0,neutral,0,neutral,0.9870398640632629
/Users/prarthanapatel/Desktop/Himanshi/speech_emotion_detection-develop-v2/cremad_preprocessed/audio/1053_WSI_SAD_XX.wav,1053_WSI_SAD_XX.wav,1053,train,2,sad,2,sad,0.8976213335990906
/Users/prarthanapatel/Desktop/Himanshi/speech_emotion_detection-develop-v2/cremad_preprocessed/audio/1056_DFA_ANG_XX.wav,1056_DFA_ANG_XX.wav,1056,train,3,angry,3,angry,0.9947913885116577
/Users/prarthanapatel/Desktop/Himanshi/speech_emotion_detection-develop-v2/cremad_preprocessed/audio/1056_DFA_DIS_XX.wav,1056_DFA_DIS_XX.wav,1056,train,5,disgust,3,angry,0.9492068290710449
/Users/prarthanapatel/Desktop/Himanshi/speech_emotion_detection-develop-v2/cremad_preprocessed/audio/1056_DFA_FEA_XX.wav,1056_DFA_FEA_XX.wav,1056,train,4,fearful,4,fearful,0.9644948244094849
/Users/prarthanapatel/Desktop/Himanshi/speech_emotion_detection-develop-v2/cremad_preprocessed/audio/1056_DFA_HAP_XX.wav,1056_DFA_HAP_XX.wav,1056,train,1,happy,1,happy,0.9784541130065918
/Users/prarthanapatel/Desktop/Himanshi/speech_emotion_detection-develop-v2/cremad_preprocessed/audio/1056_DFA_NEU_XX.wav,1056_DFA_NEU_XX.wav,1056,train,0,neutral,0,neutral,0.9868034720420837
/Users/prarthanapatel/Desktop/Himanshi/speech_emotion_detection-develop-v2/cremad_preprocessed/audio/1056_DFA_SAD_XX.wav,1056_DFA_SAD_XX.wav,1056,train,2,sad,2,sad,0.7902826070785522
/Users/prarthanapatel/Desktop/Himanshi/speech_emotion_detection-develop-v2/cremad_preprocessed/audio/1056_IEO_ANG_HI.wav,1056_IEO_ANG_HI.wav,1056,train,3,angry,3,angry,0.9946421384811401
/Users/prarthanapatel/Desktop/Himanshi/speech_emotion_detection-develop-v2/cremad_preprocessed/audio/1056_IEO_ANG_LO.wav,1056_IEO_ANG_LO.wav,1056,train,3,angry,3,angry,0.9923804998397827
/Users/prarthanapatel/Desktop/Himanshi/speech_emotion_detection-develop-v2/cremad_preprocessed/audio/1056_IEO_ANG_MD.wav,1056_IEO_ANG_MD.wav,1056,train,3,angry,3,angry,0.9948269724845886
/Users/prarthanapatel/Desktop/Himanshi/speech_emotion_detection-develop-v2/cremad_preprocessed/audio/1056_IEO_DIS_HI.wav,1056_IEO_DIS_HI.wav,1056,train,5,disgust,5,disgust,0.5351847410202026
/Users/prarthanapatel/Desktop/Himanshi/speech_emotion_detection-develop-v2/cremad_preprocessed/audio/1056_IEO_DIS_LO.wav,1056_IEO_DIS_LO.wav,1056,train,5,disgust,5,disgust,0.8983152508735657
/Users/prarthanapatel/Desktop/Himanshi/speech_emotion_detection-develop-v2/cremad_preprocessed/audio/1056_IEO_DIS_MD.wav,1056_IEO_DIS_MD.wav,1056,train,5,disgust,3,angry,0.8441988229751587
/Users/prarthanapatel/Desktop/Himanshi/speech_emotion_detection-develop-v2/cremad_preprocessed/audio/1056_IEO_FEA_HI.wav,1056_IEO_FEA_HI.wav,1056,train,4,fearful,3,angry,0.7174091935157776
/Users/prarthanapatel/Desktop/Himanshi/speech_emotion_detection-develop-v2/cremad_preprocessed/audio/1056_IEO_FEA_LO.wav,1056_IEO_FEA_LO.wav,1056,train,4,fearful,4,fearful,0.9157323241233826
/Users/prarthanapatel/Desktop/Himanshi/speech_emotion_detection-develop-v2/cremad_preprocessed/audio/1056_IEO_FEA_MD.wav,1056_IEO_FEA_MD.wav,1056,train,4,fearful,4,fearful,0.9026942849159241
/Users/prarthanapatel/Desktop/Himanshi/speech_emotion_detection-develop-v2/cremad_preprocessed/audio/1056_IEO_HAP_HI.wav,1056_IEO_HAP_HI.wav,1056,train,1,happy,1,happy,0.9139653444290161
/Users/prarthanapatel/Desktop/Himanshi/speech_emotion_detection-develop-v2/cremad_preprocessed/audio/1056_IEO_HAP_LO.wav,1056_IEO_HAP_LO.wav,1056,train,1,happy,1,happy,0.8617932796478271
/Users/prarthanapatel/Desktop/Himanshi/speech_emotion_detection-develop-v2/cremad_preprocessed/audio/1056_IEO_HAP_MD.wav,1056_IEO_HAP_MD.wav,1056,train,1,happy,1,happy,0.9640854597091675
/Users/prarthanapatel/Desktop/Himanshi/speech_emotion_detection-develop-v2/cremad_preprocessed/audio/1056_IEO_NEU_XX.wav,1056_IEO_NEU_XX.wav,1056,train,0,neutral,0,neutral,0.978174090385437
/Users/prarthanapatel/Desktop/Himanshi/speech_emotion_detection-develop-v2/cremad_preprocessed/audio/1056_IEO_SAD_HI.wav,1056_IEO_SAD_HI.wav,1056,train,2,sad,2,sad,0.6736491918563843
/Users/prarthanapatel/Desktop/Himanshi/speech_emotion_detection-develop-v2/cremad_preprocessed/audio/1056_IEO_SAD_LO.wav,1056_IEO_SAD_LO.wav,1056,train,2,sad,2,sad,0.6261821985244751
/Users/prarthanapatel/Desktop/Himanshi/speech_emotion_detection-develop-v2/cremad_preprocessed/audio/1056_IEO_SAD_MD.wav,1056_IEO_SAD_MD.wav,1056,train,2,sad,2,sad,0.521366536617279
/Users/prarthanapatel/Desktop/Himanshi/speech_emotion_detection-develop-v2/cremad_preprocessed/audio/1056_IOM_ANG_XX.wav,1056_IOM_ANG_XX.wav,1056,train,3,angry,3,angry,0.9936623573303223
/Users/prarthanapatel/Desktop/Himanshi/speech_emotion_detection-develop-v2/cremad_preprocessed/audio/1056_IOM_DIS_XX.wav,1056_IOM_DIS_XX.wav,1056,train,5,disgust,3,angry,0.9850000143051147
/Users/prarthanapatel/Desktop/Himanshi/speech_emotion_detection-develop-v2/cremad_preprocessed/audio/1056_IOM_FEA_XX.wav,1056_IOM_FEA_XX.wav,1056,train,4,fearful,2,sad,0.574000358581543
/Users/prarthanapatel/Desktop/Himanshi/speech_emotion_detection-develop-v2/cremad_preprocessed/audio/1056_IOM_HAP_XX.wav,1056_IOM_HAP_XX.wav,1056,train,1,happy,1,happy,0.9495463967323303
/Users/prarthanapatel/Desktop/Himanshi/speech_emotion_detection-develop-v2/cremad_preprocessed/audio/1056_IOM_NEU_XX.wav,1056_IOM_NEU_XX.wav,1056,train,0,neutral,0,neutral,0.9888104200363159
/Users/prarthanapatel/Desktop/Himanshi/speech_emotion_detection-develop-v2/cremad_preprocessed/audio/1056_IOM_SAD_XX.wav,1056_IOM_SAD_XX.wav,1056,train,2,sad,2,sad,0.8403046727180481
/Users/prarthanapatel/Desktop/Himanshi/speech_emotion_detection-develop-v2/cremad_preprocessed/audio/1056_ITH_ANG_XX.wav,1056_ITH_ANG_XX.wav,1056,train,3,angry,3,angry,0.7189063429832458
/Users/prarthanapatel/Desktop/Himanshi/speech_emotion_detection-develop-v2/cremad_preprocessed/audio/1056_ITH_DIS_XX.wav,1056_ITH_DIS_XX.wav,1056,train,5,disgust,3,angry,0.9845459461212158
/Users/prarthanapatel/Desktop/Himanshi/speech_emotion_detection-develop-v2/cremad_preprocessed/audio/1056_ITH_FEA_XX.wav,1056_ITH_FEA_XX.wav,1056,train,4,fearful,4,fearful,0.9244639277458191
/Users/prarthanapatel/Desktop/Himanshi/speech_emotion_detection-develop-v2/cremad_preprocessed/audio/1056_ITH_HAP_XX.wav,1056_ITH_HAP_XX.wav,1056,train,1,happy,1,happy,0.5848641991615295
/Users/prarthanapatel/Desktop/Himanshi/speech_emotion_detection-develop-v2/cremad_preprocessed/audio/1056_ITH_NEU_XX.wav,1056_ITH_NEU_XX.wav,1056,train,0,neutral,0,neutral,0.9801537990570068
/Users/prarthanapatel/Desktop/Himanshi/speech_emotion_detection-develop-v2/cremad_preprocessed/audio/1056_ITH_SAD_XX.wav,1056_ITH_SAD_XX.wav,1056,train,2,sad,2,sad,0.636814534664154
/Users/prarthanapatel/Desktop/Himanshi/speech_emotion_detection-develop-v2/cremad_preprocessed/audio/1056_ITS_ANG_XX.wav,1056_ITS_ANG_XX.wav,1056,train,3,angry,3,angry,0.99470055103302
/Users/prarthanapatel/Desktop/Himanshi/speech_emotion_detection-develop-v2/cremad_preprocessed/audio/1056_ITS_DIS_XX.wav,1056_ITS_DIS_XX.wav,1056,train,5,disgust,3,angry,0.5450791120529175
/Users/prarthanapatel/Desktop/Himanshi/speech_emotion_detection-develop-v2/cremad_preprocessed/audio/1056_ITS_FEA_XX.wav,1056_ITS_FEA_XX.wav,1056,train,4,fearful,4,fearful,0.9603862762451172
/Users/prarthanapatel/Desktop/Himanshi/speech_emotion_detection-develop-v2/cremad_preprocessed/audio/1056_ITS_HAP_XX.wav,1056_ITS_HAP_XX.wav,1056,train,1,happy,1,happy,0.9773765802383423
/Users/prarthanapatel/Desktop/Himanshi/speech_emotion_detection-develop-v2/cremad_preprocessed/audio/1056_ITS_NEU_XX.wav,1056_ITS_NEU_XX.wav,1056,train,0,neutral,0,neutral,0.9814733862876892
/Users/prarthanapatel/Desktop/Himanshi/speech_emotion_detection-develop-v2/cremad_preprocessed/audio/1056_ITS_SAD_XX.wav,1056_ITS_SAD_XX.wav,1056,train,2,sad,2,sad,0.8261407017707825
/Users/prarthanapatel/Desktop/Himanshi/speech_emotion_detection-develop-v2/cremad_preprocessed/audio/1056_IWL_ANG_XX.wav,1056_IWL_ANG_XX.wav,1056,train,3,angry,3,angry,0.9950482249259949
/Users/prarthanapatel/Desktop/Himanshi/speech_emotion_detection-develop-v2/cremad_preprocessed/audio/1056_IWL_DIS_XX.wav,1056_IWL_DIS_XX.wav,1056,train,5,disgust,1,happy,0.5130859613418579
/Users/prarthanapatel/Desktop/Himanshi/speech_emotion_detection-develop-v2/cremad_preprocessed/audio/1056_IWL_FEA_XX.wav,1056_IWL_FEA_XX.wav,1056,train,4,fearful,4,fearful,0.9511446356773376
/Users/prarthanapatel/Desktop/Himanshi/speech_emotion_detection-develop-v2/cremad_preprocessed/audio/1056_IWL_HAP_XX.wav,1056_IWL_HAP_XX.wav,1056,train,1,happy,1,happy,0.9697443842887878
/Users/prarthanapatel/Desktop/Himanshi/speech_emotion_detection-develop-v2/cremad_preprocessed/audio/1056_IWL_NEU_XX.wav,1056_IWL_NEU_XX.wav,1056,train,0,neutral,0,neutral,0.976905107498169
/Users/prarthanapatel/Desktop/Himanshi/speech_emotion_detection-develop-v2/cremad_preprocessed/audio/1056_IWL_SAD_XX.wav,1056_IWL_SAD_XX.wav,1056,train,2,sad,0,neutral,0.7112002372741699
/Users/prarthanapatel/Desktop/Himanshi/speech_emotion_detection-develop-v2/cremad_preprocessed/audio/1056_IWW_ANG_XX.wav,1056_IWW_ANG_XX.wav,1056,train,3,angry,3,angry,0.9937894940376282
/Users/prarthanapatel/Desktop/Himanshi/speech_emotion_detection-develop-v2/cremad_preprocessed/audio/1056_IWW_DIS_XX.wav,1056_IWW_DIS_XX.wav,1056,train,5,disgust,3,angry,0.569762110710144
/Users/prarthanapatel/Desktop/Himanshi/speech_emotion_detection-develop-v2/cremad_preprocessed/audio/1056_IWW_FEA_XX.wav,1056_IWW_FEA_XX.wav,1056,train,4,fearful,3,angry,0.8425929546356201
/Users/prarthanapatel/Desktop/Himanshi/speech_emotion_detection-develop-v2/cremad_preprocessed/audio/1056_IWW_HAP_XX.wav,1056_IWW_HAP_XX.wav,1056,train,1,happy,1,happy,0.8299102783203125
/Users/prarthanapatel/Desktop/Himanshi/speech_emotion_detection-develop-v2/cremad_preprocessed/audio/1056_IWW_NEU_XX.wav,1056_IWW_NEU_XX.wav,1056,train,0,neutral,0,neutral,0.9857053756713867
/Users/prarthanapatel/Desktop/Himanshi/speech_emotion_detection-develop-v2/cremad_preprocessed/audio/1056_IWW_SAD_XX.wav,1056_IWW_SAD_XX.wav,1056,train,2,sad,2,sad,0.7146973013877869
/Users/prarthanapatel/Desktop/Himanshi/speech_emotion_detection-develop-v2/cremad_preprocessed/audio/1056_MTI_ANG_XX.wav,1056_MTI_ANG_XX.wav,1056,train,3,angry,3,angry,0.9938627481460571
/Users/prarthanapatel/Desktop/Himanshi/speech_emotion_detection-develop-v2/cremad_preprocessed/audio/1056_MTI_DIS_XX.wav,1056_MTI_DIS_XX.wav,1056,train,5,disgust,3,angry,0.9941911101341248
/Users/prarthanapatel/Desktop/Himanshi/speech_emotion_detection-develop-v2/cremad_preprocessed/audio/1056_MTI_FEA_XX.wav,1056_MTI_FEA_XX.wav,1056,train,4,fearful,4,fearful,0.87785404920578
/Users/prarthanapatel/Desktop/Himanshi/speech_emotion_detection-develop-v2/cremad_preprocessed/audio/1056_MTI_HAP_XX.wav,1056_MTI_HAP_XX.wav,1056,train,1,happy,1,happy,0.9547917246818542
/Users/prarthanapatel/Desktop/Himanshi/speech_emotion_detection-develop-v2/cremad_preprocessed/audio/1056_MTI_NEU_XX.wav,1056_MTI_NEU_XX.wav,1056,train,0,neutral,0,neutral,0.9632962346076965
/Users/prarthanapatel/Desktop/Himanshi/speech_emotion_detection-develop-v2/cremad_preprocessed/audio/1056_MTI_SAD_XX.wav,1056_MTI_SAD_XX.wav,1056,train,2,sad,2,sad,0.7440834641456604
/Users/prarthanapatel/Desktop/Himanshi/speech_emotion_detection-develop-v2/cremad_preprocessed/audio/1056_TAI_ANG_XX.wav,1056_TAI_ANG_XX.wav,1056,train,3,angry,3,angry,0.993046224117279
/Users/prarthanapatel/Desktop/Himanshi/speech_emotion_detection-develop-v2/cremad_preprocessed/audio/1056_TAI_DIS_XX.wav,1056_TAI_DIS_XX.wav,1056,train,5,disgust,3,angry,0.9914969801902771
/Users/prarthanapatel/Desktop/Himanshi/speech_emotion_detection-develop-v2/cremad_preprocessed/audio/1056_TAI_FEA_XX.wav,1056_TAI_FEA_XX.wav,1056,train,4,fearful,4,fearful,0.9419384598731995
/Users/prarthanapatel/Desktop/Himanshi/speech_emotion_detection-develop-v2/cremad_preprocessed/audio/1056_TAI_HAP_XX.wav,1056_TAI_HAP_XX.wav,1056,train,1,happy,1,happy,0.9651488065719604
/Users/prarthanapatel/Desktop/Himanshi/speech_emotion_detection-develop-v2/cremad_preprocessed/audio/1056_TAI_NEU_XX.wav,1056_TAI_NEU_XX.wav,1056,train,0,neutral,0,neutral,0.9836606383323669
/Users/prarthanapatel/Desktop/Himanshi/speech_emotion_detection-develop-v2/cremad_preprocessed/audio/1056_TAI_SAD_XX.wav,1056_TAI_SAD_XX.wav,1056,train,2,sad,1,happy,0.9117727875709534
/Users/prarthanapatel/Desktop/Himanshi/speech_emotion_detection-develop-v2/cremad_preprocessed/audio/1056_TIE_ANG_XX.wav,1056_TIE_ANG_XX.wav,1056,train,3,angry,3,angry,0.9947717785835266
/Users/prarthanapatel/Desktop/Himanshi/speech_emotion_detection-develop-v2/cremad_preprocessed/audio/1056_TIE_DIS_XX.wav,1056_TIE_DIS_XX.wav,1056,train,5,disgust,3,angry,0.8065683245658875
/Users/prarthanapatel/Desktop/Himanshi/speech_emotion_detection-develop-v2/cremad_preprocessed/audio/1056_TIE_FEA_XX.wav,1056_TIE_FEA_XX.wav,1056,train,4,fearful,1,happy,0.6743859052658081
/Users/prarthanapatel/Desktop/Himanshi/speech_emotion_detection-develop-v2/cremad_preprocessed/audio/1056_TIE_HAP_XX.wav,1056_TIE_HAP_XX.wav,1056,train,1,happy,1,happy,0.9682503342628479
/Users/prarthanapatel/Desktop/Himanshi/speech_emotion_detection-develop-v2/cremad_preprocessed/audio/1056_TIE_NEU_XX.wav,1056_TIE_NEU_XX.wav,1056,train,0,neutral,0,neutral,0.9653406143188477
/Users/prarthanapatel/Desktop/Himanshi/speech_emotion_detection-develop-v2/cremad_preprocessed/audio/1056_TIE_SAD_XX.wav,1056_TIE_SAD_XX.wav,1056,train,2,sad,2,sad,0.7113152146339417
/Users/prarthanapatel/Desktop/Himanshi/speech_emotion_detection-develop-v2/cremad_preprocessed/audio/1056_TSI_ANG_XX.wav,1056_TSI_ANG_XX.wav,1056,train,3,angry,3,angry,0.9950944185256958
/Users/prarthanapatel/Desktop/Himanshi/speech_emotion_detection-develop-v2/cremad_preprocessed/audio/1056_TSI_DIS_XX.wav,1056_TSI_DIS_XX.wav,1056,train,5,disgust,1,happy,0.9429880976676941
/Users/prarthanapatel/Desktop/Himanshi/speech_emotion_detection-develop-v2/cremad_preprocessed/audio/1056_TSI_FEA_XX.wav,1056_TSI_FEA_XX.wav,1056,train,4,fearful,4,fearful,0.8930880427360535
/Users/prarthanapatel/Desktop/Himanshi/speech_emotion_detection-develop-v2/cremad_preprocessed/audio/1056_TSI_HAP_XX.wav,1056_TSI_HAP_XX.wav,1056,train,1,happy,3,angry,0.9829140305519104
/Users/prarthanapatel/Desktop/Himanshi/speech_emotion_detection-develop-v2/cremad_preprocessed/audio/1056_TSI_NEU_XX.wav,1056_TSI_NEU_XX.wav,1056,train,0,neutral,0,neutral,0.9338775277137756
/Users/prarthanapatel/Desktop/Himanshi/speech_emotion_detection-develop-v2/cremad_preprocessed/audio/1056_TSI_SAD_XX.wav,1056_TSI_SAD_XX.wav,1056,train,2,sad,2,sad,0.5787841081619263
/Users/prarthanapatel/Desktop/Himanshi/speech_emotion_detection-develop-v2/cremad_preprocessed/audio/1056_WSI_ANG_XX.wav,1056_WSI_ANG_XX.wav,1056,train,3,angry,3,angry,0.9943418502807617
/Users/prarthanapatel/Desktop/Himanshi/speech_emotion_detection-develop-v2/cremad_preprocessed/audio/1056_WSI_DIS_XX.wav,1056_WSI_DIS_XX.wav,1056,train,5,disgust,5,disgust,0.928371787071228
/Users/prarthanapatel/Desktop/Himanshi/speech_emotion_detection-develop-v2/cremad_preprocessed/audio/1056_WSI_FEA_XX.wav,1056_WSI_FEA_XX.wav,1056,train,4,fearful,4,fearful,0.9607037901878357
/Users/prarthanapatel/Desktop/Himanshi/speech_emotion_detection-develop-v2/cremad_preprocessed/audio/1056_WSI_HAP_XX.wav,1056_WSI_HAP_XX.wav,1056,train,1,happy,1,happy,0.9334627985954285
/Users/prarthanapatel/Desktop/Himanshi/speech_emotion_detection-develop-v2/cremad_preprocessed/audio/1056_WSI_NEU_XX.wav,1056_WSI_NEU_XX.wav,1056,train,0,neutral,0,neutral,0.9238820672035217
/Users/prarthanapatel/Desktop/Himanshi/speech_emotion_detection-develop-v2/cremad_preprocessed/audio/1056_WSI_SAD_XX.wav,1056_WSI_SAD_XX.wav,1056,train,2,sad,0,neutral,0.9678231477737427
/Users/prarthanapatel/Desktop/Himanshi/speech_emotion_detection-develop-v2/cremad_preprocessed/audio/1057_DFA_ANG_XX.wav,1057_DFA_ANG_XX.wav,1057,train,3,angry,3,angry,0.9952581524848938
/Users/prarthanapatel/Desktop/Himanshi/speech_emotion_detection-develop-v2/cremad_preprocessed/audio/1057_DFA_DIS_XX.wav,1057_DFA_DIS_XX.wav,1057,train,5,disgust,5,disgust,0.6767238974571228
/Users/prarthanapatel/Desktop/Himanshi/speech_emotion_detection-develop-v2/cremad_preprocessed/audio/1057_DFA_FEA_XX.wav,1057_DFA_FEA_XX.wav,1057,train,4,fearful,4,fearful,0.932617723941803
/Users/prarthanapatel/Desktop/Himanshi/speech_emotion_detection-develop-v2/cremad_preprocessed/audio/1057_DFA_HAP_XX.wav,1057_DFA_HAP_XX.wav,1057,train,1,happy,4,fearful,0.7837346196174622
/Users/prarthanapatel/Desktop/Himanshi/speech_emotion_detection-develop-v2/cremad_preprocessed/audio/1057_DFA_NEU_XX.wav,1057_DFA_NEU_XX.wav,1057,train,0,neutral,0,neutral,0.9873303174972534
/Users/prarthanapatel/Desktop/Himanshi/speech_emotion_detection-develop-v2/cremad_preprocessed/audio/1057_DFA_SAD_XX.wav,1057_DFA_SAD_XX.wav,1057,train,2,sad,2,sad,0.6702403426170349
/Users/prarthanapatel/Desktop/Himanshi/speech_emotion_detection-develop-v2/cremad_preprocessed/audio/1057_IEO_ANG_HI.wav,1057_IEO_ANG_HI.wav,1057,train,3,angry,4,fearful,0.5483474135398865
/Users/prarthanapatel/Desktop/Himanshi/speech_emotion_detection-develop-v2/cremad_preprocessed/audio/1057_IEO_ANG_LO.wav,1057_IEO_ANG_LO.wav,1057,train,3,angry,1,happy,0.7768727540969849
/Users/prarthanapatel/Desktop/Himanshi/speech_emotion_detection-develop-v2/cremad_preprocessed/audio/1057_IEO_ANG_MD.wav,1057_IEO_ANG_MD.wav,1057,train,3,angry,3,angry,0.9926597476005554
/Users/prarthanapatel/Desktop/Himanshi/speech_emotion_detection-develop-v2/cremad_preprocessed/audio/1057_IEO_DIS_HI.wav,1057_IEO_DIS_HI.wav,1057,train,5,disgust,3,angry,0.9648963212966919
/Users/prarthanapatel/Desktop/Himanshi/speech_emotion_detection-develop-v2/cremad_preprocessed/audio/1057_IEO_DIS_LO.wav,1057_IEO_DIS_LO.wav,1057,train,5,disgust,4,fearful,0.5690287947654724
/Users/prarthanapatel/Desktop/Himanshi/speech_emotion_detection-develop-v2/cremad_preprocessed/audio/1057_IEO_DIS_MD.wav,1057_IEO_DIS_MD.wav,1057,train,5,disgust,3,angry,0.8685183525085449
/Users/prarthanapatel/Desktop/Himanshi/speech_emotion_detection-develop-v2/cremad_preprocessed/audio/1057_IEO_FEA_HI.wav,1057_IEO_FEA_HI.wav,1057,train,4,fearful,4,fearful,0.9542693495750427
/Users/prarthanapatel/Desktop/Himanshi/speech_emotion_detection-develop-v2/cremad_preprocessed/audio/1057_IEO_FEA_LO.wav,1057_IEO_FEA_LO.wav,1057,train,4,fearful,4,fearful,0.8672808408737183
/Users/prarthanapatel/Desktop/Himanshi/speech_emotion_detection-develop-v2/cremad_preprocessed/audio/1057_IEO_FEA_MD.wav,1057_IEO_FEA_MD.wav,1057,train,4,fearful,2,sad,0.547391951084137
/Users/prarthanapatel/Desktop/Himanshi/speech_emotion_detection-develop-v2/cremad_preprocessed/audio/1057_IEO_HAP_HI.wav,1057_IEO_HAP_HI.wav,1057,train,1,happy,1,happy,0.9029916524887085
/Users/prarthanapatel/Desktop/Himanshi/speech_emotion_detection-develop-v2/cremad_preprocessed/audio/1057_IEO_HAP_LO.wav,1057_IEO_HAP_LO.wav,1057,train,1,happy,1,happy,0.9705435633659363
/Users/prarthanapatel/Desktop/Himanshi/speech_emotion_detection-develop-v2/cremad_preprocessed/audio/1057_IEO_HAP_MD.wav,1057_IEO_HAP_MD.wav,1057,train,1,happy,1,happy,0.6837388277053833
/Users/prarthanapatel/Desktop/Himanshi/speech_emotion_detection-develop-v2/cremad_preprocessed/audio/1057_IEO_NEU_XX.wav,1057_IEO_NEU_XX.wav,1057,train,0,neutral,0,neutral,0.7105363607406616
/Users/prarthanapatel/Desktop/Himanshi/speech_emotion_detection-develop-v2/cremad_preprocessed/audio/1057_IEO_SAD_HI.wav,1057_IEO_SAD_HI.wav,1057,train,2,sad,2,sad,0.9090896248817444
/Users/prarthanapatel/Desktop/Himanshi/speech_emotion_detection-develop-v2/cremad_preprocessed/audio/1057_IEO_SAD_LO.wav,1057_IEO_SAD_LO.wav,1057,train,2,sad,4,fearful,0.56694495677948
/Users/prarthanapatel/Desktop/Himanshi/speech_emotion_detection-develop-v2/cremad_preprocessed/audio/1057_IEO_SAD_MD.wav,1057_IEO_SAD_MD.wav,1057,train,2,sad,2,sad,0.8186986446380615
/Users/prarthanapatel/Desktop/Himanshi/speech_emotion_detection-develop-v2/cremad_preprocessed/audio/1057_IOM_ANG_XX.wav,1057_IOM_ANG_XX.wav,1057,train,3,angry,3,angry,0.9942367076873779
/Users/prarthanapatel/Desktop/Himanshi/speech_emotion_detection-develop-v2/cremad_preprocessed/audio/1057_IOM_DIS_XX.wav,1057_IOM_DIS_XX.wav,1057,train,5,disgust,3,angry,0.7370316386222839
/Users/prarthanapatel/Desktop/Himanshi/speech_emotion_detection-develop-v2/cremad_preprocessed/audio/1057_IOM_FEA_XX.wav,1057_IOM_FEA_XX.wav,1057,train,4,fearful,4,fearful,0.8752046227455139
/Users/prarthanapatel/Desktop/Himanshi/speech_emotion_detection-develop-v2/cremad_preprocessed/audio/1057_IOM_HAP_XX.wav,1057_IOM_HAP_XX.wav,1057,train,1,happy,1,happy,0.9134683012962341
/Users/prarthanapatel/Desktop/Himanshi/speech_emotion_detection-develop-v2/cremad_preprocessed/audio/1057_IOM_NEU_XX.wav,1057_IOM_NEU_XX.wav,1057,train,0,neutral,0,neutral,0.8784643411636353
/Users/prarthanapatel/Desktop/Himanshi/speech_emotion_detection-develop-v2/cremad_preprocessed/audio/1057_IOM_SAD_XX.wav,1057_IOM_SAD_XX.wav,1057,train,2,sad,4,fearful,0.64790278673172
/Users/prarthanapatel/Desktop/Himanshi/speech_emotion_detection-develop-v2/cremad_preprocessed/audio/1057_ITH_ANG_XX.wav,1057_ITH_ANG_XX.wav,1057,train,3,angry,3,angry,0.9950077533721924
/Users/prarthanapatel/Desktop/Himanshi/speech_emotion_detection-develop-v2/cremad_preprocessed/audio/1057_ITH_DIS_XX.wav,1057_ITH_DIS_XX.wav,1057,train,5,disgust,5,disgust,0.5505533814430237
/Users/prarthanapatel/Desktop/Himanshi/speech_emotion_detection-develop-v2/cremad_preprocessed/audio/1057_ITH_FEA_XX.wav,1057_ITH_FEA_XX.wav,1057,train,4,fearful,4,fearful,0.8022607564926147
/Users/prarthanapatel/Desktop/Himanshi/speech_emotion_detection-develop-v2/cremad_preprocessed/audio/1057_ITH_HAP_XX.wav,1057_ITH_HAP_XX.wav,1057,train,1,happy,4,fearful,0.5073546171188354
/Users/prarthanapatel/Desktop/Himanshi/speech_emotion_detection-develop-v2/cremad_preprocessed/audio/1057_ITH_NEU_XX.wav,1057_ITH_NEU_XX.wav,1057,train,0,neutral,0,neutral,0.6815942525863647
/Users/prarthanapatel/Desktop/Himanshi/speech_emotion_detection-develop-v2/cremad_preprocessed/audio/1057_ITH_SAD_XX.wav,1057_ITH_SAD_XX.wav,1057,train,2,sad,2,sad,0.6792491674423218
/Users/prarthanapatel/Desktop/Himanshi/speech_emotion_detection-develop-v2/cremad_preprocessed/audio/1057_ITS_ANG_XX.wav,1057_ITS_ANG_XX.wav,1057,train,3,angry,3,angry,0.9947612881660461
/Users/prarthanapatel/Desktop/Himanshi/speech_emotion_detection-develop-v2/cremad_preprocessed/audio/1057_ITS_DIS_XX.wav,1057_ITS_DIS_XX.wav,1057,train,5,disgust,5,disgust,0.8885981440544128
/Users/prarthanapatel/Desktop/Himanshi/speech_emotion_detection-develop-v2/cremad_preprocessed/audio/1057_ITS_FEA_XX.wav,1057_ITS_FEA_XX.wav,1057,train,4,fearful,4,fearful,0.8447389006614685
/Users/prarthanapatel/Desktop/Himanshi/speech_emotion_detection-develop-v2/cremad_preprocessed/audio/1057_ITS_HAP_XX.wav,1057_ITS_HAP_XX.wav,1057,train,1,happy,1,happy,0.9272624850273132
/Users/prarthanapatel/Desktop/Himanshi/speech_emotion_detection-develop-v2/cremad_preprocessed/audio/1057_ITS_NEU_XX.wav,1057_ITS_NEU_XX.wav,1057,train,0,neutral,0,neutral,0.5874080061912537
/Users/prarthanapatel/Desktop/Himanshi/speech_emotion_detection-develop-v2/cremad_preprocessed/audio/1057_ITS_SAD_XX.wav,1057_ITS_SAD_XX.wav,1057,train,2,sad,4,fearful,0.8672337532043457
/Users/prarthanapatel/Desktop/Himanshi/speech_emotion_detection-develop-v2/cremad_preprocessed/audio/1057_IWL_ANG_XX.wav,1057_IWL_ANG_XX.wav,1057,train,3,angry,3,angry,0.9932464361190796
/Users/prarthanapatel/Desktop/Himanshi/speech_emotion_detection-develop-v2/cremad_preprocessed/audio/1057_IWL_DIS_XX.wav,1057_IWL_DIS_XX.wav,1057,train,5,disgust,4,fearful,0.9602401256561279
/Users/prarthanapatel/Desktop/Himanshi/speech_emotion_detection-develop-v2/cremad_preprocessed/audio/1057_IWL_FEA_XX.wav,1057_IWL_FEA_XX.wav,1057,train,4,fearful,4,fearful,0.871001660823822
/Users/prarthanapatel/Desktop/Himanshi/speech_emotion_detection-develop-v2/cremad_preprocessed/audio/1057_IWL_HAP_XX.wav,1057_IWL_HAP_XX.wav,1057,train,1,happy,4,fearful,0.6358424425125122
/Users/prarthanapatel/Desktop/Himanshi/speech_emotion_detection-develop-v2/cremad_preprocessed/audio/1057_IWL_NEU_XX.wav,1057_IWL_NEU_XX.wav,1057,train,0,neutral,0,neutral,0.7986046075820923
/Users/prarthanapatel/Desktop/Himanshi/speech_emotion_detection-develop-v2/cremad_preprocessed/audio/1057_IWL_SAD_XX.wav,1057_IWL_SAD_XX.wav,1057,train,2,sad,4,fearful,0.6831607818603516
/Users/prarthanapatel/Desktop/Himanshi/speech_emotion_detection-develop-v2/cremad_preprocessed/audio/1057_IWW_ANG_XX.wav,1057_IWW_ANG_XX.wav,1057,train,3,angry,3,angry,0.9949018955230713
/Users/prarthanapatel/Desktop/Himanshi/speech_emotion_detection-develop-v2/cremad_preprocessed/audio/1057_IWW_DIS_XX.wav,1057_IWW_DIS_XX.wav,1057,train,5,disgust,3,angry,0.5230481624603271
/Users/prarthanapatel/Desktop/Himanshi/speech_emotion_detection-develop-v2/cremad_preprocessed/audio/1057_IWW_FEA_XX.wav,1057_IWW_FEA_XX.wav,1057,train,4,fearful,4,fearful,0.9616535902023315
/Users/prarthanapatel/Desktop/Himanshi/speech_emotion_detection-develop-v2/cremad_preprocessed/audio/1057_IWW_HAP_XX.wav,1057_IWW_HAP_XX.wav,1057,train,1,happy,1,happy,0.6066503524780273
/Users/prarthanapatel/Desktop/Himanshi/speech_emotion_detection-develop-v2/cremad_preprocessed/audio/1057_IWW_NEU_XX.wav,1057_IWW_NEU_XX.wav,1057,train,0,neutral,0,neutral,0.8715903162956238
/Users/prarthanapatel/Desktop/Himanshi/speech_emotion_detection-develop-v2/cremad_preprocessed/audio/1057_IWW_SAD_XX.wav,1057_IWW_SAD_XX.wav,1057,train,2,sad,4,fearful,0.8161235451698303
/Users/prarthanapatel/Desktop/Himanshi/speech_emotion_detection-develop-v2/cremad_preprocessed/audio/1057_MTI_ANG_XX.wav,1057_MTI_ANG_XX.wav,1057,train,3,angry,3,angry,0.993584930896759
/Users/prarthanapatel/Desktop/Himanshi/speech_emotion_detection-develop-v2/cremad_preprocessed/audio/1057_MTI_DIS_XX.wav,1057_MTI_DIS_XX.wav,1057,train,5,disgust,5,disgust,0.8653994202613831
/Users/prarthanapatel/Desktop/Himanshi/speech_emotion_detection-develop-v2/cremad_preprocessed/audio/1057_MTI_FEA_XX.wav,1057_MTI_FEA_XX.wav,1057,train,4,fearful,4,fearful,0.8096753358840942
/Users/prarthanapatel/Desktop/Himanshi/speech_emotion_detection-develop-v2/cremad_preprocessed/audio/1057_MTI_HAP_XX.wav,1057_MTI_HAP_XX.wav,1057,train,1,happy,1,happy,0.9746290445327759
/Users/prarthanapatel/Desktop/Himanshi/speech_emotion_detection-develop-v2/cremad_preprocessed/audio/1057_MTI_NEU_XX.wav,1057_MTI_NEU_XX.wav,1057,train,0,neutral,0,neutral,0.975456714630127
/Users/prarthanapatel/Desktop/Himanshi/speech_emotion_detection-develop-v2/cremad_preprocessed/audio/1057_MTI_SAD_XX.wav,1057_MTI_SAD_XX.wav,1057,train,2,sad,4,fearful,0.5003846287727356
/Users/prarthanapatel/Desktop/Himanshi/speech_emotion_detection-develop-v2/cremad_preprocessed/audio/1057_TAI_ANG_XX.wav,1057_TAI_ANG_XX.wav,1057,train,3,angry,3,angry,0.9927171468734741
/Users/prarthanapatel/Desktop/Himanshi/speech_emotion_detection-develop-v2/cremad_preprocessed/audio/1057_TAI_DIS_XX.wav,1057_TAI_DIS_XX.wav,1057,train,5,disgust,4,fearful,0.6296509504318237
/Users/prarthanapatel/Desktop/Himanshi/speech_emotion_detection-develop-v2/cremad_preprocessed/audio/1057_TAI_FEA_XX.wav,1057_TAI_FEA_XX.wav,1057,train,4,fearful,4,fearful,0.6850978136062622
/Users/prarthanapatel/Desktop/Himanshi/speech_emotion_detection-develop-v2/cremad_preprocessed/audio/1057_TAI_HAP_XX.wav,1057_TAI_HAP_XX.wav,1057,train,1,happy,1,happy,0.9819617867469788
/Users/prarthanapatel/Desktop/Himanshi/speech_emotion_detection-develop-v2/cremad_preprocessed/audio/1057_TAI_NEU_XX.wav,1057_TAI_NEU_XX.wav,1057,train,0,neutral,2,sad,0.45798155665397644
/Users/prarthanapatel/Desktop/Himanshi/speech_emotion_detection-develop-v2/cremad_preprocessed/audio/1057_TAI_SAD_XX.wav,1057_TAI_SAD_XX.wav,1057,train,2,sad,2,sad,0.6046366095542908
/Users/prarthanapatel/Desktop/Himanshi/speech_emotion_detection-develop-v2/cremad_preprocessed/audio/1057_TIE_ANG_XX.wav,1057_TIE_ANG_XX.wav,1057,train,3,angry,3,angry,0.9933807849884033
/Users/prarthanapatel/Desktop/Himanshi/speech_emotion_detection-develop-v2/cremad_preprocessed/audio/1057_TIE_DIS_XX.wav,1057_TIE_DIS_XX.wav,1057,train,5,disgust,2,sad,0.5367462635040283
/Users/prarthanapatel/Desktop/Himanshi/speech_emotion_detection-develop-v2/cremad_preprocessed/audio/1057_TIE_FEA_XX.wav,1057_TIE_FEA_XX.wav,1057,train,4,fearful,4,fearful,0.9505422711372375
/Users/prarthanapatel/Desktop/Himanshi/speech_emotion_detection-develop-v2/cremad_preprocessed/audio/1057_TIE_HAP_XX.wav,1057_TIE_HAP_XX.wav,1057,train,1,happy,4,fearful,0.6923397183418274
/Users/prarthanapatel/Desktop/Himanshi/speech_emotion_detection-develop-v2/cremad_preprocessed/audio/1057_TIE_NEU_XX.wav,1057_TIE_NEU_XX.wav,1057,train,0,neutral,0,neutral,0.8708415031433105
/Users/prarthanapatel/Desktop/Himanshi/speech_emotion_detection-develop-v2/cremad_preprocessed/audio/1057_TIE_SAD_XX.wav,1057_TIE_SAD_XX.wav,1057,train,2,sad,4,fearful,0.625907838344574
/Users/prarthanapatel/Desktop/Himanshi/speech_emotion_detection-develop-v2/cremad_preprocessed/audio/1057_TSI_ANG_XX.wav,1057_TSI_ANG_XX.wav,1057,train,3,angry,3,angry,0.9948467016220093
/Users/prarthanapatel/Desktop/Himanshi/speech_emotion_detection-develop-v2/cremad_preprocessed/audio/1057_TSI_DIS_XX.wav,1057_TSI_DIS_XX.wav,1057,train,5,disgust,5,disgust,0.4407041668891907
/Users/prarthanapatel/Desktop/Himanshi/speech_emotion_detection-develop-v2/cremad_preprocessed/audio/1057_TSI_FEA_XX.wav,1057_TSI_FEA_XX.wav,1057,train,4,fearful,4,fearful,0.9284204244613647
/Users/prarthanapatel/Desktop/Himanshi/speech_emotion_detection-develop-v2/cremad_preprocessed/audio/1057_TSI_HAP_XX.wav,1057_TSI_HAP_XX.wav,1057,train,1,happy,1,happy,0.9760643243789673
/Users/prarthanapatel/Desktop/Himanshi/speech_emotion_detection-develop-v2/cremad_preprocessed/audio/1057_TSI_NEU_XX.wav,1057_TSI_NEU_XX.wav,1057,train,0,neutral,0,neutral,0.9754393696784973
/Users/prarthanapatel/Desktop/Himanshi/speech_emotion_detection-develop-v2/cremad_preprocessed/audio/1057_TSI_SAD_XX.wav,1057_TSI_SAD_XX.wav,1057,train,2,sad,4,fearful,0.7489331960678101
/Users/prarthanapatel/Desktop/Himanshi/speech_emotion_detection-develop-v2/cremad_preprocessed/audio/1057_WSI_ANG_XX.wav,1057_WSI_ANG_XX.wav,1057,train,3,angry,3,angry,0.9946812987327576
/Users/prarthanapatel/Desktop/Himanshi/speech_emotion_detection-develop-v2/cremad_preprocessed/audio/1057_WSI_DIS_XX.wav,1057_WSI_DIS_XX.wav,1057,train,5,disgust,5,disgust,0.9023276567459106
/Users/prarthanapatel/Desktop/Himanshi/speech_emotion_detection-develop-v2/cremad_preprocessed/audio/1057_WSI_FEA_XX.wav,1057_WSI_FEA_XX.wav,1057,train,4,fearful,4,fearful,0.9641417860984802
/Users/prarthanapatel/Desktop/Himanshi/speech_emotion_detection-develop-v2/cremad_preprocessed/audio/1057_WSI_HAP_XX.wav,1057_WSI_HAP_XX.wav,1057,train,1,happy,1,happy,0.947009265422821
/Users/prarthanapatel/Desktop/Himanshi/speech_emotion_detection-develop-v2/cremad_preprocessed/audio/1057_WSI_NEU_XX.wav,1057_WSI_NEU_XX.wav,1057,train,0,neutral,2,sad,0.3975536525249481
/Users/prarthanapatel/Desktop/Himanshi/speech_emotion_detection-develop-v2/cremad_preprocessed/audio/1057_WSI_SAD_XX.wav,1057_WSI_SAD_XX.wav,1057,train,2,sad,2,sad,0.8427484631538391
/Users/prarthanapatel/Desktop/Himanshi/speech_emotion_detection-develop-v2/cremad_preprocessed/audio/1058_DFA_ANG_XX.wav,1058_DFA_ANG_XX.wav,1058,train,3,angry,3,angry,0.9949697852134705
/Users/prarthanapatel/Desktop/Himanshi/speech_emotion_detection-develop-v2/cremad_preprocessed/audio/1058_DFA_DIS_XX.wav,1058_DFA_DIS_XX.wav,1058,train,5,disgust,5,disgust,0.9155305027961731
/Users/prarthanapatel/Desktop/Himanshi/speech_emotion_detection-develop-v2/cremad_preprocessed/audio/1058_DFA_FEA_XX.wav,1058_DFA_FEA_XX.wav,1058,train,4,fearful,4,fearful,0.953058123588562
/Users/prarthanapatel/Desktop/Himanshi/speech_emotion_detection-develop-v2/cremad_preprocessed/audio/1058_DFA_HAP_XX.wav,1058_DFA_HAP_XX.wav,1058,train,1,happy,1,happy,0.9798575043678284
/Users/prarthanapatel/Desktop/Himanshi/speech_emotion_detection-develop-v2/cremad_preprocessed/audio/1058_DFA_NEU_XX.wav,1058_DFA_NEU_XX.wav,1058,train,0,neutral,3,angry,0.6904991865158081
/Users/prarthanapatel/Desktop/Himanshi/speech_emotion_detection-develop-v2/cremad_preprocessed/audio/1058_DFA_SAD_XX.wav,1058_DFA_SAD_XX.wav,1058,train,2,sad,2,sad,0.7797856330871582
/Users/prarthanapatel/Desktop/Himanshi/speech_emotion_detection-develop-v2/cremad_preprocessed/audio/1058_IEO_ANG_HI.wav,1058_IEO_ANG_HI.wav,1058,train,3,angry,3,angry,0.9879088997840881
/Users/prarthanapatel/Desktop/Himanshi/speech_emotion_detection-develop-v2/cremad_preprocessed/audio/1058_IEO_ANG_LO.wav,1058_IEO_ANG_LO.wav,1058,train,3,angry,3,angry,0.973319411277771
/Users/prarthanapatel/Desktop/Himanshi/speech_emotion_detection-develop-v2/cremad_preprocessed/audio/1058_IEO_ANG_MD.wav,1058_IEO_ANG_MD.wav,1058,train,3,angry,3,angry,0.9951660633087158
/Users/prarthanapatel/Desktop/Himanshi/speech_emotion_detection-develop-v2/cremad_preprocessed/audio/1058_IEO_DIS_HI.wav,1058_IEO_DIS_HI.wav,1058,train,5,disgust,5,disgust,0.7840047478675842
/Users/prarthanapatel/Desktop/Himanshi/speech_emotion_detection-develop-v2/cremad_preprocessed/audio/1058_IEO_DIS_LO.wav,1058_IEO_DIS_LO.wav,1058,train,5,disgust,5,disgust,0.7958195209503174
/Users/prarthanapatel/Desktop/Himanshi/speech_emotion_detection-develop-v2/cremad_preprocessed/audio/1058_IEO_DIS_MD.wav,1058_IEO_DIS_MD.wav,1058,train,5,disgust,4,fearful,0.6352649331092834
/Users/prarthanapatel/Desktop/Himanshi/speech_emotion_detection-develop-v2/cremad_preprocessed/audio/1058_IEO_FEA_HI.wav,1058_IEO_FEA_HI.wav,1058,train,4,fearful,4,fearful,0.9528558850288391
/Users/prarthanapatel/Desktop/Himanshi/speech_emotion_detection-develop-v2/cremad_preprocessed/audio/1058_IEO_FEA_LO.wav,1058_IEO_FEA_LO.wav,1058,train,4,fearful,2,sad,0.6573769450187683
/Users/prarthanapatel/Desktop/Himanshi/speech_emotion_detection-develop-v2/cremad_preprocessed/audio/1058_IEO_FEA_MD.wav,1058_IEO_FEA_MD.wav,1058,train,4,fearful,4,fearful,0.9163548350334167
/Users/prarthanapatel/Desktop/Himanshi/speech_emotion_detection-develop-v2/cremad_preprocessed/audio/1058_IEO_HAP_HI.wav,1058_IEO_HAP_HI.wav,1058,train,1,happy,4,fearful,0.7870000004768372
/Users/prarthanapatel/Desktop/Himanshi/speech_emotion_detection-develop-v2/cremad_preprocessed/audio/1058_IEO_HAP_LO.wav,1058_IEO_HAP_LO.wav,1058,train,1,happy,1,happy,0.9534198045730591
/Users/prarthanapatel/Desktop/Himanshi/speech_emotion_detection-develop-v2/cremad_preprocessed/audio/1058_IEO_HAP_MD.wav,1058_IEO_HAP_MD.wav,1058,train,1,happy,1,happy,0.8882236480712891
/Users/prarthanapatel/Desktop/Himanshi/speech_emotion_detection-develop-v2/cremad_preprocessed/audio/1058_IEO_NEU_XX.wav,1058_IEO_NEU_XX.wav,1058,train,0,neutral,3,angry,0.7255503535270691
/Users/prarthanapatel/Desktop/Himanshi/speech_emotion_detection-develop-v2/cremad_preprocessed/audio/1058_IEO_SAD_HI.wav,1058_IEO_SAD_HI.wav,1058,train,2,sad,1,happy,0.5638167858123779
/Users/prarthanapatel/Desktop/Himanshi/speech_emotion_detection-develop-v2/cremad_preprocessed/audio/1058_IEO_SAD_LO.wav,1058_IEO_SAD_LO.wav,1058,train,2,sad,2,sad,0.8152614235877991
/Users/prarthanapatel/Desktop/Himanshi/speech_emotion_detection-develop-v2/cremad_preprocessed/audio/1058_IEO_SAD_MD.wav,1058_IEO_SAD_MD.wav,1058,train,2,sad,5,disgust,0.5286791920661926
/Users/prarthanapatel/Desktop/Himanshi/speech_emotion_detection-develop-v2/cremad_preprocessed/audio/1058_IOM_ANG_XX.wav,1058_IOM_ANG_XX.wav,1058,train,3,angry,3,angry,0.993316650390625
/Users/prarthanapatel/Desktop/Himanshi/speech_emotion_detection-develop-v2/cremad_preprocessed/audio/1058_IOM_DIS_XX.wav,1058_IOM_DIS_XX.wav,1058,train,5,disgust,5,disgust,0.842278778553009
/Users/prarthanapatel/Desktop/Himanshi/speech_emotion_detection-develop-v2/cremad_preprocessed/audio/1058_IOM_FEA_XX.wav,1058_IOM_FEA_XX.wav,1058,train,4,fearful,4,fearful,0.9518271684646606
/Users/prarthanapatel/Desktop/Himanshi/speech_emotion_detection-develop-v2/cremad_preprocessed/audio/1058_IOM_HAP_XX.wav,1058_IOM_HAP_XX.wav,1058,train,1,happy,1,happy,0.7834093570709229
/Users/prarthanapatel/Desktop/Himanshi/speech_emotion_detection-develop-v2/cremad_preprocessed/audio/1058_IOM_NEU_XX.wav,1058_IOM_NEU_XX.wav,1058,train,0,neutral,0,neutral,0.9206998944282532
/Users/prarthanapatel/Desktop/Himanshi/speech_emotion_detection-develop-v2/cremad_preprocessed/audio/1058_IOM_SAD_XX.wav,1058_IOM_SAD_XX.wav,1058,train,2,sad,2,sad,0.8102946877479553
/Users/prarthanapatel/Desktop/Himanshi/speech_emotion_detection-develop-v2/cremad_preprocessed/audio/1058_ITH_ANG_XX.wav,1058_ITH_ANG_XX.wav,1058,train,3,angry,3,angry,0.9948010444641113
/Users/prarthanapatel/Desktop/Himanshi/speech_emotion_detection-develop-v2/cremad_preprocessed/audio/1058_ITH_DIS_XX.wav,1058_ITH_DIS_XX.wav,1058,train,5,disgust,5,disgust,0.9223027229309082
/Users/prarthanapatel/Desktop/Himanshi/speech_emotion_detection-develop-v2/cremad_preprocessed/audio/1058_ITH_FEA_XX.wav,1058_ITH_FEA_XX.wav,1058,train,4,fearful,4,fearful,0.9451252818107605
/Users/prarthanapatel/Desktop/Himanshi/speech_emotion_detection-develop-v2/cremad_preprocessed/audio/1058_ITH_HAP_XX.wav,1058_ITH_HAP_XX.wav,1058,train,1,happy,1,happy,0.8306815028190613
/Users/prarthanapatel/Desktop/Himanshi/speech_emotion_detection-develop-v2/cremad_preprocessed/audio/1058_ITH_NEU_XX.wav,1058_ITH_NEU_XX.wav,1058,train,0,neutral,0,neutral,0.9300230741500854
/Users/prarthanapatel/Desktop/Himanshi/speech_emotion_detection-develop-v2/cremad_preprocessed/audio/1058_ITH_SAD_XX.wav,1058_ITH_SAD_XX.wav,1058,train,2,sad,5,disgust,0.8351013660430908
/Users/prarthanapatel/Desktop/Himanshi/speech_emotion_detection-develop-v2/cremad_preprocessed/audio/1058_ITS_ANG_XX.wav,1058_ITS_ANG_XX.wav,1058,train,3,angry,3,angry,0.9930047392845154
/Users/prarthanapatel/Desktop/Himanshi/speech_emotion_detection-develop-v2/cremad_preprocessed/audio/1058_ITS_DIS_XX.wav,1058_ITS_DIS_XX.wav,1058,train,5,disgust,5,disgust,0.8458418846130371
/Users/prarthanapatel/Desktop/Himanshi/speech_emotion_detection-develop-v2/cremad_preprocessed/audio/1058_ITS_FEA_XX.wav,1058_ITS_FEA_XX.wav,1058,train,4,fearful,4,fearful,0.909051775932312
/Users/prarthanapatel/Desktop/Himanshi/speech_emotion_detection-develop-v2/cremad_preprocessed/audio/1058_ITS_HAP_XX.wav,1058_ITS_HAP_XX.wav,1058,train,1,happy,1,happy,0.9680446982383728
/Users/prarthanapatel/Desktop/Himanshi/speech_emotion_detection-develop-v2/cremad_preprocessed/audio/1058_ITS_NEU_XX.wav,1058_ITS_NEU_XX.wav,1058,train,0,neutral,0,neutral,0.9896144270896912
/Users/prarthanapatel/Desktop/Himanshi/speech_emotion_detection-develop-v2/cremad_preprocessed/audio/1058_ITS_SAD_XX.wav,1058_ITS_SAD_XX.wav,1058,train,2,sad,5,disgust,0.7282006740570068
/Users/prarthanapatel/Desktop/Himanshi/speech_emotion_detection-develop-v2/cremad_preprocessed/audio/1058_IWL_ANG_XX.wav,1058_IWL_ANG_XX.wav,1058,train,3,angry,3,angry,0.9947452545166016
/Users/prarthanapatel/Desktop/Himanshi/speech_emotion_detection-develop-v2/cremad_preprocessed/audio/1058_IWL_DIS_XX.wav,1058_IWL_DIS_XX.wav,1058,train,5,disgust,5,disgust,0.9201241135597229
/Users/prarthanapatel/Desktop/Himanshi/speech_emotion_detection-develop-v2/cremad_preprocessed/audio/1058_IWL_FEA_XX.wav,1058_IWL_FEA_XX.wav,1058,train,4,fearful,4,fearful,0.8883264660835266
/Users/prarthanapatel/Desktop/Himanshi/speech_emotion_detection-develop-v2/cremad_preprocessed/audio/1058_IWL_HAP_XX.wav,1058_IWL_HAP_XX.wav,1058,train,1,happy,1,happy,0.9042587876319885
/Users/prarthanapatel/Desktop/Himanshi/speech_emotion_detection-develop-v2/cremad_preprocessed/audio/1058_IWL_NEU_XX.wav,1058_IWL_NEU_XX.wav,1058,train,0,neutral,0,neutral,0.9803579449653625
/Users/prarthanapatel/Desktop/Himanshi/speech_emotion_detection-develop-v2/cremad_preprocessed/audio/1058_IWL_SAD_XX.wav,1058_IWL_SAD_XX.wav,1058,train,2,sad,2,sad,0.8155041337013245
/Users/prarthanapatel/Desktop/Himanshi/speech_emotion_detection-develop-v2/cremad_preprocessed/audio/1058_IWW_ANG_XX.wav,1058_IWW_ANG_XX.wav,1058,train,3,angry,3,angry,0.9932190775871277
/Users/prarthanapatel/Desktop/Himanshi/speech_emotion_detection-develop-v2/cremad_preprocessed/audio/1058_IWW_DIS_XX.wav,1058_IWW_DIS_XX.wav,1058,train,5,disgust,5,disgust,0.8722168207168579
/Users/prarthanapatel/Desktop/Himanshi/speech_emotion_detection-develop-v2/cremad_preprocessed/audio/1058_IWW_FEA_XX.wav,1058_IWW_FEA_XX.wav,1058,train,4,fearful,4,fearful,0.9483732581138611
/Users/prarthanapatel/Desktop/Himanshi/speech_emotion_detection-develop-v2/cremad_preprocessed/audio/1058_IWW_HAP_XX.wav,1058_IWW_HAP_XX.wav,1058,train,1,happy,1,happy,0.8654921650886536
/Users/prarthanapatel/Desktop/Himanshi/speech_emotion_detection-develop-v2/cremad_preprocessed/audio/1058_IWW_NEU_XX.wav,1058_IWW_NEU_XX.wav,1058,train,0,neutral,3,angry,0.8194962739944458
/Users/prarthanapatel/Desktop/Himanshi/speech_emotion_detection-develop-v2/cremad_preprocessed/audio/1058_IWW_SAD_XX.wav,1058_IWW_SAD_XX.wav,1058,train,2,sad,4,fearful,0.5646499395370483
/Users/prarthanapatel/Desktop/Himanshi/speech_emotion_detection-develop-v2/cremad_preprocessed/audio/1058_MTI_ANG_XX.wav,1058_MTI_ANG_XX.wav,1058,train,3,angry,3,angry,0.9938613176345825
/Users/prarthanapatel/Desktop/Himanshi/speech_emotion_detection-develop-v2/cremad_preprocessed/audio/1058_MTI_DIS_XX.wav,1058_MTI_DIS_XX.wav,1058,train,5,disgust,5,disgust,0.9643204212188721
/Users/prarthanapatel/Desktop/Himanshi/speech_emotion_detection-develop-v2/cremad_preprocessed/audio/1058_MTI_FEA_XX.wav,1058_MTI_FEA_XX.wav,1058,train,4,fearful,4,fearful,0.7723800539970398
/Users/prarthanapatel/Desktop/Himanshi/speech_emotion_detection-develop-v2/cremad_preprocessed/audio/1058_MTI_HAP_XX.wav,1058_MTI_HAP_XX.wav,1058,train,1,happy,1,happy,0.9247235059738159
/Users/prarthanapatel/Desktop/Himanshi/speech_emotion_detection-develop-v2/cremad_preprocessed/audio/1058_MTI_NEU_XX.wav,1058_MTI_NEU_XX.wav,1058,train,0,neutral,0,neutral,0.9729199409484863
/Users/prarthanapatel/Desktop/Himanshi/speech_emotion_detection-develop-v2/cremad_preprocessed/audio/1058_MTI_SAD_XX.wav,1058_MTI_SAD_XX.wav,1058,train,2,sad,2,sad,0.6048404574394226
/Users/prarthanapatel/Desktop/Himanshi/speech_emotion_detection-develop-v2/cremad_preprocessed/audio/1058_TAI_ANG_XX.wav,1058_TAI_ANG_XX.wav,1058,train,3,angry,3,angry,0.9945906400680542
/Users/prarthanapatel/Desktop/Himanshi/speech_emotion_detection-develop-v2/cremad_preprocessed/audio/1058_TAI_DIS_XX.wav,1058_TAI_DIS_XX.wav,1058,train,5,disgust,5,disgust,0.9584733843803406
/Users/prarthanapatel/Desktop/Himanshi/speech_emotion_detection-develop-v2/cremad_preprocessed/audio/1058_TAI_FEA_XX.wav,1058_TAI_FEA_XX.wav,1058,train,4,fearful,4,fearful,0.9059821963310242
/Users/prarthanapatel/Desktop/Himanshi/speech_emotion_detection-develop-v2/cremad_preprocessed/audio/1058_TAI_HAP_XX.wav,1058_TAI_HAP_XX.wav,1058,train,1,happy,1,happy,0.8977387547492981
/Users/prarthanapatel/Desktop/Himanshi/speech_emotion_detection-develop-v2/cremad_preprocessed/audio/1058_TAI_NEU_XX.wav,1058_TAI_NEU_XX.wav,1058,train,0,neutral,0,neutral,0.963981568813324
/Users/prarthanapatel/Desktop/Himanshi/speech_emotion_detection-develop-v2/cremad_preprocessed/audio/1058_TAI_SAD_XX.wav,1058_TAI_SAD_XX.wav,1058,train,2,sad,5,disgust,0.5691170692443848
/Users/prarthanapatel/Desktop/Himanshi/speech_emotion_detection-develop-v2/cremad_preprocessed/audio/1058_TIE_ANG_XX.wav,1058_TIE_ANG_XX.wav,1058,train,3,angry,3,angry,0.9942885637283325
/Users/prarthanapatel/Desktop/Himanshi/speech_emotion_detection-develop-v2/cremad_preprocessed/audio/1058_TIE_DIS_XX.wav,1058_TIE_DIS_XX.wav,1058,train,5,disgust,0,neutral,0.9594507217407227
/Users/prarthanapatel/Desktop/Himanshi/speech_emotion_detection-develop-v2/cremad_preprocessed/audio/1058_TIE_FEA_XX.wav,1058_TIE_FEA_XX.wav,1058,train,4,fearful,1,happy,0.634991466999054
/Users/prarthanapatel/Desktop/Himanshi/speech_emotion_detection-develop-v2/cremad_preprocessed/audio/1058_TIE_HAP_XX.wav,1058_TIE_HAP_XX.wav,1058,train,1,happy,1,happy,0.7971711158752441
/Users/prarthanapatel/Desktop/Himanshi/speech_emotion_detection-develop-v2/cremad_preprocessed/audio/1058_TIE_NEU_XX.wav,1058_TIE_NEU_XX.wav,1058,train,0,neutral,0,neutral,0.9616595506668091
/Users/prarthanapatel/Desktop/Himanshi/speech_emotion_detection-develop-v2/cremad_preprocessed/audio/1058_TIE_SAD_XX.wav,1058_TIE_SAD_XX.wav,1058,train,2,sad,4,fearful,0.5383320450782776
/Users/prarthanapatel/Desktop/Himanshi/speech_emotion_detection-develop-v2/cremad_preprocessed/audio/1058_TSI_ANG_XX.wav,1058_TSI_ANG_XX.wav,1058,train,3,angry,3,angry,0.9947807192802429
/Users/prarthanapatel/Desktop/Himanshi/speech_emotion_detection-develop-v2/cremad_preprocessed/audio/1058_TSI_DIS_XX.wav,1058_TSI_DIS_XX.wav,1058,train,5,disgust,5,disgust,0.9304762482643127
/Users/prarthanapatel/Desktop/Himanshi/speech_emotion_detection-develop-v2/cremad_preprocessed/audio/1058_TSI_FEA_XX.wav,1058_TSI_FEA_XX.wav,1058,train,4,fearful,1,happy,0.7918945550918579
/Users/prarthanapatel/Desktop/Himanshi/speech_emotion_detection-develop-v2/cremad_preprocessed/audio/1058_TSI_HAP_XX.wav,1058_TSI_HAP_XX.wav,1058,train,1,happy,3,angry,0.7661029100418091
/Users/prarthanapatel/Desktop/Himanshi/speech_emotion_detection-develop-v2/cremad_preprocessed/audio/1058_TSI_NEU_XX.wav,1058_TSI_NEU_XX.wav,1058,train,0,neutral,0,neutral,0.7921565771102905
/Users/prarthanapatel/Desktop/Himanshi/speech_emotion_detection-develop-v2/cremad_preprocessed/audio/1058_TSI_SAD_XX.wav,1058_TSI_SAD_XX.wav,1058,train,2,sad,5,disgust,0.7255520224571228
/Users/prarthanapatel/Desktop/Himanshi/speech_emotion_detection-develop-v2/cremad_preprocessed/audio/1058_WSI_ANG_XX.wav,1058_WSI_ANG_XX.wav,1058,train,3,angry,3,angry,0.9947437047958374
/Users/prarthanapatel/Desktop/Himanshi/speech_emotion_detection-develop-v2/cremad_preprocessed/audio/1058_WSI_DIS_XX.wav,1058_WSI_DIS_XX.wav,1058,train,5,disgust,1,happy,0.8915126323699951
/Users/prarthanapatel/Desktop/Himanshi/speech_emotion_detection-develop-v2/cremad_preprocessed/audio/1058_WSI_FEA_XX.wav,1058_WSI_FEA_XX.wav,1058,train,4,fearful,4,fearful,0.9355862140655518
/Users/prarthanapatel/Desktop/Himanshi/speech_emotion_detection-develop-v2/cremad_preprocessed/audio/1058_WSI_HAP_XX.wav,1058_WSI_HAP_XX.wav,1058,train,1,happy,1,happy,0.8338654637336731
/Users/prarthanapatel/Desktop/Himanshi/speech_emotion_detection-develop-v2/cremad_preprocessed/audio/1058_WSI_NEU_XX.wav,1058_WSI_NEU_XX.wav,1058,train,0,neutral,0,neutral,0.9807822704315186
/Users/prarthanapatel/Desktop/Himanshi/speech_emotion_detection-develop-v2/cremad_preprocessed/audio/1058_WSI_SAD_XX.wav,1058_WSI_SAD_XX.wav,1058,train,2,sad,5,disgust,0.9452653527259827
/Users/prarthanapatel/Desktop/Himanshi/speech_emotion_detection-develop-v2/cremad_preprocessed/audio/1060_DFA_ANG_XX.wav,1060_DFA_ANG_XX.wav,1060,train,3,angry,3,angry,0.9773622155189514
/Users/prarthanapatel/Desktop/Himanshi/speech_emotion_detection-develop-v2/cremad_preprocessed/audio/1060_DFA_DIS_XX.wav,1060_DFA_DIS_XX.wav,1060,train,5,disgust,2,sad,0.8449386358261108
/Users/prarthanapatel/Desktop/Himanshi/speech_emotion_detection-develop-v2/cremad_preprocessed/audio/1060_DFA_FEA_XX.wav,1060_DFA_FEA_XX.wav,1060,train,4,fearful,2,sad,0.7632178068161011
/Users/prarthanapatel/Desktop/Himanshi/speech_emotion_detection-develop-v2/cremad_preprocessed/audio/1060_DFA_HAP_XX.wav,1060_DFA_HAP_XX.wav,1060,train,1,happy,1,happy,0.9719101190567017
/Users/prarthanapatel/Desktop/Himanshi/speech_emotion_detection-develop-v2/cremad_preprocessed/audio/1060_DFA_NEU_XX.wav,1060_DFA_NEU_XX.wav,1060,train,0,neutral,0,neutral,0.975480318069458
/Users/prarthanapatel/Desktop/Himanshi/speech_emotion_detection-develop-v2/cremad_preprocessed/audio/1060_DFA_SAD_XX.wav,1060_DFA_SAD_XX.wav,1060,train,2,sad,2,sad,0.8834705948829651
/Users/prarthanapatel/Desktop/Himanshi/speech_emotion_detection-develop-v2/cremad_preprocessed/audio/1060_IEO_ANG_HI.wav,1060_IEO_ANG_HI.wav,1060,train,3,angry,3,angry,0.9940952062606812
/Users/prarthanapatel/Desktop/Himanshi/speech_emotion_detection-develop-v2/cremad_preprocessed/audio/1060_IEO_ANG_LO.wav,1060_IEO_ANG_LO.wav,1060,train,3,angry,3,angry,0.9919763207435608
/Users/prarthanapatel/Desktop/Himanshi/speech_emotion_detection-develop-v2/cremad_preprocessed/audio/1060_IEO_ANG_MD.wav,1060_IEO_ANG_MD.wav,1060,train,3,angry,3,angry,0.9932344555854797
/Users/prarthanapatel/Desktop/Himanshi/speech_emotion_detection-develop-v2/cremad_preprocessed/audio/1060_IEO_DIS_HI.wav,1060_IEO_DIS_HI.wav,1060,train,5,disgust,5,disgust,0.8699458837509155
/Users/prarthanapatel/Desktop/Himanshi/speech_emotion_detection-develop-v2/cremad_preprocessed/audio/1060_IEO_DIS_LO.wav,1060_IEO_DIS_LO.wav,1060,train,5,disgust,2,sad,0.8630527853965759
/Users/prarthanapatel/Desktop/Himanshi/speech_emotion_detection-develop-v2/cremad_preprocessed/audio/1060_IEO_DIS_MD.wav,1060_IEO_DIS_MD.wav,1060,train,5,disgust,3,angry,0.9660691022872925
/Users/prarthanapatel/Desktop/Himanshi/speech_emotion_detection-develop-v2/cremad_preprocessed/audio/1060_IEO_FEA_HI.wav,1060_IEO_FEA_HI.wav,1060,train,4,fearful,3,angry,0.9910661578178406
/Users/prarthanapatel/Desktop/Himanshi/speech_emotion_detection-develop-v2/cremad_preprocessed/audio/1060_IEO_FEA_LO.wav,1060_IEO_FEA_LO.wav,1060,train,4,fearful,2,sad,0.5068594217300415
/Users/prarthanapatel/Desktop/Himanshi/speech_emotion_detection-develop-v2/cremad_preprocessed/audio/1060_IEO_FEA_MD.wav,1060_IEO_FEA_MD.wav,1060,train,4,fearful,4,fearful,0.49448418617248535
/Users/prarthanapatel/Desktop/Himanshi/speech_emotion_detection-develop-v2/cremad_preprocessed/audio/1060_IEO_HAP_HI.wav,1060_IEO_HAP_HI.wav,1060,train,1,happy,1,happy,0.6228238940238953
/Users/prarthanapatel/Desktop/Himanshi/speech_emotion_detection-develop-v2/cremad_preprocessed/audio/1060_IEO_HAP_LO.wav,1060_IEO_HAP_LO.wav,1060,train,1,happy,1,happy,0.968713104724884
/Users/prarthanapatel/Desktop/Himanshi/speech_emotion_detection-develop-v2/cremad_preprocessed/audio/1060_IEO_HAP_MD.wav,1060_IEO_HAP_MD.wav,1060,train,1,happy,1,happy,0.9763863682746887
/Users/prarthanapatel/Desktop/Himanshi/speech_emotion_detection-develop-v2/cremad_preprocessed/audio/1060_IEO_NEU_XX.wav,1060_IEO_NEU_XX.wav,1060,train,0,neutral,0,neutral,0.9819055795669556
/Users/prarthanapatel/Desktop/Himanshi/speech_emotion_detection-develop-v2/cremad_preprocessed/audio/1060_IEO_SAD_HI.wav,1060_IEO_SAD_HI.wav,1060,train,2,sad,2,sad,0.6546450853347778
/Users/prarthanapatel/Desktop/Himanshi/speech_emotion_detection-develop-v2/cremad_preprocessed/audio/1060_IEO_SAD_LO.wav,1060_IEO_SAD_LO.wav,1060,train,2,sad,2,sad,0.8259260654449463
/Users/prarthanapatel/Desktop/Himanshi/speech_emotion_detection-develop-v2/cremad_preprocessed/audio/1060_IEO_SAD_MD.wav,1060_IEO_SAD_MD.wav,1060,train,2,sad,2,sad,0.7368497848510742
/Users/prarthanapatel/Desktop/Himanshi/speech_emotion_detection-develop-v2/cremad_preprocessed/audio/1060_IOM_ANG_XX.wav,1060_IOM_ANG_XX.wav,1060,train,3,angry,3,angry,0.9829098582267761
/Users/prarthanapatel/Desktop/Himanshi/speech_emotion_detection-develop-v2/cremad_preprocessed/audio/1060_IOM_DIS_XX.wav,1060_IOM_DIS_XX.wav,1060,train,5,disgust,2,sad,0.8592187762260437
/Users/prarthanapatel/Desktop/Himanshi/speech_emotion_detection-develop-v2/cremad_preprocessed/audio/1060_IOM_FEA_XX.wav,1060_IOM_FEA_XX.wav,1060,train,4,fearful,4,fearful,0.6593542695045471
/Users/prarthanapatel/Desktop/Himanshi/speech_emotion_detection-develop-v2/cremad_preprocessed/audio/1060_IOM_HAP_XX.wav,1060_IOM_HAP_XX.wav,1060,train,1,happy,1,happy,0.8457186222076416
/Users/prarthanapatel/Desktop/Himanshi/speech_emotion_detection-develop-v2/cremad_preprocessed/audio/1060_IOM_NEU_XX.wav,1060_IOM_NEU_XX.wav,1060,train,0,neutral,0,neutral,0.8853996396064758
/Users/prarthanapatel/Desktop/Himanshi/speech_emotion_detection-develop-v2/cremad_preprocessed/audio/1060_IOM_SAD_XX.wav,1060_IOM_SAD_XX.wav,1060,train,2,sad,2,sad,0.8400105834007263
/Users/prarthanapatel/Desktop/Himanshi/speech_emotion_detection-develop-v2/cremad_preprocessed/audio/1060_ITH_ANG_XX.wav,1060_ITH_ANG_XX.wav,1060,train,3,angry,3,angry,0.9927442073822021
/Users/prarthanapatel/Desktop/Himanshi/speech_emotion_detection-develop-v2/cremad_preprocessed/audio/1060_ITH_DIS_XX.wav,1060_ITH_DIS_XX.wav,1060,train,5,disgust,2,sad,0.8121016621589661
/Users/prarthanapatel/Desktop/Himanshi/speech_emotion_detection-develop-v2/cremad_preprocessed/audio/1060_ITH_FEA_XX.wav,1060_ITH_FEA_XX.wav,1060,train,4,fearful,2,sad,0.5979161858558655
/Users/prarthanapatel/Desktop/Himanshi/speech_emotion_detection-develop-v2/cremad_preprocessed/audio/1060_ITH_HAP_XX.wav,1060_ITH_HAP_XX.wav,1060,train,1,happy,1,happy,0.9550911784172058
/Users/prarthanapatel/Desktop/Himanshi/speech_emotion_detection-develop-v2/cremad_preprocessed/audio/1060_ITH_NEU_XX.wav,1060_ITH_NEU_XX.wav,1060,train,0,neutral,0,neutral,0.980765163898468
/Users/prarthanapatel/Desktop/Himanshi/speech_emotion_detection-develop-v2/cremad_preprocessed/audio/1060_ITH_SAD_XX.wav,1060_ITH_SAD_XX.wav,1060,train,2,sad,2,sad,0.7199651002883911
/Users/prarthanapatel/Desktop/Himanshi/speech_emotion_detection-develop-v2/cremad_preprocessed/audio/1060_ITS_ANG_XX.wav,1060_ITS_ANG_XX.wav,1060,train,3,angry,3,angry,0.9934003353118896
/Users/prarthanapatel/Desktop/Himanshi/speech_emotion_detection-develop-v2/cremad_preprocessed/audio/1060_ITS_DIS_XX.wav,1060_ITS_DIS_XX.wav,1060,train,5,disgust,2,sad,0.911702036857605
/Users/prarthanapatel/Desktop/Himanshi/speech_emotion_detection-develop-v2/cremad_preprocessed/audio/1060_ITS_FEA_XX.wav,1060_ITS_FEA_XX.wav,1060,train,4,fearful,2,sad,0.7596136331558228
/Users/prarthanapatel/Desktop/Himanshi/speech_emotion_detection-develop-v2/cremad_preprocessed/audio/1060_ITS_HAP_XX.wav,1060_ITS_HAP_XX.wav,1060,train,1,happy,1,happy,0.9736552834510803
/Users/prarthanapatel/Desktop/Himanshi/speech_emotion_detection-develop-v2/cremad_preprocessed/audio/1060_ITS_NEU_XX.wav,1060_ITS_NEU_XX.wav,1060,train,0,neutral,0,neutral,0.9516370296478271
/Users/prarthanapatel/Desktop/Himanshi/speech_emotion_detection-develop-v2/cremad_preprocessed/audio/1060_ITS_SAD_XX.wav,1060_ITS_SAD_XX.wav,1060,train,2,sad,2,sad,0.9097180962562561
/Users/prarthanapatel/Desktop/Himanshi/speech_emotion_detection-develop-v2/cremad_preprocessed/audio/1060_IWL_ANG_XX.wav,1060_IWL_ANG_XX.wav,1060,train,3,angry,3,angry,0.9930873513221741
/Users/prarthanapatel/Desktop/Himanshi/speech_emotion_detection-develop-v2/cremad_preprocessed/audio/1060_IWL_DIS_XX.wav,1060_IWL_DIS_XX.wav,1060,train,5,disgust,2,sad,0.6840983033180237
/Users/prarthanapatel/Desktop/Himanshi/speech_emotion_detection-develop-v2/cremad_preprocessed/audio/1060_IWL_FEA_XX.wav,1060_IWL_FEA_XX.wav,1060,train,4,fearful,4,fearful,0.7358752489089966
/Users/prarthanapatel/Desktop/Himanshi/speech_emotion_detection-develop-v2/cremad_preprocessed/audio/1060_IWL_HAP_XX.wav,1060_IWL_HAP_XX.wav,1060,train,1,happy,1,happy,0.6538373827934265
/Users/prarthanapatel/Desktop/Himanshi/speech_emotion_detection-develop-v2/cremad_preprocessed/audio/1060_IWL_NEU_XX.wav,1060_IWL_NEU_XX.wav,1060,train,0,neutral,0,neutral,0.9642143845558167
/Users/prarthanapatel/Desktop/Himanshi/speech_emotion_detection-develop-v2/cremad_preprocessed/audio/1060_IWL_SAD_XX.wav,1060_IWL_SAD_XX.wav,1060,train,2,sad,2,sad,0.5108968019485474
/Users/prarthanapatel/Desktop/Himanshi/speech_emotion_detection-develop-v2/cremad_preprocessed/audio/1060_IWW_ANG_XX.wav,1060_IWW_ANG_XX.wav,1060,train,3,angry,3,angry,0.9937647581100464
/Users/prarthanapatel/Desktop/Himanshi/speech_emotion_detection-develop-v2/cremad_preprocessed/audio/1060_IWW_DIS_XX.wav,1060_IWW_DIS_XX.wav,1060,train,5,disgust,2,sad,0.3523932993412018
/Users/prarthanapatel/Desktop/Himanshi/speech_emotion_detection-develop-v2/cremad_preprocessed/audio/1060_IWW_FEA_XX.wav,1060_IWW_FEA_XX.wav,1060,train,4,fearful,4,fearful,0.8019021153450012
/Users/prarthanapatel/Desktop/Himanshi/speech_emotion_detection-develop-v2/cremad_preprocessed/audio/1060_IWW_HAP_XX.wav,1060_IWW_HAP_XX.wav,1060,train,1,happy,1,happy,0.9663886427879333
/Users/prarthanapatel/Desktop/Himanshi/speech_emotion_detection-develop-v2/cremad_preprocessed/audio/1060_IWW_NEU_XX.wav,1060_IWW_NEU_XX.wav,1060,train,0,neutral,0,neutral,0.9871683120727539
/Users/prarthanapatel/Desktop/Himanshi/speech_emotion_detection-develop-v2/cremad_preprocessed/audio/1060_IWW_SAD_XX.wav,1060_IWW_SAD_XX.wav,1060,train,2,sad,2,sad,0.8727412223815918
/Users/prarthanapatel/Desktop/Himanshi/speech_emotion_detection-develop-v2/cremad_preprocessed/audio/1060_MTI_ANG_XX.wav,1060_MTI_ANG_XX.wav,1060,train,3,angry,3,angry,0.9925950169563293
/Users/prarthanapatel/Desktop/Himanshi/speech_emotion_detection-develop-v2/cremad_preprocessed/audio/1060_MTI_DIS_XX.wav,1060_MTI_DIS_XX.wav,1060,train,5,disgust,0,neutral,0.41383272409439087
/Users/prarthanapatel/Desktop/Himanshi/speech_emotion_detection-develop-v2/cremad_preprocessed/audio/1060_MTI_FEA_XX.wav,1060_MTI_FEA_XX.wav,1060,train,4,fearful,1,happy,0.7261391878128052
/Users/prarthanapatel/Desktop/Himanshi/speech_emotion_detection-develop-v2/cremad_preprocessed/audio/1060_MTI_HAP_XX.wav,1060_MTI_HAP_XX.wav,1060,train,1,happy,1,happy,0.9739040732383728
/Users/prarthanapatel/Desktop/Himanshi/speech_emotion_detection-develop-v2/cremad_preprocessed/audio/1060_MTI_NEU_XX.wav,1060_MTI_NEU_XX.wav,1060,train,0,neutral,0,neutral,0.9758970141410828
/Users/prarthanapatel/Desktop/Himanshi/speech_emotion_detection-develop-v2/cremad_preprocessed/audio/1060_MTI_SAD_XX.wav,1060_MTI_SAD_XX.wav,1060,train,2,sad,2,sad,0.8342021107673645
/Users/prarthanapatel/Desktop/Himanshi/speech_emotion_detection-develop-v2/cremad_preprocessed/audio/1060_TAI_ANG_XX.wav,1060_TAI_ANG_XX.wav,1060,train,3,angry,3,angry,0.9932481050491333
/Users/prarthanapatel/Desktop/Himanshi/speech_emotion_detection-develop-v2/cremad_preprocessed/audio/1060_TAI_DIS_XX.wav,1060_TAI_DIS_XX.wav,1060,train,5,disgust,0,neutral,0.8190197944641113
/Users/prarthanapatel/Desktop/Himanshi/speech_emotion_detection-develop-v2/cremad_preprocessed/audio/1060_TAI_FEA_XX.wav,1060_TAI_FEA_XX.wav,1060,train,4,fearful,1,happy,0.6008204817771912
/Users/prarthanapatel/Desktop/Himanshi/speech_emotion_detection-develop-v2/cremad_preprocessed/audio/1060_TAI_HAP_XX.wav,1060_TAI_HAP_XX.wav,1060,train,1,happy,1,happy,0.9727928638458252
/Users/prarthanapatel/Desktop/Himanshi/speech_emotion_detection-develop-v2/cremad_preprocessed/audio/1060_TAI_NEU_XX.wav,1060_TAI_NEU_XX.wav,1060,train,0,neutral,0,neutral,0.9689669013023376
/Users/prarthanapatel/Desktop/Himanshi/speech_emotion_detection-develop-v2/cremad_preprocessed/audio/1060_TAI_SAD_XX.wav,1060_TAI_SAD_XX.wav,1060,train,2,sad,2,sad,0.6108492016792297
/Users/prarthanapatel/Desktop/Himanshi/speech_emotion_detection-develop-v2/cremad_preprocessed/audio/1060_TIE_ANG_XX.wav,1060_TIE_ANG_XX.wav,1060,train,3,angry,3,angry,0.8653215765953064
/Users/prarthanapatel/Desktop/Himanshi/speech_emotion_detection-develop-v2/cremad_preprocessed/audio/1060_TIE_DIS_XX.wav,1060_TIE_DIS_XX.wav,1060,train,5,disgust,2,sad,0.8591437339782715
/Users/prarthanapatel/Desktop/Himanshi/speech_emotion_detection-develop-v2/cremad_preprocessed/audio/1060_TIE_FEA_XX.wav,1060_TIE_FEA_XX.wav,1060,train,4,fearful,2,sad,0.68649822473526
/Users/prarthanapatel/Desktop/Himanshi/speech_emotion_detection-develop-v2/cremad_preprocessed/audio/1060_TIE_HAP_XX.wav,1060_TIE_HAP_XX.wav,1060,train,1,happy,1,happy,0.9519537687301636
/Users/prarthanapatel/Desktop/Himanshi/speech_emotion_detection-develop-v2/cremad_preprocessed/audio/1060_TIE_NEU_XX.wav,1060_TIE_NEU_XX.wav,1060,train,0,neutral,0,neutral,0.35024940967559814
/Users/prarthanapatel/Desktop/Himanshi/speech_emotion_detection-develop-v2/cremad_preprocessed/audio/1060_TIE_SAD_XX.wav,1060_TIE_SAD_XX.wav,1060,train,2,sad,2,sad,0.7670513391494751
/Users/prarthanapatel/Desktop/Himanshi/speech_emotion_detection-develop-v2/cremad_preprocessed/audio/1060_TSI_ANG_XX.wav,1060_TSI_ANG_XX.wav,1060,train,3,angry,3,angry,0.9944580793380737
/Users/prarthanapatel/Desktop/Himanshi/speech_emotion_detection-develop-v2/cremad_preprocessed/audio/1060_TSI_DIS_XX.wav,1060_TSI_DIS_XX.wav,1060,train,5,disgust,2,sad,0.915879487991333
/Users/prarthanapatel/Desktop/Himanshi/speech_emotion_detection-develop-v2/cremad_preprocessed/audio/1060_TSI_FEA_XX.wav,1060_TSI_FEA_XX.wav,1060,train,4,fearful,4,fearful,0.40877583622932434
/Users/prarthanapatel/Desktop/Himanshi/speech_emotion_detection-develop-v2/cremad_preprocessed/audio/1060_TSI_HAP_XX.wav,1060_TSI_HAP_XX.wav,1060,train,1,happy,1,happy,0.9616193175315857
/Users/prarthanapatel/Desktop/Himanshi/speech_emotion_detection-develop-v2/cremad_preprocessed/audio/1060_TSI_NEU_XX.wav,1060_TSI_NEU_XX.wav,1060,train,0,neutral,0,neutral,0.8563160300254822
/Users/prarthanapatel/Desktop/Himanshi/speech_emotion_detection-develop-v2/cremad_preprocessed/audio/1060_TSI_SAD_XX.wav,1060_TSI_SAD_XX.wav,1060,train,2,sad,2,sad,0.92141193151474
/Users/prarthanapatel/Desktop/Himanshi/speech_emotion_detection-develop-v2/cremad_preprocessed/audio/1060_WSI_ANG_XX.wav,1060_WSI_ANG_XX.wav,1060,train,3,angry,3,angry,0.9938141107559204
/Users/prarthanapatel/Desktop/Himanshi/speech_emotion_detection-develop-v2/cremad_preprocessed/audio/1060_WSI_DIS_XX.wav,1060_WSI_DIS_XX.wav,1060,train,5,disgust,2,sad,0.9130803346633911
/Users/prarthanapatel/Desktop/Himanshi/speech_emotion_detection-develop-v2/cremad_preprocessed/audio/1060_WSI_FEA_XX.wav,1060_WSI_FEA_XX.wav,1060,train,4,fearful,2,sad,0.7768325805664062
/Users/prarthanapatel/Desktop/Himanshi/speech_emotion_detection-develop-v2/cremad_preprocessed/audio/1060_WSI_HAP_XX.wav,1060_WSI_HAP_XX.wav,1060,train,1,happy,1,happy,0.9009795784950256
/Users/prarthanapatel/Desktop/Himanshi/speech_emotion_detection-develop-v2/cremad_preprocessed/audio/1060_WSI_NEU_XX.wav,1060_WSI_NEU_XX.wav,1060,train,0,neutral,2,sad,0.8339892029762268
/Users/prarthanapatel/Desktop/Himanshi/speech_emotion_detection-develop-v2/cremad_preprocessed/audio/1060_WSI_SAD_XX.wav,1060_WSI_SAD_XX.wav,1060,train,2,sad,2,sad,0.867286205291748
/Users/prarthanapatel/Desktop/Himanshi/speech_emotion_detection-develop-v2/cremad_preprocessed/audio/1061_DFA_ANG_XX.wav,1061_DFA_ANG_XX.wav,1061,train,3,angry,3,angry,0.9944029450416565
/Users/prarthanapatel/Desktop/Himanshi/speech_emotion_detection-develop-v2/cremad_preprocessed/audio/1061_DFA_DIS_XX.wav,1061_DFA_DIS_XX.wav,1061,train,5,disgust,5,disgust,0.9168321490287781
/Users/prarthanapatel/Desktop/Himanshi/speech_emotion_detection-develop-v2/cremad_preprocessed/audio/1061_DFA_FEA_XX.wav,1061_DFA_FEA_XX.wav,1061,train,4,fearful,4,fearful,0.8934230208396912
/Users/prarthanapatel/Desktop/Himanshi/speech_emotion_detection-develop-v2/cremad_preprocessed/audio/1061_DFA_HAP_XX.wav,1061_DFA_HAP_XX.wav,1061,train,1,happy,1,happy,0.9682832956314087
/Users/prarthanapatel/Desktop/Himanshi/speech_emotion_detection-develop-v2/cremad_preprocessed/audio/1061_DFA_NEU_XX.wav,1061_DFA_NEU_XX.wav,1061,train,0,neutral,0,neutral,0.9661722779273987
/Users/prarthanapatel/Desktop/Himanshi/speech_emotion_detection-develop-v2/cremad_preprocessed/audio/1061_DFA_SAD_XX.wav,1061_DFA_SAD_XX.wav,1061,train,2,sad,2,sad,0.7718607187271118
/Users/prarthanapatel/Desktop/Himanshi/speech_emotion_detection-develop-v2/cremad_preprocessed/audio/1061_IEO_ANG_HI.wav,1061_IEO_ANG_HI.wav,1061,train,3,angry,3,angry,0.9861366748809814
/Users/prarthanapatel/Desktop/Himanshi/speech_emotion_detection-develop-v2/cremad_preprocessed/audio/1061_IEO_ANG_LO.wav,1061_IEO_ANG_LO.wav,1061,train,3,angry,3,angry,0.9477733969688416
/Users/prarthanapatel/Desktop/Himanshi/speech_emotion_detection-develop-v2/cremad_preprocessed/audio/1061_IEO_ANG_MD.wav,1061_IEO_ANG_MD.wav,1061,train,3,angry,3,angry,0.9926639795303345
/Users/prarthanapatel/Desktop/Himanshi/speech_emotion_detection-develop-v2/cremad_preprocessed/audio/1061_IEO_DIS_HI.wav,1061_IEO_DIS_HI.wav,1061,train,5,disgust,5,disgust,0.9483858942985535
/Users/prarthanapatel/Desktop/Himanshi/speech_emotion_detection-develop-v2/cremad_preprocessed/audio/1061_IEO_DIS_LO.wav,1061_IEO_DIS_LO.wav,1061,train,5,disgust,5,disgust,0.8191472291946411
/Users/prarthanapatel/Desktop/Himanshi/speech_emotion_detection-develop-v2/cremad_preprocessed/audio/1061_IEO_DIS_MD.wav,1061_IEO_DIS_MD.wav,1061,train,5,disgust,5,disgust,0.9369082450866699
/Users/prarthanapatel/Desktop/Himanshi/speech_emotion_detection-develop-v2/cremad_preprocessed/audio/1061_IEO_FEA_HI.wav,1061_IEO_FEA_HI.wav,1061,train,4,fearful,4,fearful,0.9425787925720215
/Users/prarthanapatel/Desktop/Himanshi/speech_emotion_detection-develop-v2/cremad_preprocessed/audio/1061_IEO_FEA_LO.wav,1061_IEO_FEA_LO.wav,1061,train,4,fearful,4,fearful,0.5044912099838257
/Users/prarthanapatel/Desktop/Himanshi/speech_emotion_detection-develop-v2/cremad_preprocessed/audio/1061_IEO_FEA_MD.wav,1061_IEO_FEA_MD.wav,1061,train,4,fearful,2,sad,0.6000214219093323
/Users/prarthanapatel/Desktop/Himanshi/speech_emotion_detection-develop-v2/cremad_preprocessed/audio/1061_IEO_HAP_HI.wav,1061_IEO_HAP_HI.wav,1061,train,1,happy,1,happy,0.9735913276672363
/Users/prarthanapatel/Desktop/Himanshi/speech_emotion_detection-develop-v2/cremad_preprocessed/audio/1061_IEO_HAP_LO.wav,1061_IEO_HAP_LO.wav,1061,train,1,happy,1,happy,0.9735751748085022
/Users/prarthanapatel/Desktop/Himanshi/speech_emotion_detection-develop-v2/cremad_preprocessed/audio/1061_IEO_HAP_MD.wav,1061_IEO_HAP_MD.wav,1061,train,1,happy,1,happy,0.9681728482246399
/Users/prarthanapatel/Desktop/Himanshi/speech_emotion_detection-develop-v2/cremad_preprocessed/audio/1061_IEO_NEU_XX.wav,1061_IEO_NEU_XX.wav,1061,train,0,neutral,0,neutral,0.5785703659057617
/Users/prarthanapatel/Desktop/Himanshi/speech_emotion_detection-develop-v2/cremad_preprocessed/audio/1061_IEO_SAD_HI.wav,1061_IEO_SAD_HI.wav,1061,train,2,sad,2,sad,0.6546212434768677
/Users/prarthanapatel/Desktop/Himanshi/speech_emotion_detection-develop-v2/cremad_preprocessed/audio/1061_IEO_SAD_LO.wav,1061_IEO_SAD_LO.wav,1061,train,2,sad,4,fearful,0.8132913112640381
/Users/prarthanapatel/Desktop/Himanshi/speech_emotion_detection-develop-v2/cremad_preprocessed/audio/1061_IEO_SAD_MD.wav,1061_IEO_SAD_MD.wav,1061,train,2,sad,2,sad,0.6312313079833984
/Users/prarthanapatel/Desktop/Himanshi/speech_emotion_detection-develop-v2/cremad_preprocessed/audio/1061_IOM_ANG_XX.wav,1061_IOM_ANG_XX.wav,1061,train,3,angry,3,angry,0.989865243434906
/Users/prarthanapatel/Desktop/Himanshi/speech_emotion_detection-develop-v2/cremad_preprocessed/audio/1061_IOM_DIS_XX.wav,1061_IOM_DIS_XX.wav,1061,train,5,disgust,3,angry,0.7127560973167419
/Users/prarthanapatel/Desktop/Himanshi/speech_emotion_detection-develop-v2/cremad_preprocessed/audio/1061_IOM_FEA_XX.wav,1061_IOM_FEA_XX.wav,1061,train,4,fearful,1,happy,0.5925245881080627
/Users/prarthanapatel/Desktop/Himanshi/speech_emotion_detection-develop-v2/cremad_preprocessed/audio/1061_IOM_HAP_XX.wav,1061_IOM_HAP_XX.wav,1061,train,1,happy,1,happy,0.9687306880950928
/Users/prarthanapatel/Desktop/Himanshi/speech_emotion_detection-develop-v2/cremad_preprocessed/audio/1061_IOM_NEU_XX.wav,1061_IOM_NEU_XX.wav,1061,train,0,neutral,0,neutral,0.9821894764900208
/Users/prarthanapatel/Desktop/Himanshi/speech_emotion_detection-develop-v2/cremad_preprocessed/audio/1061_IOM_SAD_XX.wav,1061_IOM_SAD_XX.wav,1061,train,2,sad,4,fearful,0.767874538898468
/Users/prarthanapatel/Desktop/Himanshi/speech_emotion_detection-develop-v2/cremad_preprocessed/audio/1061_ITH_ANG_XX.wav,1061_ITH_ANG_XX.wav,1061,train,3,angry,3,angry,0.9905475974082947
/Users/prarthanapatel/Desktop/Himanshi/speech_emotion_detection-develop-v2/cremad_preprocessed/audio/1061_ITH_DIS_XX.wav,1061_ITH_DIS_XX.wav,1061,train,5,disgust,1,happy,0.41649746894836426
/Users/prarthanapatel/Desktop/Himanshi/speech_emotion_detection-develop-v2/cremad_preprocessed/audio/1061_ITH_FEA_XX.wav,1061_ITH_FEA_XX.wav,1061,train,4,fearful,4,fearful,0.8905719518661499
/Users/prarthanapatel/Desktop/Himanshi/speech_emotion_detection-develop-v2/cremad_preprocessed/audio/1061_ITH_HAP_XX.wav,1061_ITH_HAP_XX.wav,1061,train,1,happy,1,happy,0.9343367218971252
/Users/prarthanapatel/Desktop/Himanshi/speech_emotion_detection-develop-v2/cremad_preprocessed/audio/1061_ITH_NEU_XX.wav,1061_ITH_NEU_XX.wav,1061,train,0,neutral,0,neutral,0.976893961429596
/Users/prarthanapatel/Desktop/Himanshi/speech_emotion_detection-develop-v2/cremad_preprocessed/audio/1061_ITH_SAD_XX.wav,1061_ITH_SAD_XX.wav,1061,train,2,sad,2,sad,0.6224572658538818
/Users/prarthanapatel/Desktop/Himanshi/speech_emotion_detection-develop-v2/cremad_preprocessed/audio/1061_ITS_ANG_XX.wav,1061_ITS_ANG_XX.wav,1061,train,3,angry,3,angry,0.9883896112442017
/Users/prarthanapatel/Desktop/Himanshi/speech_emotion_detection-develop-v2/cremad_preprocessed/audio/1061_ITS_DIS_XX.wav,1061_ITS_DIS_XX.wav,1061,train,5,disgust,5,disgust,0.4678838849067688
/Users/prarthanapatel/Desktop/Himanshi/speech_emotion_detection-develop-v2/cremad_preprocessed/audio/1061_ITS_FEA_XX.wav,1061_ITS_FEA_XX.wav,1061,train,4,fearful,4,fearful,0.7138353586196899
/Users/prarthanapatel/Desktop/Himanshi/speech_emotion_detection-develop-v2/cremad_preprocessed/audio/1061_ITS_HAP_XX.wav,1061_ITS_HAP_XX.wav,1061,train,1,happy,1,happy,0.9515954852104187
/Users/prarthanapatel/Desktop/Himanshi/speech_emotion_detection-develop-v2/cremad_preprocessed/audio/1061_ITS_NEU_XX.wav,1061_ITS_NEU_XX.wav,1061,train,0,neutral,0,neutral,0.8867803812026978
/Users/prarthanapatel/Desktop/Himanshi/speech_emotion_detection-develop-v2/cremad_preprocessed/audio/1061_ITS_SAD_XX.wav,1061_ITS_SAD_XX.wav,1061,train,2,sad,2,sad,0.6590480208396912
/Users/prarthanapatel/Desktop/Himanshi/speech_emotion_detection-develop-v2/cremad_preprocessed/audio/1061_IWL_ANG_XX.wav,1061_IWL_ANG_XX.wav,1061,train,3,angry,3,angry,0.993301510810852
/Users/prarthanapatel/Desktop/Himanshi/speech_emotion_detection-develop-v2/cremad_preprocessed/audio/1061_IWL_DIS_XX.wav,1061_IWL_DIS_XX.wav,1061,train,5,disgust,5,disgust,0.9188017845153809
/Users/prarthanapatel/Desktop/Himanshi/speech_emotion_detection-develop-v2/cremad_preprocessed/audio/1061_IWL_FEA_XX.wav,1061_IWL_FEA_XX.wav,1061,train,4,fearful,4,fearful,0.8549368381500244
/Users/prarthanapatel/Desktop/Himanshi/speech_emotion_detection-develop-v2/cremad_preprocessed/audio/1061_IWL_HAP_XX.wav,1061_IWL_HAP_XX.wav,1061,train,1,happy,1,happy,0.9515171051025391
/Users/prarthanapatel/Desktop/Himanshi/speech_emotion_detection-develop-v2/cremad_preprocessed/audio/1061_IWL_NEU_XX.wav,1061_IWL_NEU_XX.wav,1061,train,0,neutral,3,angry,0.5816792249679565
/Users/prarthanapatel/Desktop/Himanshi/speech_emotion_detection-develop-v2/cremad_preprocessed/audio/1061_IWL_SAD_XX.wav,1061_IWL_SAD_XX.wav,1061,train,2,sad,2,sad,0.6038378477096558
/Users/prarthanapatel/Desktop/Himanshi/speech_emotion_detection-develop-v2/cremad_preprocessed/audio/1061_IWW_ANG_XX.wav,1061_IWW_ANG_XX.wav,1061,train,3,angry,3,angry,0.9930700659751892
/Users/prarthanapatel/Desktop/Himanshi/speech_emotion_detection-develop-v2/cremad_preprocessed/audio/1061_IWW_DIS_XX.wav,1061_IWW_DIS_XX.wav,1061,train,5,disgust,5,disgust,0.8465489149093628
/Users/prarthanapatel/Desktop/Himanshi/speech_emotion_detection-develop-v2/cremad_preprocessed/audio/1061_IWW_FEA_XX.wav,1061_IWW_FEA_XX.wav,1061,train,4,fearful,1,happy,0.5635332465171814
/Users/prarthanapatel/Desktop/Himanshi/speech_emotion_detection-develop-v2/cremad_preprocessed/audio/1061_IWW_HAP_XX.wav,1061_IWW_HAP_XX.wav,1061,train,1,happy,1,happy,0.8554791808128357
/Users/prarthanapatel/Desktop/Himanshi/speech_emotion_detection-develop-v2/cremad_preprocessed/audio/1061_IWW_NEU_XX.wav,1061_IWW_NEU_XX.wav,1061,train,0,neutral,0,neutral,0.9765735864639282
/Users/prarthanapatel/Desktop/Himanshi/speech_emotion_detection-develop-v2/cremad_preprocessed/audio/1061_IWW_SAD_XX.wav,1061_IWW_SAD_XX.wav,1061,train,2,sad,2,sad,0.49964529275894165
/Users/prarthanapatel/Desktop/Himanshi/speech_emotion_detection-develop-v2/cremad_preprocessed/audio/1061_MTI_ANG_XX.wav,1061_MTI_ANG_XX.wav,1061,train,3,angry,3,angry,0.992525577545166
/Users/prarthanapatel/Desktop/Himanshi/speech_emotion_detection-develop-v2/cremad_preprocessed/audio/1061_MTI_DIS_XX.wav,1061_MTI_DIS_XX.wav,1061,train,5,disgust,3,angry,0.7958513498306274
/Users/prarthanapatel/Desktop/Himanshi/speech_emotion_detection-develop-v2/cremad_preprocessed/audio/1061_MTI_FEA_XX.wav,1061_MTI_FEA_XX.wav,1061,train,4,fearful,4,fearful,0.9458540081977844
/Users/prarthanapatel/Desktop/Himanshi/speech_emotion_detection-develop-v2/cremad_preprocessed/audio/1061_MTI_HAP_XX.wav,1061_MTI_HAP_XX.wav,1061,train,1,happy,1,happy,0.9452741146087646
/Users/prarthanapatel/Desktop/Himanshi/speech_emotion_detection-develop-v2/cremad_preprocessed/audio/1061_MTI_NEU_XX.wav,1061_MTI_NEU_XX.wav,1061,train,0,neutral,0,neutral,0.9818480014801025
/Users/prarthanapatel/Desktop/Himanshi/speech_emotion_detection-develop-v2/cremad_preprocessed/audio/1061_MTI_SAD_XX.wav,1061_MTI_SAD_XX.wav,1061,train,2,sad,2,sad,0.5811908841133118
/Users/prarthanapatel/Desktop/Himanshi/speech_emotion_detection-develop-v2/cremad_preprocessed/audio/1061_TAI_ANG_XX.wav,1061_TAI_ANG_XX.wav,1061,train,3,angry,3,angry,0.9169114232063293
/Users/prarthanapatel/Desktop/Himanshi/speech_emotion_detection-develop-v2/cremad_preprocessed/audio/1061_TAI_DIS_XX.wav,1061_TAI_DIS_XX.wav,1061,train,5,disgust,5,disgust,0.7823746800422668
/Users/prarthanapatel/Desktop/Himanshi/speech_emotion_detection-develop-v2/cremad_preprocessed/audio/1061_TAI_FEA_XX.wav,1061_TAI_FEA_XX.wav,1061,train,4,fearful,4,fearful,0.9119688868522644
/Users/prarthanapatel/Desktop/Himanshi/speech_emotion_detection-develop-v2/cremad_preprocessed/audio/1061_TAI_HAP_XX.wav,1061_TAI_HAP_XX.wav,1061,train,1,happy,1,happy,0.9457502365112305
/Users/prarthanapatel/Desktop/Himanshi/speech_emotion_detection-develop-v2/cremad_preprocessed/audio/1061_TAI_NEU_XX.wav,1061_TAI_NEU_XX.wav,1061,train,0,neutral,0,neutral,0.9873235821723938
/Users/prarthanapatel/Desktop/Himanshi/speech_emotion_detection-develop-v2/cremad_preprocessed/audio/1061_TAI_SAD_XX.wav,1061_TAI_SAD_XX.wav,1061,train,2,sad,4,fearful,0.463760107755661
/Users/prarthanapatel/Desktop/Himanshi/speech_emotion_detection-develop-v2/cremad_preprocessed/audio/1061_TIE_ANG_XX.wav,1061_TIE_ANG_XX.wav,1061,train,3,angry,3,angry,0.9838901162147522
/Users/prarthanapatel/Desktop/Himanshi/speech_emotion_detection-develop-v2/cremad_preprocessed/audio/1061_TIE_DIS_XX.wav,1061_TIE_DIS_XX.wav,1061,train,5,disgust,5,disgust,0.7776570916175842
/Users/prarthanapatel/Desktop/Himanshi/speech_emotion_detection-develop-v2/cremad_preprocessed/audio/1061_TIE_FEA_XX.wav,1061_TIE_FEA_XX.wav,1061,train,4,fearful,1,happy,0.911633312702179
/Users/prarthanapatel/Desktop/Himanshi/speech_emotion_detection-develop-v2/cremad_preprocessed/audio/1061_TIE_HAP_XX.wav,1061_TIE_HAP_XX.wav,1061,train,1,happy,1,happy,0.9184148907661438
/Users/prarthanapatel/Desktop/Himanshi/speech_emotion_detection-develop-v2/cremad_preprocessed/audio/1061_TIE_NEU_XX.wav,1061_TIE_NEU_XX.wav,1061,train,0,neutral,0,neutral,0.9104787111282349
/Users/prarthanapatel/Desktop/Himanshi/speech_emotion_detection-develop-v2/cremad_preprocessed/audio/1061_TIE_SAD_XX.wav,1061_TIE_SAD_XX.wav,1061,train,2,sad,0,neutral,0.4006352424621582
/Users/prarthanapatel/Desktop/Himanshi/speech_emotion_detection-develop-v2/cremad_preprocessed/audio/1061_TSI_ANG_XX.wav,1061_TSI_ANG_XX.wav,1061,train,3,angry,3,angry,0.992852509021759
/Users/prarthanapatel/Desktop/Himanshi/speech_emotion_detection-develop-v2/cremad_preprocessed/audio/1061_TSI_DIS_XX.wav,1061_TSI_DIS_XX.wav,1061,train,5,disgust,5,disgust,0.5432250499725342
/Users/prarthanapatel/Desktop/Himanshi/speech_emotion_detection-develop-v2/cremad_preprocessed/audio/1061_TSI_FEA_XX.wav,1061_TSI_FEA_XX.wav,1061,train,4,fearful,4,fearful,0.5262084603309631
/Users/prarthanapatel/Desktop/Himanshi/speech_emotion_detection-develop-v2/cremad_preprocessed/audio/1061_TSI_HAP_XX.wav,1061_TSI_HAP_XX.wav,1061,train,1,happy,1,happy,0.9587866067886353
/Users/prarthanapatel/Desktop/Himanshi/speech_emotion_detection-develop-v2/cremad_preprocessed/audio/1061_TSI_NEU_XX.wav,1061_TSI_NEU_XX.wav,1061,train,0,neutral,0,neutral,0.9865329265594482
/Users/prarthanapatel/Desktop/Himanshi/speech_emotion_detection-develop-v2/cremad_preprocessed/audio/1061_TSI_SAD_XX.wav,1061_TSI_SAD_XX.wav,1061,train,2,sad,2,sad,0.8687551021575928
/Users/prarthanapatel/Desktop/Himanshi/speech_emotion_detection-develop-v2/cremad_preprocessed/audio/1061_WSI_ANG_XX.wav,1061_WSI_ANG_XX.wav,1061,train,3,angry,3,angry,0.9934687614440918
/Users/prarthanapatel/Desktop/Himanshi/speech_emotion_detection-develop-v2/cremad_preprocessed/audio/1061_WSI_DIS_XX.wav,1061_WSI_DIS_XX.wav,1061,train,5,disgust,3,angry,0.9462715983390808
/Users/prarthanapatel/Desktop/Himanshi/speech_emotion_detection-develop-v2/cremad_preprocessed/audio/1061_WSI_FEA_XX.wav,1061_WSI_FEA_XX.wav,1061,train,4,fearful,4,fearful,0.902374804019928
/Users/prarthanapatel/Desktop/Himanshi/speech_emotion_detection-develop-v2/cremad_preprocessed/audio/1061_WSI_HAP_XX.wav,1061_WSI_HAP_XX.wav,1061,train,1,happy,1,happy,0.9672344923019409
/Users/prarthanapatel/Desktop/Himanshi/speech_emotion_detection-develop-v2/cremad_preprocessed/audio/1061_WSI_NEU_XX.wav,1061_WSI_NEU_XX.wav,1061,train,0,neutral,0,neutral,0.9844169020652771
/Users/prarthanapatel/Desktop/Himanshi/speech_emotion_detection-develop-v2/cremad_preprocessed/audio/1061_WSI_SAD_XX.wav,1061_WSI_SAD_XX.wav,1061,train,2,sad,2,sad,0.8868653774261475
/Users/prarthanapatel/Desktop/Himanshi/speech_emotion_detection-develop-v2/cremad_preprocessed/audio/1062_DFA_ANG_XX.wav,1062_DFA_ANG_XX.wav,1062,train,3,angry,3,angry,0.9943337440490723
/Users/prarthanapatel/Desktop/Himanshi/speech_emotion_detection-develop-v2/cremad_preprocessed/audio/1062_DFA_DIS_XX.wav,1062_DFA_DIS_XX.wav,1062,train,5,disgust,5,disgust,0.9065393209457397
/Users/prarthanapatel/Desktop/Himanshi/speech_emotion_detection-develop-v2/cremad_preprocessed/audio/1062_DFA_FEA_XX.wav,1062_DFA_FEA_XX.wav,1062,train,4,fearful,2,sad,0.777379035949707
/Users/prarthanapatel/Desktop/Himanshi/speech_emotion_detection-develop-v2/cremad_preprocessed/audio/1062_DFA_HAP_XX.wav,1062_DFA_HAP_XX.wav,1062,train,1,happy,1,happy,0.966347336769104
/Users/prarthanapatel/Desktop/Himanshi/speech_emotion_detection-develop-v2/cremad_preprocessed/audio/1062_DFA_NEU_XX.wav,1062_DFA_NEU_XX.wav,1062,train,0,neutral,0,neutral,0.9862480759620667
/Users/prarthanapatel/Desktop/Himanshi/speech_emotion_detection-develop-v2/cremad_preprocessed/audio/1062_DFA_SAD_XX.wav,1062_DFA_SAD_XX.wav,1062,train,2,sad,2,sad,0.5493097901344299
/Users/prarthanapatel/Desktop/Himanshi/speech_emotion_detection-develop-v2/cremad_preprocessed/audio/1062_IEO_ANG_HI.wav,1062_IEO_ANG_HI.wav,1062,train,3,angry,3,angry,0.9918644428253174
/Users/prarthanapatel/Desktop/Himanshi/speech_emotion_detection-develop-v2/cremad_preprocessed/audio/1062_IEO_ANG_LO.wav,1062_IEO_ANG_LO.wav,1062,train,3,angry,1,happy,0.771019697189331
/Users/prarthanapatel/Desktop/Himanshi/speech_emotion_detection-develop-v2/cremad_preprocessed/audio/1062_IEO_ANG_MD.wav,1062_IEO_ANG_MD.wav,1062,train,3,angry,3,angry,0.9886636137962341
/Users/prarthanapatel/Desktop/Himanshi/speech_emotion_detection-develop-v2/cremad_preprocessed/audio/1062_IEO_DIS_HI.wav,1062_IEO_DIS_HI.wav,1062,train,5,disgust,5,disgust,0.784205436706543
/Users/prarthanapatel/Desktop/Himanshi/speech_emotion_detection-develop-v2/cremad_preprocessed/audio/1062_IEO_DIS_LO.wav,1062_IEO_DIS_LO.wav,1062,train,5,disgust,2,sad,0.7074095606803894
/Users/prarthanapatel/Desktop/Himanshi/speech_emotion_detection-develop-v2/cremad_preprocessed/audio/1062_IEO_DIS_MD.wav,1062_IEO_DIS_MD.wav,1062,train,5,disgust,5,disgust,0.8991813063621521
/Users/prarthanapatel/Desktop/Himanshi/speech_emotion_detection-develop-v2/cremad_preprocessed/audio/1062_IEO_FEA_HI.wav,1062_IEO_FEA_HI.wav,1062,train,4,fearful,1,happy,0.5989341735839844
/Users/prarthanapatel/Desktop/Himanshi/speech_emotion_detection-develop-v2/cremad_preprocessed/audio/1062_IEO_FEA_LO.wav,1062_IEO_FEA_LO.wav,1062,train,4,fearful,4,fearful,0.6968255639076233
/Users/prarthanapatel/Desktop/Himanshi/speech_emotion_detection-develop-v2/cremad_preprocessed/audio/1062_IEO_FEA_MD.wav,1062_IEO_FEA_MD.wav,1062,train,4,fearful,4,fearful,0.6126118302345276
/Users/prarthanapatel/Desktop/Himanshi/speech_emotion_detection-develop-v2/cremad_preprocessed/audio/1062_IEO_HAP_HI.wav,1062_IEO_HAP_HI.wav,1062,train,1,happy,3,angry,0.6503031253814697
/Users/prarthanapatel/Desktop/Himanshi/speech_emotion_detection-develop-v2/cremad_preprocessed/audio/1062_IEO_HAP_LO.wav,1062_IEO_HAP_LO.wav,1062,train,1,happy,1,happy,0.9753708839416504
/Users/prarthanapatel/Desktop/Himanshi/speech_emotion_detection-develop-v2/cremad_preprocessed/audio/1062_IEO_HAP_MD.wav,1062_IEO_HAP_MD.wav,1062,train,1,happy,1,happy,0.9453538656234741
/Users/prarthanapatel/Desktop/Himanshi/speech_emotion_detection-develop-v2/cremad_preprocessed/audio/1062_IEO_NEU_XX.wav,1062_IEO_NEU_XX.wav,1062,train,0,neutral,0,neutral,0.9682573676109314
/Users/prarthanapatel/Desktop/Himanshi/speech_emotion_detection-develop-v2/cremad_preprocessed/audio/1062_IEO_SAD_HI.wav,1062_IEO_SAD_HI.wav,1062,train,2,sad,4,fearful,0.6330112218856812
/Users/prarthanapatel/Desktop/Himanshi/speech_emotion_detection-develop-v2/cremad_preprocessed/audio/1062_IEO_SAD_LO.wav,1062_IEO_SAD_LO.wav,1062,train,2,sad,4,fearful,0.4889119267463684
/Users/prarthanapatel/Desktop/Himanshi/speech_emotion_detection-develop-v2/cremad_preprocessed/audio/1062_IEO_SAD_MD.wav,1062_IEO_SAD_MD.wav,1062,train,2,sad,4,fearful,0.4867470860481262
/Users/prarthanapatel/Desktop/Himanshi/speech_emotion_detection-develop-v2/cremad_preprocessed/audio/1062_IOM_ANG_XX.wav,1062_IOM_ANG_XX.wav,1062,train,3,angry,3,angry,0.9935732483863831
/Users/prarthanapatel/Desktop/Himanshi/speech_emotion_detection-develop-v2/cremad_preprocessed/audio/1062_IOM_DIS_XX.wav,1062_IOM_DIS_XX.wav,1062,train,5,disgust,5,disgust,0.796671450138092
/Users/prarthanapatel/Desktop/Himanshi/speech_emotion_detection-develop-v2/cremad_preprocessed/audio/1062_IOM_FEA_XX.wav,1062_IOM_FEA_XX.wav,1062,train,4,fearful,0,neutral,0.7370919585227966
/Users/prarthanapatel/Desktop/Himanshi/speech_emotion_detection-develop-v2/cremad_preprocessed/audio/1062_IOM_HAP_XX.wav,1062_IOM_HAP_XX.wav,1062,train,1,happy,1,happy,0.9714002013206482
/Users/prarthanapatel/Desktop/Himanshi/speech_emotion_detection-develop-v2/cremad_preprocessed/audio/1062_IOM_NEU_XX.wav,1062_IOM_NEU_XX.wav,1062,train,0,neutral,0,neutral,0.9773505926132202
/Users/prarthanapatel/Desktop/Himanshi/speech_emotion_detection-develop-v2/cremad_preprocessed/audio/1062_IOM_SAD_XX.wav,1062_IOM_SAD_XX.wav,1062,train,2,sad,2,sad,0.8557994961738586
/Users/prarthanapatel/Desktop/Himanshi/speech_emotion_detection-develop-v2/cremad_preprocessed/audio/1062_ITH_ANG_XX.wav,1062_ITH_ANG_XX.wav,1062,train,3,angry,3,angry,0.9945085644721985
/Users/prarthanapatel/Desktop/Himanshi/speech_emotion_detection-develop-v2/cremad_preprocessed/audio/1062_ITH_DIS_XX.wav,1062_ITH_DIS_XX.wav,1062,train,5,disgust,5,disgust,0.952190637588501
/Users/prarthanapatel/Desktop/Himanshi/speech_emotion_detection-develop-v2/cremad_preprocessed/audio/1062_ITH_FEA_XX.wav,1062_ITH_FEA_XX.wav,1062,train,4,fearful,4,fearful,0.6651002168655396
/Users/prarthanapatel/Desktop/Himanshi/speech_emotion_detection-develop-v2/cremad_preprocessed/audio/1062_ITH_HAP_XX.wav,1062_ITH_HAP_XX.wav,1062,train,1,happy,1,happy,0.9726083278656006
/Users/prarthanapatel/Desktop/Himanshi/speech_emotion_detection-develop-v2/cremad_preprocessed/audio/1062_ITH_NEU_XX.wav,1062_ITH_NEU_XX.wav,1062,train,0,neutral,0,neutral,0.9787716865539551
/Users/prarthanapatel/Desktop/Himanshi/speech_emotion_detection-develop-v2/cremad_preprocessed/audio/1062_ITH_SAD_XX.wav,1062_ITH_SAD_XX.wav,1062,train,2,sad,4,fearful,0.7607115507125854
/Users/prarthanapatel/Desktop/Himanshi/speech_emotion_detection-develop-v2/cremad_preprocessed/audio/1062_ITS_ANG_XX.wav,1062_ITS_ANG_XX.wav,1062,train,3,angry,3,angry,0.9939316511154175
/Users/prarthanapatel/Desktop/Himanshi/speech_emotion_detection-develop-v2/cremad_preprocessed/audio/1062_ITS_DIS_XX.wav,1062_ITS_DIS_XX.wav,1062,train,5,disgust,2,sad,0.7755340933799744
/Users/prarthanapatel/Desktop/Himanshi/speech_emotion_detection-develop-v2/cremad_preprocessed/audio/1062_ITS_FEA_XX.wav,1062_ITS_FEA_XX.wav,1062,train,4,fearful,4,fearful,0.6916245222091675
/Users/prarthanapatel/Desktop/Himanshi/speech_emotion_detection-develop-v2/cremad_preprocessed/audio/1062_ITS_HAP_XX.wav,1062_ITS_HAP_XX.wav,1062,train,1,happy,1,happy,0.9371495246887207
/Users/prarthanapatel/Desktop/Himanshi/speech_emotion_detection-develop-v2/cremad_preprocessed/audio/1062_ITS_NEU_XX.wav,1062_ITS_NEU_XX.wav,1062,train,0,neutral,3,angry,0.8758590817451477
/Users/prarthanapatel/Desktop/Himanshi/speech_emotion_detection-develop-v2/cremad_preprocessed/audio/1062_ITS_SAD_XX.wav,1062_ITS_SAD_XX.wav,1062,train,2,sad,2,sad,0.827036440372467
/Users/prarthanapatel/Desktop/Himanshi/speech_emotion_detection-develop-v2/cremad_preprocessed/audio/1062_IWL_ANG_XX.wav,1062_IWL_ANG_XX.wav,1062,train,3,angry,3,angry,0.9333773851394653
/Users/prarthanapatel/Desktop/Himanshi/speech_emotion_detection-develop-v2/cremad_preprocessed/audio/1062_IWL_DIS_XX.wav,1062_IWL_DIS_XX.wav,1062,train,5,disgust,5,disgust,0.7794104814529419
/Users/prarthanapatel/Desktop/Himanshi/speech_emotion_detection-develop-v2/cremad_preprocessed/audio/1062_IWL_FEA_XX.wav,1062_IWL_FEA_XX.wav,1062,train,4,fearful,4,fearful,0.7741149663925171
/Users/prarthanapatel/Desktop/Himanshi/speech_emotion_detection-develop-v2/cremad_preprocessed/audio/1062_IWL_HAP_XX.wav,1062_IWL_HAP_XX.wav,1062,train,1,happy,1,happy,0.9545804858207703
/Users/prarthanapatel/Desktop/Himanshi/speech_emotion_detection-develop-v2/cremad_preprocessed/audio/1062_IWL_NEU_XX.wav,1062_IWL_NEU_XX.wav,1062,train,0,neutral,0,neutral,0.9723944664001465
/Users/prarthanapatel/Desktop/Himanshi/speech_emotion_detection-develop-v2/cremad_preprocessed/audio/1062_IWL_SAD_XX.wav,1062_IWL_SAD_XX.wav,1062,train,2,sad,2,sad,0.8710987567901611
/Users/prarthanapatel/Desktop/Himanshi/speech_emotion_detection-develop-v2/cremad_preprocessed/audio/1062_IWW_ANG_XX.wav,1062_IWW_ANG_XX.wav,1062,train,3,angry,3,angry,0.9938879609107971
/Users/prarthanapatel/Desktop/Himanshi/speech_emotion_detection-develop-v2/cremad_preprocessed/audio/1062_IWW_DIS_XX.wav,1062_IWW_DIS_XX.wav,1062,train,5,disgust,5,disgust,0.39992043375968933
/Users/prarthanapatel/Desktop/Himanshi/speech_emotion_detection-develop-v2/cremad_preprocessed/audio/1062_IWW_FEA_XX.wav,1062_IWW_FEA_XX.wav,1062,train,4,fearful,2,sad,0.5094382166862488
/Users/prarthanapatel/Desktop/Himanshi/speech_emotion_detection-develop-v2/cremad_preprocessed/audio/1062_IWW_HAP_XX.wav,1062_IWW_HAP_XX.wav,1062,train,1,happy,3,angry,0.5721954703330994
/Users/prarthanapatel/Desktop/Himanshi/speech_emotion_detection-develop-v2/cremad_preprocessed/audio/1062_IWW_NEU_XX.wav,1062_IWW_NEU_XX.wav,1062,train,0,neutral,0,neutral,0.8726421594619751
/Users/prarthanapatel/Desktop/Himanshi/speech_emotion_detection-develop-v2/cremad_preprocessed/audio/1062_IWW_SAD_XX.wav,1062_IWW_SAD_XX.wav,1062,train,2,sad,2,sad,0.5620654821395874
/Users/prarthanapatel/Desktop/Himanshi/speech_emotion_detection-develop-v2/cremad_preprocessed/audio/1062_MTI_ANG_XX.wav,1062_MTI_ANG_XX.wav,1062,train,3,angry,3,angry,0.9937320351600647
/Users/prarthanapatel/Desktop/Himanshi/speech_emotion_detection-develop-v2/cremad_preprocessed/audio/1062_MTI_DIS_XX.wav,1062_MTI_DIS_XX.wav,1062,train,5,disgust,2,sad,0.6978065371513367
/Users/prarthanapatel/Desktop/Himanshi/speech_emotion_detection-develop-v2/cremad_preprocessed/audio/1062_MTI_FEA_XX.wav,1062_MTI_FEA_XX.wav,1062,train,4,fearful,4,fearful,0.7866339683532715
/Users/prarthanapatel/Desktop/Himanshi/speech_emotion_detection-develop-v2/cremad_preprocessed/audio/1062_MTI_HAP_XX.wav,1062_MTI_HAP_XX.wav,1062,train,1,happy,1,happy,0.9720797538757324
/Users/prarthanapatel/Desktop/Himanshi/speech_emotion_detection-develop-v2/cremad_preprocessed/audio/1062_MTI_NEU_XX.wav,1062_MTI_NEU_XX.wav,1062,train,0,neutral,0,neutral,0.9831778407096863
/Users/prarthanapatel/Desktop/Himanshi/speech_emotion_detection-develop-v2/cremad_preprocessed/audio/1062_MTI_SAD_XX.wav,1062_MTI_SAD_XX.wav,1062,train,2,sad,2,sad,0.8336319327354431
/Users/prarthanapatel/Desktop/Himanshi/speech_emotion_detection-develop-v2/cremad_preprocessed/audio/1062_TAI_ANG_XX.wav,1062_TAI_ANG_XX.wav,1062,train,3,angry,3,angry,0.992968738079071
/Users/prarthanapatel/Desktop/Himanshi/speech_emotion_detection-develop-v2/cremad_preprocessed/audio/1062_TAI_DIS_XX.wav,1062_TAI_DIS_XX.wav,1062,train,5,disgust,5,disgust,0.9123954772949219
/Users/prarthanapatel/Desktop/Himanshi/speech_emotion_detection-develop-v2/cremad_preprocessed/audio/1062_TAI_FEA_XX.wav,1062_TAI_FEA_XX.wav,1062,train,4,fearful,4,fearful,0.5909984707832336
/Users/prarthanapatel/Desktop/Himanshi/speech_emotion_detection-develop-v2/cremad_preprocessed/audio/1062_TAI_HAP_XX.wav,1062_TAI_HAP_XX.wav,1062,train,1,happy,1,happy,0.9404506087303162
/Users/prarthanapatel/Desktop/Himanshi/speech_emotion_detection-develop-v2/cremad_preprocessed/audio/1062_TAI_NEU_XX.wav,1062_TAI_NEU_XX.wav,1062,train,0,neutral,0,neutral,0.9860990047454834
/Users/prarthanapatel/Desktop/Himanshi/speech_emotion_detection-develop-v2/cremad_preprocessed/audio/1062_TAI_SAD_XX.wav,1062_TAI_SAD_XX.wav,1062,train,2,sad,2,sad,0.8951603174209595
/Users/prarthanapatel/Desktop/Himanshi/speech_emotion_detection-develop-v2/cremad_preprocessed/audio/1062_TIE_ANG_XX.wav,1062_TIE_ANG_XX.wav,1062,train,3,angry,3,angry,0.991685688495636
/Users/prarthanapatel/Desktop/Himanshi/speech_emotion_detection-develop-v2/cremad_preprocessed/audio/1062_TIE_DIS_XX.wav,1062_TIE_DIS_XX.wav,1062,train,5,disgust,2,sad,0.8577516674995422
/Users/prarthanapatel/Desktop/Himanshi/speech_emotion_detection-develop-v2/cremad_preprocessed/audio/1062_TIE_FEA_XX.wav,1062_TIE_FEA_XX.wav,1062,train,4,fearful,4,fearful,0.9193098545074463
/Users/prarthanapatel/Desktop/Himanshi/speech_emotion_detection-develop-v2/cremad_preprocessed/audio/1062_TIE_HAP_XX.wav,1062_TIE_HAP_XX.wav,1062,train,1,happy,1,happy,0.9486038088798523
/Users/prarthanapatel/Desktop/Himanshi/speech_emotion_detection-develop-v2/cremad_preprocessed/audio/1062_TIE_NEU_XX.wav,1062_TIE_NEU_XX.wav,1062,train,0,neutral,0,neutral,0.9796935319900513
/Users/prarthanapatel/Desktop/Himanshi/speech_emotion_detection-develop-v2/cremad_preprocessed/audio/1062_TIE_SAD_XX.wav,1062_TIE_SAD_XX.wav,1062,train,2,sad,2,sad,0.6900697946548462
/Users/prarthanapatel/Desktop/Himanshi/speech_emotion_detection-develop-v2/cremad_preprocessed/audio/1062_TSI_ANG_XX.wav,1062_TSI_ANG_XX.wav,1062,train,3,angry,3,angry,0.9906495213508606
/Users/prarthanapatel/Desktop/Himanshi/speech_emotion_detection-develop-v2/cremad_preprocessed/audio/1062_TSI_DIS_XX.wav,1062_TSI_DIS_XX.wav,1062,train,5,disgust,5,disgust,0.6974122524261475
/Users/prarthanapatel/Desktop/Himanshi/speech_emotion_detection-develop-v2/cremad_preprocessed/audio/1062_TSI_FEA_XX.wav,1062_TSI_FEA_XX.wav,1062,train,4,fearful,2,sad,0.7726674675941467
/Users/prarthanapatel/Desktop/Himanshi/speech_emotion_detection-develop-v2/cremad_preprocessed/audio/1062_TSI_HAP_XX.wav,1062_TSI_HAP_XX.wav,1062,train,1,happy,4,fearful,0.5895994305610657
/Users/prarthanapatel/Desktop/Himanshi/speech_emotion_detection-develop-v2/cremad_preprocessed/audio/1062_TSI_NEU_XX.wav,1062_TSI_NEU_XX.wav,1062,train,0,neutral,0,neutral,0.9320363998413086
/Users/prarthanapatel/Desktop/Himanshi/speech_emotion_detection-develop-v2/cremad_preprocessed/audio/1062_TSI_SAD_XX.wav,1062_TSI_SAD_XX.wav,1062,train,2,sad,2,sad,0.8787090182304382
/Users/prarthanapatel/Desktop/Himanshi/speech_emotion_detection-develop-v2/cremad_preprocessed/audio/1062_WSI_ANG_XX.wav,1062_WSI_ANG_XX.wav,1062,train,3,angry,3,angry,0.9938036203384399
/Users/prarthanapatel/Desktop/Himanshi/speech_emotion_detection-develop-v2/cremad_preprocessed/audio/1062_WSI_DIS_XX.wav,1062_WSI_DIS_XX.wav,1062,train,5,disgust,5,disgust,0.9249982833862305
/Users/prarthanapatel/Desktop/Himanshi/speech_emotion_detection-develop-v2/cremad_preprocessed/audio/1062_WSI_FEA_XX.wav,1062_WSI_FEA_XX.wav,1062,train,4,fearful,2,sad,0.5018340349197388
/Users/prarthanapatel/Desktop/Himanshi/speech_emotion_detection-develop-v2/cremad_preprocessed/audio/1062_WSI_HAP_XX.wav,1062_WSI_HAP_XX.wav,1062,train,1,happy,1,happy,0.8153283596038818
/Users/prarthanapatel/Desktop/Himanshi/speech_emotion_detection-develop-v2/cremad_preprocessed/audio/1062_WSI_NEU_XX.wav,1062_WSI_NEU_XX.wav,1062,train,0,neutral,0,neutral,0.9766761660575867
/Users/prarthanapatel/Desktop/Himanshi/speech_emotion_detection-develop-v2/cremad_preprocessed/audio/1062_WSI_SAD_XX.wav,1062_WSI_SAD_XX.wav,1062,train,2,sad,0,neutral,0.6862836480140686
/Users/prarthanapatel/Desktop/Himanshi/speech_emotion_detection-develop-v2/cremad_preprocessed/audio/1063_DFA_ANG_XX.wav,1063_DFA_ANG_XX.wav,1063,train,3,angry,3,angry,0.9939554333686829
/Users/prarthanapatel/Desktop/Himanshi/speech_emotion_detection-develop-v2/cremad_preprocessed/audio/1063_DFA_DIS_XX.wav,1063_DFA_DIS_XX.wav,1063,train,5,disgust,5,disgust,0.8891035318374634
/Users/prarthanapatel/Desktop/Himanshi/speech_emotion_detection-develop-v2/cremad_preprocessed/audio/1063_DFA_FEA_XX.wav,1063_DFA_FEA_XX.wav,1063,train,4,fearful,4,fearful,0.9363356828689575
/Users/prarthanapatel/Desktop/Himanshi/speech_emotion_detection-develop-v2/cremad_preprocessed/audio/1063_DFA_HAP_XX.wav,1063_DFA_HAP_XX.wav,1063,train,1,happy,1,happy,0.9770022630691528
/Users/prarthanapatel/Desktop/Himanshi/speech_emotion_detection-develop-v2/cremad_preprocessed/audio/1063_DFA_NEU_XX.wav,1063_DFA_NEU_XX.wav,1063,train,0,neutral,0,neutral,0.9871729612350464
/Users/prarthanapatel/Desktop/Himanshi/speech_emotion_detection-develop-v2/cremad_preprocessed/audio/1063_DFA_SAD_XX.wav,1063_DFA_SAD_XX.wav,1063,train,2,sad,2,sad,0.9297663569450378
/Users/prarthanapatel/Desktop/Himanshi/speech_emotion_detection-develop-v2/cremad_preprocessed/audio/1063_IEO_ANG_HI.wav,1063_IEO_ANG_HI.wav,1063,train,3,angry,3,angry,0.9875999689102173
/Users/prarthanapatel/Desktop/Himanshi/speech_emotion_detection-develop-v2/cremad_preprocessed/audio/1063_IEO_ANG_LO.wav,1063_IEO_ANG_LO.wav,1063,train,3,angry,1,happy,0.9743558764457703
/Users/prarthanapatel/Desktop/Himanshi/speech_emotion_detection-develop-v2/cremad_preprocessed/audio/1063_IEO_ANG_MD.wav,1063_IEO_ANG_MD.wav,1063,train,3,angry,3,angry,0.992009162902832
/Users/prarthanapatel/Desktop/Himanshi/speech_emotion_detection-develop-v2/cremad_preprocessed/audio/1063_IEO_DIS_HI.wav,1063_IEO_DIS_HI.wav,1063,train,5,disgust,4,fearful,0.5868117213249207
/Users/prarthanapatel/Desktop/Himanshi/speech_emotion_detection-develop-v2/cremad_preprocessed/audio/1063_IEO_DIS_LO.wav,1063_IEO_DIS_LO.wav,1063,train,5,disgust,5,disgust,0.8355932831764221
/Users/prarthanapatel/Desktop/Himanshi/speech_emotion_detection-develop-v2/cremad_preprocessed/audio/1063_IEO_DIS_MD.wav,1063_IEO_DIS_MD.wav,1063,train,5,disgust,5,disgust,0.6467705965042114
/Users/prarthanapatel/Desktop/Himanshi/speech_emotion_detection-develop-v2/cremad_preprocessed/audio/1063_IEO_FEA_HI.wav,1063_IEO_FEA_HI.wav,1063,train,4,fearful,4,fearful,0.7139767408370972
/Users/prarthanapatel/Desktop/Himanshi/speech_emotion_detection-develop-v2/cremad_preprocessed/audio/1063_IEO_FEA_LO.wav,1063_IEO_FEA_LO.wav,1063,train,4,fearful,1,happy,0.8672481775283813
/Users/prarthanapatel/Desktop/Himanshi/speech_emotion_detection-develop-v2/cremad_preprocessed/audio/1063_IEO_FEA_MD.wav,1063_IEO_FEA_MD.wav,1063,train,4,fearful,4,fearful,0.7163552641868591
/Users/prarthanapatel/Desktop/Himanshi/speech_emotion_detection-develop-v2/cremad_preprocessed/audio/1063_IEO_HAP_HI.wav,1063_IEO_HAP_HI.wav,1063,train,1,happy,1,happy,0.9502188563346863
/Users/prarthanapatel/Desktop/Himanshi/speech_emotion_detection-develop-v2/cremad_preprocessed/audio/1063_IEO_HAP_LO.wav,1063_IEO_HAP_LO.wav,1063,train,1,happy,1,happy,0.9597318172454834
/Users/prarthanapatel/Desktop/Himanshi/speech_emotion_detection-develop-v2/cremad_preprocessed/audio/1063_IEO_HAP_MD.wav,1063_IEO_HAP_MD.wav,1063,train,1,happy,1,happy,0.9695726633071899
/Users/prarthanapatel/Desktop/Himanshi/speech_emotion_detection-develop-v2/cremad_preprocessed/audio/1063_IEO_NEU_XX.wav,1063_IEO_NEU_XX.wav,1063,train,0,neutral,0,neutral,0.9854293465614319
/Users/prarthanapatel/Desktop/Himanshi/speech_emotion_detection-develop-v2/cremad_preprocessed/audio/1063_IEO_SAD_HI.wav,1063_IEO_SAD_HI.wav,1063,train,2,sad,4,fearful,0.6991187930107117
/Users/prarthanapatel/Desktop/Himanshi/speech_emotion_detection-develop-v2/cremad_preprocessed/audio/1063_IEO_SAD_LO.wav,1063_IEO_SAD_LO.wav,1063,train,2,sad,2,sad,0.800066351890564
/Users/prarthanapatel/Desktop/Himanshi/speech_emotion_detection-develop-v2/cremad_preprocessed/audio/1063_IEO_SAD_MD.wav,1063_IEO_SAD_MD.wav,1063,train,2,sad,2,sad,0.8034115433692932
/Users/prarthanapatel/Desktop/Himanshi/speech_emotion_detection-develop-v2/cremad_preprocessed/audio/1063_IOM_ANG_XX.wav,1063_IOM_ANG_XX.wav,1063,train,3,angry,3,angry,0.9944136738777161
/Users/prarthanapatel/Desktop/Himanshi/speech_emotion_detection-develop-v2/cremad_preprocessed/audio/1063_IOM_DIS_XX.wav,1063_IOM_DIS_XX.wav,1063,train,5,disgust,5,disgust,0.9304196834564209
/Users/prarthanapatel/Desktop/Himanshi/speech_emotion_detection-develop-v2/cremad_preprocessed/audio/1063_IOM_FEA_XX.wav,1063_IOM_FEA_XX.wav,1063,train,4,fearful,4,fearful,0.8897429704666138
/Users/prarthanapatel/Desktop/Himanshi/speech_emotion_detection-develop-v2/cremad_preprocessed/audio/1063_IOM_HAP_XX.wav,1063_IOM_HAP_XX.wav,1063,train,1,happy,1,happy,0.9799652099609375
/Users/prarthanapatel/Desktop/Himanshi/speech_emotion_detection-develop-v2/cremad_preprocessed/audio/1063_IOM_NEU_XX.wav,1063_IOM_NEU_XX.wav,1063,train,0,neutral,0,neutral,0.9856260418891907
/Users/prarthanapatel/Desktop/Himanshi/speech_emotion_detection-develop-v2/cremad_preprocessed/audio/1063_IOM_SAD_XX.wav,1063_IOM_SAD_XX.wav,1063,train,2,sad,4,fearful,0.516208291053772
/Users/prarthanapatel/Desktop/Himanshi/speech_emotion_detection-develop-v2/cremad_preprocessed/audio/1063_ITH_ANG_XX.wav,1063_ITH_ANG_XX.wav,1063,train,3,angry,3,angry,0.9942301511764526
/Users/prarthanapatel/Desktop/Himanshi/speech_emotion_detection-develop-v2/cremad_preprocessed/audio/1063_ITH_DIS_XX.wav,1063_ITH_DIS_XX.wav,1063,train,5,disgust,5,disgust,0.8320851922035217
/Users/prarthanapatel/Desktop/Himanshi/speech_emotion_detection-develop-v2/cremad_preprocessed/audio/1063_ITH_FEA_XX.wav,1063_ITH_FEA_XX.wav,1063,train,4,fearful,4,fearful,0.9220370054244995
/Users/prarthanapatel/Desktop/Himanshi/speech_emotion_detection-develop-v2/cremad_preprocessed/audio/1063_ITH_HAP_XX.wav,1063_ITH_HAP_XX.wav,1063,train,1,happy,1,happy,0.9765155911445618
/Users/prarthanapatel/Desktop/Himanshi/speech_emotion_detection-develop-v2/cremad_preprocessed/audio/1063_ITH_NEU_XX.wav,1063_ITH_NEU_XX.wav,1063,train,0,neutral,0,neutral,0.9873487949371338
/Users/prarthanapatel/Desktop/Himanshi/speech_emotion_detection-develop-v2/cremad_preprocessed/audio/1063_ITH_SAD_XX.wav,1063_ITH_SAD_XX.wav,1063,train,2,sad,2,sad,0.6798551678657532
/Users/prarthanapatel/Desktop/Himanshi/speech_emotion_detection-develop-v2/cremad_preprocessed/audio/1063_ITS_ANG_XX.wav,1063_ITS_ANG_XX.wav,1063,train,3,angry,3,angry,0.9907783269882202
/Users/prarthanapatel/Desktop/Himanshi/speech_emotion_detection-develop-v2/cremad_preprocessed/audio/1063_ITS_DIS_XX.wav,1063_ITS_DIS_XX.wav,1063,train,5,disgust,5,disgust,0.8731310367584229
/Users/prarthanapatel/Desktop/Himanshi/speech_emotion_detection-develop-v2/cremad_preprocessed/audio/1063_ITS_FEA_XX.wav,1063_ITS_FEA_XX.wav,1063,train,4,fearful,4,fearful,0.9520419239997864
/Users/prarthanapatel/Desktop/Himanshi/speech_emotion_detection-develop-v2/cremad_preprocessed/audio/1063_ITS_HAP_XX.wav,1063_ITS_HAP_XX.wav,1063,train,1,happy,1,happy,0.9738788604736328
/Users/prarthanapatel/Desktop/Himanshi/speech_emotion_detection-develop-v2/cremad_preprocessed/audio/1063_ITS_NEU_XX.wav,1063_ITS_NEU_XX.wav,1063,train,0,neutral,0,neutral,0.9887058734893799
/Users/prarthanapatel/Desktop/Himanshi/speech_emotion_detection-develop-v2/cremad_preprocessed/audio/1063_ITS_SAD_XX.wav,1063_ITS_SAD_XX.wav,1063,train,2,sad,2,sad,0.8572182059288025
/Users/prarthanapatel/Desktop/Himanshi/speech_emotion_detection-develop-v2/cremad_preprocessed/audio/1063_IWL_ANG_XX.wav,1063_IWL_ANG_XX.wav,1063,train,3,angry,3,angry,0.9919605851173401
/Users/prarthanapatel/Desktop/Himanshi/speech_emotion_detection-develop-v2/cremad_preprocessed/audio/1063_IWL_DIS_XX.wav,1063_IWL_DIS_XX.wav,1063,train,5,disgust,5,disgust,0.9217403531074524
/Users/prarthanapatel/Desktop/Himanshi/speech_emotion_detection-develop-v2/cremad_preprocessed/audio/1063_IWL_FEA_XX.wav,1063_IWL_FEA_XX.wav,1063,train,4,fearful,4,fearful,0.8829798698425293
/Users/prarthanapatel/Desktop/Himanshi/speech_emotion_detection-develop-v2/cremad_preprocessed/audio/1063_IWL_HAP_XX.wav,1063_IWL_HAP_XX.wav,1063,train,1,happy,1,happy,0.963119387626648
/Users/prarthanapatel/Desktop/Himanshi/speech_emotion_detection-develop-v2/cremad_preprocessed/audio/1063_IWL_NEU_XX.wav,1063_IWL_NEU_XX.wav,1063,train,0,neutral,0,neutral,0.9807009696960449
/Users/prarthanapatel/Desktop/Himanshi/speech_emotion_detection-develop-v2/cremad_preprocessed/audio/1063_IWL_SAD_XX.wav,1063_IWL_SAD_XX.wav,1063,train,2,sad,2,sad,0.9048942923545837
/Users/prarthanapatel/Desktop/Himanshi/speech_emotion_detection-develop-v2/cremad_preprocessed/audio/1063_IWW_ANG_XX.wav,1063_IWW_ANG_XX.wav,1063,train,3,angry,3,angry,0.9937916398048401
/Users/prarthanapatel/Desktop/Himanshi/speech_emotion_detection-develop-v2/cremad_preprocessed/audio/1063_IWW_DIS_XX.wav,1063_IWW_DIS_XX.wav,1063,train,5,disgust,5,disgust,0.9477491974830627
/Users/prarthanapatel/Desktop/Himanshi/speech_emotion_detection-develop-v2/cremad_preprocessed/audio/1063_IWW_FEA_XX.wav,1063_IWW_FEA_XX.wav,1063,train,4,fearful,4,fearful,0.9486213326454163
/Users/prarthanapatel/Desktop/Himanshi/speech_emotion_detection-develop-v2/cremad_preprocessed/audio/1063_IWW_HAP_XX.wav,1063_IWW_HAP_XX.wav,1063,train,1,happy,1,happy,0.9764842391014099
/Users/prarthanapatel/Desktop/Himanshi/speech_emotion_detection-develop-v2/cremad_preprocessed/audio/1063_IWW_NEU_XX.wav,1063_IWW_NEU_XX.wav,1063,train,0,neutral,0,neutral,0.9849322438240051
/Users/prarthanapatel/Desktop/Himanshi/speech_emotion_detection-develop-v2/cremad_preprocessed/audio/1063_IWW_SAD_XX.wav,1063_IWW_SAD_XX.wav,1063,train,2,sad,2,sad,0.8485195636749268
/Users/prarthanapatel/Desktop/Himanshi/speech_emotion_detection-develop-v2/cremad_preprocessed/audio/1063_MTI_ANG_XX.wav,1063_MTI_ANG_XX.wav,1063,train,3,angry,3,angry,0.9924666285514832
/Users/prarthanapatel/Desktop/Himanshi/speech_emotion_detection-develop-v2/cremad_preprocessed/audio/1063_MTI_DIS_XX.wav,1063_MTI_DIS_XX.wav,1063,train,5,disgust,5,disgust,0.9582293629646301
/Users/prarthanapatel/Desktop/Himanshi/speech_emotion_detection-develop-v2/cremad_preprocessed/audio/1063_MTI_FEA_XX.wav,1063_MTI_FEA_XX.wav,1063,train,4,fearful,4,fearful,0.9585016369819641
/Users/prarthanapatel/Desktop/Himanshi/speech_emotion_detection-develop-v2/cremad_preprocessed/audio/1063_MTI_HAP_XX.wav,1063_MTI_HAP_XX.wav,1063,train,1,happy,1,happy,0.9708989858627319
/Users/prarthanapatel/Desktop/Himanshi/speech_emotion_detection-develop-v2/cremad_preprocessed/audio/1063_MTI_NEU_XX.wav,1063_MTI_NEU_XX.wav,1063,train,0,neutral,0,neutral,0.9864192605018616
/Users/prarthanapatel/Desktop/Himanshi/speech_emotion_detection-develop-v2/cremad_preprocessed/audio/1063_MTI_SAD_XX.wav,1063_MTI_SAD_XX.wav,1063,train,2,sad,2,sad,0.7231557369232178
/Users/prarthanapatel/Desktop/Himanshi/speech_emotion_detection-develop-v2/cremad_preprocessed/audio/1063_TAI_ANG_XX.wav,1063_TAI_ANG_XX.wav,1063,train,3,angry,3,angry,0.9929793477058411
/Users/prarthanapatel/Desktop/Himanshi/speech_emotion_detection-develop-v2/cremad_preprocessed/audio/1063_TAI_DIS_XX.wav,1063_TAI_DIS_XX.wav,1063,train,5,disgust,5,disgust,0.8510717153549194
/Users/prarthanapatel/Desktop/Himanshi/speech_emotion_detection-develop-v2/cremad_preprocessed/audio/1063_TAI_FEA_XX.wav,1063_TAI_FEA_XX.wav,1063,train,4,fearful,4,fearful,0.9450036287307739
/Users/prarthanapatel/Desktop/Himanshi/speech_emotion_detection-develop-v2/cremad_preprocessed/audio/1063_TAI_HAP_XX.wav,1063_TAI_HAP_XX.wav,1063,train,1,happy,1,happy,0.9693995714187622
/Users/prarthanapatel/Desktop/Himanshi/speech_emotion_detection-develop-v2/cremad_preprocessed/audio/1063_TAI_NEU_XX.wav,1063_TAI_NEU_XX.wav,1063,train,0,neutral,0,neutral,0.988381028175354
/Users/prarthanapatel/Desktop/Himanshi/speech_emotion_detection-develop-v2/cremad_preprocessed/audio/1063_TAI_SAD_XX.wav,1063_TAI_SAD_XX.wav,1063,train,2,sad,2,sad,0.6970241069793701
/Users/prarthanapatel/Desktop/Himanshi/speech_emotion_detection-develop-v2/cremad_preprocessed/audio/1063_TIE_ANG_XX.wav,1063_TIE_ANG_XX.wav,1063,train,3,angry,3,angry,0.9940401911735535
/Users/prarthanapatel/Desktop/Himanshi/speech_emotion_detection-develop-v2/cremad_preprocessed/audio/1063_TIE_DIS_XX.wav,1063_TIE_DIS_XX.wav,1063,train,5,disgust,5,disgust,0.4593430459499359
/Users/prarthanapatel/Desktop/Himanshi/speech_emotion_detection-develop-v2/cremad_preprocessed/audio/1063_TIE_FEA_XX.wav,1063_TIE_FEA_XX.wav,1063,train,4,fearful,4,fearful,0.5868555903434753
/Users/prarthanapatel/Desktop/Himanshi/speech_emotion_detection-develop-v2/cremad_preprocessed/audio/1063_TIE_HAP_XX.wav,1063_TIE_HAP_XX.wav,1063,train,1,happy,1,happy,0.9459988474845886
/Users/prarthanapatel/Desktop/Himanshi/speech_emotion_detection-develop-v2/cremad_preprocessed/audio/1063_TIE_NEU_XX.wav,1063_TIE_NEU_XX.wav,1063,train,0,neutral,0,neutral,0.9722041487693787
/Users/prarthanapatel/Desktop/Himanshi/speech_emotion_detection-develop-v2/cremad_preprocessed/audio/1063_TIE_SAD_XX.wav,1063_TIE_SAD_XX.wav,1063,train,2,sad,2,sad,0.9110089540481567
/Users/prarthanapatel/Desktop/Himanshi/speech_emotion_detection-develop-v2/cremad_preprocessed/audio/1063_TSI_ANG_XX.wav,1063_TSI_ANG_XX.wav,1063,train,3,angry,3,angry,0.9939395189285278
/Users/prarthanapatel/Desktop/Himanshi/speech_emotion_detection-develop-v2/cremad_preprocessed/audio/1063_TSI_DIS_XX.wav,1063_TSI_DIS_XX.wav,1063,train,5,disgust,5,disgust,0.8395761251449585
/Users/prarthanapatel/Desktop/Himanshi/speech_emotion_detection-develop-v2/cremad_preprocessed/audio/1063_TSI_FEA_XX.wav,1063_TSI_FEA_XX.wav,1063,train,4,fearful,1,happy,0.7580681443214417
/Users/prarthanapatel/Desktop/Himanshi/speech_emotion_detection-develop-v2/cremad_preprocessed/audio/1063_TSI_HAP_XX.wav,1063_TSI_HAP_XX.wav,1063,train,1,happy,1,happy,0.9512971043586731
/Users/prarthanapatel/Desktop/Himanshi/speech_emotion_detection-develop-v2/cremad_preprocessed/audio/1063_TSI_NEU_XX.wav,1063_TSI_NEU_XX.wav,1063,train,0,neutral,0,neutral,0.9881945848464966
/Users/prarthanapatel/Desktop/Himanshi/speech_emotion_detection-develop-v2/cremad_preprocessed/audio/1063_TSI_SAD_XX.wav,1063_TSI_SAD_XX.wav,1063,train,2,sad,2,sad,0.8077670335769653
/Users/prarthanapatel/Desktop/Himanshi/speech_emotion_detection-develop-v2/cremad_preprocessed/audio/1063_WSI_ANG_XX.wav,1063_WSI_ANG_XX.wav,1063,train,3,angry,3,angry,0.9931721687316895
/Users/prarthanapatel/Desktop/Himanshi/speech_emotion_detection-develop-v2/cremad_preprocessed/audio/1063_WSI_DIS_XX.wav,1063_WSI_DIS_XX.wav,1063,train,5,disgust,5,disgust,0.9198253750801086
/Users/prarthanapatel/Desktop/Himanshi/speech_emotion_detection-develop-v2/cremad_preprocessed/audio/1063_WSI_FEA_XX.wav,1063_WSI_FEA_XX.wav,1063,train,4,fearful,4,fearful,0.9271516799926758
/Users/prarthanapatel/Desktop/Himanshi/speech_emotion_detection-develop-v2/cremad_preprocessed/audio/1063_WSI_HAP_XX.wav,1063_WSI_HAP_XX.wav,1063,train,1,happy,1,happy,0.9663387537002563
/Users/prarthanapatel/Desktop/Himanshi/speech_emotion_detection-develop-v2/cremad_preprocessed/audio/1063_WSI_NEU_XX.wav,1063_WSI_NEU_XX.wav,1063,train,0,neutral,0,neutral,0.9843084216117859
/Users/prarthanapatel/Desktop/Himanshi/speech_emotion_detection-develop-v2/cremad_preprocessed/audio/1063_WSI_SAD_XX.wav,1063_WSI_SAD_XX.wav,1063,train,2,sad,2,sad,0.8849879503250122
/Users/prarthanapatel/Desktop/Himanshi/speech_emotion_detection-develop-v2/cremad_preprocessed/audio/1064_DFA_ANG_XX.wav,1064_DFA_ANG_XX.wav,1064,train,3,angry,3,angry,0.9951131939888
/Users/prarthanapatel/Desktop/Himanshi/speech_emotion_detection-develop-v2/cremad_preprocessed/audio/1064_DFA_DIS_XX.wav,1064_DFA_DIS_XX.wav,1064,train,5,disgust,5,disgust,0.9431092739105225
/Users/prarthanapatel/Desktop/Himanshi/speech_emotion_detection-develop-v2/cremad_preprocessed/audio/1064_DFA_FEA_XX.wav,1064_DFA_FEA_XX.wav,1064,train,4,fearful,4,fearful,0.9600284099578857
/Users/prarthanapatel/Desktop/Himanshi/speech_emotion_detection-develop-v2/cremad_preprocessed/audio/1064_DFA_HAP_XX.wav,1064_DFA_HAP_XX.wav,1064,train,1,happy,1,happy,0.45622196793556213
/Users/prarthanapatel/Desktop/Himanshi/speech_emotion_detection-develop-v2/cremad_preprocessed/audio/1064_DFA_NEU_XX.wav,1064_DFA_NEU_XX.wav,1064,train,0,neutral,0,neutral,0.9812579154968262
/Users/prarthanapatel/Desktop/Himanshi/speech_emotion_detection-develop-v2/cremad_preprocessed/audio/1064_DFA_SAD_XX.wav,1064_DFA_SAD_XX.wav,1064,train,2,sad,2,sad,0.9040479063987732
/Users/prarthanapatel/Desktop/Himanshi/speech_emotion_detection-develop-v2/cremad_preprocessed/audio/1064_IEO_ANG_HI.wav,1064_IEO_ANG_HI.wav,1064,train,3,angry,3,angry,0.9879119396209717
/Users/prarthanapatel/Desktop/Himanshi/speech_emotion_detection-develop-v2/cremad_preprocessed/audio/1064_IEO_ANG_LO.wav,1064_IEO_ANG_LO.wav,1064,train,3,angry,3,angry,0.9943894743919373
/Users/prarthanapatel/Desktop/Himanshi/speech_emotion_detection-develop-v2/cremad_preprocessed/audio/1064_IEO_ANG_MD.wav,1064_IEO_ANG_MD.wav,1064,train,3,angry,3,angry,0.994312047958374
/Users/prarthanapatel/Desktop/Himanshi/speech_emotion_detection-develop-v2/cremad_preprocessed/audio/1064_IEO_DIS_HI.wav,1064_IEO_DIS_HI.wav,1064,train,5,disgust,5,disgust,0.960460364818573
/Users/prarthanapatel/Desktop/Himanshi/speech_emotion_detection-develop-v2/cremad_preprocessed/audio/1064_IEO_DIS_LO.wav,1064_IEO_DIS_LO.wav,1064,train,5,disgust,5,disgust,0.9701757431030273
/Users/prarthanapatel/Desktop/Himanshi/speech_emotion_detection-develop-v2/cremad_preprocessed/audio/1064_IEO_DIS_MD.wav,1064_IEO_DIS_MD.wav,1064,train,5,disgust,5,disgust,0.9552462697029114
/Users/prarthanapatel/Desktop/Himanshi/speech_emotion_detection-develop-v2/cremad_preprocessed/audio/1064_IEO_FEA_HI.wav,1064_IEO_FEA_HI.wav,1064,train,4,fearful,4,fearful,0.8222531080245972
/Users/prarthanapatel/Desktop/Himanshi/speech_emotion_detection-develop-v2/cremad_preprocessed/audio/1064_IEO_FEA_LO.wav,1064_IEO_FEA_LO.wav,1064,train,4,fearful,4,fearful,0.9247817397117615
/Users/prarthanapatel/Desktop/Himanshi/speech_emotion_detection-develop-v2/cremad_preprocessed/audio/1064_IEO_FEA_MD.wav,1064_IEO_FEA_MD.wav,1064,train,4,fearful,4,fearful,0.9502109885215759
/Users/prarthanapatel/Desktop/Himanshi/speech_emotion_detection-develop-v2/cremad_preprocessed/audio/1064_IEO_HAP_HI.wav,1064_IEO_HAP_HI.wav,1064,train,1,happy,1,happy,0.6984138488769531
/Users/prarthanapatel/Desktop/Himanshi/speech_emotion_detection-develop-v2/cremad_preprocessed/audio/1064_IEO_HAP_LO.wav,1064_IEO_HAP_LO.wav,1064,train,1,happy,1,happy,0.9607923626899719
/Users/prarthanapatel/Desktop/Himanshi/speech_emotion_detection-develop-v2/cremad_preprocessed/audio/1064_IEO_HAP_MD.wav,1064_IEO_HAP_MD.wav,1064,train,1,happy,1,happy,0.9737943410873413
/Users/prarthanapatel/Desktop/Himanshi/speech_emotion_detection-develop-v2/cremad_preprocessed/audio/1064_IEO_NEU_XX.wav,1064_IEO_NEU_XX.wav,1064,train,0,neutral,0,neutral,0.9458832144737244
/Users/prarthanapatel/Desktop/Himanshi/speech_emotion_detection-develop-v2/cremad_preprocessed/audio/1064_IEO_SAD_HI.wav,1064_IEO_SAD_HI.wav,1064,train,2,sad,2,sad,0.8325807452201843
/Users/prarthanapatel/Desktop/Himanshi/speech_emotion_detection-develop-v2/cremad_preprocessed/audio/1064_IEO_SAD_LO.wav,1064_IEO_SAD_LO.wav,1064,train,2,sad,2,sad,0.5177217125892639
/Users/prarthanapatel/Desktop/Himanshi/speech_emotion_detection-develop-v2/cremad_preprocessed/audio/1064_IEO_SAD_MD.wav,1064_IEO_SAD_MD.wav,1064,train,2,sad,2,sad,0.8375483751296997
/Users/prarthanapatel/Desktop/Himanshi/speech_emotion_detection-develop-v2/cremad_preprocessed/audio/1064_IOM_ANG_XX.wav,1064_IOM_ANG_XX.wav,1064,train,3,angry,3,angry,0.9947040677070618
/Users/prarthanapatel/Desktop/Himanshi/speech_emotion_detection-develop-v2/cremad_preprocessed/audio/1064_IOM_DIS_XX.wav,1064_IOM_DIS_XX.wav,1064,train,5,disgust,5,disgust,0.9456809759140015
/Users/prarthanapatel/Desktop/Himanshi/speech_emotion_detection-develop-v2/cremad_preprocessed/audio/1064_IOM_FEA_XX.wav,1064_IOM_FEA_XX.wav,1064,train,4,fearful,4,fearful,0.9628117680549622
/Users/prarthanapatel/Desktop/Himanshi/speech_emotion_detection-develop-v2/cremad_preprocessed/audio/1064_IOM_HAP_XX.wav,1064_IOM_HAP_XX.wav,1064,train,1,happy,1,happy,0.97264164686203
/Users/prarthanapatel/Desktop/Himanshi/speech_emotion_detection-develop-v2/cremad_preprocessed/audio/1064_IOM_NEU_XX.wav,1064_IOM_NEU_XX.wav,1064,train,0,neutral,0,neutral,0.9828920364379883
/Users/prarthanapatel/Desktop/Himanshi/speech_emotion_detection-develop-v2/cremad_preprocessed/audio/1064_IOM_SAD_XX.wav,1064_IOM_SAD_XX.wav,1064,train,2,sad,2,sad,0.8930326700210571
/Users/prarthanapatel/Desktop/Himanshi/speech_emotion_detection-develop-v2/cremad_preprocessed/audio/1064_ITH_ANG_XX.wav,1064_ITH_ANG_XX.wav,1064,train,3,angry,3,angry,0.9940485954284668
/Users/prarthanapatel/Desktop/Himanshi/speech_emotion_detection-develop-v2/cremad_preprocessed/audio/1064_ITH_DIS_XX.wav,1064_ITH_DIS_XX.wav,1064,train,5,disgust,2,sad,0.8830679655075073
/Users/prarthanapatel/Desktop/Himanshi/speech_emotion_detection-develop-v2/cremad_preprocessed/audio/1064_ITH_FEA_XX.wav,1064_ITH_FEA_XX.wav,1064,train,4,fearful,4,fearful,0.9133933186531067
/Users/prarthanapatel/Desktop/Himanshi/speech_emotion_detection-develop-v2/cremad_preprocessed/audio/1064_ITH_HAP_XX.wav,1064_ITH_HAP_XX.wav,1064,train,1,happy,1,happy,0.9737333059310913
/Users/prarthanapatel/Desktop/Himanshi/speech_emotion_detection-develop-v2/cremad_preprocessed/audio/1064_ITH_NEU_XX.wav,1064_ITH_NEU_XX.wav,1064,train,0,neutral,0,neutral,0.9864912033081055
/Users/prarthanapatel/Desktop/Himanshi/speech_emotion_detection-develop-v2/cremad_preprocessed/audio/1064_ITH_SAD_XX.wav,1064_ITH_SAD_XX.wav,1064,train,2,sad,2,sad,0.9404349327087402
/Users/prarthanapatel/Desktop/Himanshi/speech_emotion_detection-develop-v2/cremad_preprocessed/audio/1064_ITS_ANG_XX.wav,1064_ITS_ANG_XX.wav,1064,train,3,angry,3,angry,0.995265007019043
/Users/prarthanapatel/Desktop/Himanshi/speech_emotion_detection-develop-v2/cremad_preprocessed/audio/1064_ITS_DIS_XX.wav,1064_ITS_DIS_XX.wav,1064,train,5,disgust,1,happy,0.7713703513145447
/Users/prarthanapatel/Desktop/Himanshi/speech_emotion_detection-develop-v2/cremad_preprocessed/audio/1064_ITS_FEA_XX.wav,1064_ITS_FEA_XX.wav,1064,train,4,fearful,4,fearful,0.9443648457527161
/Users/prarthanapatel/Desktop/Himanshi/speech_emotion_detection-develop-v2/cremad_preprocessed/audio/1064_ITS_HAP_XX.wav,1064_ITS_HAP_XX.wav,1064,train,1,happy,4,fearful,0.6314969062805176
/Users/prarthanapatel/Desktop/Himanshi/speech_emotion_detection-develop-v2/cremad_preprocessed/audio/1064_ITS_NEU_XX.wav,1064_ITS_NEU_XX.wav,1064,train,0,neutral,0,neutral,0.9338741898536682
/Users/prarthanapatel/Desktop/Himanshi/speech_emotion_detection-develop-v2/cremad_preprocessed/audio/1064_ITS_SAD_XX.wav,1064_ITS_SAD_XX.wav,1064,train,2,sad,2,sad,0.7569748163223267
/Users/prarthanapatel/Desktop/Himanshi/speech_emotion_detection-develop-v2/cremad_preprocessed/audio/1064_IWL_ANG_XX.wav,1064_IWL_ANG_XX.wav,1064,train,3,angry,5,disgust,0.7665360569953918
/Users/prarthanapatel/Desktop/Himanshi/speech_emotion_detection-develop-v2/cremad_preprocessed/audio/1064_IWL_DIS_XX.wav,1064_IWL_DIS_XX.wav,1064,train,5,disgust,5,disgust,0.5497491359710693
/Users/prarthanapatel/Desktop/Himanshi/speech_emotion_detection-develop-v2/cremad_preprocessed/audio/1064_IWL_FEA_XX.wav,1064_IWL_FEA_XX.wav,1064,train,4,fearful,4,fearful,0.9361773729324341
/Users/prarthanapatel/Desktop/Himanshi/speech_emotion_detection-develop-v2/cremad_preprocessed/audio/1064_IWL_HAP_XX.wav,1064_IWL_HAP_XX.wav,1064,train,1,happy,1,happy,0.5356126427650452
/Users/prarthanapatel/Desktop/Himanshi/speech_emotion_detection-develop-v2/cremad_preprocessed/audio/1064_IWL_NEU_XX.wav,1064_IWL_NEU_XX.wav,1064,train,0,neutral,0,neutral,0.9642729759216309
/Users/prarthanapatel/Desktop/Himanshi/speech_emotion_detection-develop-v2/cremad_preprocessed/audio/1064_IWL_SAD_XX.wav,1064_IWL_SAD_XX.wav,1064,train,2,sad,2,sad,0.9174141883850098
/Users/prarthanapatel/Desktop/Himanshi/speech_emotion_detection-develop-v2/cremad_preprocessed/audio/1064_IWW_ANG_XX.wav,1064_IWW_ANG_XX.wav,1064,train,3,angry,3,angry,0.9950098991394043
/Users/prarthanapatel/Desktop/Himanshi/speech_emotion_detection-develop-v2/cremad_preprocessed/audio/1064_IWW_DIS_XX.wav,1064_IWW_DIS_XX.wav,1064,train,5,disgust,3,angry,0.5640780925750732
/Users/prarthanapatel/Desktop/Himanshi/speech_emotion_detection-develop-v2/cremad_preprocessed/audio/1064_IWW_FEA_XX.wav,1064_IWW_FEA_XX.wav,1064,train,4,fearful,4,fearful,0.9443607330322266
/Users/prarthanapatel/Desktop/Himanshi/speech_emotion_detection-develop-v2/cremad_preprocessed/audio/1064_IWW_HAP_XX.wav,1064_IWW_HAP_XX.wav,1064,train,1,happy,1,happy,0.9279106259346008
/Users/prarthanapatel/Desktop/Himanshi/speech_emotion_detection-develop-v2/cremad_preprocessed/audio/1064_IWW_NEU_XX.wav,1064_IWW_NEU_XX.wav,1064,train,0,neutral,0,neutral,0.9847687482833862
/Users/prarthanapatel/Desktop/Himanshi/speech_emotion_detection-develop-v2/cremad_preprocessed/audio/1064_IWW_SAD_XX.wav,1064_IWW_SAD_XX.wav,1064,train,2,sad,4,fearful,0.5046230554580688
/Users/prarthanapatel/Desktop/Himanshi/speech_emotion_detection-develop-v2/cremad_preprocessed/audio/1064_MTI_ANG_XX.wav,1064_MTI_ANG_XX.wav,1064,train,3,angry,3,angry,0.9876090288162231
/Users/prarthanapatel/Desktop/Himanshi/speech_emotion_detection-develop-v2/cremad_preprocessed/audio/1064_MTI_DIS_XX.wav,1064_MTI_DIS_XX.wav,1064,train,5,disgust,2,sad,0.6940770745277405
/Users/prarthanapatel/Desktop/Himanshi/speech_emotion_detection-develop-v2/cremad_preprocessed/audio/1064_MTI_FEA_XX.wav,1064_MTI_FEA_XX.wav,1064,train,4,fearful,4,fearful,0.9608587026596069
/Users/prarthanapatel/Desktop/Himanshi/speech_emotion_detection-develop-v2/cremad_preprocessed/audio/1064_MTI_HAP_XX.wav,1064_MTI_HAP_XX.wav,1064,train,1,happy,1,happy,0.9786173105239868
/Users/prarthanapatel/Desktop/Himanshi/speech_emotion_detection-develop-v2/cremad_preprocessed/audio/1064_MTI_NEU_XX.wav,1064_MTI_NEU_XX.wav,1064,train,0,neutral,0,neutral,0.9858960509300232
/Users/prarthanapatel/Desktop/Himanshi/speech_emotion_detection-develop-v2/cremad_preprocessed/audio/1064_MTI_SAD_XX.wav,1064_MTI_SAD_XX.wav,1064,train,2,sad,2,sad,0.7862053513526917
/Users/prarthanapatel/Desktop/Himanshi/speech_emotion_detection-develop-v2/cremad_preprocessed/audio/1064_TAI_ANG_XX.wav,1064_TAI_ANG_XX.wav,1064,train,3,angry,3,angry,0.9931989312171936
/Users/prarthanapatel/Desktop/Himanshi/speech_emotion_detection-develop-v2/cremad_preprocessed/audio/1064_TAI_DIS_XX.wav,1064_TAI_DIS_XX.wav,1064,train,5,disgust,5,disgust,0.9624084234237671
/Users/prarthanapatel/Desktop/Himanshi/speech_emotion_detection-develop-v2/cremad_preprocessed/audio/1064_TAI_FEA_XX.wav,1064_TAI_FEA_XX.wav,1064,train,4,fearful,4,fearful,0.731550931930542
/Users/prarthanapatel/Desktop/Himanshi/speech_emotion_detection-develop-v2/cremad_preprocessed/audio/1064_TAI_HAP_XX.wav,1064_TAI_HAP_XX.wav,1064,train,1,happy,1,happy,0.9672791957855225
/Users/prarthanapatel/Desktop/Himanshi/speech_emotion_detection-develop-v2/cremad_preprocessed/audio/1064_TAI_NEU_XX.wav,1064_TAI_NEU_XX.wav,1064,train,0,neutral,0,neutral,0.9884394407272339
/Users/prarthanapatel/Desktop/Himanshi/speech_emotion_detection-develop-v2/cremad_preprocessed/audio/1064_TAI_SAD_XX.wav,1064_TAI_SAD_XX.wav,1064,train,2,sad,2,sad,0.7355412840843201
/Users/prarthanapatel/Desktop/Himanshi/speech_emotion_detection-develop-v2/cremad_preprocessed/audio/1064_TIE_ANG_XX.wav,1064_TIE_ANG_XX.wav,1064,train,3,angry,3,angry,0.9946976900100708
/Users/prarthanapatel/Desktop/Himanshi/speech_emotion_detection-develop-v2/cremad_preprocessed/audio/1064_TIE_DIS_XX.wav,1064_TIE_DIS_XX.wav,1064,train,5,disgust,3,angry,0.7740626931190491
/Users/prarthanapatel/Desktop/Himanshi/speech_emotion_detection-develop-v2/cremad_preprocessed/audio/1064_TIE_FEA_XX.wav,1064_TIE_FEA_XX.wav,1064,train,4,fearful,4,fearful,0.8799898624420166
/Users/prarthanapatel/Desktop/Himanshi/speech_emotion_detection-develop-v2/cremad_preprocessed/audio/1064_TIE_HAP_XX.wav,1064_TIE_HAP_XX.wav,1064,train,1,happy,1,happy,0.9738770723342896
/Users/prarthanapatel/Desktop/Himanshi/speech_emotion_detection-develop-v2/cremad_preprocessed/audio/1064_TIE_NEU_XX.wav,1064_TIE_NEU_XX.wav,1064,train,0,neutral,0,neutral,0.8895266652107239
/Users/prarthanapatel/Desktop/Himanshi/speech_emotion_detection-develop-v2/cremad_preprocessed/audio/1064_TIE_SAD_XX.wav,1064_TIE_SAD_XX.wav,1064,train,2,sad,1,happy,0.9052683115005493
/Users/prarthanapatel/Desktop/Himanshi/speech_emotion_detection-develop-v2/cremad_preprocessed/audio/1064_TSI_ANG_XX.wav,1064_TSI_ANG_XX.wav,1064,train,3,angry,3,angry,0.9948446750640869
/Users/prarthanapatel/Desktop/Himanshi/speech_emotion_detection-develop-v2/cremad_preprocessed/audio/1064_TSI_DIS_XX.wav,1064_TSI_DIS_XX.wav,1064,train,5,disgust,5,disgust,0.7805355787277222
/Users/prarthanapatel/Desktop/Himanshi/speech_emotion_detection-develop-v2/cremad_preprocessed/audio/1064_TSI_FEA_XX.wav,1064_TSI_FEA_XX.wav,1064,train,4,fearful,4,fearful,0.9630938172340393
/Users/prarthanapatel/Desktop/Himanshi/speech_emotion_detection-develop-v2/cremad_preprocessed/audio/1064_TSI_HAP_XX.wav,1064_TSI_HAP_XX.wav,1064,train,1,happy,1,happy,0.956887423992157
/Users/prarthanapatel/Desktop/Himanshi/speech_emotion_detection-develop-v2/cremad_preprocessed/audio/1064_TSI_NEU_XX.wav,1064_TSI_NEU_XX.wav,1064,train,0,neutral,0,neutral,0.9837234020233154
/Users/prarthanapatel/Desktop/Himanshi/speech_emotion_detection-develop-v2/cremad_preprocessed/audio/1064_TSI_SAD_XX.wav,1064_TSI_SAD_XX.wav,1064,train,2,sad,2,sad,0.8858336210250854
/Users/prarthanapatel/Desktop/Himanshi/speech_emotion_detection-develop-v2/cremad_preprocessed/audio/1064_WSI_ANG_XX.wav,1064_WSI_ANG_XX.wav,1064,train,3,angry,3,angry,0.994831383228302
/Users/prarthanapatel/Desktop/Himanshi/speech_emotion_detection-develop-v2/cremad_preprocessed/audio/1064_WSI_DIS_XX.wav,1064_WSI_DIS_XX.wav,1064,train,5,disgust,5,disgust,0.9648643732070923
/Users/prarthanapatel/Desktop/Himanshi/speech_emotion_detection-develop-v2/cremad_preprocessed/audio/1064_WSI_FEA_XX.wav,1064_WSI_FEA_XX.wav,1064,train,4,fearful,1,happy,0.6578717231750488
/Users/prarthanapatel/Desktop/Himanshi/speech_emotion_detection-develop-v2/cremad_preprocessed/audio/1064_WSI_HAP_XX.wav,1064_WSI_HAP_XX.wav,1064,train,1,happy,1,happy,0.9495592713356018
/Users/prarthanapatel/Desktop/Himanshi/speech_emotion_detection-develop-v2/cremad_preprocessed/audio/1064_WSI_NEU_XX.wav,1064_WSI_NEU_XX.wav,1064,train,0,neutral,0,neutral,0.9809180498123169
/Users/prarthanapatel/Desktop/Himanshi/speech_emotion_detection-develop-v2/cremad_preprocessed/audio/1064_WSI_SAD_XX.wav,1064_WSI_SAD_XX.wav,1064,train,2,sad,2,sad,0.7348376512527466
/Users/prarthanapatel/Desktop/Himanshi/speech_emotion_detection-develop-v2/cremad_preprocessed/audio/1068_DFA_ANG_XX.wav,1068_DFA_ANG_XX.wav,1068,train,3,angry,3,angry,0.9948267340660095
/Users/prarthanapatel/Desktop/Himanshi/speech_emotion_detection-develop-v2/cremad_preprocessed/audio/1068_DFA_DIS_XX.wav,1068_DFA_DIS_XX.wav,1068,train,5,disgust,1,happy,0.5031909346580505
/Users/prarthanapatel/Desktop/Himanshi/speech_emotion_detection-develop-v2/cremad_preprocessed/audio/1068_DFA_FEA_XX.wav,1068_DFA_FEA_XX.wav,1068,train,4,fearful,4,fearful,0.8711736798286438
/Users/prarthanapatel/Desktop/Himanshi/speech_emotion_detection-develop-v2/cremad_preprocessed/audio/1068_DFA_HAP_XX.wav,1068_DFA_HAP_XX.wav,1068,train,1,happy,1,happy,0.9742130041122437
/Users/prarthanapatel/Desktop/Himanshi/speech_emotion_detection-develop-v2/cremad_preprocessed/audio/1068_DFA_NEU_XX.wav,1068_DFA_NEU_XX.wav,1068,train,0,neutral,0,neutral,0.9834348559379578
/Users/prarthanapatel/Desktop/Himanshi/speech_emotion_detection-develop-v2/cremad_preprocessed/audio/1068_DFA_SAD_XX.wav,1068_DFA_SAD_XX.wav,1068,train,2,sad,2,sad,0.8731257319450378
/Users/prarthanapatel/Desktop/Himanshi/speech_emotion_detection-develop-v2/cremad_preprocessed/audio/1068_IEO_ANG_HI.wav,1068_IEO_ANG_HI.wav,1068,train,3,angry,3,angry,0.9943080544471741
/Users/prarthanapatel/Desktop/Himanshi/speech_emotion_detection-develop-v2/cremad_preprocessed/audio/1068_IEO_ANG_LO.wav,1068_IEO_ANG_LO.wav,1068,train,3,angry,3,angry,0.9902439713478088
/Users/prarthanapatel/Desktop/Himanshi/speech_emotion_detection-develop-v2/cremad_preprocessed/audio/1068_IEO_ANG_MD.wav,1068_IEO_ANG_MD.wav,1068,train,3,angry,3,angry,0.9942349791526794
/Users/prarthanapatel/Desktop/Himanshi/speech_emotion_detection-develop-v2/cremad_preprocessed/audio/1068_IEO_DIS_HI.wav,1068_IEO_DIS_HI.wav,1068,train,5,disgust,5,disgust,0.8053088784217834
/Users/prarthanapatel/Desktop/Himanshi/speech_emotion_detection-develop-v2/cremad_preprocessed/audio/1068_IEO_DIS_LO.wav,1068_IEO_DIS_LO.wav,1068,train,5,disgust,4,fearful,0.9255789518356323
/Users/prarthanapatel/Desktop/Himanshi/speech_emotion_detection-develop-v2/cremad_preprocessed/audio/1068_IEO_DIS_MD.wav,1068_IEO_DIS_MD.wav,1068,train,5,disgust,5,disgust,0.6383959054946899
/Users/prarthanapatel/Desktop/Himanshi/speech_emotion_detection-develop-v2/cremad_preprocessed/audio/1068_IEO_FEA_HI.wav,1068_IEO_FEA_HI.wav,1068,train,4,fearful,4,fearful,0.9406131505966187
/Users/prarthanapatel/Desktop/Himanshi/speech_emotion_detection-develop-v2/cremad_preprocessed/audio/1068_IEO_FEA_LO.wav,1068_IEO_FEA_LO.wav,1068,train,4,fearful,2,sad,0.4984148442745209
/Users/prarthanapatel/Desktop/Himanshi/speech_emotion_detection-develop-v2/cremad_preprocessed/audio/1068_IEO_FEA_MD.wav,1068_IEO_FEA_MD.wav,1068,train,4,fearful,4,fearful,0.9273395538330078
/Users/prarthanapatel/Desktop/Himanshi/speech_emotion_detection-develop-v2/cremad_preprocessed/audio/1068_IEO_HAP_HI.wav,1068_IEO_HAP_HI.wav,1068,train,1,happy,3,angry,0.9903942942619324
/Users/prarthanapatel/Desktop/Himanshi/speech_emotion_detection-develop-v2/cremad_preprocessed/audio/1068_IEO_HAP_LO.wav,1068_IEO_HAP_LO.wav,1068,train,1,happy,1,happy,0.9759792685508728
/Users/prarthanapatel/Desktop/Himanshi/speech_emotion_detection-develop-v2/cremad_preprocessed/audio/1068_IEO_HAP_MD.wav,1068_IEO_HAP_MD.wav,1068,train,1,happy,1,happy,0.9719923734664917
/Users/prarthanapatel/Desktop/Himanshi/speech_emotion_detection-develop-v2/cremad_preprocessed/audio/1068_IEO_NEU_XX.wav,1068_IEO_NEU_XX.wav,1068,train,0,neutral,0,neutral,0.9279164671897888
/Users/prarthanapatel/Desktop/Himanshi/speech_emotion_detection-develop-v2/cremad_preprocessed/audio/1068_IEO_SAD_HI.wav,1068_IEO_SAD_HI.wav,1068,train,2,sad,2,sad,0.7229985594749451
/Users/prarthanapatel/Desktop/Himanshi/speech_emotion_detection-develop-v2/cremad_preprocessed/audio/1068_IEO_SAD_LO.wav,1068_IEO_SAD_LO.wav,1068,train,2,sad,2,sad,0.6292895078659058
/Users/prarthanapatel/Desktop/Himanshi/speech_emotion_detection-develop-v2/cremad_preprocessed/audio/1068_IEO_SAD_MD.wav,1068_IEO_SAD_MD.wav,1068,train,2,sad,2,sad,0.6841576099395752
/Users/prarthanapatel/Desktop/Himanshi/speech_emotion_detection-develop-v2/cremad_preprocessed/audio/1068_IOM_ANG_XX.wav,1068_IOM_ANG_XX.wav,1068,train,3,angry,3,angry,0.992874026298523
/Users/prarthanapatel/Desktop/Himanshi/speech_emotion_detection-develop-v2/cremad_preprocessed/audio/1068_IOM_DIS_XX.wav,1068_IOM_DIS_XX.wav,1068,train,5,disgust,5,disgust,0.9563467502593994
/Users/prarthanapatel/Desktop/Himanshi/speech_emotion_detection-develop-v2/cremad_preprocessed/audio/1068_IOM_FEA_XX.wav,1068_IOM_FEA_XX.wav,1068,train,4,fearful,4,fearful,0.9177145957946777
/Users/prarthanapatel/Desktop/Himanshi/speech_emotion_detection-develop-v2/cremad_preprocessed/audio/1068_IOM_HAP_XX.wav,1068_IOM_HAP_XX.wav,1068,train,1,happy,3,angry,0.7261806726455688
/Users/prarthanapatel/Desktop/Himanshi/speech_emotion_detection-develop-v2/cremad_preprocessed/audio/1068_IOM_NEU_XX.wav,1068_IOM_NEU_XX.wav,1068,train,0,neutral,0,neutral,0.9863837361335754
/Users/prarthanapatel/Desktop/Himanshi/speech_emotion_detection-develop-v2/cremad_preprocessed/audio/1068_IOM_SAD_XX.wav,1068_IOM_SAD_XX.wav,1068,train,2,sad,2,sad,0.6631587147712708
/Users/prarthanapatel/Desktop/Himanshi/speech_emotion_detection-develop-v2/cremad_preprocessed/audio/1068_ITH_ANG_XX.wav,1068_ITH_ANG_XX.wav,1068,train,3,angry,3,angry,0.9946658611297607
/Users/prarthanapatel/Desktop/Himanshi/speech_emotion_detection-develop-v2/cremad_preprocessed/audio/1068_ITH_DIS_XX.wav,1068_ITH_DIS_XX.wav,1068,train,5,disgust,4,fearful,0.37386354804039
/Users/prarthanapatel/Desktop/Himanshi/speech_emotion_detection-develop-v2/cremad_preprocessed/audio/1068_ITH_FEA_XX.wav,1068_ITH_FEA_XX.wav,1068,train,4,fearful,4,fearful,0.630065381526947
/Users/prarthanapatel/Desktop/Himanshi/speech_emotion_detection-develop-v2/cremad_preprocessed/audio/1068_ITH_HAP_XX.wav,1068_ITH_HAP_XX.wav,1068,train,1,happy,1,happy,0.9288604259490967
/Users/prarthanapatel/Desktop/Himanshi/speech_emotion_detection-develop-v2/cremad_preprocessed/audio/1068_ITH_NEU_XX.wav,1068_ITH_NEU_XX.wav,1068,train,0,neutral,0,neutral,0.9765149354934692
/Users/prarthanapatel/Desktop/Himanshi/speech_emotion_detection-develop-v2/cremad_preprocessed/audio/1068_ITH_SAD_XX.wav,1068_ITH_SAD_XX.wav,1068,train,2,sad,2,sad,0.6928001046180725
/Users/prarthanapatel/Desktop/Himanshi/speech_emotion_detection-develop-v2/cremad_preprocessed/audio/1068_ITS_ANG_XX.wav,1068_ITS_ANG_XX.wav,1068,train,3,angry,3,angry,0.9942852854728699
/Users/prarthanapatel/Desktop/Himanshi/speech_emotion_detection-develop-v2/cremad_preprocessed/audio/1068_ITS_DIS_XX.wav,1068_ITS_DIS_XX.wav,1068,train,5,disgust,5,disgust,0.5498431921005249
/Users/prarthanapatel/Desktop/Himanshi/speech_emotion_detection-develop-v2/cremad_preprocessed/audio/1068_ITS_FEA_XX.wav,1068_ITS_FEA_XX.wav,1068,train,4,fearful,4,fearful,0.5109529495239258
/Users/prarthanapatel/Desktop/Himanshi/speech_emotion_detection-develop-v2/cremad_preprocessed/audio/1068_ITS_HAP_XX.wav,1068_ITS_HAP_XX.wav,1068,train,1,happy,3,angry,0.9814684391021729
/Users/prarthanapatel/Desktop/Himanshi/speech_emotion_detection-develop-v2/cremad_preprocessed/audio/1068_ITS_NEU_XX.wav,1068_ITS_NEU_XX.wav,1068,train,0,neutral,0,neutral,0.9871869087219238
/Users/prarthanapatel/Desktop/Himanshi/speech_emotion_detection-develop-v2/cremad_preprocessed/audio/1068_ITS_SAD_XX.wav,1068_ITS_SAD_XX.wav,1068,train,2,sad,2,sad,0.8288004994392395
/Users/prarthanapatel/Desktop/Himanshi/speech_emotion_detection-develop-v2/cremad_preprocessed/audio/1068_IWL_ANG_XX.wav,1068_IWL_ANG_XX.wav,1068,train,3,angry,3,angry,0.9949817061424255
/Users/prarthanapatel/Desktop/Himanshi/speech_emotion_detection-develop-v2/cremad_preprocessed/audio/1068_IWL_DIS_XX.wav,1068_IWL_DIS_XX.wav,1068,train,5,disgust,1,happy,0.7735376954078674
/Users/prarthanapatel/Desktop/Himanshi/speech_emotion_detection-develop-v2/cremad_preprocessed/audio/1068_IWL_FEA_XX.wav,1068_IWL_FEA_XX.wav,1068,train,4,fearful,4,fearful,0.5450757741928101
/Users/prarthanapatel/Desktop/Himanshi/speech_emotion_detection-develop-v2/cremad_preprocessed/audio/1068_IWL_HAP_XX.wav,1068_IWL_HAP_XX.wav,1068,train,1,happy,0,neutral,0.9171688556671143
/Users/prarthanapatel/Desktop/Himanshi/speech_emotion_detection-develop-v2/cremad_preprocessed/audio/1068_IWL_NEU_XX.wav,1068_IWL_NEU_XX.wav,1068,train,0,neutral,0,neutral,0.9821611642837524
/Users/prarthanapatel/Desktop/Himanshi/speech_emotion_detection-develop-v2/cremad_preprocessed/audio/1068_IWL_SAD_XX.wav,1068_IWL_SAD_XX.wav,1068,train,2,sad,2,sad,0.7563761472702026
/Users/prarthanapatel/Desktop/Himanshi/speech_emotion_detection-develop-v2/cremad_preprocessed/audio/1068_IWW_ANG_XX.wav,1068_IWW_ANG_XX.wav,1068,train,3,angry,3,angry,0.9837534427642822
/Users/prarthanapatel/Desktop/Himanshi/speech_emotion_detection-develop-v2/cremad_preprocessed/audio/1068_IWW_DIS_XX.wav,1068_IWW_DIS_XX.wav,1068,train,5,disgust,5,disgust,0.957555890083313
/Users/prarthanapatel/Desktop/Himanshi/speech_emotion_detection-develop-v2/cremad_preprocessed/audio/1068_IWW_FEA_XX.wav,1068_IWW_FEA_XX.wav,1068,train,4,fearful,4,fearful,0.6584122180938721
/Users/prarthanapatel/Desktop/Himanshi/speech_emotion_detection-develop-v2/cremad_preprocessed/audio/1068_IWW_HAP_XX.wav,1068_IWW_HAP_XX.wav,1068,train,1,happy,1,happy,0.8827584981918335
/Users/prarthanapatel/Desktop/Himanshi/speech_emotion_detection-develop-v2/cremad_preprocessed/audio/1068_IWW_NEU_XX.wav,1068_IWW_NEU_XX.wav,1068,train,0,neutral,0,neutral,0.9863259196281433
/Users/prarthanapatel/Desktop/Himanshi/speech_emotion_detection-develop-v2/cremad_preprocessed/audio/1068_IWW_SAD_XX.wav,1068_IWW_SAD_XX.wav,1068,train,2,sad,4,fearful,0.7890043258666992
/Users/prarthanapatel/Desktop/Himanshi/speech_emotion_detection-develop-v2/cremad_preprocessed/audio/1068_MTI_ANG_XX.wav,1068_MTI_ANG_XX.wav,1068,train,3,angry,3,angry,0.9945783615112305
/Users/prarthanapatel/Desktop/Himanshi/speech_emotion_detection-develop-v2/cremad_preprocessed/audio/1068_MTI_DIS_XX.wav,1068_MTI_DIS_XX.wav,1068,train,5,disgust,3,angry,0.4146268367767334
/Users/prarthanapatel/Desktop/Himanshi/speech_emotion_detection-develop-v2/cremad_preprocessed/audio/1068_MTI_FEA_XX.wav,1068_MTI_FEA_XX.wav,1068,train,4,fearful,4,fearful,0.9379749298095703
/Users/prarthanapatel/Desktop/Himanshi/speech_emotion_detection-develop-v2/cremad_preprocessed/audio/1068_MTI_HAP_XX.wav,1068_MTI_HAP_XX.wav,1068,train,1,happy,1,happy,0.8095808625221252
/Users/prarthanapatel/Desktop/Himanshi/speech_emotion_detection-develop-v2/cremad_preprocessed/audio/1068_MTI_NEU_XX.wav,1068_MTI_NEU_XX.wav,1068,train,0,neutral,0,neutral,0.9734272956848145
/Users/prarthanapatel/Desktop/Himanshi/speech_emotion_detection-develop-v2/cremad_preprocessed/audio/1068_MTI_SAD_XX.wav,1068_MTI_SAD_XX.wav,1068,train,2,sad,2,sad,0.8788058757781982
/Users/prarthanapatel/Desktop/Himanshi/speech_emotion_detection-develop-v2/cremad_preprocessed/audio/1068_TAI_ANG_XX.wav,1068_TAI_ANG_XX.wav,1068,train,3,angry,3,angry,0.9943234920501709
/Users/prarthanapatel/Desktop/Himanshi/speech_emotion_detection-develop-v2/cremad_preprocessed/audio/1068_TAI_DIS_XX.wav,1068_TAI_DIS_XX.wav,1068,train,5,disgust,5,disgust,0.858566164970398
/Users/prarthanapatel/Desktop/Himanshi/speech_emotion_detection-develop-v2/cremad_preprocessed/audio/1068_TAI_FEA_XX.wav,1068_TAI_FEA_XX.wav,1068,train,4,fearful,4,fearful,0.9125409126281738
/Users/prarthanapatel/Desktop/Himanshi/speech_emotion_detection-develop-v2/cremad_preprocessed/audio/1068_TAI_HAP_XX.wav,1068_TAI_HAP_XX.wav,1068,train,1,happy,1,happy,0.9747820496559143
/Users/prarthanapatel/Desktop/Himanshi/speech_emotion_detection-develop-v2/cremad_preprocessed/audio/1068_TAI_NEU_XX.wav,1068_TAI_NEU_XX.wav,1068,train,0,neutral,0,neutral,0.9863322973251343
/Users/prarthanapatel/Desktop/Himanshi/speech_emotion_detection-develop-v2/cremad_preprocessed/audio/1068_TAI_SAD_XX.wav,1068_TAI_SAD_XX.wav,1068,train,2,sad,4,fearful,0.760758638381958
/Users/prarthanapatel/Desktop/Himanshi/speech_emotion_detection-develop-v2/cremad_preprocessed/audio/1068_TIE_ANG_XX.wav,1068_TIE_ANG_XX.wav,1068,train,3,angry,3,angry,0.9925376772880554
/Users/prarthanapatel/Desktop/Himanshi/speech_emotion_detection-develop-v2/cremad_preprocessed/audio/1068_TIE_DIS_XX.wav,1068_TIE_DIS_XX.wav,1068,train,5,disgust,1,happy,0.9589904546737671
/Users/prarthanapatel/Desktop/Himanshi/speech_emotion_detection-develop-v2/cremad_preprocessed/audio/1068_TIE_FEA_XX.wav,1068_TIE_FEA_XX.wav,1068,train,4,fearful,4,fearful,0.9584169983863831
/Users/prarthanapatel/Desktop/Himanshi/speech_emotion_detection-develop-v2/cremad_preprocessed/audio/1068_TIE_HAP_XX.wav,1068_TIE_HAP_XX.wav,1068,train,1,happy,1,happy,0.9114412069320679
/Users/prarthanapatel/Desktop/Himanshi/speech_emotion_detection-develop-v2/cremad_preprocessed/audio/1068_TIE_NEU_XX.wav,1068_TIE_NEU_XX.wav,1068,train,0,neutral,0,neutral,0.9529158473014832
/Users/prarthanapatel/Desktop/Himanshi/speech_emotion_detection-develop-v2/cremad_preprocessed/audio/1068_TIE_SAD_XX.wav,1068_TIE_SAD_XX.wav,1068,train,2,sad,4,fearful,0.553507387638092
/Users/prarthanapatel/Desktop/Himanshi/speech_emotion_detection-develop-v2/cremad_preprocessed/audio/1068_TSI_ANG_XX.wav,1068_TSI_ANG_XX.wav,1068,train,3,angry,3,angry,0.9948269724845886
/Users/prarthanapatel/Desktop/Himanshi/speech_emotion_detection-develop-v2/cremad_preprocessed/audio/1068_TSI_DIS_XX.wav,1068_TSI_DIS_XX.wav,1068,train,5,disgust,3,angry,0.9538135528564453
/Users/prarthanapatel/Desktop/Himanshi/speech_emotion_detection-develop-v2/cremad_preprocessed/audio/1068_TSI_FEA_XX.wav,1068_TSI_FEA_XX.wav,1068,train,4,fearful,4,fearful,0.4365391433238983
/Users/prarthanapatel/Desktop/Himanshi/speech_emotion_detection-develop-v2/cremad_preprocessed/audio/1068_TSI_HAP_XX.wav,1068_TSI_HAP_XX.wav,1068,train,1,happy,1,happy,0.960335373878479
/Users/prarthanapatel/Desktop/Himanshi/speech_emotion_detection-develop-v2/cremad_preprocessed/audio/1068_TSI_NEU_XX.wav,1068_TSI_NEU_XX.wav,1068,train,0,neutral,0,neutral,0.9696021676063538
/Users/prarthanapatel/Desktop/Himanshi/speech_emotion_detection-develop-v2/cremad_preprocessed/audio/1068_TSI_SAD_XX.wav,1068_TSI_SAD_XX.wav,1068,train,2,sad,2,sad,0.8637223839759827
/Users/prarthanapatel/Desktop/Himanshi/speech_emotion_detection-develop-v2/cremad_preprocessed/audio/1068_WSI_ANG_XX.wav,1068_WSI_ANG_XX.wav,1068,train,3,angry,3,angry,0.9946267008781433
/Users/prarthanapatel/Desktop/Himanshi/speech_emotion_detection-develop-v2/cremad_preprocessed/audio/1068_WSI_DIS_XX.wav,1068_WSI_DIS_XX.wav,1068,train,5,disgust,4,fearful,0.7814041376113892
/Users/prarthanapatel/Desktop/Himanshi/speech_emotion_detection-develop-v2/cremad_preprocessed/audio/1068_WSI_FEA_XX.wav,1068_WSI_FEA_XX.wav,1068,train,4,fearful,4,fearful,0.7690196633338928
/Users/prarthanapatel/Desktop/Himanshi/speech_emotion_detection-develop-v2/cremad_preprocessed/audio/1068_WSI_HAP_XX.wav,1068_WSI_HAP_XX.wav,1068,train,1,happy,1,happy,0.9667106866836548
/Users/prarthanapatel/Desktop/Himanshi/speech_emotion_detection-develop-v2/cremad_preprocessed/audio/1068_WSI_NEU_XX.wav,1068_WSI_NEU_XX.wav,1068,train,0,neutral,0,neutral,0.9859719276428223
/Users/prarthanapatel/Desktop/Himanshi/speech_emotion_detection-develop-v2/cremad_preprocessed/audio/1068_WSI_SAD_XX.wav,1068_WSI_SAD_XX.wav,1068,train,2,sad,4,fearful,0.5006493926048279
/Users/prarthanapatel/Desktop/Himanshi/speech_emotion_detection-develop-v2/cremad_preprocessed/audio/1069_DFA_ANG_XX.wav,1069_DFA_ANG_XX.wav,1069,train,3,angry,3,angry,0.9943127632141113
/Users/prarthanapatel/Desktop/Himanshi/speech_emotion_detection-develop-v2/cremad_preprocessed/audio/1069_DFA_DIS_XX.wav,1069_DFA_DIS_XX.wav,1069,train,5,disgust,5,disgust,0.8070759177207947
/Users/prarthanapatel/Desktop/Himanshi/speech_emotion_detection-develop-v2/cremad_preprocessed/audio/1069_DFA_FEA_XX.wav,1069_DFA_FEA_XX.wav,1069,train,4,fearful,4,fearful,0.966417133808136
/Users/prarthanapatel/Desktop/Himanshi/speech_emotion_detection-develop-v2/cremad_preprocessed/audio/1069_DFA_HAP_XX.wav,1069_DFA_HAP_XX.wav,1069,train,1,happy,1,happy,0.9757281541824341
/Users/prarthanapatel/Desktop/Himanshi/speech_emotion_detection-develop-v2/cremad_preprocessed/audio/1069_DFA_NEU_XX.wav,1069_DFA_NEU_XX.wav,1069,train,0,neutral,3,angry,0.6194061636924744
/Users/prarthanapatel/Desktop/Himanshi/speech_emotion_detection-develop-v2/cremad_preprocessed/audio/1069_DFA_SAD_XX.wav,1069_DFA_SAD_XX.wav,1069,train,2,sad,2,sad,0.7688579559326172
/Users/prarthanapatel/Desktop/Himanshi/speech_emotion_detection-develop-v2/cremad_preprocessed/audio/1069_IEO_ANG_HI.wav,1069_IEO_ANG_HI.wav,1069,train,3,angry,3,angry,0.9893185496330261
/Users/prarthanapatel/Desktop/Himanshi/speech_emotion_detection-develop-v2/cremad_preprocessed/audio/1069_IEO_ANG_LO.wav,1069_IEO_ANG_LO.wav,1069,train,3,angry,1,happy,0.42181023955345154
/Users/prarthanapatel/Desktop/Himanshi/speech_emotion_detection-develop-v2/cremad_preprocessed/audio/1069_IEO_ANG_MD.wav,1069_IEO_ANG_MD.wav,1069,train,3,angry,3,angry,0.9916632175445557
/Users/prarthanapatel/Desktop/Himanshi/speech_emotion_detection-develop-v2/cremad_preprocessed/audio/1069_IEO_DIS_HI.wav,1069_IEO_DIS_HI.wav,1069,train,5,disgust,5,disgust,0.943251371383667
/Users/prarthanapatel/Desktop/Himanshi/speech_emotion_detection-develop-v2/cremad_preprocessed/audio/1069_IEO_DIS_LO.wav,1069_IEO_DIS_LO.wav,1069,train,5,disgust,5,disgust,0.6061529517173767
/Users/prarthanapatel/Desktop/Himanshi/speech_emotion_detection-develop-v2/cremad_preprocessed/audio/1069_IEO_DIS_MD.wav,1069_IEO_DIS_MD.wav,1069,train,5,disgust,5,disgust,0.8772911429405212
/Users/prarthanapatel/Desktop/Himanshi/speech_emotion_detection-develop-v2/cremad_preprocessed/audio/1069_IEO_FEA_HI.wav,1069_IEO_FEA_HI.wav,1069,train,4,fearful,4,fearful,0.9337372779846191
/Users/prarthanapatel/Desktop/Himanshi/speech_emotion_detection-develop-v2/cremad_preprocessed/audio/1069_IEO_FEA_LO.wav,1069_IEO_FEA_LO.wav,1069,train,4,fearful,4,fearful,0.951108455657959
/Users/prarthanapatel/Desktop/Himanshi/speech_emotion_detection-develop-v2/cremad_preprocessed/audio/1069_IEO_FEA_MD.wav,1069_IEO_FEA_MD.wav,1069,train,4,fearful,4,fearful,0.9333099722862244
/Users/prarthanapatel/Desktop/Himanshi/speech_emotion_detection-develop-v2/cremad_preprocessed/audio/1069_IEO_HAP_HI.wav,1069_IEO_HAP_HI.wav,1069,train,1,happy,3,angry,0.34471073746681213
/Users/prarthanapatel/Desktop/Himanshi/speech_emotion_detection-develop-v2/cremad_preprocessed/audio/1069_IEO_HAP_LO.wav,1069_IEO_HAP_LO.wav,1069,train,1,happy,1,happy,0.9778339862823486
/Users/prarthanapatel/Desktop/Himanshi/speech_emotion_detection-develop-v2/cremad_preprocessed/audio/1069_IEO_HAP_MD.wav,1069_IEO_HAP_MD.wav,1069,train,1,happy,1,happy,0.9782892465591431
/Users/prarthanapatel/Desktop/Himanshi/speech_emotion_detection-develop-v2/cremad_preprocessed/audio/1069_IEO_NEU_XX.wav,1069_IEO_NEU_XX.wav,1069,train,0,neutral,1,happy,0.7885338664054871
/Users/prarthanapatel/Desktop/Himanshi/speech_emotion_detection-develop-v2/cremad_preprocessed/audio/1069_IEO_SAD_HI.wav,1069_IEO_SAD_HI.wav,1069,train,2,sad,4,fearful,0.8113590478897095
/Users/prarthanapatel/Desktop/Himanshi/speech_emotion_detection-develop-v2/cremad_preprocessed/audio/1069_IEO_SAD_LO.wav,1069_IEO_SAD_LO.wav,1069,train,2,sad,4,fearful,0.8446083664894104
/Users/prarthanapatel/Desktop/Himanshi/speech_emotion_detection-develop-v2/cremad_preprocessed/audio/1069_IEO_SAD_MD.wav,1069_IEO_SAD_MD.wav,1069,train,2,sad,4,fearful,0.9165754914283752
/Users/prarthanapatel/Desktop/Himanshi/speech_emotion_detection-develop-v2/cremad_preprocessed/audio/1069_IOM_ANG_XX.wav,1069_IOM_ANG_XX.wav,1069,train,3,angry,3,angry,0.9944583177566528
/Users/prarthanapatel/Desktop/Himanshi/speech_emotion_detection-develop-v2/cremad_preprocessed/audio/1069_IOM_DIS_XX.wav,1069_IOM_DIS_XX.wav,1069,train,5,disgust,2,sad,0.5074060559272766
/Users/prarthanapatel/Desktop/Himanshi/speech_emotion_detection-develop-v2/cremad_preprocessed/audio/1069_IOM_FEA_XX.wav,1069_IOM_FEA_XX.wav,1069,train,4,fearful,4,fearful,0.9190833568572998
/Users/prarthanapatel/Desktop/Himanshi/speech_emotion_detection-develop-v2/cremad_preprocessed/audio/1069_IOM_HAP_XX.wav,1069_IOM_HAP_XX.wav,1069,train,1,happy,1,happy,0.9766014218330383
/Users/prarthanapatel/Desktop/Himanshi/speech_emotion_detection-develop-v2/cremad_preprocessed/audio/1069_IOM_NEU_XX.wav,1069_IOM_NEU_XX.wav,1069,train,0,neutral,0,neutral,0.977766752243042
/Users/prarthanapatel/Desktop/Himanshi/speech_emotion_detection-develop-v2/cremad_preprocessed/audio/1069_IOM_SAD_XX.wav,1069_IOM_SAD_XX.wav,1069,train,2,sad,4,fearful,0.7516963481903076
/Users/prarthanapatel/Desktop/Himanshi/speech_emotion_detection-develop-v2/cremad_preprocessed/audio/1069_ITH_ANG_XX.wav,1069_ITH_ANG_XX.wav,1069,train,3,angry,3,angry,0.9946618676185608
/Users/prarthanapatel/Desktop/Himanshi/speech_emotion_detection-develop-v2/cremad_preprocessed/audio/1069_ITH_DIS_XX.wav,1069_ITH_DIS_XX.wav,1069,train,5,disgust,5,disgust,0.7283856272697449
/Users/prarthanapatel/Desktop/Himanshi/speech_emotion_detection-develop-v2/cremad_preprocessed/audio/1069_ITH_FEA_XX.wav,1069_ITH_FEA_XX.wav,1069,train,4,fearful,4,fearful,0.9530670046806335
/Users/prarthanapatel/Desktop/Himanshi/speech_emotion_detection-develop-v2/cremad_preprocessed/audio/1069_ITH_HAP_XX.wav,1069_ITH_HAP_XX.wav,1069,train,1,happy,1,happy,0.9528511166572571
/Users/prarthanapatel/Desktop/Himanshi/speech_emotion_detection-develop-v2/cremad_preprocessed/audio/1069_ITH_NEU_XX.wav,1069_ITH_NEU_XX.wav,1069,train,0,neutral,0,neutral,0.9348523616790771
/Users/prarthanapatel/Desktop/Himanshi/speech_emotion_detection-develop-v2/cremad_preprocessed/audio/1069_ITH_SAD_XX.wav,1069_ITH_SAD_XX.wav,1069,train,2,sad,4,fearful,0.7350696921348572
/Users/prarthanapatel/Desktop/Himanshi/speech_emotion_detection-develop-v2/cremad_preprocessed/audio/1069_ITS_ANG_XX.wav,1069_ITS_ANG_XX.wav,1069,train,3,angry,3,angry,0.9945671558380127
/Users/prarthanapatel/Desktop/Himanshi/speech_emotion_detection-develop-v2/cremad_preprocessed/audio/1069_ITS_DIS_XX.wav,1069_ITS_DIS_XX.wav,1069,train,5,disgust,5,disgust,0.4247781038284302
/Users/prarthanapatel/Desktop/Himanshi/speech_emotion_detection-develop-v2/cremad_preprocessed/audio/1069_ITS_FEA_XX.wav,1069_ITS_FEA_XX.wav,1069,train,4,fearful,4,fearful,0.9254732728004456
/Users/prarthanapatel/Desktop/Himanshi/speech_emotion_detection-develop-v2/cremad_preprocessed/audio/1069_ITS_HAP_XX.wav,1069_ITS_HAP_XX.wav,1069,train,1,happy,1,happy,0.5635966062545776
/Users/prarthanapatel/Desktop/Himanshi/speech_emotion_detection-develop-v2/cremad_preprocessed/audio/1069_ITS_NEU_XX.wav,1069_ITS_NEU_XX.wav,1069,train,0,neutral,3,angry,0.918467104434967
/Users/prarthanapatel/Desktop/Himanshi/speech_emotion_detection-develop-v2/cremad_preprocessed/audio/1069_ITS_SAD_XX.wav,1069_ITS_SAD_XX.wav,1069,train,2,sad,4,fearful,0.7137323617935181
/Users/prarthanapatel/Desktop/Himanshi/speech_emotion_detection-develop-v2/cremad_preprocessed/audio/1069_IWL_ANG_XX.wav,1069_IWL_ANG_XX.wav,1069,train,3,angry,3,angry,0.9854425191879272
/Users/prarthanapatel/Desktop/Himanshi/speech_emotion_detection-develop-v2/cremad_preprocessed/audio/1069_IWL_DIS_XX.wav,1069_IWL_DIS_XX.wav,1069,train,5,disgust,5,disgust,0.9010323882102966
/Users/prarthanapatel/Desktop/Himanshi/speech_emotion_detection-develop-v2/cremad_preprocessed/audio/1069_IWL_FEA_XX.wav,1069_IWL_FEA_XX.wav,1069,train,4,fearful,4,fearful,0.7126681804656982
/Users/prarthanapatel/Desktop/Himanshi/speech_emotion_detection-develop-v2/cremad_preprocessed/audio/1069_IWL_HAP_XX.wav,1069_IWL_HAP_XX.wav,1069,train,1,happy,1,happy,0.9648323059082031
/Users/prarthanapatel/Desktop/Himanshi/speech_emotion_detection-develop-v2/cremad_preprocessed/audio/1069_IWL_NEU_XX.wav,1069_IWL_NEU_XX.wav,1069,train,0,neutral,0,neutral,0.9383410811424255
/Users/prarthanapatel/Desktop/Himanshi/speech_emotion_detection-develop-v2/cremad_preprocessed/audio/1069_IWL_SAD_XX.wav,1069_IWL_SAD_XX.wav,1069,train,2,sad,4,fearful,0.6003271341323853
/Users/prarthanapatel/Desktop/Himanshi/speech_emotion_detection-develop-v2/cremad_preprocessed/audio/1069_IWW_ANG_XX.wav,1069_IWW_ANG_XX.wav,1069,train,3,angry,3,angry,0.9944601058959961
/Users/prarthanapatel/Desktop/Himanshi/speech_emotion_detection-develop-v2/cremad_preprocessed/audio/1069_IWW_DIS_XX.wav,1069_IWW_DIS_XX.wav,1069,train,5,disgust,5,disgust,0.7448242902755737
/Users/prarthanapatel/Desktop/Himanshi/speech_emotion_detection-develop-v2/cremad_preprocessed/audio/1069_IWW_FEA_XX.wav,1069_IWW_FEA_XX.wav,1069,train,4,fearful,4,fearful,0.9360252022743225
/Users/prarthanapatel/Desktop/Himanshi/speech_emotion_detection-develop-v2/cremad_preprocessed/audio/1069_IWW_HAP_XX.wav,1069_IWW_HAP_XX.wav,1069,train,1,happy,1,happy,0.9602637887001038
/Users/prarthanapatel/Desktop/Himanshi/speech_emotion_detection-develop-v2/cremad_preprocessed/audio/1069_IWW_NEU_XX.wav,1069_IWW_NEU_XX.wav,1069,train,0,neutral,0,neutral,0.9836297631263733
/Users/prarthanapatel/Desktop/Himanshi/speech_emotion_detection-develop-v2/cremad_preprocessed/audio/1069_IWW_SAD_XX.wav,1069_IWW_SAD_XX.wav,1069,train,2,sad,4,fearful,0.9062876105308533
/Users/prarthanapatel/Desktop/Himanshi/speech_emotion_detection-develop-v2/cremad_preprocessed/audio/1069_MTI_ANG_XX.wav,1069_MTI_ANG_XX.wav,1069,train,3,angry,3,angry,0.9941222071647644
/Users/prarthanapatel/Desktop/Himanshi/speech_emotion_detection-develop-v2/cremad_preprocessed/audio/1069_MTI_DIS_XX.wav,1069_MTI_DIS_XX.wav,1069,train,5,disgust,1,happy,0.9217498898506165
/Users/prarthanapatel/Desktop/Himanshi/speech_emotion_detection-develop-v2/cremad_preprocessed/audio/1069_MTI_FEA_XX.wav,1069_MTI_FEA_XX.wav,1069,train,4,fearful,4,fearful,0.8753584027290344
/Users/prarthanapatel/Desktop/Himanshi/speech_emotion_detection-develop-v2/cremad_preprocessed/audio/1069_MTI_HAP_XX.wav,1069_MTI_HAP_XX.wav,1069,train,1,happy,1,happy,0.976803183555603
/Users/prarthanapatel/Desktop/Himanshi/speech_emotion_detection-develop-v2/cremad_preprocessed/audio/1069_MTI_NEU_XX.wav,1069_MTI_NEU_XX.wav,1069,train,0,neutral,0,neutral,0.9594613313674927
/Users/prarthanapatel/Desktop/Himanshi/speech_emotion_detection-develop-v2/cremad_preprocessed/audio/1069_MTI_SAD_XX.wav,1069_MTI_SAD_XX.wav,1069,train,2,sad,2,sad,0.5435921549797058
/Users/prarthanapatel/Desktop/Himanshi/speech_emotion_detection-develop-v2/cremad_preprocessed/audio/1069_TAI_ANG_XX.wav,1069_TAI_ANG_XX.wav,1069,train,3,angry,3,angry,0.9932328462600708
/Users/prarthanapatel/Desktop/Himanshi/speech_emotion_detection-develop-v2/cremad_preprocessed/audio/1069_TAI_DIS_XX.wav,1069_TAI_DIS_XX.wav,1069,train,5,disgust,4,fearful,0.6246822476387024
/Users/prarthanapatel/Desktop/Himanshi/speech_emotion_detection-develop-v2/cremad_preprocessed/audio/1069_TAI_FEA_XX.wav,1069_TAI_FEA_XX.wav,1069,train,4,fearful,3,angry,0.7986003756523132
/Users/prarthanapatel/Desktop/Himanshi/speech_emotion_detection-develop-v2/cremad_preprocessed/audio/1069_TAI_HAP_XX.wav,1069_TAI_HAP_XX.wav,1069,train,1,happy,1,happy,0.9767910242080688
/Users/prarthanapatel/Desktop/Himanshi/speech_emotion_detection-develop-v2/cremad_preprocessed/audio/1069_TAI_NEU_XX.wav,1069_TAI_NEU_XX.wav,1069,train,0,neutral,0,neutral,0.9751970767974854
/Users/prarthanapatel/Desktop/Himanshi/speech_emotion_detection-develop-v2/cremad_preprocessed/audio/1069_TAI_SAD_XX.wav,1069_TAI_SAD_XX.wav,1069,train,2,sad,2,sad,0.6081537008285522
/Users/prarthanapatel/Desktop/Himanshi/speech_emotion_detection-develop-v2/cremad_preprocessed/audio/1069_TIE_ANG_XX.wav,1069_TIE_ANG_XX.wav,1069,train,3,angry,3,angry,0.9943040013313293
/Users/prarthanapatel/Desktop/Himanshi/speech_emotion_detection-develop-v2/cremad_preprocessed/audio/1069_TIE_DIS_XX.wav,1069_TIE_DIS_XX.wav,1069,train,5,disgust,5,disgust,0.796181857585907
/Users/prarthanapatel/Desktop/Himanshi/speech_emotion_detection-develop-v2/cremad_preprocessed/audio/1069_TIE_FEA_XX.wav,1069_TIE_FEA_XX.wav,1069,train,4,fearful,4,fearful,0.8515650629997253
/Users/prarthanapatel/Desktop/Himanshi/speech_emotion_detection-develop-v2/cremad_preprocessed/audio/1069_TIE_HAP_XX.wav,1069_TIE_HAP_XX.wav,1069,train,1,happy,1,happy,0.9609713554382324
/Users/prarthanapatel/Desktop/Himanshi/speech_emotion_detection-develop-v2/cremad_preprocessed/audio/1069_TIE_NEU_XX.wav,1069_TIE_NEU_XX.wav,1069,train,0,neutral,0,neutral,0.9748378992080688
/Users/prarthanapatel/Desktop/Himanshi/speech_emotion_detection-develop-v2/cremad_preprocessed/audio/1069_TIE_SAD_XX.wav,1069_TIE_SAD_XX.wav,1069,train,2,sad,2,sad,0.5290719866752625
/Users/prarthanapatel/Desktop/Himanshi/speech_emotion_detection-develop-v2/cremad_preprocessed/audio/1069_TSI_ANG_XX.wav,1069_TSI_ANG_XX.wav,1069,train,3,angry,3,angry,0.9941481351852417
/Users/prarthanapatel/Desktop/Himanshi/speech_emotion_detection-develop-v2/cremad_preprocessed/audio/1069_TSI_DIS_XX.wav,1069_TSI_DIS_XX.wav,1069,train,5,disgust,5,disgust,0.43864938616752625
/Users/prarthanapatel/Desktop/Himanshi/speech_emotion_detection-develop-v2/cremad_preprocessed/audio/1069_TSI_FEA_XX.wav,1069_TSI_FEA_XX.wav,1069,train,4,fearful,4,fearful,0.943384051322937
/Users/prarthanapatel/Desktop/Himanshi/speech_emotion_detection-develop-v2/cremad_preprocessed/audio/1069_TSI_HAP_XX.wav,1069_TSI_HAP_XX.wav,1069,train,1,happy,1,happy,0.9281067848205566
/Users/prarthanapatel/Desktop/Himanshi/speech_emotion_detection-develop-v2/cremad_preprocessed/audio/1069_TSI_NEU_XX.wav,1069_TSI_NEU_XX.wav,1069,train,0,neutral,3,angry,0.8020427823066711
/Users/prarthanapatel/Desktop/Himanshi/speech_emotion_detection-develop-v2/cremad_preprocessed/audio/1069_TSI_SAD_XX.wav,1069_TSI_SAD_XX.wav,1069,train,2,sad,4,fearful,0.8370316624641418
/Users/prarthanapatel/Desktop/Himanshi/speech_emotion_detection-develop-v2/cremad_preprocessed/audio/1069_WSI_ANG_XX.wav,1069_WSI_ANG_XX.wav,1069,train,3,angry,3,angry,0.994227409362793
/Users/prarthanapatel/Desktop/Himanshi/speech_emotion_detection-develop-v2/cremad_preprocessed/audio/1069_WSI_DIS_XX.wav,1069_WSI_DIS_XX.wav,1069,train,5,disgust,5,disgust,0.6655189394950867
/Users/prarthanapatel/Desktop/Himanshi/speech_emotion_detection-develop-v2/cremad_preprocessed/audio/1069_WSI_FEA_XX.wav,1069_WSI_FEA_XX.wav,1069,train,4,fearful,4,fearful,0.9599516987800598
/Users/prarthanapatel/Desktop/Himanshi/speech_emotion_detection-develop-v2/cremad_preprocessed/audio/1069_WSI_HAP_XX.wav,1069_WSI_HAP_XX.wav,1069,train,1,happy,1,happy,0.9762880802154541
/Users/prarthanapatel/Desktop/Himanshi/speech_emotion_detection-develop-v2/cremad_preprocessed/audio/1069_WSI_NEU_XX.wav,1069_WSI_NEU_XX.wav,1069,train,0,neutral,0,neutral,0.9730257987976074
/Users/prarthanapatel/Desktop/Himanshi/speech_emotion_detection-develop-v2/cremad_preprocessed/audio/1069_WSI_SAD_XX.wav,1069_WSI_SAD_XX.wav,1069,train,2,sad,4,fearful,0.900321900844574
/Users/prarthanapatel/Desktop/Himanshi/speech_emotion_detection-develop-v2/cremad_preprocessed/audio/1070_DFA_ANG_XX.wav,1070_DFA_ANG_XX.wav,1070,train,3,angry,3,angry,0.9862735867500305
/Users/prarthanapatel/Desktop/Himanshi/speech_emotion_detection-develop-v2/cremad_preprocessed/audio/1070_DFA_DIS_XX.wav,1070_DFA_DIS_XX.wav,1070,train,5,disgust,5,disgust,0.8789144158363342
/Users/prarthanapatel/Desktop/Himanshi/speech_emotion_detection-develop-v2/cremad_preprocessed/audio/1070_DFA_FEA_XX.wav,1070_DFA_FEA_XX.wav,1070,train,4,fearful,4,fearful,0.5390890836715698
/Users/prarthanapatel/Desktop/Himanshi/speech_emotion_detection-develop-v2/cremad_preprocessed/audio/1070_DFA_HAP_XX.wav,1070_DFA_HAP_XX.wav,1070,train,1,happy,4,fearful,0.530652642250061
/Users/prarthanapatel/Desktop/Himanshi/speech_emotion_detection-develop-v2/cremad_preprocessed/audio/1070_DFA_NEU_XX.wav,1070_DFA_NEU_XX.wav,1070,train,0,neutral,0,neutral,0.9771302938461304
/Users/prarthanapatel/Desktop/Himanshi/speech_emotion_detection-develop-v2/cremad_preprocessed/audio/1070_DFA_SAD_XX.wav,1070_DFA_SAD_XX.wav,1070,train,2,sad,0,neutral,0.7230614423751831
/Users/prarthanapatel/Desktop/Himanshi/speech_emotion_detection-develop-v2/cremad_preprocessed/audio/1070_IEO_ANG_HI.wav,1070_IEO_ANG_HI.wav,1070,train,3,angry,3,angry,0.9945277571678162
/Users/prarthanapatel/Desktop/Himanshi/speech_emotion_detection-develop-v2/cremad_preprocessed/audio/1070_IEO_ANG_LO.wav,1070_IEO_ANG_LO.wav,1070,train,3,angry,3,angry,0.9901719689369202
/Users/prarthanapatel/Desktop/Himanshi/speech_emotion_detection-develop-v2/cremad_preprocessed/audio/1070_IEO_ANG_MD.wav,1070_IEO_ANG_MD.wav,1070,train,3,angry,3,angry,0.9926440119743347
/Users/prarthanapatel/Desktop/Himanshi/speech_emotion_detection-develop-v2/cremad_preprocessed/audio/1070_IEO_DIS_HI.wav,1070_IEO_DIS_HI.wav,1070,train,5,disgust,4,fearful,0.5043734312057495
/Users/prarthanapatel/Desktop/Himanshi/speech_emotion_detection-develop-v2/cremad_preprocessed/audio/1070_IEO_DIS_LO.wav,1070_IEO_DIS_LO.wav,1070,train,5,disgust,5,disgust,0.9043094515800476
/Users/prarthanapatel/Desktop/Himanshi/speech_emotion_detection-develop-v2/cremad_preprocessed/audio/1070_IEO_DIS_MD.wav,1070_IEO_DIS_MD.wav,1070,train,5,disgust,5,disgust,0.8868057727813721
/Users/prarthanapatel/Desktop/Himanshi/speech_emotion_detection-develop-v2/cremad_preprocessed/audio/1070_IEO_FEA_HI.wav,1070_IEO_FEA_HI.wav,1070,train,4,fearful,4,fearful,0.9356446266174316
/Users/prarthanapatel/Desktop/Himanshi/speech_emotion_detection-develop-v2/cremad_preprocessed/audio/1070_IEO_FEA_LO.wav,1070_IEO_FEA_LO.wav,1070,train,4,fearful,4,fearful,0.798776388168335
/Users/prarthanapatel/Desktop/Himanshi/speech_emotion_detection-develop-v2/cremad_preprocessed/audio/1070_IEO_FEA_MD.wav,1070_IEO_FEA_MD.wav,1070,train,4,fearful,4,fearful,0.9494682550430298
/Users/prarthanapatel/Desktop/Himanshi/speech_emotion_detection-develop-v2/cremad_preprocessed/audio/1070_IEO_HAP_HI.wav,1070_IEO_HAP_HI.wav,1070,train,1,happy,1,happy,0.9029908776283264
/Users/prarthanapatel/Desktop/Himanshi/speech_emotion_detection-develop-v2/cremad_preprocessed/audio/1070_IEO_HAP_LO.wav,1070_IEO_HAP_LO.wav,1070,train,1,happy,1,happy,0.9645202159881592
/Users/prarthanapatel/Desktop/Himanshi/speech_emotion_detection-develop-v2/cremad_preprocessed/audio/1070_IEO_HAP_MD.wav,1070_IEO_HAP_MD.wav,1070,train,1,happy,1,happy,0.9725196361541748
/Users/prarthanapatel/Desktop/Himanshi/speech_emotion_detection-develop-v2/cremad_preprocessed/audio/1070_IEO_NEU_XX.wav,1070_IEO_NEU_XX.wav,1070,train,0,neutral,0,neutral,0.5044891834259033
/Users/prarthanapatel/Desktop/Himanshi/speech_emotion_detection-develop-v2/cremad_preprocessed/audio/1070_IEO_SAD_HI.wav,1070_IEO_SAD_HI.wav,1070,train,2,sad,2,sad,0.7318348288536072
/Users/prarthanapatel/Desktop/Himanshi/speech_emotion_detection-develop-v2/cremad_preprocessed/audio/1070_IEO_SAD_LO.wav,1070_IEO_SAD_LO.wav,1070,train,2,sad,4,fearful,0.5897053480148315
/Users/prarthanapatel/Desktop/Himanshi/speech_emotion_detection-develop-v2/cremad_preprocessed/audio/1070_IEO_SAD_MD.wav,1070_IEO_SAD_MD.wav,1070,train,2,sad,4,fearful,0.7284632325172424
/Users/prarthanapatel/Desktop/Himanshi/speech_emotion_detection-develop-v2/cremad_preprocessed/audio/1070_IOM_ANG_XX.wav,1070_IOM_ANG_XX.wav,1070,train,3,angry,3,angry,0.9935498833656311
/Users/prarthanapatel/Desktop/Himanshi/speech_emotion_detection-develop-v2/cremad_preprocessed/audio/1070_IOM_DIS_XX.wav,1070_IOM_DIS_XX.wav,1070,train,5,disgust,3,angry,0.9229400753974915
/Users/prarthanapatel/Desktop/Himanshi/speech_emotion_detection-develop-v2/cremad_preprocessed/audio/1070_IOM_FEA_XX.wav,1070_IOM_FEA_XX.wav,1070,train,4,fearful,1,happy,0.5772055387496948
/Users/prarthanapatel/Desktop/Himanshi/speech_emotion_detection-develop-v2/cremad_preprocessed/audio/1070_IOM_HAP_XX.wav,1070_IOM_HAP_XX.wav,1070,train,1,happy,1,happy,0.7055307626724243
/Users/prarthanapatel/Desktop/Himanshi/speech_emotion_detection-develop-v2/cremad_preprocessed/audio/1070_IOM_NEU_XX.wav,1070_IOM_NEU_XX.wav,1070,train,0,neutral,0,neutral,0.9206259250640869
/Users/prarthanapatel/Desktop/Himanshi/speech_emotion_detection-develop-v2/cremad_preprocessed/audio/1070_IOM_SAD_XX.wav,1070_IOM_SAD_XX.wav,1070,train,2,sad,0,neutral,0.6821963787078857
/Users/prarthanapatel/Desktop/Himanshi/speech_emotion_detection-develop-v2/cremad_preprocessed/audio/1070_ITH_ANG_XX.wav,1070_ITH_ANG_XX.wav,1070,train,3,angry,3,angry,0.9945570230484009
/Users/prarthanapatel/Desktop/Himanshi/speech_emotion_detection-develop-v2/cremad_preprocessed/audio/1070_ITH_DIS_XX.wav,1070_ITH_DIS_XX.wav,1070,train,5,disgust,3,angry,0.9447320103645325
/Users/prarthanapatel/Desktop/Himanshi/speech_emotion_detection-develop-v2/cremad_preprocessed/audio/1070_ITH_FEA_XX.wav,1070_ITH_FEA_XX.wav,1070,train,4,fearful,4,fearful,0.7653654217720032
/Users/prarthanapatel/Desktop/Himanshi/speech_emotion_detection-develop-v2/cremad_preprocessed/audio/1070_ITH_HAP_XX.wav,1070_ITH_HAP_XX.wav,1070,train,1,happy,1,happy,0.9494411945343018
/Users/prarthanapatel/Desktop/Himanshi/speech_emotion_detection-develop-v2/cremad_preprocessed/audio/1070_ITH_NEU_XX.wav,1070_ITH_NEU_XX.wav,1070,train,0,neutral,0,neutral,0.9776797890663147
/Users/prarthanapatel/Desktop/Himanshi/speech_emotion_detection-develop-v2/cremad_preprocessed/audio/1070_ITH_SAD_XX.wav,1070_ITH_SAD_XX.wav,1070,train,2,sad,3,angry,0.7721067070960999
/Users/prarthanapatel/Desktop/Himanshi/speech_emotion_detection-develop-v2/cremad_preprocessed/audio/1070_ITS_ANG_XX.wav,1070_ITS_ANG_XX.wav,1070,train,3,angry,3,angry,0.9947176575660706
/Users/prarthanapatel/Desktop/Himanshi/speech_emotion_detection-develop-v2/cremad_preprocessed/audio/1070_ITS_DIS_XX.wav,1070_ITS_DIS_XX.wav,1070,train,5,disgust,1,happy,0.4376389682292938
/Users/prarthanapatel/Desktop/Himanshi/speech_emotion_detection-develop-v2/cremad_preprocessed/audio/1070_ITS_FEA_XX.wav,1070_ITS_FEA_XX.wav,1070,train,4,fearful,1,happy,0.5847232341766357
/Users/prarthanapatel/Desktop/Himanshi/speech_emotion_detection-develop-v2/cremad_preprocessed/audio/1070_ITS_HAP_XX.wav,1070_ITS_HAP_XX.wav,1070,train,1,happy,1,happy,0.9476044774055481
/Users/prarthanapatel/Desktop/Himanshi/speech_emotion_detection-develop-v2/cremad_preprocessed/audio/1070_ITS_NEU_XX.wav,1070_ITS_NEU_XX.wav,1070,train,0,neutral,0,neutral,0.9150668382644653
/Users/prarthanapatel/Desktop/Himanshi/speech_emotion_detection-develop-v2/cremad_preprocessed/audio/1070_ITS_SAD_XX.wav,1070_ITS_SAD_XX.wav,1070,train,2,sad,0,neutral,0.7022386193275452
/Users/prarthanapatel/Desktop/Himanshi/speech_emotion_detection-develop-v2/cremad_preprocessed/audio/1070_IWL_ANG_XX.wav,1070_IWL_ANG_XX.wav,1070,train,3,angry,3,angry,0.9939181804656982
/Users/prarthanapatel/Desktop/Himanshi/speech_emotion_detection-develop-v2/cremad_preprocessed/audio/1070_IWL_DIS_XX.wav,1070_IWL_DIS_XX.wav,1070,train,5,disgust,5,disgust,0.39400044083595276
/Users/prarthanapatel/Desktop/Himanshi/speech_emotion_detection-develop-v2/cremad_preprocessed/audio/1070_IWL_FEA_XX.wav,1070_IWL_FEA_XX.wav,1070,train,4,fearful,4,fearful,0.7888703942298889
/Users/prarthanapatel/Desktop/Himanshi/speech_emotion_detection-develop-v2/cremad_preprocessed/audio/1070_IWL_HAP_XX.wav,1070_IWL_HAP_XX.wav,1070,train,1,happy,1,happy,0.7881594300270081
/Users/prarthanapatel/Desktop/Himanshi/speech_emotion_detection-develop-v2/cremad_preprocessed/audio/1070_IWL_NEU_XX.wav,1070_IWL_NEU_XX.wav,1070,train,0,neutral,0,neutral,0.9834060668945312
/Users/prarthanapatel/Desktop/Himanshi/speech_emotion_detection-develop-v2/cremad_preprocessed/audio/1070_IWL_SAD_XX.wav,1070_IWL_SAD_XX.wav,1070,train,2,sad,4,fearful,0.4771023988723755
/Users/prarthanapatel/Desktop/Himanshi/speech_emotion_detection-develop-v2/cremad_preprocessed/audio/1070_IWW_ANG_XX.wav,1070_IWW_ANG_XX.wav,1070,train,3,angry,3,angry,0.9922846555709839
/Users/prarthanapatel/Desktop/Himanshi/speech_emotion_detection-develop-v2/cremad_preprocessed/audio/1070_IWW_DIS_XX.wav,1070_IWW_DIS_XX.wav,1070,train,5,disgust,3,angry,0.9924896359443665
/Users/prarthanapatel/Desktop/Himanshi/speech_emotion_detection-develop-v2/cremad_preprocessed/audio/1070_IWW_FEA_XX.wav,1070_IWW_FEA_XX.wav,1070,train,4,fearful,1,happy,0.9622494578361511
/Users/prarthanapatel/Desktop/Himanshi/speech_emotion_detection-develop-v2/cremad_preprocessed/audio/1070_IWW_HAP_XX.wav,1070_IWW_HAP_XX.wav,1070,train,1,happy,1,happy,0.9619560837745667
/Users/prarthanapatel/Desktop/Himanshi/speech_emotion_detection-develop-v2/cremad_preprocessed/audio/1070_IWW_NEU_XX.wav,1070_IWW_NEU_XX.wav,1070,train,0,neutral,0,neutral,0.9730221629142761
/Users/prarthanapatel/Desktop/Himanshi/speech_emotion_detection-develop-v2/cremad_preprocessed/audio/1070_IWW_SAD_XX.wav,1070_IWW_SAD_XX.wav,1070,train,2,sad,2,sad,0.5611469745635986
/Users/prarthanapatel/Desktop/Himanshi/speech_emotion_detection-develop-v2/cremad_preprocessed/audio/1070_MTI_ANG_XX.wav,1070_MTI_ANG_XX.wav,1070,train,3,angry,3,angry,0.9944296479225159
/Users/prarthanapatel/Desktop/Himanshi/speech_emotion_detection-develop-v2/cremad_preprocessed/audio/1070_MTI_DIS_XX.wav,1070_MTI_DIS_XX.wav,1070,train,5,disgust,5,disgust,0.9068343043327332
/Users/prarthanapatel/Desktop/Himanshi/speech_emotion_detection-develop-v2/cremad_preprocessed/audio/1070_MTI_FEA_XX.wav,1070_MTI_FEA_XX.wav,1070,train,4,fearful,4,fearful,0.9281701445579529
/Users/prarthanapatel/Desktop/Himanshi/speech_emotion_detection-develop-v2/cremad_preprocessed/audio/1070_MTI_HAP_XX.wav,1070_MTI_HAP_XX.wav,1070,train,1,happy,1,happy,0.6796697974205017
/Users/prarthanapatel/Desktop/Himanshi/speech_emotion_detection-develop-v2/cremad_preprocessed/audio/1070_MTI_NEU_XX.wav,1070_MTI_NEU_XX.wav,1070,train,0,neutral,0,neutral,0.9805348515510559
/Users/prarthanapatel/Desktop/Himanshi/speech_emotion_detection-develop-v2/cremad_preprocessed/audio/1070_MTI_SAD_XX.wav,1070_MTI_SAD_XX.wav,1070,train,2,sad,2,sad,0.6735066175460815
/Users/prarthanapatel/Desktop/Himanshi/speech_emotion_detection-develop-v2/cremad_preprocessed/audio/1070_TAI_ANG_XX.wav,1070_TAI_ANG_XX.wav,1070,train,3,angry,3,angry,0.9914743900299072
/Users/prarthanapatel/Desktop/Himanshi/speech_emotion_detection-develop-v2/cremad_preprocessed/audio/1070_TAI_DIS_XX.wav,1070_TAI_DIS_XX.wav,1070,train,5,disgust,5,disgust,0.8141230344772339
/Users/prarthanapatel/Desktop/Himanshi/speech_emotion_detection-develop-v2/cremad_preprocessed/audio/1070_TAI_FEA_XX.wav,1070_TAI_FEA_XX.wav,1070,train,4,fearful,4,fearful,0.7331967353820801
/Users/prarthanapatel/Desktop/Himanshi/speech_emotion_detection-develop-v2/cremad_preprocessed/audio/1070_TAI_HAP_XX.wav,1070_TAI_HAP_XX.wav,1070,train,1,happy,1,happy,0.9763175249099731
/Users/prarthanapatel/Desktop/Himanshi/speech_emotion_detection-develop-v2/cremad_preprocessed/audio/1070_TAI_NEU_XX.wav,1070_TAI_NEU_XX.wav,1070,train,0,neutral,0,neutral,0.9760316014289856
/Users/prarthanapatel/Desktop/Himanshi/speech_emotion_detection-develop-v2/cremad_preprocessed/audio/1070_TAI_SAD_XX.wav,1070_TAI_SAD_XX.wav,1070,train,2,sad,2,sad,0.49397534132003784
/Users/prarthanapatel/Desktop/Himanshi/speech_emotion_detection-develop-v2/cremad_preprocessed/audio/1070_TIE_ANG_XX.wav,1070_TIE_ANG_XX.wav,1070,train,3,angry,3,angry,0.9947181344032288
/Users/prarthanapatel/Desktop/Himanshi/speech_emotion_detection-develop-v2/cremad_preprocessed/audio/1070_TIE_DIS_XX.wav,1070_TIE_DIS_XX.wav,1070,train,5,disgust,5,disgust,0.7251346707344055
/Users/prarthanapatel/Desktop/Himanshi/speech_emotion_detection-develop-v2/cremad_preprocessed/audio/1070_TIE_FEA_XX.wav,1070_TIE_FEA_XX.wav,1070,train,4,fearful,4,fearful,0.4351425766944885
/Users/prarthanapatel/Desktop/Himanshi/speech_emotion_detection-develop-v2/cremad_preprocessed/audio/1070_TIE_HAP_XX.wav,1070_TIE_HAP_XX.wav,1070,train,1,happy,1,happy,0.9772140979766846
/Users/prarthanapatel/Desktop/Himanshi/speech_emotion_detection-develop-v2/cremad_preprocessed/audio/1070_TIE_NEU_XX.wav,1070_TIE_NEU_XX.wav,1070,train,0,neutral,0,neutral,0.940971314907074
/Users/prarthanapatel/Desktop/Himanshi/speech_emotion_detection-develop-v2/cremad_preprocessed/audio/1070_TIE_SAD_XX.wav,1070_TIE_SAD_XX.wav,1070,train,2,sad,2,sad,0.5485821962356567
/Users/prarthanapatel/Desktop/Himanshi/speech_emotion_detection-develop-v2/cremad_preprocessed/audio/1070_TSI_ANG_XX.wav,1070_TSI_ANG_XX.wav,1070,train,3,angry,3,angry,0.9942018389701843
/Users/prarthanapatel/Desktop/Himanshi/speech_emotion_detection-develop-v2/cremad_preprocessed/audio/1070_TSI_DIS_XX.wav,1070_TSI_DIS_XX.wav,1070,train,5,disgust,5,disgust,0.8917041420936584
/Users/prarthanapatel/Desktop/Himanshi/speech_emotion_detection-develop-v2/cremad_preprocessed/audio/1070_TSI_FEA_XX.wav,1070_TSI_FEA_XX.wav,1070,train,4,fearful,1,happy,0.8558495044708252
/Users/prarthanapatel/Desktop/Himanshi/speech_emotion_detection-develop-v2/cremad_preprocessed/audio/1070_TSI_HAP_XX.wav,1070_TSI_HAP_XX.wav,1070,train,1,happy,1,happy,0.9715116024017334
/Users/prarthanapatel/Desktop/Himanshi/speech_emotion_detection-develop-v2/cremad_preprocessed/audio/1070_TSI_NEU_XX.wav,1070_TSI_NEU_XX.wav,1070,train,0,neutral,0,neutral,0.9859112501144409
/Users/prarthanapatel/Desktop/Himanshi/speech_emotion_detection-develop-v2/cremad_preprocessed/audio/1070_TSI_SAD_XX.wav,1070_TSI_SAD_XX.wav,1070,train,2,sad,4,fearful,0.4984690546989441
/Users/prarthanapatel/Desktop/Himanshi/speech_emotion_detection-develop-v2/cremad_preprocessed/audio/1070_WSI_ANG_XX.wav,1070_WSI_ANG_XX.wav,1070,train,3,angry,3,angry,0.9934834837913513
/Users/prarthanapatel/Desktop/Himanshi/speech_emotion_detection-develop-v2/cremad_preprocessed/audio/1070_WSI_DIS_XX.wav,1070_WSI_DIS_XX.wav,1070,train,5,disgust,5,disgust,0.7923579216003418
/Users/prarthanapatel/Desktop/Himanshi/speech_emotion_detection-develop-v2/cremad_preprocessed/audio/1070_WSI_FEA_XX.wav,1070_WSI_FEA_XX.wav,1070,train,4,fearful,4,fearful,0.9503418803215027
/Users/prarthanapatel/Desktop/Himanshi/speech_emotion_detection-develop-v2/cremad_preprocessed/audio/1070_WSI_HAP_XX.wav,1070_WSI_HAP_XX.wav,1070,train,1,happy,1,happy,0.960595965385437
/Users/prarthanapatel/Desktop/Himanshi/speech_emotion_detection-develop-v2/cremad_preprocessed/audio/1070_WSI_NEU_XX.wav,1070_WSI_NEU_XX.wav,1070,train,0,neutral,0,neutral,0.7425769567489624
/Users/prarthanapatel/Desktop/Himanshi/speech_emotion_detection-develop-v2/cremad_preprocessed/audio/1070_WSI_SAD_XX.wav,1070_WSI_SAD_XX.wav,1070,train,2,sad,1,happy,0.6582855582237244
/Users/prarthanapatel/Desktop/Himanshi/speech_emotion_detection-develop-v2/cremad_preprocessed/audio/1071_DFA_ANG_XX.wav,1071_DFA_ANG_XX.wav,1071,train,3,angry,3,angry,0.9360910654067993
/Users/prarthanapatel/Desktop/Himanshi/speech_emotion_detection-develop-v2/cremad_preprocessed/audio/1071_DFA_DIS_XX.wav,1071_DFA_DIS_XX.wav,1071,train,5,disgust,5,disgust,0.9569750428199768
/Users/prarthanapatel/Desktop/Himanshi/speech_emotion_detection-develop-v2/cremad_preprocessed/audio/1071_DFA_FEA_XX.wav,1071_DFA_FEA_XX.wav,1071,train,4,fearful,4,fearful,0.9430071711540222
/Users/prarthanapatel/Desktop/Himanshi/speech_emotion_detection-develop-v2/cremad_preprocessed/audio/1071_DFA_HAP_XX.wav,1071_DFA_HAP_XX.wav,1071,train,1,happy,1,happy,0.9660313725471497
/Users/prarthanapatel/Desktop/Himanshi/speech_emotion_detection-develop-v2/cremad_preprocessed/audio/1071_DFA_NEU_XX.wav,1071_DFA_NEU_XX.wav,1071,train,0,neutral,0,neutral,0.9681896567344666
/Users/prarthanapatel/Desktop/Himanshi/speech_emotion_detection-develop-v2/cremad_preprocessed/audio/1071_DFA_SAD_XX.wav,1071_DFA_SAD_XX.wav,1071,train,2,sad,2,sad,0.8468185067176819
/Users/prarthanapatel/Desktop/Himanshi/speech_emotion_detection-develop-v2/cremad_preprocessed/audio/1071_IEO_ANG_HI.wav,1071_IEO_ANG_HI.wav,1071,train,3,angry,3,angry,0.99434494972229
/Users/prarthanapatel/Desktop/Himanshi/speech_emotion_detection-develop-v2/cremad_preprocessed/audio/1071_IEO_ANG_LO.wav,1071_IEO_ANG_LO.wav,1071,train,3,angry,3,angry,0.6572713255882263
/Users/prarthanapatel/Desktop/Himanshi/speech_emotion_detection-develop-v2/cremad_preprocessed/audio/1071_IEO_ANG_MD.wav,1071_IEO_ANG_MD.wav,1071,train,3,angry,3,angry,0.9851676821708679
/Users/prarthanapatel/Desktop/Himanshi/speech_emotion_detection-develop-v2/cremad_preprocessed/audio/1071_IEO_DIS_HI.wav,1071_IEO_DIS_HI.wav,1071,train,5,disgust,5,disgust,0.6164630651473999
/Users/prarthanapatel/Desktop/Himanshi/speech_emotion_detection-develop-v2/cremad_preprocessed/audio/1071_IEO_DIS_LO.wav,1071_IEO_DIS_LO.wav,1071,train,5,disgust,4,fearful,0.589422345161438
/Users/prarthanapatel/Desktop/Himanshi/speech_emotion_detection-develop-v2/cremad_preprocessed/audio/1071_IEO_DIS_MD.wav,1071_IEO_DIS_MD.wav,1071,train,5,disgust,5,disgust,0.9066160917282104
/Users/prarthanapatel/Desktop/Himanshi/speech_emotion_detection-develop-v2/cremad_preprocessed/audio/1071_IEO_FEA_HI.wav,1071_IEO_FEA_HI.wav,1071,train,4,fearful,4,fearful,0.9105892777442932
/Users/prarthanapatel/Desktop/Himanshi/speech_emotion_detection-develop-v2/cremad_preprocessed/audio/1071_IEO_FEA_LO.wav,1071_IEO_FEA_LO.wav,1071,train,4,fearful,2,sad,0.4989008605480194
/Users/prarthanapatel/Desktop/Himanshi/speech_emotion_detection-develop-v2/cremad_preprocessed/audio/1071_IEO_FEA_MD.wav,1071_IEO_FEA_MD.wav,1071,train,4,fearful,4,fearful,0.3674933612346649
/Users/prarthanapatel/Desktop/Himanshi/speech_emotion_detection-develop-v2/cremad_preprocessed/audio/1071_IEO_HAP_HI.wav,1071_IEO_HAP_HI.wav,1071,train,1,happy,1,happy,0.8448177576065063
/Users/prarthanapatel/Desktop/Himanshi/speech_emotion_detection-develop-v2/cremad_preprocessed/audio/1071_IEO_HAP_LO.wav,1071_IEO_HAP_LO.wav,1071,train,1,happy,1,happy,0.8806121349334717
/Users/prarthanapatel/Desktop/Himanshi/speech_emotion_detection-develop-v2/cremad_preprocessed/audio/1071_IEO_HAP_MD.wav,1071_IEO_HAP_MD.wav,1071,train,1,happy,0,neutral,0.8993630409240723
/Users/prarthanapatel/Desktop/Himanshi/speech_emotion_detection-develop-v2/cremad_preprocessed/audio/1071_IEO_NEU_XX.wav,1071_IEO_NEU_XX.wav,1071,train,0,neutral,2,sad,0.6614634394645691
/Users/prarthanapatel/Desktop/Himanshi/speech_emotion_detection-develop-v2/cremad_preprocessed/audio/1071_IEO_SAD_HI.wav,1071_IEO_SAD_HI.wav,1071,train,2,sad,2,sad,0.7170094847679138
/Users/prarthanapatel/Desktop/Himanshi/speech_emotion_detection-develop-v2/cremad_preprocessed/audio/1071_IEO_SAD_LO.wav,1071_IEO_SAD_LO.wav,1071,train,2,sad,2,sad,0.7492084503173828
/Users/prarthanapatel/Desktop/Himanshi/speech_emotion_detection-develop-v2/cremad_preprocessed/audio/1071_IEO_SAD_MD.wav,1071_IEO_SAD_MD.wav,1071,train,2,sad,2,sad,0.6220818161964417
/Users/prarthanapatel/Desktop/Himanshi/speech_emotion_detection-develop-v2/cremad_preprocessed/audio/1071_IOM_ANG_XX.wav,1071_IOM_ANG_XX.wav,1071,train,3,angry,3,angry,0.9924052357673645
/Users/prarthanapatel/Desktop/Himanshi/speech_emotion_detection-develop-v2/cremad_preprocessed/audio/1071_IOM_DIS_XX.wav,1071_IOM_DIS_XX.wav,1071,train,5,disgust,2,sad,0.77034592628479
/Users/prarthanapatel/Desktop/Himanshi/speech_emotion_detection-develop-v2/cremad_preprocessed/audio/1071_IOM_FEA_XX.wav,1071_IOM_FEA_XX.wav,1071,train,4,fearful,2,sad,0.8642919659614563
/Users/prarthanapatel/Desktop/Himanshi/speech_emotion_detection-develop-v2/cremad_preprocessed/audio/1071_IOM_HAP_XX.wav,1071_IOM_HAP_XX.wav,1071,train,1,happy,1,happy,0.711212158203125
/Users/prarthanapatel/Desktop/Himanshi/speech_emotion_detection-develop-v2/cremad_preprocessed/audio/1071_IOM_NEU_XX.wav,1071_IOM_NEU_XX.wav,1071,train,0,neutral,0,neutral,0.9754574298858643
/Users/prarthanapatel/Desktop/Himanshi/speech_emotion_detection-develop-v2/cremad_preprocessed/audio/1071_IOM_SAD_XX.wav,1071_IOM_SAD_XX.wav,1071,train,2,sad,2,sad,0.847396731376648
/Users/prarthanapatel/Desktop/Himanshi/speech_emotion_detection-develop-v2/cremad_preprocessed/audio/1071_ITH_ANG_XX.wav,1071_ITH_ANG_XX.wav,1071,train,3,angry,3,angry,0.9911950826644897
/Users/prarthanapatel/Desktop/Himanshi/speech_emotion_detection-develop-v2/cremad_preprocessed/audio/1071_ITH_DIS_XX.wav,1071_ITH_DIS_XX.wav,1071,train,5,disgust,2,sad,0.718297004699707
/Users/prarthanapatel/Desktop/Himanshi/speech_emotion_detection-develop-v2/cremad_preprocessed/audio/1071_ITH_FEA_XX.wav,1071_ITH_FEA_XX.wav,1071,train,4,fearful,4,fearful,0.5077641606330872
/Users/prarthanapatel/Desktop/Himanshi/speech_emotion_detection-develop-v2/cremad_preprocessed/audio/1071_ITH_HAP_XX.wav,1071_ITH_HAP_XX.wav,1071,train,1,happy,1,happy,0.9614793062210083
/Users/prarthanapatel/Desktop/Himanshi/speech_emotion_detection-develop-v2/cremad_preprocessed/audio/1071_ITH_NEU_XX.wav,1071_ITH_NEU_XX.wav,1071,train,0,neutral,0,neutral,0.6773584485054016
/Users/prarthanapatel/Desktop/Himanshi/speech_emotion_detection-develop-v2/cremad_preprocessed/audio/1071_ITH_SAD_XX.wav,1071_ITH_SAD_XX.wav,1071,train,2,sad,2,sad,0.6943626999855042
/Users/prarthanapatel/Desktop/Himanshi/speech_emotion_detection-develop-v2/cremad_preprocessed/audio/1071_ITS_ANG_XX.wav,1071_ITS_ANG_XX.wav,1071,train,3,angry,3,angry,0.5832282900810242
/Users/prarthanapatel/Desktop/Himanshi/speech_emotion_detection-develop-v2/cremad_preprocessed/audio/1071_ITS_DIS_XX.wav,1071_ITS_DIS_XX.wav,1071,train,5,disgust,2,sad,0.8598365783691406
/Users/prarthanapatel/Desktop/Himanshi/speech_emotion_detection-develop-v2/cremad_preprocessed/audio/1071_ITS_FEA_XX.wav,1071_ITS_FEA_XX.wav,1071,train,4,fearful,4,fearful,0.9571847319602966
/Users/prarthanapatel/Desktop/Himanshi/speech_emotion_detection-develop-v2/cremad_preprocessed/audio/1071_ITS_HAP_XX.wav,1071_ITS_HAP_XX.wav,1071,train,1,happy,1,happy,0.9774724841117859
/Users/prarthanapatel/Desktop/Himanshi/speech_emotion_detection-develop-v2/cremad_preprocessed/audio/1071_ITS_NEU_XX.wav,1071_ITS_NEU_XX.wav,1071,train,0,neutral,0,neutral,0.5790669322013855
/Users/prarthanapatel/Desktop/Himanshi/speech_emotion_detection-develop-v2/cremad_preprocessed/audio/1071_ITS_SAD_XX.wav,1071_ITS_SAD_XX.wav,1071,train,2,sad,2,sad,0.6957575678825378
/Users/prarthanapatel/Desktop/Himanshi/speech_emotion_detection-develop-v2/cremad_preprocessed/audio/1071_IWL_ANG_XX.wav,1071_IWL_ANG_XX.wav,1071,train,3,angry,3,angry,0.9931869506835938
/Users/prarthanapatel/Desktop/Himanshi/speech_emotion_detection-develop-v2/cremad_preprocessed/audio/1071_IWL_DIS_XX.wav,1071_IWL_DIS_XX.wav,1071,train,5,disgust,5,disgust,0.7306211590766907
/Users/prarthanapatel/Desktop/Himanshi/speech_emotion_detection-develop-v2/cremad_preprocessed/audio/1071_IWL_FEA_XX.wav,1071_IWL_FEA_XX.wav,1071,train,4,fearful,4,fearful,0.9602196216583252
/Users/prarthanapatel/Desktop/Himanshi/speech_emotion_detection-develop-v2/cremad_preprocessed/audio/1071_IWL_HAP_XX.wav,1071_IWL_HAP_XX.wav,1071,train,1,happy,3,angry,0.5211735963821411
/Users/prarthanapatel/Desktop/Himanshi/speech_emotion_detection-develop-v2/cremad_preprocessed/audio/1071_IWL_NEU_XX.wav,1071_IWL_NEU_XX.wav,1071,train,0,neutral,0,neutral,0.9497563242912292
/Users/prarthanapatel/Desktop/Himanshi/speech_emotion_detection-develop-v2/cremad_preprocessed/audio/1071_IWL_SAD_XX.wav,1071_IWL_SAD_XX.wav,1071,train,2,sad,2,sad,0.8716315031051636
/Users/prarthanapatel/Desktop/Himanshi/speech_emotion_detection-develop-v2/cremad_preprocessed/audio/1071_IWW_ANG_XX.wav,1071_IWW_ANG_XX.wav,1071,train,3,angry,3,angry,0.8571760654449463
/Users/prarthanapatel/Desktop/Himanshi/speech_emotion_detection-develop-v2/cremad_preprocessed/audio/1071_IWW_DIS_XX.wav,1071_IWW_DIS_XX.wav,1071,train,5,disgust,2,sad,0.8896568417549133
/Users/prarthanapatel/Desktop/Himanshi/speech_emotion_detection-develop-v2/cremad_preprocessed/audio/1071_IWW_FEA_XX.wav,1071_IWW_FEA_XX.wav,1071,train,4,fearful,2,sad,0.5073363780975342
/Users/prarthanapatel/Desktop/Himanshi/speech_emotion_detection-develop-v2/cremad_preprocessed/audio/1071_IWW_HAP_XX.wav,1071_IWW_HAP_XX.wav,1071,train,1,happy,1,happy,0.9744606018066406
/Users/prarthanapatel/Desktop/Himanshi/speech_emotion_detection-develop-v2/cremad_preprocessed/audio/1071_IWW_NEU_XX.wav,1071_IWW_NEU_XX.wav,1071,train,0,neutral,0,neutral,0.9503812193870544
/Users/prarthanapatel/Desktop/Himanshi/speech_emotion_detection-develop-v2/cremad_preprocessed/audio/1071_IWW_SAD_XX.wav,1071_IWW_SAD_XX.wav,1071,train,2,sad,2,sad,0.8200260996818542
/Users/prarthanapatel/Desktop/Himanshi/speech_emotion_detection-develop-v2/cremad_preprocessed/audio/1071_MTI_ANG_XX.wav,1071_MTI_ANG_XX.wav,1071,train,3,angry,3,angry,0.9941374063491821
/Users/prarthanapatel/Desktop/Himanshi/speech_emotion_detection-develop-v2/cremad_preprocessed/audio/1071_MTI_DIS_XX.wav,1071_MTI_DIS_XX.wav,1071,train,5,disgust,5,disgust,0.6847153902053833
/Users/prarthanapatel/Desktop/Himanshi/speech_emotion_detection-develop-v2/cremad_preprocessed/audio/1071_MTI_FEA_XX.wav,1071_MTI_FEA_XX.wav,1071,train,4,fearful,4,fearful,0.8330179452896118
/Users/prarthanapatel/Desktop/Himanshi/speech_emotion_detection-develop-v2/cremad_preprocessed/audio/1071_MTI_HAP_XX.wav,1071_MTI_HAP_XX.wav,1071,train,1,happy,1,happy,0.9492142796516418
/Users/prarthanapatel/Desktop/Himanshi/speech_emotion_detection-develop-v2/cremad_preprocessed/audio/1071_MTI_NEU_XX.wav,1071_MTI_NEU_XX.wav,1071,train,0,neutral,0,neutral,0.980530858039856
/Users/prarthanapatel/Desktop/Himanshi/speech_emotion_detection-develop-v2/cremad_preprocessed/audio/1071_MTI_SAD_XX.wav,1071_MTI_SAD_XX.wav,1071,train,2,sad,2,sad,0.6956951022148132
/Users/prarthanapatel/Desktop/Himanshi/speech_emotion_detection-develop-v2/cremad_preprocessed/audio/1071_TAI_ANG_XX.wav,1071_TAI_ANG_XX.wav,1071,train,3,angry,3,angry,0.4968854486942291
/Users/prarthanapatel/Desktop/Himanshi/speech_emotion_detection-develop-v2/cremad_preprocessed/audio/1071_TAI_DIS_XX.wav,1071_TAI_DIS_XX.wav,1071,train,5,disgust,2,sad,0.5659435987472534
/Users/prarthanapatel/Desktop/Himanshi/speech_emotion_detection-develop-v2/cremad_preprocessed/audio/1071_TAI_FEA_XX.wav,1071_TAI_FEA_XX.wav,1071,train,4,fearful,4,fearful,0.5070176124572754
/Users/prarthanapatel/Desktop/Himanshi/speech_emotion_detection-develop-v2/cremad_preprocessed/audio/1071_TAI_HAP_XX.wav,1071_TAI_HAP_XX.wav,1071,train,1,happy,3,angry,0.9466893672943115
/Users/prarthanapatel/Desktop/Himanshi/speech_emotion_detection-develop-v2/cremad_preprocessed/audio/1071_TAI_NEU_XX.wav,1071_TAI_NEU_XX.wav,1071,train,0,neutral,0,neutral,0.9388874173164368
/Users/prarthanapatel/Desktop/Himanshi/speech_emotion_detection-develop-v2/cremad_preprocessed/audio/1071_TAI_SAD_XX.wav,1071_TAI_SAD_XX.wav,1071,train,2,sad,2,sad,0.8698369860649109
/Users/prarthanapatel/Desktop/Himanshi/speech_emotion_detection-develop-v2/cremad_preprocessed/audio/1071_TIE_ANG_XX.wav,1071_TIE_ANG_XX.wav,1071,train,3,angry,3,angry,0.9945584535598755
/Users/prarthanapatel/Desktop/Himanshi/speech_emotion_detection-develop-v2/cremad_preprocessed/audio/1071_TIE_DIS_XX.wav,1071_TIE_DIS_XX.wav,1071,train,5,disgust,2,sad,0.538379430770874
/Users/prarthanapatel/Desktop/Himanshi/speech_emotion_detection-develop-v2/cremad_preprocessed/audio/1071_TIE_FEA_XX.wav,1071_TIE_FEA_XX.wav,1071,train,4,fearful,0,neutral,0.43136754631996155
/Users/prarthanapatel/Desktop/Himanshi/speech_emotion_detection-develop-v2/cremad_preprocessed/audio/1071_TIE_HAP_XX.wav,1071_TIE_HAP_XX.wav,1071,train,1,happy,1,happy,0.8168686032295227
/Users/prarthanapatel/Desktop/Himanshi/speech_emotion_detection-develop-v2/cremad_preprocessed/audio/1071_TIE_NEU_XX.wav,1071_TIE_NEU_XX.wav,1071,train,0,neutral,0,neutral,0.9146124720573425
/Users/prarthanapatel/Desktop/Himanshi/speech_emotion_detection-develop-v2/cremad_preprocessed/audio/1071_TIE_SAD_XX.wav,1071_TIE_SAD_XX.wav,1071,train,2,sad,4,fearful,0.5465795397758484
/Users/prarthanapatel/Desktop/Himanshi/speech_emotion_detection-develop-v2/cremad_preprocessed/audio/1071_TSI_ANG_XX.wav,1071_TSI_ANG_XX.wav,1071,train,3,angry,3,angry,0.9943205118179321
/Users/prarthanapatel/Desktop/Himanshi/speech_emotion_detection-develop-v2/cremad_preprocessed/audio/1071_TSI_DIS_XX.wav,1071_TSI_DIS_XX.wav,1071,train,5,disgust,5,disgust,0.6267344355583191
/Users/prarthanapatel/Desktop/Himanshi/speech_emotion_detection-develop-v2/cremad_preprocessed/audio/1071_TSI_FEA_XX.wav,1071_TSI_FEA_XX.wav,1071,train,4,fearful,4,fearful,0.9327701330184937
/Users/prarthanapatel/Desktop/Himanshi/speech_emotion_detection-develop-v2/cremad_preprocessed/audio/1071_TSI_HAP_XX.wav,1071_TSI_HAP_XX.wav,1071,train,1,happy,3,angry,0.7826595306396484
/Users/prarthanapatel/Desktop/Himanshi/speech_emotion_detection-develop-v2/cremad_preprocessed/audio/1071_TSI_NEU_XX.wav,1071_TSI_NEU_XX.wav,1071,train,0,neutral,0,neutral,0.9704704880714417
/Users/prarthanapatel/Desktop/Himanshi/speech_emotion_detection-develop-v2/cremad_preprocessed/audio/1071_TSI_SAD_XX.wav,1071_TSI_SAD_XX.wav,1071,train,2,sad,2,sad,0.7073156237602234
/Users/prarthanapatel/Desktop/Himanshi/speech_emotion_detection-develop-v2/cremad_preprocessed/audio/1071_WSI_ANG_XX.wav,1071_WSI_ANG_XX.wav,1071,train,3,angry,3,angry,0.9923518300056458
/Users/prarthanapatel/Desktop/Himanshi/speech_emotion_detection-develop-v2/cremad_preprocessed/audio/1071_WSI_DIS_XX.wav,1071_WSI_DIS_XX.wav,1071,train,5,disgust,2,sad,0.8902856707572937
/Users/prarthanapatel/Desktop/Himanshi/speech_emotion_detection-develop-v2/cremad_preprocessed/audio/1071_WSI_FEA_XX.wav,1071_WSI_FEA_XX.wav,1071,train,4,fearful,4,fearful,0.943107545375824
/Users/prarthanapatel/Desktop/Himanshi/speech_emotion_detection-develop-v2/cremad_preprocessed/audio/1071_WSI_HAP_XX.wav,1071_WSI_HAP_XX.wav,1071,train,1,happy,1,happy,0.9553313851356506
/Users/prarthanapatel/Desktop/Himanshi/speech_emotion_detection-develop-v2/cremad_preprocessed/audio/1071_WSI_NEU_XX.wav,1071_WSI_NEU_XX.wav,1071,train,0,neutral,0,neutral,0.9814040660858154
/Users/prarthanapatel/Desktop/Himanshi/speech_emotion_detection-develop-v2/cremad_preprocessed/audio/1071_WSI_SAD_XX.wav,1071_WSI_SAD_XX.wav,1071,train,2,sad,2,sad,0.9046606421470642
/Users/prarthanapatel/Desktop/Himanshi/speech_emotion_detection-develop-v2/cremad_preprocessed/audio/1072_DFA_ANG_XX.wav,1072_DFA_ANG_XX.wav,1072,train,3,angry,3,angry,0.9888436794281006
/Users/prarthanapatel/Desktop/Himanshi/speech_emotion_detection-develop-v2/cremad_preprocessed/audio/1072_DFA_DIS_XX.wav,1072_DFA_DIS_XX.wav,1072,train,5,disgust,5,disgust,0.8670304417610168
/Users/prarthanapatel/Desktop/Himanshi/speech_emotion_detection-develop-v2/cremad_preprocessed/audio/1072_DFA_FEA_XX.wav,1072_DFA_FEA_XX.wav,1072,train,4,fearful,4,fearful,0.9556119441986084
/Users/prarthanapatel/Desktop/Himanshi/speech_emotion_detection-develop-v2/cremad_preprocessed/audio/1072_DFA_HAP_XX.wav,1072_DFA_HAP_XX.wav,1072,train,1,happy,3,angry,0.805759072303772
/Users/prarthanapatel/Desktop/Himanshi/speech_emotion_detection-develop-v2/cremad_preprocessed/audio/1072_DFA_NEU_XX.wav,1072_DFA_NEU_XX.wav,1072,train,0,neutral,0,neutral,0.9844369888305664
/Users/prarthanapatel/Desktop/Himanshi/speech_emotion_detection-develop-v2/cremad_preprocessed/audio/1072_DFA_SAD_XX.wav,1072_DFA_SAD_XX.wav,1072,train,2,sad,4,fearful,0.8709559440612793
/Users/prarthanapatel/Desktop/Himanshi/speech_emotion_detection-develop-v2/cremad_preprocessed/audio/1072_IEO_ANG_HI.wav,1072_IEO_ANG_HI.wav,1072,train,3,angry,3,angry,0.9944241642951965
/Users/prarthanapatel/Desktop/Himanshi/speech_emotion_detection-develop-v2/cremad_preprocessed/audio/1072_IEO_ANG_LO.wav,1072_IEO_ANG_LO.wav,1072,train,3,angry,3,angry,0.9870856404304504
/Users/prarthanapatel/Desktop/Himanshi/speech_emotion_detection-develop-v2/cremad_preprocessed/audio/1072_IEO_ANG_MD.wav,1072_IEO_ANG_MD.wav,1072,train,3,angry,3,angry,0.9923054575920105
/Users/prarthanapatel/Desktop/Himanshi/speech_emotion_detection-develop-v2/cremad_preprocessed/audio/1072_IEO_DIS_HI.wav,1072_IEO_DIS_HI.wav,1072,train,5,disgust,5,disgust,0.9316986799240112
/Users/prarthanapatel/Desktop/Himanshi/speech_emotion_detection-develop-v2/cremad_preprocessed/audio/1072_IEO_DIS_LO.wav,1072_IEO_DIS_LO.wav,1072,train,5,disgust,2,sad,0.4849568009376526
/Users/prarthanapatel/Desktop/Himanshi/speech_emotion_detection-develop-v2/cremad_preprocessed/audio/1072_IEO_DIS_MD.wav,1072_IEO_DIS_MD.wav,1072,train,5,disgust,3,angry,0.785767138004303
/Users/prarthanapatel/Desktop/Himanshi/speech_emotion_detection-develop-v2/cremad_preprocessed/audio/1072_IEO_FEA_HI.wav,1072_IEO_FEA_HI.wav,1072,train,4,fearful,4,fearful,0.9645838737487793
/Users/prarthanapatel/Desktop/Himanshi/speech_emotion_detection-develop-v2/cremad_preprocessed/audio/1072_IEO_FEA_LO.wav,1072_IEO_FEA_LO.wav,1072,train,4,fearful,4,fearful,0.9570932984352112
/Users/prarthanapatel/Desktop/Himanshi/speech_emotion_detection-develop-v2/cremad_preprocessed/audio/1072_IEO_FEA_MD.wav,1072_IEO_FEA_MD.wav,1072,train,4,fearful,4,fearful,0.8878732919692993
/Users/prarthanapatel/Desktop/Himanshi/speech_emotion_detection-develop-v2/cremad_preprocessed/audio/1072_IEO_HAP_HI.wav,1072_IEO_HAP_HI.wav,1072,train,1,happy,1,happy,0.9789010286331177
/Users/prarthanapatel/Desktop/Himanshi/speech_emotion_detection-develop-v2/cremad_preprocessed/audio/1072_IEO_HAP_LO.wav,1072_IEO_HAP_LO.wav,1072,train,1,happy,1,happy,0.9665287137031555
/Users/prarthanapatel/Desktop/Himanshi/speech_emotion_detection-develop-v2/cremad_preprocessed/audio/1072_IEO_HAP_MD.wav,1072_IEO_HAP_MD.wav,1072,train,1,happy,1,happy,0.718709409236908
/Users/prarthanapatel/Desktop/Himanshi/speech_emotion_detection-develop-v2/cremad_preprocessed/audio/1072_IEO_NEU_XX.wav,1072_IEO_NEU_XX.wav,1072,train,0,neutral,0,neutral,0.9554145932197571
/Users/prarthanapatel/Desktop/Himanshi/speech_emotion_detection-develop-v2/cremad_preprocessed/audio/1072_IEO_SAD_HI.wav,1072_IEO_SAD_HI.wav,1072,train,2,sad,1,happy,0.6385163068771362
/Users/prarthanapatel/Desktop/Himanshi/speech_emotion_detection-develop-v2/cremad_preprocessed/audio/1072_IEO_SAD_LO.wav,1072_IEO_SAD_LO.wav,1072,train,2,sad,4,fearful,0.4846327304840088
/Users/prarthanapatel/Desktop/Himanshi/speech_emotion_detection-develop-v2/cremad_preprocessed/audio/1072_IEO_SAD_MD.wav,1072_IEO_SAD_MD.wav,1072,train,2,sad,4,fearful,0.8322058320045471
/Users/prarthanapatel/Desktop/Himanshi/speech_emotion_detection-develop-v2/cremad_preprocessed/audio/1072_IOM_ANG_XX.wav,1072_IOM_ANG_XX.wav,1072,train,3,angry,3,angry,0.9948423504829407
/Users/prarthanapatel/Desktop/Himanshi/speech_emotion_detection-develop-v2/cremad_preprocessed/audio/1072_IOM_DIS_XX.wav,1072_IOM_DIS_XX.wav,1072,train,5,disgust,4,fearful,0.6018192768096924
/Users/prarthanapatel/Desktop/Himanshi/speech_emotion_detection-develop-v2/cremad_preprocessed/audio/1072_IOM_FEA_XX.wav,1072_IOM_FEA_XX.wav,1072,train,4,fearful,4,fearful,0.9399545192718506
/Users/prarthanapatel/Desktop/Himanshi/speech_emotion_detection-develop-v2/cremad_preprocessed/audio/1072_IOM_HAP_XX.wav,1072_IOM_HAP_XX.wav,1072,train,1,happy,1,happy,0.8730020523071289
/Users/prarthanapatel/Desktop/Himanshi/speech_emotion_detection-develop-v2/cremad_preprocessed/audio/1072_IOM_NEU_XX.wav,1072_IOM_NEU_XX.wav,1072,train,0,neutral,0,neutral,0.9698728919029236
/Users/prarthanapatel/Desktop/Himanshi/speech_emotion_detection-develop-v2/cremad_preprocessed/audio/1072_IOM_SAD_XX.wav,1072_IOM_SAD_XX.wav,1072,train,2,sad,2,sad,0.49760758876800537
/Users/prarthanapatel/Desktop/Himanshi/speech_emotion_detection-develop-v2/cremad_preprocessed/audio/1072_ITH_ANG_XX.wav,1072_ITH_ANG_XX.wav,1072,train,3,angry,3,angry,0.9933241009712219
/Users/prarthanapatel/Desktop/Himanshi/speech_emotion_detection-develop-v2/cremad_preprocessed/audio/1072_ITH_DIS_XX.wav,1072_ITH_DIS_XX.wav,1072,train,5,disgust,5,disgust,0.7564406991004944
/Users/prarthanapatel/Desktop/Himanshi/speech_emotion_detection-develop-v2/cremad_preprocessed/audio/1072_ITH_FEA_XX.wav,1072_ITH_FEA_XX.wav,1072,train,4,fearful,4,fearful,0.9481040239334106
/Users/prarthanapatel/Desktop/Himanshi/speech_emotion_detection-develop-v2/cremad_preprocessed/audio/1072_ITH_HAP_XX.wav,1072_ITH_HAP_XX.wav,1072,train,1,happy,1,happy,0.9570436477661133
/Users/prarthanapatel/Desktop/Himanshi/speech_emotion_detection-develop-v2/cremad_preprocessed/audio/1072_ITH_NEU_XX.wav,1072_ITH_NEU_XX.wav,1072,train,0,neutral,0,neutral,0.9789837002754211
/Users/prarthanapatel/Desktop/Himanshi/speech_emotion_detection-develop-v2/cremad_preprocessed/audio/1072_ITH_SAD_XX.wav,1072_ITH_SAD_XX.wav,1072,train,2,sad,0,neutral,0.9833329916000366
/Users/prarthanapatel/Desktop/Himanshi/speech_emotion_detection-develop-v2/cremad_preprocessed/audio/1072_ITS_ANG_XX.wav,1072_ITS_ANG_XX.wav,1072,train,3,angry,3,angry,0.9949742555618286
/Users/prarthanapatel/Desktop/Himanshi/speech_emotion_detection-develop-v2/cremad_preprocessed/audio/1072_ITS_DIS_XX.wav,1072_ITS_DIS_XX.wav,1072,train,5,disgust,1,happy,0.9106661677360535
/Users/prarthanapatel/Desktop/Himanshi/speech_emotion_detection-develop-v2/cremad_preprocessed/audio/1072_ITS_FEA_XX.wav,1072_ITS_FEA_XX.wav,1072,train,4,fearful,4,fearful,0.9646883010864258
/Users/prarthanapatel/Desktop/Himanshi/speech_emotion_detection-develop-v2/cremad_preprocessed/audio/1072_ITS_HAP_XX.wav,1072_ITS_HAP_XX.wav,1072,train,1,happy,1,happy,0.9788590669631958
/Users/prarthanapatel/Desktop/Himanshi/speech_emotion_detection-develop-v2/cremad_preprocessed/audio/1072_ITS_NEU_XX.wav,1072_ITS_NEU_XX.wav,1072,train,0,neutral,0,neutral,0.8799890875816345
/Users/prarthanapatel/Desktop/Himanshi/speech_emotion_detection-develop-v2/cremad_preprocessed/audio/1072_ITS_SAD_XX.wav,1072_ITS_SAD_XX.wav,1072,train,2,sad,1,happy,0.8720420598983765
/Users/prarthanapatel/Desktop/Himanshi/speech_emotion_detection-develop-v2/cremad_preprocessed/audio/1072_IWL_ANG_XX.wav,1072_IWL_ANG_XX.wav,1072,train,3,angry,3,angry,0.9951502680778503
/Users/prarthanapatel/Desktop/Himanshi/speech_emotion_detection-develop-v2/cremad_preprocessed/audio/1072_IWL_DIS_XX.wav,1072_IWL_DIS_XX.wav,1072,train,5,disgust,5,disgust,0.9260257482528687
/Users/prarthanapatel/Desktop/Himanshi/speech_emotion_detection-develop-v2/cremad_preprocessed/audio/1072_IWL_FEA_XX.wav,1072_IWL_FEA_XX.wav,1072,train,4,fearful,4,fearful,0.9629340767860413
/Users/prarthanapatel/Desktop/Himanshi/speech_emotion_detection-develop-v2/cremad_preprocessed/audio/1072_IWL_HAP_XX.wav,1072_IWL_HAP_XX.wav,1072,train,1,happy,1,happy,0.9432554841041565
/Users/prarthanapatel/Desktop/Himanshi/speech_emotion_detection-develop-v2/cremad_preprocessed/audio/1072_IWL_NEU_XX.wav,1072_IWL_NEU_XX.wav,1072,train,0,neutral,0,neutral,0.9864333868026733
/Users/prarthanapatel/Desktop/Himanshi/speech_emotion_detection-develop-v2/cremad_preprocessed/audio/1072_IWL_SAD_XX.wav,1072_IWL_SAD_XX.wav,1072,train,2,sad,0,neutral,0.9798499345779419
/Users/prarthanapatel/Desktop/Himanshi/speech_emotion_detection-develop-v2/cremad_preprocessed/audio/1072_IWW_ANG_XX.wav,1072_IWW_ANG_XX.wav,1072,train,3,angry,3,angry,0.9950234889984131
/Users/prarthanapatel/Desktop/Himanshi/speech_emotion_detection-develop-v2/cremad_preprocessed/audio/1072_IWW_DIS_XX.wav,1072_IWW_DIS_XX.wav,1072,train,5,disgust,1,happy,0.59291672706604
/Users/prarthanapatel/Desktop/Himanshi/speech_emotion_detection-develop-v2/cremad_preprocessed/audio/1072_IWW_FEA_XX.wav,1072_IWW_FEA_XX.wav,1072,train,4,fearful,4,fearful,0.9507045149803162
/Users/prarthanapatel/Desktop/Himanshi/speech_emotion_detection-develop-v2/cremad_preprocessed/audio/1072_IWW_HAP_XX.wav,1072_IWW_HAP_XX.wav,1072,train,1,happy,4,fearful,0.5978939533233643
/Users/prarthanapatel/Desktop/Himanshi/speech_emotion_detection-develop-v2/cremad_preprocessed/audio/1072_IWW_NEU_XX.wav,1072_IWW_NEU_XX.wav,1072,train,0,neutral,0,neutral,0.9158347845077515
/Users/prarthanapatel/Desktop/Himanshi/speech_emotion_detection-develop-v2/cremad_preprocessed/audio/1072_IWW_SAD_XX.wav,1072_IWW_SAD_XX.wav,1072,train,2,sad,1,happy,0.6132402420043945
/Users/prarthanapatel/Desktop/Himanshi/speech_emotion_detection-develop-v2/cremad_preprocessed/audio/1072_MTI_ANG_XX.wav,1072_MTI_ANG_XX.wav,1072,train,3,angry,3,angry,0.9870170950889587
/Users/prarthanapatel/Desktop/Himanshi/speech_emotion_detection-develop-v2/cremad_preprocessed/audio/1072_MTI_DIS_XX.wav,1072_MTI_DIS_XX.wav,1072,train,5,disgust,5,disgust,0.5474126935005188
/Users/prarthanapatel/Desktop/Himanshi/speech_emotion_detection-develop-v2/cremad_preprocessed/audio/1072_MTI_FEA_XX.wav,1072_MTI_FEA_XX.wav,1072,train,4,fearful,4,fearful,0.9414150714874268
/Users/prarthanapatel/Desktop/Himanshi/speech_emotion_detection-develop-v2/cremad_preprocessed/audio/1072_MTI_HAP_XX.wav,1072_MTI_HAP_XX.wav,1072,train,1,happy,1,happy,0.980543315410614
/Users/prarthanapatel/Desktop/Himanshi/speech_emotion_detection-develop-v2/cremad_preprocessed/audio/1072_MTI_NEU_XX.wav,1072_MTI_NEU_XX.wav,1072,train,0,neutral,0,neutral,0.988520622253418
/Users/prarthanapatel/Desktop/Himanshi/speech_emotion_detection-develop-v2/cremad_preprocessed/audio/1072_MTI_SAD_XX.wav,1072_MTI_SAD_XX.wav,1072,train,2,sad,2,sad,0.7694309949874878
/Users/prarthanapatel/Desktop/Himanshi/speech_emotion_detection-develop-v2/cremad_preprocessed/audio/1072_TAI_ANG_XX.wav,1072_TAI_ANG_XX.wav,1072,train,3,angry,3,angry,0.9945313930511475
/Users/prarthanapatel/Desktop/Himanshi/speech_emotion_detection-develop-v2/cremad_preprocessed/audio/1072_TAI_DIS_XX.wav,1072_TAI_DIS_XX.wav,1072,train,5,disgust,0,neutral,0.9821873903274536
/Users/prarthanapatel/Desktop/Himanshi/speech_emotion_detection-develop-v2/cremad_preprocessed/audio/1072_TAI_FEA_XX.wav,1072_TAI_FEA_XX.wav,1072,train,4,fearful,4,fearful,0.9335585236549377
/Users/prarthanapatel/Desktop/Himanshi/speech_emotion_detection-develop-v2/cremad_preprocessed/audio/1072_TAI_HAP_XX.wav,1072_TAI_HAP_XX.wav,1072,train,1,happy,1,happy,0.9618222713470459
/Users/prarthanapatel/Desktop/Himanshi/speech_emotion_detection-develop-v2/cremad_preprocessed/audio/1072_TAI_NEU_XX.wav,1072_TAI_NEU_XX.wav,1072,train,0,neutral,0,neutral,0.9762619733810425
/Users/prarthanapatel/Desktop/Himanshi/speech_emotion_detection-develop-v2/cremad_preprocessed/audio/1072_TAI_SAD_XX.wav,1072_TAI_SAD_XX.wav,1072,train,2,sad,1,happy,0.5304673314094543
/Users/prarthanapatel/Desktop/Himanshi/speech_emotion_detection-develop-v2/cremad_preprocessed/audio/1072_TIE_ANG_XX.wav,1072_TIE_ANG_XX.wav,1072,train,3,angry,3,angry,0.9952321648597717
/Users/prarthanapatel/Desktop/Himanshi/speech_emotion_detection-develop-v2/cremad_preprocessed/audio/1072_TIE_DIS_XX.wav,1072_TIE_DIS_XX.wav,1072,train,5,disgust,5,disgust,0.5964475870132446
/Users/prarthanapatel/Desktop/Himanshi/speech_emotion_detection-develop-v2/cremad_preprocessed/audio/1072_TIE_FEA_XX.wav,1072_TIE_FEA_XX.wav,1072,train,4,fearful,4,fearful,0.9320879578590393
/Users/prarthanapatel/Desktop/Himanshi/speech_emotion_detection-develop-v2/cremad_preprocessed/audio/1072_TIE_HAP_XX.wav,1072_TIE_HAP_XX.wav,1072,train,1,happy,1,happy,0.8828477263450623
/Users/prarthanapatel/Desktop/Himanshi/speech_emotion_detection-develop-v2/cremad_preprocessed/audio/1072_TIE_NEU_XX.wav,1072_TIE_NEU_XX.wav,1072,train,0,neutral,0,neutral,0.984588086605072
/Users/prarthanapatel/Desktop/Himanshi/speech_emotion_detection-develop-v2/cremad_preprocessed/audio/1072_TIE_SAD_XX.wav,1072_TIE_SAD_XX.wav,1072,train,2,sad,0,neutral,0.8983829021453857
/Users/prarthanapatel/Desktop/Himanshi/speech_emotion_detection-develop-v2/cremad_preprocessed/audio/1072_TSI_ANG_XX.wav,1072_TSI_ANG_XX.wav,1072,train,3,angry,3,angry,0.9951871037483215
/Users/prarthanapatel/Desktop/Himanshi/speech_emotion_detection-develop-v2/cremad_preprocessed/audio/1072_TSI_DIS_XX.wav,1072_TSI_DIS_XX.wav,1072,train,5,disgust,1,happy,0.7140502333641052
/Users/prarthanapatel/Desktop/Himanshi/speech_emotion_detection-develop-v2/cremad_preprocessed/audio/1072_TSI_FEA_XX.wav,1072_TSI_FEA_XX.wav,1072,train,4,fearful,4,fearful,0.6737258434295654
/Users/prarthanapatel/Desktop/Himanshi/speech_emotion_detection-develop-v2/cremad_preprocessed/audio/1072_TSI_HAP_XX.wav,1072_TSI_HAP_XX.wav,1072,train,1,happy,1,happy,0.9681513905525208
/Users/prarthanapatel/Desktop/Himanshi/speech_emotion_detection-develop-v2/cremad_preprocessed/audio/1072_TSI_NEU_XX.wav,1072_TSI_NEU_XX.wav,1072,train,0,neutral,0,neutral,0.9831349849700928
/Users/prarthanapatel/Desktop/Himanshi/speech_emotion_detection-develop-v2/cremad_preprocessed/audio/1072_TSI_SAD_XX.wav,1072_TSI_SAD_XX.wav,1072,train,2,sad,2,sad,0.4696349799633026
/Users/prarthanapatel/Desktop/Himanshi/speech_emotion_detection-develop-v2/cremad_preprocessed/audio/1072_WSI_ANG_XX.wav,1072_WSI_ANG_XX.wav,1072,train,3,angry,3,angry,0.994602382183075
/Users/prarthanapatel/Desktop/Himanshi/speech_emotion_detection-develop-v2/cremad_preprocessed/audio/1072_WSI_DIS_XX.wav,1072_WSI_DIS_XX.wav,1072,train,5,disgust,5,disgust,0.9277310371398926
/Users/prarthanapatel/Desktop/Himanshi/speech_emotion_detection-develop-v2/cremad_preprocessed/audio/1072_WSI_FEA_XX.wav,1072_WSI_FEA_XX.wav,1072,train,4,fearful,4,fearful,0.9604556560516357
/Users/prarthanapatel/Desktop/Himanshi/speech_emotion_detection-develop-v2/cremad_preprocessed/audio/1072_WSI_HAP_XX.wav,1072_WSI_HAP_XX.wav,1072,train,1,happy,1,happy,0.9436303973197937
/Users/prarthanapatel/Desktop/Himanshi/speech_emotion_detection-develop-v2/cremad_preprocessed/audio/1072_WSI_NEU_XX.wav,1072_WSI_NEU_XX.wav,1072,train,0,neutral,0,neutral,0.5934834480285645
/Users/prarthanapatel/Desktop/Himanshi/speech_emotion_detection-develop-v2/cremad_preprocessed/audio/1072_WSI_SAD_XX.wav,1072_WSI_SAD_XX.wav,1072,train,2,sad,4,fearful,0.6108425855636597
/Users/prarthanapatel/Desktop/Himanshi/speech_emotion_detection-develop-v2/cremad_preprocessed/audio/1073_DFA_ANG_XX.wav,1073_DFA_ANG_XX.wav,1073,train,3,angry,3,angry,0.9940186738967896
/Users/prarthanapatel/Desktop/Himanshi/speech_emotion_detection-develop-v2/cremad_preprocessed/audio/1073_DFA_DIS_XX.wav,1073_DFA_DIS_XX.wav,1073,train,5,disgust,5,disgust,0.8518250584602356
/Users/prarthanapatel/Desktop/Himanshi/speech_emotion_detection-develop-v2/cremad_preprocessed/audio/1073_DFA_FEA_XX.wav,1073_DFA_FEA_XX.wav,1073,train,4,fearful,4,fearful,0.9607309699058533
/Users/prarthanapatel/Desktop/Himanshi/speech_emotion_detection-develop-v2/cremad_preprocessed/audio/1073_DFA_HAP_XX.wav,1073_DFA_HAP_XX.wav,1073,train,1,happy,1,happy,0.9294410347938538
/Users/prarthanapatel/Desktop/Himanshi/speech_emotion_detection-develop-v2/cremad_preprocessed/audio/1073_DFA_NEU_XX.wav,1073_DFA_NEU_XX.wav,1073,train,0,neutral,0,neutral,0.9817333221435547
/Users/prarthanapatel/Desktop/Himanshi/speech_emotion_detection-develop-v2/cremad_preprocessed/audio/1073_DFA_SAD_XX.wav,1073_DFA_SAD_XX.wav,1073,train,2,sad,2,sad,0.6355835795402527
/Users/prarthanapatel/Desktop/Himanshi/speech_emotion_detection-develop-v2/cremad_preprocessed/audio/1073_IEO_ANG_HI.wav,1073_IEO_ANG_HI.wav,1073,train,3,angry,3,angry,0.9948831796646118
/Users/prarthanapatel/Desktop/Himanshi/speech_emotion_detection-develop-v2/cremad_preprocessed/audio/1073_IEO_ANG_LO.wav,1073_IEO_ANG_LO.wav,1073,train,3,angry,3,angry,0.9937187433242798
/Users/prarthanapatel/Desktop/Himanshi/speech_emotion_detection-develop-v2/cremad_preprocessed/audio/1073_IEO_ANG_MD.wav,1073_IEO_ANG_MD.wav,1073,train,3,angry,3,angry,0.9906162619590759
/Users/prarthanapatel/Desktop/Himanshi/speech_emotion_detection-develop-v2/cremad_preprocessed/audio/1073_IEO_DIS_HI.wav,1073_IEO_DIS_HI.wav,1073,train,5,disgust,5,disgust,0.8730354905128479
/Users/prarthanapatel/Desktop/Himanshi/speech_emotion_detection-develop-v2/cremad_preprocessed/audio/1073_IEO_DIS_LO.wav,1073_IEO_DIS_LO.wav,1073,train,5,disgust,5,disgust,0.9426385164260864
/Users/prarthanapatel/Desktop/Himanshi/speech_emotion_detection-develop-v2/cremad_preprocessed/audio/1073_IEO_DIS_MD.wav,1073_IEO_DIS_MD.wav,1073,train,5,disgust,5,disgust,0.7065820097923279
/Users/prarthanapatel/Desktop/Himanshi/speech_emotion_detection-develop-v2/cremad_preprocessed/audio/1073_IEO_FEA_HI.wav,1073_IEO_FEA_HI.wav,1073,train,4,fearful,4,fearful,0.9190760850906372
/Users/prarthanapatel/Desktop/Himanshi/speech_emotion_detection-develop-v2/cremad_preprocessed/audio/1073_IEO_FEA_LO.wav,1073_IEO_FEA_LO.wav,1073,train,4,fearful,4,fearful,0.5262108445167542
/Users/prarthanapatel/Desktop/Himanshi/speech_emotion_detection-develop-v2/cremad_preprocessed/audio/1073_IEO_FEA_MD.wav,1073_IEO_FEA_MD.wav,1073,train,4,fearful,4,fearful,0.8286922574043274
/Users/prarthanapatel/Desktop/Himanshi/speech_emotion_detection-develop-v2/cremad_preprocessed/audio/1073_IEO_HAP_HI.wav,1073_IEO_HAP_HI.wav,1073,train,1,happy,1,happy,0.9657682776451111
/Users/prarthanapatel/Desktop/Himanshi/speech_emotion_detection-develop-v2/cremad_preprocessed/audio/1073_IEO_HAP_LO.wav,1073_IEO_HAP_LO.wav,1073,train,1,happy,1,happy,0.9469656348228455
/Users/prarthanapatel/Desktop/Himanshi/speech_emotion_detection-develop-v2/cremad_preprocessed/audio/1073_IEO_HAP_MD.wav,1073_IEO_HAP_MD.wav,1073,train,1,happy,1,happy,0.7425283193588257
/Users/prarthanapatel/Desktop/Himanshi/speech_emotion_detection-develop-v2/cremad_preprocessed/audio/1073_IEO_NEU_XX.wav,1073_IEO_NEU_XX.wav,1073,train,0,neutral,0,neutral,0.9844041466712952
/Users/prarthanapatel/Desktop/Himanshi/speech_emotion_detection-develop-v2/cremad_preprocessed/audio/1073_IEO_SAD_HI.wav,1073_IEO_SAD_HI.wav,1073,train,2,sad,2,sad,0.4855125844478607
/Users/prarthanapatel/Desktop/Himanshi/speech_emotion_detection-develop-v2/cremad_preprocessed/audio/1073_IEO_SAD_LO.wav,1073_IEO_SAD_LO.wav,1073,train,2,sad,4,fearful,0.47238484025001526
/Users/prarthanapatel/Desktop/Himanshi/speech_emotion_detection-develop-v2/cremad_preprocessed/audio/1073_IEO_SAD_MD.wav,1073_IEO_SAD_MD.wav,1073,train,2,sad,2,sad,0.6412492990493774
/Users/prarthanapatel/Desktop/Himanshi/speech_emotion_detection-develop-v2/cremad_preprocessed/audio/1073_IOM_ANG_XX.wav,1073_IOM_ANG_XX.wav,1073,train,3,angry,3,angry,0.9932981133460999
/Users/prarthanapatel/Desktop/Himanshi/speech_emotion_detection-develop-v2/cremad_preprocessed/audio/1073_IOM_DIS_XX.wav,1073_IOM_DIS_XX.wav,1073,train,5,disgust,5,disgust,0.7281004786491394
/Users/prarthanapatel/Desktop/Himanshi/speech_emotion_detection-develop-v2/cremad_preprocessed/audio/1073_IOM_FEA_XX.wav,1073_IOM_FEA_XX.wav,1073,train,4,fearful,4,fearful,0.7304043173789978
/Users/prarthanapatel/Desktop/Himanshi/speech_emotion_detection-develop-v2/cremad_preprocessed/audio/1073_IOM_HAP_XX.wav,1073_IOM_HAP_XX.wav,1073,train,1,happy,1,happy,0.9337411522865295
/Users/prarthanapatel/Desktop/Himanshi/speech_emotion_detection-develop-v2/cremad_preprocessed/audio/1073_IOM_NEU_XX.wav,1073_IOM_NEU_XX.wav,1073,train,0,neutral,0,neutral,0.9145398139953613
/Users/prarthanapatel/Desktop/Himanshi/speech_emotion_detection-develop-v2/cremad_preprocessed/audio/1073_IOM_SAD_XX.wav,1073_IOM_SAD_XX.wav,1073,train,2,sad,0,neutral,0.44471248984336853
/Users/prarthanapatel/Desktop/Himanshi/speech_emotion_detection-develop-v2/cremad_preprocessed/audio/1073_ITH_ANG_XX.wav,1073_ITH_ANG_XX.wav,1073,train,3,angry,3,angry,0.9944696426391602
/Users/prarthanapatel/Desktop/Himanshi/speech_emotion_detection-develop-v2/cremad_preprocessed/audio/1073_ITH_DIS_XX.wav,1073_ITH_DIS_XX.wav,1073,train,5,disgust,5,disgust,0.8957441449165344
/Users/prarthanapatel/Desktop/Himanshi/speech_emotion_detection-develop-v2/cremad_preprocessed/audio/1073_ITH_FEA_XX.wav,1073_ITH_FEA_XX.wav,1073,train,4,fearful,4,fearful,0.9437810182571411
/Users/prarthanapatel/Desktop/Himanshi/speech_emotion_detection-develop-v2/cremad_preprocessed/audio/1073_ITH_HAP_XX.wav,1073_ITH_HAP_XX.wav,1073,train,1,happy,3,angry,0.6978529095649719
/Users/prarthanapatel/Desktop/Himanshi/speech_emotion_detection-develop-v2/cremad_preprocessed/audio/1073_ITH_NEU_XX.wav,1073_ITH_NEU_XX.wav,1073,train,0,neutral,3,angry,0.7890006303787231
/Users/prarthanapatel/Desktop/Himanshi/speech_emotion_detection-develop-v2/cremad_preprocessed/audio/1073_ITH_SAD_XX.wav,1073_ITH_SAD_XX.wav,1073,train,2,sad,2,sad,0.6983885765075684
/Users/prarthanapatel/Desktop/Himanshi/speech_emotion_detection-develop-v2/cremad_preprocessed/audio/1073_ITS_ANG_XX.wav,1073_ITS_ANG_XX.wav,1073,train,3,angry,3,angry,0.9935867190361023
/Users/prarthanapatel/Desktop/Himanshi/speech_emotion_detection-develop-v2/cremad_preprocessed/audio/1073_ITS_DIS_XX.wav,1073_ITS_DIS_XX.wav,1073,train,5,disgust,5,disgust,0.7356011271476746
/Users/prarthanapatel/Desktop/Himanshi/speech_emotion_detection-develop-v2/cremad_preprocessed/audio/1073_ITS_FEA_XX.wav,1073_ITS_FEA_XX.wav,1073,train,4,fearful,4,fearful,0.9266205430030823
/Users/prarthanapatel/Desktop/Himanshi/speech_emotion_detection-develop-v2/cremad_preprocessed/audio/1073_ITS_HAP_XX.wav,1073_ITS_HAP_XX.wav,1073,train,1,happy,1,happy,0.8224018216133118
/Users/prarthanapatel/Desktop/Himanshi/speech_emotion_detection-develop-v2/cremad_preprocessed/audio/1073_ITS_NEU_XX.wav,1073_ITS_NEU_XX.wav,1073,train,0,neutral,0,neutral,0.9842134714126587
/Users/prarthanapatel/Desktop/Himanshi/speech_emotion_detection-develop-v2/cremad_preprocessed/audio/1073_ITS_SAD_XX.wav,1073_ITS_SAD_XX.wav,1073,train,2,sad,0,neutral,0.8040004372596741
/Users/prarthanapatel/Desktop/Himanshi/speech_emotion_detection-develop-v2/cremad_preprocessed/audio/1073_IWL_ANG_XX.wav,1073_IWL_ANG_XX.wav,1073,train,3,angry,3,angry,0.9945329427719116
/Users/prarthanapatel/Desktop/Himanshi/speech_emotion_detection-develop-v2/cremad_preprocessed/audio/1073_IWL_DIS_XX.wav,1073_IWL_DIS_XX.wav,1073,train,5,disgust,5,disgust,0.9295315742492676
/Users/prarthanapatel/Desktop/Himanshi/speech_emotion_detection-develop-v2/cremad_preprocessed/audio/1073_IWL_FEA_XX.wav,1073_IWL_FEA_XX.wav,1073,train,4,fearful,4,fearful,0.7054193615913391
/Users/prarthanapatel/Desktop/Himanshi/speech_emotion_detection-develop-v2/cremad_preprocessed/audio/1073_IWL_HAP_XX.wav,1073_IWL_HAP_XX.wav,1073,train,1,happy,1,happy,0.9682876467704773
/Users/prarthanapatel/Desktop/Himanshi/speech_emotion_detection-develop-v2/cremad_preprocessed/audio/1073_IWL_NEU_XX.wav,1073_IWL_NEU_XX.wav,1073,train,0,neutral,0,neutral,0.9859944581985474
/Users/prarthanapatel/Desktop/Himanshi/speech_emotion_detection-develop-v2/cremad_preprocessed/audio/1073_IWL_SAD_XX.wav,1073_IWL_SAD_XX.wav,1073,train,2,sad,0,neutral,0.585135281085968
/Users/prarthanapatel/Desktop/Himanshi/speech_emotion_detection-develop-v2/cremad_preprocessed/audio/1073_IWW_ANG_XX.wav,1073_IWW_ANG_XX.wav,1073,train,3,angry,3,angry,0.9941368103027344
/Users/prarthanapatel/Desktop/Himanshi/speech_emotion_detection-develop-v2/cremad_preprocessed/audio/1073_IWW_DIS_XX.wav,1073_IWW_DIS_XX.wav,1073,train,5,disgust,5,disgust,0.9454371929168701
/Users/prarthanapatel/Desktop/Himanshi/speech_emotion_detection-develop-v2/cremad_preprocessed/audio/1073_IWW_FEA_XX.wav,1073_IWW_FEA_XX.wav,1073,train,4,fearful,4,fearful,0.9415369033813477
/Users/prarthanapatel/Desktop/Himanshi/speech_emotion_detection-develop-v2/cremad_preprocessed/audio/1073_IWW_HAP_XX.wav,1073_IWW_HAP_XX.wav,1073,train,1,happy,1,happy,0.7022814750671387
/Users/prarthanapatel/Desktop/Himanshi/speech_emotion_detection-develop-v2/cremad_preprocessed/audio/1073_IWW_NEU_XX.wav,1073_IWW_NEU_XX.wav,1073,train,0,neutral,0,neutral,0.9865363240242004
/Users/prarthanapatel/Desktop/Himanshi/speech_emotion_detection-develop-v2/cremad_preprocessed/audio/1073_IWW_SAD_XX.wav,1073_IWW_SAD_XX.wav,1073,train,2,sad,4,fearful,0.6489667892456055
/Users/prarthanapatel/Desktop/Himanshi/speech_emotion_detection-develop-v2/cremad_preprocessed/audio/1073_MTI_ANG_XX.wav,1073_MTI_ANG_XX.wav,1073,train,3,angry,3,angry,0.9939219951629639
/Users/prarthanapatel/Desktop/Himanshi/speech_emotion_detection-develop-v2/cremad_preprocessed/audio/1073_MTI_DIS_XX.wav,1073_MTI_DIS_XX.wav,1073,train,5,disgust,5,disgust,0.8138505816459656
/Users/prarthanapatel/Desktop/Himanshi/speech_emotion_detection-develop-v2/cremad_preprocessed/audio/1073_MTI_FEA_XX.wav,1073_MTI_FEA_XX.wav,1073,train,4,fearful,4,fearful,0.8011593818664551
/Users/prarthanapatel/Desktop/Himanshi/speech_emotion_detection-develop-v2/cremad_preprocessed/audio/1073_MTI_HAP_XX.wav,1073_MTI_HAP_XX.wav,1073,train,1,happy,1,happy,0.7508648037910461
/Users/prarthanapatel/Desktop/Himanshi/speech_emotion_detection-develop-v2/cremad_preprocessed/audio/1073_MTI_NEU_XX.wav,1073_MTI_NEU_XX.wav,1073,train,0,neutral,0,neutral,0.9728707075119019
/Users/prarthanapatel/Desktop/Himanshi/speech_emotion_detection-develop-v2/cremad_preprocessed/audio/1073_MTI_SAD_XX.wav,1073_MTI_SAD_XX.wav,1073,train,2,sad,0,neutral,0.6879528760910034
/Users/prarthanapatel/Desktop/Himanshi/speech_emotion_detection-develop-v2/cremad_preprocessed/audio/1073_TAI_ANG_XX.wav,1073_TAI_ANG_XX.wav,1073,train,3,angry,3,angry,0.9944583177566528
/Users/prarthanapatel/Desktop/Himanshi/speech_emotion_detection-develop-v2/cremad_preprocessed/audio/1073_TAI_DIS_XX.wav,1073_TAI_DIS_XX.wav,1073,train,5,disgust,5,disgust,0.962641716003418
/Users/prarthanapatel/Desktop/Himanshi/speech_emotion_detection-develop-v2/cremad_preprocessed/audio/1073_TAI_FEA_XX.wav,1073_TAI_FEA_XX.wav,1073,train,4,fearful,4,fearful,0.7957096099853516
/Users/prarthanapatel/Desktop/Himanshi/speech_emotion_detection-develop-v2/cremad_preprocessed/audio/1073_TAI_HAP_XX.wav,1073_TAI_HAP_XX.wav,1073,train,1,happy,1,happy,0.9498102068901062
/Users/prarthanapatel/Desktop/Himanshi/speech_emotion_detection-develop-v2/cremad_preprocessed/audio/1073_TAI_NEU_XX.wav,1073_TAI_NEU_XX.wav,1073,train,0,neutral,0,neutral,0.9536725878715515
/Users/prarthanapatel/Desktop/Himanshi/speech_emotion_detection-develop-v2/cremad_preprocessed/audio/1073_TAI_SAD_XX.wav,1073_TAI_SAD_XX.wav,1073,train,2,sad,1,happy,0.42874276638031006
/Users/prarthanapatel/Desktop/Himanshi/speech_emotion_detection-develop-v2/cremad_preprocessed/audio/1073_TIE_ANG_XX.wav,1073_TIE_ANG_XX.wav,1073,train,3,angry,3,angry,0.9873680472373962
/Users/prarthanapatel/Desktop/Himanshi/speech_emotion_detection-develop-v2/cremad_preprocessed/audio/1073_TIE_DIS_XX.wav,1073_TIE_DIS_XX.wav,1073,train,5,disgust,5,disgust,0.767625629901886
/Users/prarthanapatel/Desktop/Himanshi/speech_emotion_detection-develop-v2/cremad_preprocessed/audio/1073_TIE_FEA_XX.wav,1073_TIE_FEA_XX.wav,1073,train,4,fearful,4,fearful,0.8474305272102356
/Users/prarthanapatel/Desktop/Himanshi/speech_emotion_detection-develop-v2/cremad_preprocessed/audio/1073_TIE_HAP_XX.wav,1073_TIE_HAP_XX.wav,1073,train,1,happy,1,happy,0.8767205476760864
/Users/prarthanapatel/Desktop/Himanshi/speech_emotion_detection-develop-v2/cremad_preprocessed/audio/1073_TIE_NEU_XX.wav,1073_TIE_NEU_XX.wav,1073,train,0,neutral,0,neutral,0.8444331884384155
/Users/prarthanapatel/Desktop/Himanshi/speech_emotion_detection-develop-v2/cremad_preprocessed/audio/1073_TIE_SAD_XX.wav,1073_TIE_SAD_XX.wav,1073,train,2,sad,0,neutral,0.9000411033630371
/Users/prarthanapatel/Desktop/Himanshi/speech_emotion_detection-develop-v2/cremad_preprocessed/audio/1073_TSI_ANG_XX.wav,1073_TSI_ANG_XX.wav,1073,train,3,angry,3,angry,0.9945437908172607
/Users/prarthanapatel/Desktop/Himanshi/speech_emotion_detection-develop-v2/cremad_preprocessed/audio/1073_TSI_DIS_XX.wav,1073_TSI_DIS_XX.wav,1073,train,5,disgust,5,disgust,0.45156386494636536
/Users/prarthanapatel/Desktop/Himanshi/speech_emotion_detection-develop-v2/cremad_preprocessed/audio/1073_TSI_FEA_XX.wav,1073_TSI_FEA_XX.wav,1073,train,4,fearful,4,fearful,0.518932044506073
/Users/prarthanapatel/Desktop/Himanshi/speech_emotion_detection-develop-v2/cremad_preprocessed/audio/1073_TSI_HAP_XX.wav,1073_TSI_HAP_XX.wav,1073,train,1,happy,1,happy,0.8710742592811584
/Users/prarthanapatel/Desktop/Himanshi/speech_emotion_detection-develop-v2/cremad_preprocessed/audio/1073_TSI_NEU_XX.wav,1073_TSI_NEU_XX.wav,1073,train,0,neutral,0,neutral,0.9205017685890198
/Users/prarthanapatel/Desktop/Himanshi/speech_emotion_detection-develop-v2/cremad_preprocessed/audio/1073_TSI_SAD_XX.wav,1073_TSI_SAD_XX.wav,1073,train,2,sad,2,sad,0.4985004961490631
/Users/prarthanapatel/Desktop/Himanshi/speech_emotion_detection-develop-v2/cremad_preprocessed/audio/1073_WSI_ANG_XX.wav,1073_WSI_ANG_XX.wav,1073,train,3,angry,3,angry,0.9945245981216431
/Users/prarthanapatel/Desktop/Himanshi/speech_emotion_detection-develop-v2/cremad_preprocessed/audio/1073_WSI_DIS_XX.wav,1073_WSI_DIS_XX.wav,1073,train,5,disgust,5,disgust,0.8513839840888977
/Users/prarthanapatel/Desktop/Himanshi/speech_emotion_detection-develop-v2/cremad_preprocessed/audio/1073_WSI_FEA_XX.wav,1073_WSI_FEA_XX.wav,1073,train,4,fearful,4,fearful,0.8878713846206665
/Users/prarthanapatel/Desktop/Himanshi/speech_emotion_detection-develop-v2/cremad_preprocessed/audio/1073_WSI_HAP_XX.wav,1073_WSI_HAP_XX.wav,1073,train,1,happy,1,happy,0.8410930037498474
/Users/prarthanapatel/Desktop/Himanshi/speech_emotion_detection-develop-v2/cremad_preprocessed/audio/1073_WSI_NEU_XX.wav,1073_WSI_NEU_XX.wav,1073,train,0,neutral,0,neutral,0.9880040884017944
/Users/prarthanapatel/Desktop/Himanshi/speech_emotion_detection-develop-v2/cremad_preprocessed/audio/1073_WSI_SAD_XX.wav,1073_WSI_SAD_XX.wav,1073,train,2,sad,0,neutral,0.5083876252174377
/Users/prarthanapatel/Desktop/Himanshi/speech_emotion_detection-develop-v2/cremad_preprocessed/audio/1075_DFA_ANG_XX.wav,1075_DFA_ANG_XX.wav,1075,train,3,angry,3,angry,0.9934537410736084
/Users/prarthanapatel/Desktop/Himanshi/speech_emotion_detection-develop-v2/cremad_preprocessed/audio/1075_DFA_DIS_XX.wav,1075_DFA_DIS_XX.wav,1075,train,5,disgust,2,sad,0.7395700216293335
/Users/prarthanapatel/Desktop/Himanshi/speech_emotion_detection-develop-v2/cremad_preprocessed/audio/1075_DFA_FEA_XX.wav,1075_DFA_FEA_XX.wav,1075,train,4,fearful,2,sad,0.8399872183799744
/Users/prarthanapatel/Desktop/Himanshi/speech_emotion_detection-develop-v2/cremad_preprocessed/audio/1075_DFA_HAP_XX.wav,1075_DFA_HAP_XX.wav,1075,train,1,happy,1,happy,0.9654452800750732
/Users/prarthanapatel/Desktop/Himanshi/speech_emotion_detection-develop-v2/cremad_preprocessed/audio/1075_DFA_NEU_XX.wav,1075_DFA_NEU_XX.wav,1075,train,0,neutral,0,neutral,0.9621667861938477
/Users/prarthanapatel/Desktop/Himanshi/speech_emotion_detection-develop-v2/cremad_preprocessed/audio/1075_DFA_SAD_XX.wav,1075_DFA_SAD_XX.wav,1075,train,2,sad,2,sad,0.9015205502510071
/Users/prarthanapatel/Desktop/Himanshi/speech_emotion_detection-develop-v2/cremad_preprocessed/audio/1075_IEO_ANG_HI.wav,1075_IEO_ANG_HI.wav,1075,train,3,angry,3,angry,0.9944657683372498
/Users/prarthanapatel/Desktop/Himanshi/speech_emotion_detection-develop-v2/cremad_preprocessed/audio/1075_IEO_ANG_LO.wav,1075_IEO_ANG_LO.wav,1075,train,3,angry,3,angry,0.9484738111495972
/Users/prarthanapatel/Desktop/Himanshi/speech_emotion_detection-develop-v2/cremad_preprocessed/audio/1075_IEO_ANG_MD.wav,1075_IEO_ANG_MD.wav,1075,train,3,angry,3,angry,0.9932043552398682
/Users/prarthanapatel/Desktop/Himanshi/speech_emotion_detection-develop-v2/cremad_preprocessed/audio/1075_IEO_DIS_HI.wav,1075_IEO_DIS_HI.wav,1075,train,5,disgust,5,disgust,0.86252760887146
/Users/prarthanapatel/Desktop/Himanshi/speech_emotion_detection-develop-v2/cremad_preprocessed/audio/1075_IEO_DIS_LO.wav,1075_IEO_DIS_LO.wav,1075,train,5,disgust,5,disgust,0.5432292222976685
/Users/prarthanapatel/Desktop/Himanshi/speech_emotion_detection-develop-v2/cremad_preprocessed/audio/1075_IEO_DIS_MD.wav,1075_IEO_DIS_MD.wav,1075,train,5,disgust,2,sad,0.8478297591209412
/Users/prarthanapatel/Desktop/Himanshi/speech_emotion_detection-develop-v2/cremad_preprocessed/audio/1075_IEO_FEA_HI.wav,1075_IEO_FEA_HI.wav,1075,train,4,fearful,4,fearful,0.7752252817153931
/Users/prarthanapatel/Desktop/Himanshi/speech_emotion_detection-develop-v2/cremad_preprocessed/audio/1075_IEO_FEA_LO.wav,1075_IEO_FEA_LO.wav,1075,train,4,fearful,0,neutral,0.6938709020614624
/Users/prarthanapatel/Desktop/Himanshi/speech_emotion_detection-develop-v2/cremad_preprocessed/audio/1075_IEO_FEA_MD.wav,1075_IEO_FEA_MD.wav,1075,train,4,fearful,4,fearful,0.6131503582000732
/Users/prarthanapatel/Desktop/Himanshi/speech_emotion_detection-develop-v2/cremad_preprocessed/audio/1075_IEO_HAP_HI.wav,1075_IEO_HAP_HI.wav,1075,train,1,happy,1,happy,0.972612202167511
/Users/prarthanapatel/Desktop/Himanshi/speech_emotion_detection-develop-v2/cremad_preprocessed/audio/1075_IEO_HAP_LO.wav,1075_IEO_HAP_LO.wav,1075,train,1,happy,1,happy,0.9673931002616882
/Users/prarthanapatel/Desktop/Himanshi/speech_emotion_detection-develop-v2/cremad_preprocessed/audio/1075_IEO_HAP_MD.wav,1075_IEO_HAP_MD.wav,1075,train,1,happy,1,happy,0.8364693522453308
/Users/prarthanapatel/Desktop/Himanshi/speech_emotion_detection-develop-v2/cremad_preprocessed/audio/1075_IEO_NEU_XX.wav,1075_IEO_NEU_XX.wav,1075,train,0,neutral,1,happy,0.7425498366355896
/Users/prarthanapatel/Desktop/Himanshi/speech_emotion_detection-develop-v2/cremad_preprocessed/audio/1075_IEO_SAD_HI.wav,1075_IEO_SAD_HI.wav,1075,train,2,sad,2,sad,0.9186868667602539
/Users/prarthanapatel/Desktop/Himanshi/speech_emotion_detection-develop-v2/cremad_preprocessed/audio/1075_IEO_SAD_LO.wav,1075_IEO_SAD_LO.wav,1075,train,2,sad,2,sad,0.8781456351280212
/Users/prarthanapatel/Desktop/Himanshi/speech_emotion_detection-develop-v2/cremad_preprocessed/audio/1075_IEO_SAD_MD.wav,1075_IEO_SAD_MD.wav,1075,train,2,sad,2,sad,0.8941641449928284
/Users/prarthanapatel/Desktop/Himanshi/speech_emotion_detection-develop-v2/cremad_preprocessed/audio/1075_IOM_ANG_XX.wav,1075_IOM_ANG_XX.wav,1075,train,3,angry,3,angry,0.9939600229263306
/Users/prarthanapatel/Desktop/Himanshi/speech_emotion_detection-develop-v2/cremad_preprocessed/audio/1075_IOM_DIS_XX.wav,1075_IOM_DIS_XX.wav,1075,train,5,disgust,2,sad,0.7015753984451294
/Users/prarthanapatel/Desktop/Himanshi/speech_emotion_detection-develop-v2/cremad_preprocessed/audio/1075_IOM_FEA_XX.wav,1075_IOM_FEA_XX.wav,1075,train,4,fearful,4,fearful,0.8481316566467285
/Users/prarthanapatel/Desktop/Himanshi/speech_emotion_detection-develop-v2/cremad_preprocessed/audio/1075_IOM_HAP_XX.wav,1075_IOM_HAP_XX.wav,1075,train,1,happy,1,happy,0.9621053338050842
/Users/prarthanapatel/Desktop/Himanshi/speech_emotion_detection-develop-v2/cremad_preprocessed/audio/1075_IOM_NEU_XX.wav,1075_IOM_NEU_XX.wav,1075,train,0,neutral,0,neutral,0.9888046383857727
/Users/prarthanapatel/Desktop/Himanshi/speech_emotion_detection-develop-v2/cremad_preprocessed/audio/1075_IOM_SAD_XX.wav,1075_IOM_SAD_XX.wav,1075,train,2,sad,2,sad,0.7944287657737732
/Users/prarthanapatel/Desktop/Himanshi/speech_emotion_detection-develop-v2/cremad_preprocessed/audio/1075_ITH_ANG_XX.wav,1075_ITH_ANG_XX.wav,1075,train,3,angry,3,angry,0.9929184317588806
/Users/prarthanapatel/Desktop/Himanshi/speech_emotion_detection-develop-v2/cremad_preprocessed/audio/1075_ITH_DIS_XX.wav,1075_ITH_DIS_XX.wav,1075,train,5,disgust,4,fearful,0.6261444687843323
/Users/prarthanapatel/Desktop/Himanshi/speech_emotion_detection-develop-v2/cremad_preprocessed/audio/1075_ITH_FEA_XX.wav,1075_ITH_FEA_XX.wav,1075,train,4,fearful,4,fearful,0.9129099249839783
/Users/prarthanapatel/Desktop/Himanshi/speech_emotion_detection-develop-v2/cremad_preprocessed/audio/1075_ITH_HAP_XX.wav,1075_ITH_HAP_XX.wav,1075,train,1,happy,1,happy,0.9746993780136108
/Users/prarthanapatel/Desktop/Himanshi/speech_emotion_detection-develop-v2/cremad_preprocessed/audio/1075_ITH_NEU_XX.wav,1075_ITH_NEU_XX.wav,1075,train,0,neutral,0,neutral,0.9877054691314697
/Users/prarthanapatel/Desktop/Himanshi/speech_emotion_detection-develop-v2/cremad_preprocessed/audio/1075_ITH_SAD_XX.wav,1075_ITH_SAD_XX.wav,1075,train,2,sad,2,sad,0.4938969612121582
/Users/prarthanapatel/Desktop/Himanshi/speech_emotion_detection-develop-v2/cremad_preprocessed/audio/1075_ITS_ANG_XX.wav,1075_ITS_ANG_XX.wav,1075,train,3,angry,3,angry,0.9929046034812927
/Users/prarthanapatel/Desktop/Himanshi/speech_emotion_detection-develop-v2/cremad_preprocessed/audio/1075_ITS_DIS_XX.wav,1075_ITS_DIS_XX.wav,1075,train,5,disgust,5,disgust,0.5762158632278442
/Users/prarthanapatel/Desktop/Himanshi/speech_emotion_detection-develop-v2/cremad_preprocessed/audio/1075_ITS_FEA_XX.wav,1075_ITS_FEA_XX.wav,1075,train,4,fearful,4,fearful,0.7745522856712341
/Users/prarthanapatel/Desktop/Himanshi/speech_emotion_detection-develop-v2/cremad_preprocessed/audio/1075_ITS_HAP_XX.wav,1075_ITS_HAP_XX.wav,1075,train,1,happy,1,happy,0.9736306667327881
/Users/prarthanapatel/Desktop/Himanshi/speech_emotion_detection-develop-v2/cremad_preprocessed/audio/1075_ITS_NEU_XX.wav,1075_ITS_NEU_XX.wav,1075,train,0,neutral,0,neutral,0.9756060242652893
/Users/prarthanapatel/Desktop/Himanshi/speech_emotion_detection-develop-v2/cremad_preprocessed/audio/1075_ITS_SAD_XX.wav,1075_ITS_SAD_XX.wav,1075,train,2,sad,2,sad,0.8134191632270813
/Users/prarthanapatel/Desktop/Himanshi/speech_emotion_detection-develop-v2/cremad_preprocessed/audio/1075_IWL_ANG_XX.wav,1075_IWL_ANG_XX.wav,1075,train,3,angry,3,angry,0.9918944239616394
/Users/prarthanapatel/Desktop/Himanshi/speech_emotion_detection-develop-v2/cremad_preprocessed/audio/1075_IWL_DIS_XX.wav,1075_IWL_DIS_XX.wav,1075,train,5,disgust,2,sad,0.9069520235061646
/Users/prarthanapatel/Desktop/Himanshi/speech_emotion_detection-develop-v2/cremad_preprocessed/audio/1075_IWL_FEA_XX.wav,1075_IWL_FEA_XX.wav,1075,train,4,fearful,4,fearful,0.8213972449302673
/Users/prarthanapatel/Desktop/Himanshi/speech_emotion_detection-develop-v2/cremad_preprocessed/audio/1075_IWL_HAP_XX.wav,1075_IWL_HAP_XX.wav,1075,train,1,happy,1,happy,0.9564828276634216
/Users/prarthanapatel/Desktop/Himanshi/speech_emotion_detection-develop-v2/cremad_preprocessed/audio/1075_IWL_NEU_XX.wav,1075_IWL_NEU_XX.wav,1075,train,0,neutral,0,neutral,0.9858537912368774
/Users/prarthanapatel/Desktop/Himanshi/speech_emotion_detection-develop-v2/cremad_preprocessed/audio/1075_IWL_SAD_XX.wav,1075_IWL_SAD_XX.wav,1075,train,2,sad,2,sad,0.8974907994270325
/Users/prarthanapatel/Desktop/Himanshi/speech_emotion_detection-develop-v2/cremad_preprocessed/audio/1075_IWW_ANG_XX.wav,1075_IWW_ANG_XX.wav,1075,train,3,angry,3,angry,0.9942355751991272
/Users/prarthanapatel/Desktop/Himanshi/speech_emotion_detection-develop-v2/cremad_preprocessed/audio/1075_IWW_DIS_XX.wav,1075_IWW_DIS_XX.wav,1075,train,5,disgust,2,sad,0.6302366256713867
/Users/prarthanapatel/Desktop/Himanshi/speech_emotion_detection-develop-v2/cremad_preprocessed/audio/1075_IWW_FEA_XX.wav,1075_IWW_FEA_XX.wav,1075,train,4,fearful,2,sad,0.4923604428768158
/Users/prarthanapatel/Desktop/Himanshi/speech_emotion_detection-develop-v2/cremad_preprocessed/audio/1075_IWW_HAP_XX.wav,1075_IWW_HAP_XX.wav,1075,train,1,happy,1,happy,0.9739601612091064
/Users/prarthanapatel/Desktop/Himanshi/speech_emotion_detection-develop-v2/cremad_preprocessed/audio/1075_IWW_NEU_XX.wav,1075_IWW_NEU_XX.wav,1075,train,0,neutral,0,neutral,0.979665219783783
/Users/prarthanapatel/Desktop/Himanshi/speech_emotion_detection-develop-v2/cremad_preprocessed/audio/1075_IWW_SAD_XX.wav,1075_IWW_SAD_XX.wav,1075,train,2,sad,2,sad,0.7875006198883057
/Users/prarthanapatel/Desktop/Himanshi/speech_emotion_detection-develop-v2/cremad_preprocessed/audio/1075_MTI_ANG_XX.wav,1075_MTI_ANG_XX.wav,1075,train,3,angry,0,neutral,0.8844336271286011
/Users/prarthanapatel/Desktop/Himanshi/speech_emotion_detection-develop-v2/cremad_preprocessed/audio/1075_MTI_DIS_XX.wav,1075_MTI_DIS_XX.wav,1075,train,5,disgust,2,sad,0.6561403870582581
/Users/prarthanapatel/Desktop/Himanshi/speech_emotion_detection-develop-v2/cremad_preprocessed/audio/1075_MTI_FEA_XX.wav,1075_MTI_FEA_XX.wav,1075,train,4,fearful,4,fearful,0.8002757430076599
/Users/prarthanapatel/Desktop/Himanshi/speech_emotion_detection-develop-v2/cremad_preprocessed/audio/1075_MTI_HAP_XX.wav,1075_MTI_HAP_XX.wav,1075,train,1,happy,1,happy,0.8340228796005249
/Users/prarthanapatel/Desktop/Himanshi/speech_emotion_detection-develop-v2/cremad_preprocessed/audio/1075_MTI_NEU_XX.wav,1075_MTI_NEU_XX.wav,1075,train,0,neutral,0,neutral,0.988821268081665
/Users/prarthanapatel/Desktop/Himanshi/speech_emotion_detection-develop-v2/cremad_preprocessed/audio/1075_MTI_SAD_XX.wav,1075_MTI_SAD_XX.wav,1075,train,2,sad,2,sad,0.856890082359314
/Users/prarthanapatel/Desktop/Himanshi/speech_emotion_detection-develop-v2/cremad_preprocessed/audio/1075_TAI_ANG_XX.wav,1075_TAI_ANG_XX.wav,1075,train,3,angry,3,angry,0.9920228719711304
/Users/prarthanapatel/Desktop/Himanshi/speech_emotion_detection-develop-v2/cremad_preprocessed/audio/1075_TAI_DIS_XX.wav,1075_TAI_DIS_XX.wav,1075,train,5,disgust,2,sad,0.8725067377090454
/Users/prarthanapatel/Desktop/Himanshi/speech_emotion_detection-develop-v2/cremad_preprocessed/audio/1075_TAI_FEA_XX.wav,1075_TAI_FEA_XX.wav,1075,train,4,fearful,2,sad,0.825640082359314
/Users/prarthanapatel/Desktop/Himanshi/speech_emotion_detection-develop-v2/cremad_preprocessed/audio/1075_TAI_HAP_XX.wav,1075_TAI_HAP_XX.wav,1075,train,1,happy,1,happy,0.9768840670585632
/Users/prarthanapatel/Desktop/Himanshi/speech_emotion_detection-develop-v2/cremad_preprocessed/audio/1075_TAI_NEU_XX.wav,1075_TAI_NEU_XX.wav,1075,train,0,neutral,0,neutral,0.988799512386322
/Users/prarthanapatel/Desktop/Himanshi/speech_emotion_detection-develop-v2/cremad_preprocessed/audio/1075_TAI_SAD_XX.wav,1075_TAI_SAD_XX.wav,1075,train,2,sad,2,sad,0.9023664593696594
/Users/prarthanapatel/Desktop/Himanshi/speech_emotion_detection-develop-v2/cremad_preprocessed/audio/1075_TIE_ANG_XX.wav,1075_TIE_ANG_XX.wav,1075,train,3,angry,3,angry,0.9938955903053284
/Users/prarthanapatel/Desktop/Himanshi/speech_emotion_detection-develop-v2/cremad_preprocessed/audio/1075_TIE_DIS_XX.wav,1075_TIE_DIS_XX.wav,1075,train,5,disgust,2,sad,0.7555628418922424
/Users/prarthanapatel/Desktop/Himanshi/speech_emotion_detection-develop-v2/cremad_preprocessed/audio/1075_TIE_FEA_XX.wav,1075_TIE_FEA_XX.wav,1075,train,4,fearful,0,neutral,0.9827969074249268
/Users/prarthanapatel/Desktop/Himanshi/speech_emotion_detection-develop-v2/cremad_preprocessed/audio/1075_TIE_HAP_XX.wav,1075_TIE_HAP_XX.wav,1075,train,1,happy,1,happy,0.901489794254303
/Users/prarthanapatel/Desktop/Himanshi/speech_emotion_detection-develop-v2/cremad_preprocessed/audio/1075_TIE_NEU_XX.wav,1075_TIE_NEU_XX.wav,1075,train,0,neutral,0,neutral,0.6528147459030151
/Users/prarthanapatel/Desktop/Himanshi/speech_emotion_detection-develop-v2/cremad_preprocessed/audio/1075_TIE_SAD_XX.wav,1075_TIE_SAD_XX.wav,1075,train,2,sad,2,sad,0.8993356227874756
/Users/prarthanapatel/Desktop/Himanshi/speech_emotion_detection-develop-v2/cremad_preprocessed/audio/1075_TSI_ANG_XX.wav,1075_TSI_ANG_XX.wav,1075,train,3,angry,3,angry,0.9933794736862183
/Users/prarthanapatel/Desktop/Himanshi/speech_emotion_detection-develop-v2/cremad_preprocessed/audio/1075_TSI_DIS_XX.wav,1075_TSI_DIS_XX.wav,1075,train,5,disgust,5,disgust,0.5726342797279358
/Users/prarthanapatel/Desktop/Himanshi/speech_emotion_detection-develop-v2/cremad_preprocessed/audio/1075_TSI_FEA_XX.wav,1075_TSI_FEA_XX.wav,1075,train,4,fearful,4,fearful,0.6831097602844238
/Users/prarthanapatel/Desktop/Himanshi/speech_emotion_detection-develop-v2/cremad_preprocessed/audio/1075_TSI_HAP_XX.wav,1075_TSI_HAP_XX.wav,1075,train,1,happy,1,happy,0.9809871912002563
/Users/prarthanapatel/Desktop/Himanshi/speech_emotion_detection-develop-v2/cremad_preprocessed/audio/1075_TSI_NEU_XX.wav,1075_TSI_NEU_XX.wav,1075,train,0,neutral,0,neutral,0.988838791847229
/Users/prarthanapatel/Desktop/Himanshi/speech_emotion_detection-develop-v2/cremad_preprocessed/audio/1075_TSI_SAD_XX.wav,1075_TSI_SAD_XX.wav,1075,train,2,sad,2,sad,0.8406185507774353
/Users/prarthanapatel/Desktop/Himanshi/speech_emotion_detection-develop-v2/cremad_preprocessed/audio/1075_WSI_ANG_XX.wav,1075_WSI_ANG_XX.wav,1075,train,3,angry,3,angry,0.9941264390945435
/Users/prarthanapatel/Desktop/Himanshi/speech_emotion_detection-develop-v2/cremad_preprocessed/audio/1075_WSI_DIS_XX.wav,1075_WSI_DIS_XX.wav,1075,train,5,disgust,2,sad,0.8302175998687744
/Users/prarthanapatel/Desktop/Himanshi/speech_emotion_detection-develop-v2/cremad_preprocessed/audio/1075_WSI_FEA_XX.wav,1075_WSI_FEA_XX.wav,1075,train,4,fearful,4,fearful,0.7912650108337402
/Users/prarthanapatel/Desktop/Himanshi/speech_emotion_detection-develop-v2/cremad_preprocessed/audio/1075_WSI_HAP_XX.wav,1075_WSI_HAP_XX.wav,1075,train,1,happy,1,happy,0.9713228344917297
/Users/prarthanapatel/Desktop/Himanshi/speech_emotion_detection-develop-v2/cremad_preprocessed/audio/1075_WSI_NEU_XX.wav,1075_WSI_NEU_XX.wav,1075,train,0,neutral,0,neutral,0.9879930019378662
/Users/prarthanapatel/Desktop/Himanshi/speech_emotion_detection-develop-v2/cremad_preprocessed/audio/1075_WSI_SAD_XX.wav,1075_WSI_SAD_XX.wav,1075,train,2,sad,2,sad,0.8681014180183411
/Users/prarthanapatel/Desktop/Himanshi/speech_emotion_detection-develop-v2/cremad_preprocessed/audio/1076_DFA_ANG_XX.wav,1076_DFA_ANG_XX.wav,1076,train,3,angry,3,angry,0.9947419166564941
/Users/prarthanapatel/Desktop/Himanshi/speech_emotion_detection-develop-v2/cremad_preprocessed/audio/1076_DFA_DIS_XX.wav,1076_DFA_DIS_XX.wav,1076,train,5,disgust,5,disgust,0.6829509139060974
/Users/prarthanapatel/Desktop/Himanshi/speech_emotion_detection-develop-v2/cremad_preprocessed/audio/1076_DFA_FEA_XX.wav,1076_DFA_FEA_XX.wav,1076,train,4,fearful,4,fearful,0.9209581613540649
/Users/prarthanapatel/Desktop/Himanshi/speech_emotion_detection-develop-v2/cremad_preprocessed/audio/1076_DFA_HAP_XX.wav,1076_DFA_HAP_XX.wav,1076,train,1,happy,1,happy,0.48294106125831604
/Users/prarthanapatel/Desktop/Himanshi/speech_emotion_detection-develop-v2/cremad_preprocessed/audio/1076_DFA_NEU_XX.wav,1076_DFA_NEU_XX.wav,1076,train,0,neutral,3,angry,0.832034707069397
/Users/prarthanapatel/Desktop/Himanshi/speech_emotion_detection-develop-v2/cremad_preprocessed/audio/1076_DFA_SAD_XX.wav,1076_DFA_SAD_XX.wav,1076,train,2,sad,2,sad,0.8080776333808899
/Users/prarthanapatel/Desktop/Himanshi/speech_emotion_detection-develop-v2/cremad_preprocessed/audio/1076_IEO_ANG_HI.wav,1076_IEO_ANG_HI.wav,1076,train,3,angry,3,angry,0.995142936706543
/Users/prarthanapatel/Desktop/Himanshi/speech_emotion_detection-develop-v2/cremad_preprocessed/audio/1076_IEO_ANG_LO.wav,1076_IEO_ANG_LO.wav,1076,train,3,angry,3,angry,0.9924887418746948
/Users/prarthanapatel/Desktop/Himanshi/speech_emotion_detection-develop-v2/cremad_preprocessed/audio/1076_IEO_ANG_MD.wav,1076_IEO_ANG_MD.wav,1076,train,3,angry,3,angry,0.9946216344833374
/Users/prarthanapatel/Desktop/Himanshi/speech_emotion_detection-develop-v2/cremad_preprocessed/audio/1076_IEO_DIS_HI.wav,1076_IEO_DIS_HI.wav,1076,train,5,disgust,3,angry,0.9816800355911255
/Users/prarthanapatel/Desktop/Himanshi/speech_emotion_detection-develop-v2/cremad_preprocessed/audio/1076_IEO_DIS_LO.wav,1076_IEO_DIS_LO.wav,1076,train,5,disgust,5,disgust,0.9153931736946106
/Users/prarthanapatel/Desktop/Himanshi/speech_emotion_detection-develop-v2/cremad_preprocessed/audio/1076_IEO_DIS_MD.wav,1076_IEO_DIS_MD.wav,1076,train,5,disgust,5,disgust,0.5057199001312256
/Users/prarthanapatel/Desktop/Himanshi/speech_emotion_detection-develop-v2/cremad_preprocessed/audio/1076_IEO_FEA_HI.wav,1076_IEO_FEA_HI.wav,1076,train,4,fearful,4,fearful,0.9451923966407776
/Users/prarthanapatel/Desktop/Himanshi/speech_emotion_detection-develop-v2/cremad_preprocessed/audio/1076_IEO_FEA_LO.wav,1076_IEO_FEA_LO.wav,1076,train,4,fearful,4,fearful,0.673500657081604
/Users/prarthanapatel/Desktop/Himanshi/speech_emotion_detection-develop-v2/cremad_preprocessed/audio/1076_IEO_FEA_MD.wav,1076_IEO_FEA_MD.wav,1076,train,4,fearful,0,neutral,0.842684805393219
/Users/prarthanapatel/Desktop/Himanshi/speech_emotion_detection-develop-v2/cremad_preprocessed/audio/1076_IEO_HAP_HI.wav,1076_IEO_HAP_HI.wav,1076,train,1,happy,1,happy,0.9642559289932251
/Users/prarthanapatel/Desktop/Himanshi/speech_emotion_detection-develop-v2/cremad_preprocessed/audio/1076_IEO_HAP_LO.wav,1076_IEO_HAP_LO.wav,1076,train,1,happy,1,happy,0.9470365047454834
/Users/prarthanapatel/Desktop/Himanshi/speech_emotion_detection-develop-v2/cremad_preprocessed/audio/1076_IEO_HAP_MD.wav,1076_IEO_HAP_MD.wav,1076,train,1,happy,1,happy,0.835849404335022
/Users/prarthanapatel/Desktop/Himanshi/speech_emotion_detection-develop-v2/cremad_preprocessed/audio/1076_IEO_NEU_XX.wav,1076_IEO_NEU_XX.wav,1076,train,0,neutral,1,happy,0.7479204535484314
/Users/prarthanapatel/Desktop/Himanshi/speech_emotion_detection-develop-v2/cremad_preprocessed/audio/1076_IEO_SAD_HI.wav,1076_IEO_SAD_HI.wav,1076,train,2,sad,2,sad,0.6203723549842834
/Users/prarthanapatel/Desktop/Himanshi/speech_emotion_detection-develop-v2/cremad_preprocessed/audio/1076_IEO_SAD_LO.wav,1076_IEO_SAD_LO.wav,1076,train,2,sad,2,sad,0.7722711563110352
/Users/prarthanapatel/Desktop/Himanshi/speech_emotion_detection-develop-v2/cremad_preprocessed/audio/1076_IEO_SAD_MD.wav,1076_IEO_SAD_MD.wav,1076,train,2,sad,2,sad,0.6448730826377869
/Users/prarthanapatel/Desktop/Himanshi/speech_emotion_detection-develop-v2/cremad_preprocessed/audio/1076_IOM_ANG_XX.wav,1076_IOM_ANG_XX.wav,1076,train,3,angry,3,angry,0.981974184513092
/Users/prarthanapatel/Desktop/Himanshi/speech_emotion_detection-develop-v2/cremad_preprocessed/audio/1076_IOM_DIS_XX.wav,1076_IOM_DIS_XX.wav,1076,train,5,disgust,5,disgust,0.7734954953193665
/Users/prarthanapatel/Desktop/Himanshi/speech_emotion_detection-develop-v2/cremad_preprocessed/audio/1076_IOM_FEA_XX.wav,1076_IOM_FEA_XX.wav,1076,train,4,fearful,4,fearful,0.5735421180725098
/Users/prarthanapatel/Desktop/Himanshi/speech_emotion_detection-develop-v2/cremad_preprocessed/audio/1076_IOM_HAP_XX.wav,1076_IOM_HAP_XX.wav,1076,train,1,happy,1,happy,0.979213297367096
/Users/prarthanapatel/Desktop/Himanshi/speech_emotion_detection-develop-v2/cremad_preprocessed/audio/1076_IOM_NEU_XX.wav,1076_IOM_NEU_XX.wav,1076,train,0,neutral,0,neutral,0.9765798449516296
/Users/prarthanapatel/Desktop/Himanshi/speech_emotion_detection-develop-v2/cremad_preprocessed/audio/1076_IOM_SAD_XX.wav,1076_IOM_SAD_XX.wav,1076,train,2,sad,2,sad,0.4953661561012268
/Users/prarthanapatel/Desktop/Himanshi/speech_emotion_detection-develop-v2/cremad_preprocessed/audio/1076_ITH_ANG_XX.wav,1076_ITH_ANG_XX.wav,1076,train,3,angry,3,angry,0.9942951798439026
/Users/prarthanapatel/Desktop/Himanshi/speech_emotion_detection-develop-v2/cremad_preprocessed/audio/1076_ITH_DIS_XX.wav,1076_ITH_DIS_XX.wav,1076,train,5,disgust,5,disgust,0.9318241477012634
/Users/prarthanapatel/Desktop/Himanshi/speech_emotion_detection-develop-v2/cremad_preprocessed/audio/1076_ITH_FEA_XX.wav,1076_ITH_FEA_XX.wav,1076,train,4,fearful,3,angry,0.9151884317398071
/Users/prarthanapatel/Desktop/Himanshi/speech_emotion_detection-develop-v2/cremad_preprocessed/audio/1076_ITH_HAP_XX.wav,1076_ITH_HAP_XX.wav,1076,train,1,happy,1,happy,0.6862344741821289
/Users/prarthanapatel/Desktop/Himanshi/speech_emotion_detection-develop-v2/cremad_preprocessed/audio/1076_ITH_NEU_XX.wav,1076_ITH_NEU_XX.wav,1076,train,0,neutral,0,neutral,0.5694586038589478
/Users/prarthanapatel/Desktop/Himanshi/speech_emotion_detection-develop-v2/cremad_preprocessed/audio/1076_ITH_SAD_XX.wav,1076_ITH_SAD_XX.wav,1076,train,2,sad,0,neutral,0.785124659538269
/Users/prarthanapatel/Desktop/Himanshi/speech_emotion_detection-develop-v2/cremad_preprocessed/audio/1076_ITS_ANG_XX.wav,1076_ITS_ANG_XX.wav,1076,train,3,angry,3,angry,0.9889934659004211
/Users/prarthanapatel/Desktop/Himanshi/speech_emotion_detection-develop-v2/cremad_preprocessed/audio/1076_ITS_DIS_XX.wav,1076_ITS_DIS_XX.wav,1076,train,5,disgust,5,disgust,0.9530925750732422
/Users/prarthanapatel/Desktop/Himanshi/speech_emotion_detection-develop-v2/cremad_preprocessed/audio/1076_ITS_FEA_XX.wav,1076_ITS_FEA_XX.wav,1076,train,4,fearful,4,fearful,0.5454549193382263
/Users/prarthanapatel/Desktop/Himanshi/speech_emotion_detection-develop-v2/cremad_preprocessed/audio/1076_ITS_HAP_XX.wav,1076_ITS_HAP_XX.wav,1076,train,1,happy,1,happy,0.9247018694877625
/Users/prarthanapatel/Desktop/Himanshi/speech_emotion_detection-develop-v2/cremad_preprocessed/audio/1076_ITS_SAD_XX.wav,1076_ITS_SAD_XX.wav,1076,train,2,sad,0,neutral,0.6143415570259094
/Users/prarthanapatel/Desktop/Himanshi/speech_emotion_detection-develop-v2/cremad_preprocessed/audio/1076_IWL_ANG_XX.wav,1076_IWL_ANG_XX.wav,1076,train,3,angry,3,angry,0.9871705174446106
/Users/prarthanapatel/Desktop/Himanshi/speech_emotion_detection-develop-v2/cremad_preprocessed/audio/1076_IWL_DIS_XX.wav,1076_IWL_DIS_XX.wav,1076,train,5,disgust,5,disgust,0.5559210181236267
/Users/prarthanapatel/Desktop/Himanshi/speech_emotion_detection-develop-v2/cremad_preprocessed/audio/1076_IWL_FEA_XX.wav,1076_IWL_FEA_XX.wav,1076,train,4,fearful,5,disgust,0.5584168434143066
/Users/prarthanapatel/Desktop/Himanshi/speech_emotion_detection-develop-v2/cremad_preprocessed/audio/1076_IWL_HAP_XX.wav,1076_IWL_HAP_XX.wav,1076,train,1,happy,1,happy,0.541353166103363
/Users/prarthanapatel/Desktop/Himanshi/speech_emotion_detection-develop-v2/cremad_preprocessed/audio/1076_IWL_NEU_XX.wav,1076_IWL_NEU_XX.wav,1076,train,0,neutral,0,neutral,0.9794948101043701
/Users/prarthanapatel/Desktop/Himanshi/speech_emotion_detection-develop-v2/cremad_preprocessed/audio/1076_IWL_SAD_XX.wav,1076_IWL_SAD_XX.wav,1076,train,2,sad,0,neutral,0.97676020860672
/Users/prarthanapatel/Desktop/Himanshi/speech_emotion_detection-develop-v2/cremad_preprocessed/audio/1076_IWW_ANG_XX.wav,1076_IWW_ANG_XX.wav,1076,train,3,angry,3,angry,0.9942688941955566
/Users/prarthanapatel/Desktop/Himanshi/speech_emotion_detection-develop-v2/cremad_preprocessed/audio/1076_IWW_DIS_XX.wav,1076_IWW_DIS_XX.wav,1076,train,5,disgust,5,disgust,0.9576143622398376
/Users/prarthanapatel/Desktop/Himanshi/speech_emotion_detection-develop-v2/cremad_preprocessed/audio/1076_IWW_FEA_XX.wav,1076_IWW_FEA_XX.wav,1076,train,4,fearful,4,fearful,0.6030760407447815
/Users/prarthanapatel/Desktop/Himanshi/speech_emotion_detection-develop-v2/cremad_preprocessed/audio/1076_IWW_HAP_XX.wav,1076_IWW_HAP_XX.wav,1076,train,1,happy,3,angry,0.8235934376716614
/Users/prarthanapatel/Desktop/Himanshi/speech_emotion_detection-develop-v2/cremad_preprocessed/audio/1076_IWW_NEU_XX.wav,1076_IWW_NEU_XX.wav,1076,train,0,neutral,0,neutral,0.8997807502746582
/Users/prarthanapatel/Desktop/Himanshi/speech_emotion_detection-develop-v2/cremad_preprocessed/audio/1076_IWW_SAD_XX.wav,1076_IWW_SAD_XX.wav,1076,train,2,sad,1,happy,0.7627332210540771
/Users/prarthanapatel/Desktop/Himanshi/speech_emotion_detection-develop-v2/cremad_preprocessed/audio/1076_MTI_ANG_XX.wav,1076_MTI_ANG_XX.wav,1076,train,3,angry,3,angry,0.9935389161109924
/Users/prarthanapatel/Desktop/Himanshi/speech_emotion_detection-develop-v2/cremad_preprocessed/audio/1076_MTI_DIS_XX.wav,1076_MTI_DIS_XX.wav,1076,train,5,disgust,5,disgust,0.8898454904556274
/Users/prarthanapatel/Desktop/Himanshi/speech_emotion_detection-develop-v2/cremad_preprocessed/audio/1076_MTI_FEA_XX.wav,1076_MTI_FEA_XX.wav,1076,train,4,fearful,4,fearful,0.9075026512145996
/Users/prarthanapatel/Desktop/Himanshi/speech_emotion_detection-develop-v2/cremad_preprocessed/audio/1076_MTI_HAP_XX.wav,1076_MTI_HAP_XX.wav,1076,train,1,happy,1,happy,0.9784234166145325
/Users/prarthanapatel/Desktop/Himanshi/speech_emotion_detection-develop-v2/cremad_preprocessed/audio/1076_MTI_NEU_XX.wav,1076_MTI_NEU_XX.wav,1076,train,0,neutral,0,neutral,0.9863172173500061
/Users/prarthanapatel/Desktop/Himanshi/speech_emotion_detection-develop-v2/cremad_preprocessed/audio/1076_MTI_SAD_XX.wav,1076_MTI_SAD_XX.wav,1076,train,2,sad,2,sad,0.9235803484916687
/Users/prarthanapatel/Desktop/Himanshi/speech_emotion_detection-develop-v2/cremad_preprocessed/audio/1076_TAI_ANG_XX.wav,1076_TAI_ANG_XX.wav,1076,train,3,angry,3,angry,0.9917811751365662
/Users/prarthanapatel/Desktop/Himanshi/speech_emotion_detection-develop-v2/cremad_preprocessed/audio/1076_TAI_DIS_XX.wav,1076_TAI_DIS_XX.wav,1076,train,5,disgust,5,disgust,0.5306846499443054
/Users/prarthanapatel/Desktop/Himanshi/speech_emotion_detection-develop-v2/cremad_preprocessed/audio/1076_TAI_FEA_XX.wav,1076_TAI_FEA_XX.wav,1076,train,4,fearful,4,fearful,0.8439685106277466
/Users/prarthanapatel/Desktop/Himanshi/speech_emotion_detection-develop-v2/cremad_preprocessed/audio/1076_TAI_HAP_XX.wav,1076_TAI_HAP_XX.wav,1076,train,1,happy,1,happy,0.9799505472183228
/Users/prarthanapatel/Desktop/Himanshi/speech_emotion_detection-develop-v2/cremad_preprocessed/audio/1076_TAI_NEU_XX.wav,1076_TAI_NEU_XX.wav,1076,train,0,neutral,0,neutral,0.9865387678146362
/Users/prarthanapatel/Desktop/Himanshi/speech_emotion_detection-develop-v2/cremad_preprocessed/audio/1076_TAI_SAD_XX.wav,1076_TAI_SAD_XX.wav,1076,train,2,sad,0,neutral,0.8982846736907959
/Users/prarthanapatel/Desktop/Himanshi/speech_emotion_detection-develop-v2/cremad_preprocessed/audio/1076_TIE_ANG_XX.wav,1076_TIE_ANG_XX.wav,1076,train,3,angry,3,angry,0.9943937063217163
/Users/prarthanapatel/Desktop/Himanshi/speech_emotion_detection-develop-v2/cremad_preprocessed/audio/1076_TIE_DIS_XX.wav,1076_TIE_DIS_XX.wav,1076,train,5,disgust,5,disgust,0.9366827011108398
/Users/prarthanapatel/Desktop/Himanshi/speech_emotion_detection-develop-v2/cremad_preprocessed/audio/1076_TIE_FEA_XX.wav,1076_TIE_FEA_XX.wav,1076,train,4,fearful,1,happy,0.8580601811408997
/Users/prarthanapatel/Desktop/Himanshi/speech_emotion_detection-develop-v2/cremad_preprocessed/audio/1076_TIE_HAP_XX.wav,1076_TIE_HAP_XX.wav,1076,train,1,happy,3,angry,0.5213450193405151
/Users/prarthanapatel/Desktop/Himanshi/speech_emotion_detection-develop-v2/cremad_preprocessed/audio/1076_TIE_NEU_XX.wav,1076_TIE_NEU_XX.wav,1076,train,0,neutral,0,neutral,0.6529380083084106
/Users/prarthanapatel/Desktop/Himanshi/speech_emotion_detection-develop-v2/cremad_preprocessed/audio/1076_TIE_SAD_XX.wav,1076_TIE_SAD_XX.wav,1076,train,2,sad,0,neutral,0.962520956993103
/Users/prarthanapatel/Desktop/Himanshi/speech_emotion_detection-develop-v2/cremad_preprocessed/audio/1076_TSI_ANG_XX.wav,1076_TSI_ANG_XX.wav,1076,train,3,angry,3,angry,0.9947360157966614
/Users/prarthanapatel/Desktop/Himanshi/speech_emotion_detection-develop-v2/cremad_preprocessed/audio/1076_TSI_DIS_XX.wav,1076_TSI_DIS_XX.wav,1076,train,5,disgust,5,disgust,0.45608627796173096
/Users/prarthanapatel/Desktop/Himanshi/speech_emotion_detection-develop-v2/cremad_preprocessed/audio/1076_TSI_FEA_XX.wav,1076_TSI_FEA_XX.wav,1076,train,4,fearful,3,angry,0.8823461532592773
/Users/prarthanapatel/Desktop/Himanshi/speech_emotion_detection-develop-v2/cremad_preprocessed/audio/1076_TSI_HAP_XX.wav,1076_TSI_HAP_XX.wav,1076,train,1,happy,1,happy,0.8684990406036377
/Users/prarthanapatel/Desktop/Himanshi/speech_emotion_detection-develop-v2/cremad_preprocessed/audio/1076_TSI_NEU_XX.wav,1076_TSI_NEU_XX.wav,1076,train,0,neutral,0,neutral,0.9737909436225891
/Users/prarthanapatel/Desktop/Himanshi/speech_emotion_detection-develop-v2/cremad_preprocessed/audio/1076_TSI_SAD_XX.wav,1076_TSI_SAD_XX.wav,1076,train,2,sad,0,neutral,0.9569724202156067
/Users/prarthanapatel/Desktop/Himanshi/speech_emotion_detection-develop-v2/cremad_preprocessed/audio/1076_WSI_ANG_XX.wav,1076_WSI_ANG_XX.wav,1076,train,3,angry,3,angry,0.9938133955001831
/Users/prarthanapatel/Desktop/Himanshi/speech_emotion_detection-develop-v2/cremad_preprocessed/audio/1076_WSI_DIS_XX.wav,1076_WSI_DIS_XX.wav,1076,train,5,disgust,5,disgust,0.8717384338378906
/Users/prarthanapatel/Desktop/Himanshi/speech_emotion_detection-develop-v2/cremad_preprocessed/audio/1076_WSI_FEA_XX.wav,1076_WSI_FEA_XX.wav,1076,train,4,fearful,4,fearful,0.5227737426757812
/Users/prarthanapatel/Desktop/Himanshi/speech_emotion_detection-develop-v2/cremad_preprocessed/audio/1076_WSI_HAP_XX.wav,1076_WSI_HAP_XX.wav,1076,train,1,happy,1,happy,0.9571061730384827
/Users/prarthanapatel/Desktop/Himanshi/speech_emotion_detection-develop-v2/cremad_preprocessed/audio/1076_WSI_NEU_XX.wav,1076_WSI_NEU_XX.wav,1076,train,0,neutral,0,neutral,0.7888915538787842
/Users/prarthanapatel/Desktop/Himanshi/speech_emotion_detection-develop-v2/cremad_preprocessed/audio/1076_WSI_SAD_XX.wav,1076_WSI_SAD_XX.wav,1076,train,2,sad,0,neutral,0.975784182548523
/Users/prarthanapatel/Desktop/Himanshi/speech_emotion_detection-develop-v2/cremad_preprocessed/audio/1079_DFA_ANG_XX.wav,1079_DFA_ANG_XX.wav,1079,train,3,angry,3,angry,0.9947952628135681
/Users/prarthanapatel/Desktop/Himanshi/speech_emotion_detection-develop-v2/cremad_preprocessed/audio/1079_DFA_DIS_XX.wav,1079_DFA_DIS_XX.wav,1079,train,5,disgust,5,disgust,0.931007444858551
/Users/prarthanapatel/Desktop/Himanshi/speech_emotion_detection-develop-v2/cremad_preprocessed/audio/1079_DFA_FEA_XX.wav,1079_DFA_FEA_XX.wav,1079,train,4,fearful,4,fearful,0.9098314642906189
/Users/prarthanapatel/Desktop/Himanshi/speech_emotion_detection-develop-v2/cremad_preprocessed/audio/1079_DFA_HAP_XX.wav,1079_DFA_HAP_XX.wav,1079,train,1,happy,1,happy,0.9672203063964844
/Users/prarthanapatel/Desktop/Himanshi/speech_emotion_detection-develop-v2/cremad_preprocessed/audio/1079_DFA_NEU_XX.wav,1079_DFA_NEU_XX.wav,1079,train,0,neutral,0,neutral,0.9841736555099487
/Users/prarthanapatel/Desktop/Himanshi/speech_emotion_detection-develop-v2/cremad_preprocessed/audio/1079_DFA_SAD_XX.wav,1079_DFA_SAD_XX.wav,1079,train,2,sad,2,sad,0.8154404759407043
/Users/prarthanapatel/Desktop/Himanshi/speech_emotion_detection-develop-v2/cremad_preprocessed/audio/1079_IEO_ANG_HI.wav,1079_IEO_ANG_HI.wav,1079,train,3,angry,3,angry,0.9899120926856995
/Users/prarthanapatel/Desktop/Himanshi/speech_emotion_detection-develop-v2/cremad_preprocessed/audio/1079_IEO_ANG_LO.wav,1079_IEO_ANG_LO.wav,1079,train,3,angry,3,angry,0.9932750463485718
/Users/prarthanapatel/Desktop/Himanshi/speech_emotion_detection-develop-v2/cremad_preprocessed/audio/1079_IEO_ANG_MD.wav,1079_IEO_ANG_MD.wav,1079,train,3,angry,3,angry,0.9951199889183044
/Users/prarthanapatel/Desktop/Himanshi/speech_emotion_detection-develop-v2/cremad_preprocessed/audio/1079_IEO_DIS_HI.wav,1079_IEO_DIS_HI.wav,1079,train,5,disgust,5,disgust,0.8280175924301147
/Users/prarthanapatel/Desktop/Himanshi/speech_emotion_detection-develop-v2/cremad_preprocessed/audio/1079_IEO_DIS_LO.wav,1079_IEO_DIS_LO.wav,1079,train,5,disgust,5,disgust,0.9584506154060364
/Users/prarthanapatel/Desktop/Himanshi/speech_emotion_detection-develop-v2/cremad_preprocessed/audio/1079_IEO_DIS_MD.wav,1079_IEO_DIS_MD.wav,1079,train,5,disgust,5,disgust,0.9503030180931091
/Users/prarthanapatel/Desktop/Himanshi/speech_emotion_detection-develop-v2/cremad_preprocessed/audio/1079_IEO_FEA_HI.wav,1079_IEO_FEA_HI.wav,1079,train,4,fearful,4,fearful,0.9357702732086182
/Users/prarthanapatel/Desktop/Himanshi/speech_emotion_detection-develop-v2/cremad_preprocessed/audio/1079_IEO_FEA_LO.wav,1079_IEO_FEA_LO.wav,1079,train,4,fearful,1,happy,0.9628081917762756
/Users/prarthanapatel/Desktop/Himanshi/speech_emotion_detection-develop-v2/cremad_preprocessed/audio/1079_IEO_FEA_MD.wav,1079_IEO_FEA_MD.wav,1079,train,4,fearful,4,fearful,0.7986573576927185
/Users/prarthanapatel/Desktop/Himanshi/speech_emotion_detection-develop-v2/cremad_preprocessed/audio/1079_IEO_HAP_HI.wav,1079_IEO_HAP_HI.wav,1079,train,1,happy,1,happy,0.8196536302566528
/Users/prarthanapatel/Desktop/Himanshi/speech_emotion_detection-develop-v2/cremad_preprocessed/audio/1079_IEO_HAP_LO.wav,1079_IEO_HAP_LO.wav,1079,train,1,happy,1,happy,0.9701038002967834
/Users/prarthanapatel/Desktop/Himanshi/speech_emotion_detection-develop-v2/cremad_preprocessed/audio/1079_IEO_HAP_MD.wav,1079_IEO_HAP_MD.wav,1079,train,1,happy,1,happy,0.970213770866394
/Users/prarthanapatel/Desktop/Himanshi/speech_emotion_detection-develop-v2/cremad_preprocessed/audio/1079_IEO_NEU_XX.wav,1079_IEO_NEU_XX.wav,1079,train,0,neutral,0,neutral,0.9764699339866638
/Users/prarthanapatel/Desktop/Himanshi/speech_emotion_detection-develop-v2/cremad_preprocessed/audio/1079_IEO_SAD_HI.wav,1079_IEO_SAD_HI.wav,1079,train,2,sad,0,neutral,0.8149544596672058
/Users/prarthanapatel/Desktop/Himanshi/speech_emotion_detection-develop-v2/cremad_preprocessed/audio/1079_IEO_SAD_LO.wav,1079_IEO_SAD_LO.wav,1079,train,2,sad,2,sad,0.6131610870361328
/Users/prarthanapatel/Desktop/Himanshi/speech_emotion_detection-develop-v2/cremad_preprocessed/audio/1079_IEO_SAD_MD.wav,1079_IEO_SAD_MD.wav,1079,train,2,sad,2,sad,0.7771148085594177
/Users/prarthanapatel/Desktop/Himanshi/speech_emotion_detection-develop-v2/cremad_preprocessed/audio/1079_IOM_ANG_XX.wav,1079_IOM_ANG_XX.wav,1079,train,3,angry,3,angry,0.9940933585166931
/Users/prarthanapatel/Desktop/Himanshi/speech_emotion_detection-develop-v2/cremad_preprocessed/audio/1079_IOM_DIS_XX.wav,1079_IOM_DIS_XX.wav,1079,train,5,disgust,3,angry,0.9392641186714172
/Users/prarthanapatel/Desktop/Himanshi/speech_emotion_detection-develop-v2/cremad_preprocessed/audio/1079_IOM_FEA_XX.wav,1079_IOM_FEA_XX.wav,1079,train,4,fearful,4,fearful,0.9590520858764648
/Users/prarthanapatel/Desktop/Himanshi/speech_emotion_detection-develop-v2/cremad_preprocessed/audio/1079_IOM_HAP_XX.wav,1079_IOM_HAP_XX.wav,1079,train,1,happy,1,happy,0.7975465059280396
/Users/prarthanapatel/Desktop/Himanshi/speech_emotion_detection-develop-v2/cremad_preprocessed/audio/1079_IOM_NEU_XX.wav,1079_IOM_NEU_XX.wav,1079,train,0,neutral,0,neutral,0.9851874113082886
/Users/prarthanapatel/Desktop/Himanshi/speech_emotion_detection-develop-v2/cremad_preprocessed/audio/1079_IOM_SAD_XX.wav,1079_IOM_SAD_XX.wav,1079,train,2,sad,2,sad,0.85869961977005
/Users/prarthanapatel/Desktop/Himanshi/speech_emotion_detection-develop-v2/cremad_preprocessed/audio/1079_ITH_ANG_XX.wav,1079_ITH_ANG_XX.wav,1079,train,3,angry,3,angry,0.9939252734184265
/Users/prarthanapatel/Desktop/Himanshi/speech_emotion_detection-develop-v2/cremad_preprocessed/audio/1079_ITH_DIS_XX.wav,1079_ITH_DIS_XX.wav,1079,train,5,disgust,5,disgust,0.9652665257453918
/Users/prarthanapatel/Desktop/Himanshi/speech_emotion_detection-develop-v2/cremad_preprocessed/audio/1079_ITH_FEA_XX.wav,1079_ITH_FEA_XX.wav,1079,train,4,fearful,4,fearful,0.9589094519615173
/Users/prarthanapatel/Desktop/Himanshi/speech_emotion_detection-develop-v2/cremad_preprocessed/audio/1079_ITH_HAP_XX.wav,1079_ITH_HAP_XX.wav,1079,train,1,happy,1,happy,0.7660669088363647
/Users/prarthanapatel/Desktop/Himanshi/speech_emotion_detection-develop-v2/cremad_preprocessed/audio/1079_ITH_NEU_XX.wav,1079_ITH_NEU_XX.wav,1079,train,0,neutral,0,neutral,0.985007643699646
/Users/prarthanapatel/Desktop/Himanshi/speech_emotion_detection-develop-v2/cremad_preprocessed/audio/1079_ITH_SAD_XX.wav,1079_ITH_SAD_XX.wav,1079,train,2,sad,2,sad,0.7648871541023254
/Users/prarthanapatel/Desktop/Himanshi/speech_emotion_detection-develop-v2/cremad_preprocessed/audio/1079_ITS_ANG_XX.wav,1079_ITS_ANG_XX.wav,1079,train,3,angry,3,angry,0.9944755434989929
/Users/prarthanapatel/Desktop/Himanshi/speech_emotion_detection-develop-v2/cremad_preprocessed/audio/1079_ITS_DIS_XX.wav,1079_ITS_DIS_XX.wav,1079,train,5,disgust,3,angry,0.9863207936286926
/Users/prarthanapatel/Desktop/Himanshi/speech_emotion_detection-develop-v2/cremad_preprocessed/audio/1079_ITS_FEA_XX.wav,1079_ITS_FEA_XX.wav,1079,train,4,fearful,4,fearful,0.9557833075523376
/Users/prarthanapatel/Desktop/Himanshi/speech_emotion_detection-develop-v2/cremad_preprocessed/audio/1079_ITS_HAP_XX.wav,1079_ITS_HAP_XX.wav,1079,train,1,happy,1,happy,0.9652462005615234
/Users/prarthanapatel/Desktop/Himanshi/speech_emotion_detection-develop-v2/cremad_preprocessed/audio/1079_ITS_NEU_XX.wav,1079_ITS_NEU_XX.wav,1079,train,0,neutral,0,neutral,0.9759194254875183
/Users/prarthanapatel/Desktop/Himanshi/speech_emotion_detection-develop-v2/cremad_preprocessed/audio/1079_ITS_SAD_XX.wav,1079_ITS_SAD_XX.wav,1079,train,2,sad,2,sad,0.5373520851135254
/Users/prarthanapatel/Desktop/Himanshi/speech_emotion_detection-develop-v2/cremad_preprocessed/audio/1079_IWL_ANG_XX.wav,1079_IWL_ANG_XX.wav,1079,train,3,angry,3,angry,0.9945802092552185
/Users/prarthanapatel/Desktop/Himanshi/speech_emotion_detection-develop-v2/cremad_preprocessed/audio/1079_IWL_DIS_XX.wav,1079_IWL_DIS_XX.wav,1079,train,5,disgust,5,disgust,0.6403360366821289
/Users/prarthanapatel/Desktop/Himanshi/speech_emotion_detection-develop-v2/cremad_preprocessed/audio/1079_IWL_FEA_XX.wav,1079_IWL_FEA_XX.wav,1079,train,4,fearful,1,happy,0.9770870804786682
/Users/prarthanapatel/Desktop/Himanshi/speech_emotion_detection-develop-v2/cremad_preprocessed/audio/1079_IWL_HAP_XX.wav,1079_IWL_HAP_XX.wav,1079,train,1,happy,1,happy,0.9588199257850647
/Users/prarthanapatel/Desktop/Himanshi/speech_emotion_detection-develop-v2/cremad_preprocessed/audio/1079_IWL_NEU_XX.wav,1079_IWL_NEU_XX.wav,1079,train,0,neutral,0,neutral,0.9876723885536194
/Users/prarthanapatel/Desktop/Himanshi/speech_emotion_detection-develop-v2/cremad_preprocessed/audio/1079_IWL_SAD_XX.wav,1079_IWL_SAD_XX.wav,1079,train,2,sad,2,sad,0.8779404759407043
/Users/prarthanapatel/Desktop/Himanshi/speech_emotion_detection-develop-v2/cremad_preprocessed/audio/1079_IWW_ANG_XX.wav,1079_IWW_ANG_XX.wav,1079,train,3,angry,3,angry,0.9945986270904541
/Users/prarthanapatel/Desktop/Himanshi/speech_emotion_detection-develop-v2/cremad_preprocessed/audio/1079_IWW_DIS_XX.wav,1079_IWW_DIS_XX.wav,1079,train,5,disgust,5,disgust,0.7953324913978577
/Users/prarthanapatel/Desktop/Himanshi/speech_emotion_detection-develop-v2/cremad_preprocessed/audio/1079_IWW_FEA_XX.wav,1079_IWW_FEA_XX.wav,1079,train,4,fearful,4,fearful,0.8372312188148499
/Users/prarthanapatel/Desktop/Himanshi/speech_emotion_detection-develop-v2/cremad_preprocessed/audio/1079_IWW_HAP_XX.wav,1079_IWW_HAP_XX.wav,1079,train,1,happy,3,angry,0.7899687886238098
/Users/prarthanapatel/Desktop/Himanshi/speech_emotion_detection-develop-v2/cremad_preprocessed/audio/1079_IWW_NEU_XX.wav,1079_IWW_NEU_XX.wav,1079,train,0,neutral,0,neutral,0.9890585541725159
/Users/prarthanapatel/Desktop/Himanshi/speech_emotion_detection-develop-v2/cremad_preprocessed/audio/1079_IWW_SAD_XX.wav,1079_IWW_SAD_XX.wav,1079,train,2,sad,2,sad,0.6522617340087891
/Users/prarthanapatel/Desktop/Himanshi/speech_emotion_detection-develop-v2/cremad_preprocessed/audio/1079_MTI_ANG_XX.wav,1079_MTI_ANG_XX.wav,1079,train,3,angry,3,angry,0.9933813810348511
/Users/prarthanapatel/Desktop/Himanshi/speech_emotion_detection-develop-v2/cremad_preprocessed/audio/1079_MTI_DIS_XX.wav,1079_MTI_DIS_XX.wav,1079,train,5,disgust,5,disgust,0.5670982599258423
/Users/prarthanapatel/Desktop/Himanshi/speech_emotion_detection-develop-v2/cremad_preprocessed/audio/1079_MTI_FEA_XX.wav,1079_MTI_FEA_XX.wav,1079,train,4,fearful,4,fearful,0.9120308756828308
/Users/prarthanapatel/Desktop/Himanshi/speech_emotion_detection-develop-v2/cremad_preprocessed/audio/1079_MTI_HAP_XX.wav,1079_MTI_HAP_XX.wav,1079,train,1,happy,1,happy,0.9796531200408936
/Users/prarthanapatel/Desktop/Himanshi/speech_emotion_detection-develop-v2/cremad_preprocessed/audio/1079_MTI_NEU_XX.wav,1079_MTI_NEU_XX.wav,1079,train,0,neutral,0,neutral,0.9714086055755615
/Users/prarthanapatel/Desktop/Himanshi/speech_emotion_detection-develop-v2/cremad_preprocessed/audio/1079_MTI_SAD_XX.wav,1079_MTI_SAD_XX.wav,1079,train,2,sad,2,sad,0.8456300497055054
/Users/prarthanapatel/Desktop/Himanshi/speech_emotion_detection-develop-v2/cremad_preprocessed/audio/1079_TAI_ANG_XX.wav,1079_TAI_ANG_XX.wav,1079,train,3,angry,3,angry,0.9936724901199341
/Users/prarthanapatel/Desktop/Himanshi/speech_emotion_detection-develop-v2/cremad_preprocessed/audio/1079_TAI_DIS_XX.wav,1079_TAI_DIS_XX.wav,1079,train,5,disgust,5,disgust,0.7532464265823364
/Users/prarthanapatel/Desktop/Himanshi/speech_emotion_detection-develop-v2/cremad_preprocessed/audio/1079_TAI_FEA_XX.wav,1079_TAI_FEA_XX.wav,1079,train,4,fearful,4,fearful,0.9455339312553406
/Users/prarthanapatel/Desktop/Himanshi/speech_emotion_detection-develop-v2/cremad_preprocessed/audio/1079_TAI_HAP_XX.wav,1079_TAI_HAP_XX.wav,1079,train,1,happy,1,happy,0.9790557026863098
/Users/prarthanapatel/Desktop/Himanshi/speech_emotion_detection-develop-v2/cremad_preprocessed/audio/1079_TAI_NEU_XX.wav,1079_TAI_NEU_XX.wav,1079,train,0,neutral,0,neutral,0.9857665300369263
/Users/prarthanapatel/Desktop/Himanshi/speech_emotion_detection-develop-v2/cremad_preprocessed/audio/1079_TAI_SAD_XX.wav,1079_TAI_SAD_XX.wav,1079,train,2,sad,0,neutral,0.5814822912216187
/Users/prarthanapatel/Desktop/Himanshi/speech_emotion_detection-develop-v2/cremad_preprocessed/audio/1079_TIE_ANG_XX.wav,1079_TIE_ANG_XX.wav,1079,train,3,angry,3,angry,0.9945223331451416
/Users/prarthanapatel/Desktop/Himanshi/speech_emotion_detection-develop-v2/cremad_preprocessed/audio/1079_TIE_DIS_XX.wav,1079_TIE_DIS_XX.wav,1079,train,5,disgust,5,disgust,0.7587316036224365
/Users/prarthanapatel/Desktop/Himanshi/speech_emotion_detection-develop-v2/cremad_preprocessed/audio/1079_TIE_FEA_XX.wav,1079_TIE_FEA_XX.wav,1079,train,4,fearful,4,fearful,0.6052907705307007
/Users/prarthanapatel/Desktop/Himanshi/speech_emotion_detection-develop-v2/cremad_preprocessed/audio/1079_TIE_HAP_XX.wav,1079_TIE_HAP_XX.wav,1079,train,1,happy,1,happy,0.9339191913604736
/Users/prarthanapatel/Desktop/Himanshi/speech_emotion_detection-develop-v2/cremad_preprocessed/audio/1079_TIE_NEU_XX.wav,1079_TIE_NEU_XX.wav,1079,train,0,neutral,0,neutral,0.9749466776847839
/Users/prarthanapatel/Desktop/Himanshi/speech_emotion_detection-develop-v2/cremad_preprocessed/audio/1079_TIE_SAD_XX.wav,1079_TIE_SAD_XX.wav,1079,train,2,sad,2,sad,0.8202332854270935
/Users/prarthanapatel/Desktop/Himanshi/speech_emotion_detection-develop-v2/cremad_preprocessed/audio/1079_TSI_ANG_XX.wav,1079_TSI_ANG_XX.wav,1079,train,3,angry,3,angry,0.9949076771736145
/Users/prarthanapatel/Desktop/Himanshi/speech_emotion_detection-develop-v2/cremad_preprocessed/audio/1079_TSI_DIS_XX.wav,1079_TSI_DIS_XX.wav,1079,train,5,disgust,5,disgust,0.9367040395736694
/Users/prarthanapatel/Desktop/Himanshi/speech_emotion_detection-develop-v2/cremad_preprocessed/audio/1079_TSI_FEA_XX.wav,1079_TSI_FEA_XX.wav,1079,train,4,fearful,4,fearful,0.9352704286575317
/Users/prarthanapatel/Desktop/Himanshi/speech_emotion_detection-develop-v2/cremad_preprocessed/audio/1079_TSI_HAP_XX.wav,1079_TSI_HAP_XX.wav,1079,train,1,happy,1,happy,0.9669829607009888
/Users/prarthanapatel/Desktop/Himanshi/speech_emotion_detection-develop-v2/cremad_preprocessed/audio/1079_TSI_NEU_XX.wav,1079_TSI_NEU_XX.wav,1079,train,0,neutral,0,neutral,0.9765266180038452
/Users/prarthanapatel/Desktop/Himanshi/speech_emotion_detection-develop-v2/cremad_preprocessed/audio/1079_TSI_SAD_XX.wav,1079_TSI_SAD_XX.wav,1079,train,2,sad,4,fearful,0.6856085062026978
/Users/prarthanapatel/Desktop/Himanshi/speech_emotion_detection-develop-v2/cremad_preprocessed/audio/1079_WSI_ANG_XX.wav,1079_WSI_ANG_XX.wav,1079,train,3,angry,3,angry,0.99480140209198
/Users/prarthanapatel/Desktop/Himanshi/speech_emotion_detection-develop-v2/cremad_preprocessed/audio/1079_WSI_DIS_XX.wav,1079_WSI_DIS_XX.wav,1079,train,5,disgust,5,disgust,0.7111856341362
/Users/prarthanapatel/Desktop/Himanshi/speech_emotion_detection-develop-v2/cremad_preprocessed/audio/1079_WSI_FEA_XX.wav,1079_WSI_FEA_XX.wav,1079,train,4,fearful,4,fearful,0.9449778199195862
/Users/prarthanapatel/Desktop/Himanshi/speech_emotion_detection-develop-v2/cremad_preprocessed/audio/1079_WSI_HAP_XX.wav,1079_WSI_HAP_XX.wav,1079,train,1,happy,4,fearful,0.6663586497306824
/Users/prarthanapatel/Desktop/Himanshi/speech_emotion_detection-develop-v2/cremad_preprocessed/audio/1079_WSI_NEU_XX.wav,1079_WSI_NEU_XX.wav,1079,train,0,neutral,0,neutral,0.9787521958351135
/Users/prarthanapatel/Desktop/Himanshi/speech_emotion_detection-develop-v2/cremad_preprocessed/audio/1079_WSI_SAD_XX.wav,1079_WSI_SAD_XX.wav,1079,train,2,sad,2,sad,0.8311910033226013
/Users/prarthanapatel/Desktop/Himanshi/speech_emotion_detection-develop-v2/cremad_preprocessed/audio/1081_DFA_ANG_XX.wav,1081_DFA_ANG_XX.wav,1081,train,3,angry,3,angry,0.9945907592773438
/Users/prarthanapatel/Desktop/Himanshi/speech_emotion_detection-develop-v2/cremad_preprocessed/audio/1081_DFA_DIS_XX.wav,1081_DFA_DIS_XX.wav,1081,train,5,disgust,2,sad,0.8362906575202942
/Users/prarthanapatel/Desktop/Himanshi/speech_emotion_detection-develop-v2/cremad_preprocessed/audio/1081_DFA_FEA_XX.wav,1081_DFA_FEA_XX.wav,1081,train,4,fearful,4,fearful,0.7790939211845398
/Users/prarthanapatel/Desktop/Himanshi/speech_emotion_detection-develop-v2/cremad_preprocessed/audio/1081_DFA_HAP_XX.wav,1081_DFA_HAP_XX.wav,1081,train,1,happy,1,happy,0.9184561371803284
/Users/prarthanapatel/Desktop/Himanshi/speech_emotion_detection-develop-v2/cremad_preprocessed/audio/1081_DFA_NEU_XX.wav,1081_DFA_NEU_XX.wav,1081,train,0,neutral,0,neutral,0.9839825630187988
/Users/prarthanapatel/Desktop/Himanshi/speech_emotion_detection-develop-v2/cremad_preprocessed/audio/1081_DFA_SAD_XX.wav,1081_DFA_SAD_XX.wav,1081,train,2,sad,2,sad,0.886617124080658
/Users/prarthanapatel/Desktop/Himanshi/speech_emotion_detection-develop-v2/cremad_preprocessed/audio/1081_IEO_ANG_HI.wav,1081_IEO_ANG_HI.wav,1081,train,3,angry,3,angry,0.986786425113678
/Users/prarthanapatel/Desktop/Himanshi/speech_emotion_detection-develop-v2/cremad_preprocessed/audio/1081_IEO_ANG_LO.wav,1081_IEO_ANG_LO.wav,1081,train,3,angry,3,angry,0.9571670293807983
/Users/prarthanapatel/Desktop/Himanshi/speech_emotion_detection-develop-v2/cremad_preprocessed/audio/1081_IEO_ANG_MD.wav,1081_IEO_ANG_MD.wav,1081,train,3,angry,3,angry,0.9941986799240112
/Users/prarthanapatel/Desktop/Himanshi/speech_emotion_detection-develop-v2/cremad_preprocessed/audio/1081_IEO_DIS_HI.wav,1081_IEO_DIS_HI.wav,1081,train,5,disgust,5,disgust,0.9096258878707886
/Users/prarthanapatel/Desktop/Himanshi/speech_emotion_detection-develop-v2/cremad_preprocessed/audio/1081_IEO_DIS_LO.wav,1081_IEO_DIS_LO.wav,1081,train,5,disgust,5,disgust,0.6871342062950134
/Users/prarthanapatel/Desktop/Himanshi/speech_emotion_detection-develop-v2/cremad_preprocessed/audio/1081_IEO_DIS_MD.wav,1081_IEO_DIS_MD.wav,1081,train,5,disgust,5,disgust,0.9659212827682495
/Users/prarthanapatel/Desktop/Himanshi/speech_emotion_detection-develop-v2/cremad_preprocessed/audio/1081_IEO_FEA_HI.wav,1081_IEO_FEA_HI.wav,1081,train,4,fearful,4,fearful,0.9653353691101074
/Users/prarthanapatel/Desktop/Himanshi/speech_emotion_detection-develop-v2/cremad_preprocessed/audio/1081_IEO_FEA_LO.wav,1081_IEO_FEA_LO.wav,1081,train,4,fearful,4,fearful,0.6612666845321655
/Users/prarthanapatel/Desktop/Himanshi/speech_emotion_detection-develop-v2/cremad_preprocessed/audio/1081_IEO_FEA_MD.wav,1081_IEO_FEA_MD.wav,1081,train,4,fearful,4,fearful,0.9062539935112
/Users/prarthanapatel/Desktop/Himanshi/speech_emotion_detection-develop-v2/cremad_preprocessed/audio/1081_IEO_HAP_HI.wav,1081_IEO_HAP_HI.wav,1081,train,1,happy,1,happy,0.9663547873497009
/Users/prarthanapatel/Desktop/Himanshi/speech_emotion_detection-develop-v2/cremad_preprocessed/audio/1081_IEO_HAP_LO.wav,1081_IEO_HAP_LO.wav,1081,train,1,happy,1,happy,0.8951106071472168
/Users/prarthanapatel/Desktop/Himanshi/speech_emotion_detection-develop-v2/cremad_preprocessed/audio/1081_IEO_HAP_MD.wav,1081_IEO_HAP_MD.wav,1081,train,1,happy,1,happy,0.8787697553634644
/Users/prarthanapatel/Desktop/Himanshi/speech_emotion_detection-develop-v2/cremad_preprocessed/audio/1081_IEO_NEU_XX.wav,1081_IEO_NEU_XX.wav,1081,train,0,neutral,1,happy,0.8716286420822144
/Users/prarthanapatel/Desktop/Himanshi/speech_emotion_detection-develop-v2/cremad_preprocessed/audio/1081_IEO_SAD_HI.wav,1081_IEO_SAD_HI.wav,1081,train,2,sad,2,sad,0.7090532183647156
/Users/prarthanapatel/Desktop/Himanshi/speech_emotion_detection-develop-v2/cremad_preprocessed/audio/1081_IEO_SAD_LO.wav,1081_IEO_SAD_LO.wav,1081,train,2,sad,2,sad,0.7144104838371277
/Users/prarthanapatel/Desktop/Himanshi/speech_emotion_detection-develop-v2/cremad_preprocessed/audio/1081_IEO_SAD_MD.wav,1081_IEO_SAD_MD.wav,1081,train,2,sad,4,fearful,0.672291100025177
/Users/prarthanapatel/Desktop/Himanshi/speech_emotion_detection-develop-v2/cremad_preprocessed/audio/1081_IOM_ANG_XX.wav,1081_IOM_ANG_XX.wav,1081,train,3,angry,3,angry,0.9945076107978821
/Users/prarthanapatel/Desktop/Himanshi/speech_emotion_detection-develop-v2/cremad_preprocessed/audio/1081_IOM_DIS_XX.wav,1081_IOM_DIS_XX.wav,1081,train,5,disgust,5,disgust,0.9081456065177917
/Users/prarthanapatel/Desktop/Himanshi/speech_emotion_detection-develop-v2/cremad_preprocessed/audio/1081_IOM_FEA_XX.wav,1081_IOM_FEA_XX.wav,1081,train,4,fearful,4,fearful,0.5408728718757629
/Users/prarthanapatel/Desktop/Himanshi/speech_emotion_detection-develop-v2/cremad_preprocessed/audio/1081_IOM_HAP_XX.wav,1081_IOM_HAP_XX.wav,1081,train,1,happy,1,happy,0.9573694467544556
/Users/prarthanapatel/Desktop/Himanshi/speech_emotion_detection-develop-v2/cremad_preprocessed/audio/1081_IOM_NEU_XX.wav,1081_IOM_NEU_XX.wav,1081,train,0,neutral,0,neutral,0.9277498126029968
/Users/prarthanapatel/Desktop/Himanshi/speech_emotion_detection-develop-v2/cremad_preprocessed/audio/1081_IOM_SAD_XX.wav,1081_IOM_SAD_XX.wav,1081,train,2,sad,2,sad,0.8558275699615479
/Users/prarthanapatel/Desktop/Himanshi/speech_emotion_detection-develop-v2/cremad_preprocessed/audio/1081_ITH_ANG_XX.wav,1081_ITH_ANG_XX.wav,1081,train,3,angry,3,angry,0.9949323534965515
/Users/prarthanapatel/Desktop/Himanshi/speech_emotion_detection-develop-v2/cremad_preprocessed/audio/1081_ITH_DIS_XX.wav,1081_ITH_DIS_XX.wav,1081,train,5,disgust,2,sad,0.6934640407562256
/Users/prarthanapatel/Desktop/Himanshi/speech_emotion_detection-develop-v2/cremad_preprocessed/audio/1081_ITH_FEA_XX.wav,1081_ITH_FEA_XX.wav,1081,train,4,fearful,4,fearful,0.6942863464355469
/Users/prarthanapatel/Desktop/Himanshi/speech_emotion_detection-develop-v2/cremad_preprocessed/audio/1081_ITH_HAP_XX.wav,1081_ITH_HAP_XX.wav,1081,train,1,happy,1,happy,0.9786956906318665
/Users/prarthanapatel/Desktop/Himanshi/speech_emotion_detection-develop-v2/cremad_preprocessed/audio/1081_ITH_NEU_XX.wav,1081_ITH_NEU_XX.wav,1081,train,0,neutral,0,neutral,0.9809633493423462
/Users/prarthanapatel/Desktop/Himanshi/speech_emotion_detection-develop-v2/cremad_preprocessed/audio/1081_ITH_SAD_XX.wav,1081_ITH_SAD_XX.wav,1081,train,2,sad,2,sad,0.8861123919487
/Users/prarthanapatel/Desktop/Himanshi/speech_emotion_detection-develop-v2/cremad_preprocessed/audio/1081_ITS_ANG_XX.wav,1081_ITS_ANG_XX.wav,1081,train,3,angry,3,angry,0.9943055510520935
/Users/prarthanapatel/Desktop/Himanshi/speech_emotion_detection-develop-v2/cremad_preprocessed/audio/1081_ITS_DIS_XX.wav,1081_ITS_DIS_XX.wav,1081,train,5,disgust,5,disgust,0.7092666029930115
/Users/prarthanapatel/Desktop/Himanshi/speech_emotion_detection-develop-v2/cremad_preprocessed/audio/1081_ITS_FEA_XX.wav,1081_ITS_FEA_XX.wav,1081,train,4,fearful,4,fearful,0.8394007682800293
/Users/prarthanapatel/Desktop/Himanshi/speech_emotion_detection-develop-v2/cremad_preprocessed/audio/1081_ITS_HAP_XX.wav,1081_ITS_HAP_XX.wav,1081,train,1,happy,3,angry,0.719702422618866
/Users/prarthanapatel/Desktop/Himanshi/speech_emotion_detection-develop-v2/cremad_preprocessed/audio/1081_ITS_NEU_XX.wav,1081_ITS_NEU_XX.wav,1081,train,0,neutral,2,sad,0.7578642964363098
/Users/prarthanapatel/Desktop/Himanshi/speech_emotion_detection-develop-v2/cremad_preprocessed/audio/1081_ITS_SAD_XX.wav,1081_ITS_SAD_XX.wav,1081,train,2,sad,2,sad,0.8217073082923889
/Users/prarthanapatel/Desktop/Himanshi/speech_emotion_detection-develop-v2/cremad_preprocessed/audio/1081_IWL_ANG_XX.wav,1081_IWL_ANG_XX.wav,1081,train,3,angry,3,angry,0.9927188158035278
/Users/prarthanapatel/Desktop/Himanshi/speech_emotion_detection-develop-v2/cremad_preprocessed/audio/1081_IWL_DIS_XX.wav,1081_IWL_DIS_XX.wav,1081,train,5,disgust,5,disgust,0.9176062941551208
/Users/prarthanapatel/Desktop/Himanshi/speech_emotion_detection-develop-v2/cremad_preprocessed/audio/1081_IWL_FEA_XX.wav,1081_IWL_FEA_XX.wav,1081,train,4,fearful,4,fearful,0.715599536895752
/Users/prarthanapatel/Desktop/Himanshi/speech_emotion_detection-develop-v2/cremad_preprocessed/audio/1081_IWL_HAP_XX.wav,1081_IWL_HAP_XX.wav,1081,train,1,happy,1,happy,0.9781230092048645
/Users/prarthanapatel/Desktop/Himanshi/speech_emotion_detection-develop-v2/cremad_preprocessed/audio/1081_IWL_NEU_XX.wav,1081_IWL_NEU_XX.wav,1081,train,0,neutral,0,neutral,0.6257096529006958
/Users/prarthanapatel/Desktop/Himanshi/speech_emotion_detection-develop-v2/cremad_preprocessed/audio/1081_IWL_SAD_XX.wav,1081_IWL_SAD_XX.wav,1081,train,2,sad,2,sad,0.8924432992935181
/Users/prarthanapatel/Desktop/Himanshi/speech_emotion_detection-develop-v2/cremad_preprocessed/audio/1081_IWW_ANG_XX.wav,1081_IWW_ANG_XX.wav,1081,train,3,angry,3,angry,0.9943742752075195
/Users/prarthanapatel/Desktop/Himanshi/speech_emotion_detection-develop-v2/cremad_preprocessed/audio/1081_IWW_DIS_XX.wav,1081_IWW_DIS_XX.wav,1081,train,5,disgust,5,disgust,0.835644006729126
/Users/prarthanapatel/Desktop/Himanshi/speech_emotion_detection-develop-v2/cremad_preprocessed/audio/1081_IWW_FEA_XX.wav,1081_IWW_FEA_XX.wav,1081,train,4,fearful,4,fearful,0.8282396197319031
/Users/prarthanapatel/Desktop/Himanshi/speech_emotion_detection-develop-v2/cremad_preprocessed/audio/1081_IWW_HAP_XX.wav,1081_IWW_HAP_XX.wav,1081,train,1,happy,1,happy,0.973922848701477
/Users/prarthanapatel/Desktop/Himanshi/speech_emotion_detection-develop-v2/cremad_preprocessed/audio/1081_IWW_NEU_XX.wav,1081_IWW_NEU_XX.wav,1081,train,0,neutral,0,neutral,0.9825655221939087
/Users/prarthanapatel/Desktop/Himanshi/speech_emotion_detection-develop-v2/cremad_preprocessed/audio/1081_IWW_SAD_XX.wav,1081_IWW_SAD_XX.wav,1081,train,2,sad,2,sad,0.9074931740760803
/Users/prarthanapatel/Desktop/Himanshi/speech_emotion_detection-develop-v2/cremad_preprocessed/audio/1081_MTI_ANG_XX.wav,1081_MTI_ANG_XX.wav,1081,train,3,angry,3,angry,0.9948010444641113
/Users/prarthanapatel/Desktop/Himanshi/speech_emotion_detection-develop-v2/cremad_preprocessed/audio/1081_MTI_DIS_XX.wav,1081_MTI_DIS_XX.wav,1081,train,5,disgust,2,sad,0.38974007964134216
/Users/prarthanapatel/Desktop/Himanshi/speech_emotion_detection-develop-v2/cremad_preprocessed/audio/1081_MTI_FEA_XX.wav,1081_MTI_FEA_XX.wav,1081,train,4,fearful,4,fearful,0.9101500511169434
/Users/prarthanapatel/Desktop/Himanshi/speech_emotion_detection-develop-v2/cremad_preprocessed/audio/1081_MTI_HAP_XX.wav,1081_MTI_HAP_XX.wav,1081,train,1,happy,1,happy,0.9062035083770752
/Users/prarthanapatel/Desktop/Himanshi/speech_emotion_detection-develop-v2/cremad_preprocessed/audio/1081_MTI_NEU_XX.wav,1081_MTI_NEU_XX.wav,1081,train,0,neutral,0,neutral,0.813903272151947
/Users/prarthanapatel/Desktop/Himanshi/speech_emotion_detection-develop-v2/cremad_preprocessed/audio/1081_MTI_SAD_XX.wav,1081_MTI_SAD_XX.wav,1081,train,2,sad,2,sad,0.7425514459609985
/Users/prarthanapatel/Desktop/Himanshi/speech_emotion_detection-develop-v2/cremad_preprocessed/audio/1081_TAI_ANG_XX.wav,1081_TAI_ANG_XX.wav,1081,train,3,angry,3,angry,0.9944100975990295
/Users/prarthanapatel/Desktop/Himanshi/speech_emotion_detection-develop-v2/cremad_preprocessed/audio/1081_TAI_DIS_XX.wav,1081_TAI_DIS_XX.wav,1081,train,5,disgust,2,sad,0.5470388531684875
/Users/prarthanapatel/Desktop/Himanshi/speech_emotion_detection-develop-v2/cremad_preprocessed/audio/1081_TAI_FEA_XX.wav,1081_TAI_FEA_XX.wav,1081,train,4,fearful,4,fearful,0.9157571792602539
/Users/prarthanapatel/Desktop/Himanshi/speech_emotion_detection-develop-v2/cremad_preprocessed/audio/1081_TAI_HAP_XX.wav,1081_TAI_HAP_XX.wav,1081,train,1,happy,1,happy,0.9285719990730286
/Users/prarthanapatel/Desktop/Himanshi/speech_emotion_detection-develop-v2/cremad_preprocessed/audio/1081_TAI_NEU_XX.wav,1081_TAI_NEU_XX.wav,1081,train,0,neutral,0,neutral,0.8924674987792969
/Users/prarthanapatel/Desktop/Himanshi/speech_emotion_detection-develop-v2/cremad_preprocessed/audio/1081_TAI_SAD_XX.wav,1081_TAI_SAD_XX.wav,1081,train,2,sad,2,sad,0.69505774974823
/Users/prarthanapatel/Desktop/Himanshi/speech_emotion_detection-develop-v2/cremad_preprocessed/audio/1081_TIE_ANG_XX.wav,1081_TIE_ANG_XX.wav,1081,train,3,angry,3,angry,0.9944673776626587
/Users/prarthanapatel/Desktop/Himanshi/speech_emotion_detection-develop-v2/cremad_preprocessed/audio/1081_TIE_DIS_XX.wav,1081_TIE_DIS_XX.wav,1081,train,5,disgust,1,happy,0.7266229391098022
/Users/prarthanapatel/Desktop/Himanshi/speech_emotion_detection-develop-v2/cremad_preprocessed/audio/1081_TIE_FEA_XX.wav,1081_TIE_FEA_XX.wav,1081,train,4,fearful,2,sad,0.5742530226707458
/Users/prarthanapatel/Desktop/Himanshi/speech_emotion_detection-develop-v2/cremad_preprocessed/audio/1081_TIE_HAP_XX.wav,1081_TIE_HAP_XX.wav,1081,train,1,happy,1,happy,0.976267397403717
/Users/prarthanapatel/Desktop/Himanshi/speech_emotion_detection-develop-v2/cremad_preprocessed/audio/1081_TIE_NEU_XX.wav,1081_TIE_NEU_XX.wav,1081,train,0,neutral,0,neutral,0.8882777094841003
/Users/prarthanapatel/Desktop/Himanshi/speech_emotion_detection-develop-v2/cremad_preprocessed/audio/1081_TIE_SAD_XX.wav,1081_TIE_SAD_XX.wav,1081,train,2,sad,2,sad,0.8937715291976929
/Users/prarthanapatel/Desktop/Himanshi/speech_emotion_detection-develop-v2/cremad_preprocessed/audio/1081_TSI_ANG_XX.wav,1081_TSI_ANG_XX.wav,1081,train,3,angry,3,angry,0.9948468208312988
/Users/prarthanapatel/Desktop/Himanshi/speech_emotion_detection-develop-v2/cremad_preprocessed/audio/1081_TSI_DIS_XX.wav,1081_TSI_DIS_XX.wav,1081,train,5,disgust,5,disgust,0.5341472625732422
/Users/prarthanapatel/Desktop/Himanshi/speech_emotion_detection-develop-v2/cremad_preprocessed/audio/1081_TSI_FEA_XX.wav,1081_TSI_FEA_XX.wav,1081,train,4,fearful,4,fearful,0.9635228514671326
/Users/prarthanapatel/Desktop/Himanshi/speech_emotion_detection-develop-v2/cremad_preprocessed/audio/1081_TSI_HAP_XX.wav,1081_TSI_HAP_XX.wav,1081,train,1,happy,1,happy,0.9624251127243042
/Users/prarthanapatel/Desktop/Himanshi/speech_emotion_detection-develop-v2/cremad_preprocessed/audio/1081_TSI_NEU_XX.wav,1081_TSI_NEU_XX.wav,1081,train,0,neutral,0,neutral,0.9867172241210938
/Users/prarthanapatel/Desktop/Himanshi/speech_emotion_detection-develop-v2/cremad_preprocessed/audio/1081_TSI_SAD_XX.wav,1081_TSI_SAD_XX.wav,1081,train,2,sad,2,sad,0.8883740901947021
/Users/prarthanapatel/Desktop/Himanshi/speech_emotion_detection-develop-v2/cremad_preprocessed/audio/1081_WSI_ANG_XX.wav,1081_WSI_ANG_XX.wav,1081,train,3,angry,4,fearful,0.9245221018791199
/Users/prarthanapatel/Desktop/Himanshi/speech_emotion_detection-develop-v2/cremad_preprocessed/audio/1081_WSI_DIS_XX.wav,1081_WSI_DIS_XX.wav,1081,train,5,disgust,5,disgust,0.7078596353530884
/Users/prarthanapatel/Desktop/Himanshi/speech_emotion_detection-develop-v2/cremad_preprocessed/audio/1081_WSI_FEA_XX.wav,1081_WSI_FEA_XX.wav,1081,train,4,fearful,4,fearful,0.9117712378501892
/Users/prarthanapatel/Desktop/Himanshi/speech_emotion_detection-develop-v2/cremad_preprocessed/audio/1081_WSI_HAP_XX.wav,1081_WSI_HAP_XX.wav,1081,train,1,happy,1,happy,0.9532250165939331
/Users/prarthanapatel/Desktop/Himanshi/speech_emotion_detection-develop-v2/cremad_preprocessed/audio/1081_WSI_NEU_XX.wav,1081_WSI_NEU_XX.wav,1081,train,0,neutral,0,neutral,0.9246888756752014
/Users/prarthanapatel/Desktop/Himanshi/speech_emotion_detection-develop-v2/cremad_preprocessed/audio/1081_WSI_SAD_XX.wav,1081_WSI_SAD_XX.wav,1081,train,2,sad,2,sad,0.9358693957328796
/Users/prarthanapatel/Desktop/Himanshi/speech_emotion_detection-develop-v2/cremad_preprocessed/audio/1083_DFA_ANG_XX.wav,1083_DFA_ANG_XX.wav,1083,train,3,angry,3,angry,0.9909441471099854
/Users/prarthanapatel/Desktop/Himanshi/speech_emotion_detection-develop-v2/cremad_preprocessed/audio/1083_DFA_DIS_XX.wav,1083_DFA_DIS_XX.wav,1083,train,5,disgust,5,disgust,0.9279496073722839
/Users/prarthanapatel/Desktop/Himanshi/speech_emotion_detection-develop-v2/cremad_preprocessed/audio/1083_DFA_FEA_XX.wav,1083_DFA_FEA_XX.wav,1083,train,4,fearful,4,fearful,0.8537891507148743
/Users/prarthanapatel/Desktop/Himanshi/speech_emotion_detection-develop-v2/cremad_preprocessed/audio/1083_DFA_HAP_XX.wav,1083_DFA_HAP_XX.wav,1083,train,1,happy,1,happy,0.8953116536140442
/Users/prarthanapatel/Desktop/Himanshi/speech_emotion_detection-develop-v2/cremad_preprocessed/audio/1083_DFA_NEU_XX.wav,1083_DFA_NEU_XX.wav,1083,train,0,neutral,0,neutral,0.980976402759552
/Users/prarthanapatel/Desktop/Himanshi/speech_emotion_detection-develop-v2/cremad_preprocessed/audio/1083_DFA_SAD_XX.wav,1083_DFA_SAD_XX.wav,1083,train,2,sad,2,sad,0.617024302482605
/Users/prarthanapatel/Desktop/Himanshi/speech_emotion_detection-develop-v2/cremad_preprocessed/audio/1083_IEO_ANG_HI.wav,1083_IEO_ANG_HI.wav,1083,train,3,angry,3,angry,0.9877505898475647
/Users/prarthanapatel/Desktop/Himanshi/speech_emotion_detection-develop-v2/cremad_preprocessed/audio/1083_IEO_ANG_LO.wav,1083_IEO_ANG_LO.wav,1083,train,3,angry,3,angry,0.993026852607727
/Users/prarthanapatel/Desktop/Himanshi/speech_emotion_detection-develop-v2/cremad_preprocessed/audio/1083_IEO_ANG_MD.wav,1083_IEO_ANG_MD.wav,1083,train,3,angry,3,angry,0.9925557971000671
/Users/prarthanapatel/Desktop/Himanshi/speech_emotion_detection-develop-v2/cremad_preprocessed/audio/1083_IEO_DIS_HI.wav,1083_IEO_DIS_HI.wav,1083,train,5,disgust,4,fearful,0.6595522165298462
/Users/prarthanapatel/Desktop/Himanshi/speech_emotion_detection-develop-v2/cremad_preprocessed/audio/1083_IEO_DIS_LO.wav,1083_IEO_DIS_LO.wav,1083,train,5,disgust,5,disgust,0.6395190954208374
/Users/prarthanapatel/Desktop/Himanshi/speech_emotion_detection-develop-v2/cremad_preprocessed/audio/1083_IEO_DIS_MD.wav,1083_IEO_DIS_MD.wav,1083,train,5,disgust,5,disgust,0.571331262588501
/Users/prarthanapatel/Desktop/Himanshi/speech_emotion_detection-develop-v2/cremad_preprocessed/audio/1083_IEO_FEA_HI.wav,1083_IEO_FEA_HI.wav,1083,train,4,fearful,4,fearful,0.9510555863380432
/Users/prarthanapatel/Desktop/Himanshi/speech_emotion_detection-develop-v2/cremad_preprocessed/audio/1083_IEO_FEA_LO.wav,1083_IEO_FEA_LO.wav,1083,train,4,fearful,4,fearful,0.8411301970481873
/Users/prarthanapatel/Desktop/Himanshi/speech_emotion_detection-develop-v2/cremad_preprocessed/audio/1083_IEO_FEA_MD.wav,1083_IEO_FEA_MD.wav,1083,train,4,fearful,4,fearful,0.8516948819160461
/Users/prarthanapatel/Desktop/Himanshi/speech_emotion_detection-develop-v2/cremad_preprocessed/audio/1083_IEO_HAP_HI.wav,1083_IEO_HAP_HI.wav,1083,train,1,happy,3,angry,0.4894719123840332
/Users/prarthanapatel/Desktop/Himanshi/speech_emotion_detection-develop-v2/cremad_preprocessed/audio/1083_IEO_HAP_LO.wav,1083_IEO_HAP_LO.wav,1083,train,1,happy,1,happy,0.9680150151252747
/Users/prarthanapatel/Desktop/Himanshi/speech_emotion_detection-develop-v2/cremad_preprocessed/audio/1083_IEO_HAP_MD.wav,1083_IEO_HAP_MD.wav,1083,train,1,happy,1,happy,0.8121724128723145
/Users/prarthanapatel/Desktop/Himanshi/speech_emotion_detection-develop-v2/cremad_preprocessed/audio/1083_IEO_NEU_XX.wav,1083_IEO_NEU_XX.wav,1083,train,0,neutral,0,neutral,0.9413480162620544
/Users/prarthanapatel/Desktop/Himanshi/speech_emotion_detection-develop-v2/cremad_preprocessed/audio/1083_IEO_SAD_HI.wav,1083_IEO_SAD_HI.wav,1083,train,2,sad,2,sad,0.7097791433334351
/Users/prarthanapatel/Desktop/Himanshi/speech_emotion_detection-develop-v2/cremad_preprocessed/audio/1083_IEO_SAD_LO.wav,1083_IEO_SAD_LO.wav,1083,train,2,sad,4,fearful,0.787947416305542
/Users/prarthanapatel/Desktop/Himanshi/speech_emotion_detection-develop-v2/cremad_preprocessed/audio/1083_IEO_SAD_MD.wav,1083_IEO_SAD_MD.wav,1083,train,2,sad,4,fearful,0.8990204334259033
/Users/prarthanapatel/Desktop/Himanshi/speech_emotion_detection-develop-v2/cremad_preprocessed/audio/1083_IOM_ANG_XX.wav,1083_IOM_ANG_XX.wav,1083,train,3,angry,3,angry,0.9925534129142761
/Users/prarthanapatel/Desktop/Himanshi/speech_emotion_detection-develop-v2/cremad_preprocessed/audio/1083_IOM_DIS_XX.wav,1083_IOM_DIS_XX.wav,1083,train,5,disgust,4,fearful,0.6528533697128296
/Users/prarthanapatel/Desktop/Himanshi/speech_emotion_detection-develop-v2/cremad_preprocessed/audio/1083_IOM_FEA_XX.wav,1083_IOM_FEA_XX.wav,1083,train,4,fearful,4,fearful,0.6539152264595032
/Users/prarthanapatel/Desktop/Himanshi/speech_emotion_detection-develop-v2/cremad_preprocessed/audio/1083_IOM_HAP_XX.wav,1083_IOM_HAP_XX.wav,1083,train,1,happy,1,happy,0.9586524963378906
/Users/prarthanapatel/Desktop/Himanshi/speech_emotion_detection-develop-v2/cremad_preprocessed/audio/1083_IOM_NEU_XX.wav,1083_IOM_NEU_XX.wav,1083,train,0,neutral,0,neutral,0.9796777367591858
/Users/prarthanapatel/Desktop/Himanshi/speech_emotion_detection-develop-v2/cremad_preprocessed/audio/1083_IOM_SAD_XX.wav,1083_IOM_SAD_XX.wav,1083,train,2,sad,2,sad,0.6476960778236389
/Users/prarthanapatel/Desktop/Himanshi/speech_emotion_detection-develop-v2/cremad_preprocessed/audio/1083_ITH_ANG_XX.wav,1083_ITH_ANG_XX.wav,1083,train,3,angry,3,angry,0.9932946562767029
/Users/prarthanapatel/Desktop/Himanshi/speech_emotion_detection-develop-v2/cremad_preprocessed/audio/1083_ITH_DIS_XX.wav,1083_ITH_DIS_XX.wav,1083,train,5,disgust,5,disgust,0.9038161635398865
/Users/prarthanapatel/Desktop/Himanshi/speech_emotion_detection-develop-v2/cremad_preprocessed/audio/1083_ITH_FEA_XX.wav,1083_ITH_FEA_XX.wav,1083,train,4,fearful,2,sad,0.4398091435432434
/Users/prarthanapatel/Desktop/Himanshi/speech_emotion_detection-develop-v2/cremad_preprocessed/audio/1083_ITH_HAP_XX.wav,1083_ITH_HAP_XX.wav,1083,train,1,happy,1,happy,0.9548557996749878
/Users/prarthanapatel/Desktop/Himanshi/speech_emotion_detection-develop-v2/cremad_preprocessed/audio/1083_ITH_NEU_XX.wav,1083_ITH_NEU_XX.wav,1083,train,0,neutral,0,neutral,0.7465413808822632
/Users/prarthanapatel/Desktop/Himanshi/speech_emotion_detection-develop-v2/cremad_preprocessed/audio/1083_ITH_SAD_XX.wav,1083_ITH_SAD_XX.wav,1083,train,2,sad,2,sad,0.5080156922340393
/Users/prarthanapatel/Desktop/Himanshi/speech_emotion_detection-develop-v2/cremad_preprocessed/audio/1083_ITS_ANG_XX.wav,1083_ITS_ANG_XX.wav,1083,train,3,angry,3,angry,0.9921299815177917
/Users/prarthanapatel/Desktop/Himanshi/speech_emotion_detection-develop-v2/cremad_preprocessed/audio/1083_ITS_DIS_XX.wav,1083_ITS_DIS_XX.wav,1083,train,5,disgust,5,disgust,0.48496106266975403
/Users/prarthanapatel/Desktop/Himanshi/speech_emotion_detection-develop-v2/cremad_preprocessed/audio/1083_ITS_FEA_XX.wav,1083_ITS_FEA_XX.wav,1083,train,4,fearful,4,fearful,0.9105986952781677
/Users/prarthanapatel/Desktop/Himanshi/speech_emotion_detection-develop-v2/cremad_preprocessed/audio/1083_ITS_HAP_XX.wav,1083_ITS_HAP_XX.wav,1083,train,1,happy,1,happy,0.9284976720809937
/Users/prarthanapatel/Desktop/Himanshi/speech_emotion_detection-develop-v2/cremad_preprocessed/audio/1083_ITS_NEU_XX.wav,1083_ITS_NEU_XX.wav,1083,train,0,neutral,0,neutral,0.9525619149208069
/Users/prarthanapatel/Desktop/Himanshi/speech_emotion_detection-develop-v2/cremad_preprocessed/audio/1083_ITS_SAD_XX.wav,1083_ITS_SAD_XX.wav,1083,train,2,sad,4,fearful,0.4588434398174286
/Users/prarthanapatel/Desktop/Himanshi/speech_emotion_detection-develop-v2/cremad_preprocessed/audio/1083_IWL_ANG_XX.wav,1083_IWL_ANG_XX.wav,1083,train,3,angry,3,angry,0.9929174184799194
/Users/prarthanapatel/Desktop/Himanshi/speech_emotion_detection-develop-v2/cremad_preprocessed/audio/1083_IWL_DIS_XX.wav,1083_IWL_DIS_XX.wav,1083,train,5,disgust,5,disgust,0.7939454317092896
/Users/prarthanapatel/Desktop/Himanshi/speech_emotion_detection-develop-v2/cremad_preprocessed/audio/1083_IWL_FEA_XX.wav,1083_IWL_FEA_XX.wav,1083,train,4,fearful,4,fearful,0.6601045727729797
/Users/prarthanapatel/Desktop/Himanshi/speech_emotion_detection-develop-v2/cremad_preprocessed/audio/1083_IWL_HAP_XX.wav,1083_IWL_HAP_XX.wav,1083,train,1,happy,0,neutral,0.7289734482765198
/Users/prarthanapatel/Desktop/Himanshi/speech_emotion_detection-develop-v2/cremad_preprocessed/audio/1083_IWL_NEU_XX.wav,1083_IWL_NEU_XX.wav,1083,train,0,neutral,0,neutral,0.9295271635055542
/Users/prarthanapatel/Desktop/Himanshi/speech_emotion_detection-develop-v2/cremad_preprocessed/audio/1083_IWL_SAD_XX.wav,1083_IWL_SAD_XX.wav,1083,train,2,sad,4,fearful,0.6683748364448547
/Users/prarthanapatel/Desktop/Himanshi/speech_emotion_detection-develop-v2/cremad_preprocessed/audio/1083_IWW_ANG_XX.wav,1083_IWW_ANG_XX.wav,1083,train,3,angry,3,angry,0.7929072976112366
/Users/prarthanapatel/Desktop/Himanshi/speech_emotion_detection-develop-v2/cremad_preprocessed/audio/1083_IWW_DIS_XX.wav,1083_IWW_DIS_XX.wav,1083,train,5,disgust,5,disgust,0.7744996547698975
/Users/prarthanapatel/Desktop/Himanshi/speech_emotion_detection-develop-v2/cremad_preprocessed/audio/1083_IWW_FEA_XX.wav,1083_IWW_FEA_XX.wav,1083,train,4,fearful,4,fearful,0.7943167090415955
/Users/prarthanapatel/Desktop/Himanshi/speech_emotion_detection-develop-v2/cremad_preprocessed/audio/1083_IWW_HAP_XX.wav,1083_IWW_HAP_XX.wav,1083,train,1,happy,1,happy,0.9582488536834717
/Users/prarthanapatel/Desktop/Himanshi/speech_emotion_detection-develop-v2/cremad_preprocessed/audio/1083_IWW_NEU_XX.wav,1083_IWW_NEU_XX.wav,1083,train,0,neutral,0,neutral,0.9785372018814087
/Users/prarthanapatel/Desktop/Himanshi/speech_emotion_detection-develop-v2/cremad_preprocessed/audio/1083_IWW_SAD_XX.wav,1083_IWW_SAD_XX.wav,1083,train,2,sad,2,sad,0.7635727524757385
/Users/prarthanapatel/Desktop/Himanshi/speech_emotion_detection-develop-v2/cremad_preprocessed/audio/1083_MTI_ANG_XX.wav,1083_MTI_ANG_XX.wav,1083,train,3,angry,3,angry,0.9928364157676697
/Users/prarthanapatel/Desktop/Himanshi/speech_emotion_detection-develop-v2/cremad_preprocessed/audio/1083_MTI_DIS_XX.wav,1083_MTI_DIS_XX.wav,1083,train,5,disgust,5,disgust,0.8302216529846191
/Users/prarthanapatel/Desktop/Himanshi/speech_emotion_detection-develop-v2/cremad_preprocessed/audio/1083_MTI_FEA_XX.wav,1083_MTI_FEA_XX.wav,1083,train,4,fearful,4,fearful,0.9331777095794678
/Users/prarthanapatel/Desktop/Himanshi/speech_emotion_detection-develop-v2/cremad_preprocessed/audio/1083_MTI_HAP_XX.wav,1083_MTI_HAP_XX.wav,1083,train,1,happy,1,happy,0.9121708869934082
/Users/prarthanapatel/Desktop/Himanshi/speech_emotion_detection-develop-v2/cremad_preprocessed/audio/1083_MTI_NEU_XX.wav,1083_MTI_NEU_XX.wav,1083,train,0,neutral,0,neutral,0.9672797918319702
/Users/prarthanapatel/Desktop/Himanshi/speech_emotion_detection-develop-v2/cremad_preprocessed/audio/1083_MTI_SAD_XX.wav,1083_MTI_SAD_XX.wav,1083,train,2,sad,2,sad,0.3626597821712494
/Users/prarthanapatel/Desktop/Himanshi/speech_emotion_detection-develop-v2/cremad_preprocessed/audio/1083_TAI_ANG_XX.wav,1083_TAI_ANG_XX.wav,1083,train,3,angry,3,angry,0.9921189546585083
/Users/prarthanapatel/Desktop/Himanshi/speech_emotion_detection-develop-v2/cremad_preprocessed/audio/1083_TAI_DIS_XX.wav,1083_TAI_DIS_XX.wav,1083,train,5,disgust,5,disgust,0.9517490863800049
/Users/prarthanapatel/Desktop/Himanshi/speech_emotion_detection-develop-v2/cremad_preprocessed/audio/1083_TAI_FEA_XX.wav,1083_TAI_FEA_XX.wav,1083,train,4,fearful,4,fearful,0.9054311513900757
/Users/prarthanapatel/Desktop/Himanshi/speech_emotion_detection-develop-v2/cremad_preprocessed/audio/1083_TAI_HAP_XX.wav,1083_TAI_HAP_XX.wav,1083,train,1,happy,1,happy,0.9505243897438049
/Users/prarthanapatel/Desktop/Himanshi/speech_emotion_detection-develop-v2/cremad_preprocessed/audio/1083_TAI_NEU_XX.wav,1083_TAI_NEU_XX.wav,1083,train,0,neutral,0,neutral,0.9628263115882874
/Users/prarthanapatel/Desktop/Himanshi/speech_emotion_detection-develop-v2/cremad_preprocessed/audio/1083_TAI_SAD_XX.wav,1083_TAI_SAD_XX.wav,1083,train,2,sad,4,fearful,0.47336575388908386
/Users/prarthanapatel/Desktop/Himanshi/speech_emotion_detection-develop-v2/cremad_preprocessed/audio/1083_TIE_ANG_XX.wav,1083_TIE_ANG_XX.wav,1083,train,3,angry,3,angry,0.47692543268203735
/Users/prarthanapatel/Desktop/Himanshi/speech_emotion_detection-develop-v2/cremad_preprocessed/audio/1083_TIE_DIS_XX.wav,1083_TIE_DIS_XX.wav,1083,train,5,disgust,5,disgust,0.8087767362594604
/Users/prarthanapatel/Desktop/Himanshi/speech_emotion_detection-develop-v2/cremad_preprocessed/audio/1083_TIE_FEA_XX.wav,1083_TIE_FEA_XX.wav,1083,train,4,fearful,4,fearful,0.7606135010719299
/Users/prarthanapatel/Desktop/Himanshi/speech_emotion_detection-develop-v2/cremad_preprocessed/audio/1083_TIE_HAP_XX.wav,1083_TIE_HAP_XX.wav,1083,train,1,happy,1,happy,0.9634264707565308
/Users/prarthanapatel/Desktop/Himanshi/speech_emotion_detection-develop-v2/cremad_preprocessed/audio/1083_TIE_NEU_XX.wav,1083_TIE_NEU_XX.wav,1083,train,0,neutral,1,happy,0.763276994228363
/Users/prarthanapatel/Desktop/Himanshi/speech_emotion_detection-develop-v2/cremad_preprocessed/audio/1083_TIE_SAD_XX.wav,1083_TIE_SAD_XX.wav,1083,train,2,sad,2,sad,0.7446428537368774
/Users/prarthanapatel/Desktop/Himanshi/speech_emotion_detection-develop-v2/cremad_preprocessed/audio/1083_TSI_ANG_XX.wav,1083_TSI_ANG_XX.wav,1083,train,3,angry,3,angry,0.9886936545372009
/Users/prarthanapatel/Desktop/Himanshi/speech_emotion_detection-develop-v2/cremad_preprocessed/audio/1083_TSI_DIS_XX.wav,1083_TSI_DIS_XX.wav,1083,train,5,disgust,5,disgust,0.8812735080718994
/Users/prarthanapatel/Desktop/Himanshi/speech_emotion_detection-develop-v2/cremad_preprocessed/audio/1083_TSI_FEA_XX.wav,1083_TSI_FEA_XX.wav,1083,train,4,fearful,2,sad,0.6391633749008179
/Users/prarthanapatel/Desktop/Himanshi/speech_emotion_detection-develop-v2/cremad_preprocessed/audio/1083_TSI_HAP_XX.wav,1083_TSI_HAP_XX.wav,1083,train,1,happy,1,happy,0.9328798651695251
/Users/prarthanapatel/Desktop/Himanshi/speech_emotion_detection-develop-v2/cremad_preprocessed/audio/1083_TSI_NEU_XX.wav,1083_TSI_NEU_XX.wav,1083,train,0,neutral,1,happy,0.5621597766876221
/Users/prarthanapatel/Desktop/Himanshi/speech_emotion_detection-develop-v2/cremad_preprocessed/audio/1083_TSI_SAD_XX.wav,1083_TSI_SAD_XX.wav,1083,train,2,sad,2,sad,0.8694260120391846
/Users/prarthanapatel/Desktop/Himanshi/speech_emotion_detection-develop-v2/cremad_preprocessed/audio/1083_WSI_ANG_XX.wav,1083_WSI_ANG_XX.wav,1083,train,3,angry,3,angry,0.9932264685630798
/Users/prarthanapatel/Desktop/Himanshi/speech_emotion_detection-develop-v2/cremad_preprocessed/audio/1083_WSI_DIS_XX.wav,1083_WSI_DIS_XX.wav,1083,train,5,disgust,5,disgust,0.8190436363220215
/Users/prarthanapatel/Desktop/Himanshi/speech_emotion_detection-develop-v2/cremad_preprocessed/audio/1083_WSI_FEA_XX.wav,1083_WSI_FEA_XX.wav,1083,train,4,fearful,4,fearful,0.7275593280792236
/Users/prarthanapatel/Desktop/Himanshi/speech_emotion_detection-develop-v2/cremad_preprocessed/audio/1083_WSI_HAP_XX.wav,1083_WSI_HAP_XX.wav,1083,train,1,happy,1,happy,0.8444842100143433
/Users/prarthanapatel/Desktop/Himanshi/speech_emotion_detection-develop-v2/cremad_preprocessed/audio/1083_WSI_NEU_XX.wav,1083_WSI_NEU_XX.wav,1083,train,0,neutral,0,neutral,0.9787287712097168
/Users/prarthanapatel/Desktop/Himanshi/speech_emotion_detection-develop-v2/cremad_preprocessed/audio/1083_WSI_SAD_XX.wav,1083_WSI_SAD_XX.wav,1083,train,2,sad,2,sad,0.8873780369758606
/Users/prarthanapatel/Desktop/Himanshi/speech_emotion_detection-develop-v2/cremad_preprocessed/audio/1084_DFA_ANG_XX.wav,1084_DFA_ANG_XX.wav,1084,train,3,angry,3,angry,0.9918362498283386
/Users/prarthanapatel/Desktop/Himanshi/speech_emotion_detection-develop-v2/cremad_preprocessed/audio/1084_DFA_DIS_XX.wav,1084_DFA_DIS_XX.wav,1084,train,5,disgust,5,disgust,0.9203781485557556
/Users/prarthanapatel/Desktop/Himanshi/speech_emotion_detection-develop-v2/cremad_preprocessed/audio/1084_DFA_FEA_XX.wav,1084_DFA_FEA_XX.wav,1084,train,4,fearful,4,fearful,0.6069761514663696
/Users/prarthanapatel/Desktop/Himanshi/speech_emotion_detection-develop-v2/cremad_preprocessed/audio/1084_DFA_HAP_XX.wav,1084_DFA_HAP_XX.wav,1084,train,1,happy,1,happy,0.965873122215271
/Users/prarthanapatel/Desktop/Himanshi/speech_emotion_detection-develop-v2/cremad_preprocessed/audio/1084_DFA_NEU_XX.wav,1084_DFA_NEU_XX.wav,1084,train,0,neutral,0,neutral,0.9841347336769104
/Users/prarthanapatel/Desktop/Himanshi/speech_emotion_detection-develop-v2/cremad_preprocessed/audio/1084_DFA_SAD_XX.wav,1084_DFA_SAD_XX.wav,1084,train,2,sad,2,sad,0.5293176174163818
/Users/prarthanapatel/Desktop/Himanshi/speech_emotion_detection-develop-v2/cremad_preprocessed/audio/1084_IEO_ANG_HI.wav,1084_IEO_ANG_HI.wav,1084,train,3,angry,3,angry,0.9949860572814941
/Users/prarthanapatel/Desktop/Himanshi/speech_emotion_detection-develop-v2/cremad_preprocessed/audio/1084_IEO_ANG_LO.wav,1084_IEO_ANG_LO.wav,1084,train,3,angry,3,angry,0.9934374690055847
/Users/prarthanapatel/Desktop/Himanshi/speech_emotion_detection-develop-v2/cremad_preprocessed/audio/1084_IEO_ANG_MD.wav,1084_IEO_ANG_MD.wav,1084,train,3,angry,3,angry,0.9491919279098511
/Users/prarthanapatel/Desktop/Himanshi/speech_emotion_detection-develop-v2/cremad_preprocessed/audio/1084_IEO_DIS_HI.wav,1084_IEO_DIS_HI.wav,1084,train,5,disgust,3,angry,0.6490049958229065
/Users/prarthanapatel/Desktop/Himanshi/speech_emotion_detection-develop-v2/cremad_preprocessed/audio/1084_IEO_DIS_LO.wav,1084_IEO_DIS_LO.wav,1084,train,5,disgust,5,disgust,0.7509524822235107
/Users/prarthanapatel/Desktop/Himanshi/speech_emotion_detection-develop-v2/cremad_preprocessed/audio/1084_IEO_DIS_MD.wav,1084_IEO_DIS_MD.wav,1084,train,5,disgust,5,disgust,0.8003295660018921
/Users/prarthanapatel/Desktop/Himanshi/speech_emotion_detection-develop-v2/cremad_preprocessed/audio/1084_IEO_FEA_HI.wav,1084_IEO_FEA_HI.wav,1084,train,4,fearful,4,fearful,0.9630032777786255
/Users/prarthanapatel/Desktop/Himanshi/speech_emotion_detection-develop-v2/cremad_preprocessed/audio/1084_IEO_FEA_LO.wav,1084_IEO_FEA_LO.wav,1084,train,4,fearful,2,sad,0.4716501235961914
/Users/prarthanapatel/Desktop/Himanshi/speech_emotion_detection-develop-v2/cremad_preprocessed/audio/1084_IEO_FEA_MD.wav,1084_IEO_FEA_MD.wav,1084,train,4,fearful,4,fearful,0.7966676354408264
/Users/prarthanapatel/Desktop/Himanshi/speech_emotion_detection-develop-v2/cremad_preprocessed/audio/1084_IEO_HAP_HI.wav,1084_IEO_HAP_HI.wav,1084,train,1,happy,1,happy,0.9510827660560608
/Users/prarthanapatel/Desktop/Himanshi/speech_emotion_detection-develop-v2/cremad_preprocessed/audio/1084_IEO_HAP_LO.wav,1084_IEO_HAP_LO.wav,1084,train,1,happy,1,happy,0.8769509196281433
/Users/prarthanapatel/Desktop/Himanshi/speech_emotion_detection-develop-v2/cremad_preprocessed/audio/1084_IEO_HAP_MD.wav,1084_IEO_HAP_MD.wav,1084,train,1,happy,1,happy,0.9731258749961853
/Users/prarthanapatel/Desktop/Himanshi/speech_emotion_detection-develop-v2/cremad_preprocessed/audio/1084_IEO_NEU_XX.wav,1084_IEO_NEU_XX.wav,1084,train,0,neutral,0,neutral,0.7844237089157104
/Users/prarthanapatel/Desktop/Himanshi/speech_emotion_detection-develop-v2/cremad_preprocessed/audio/1084_IEO_SAD_HI.wav,1084_IEO_SAD_HI.wav,1084,train,2,sad,2,sad,0.7967084646224976
/Users/prarthanapatel/Desktop/Himanshi/speech_emotion_detection-develop-v2/cremad_preprocessed/audio/1084_IEO_SAD_LO.wav,1084_IEO_SAD_LO.wav,1084,train,2,sad,2,sad,0.6149988770484924
/Users/prarthanapatel/Desktop/Himanshi/speech_emotion_detection-develop-v2/cremad_preprocessed/audio/1084_IEO_SAD_MD.wav,1084_IEO_SAD_MD.wav,1084,train,2,sad,2,sad,0.857872724533081
/Users/prarthanapatel/Desktop/Himanshi/speech_emotion_detection-develop-v2/cremad_preprocessed/audio/1084_IOM_ANG_XX.wav,1084_IOM_ANG_XX.wav,1084,train,3,angry,3,angry,0.9942134022712708
/Users/prarthanapatel/Desktop/Himanshi/speech_emotion_detection-develop-v2/cremad_preprocessed/audio/1084_IOM_DIS_XX.wav,1084_IOM_DIS_XX.wav,1084,train,5,disgust,4,fearful,0.8177562355995178
/Users/prarthanapatel/Desktop/Himanshi/speech_emotion_detection-develop-v2/cremad_preprocessed/audio/1084_IOM_FEA_XX.wav,1084_IOM_FEA_XX.wav,1084,train,4,fearful,4,fearful,0.7660972476005554
/Users/prarthanapatel/Desktop/Himanshi/speech_emotion_detection-develop-v2/cremad_preprocessed/audio/1084_IOM_HAP_XX.wav,1084_IOM_HAP_XX.wav,1084,train,1,happy,1,happy,0.9755178689956665
/Users/prarthanapatel/Desktop/Himanshi/speech_emotion_detection-develop-v2/cremad_preprocessed/audio/1084_IOM_NEU_XX.wav,1084_IOM_NEU_XX.wav,1084,train,0,neutral,3,angry,0.46614426374435425
/Users/prarthanapatel/Desktop/Himanshi/speech_emotion_detection-develop-v2/cremad_preprocessed/audio/1084_IOM_SAD_XX.wav,1084_IOM_SAD_XX.wav,1084,train,2,sad,2,sad,0.5300124883651733
/Users/prarthanapatel/Desktop/Himanshi/speech_emotion_detection-develop-v2/cremad_preprocessed/audio/1084_ITH_ANG_XX.wav,1084_ITH_ANG_XX.wav,1084,train,3,angry,3,angry,0.9635030031204224
/Users/prarthanapatel/Desktop/Himanshi/speech_emotion_detection-develop-v2/cremad_preprocessed/audio/1084_ITH_DIS_XX.wav,1084_ITH_DIS_XX.wav,1084,train,5,disgust,2,sad,0.4855959117412567
/Users/prarthanapatel/Desktop/Himanshi/speech_emotion_detection-develop-v2/cremad_preprocessed/audio/1084_ITH_FEA_XX.wav,1084_ITH_FEA_XX.wav,1084,train,4,fearful,4,fearful,0.908846914768219
/Users/prarthanapatel/Desktop/Himanshi/speech_emotion_detection-develop-v2/cremad_preprocessed/audio/1084_ITH_HAP_XX.wav,1084_ITH_HAP_XX.wav,1084,train,1,happy,1,happy,0.9676637053489685
/Users/prarthanapatel/Desktop/Himanshi/speech_emotion_detection-develop-v2/cremad_preprocessed/audio/1084_ITH_NEU_XX.wav,1084_ITH_NEU_XX.wav,1084,train,0,neutral,0,neutral,0.9808370471000671
/Users/prarthanapatel/Desktop/Himanshi/speech_emotion_detection-develop-v2/cremad_preprocessed/audio/1084_ITH_SAD_XX.wav,1084_ITH_SAD_XX.wav,1084,train,2,sad,4,fearful,0.6446845531463623
/Users/prarthanapatel/Desktop/Himanshi/speech_emotion_detection-develop-v2/cremad_preprocessed/audio/1084_ITS_ANG_XX.wav,1084_ITS_ANG_XX.wav,1084,train,3,angry,3,angry,0.9927939176559448
/Users/prarthanapatel/Desktop/Himanshi/speech_emotion_detection-develop-v2/cremad_preprocessed/audio/1084_ITS_DIS_XX.wav,1084_ITS_DIS_XX.wav,1084,train,5,disgust,5,disgust,0.6504436135292053
/Users/prarthanapatel/Desktop/Himanshi/speech_emotion_detection-develop-v2/cremad_preprocessed/audio/1084_ITS_FEA_XX.wav,1084_ITS_FEA_XX.wav,1084,train,4,fearful,4,fearful,0.924159824848175
/Users/prarthanapatel/Desktop/Himanshi/speech_emotion_detection-develop-v2/cremad_preprocessed/audio/1084_ITS_HAP_XX.wav,1084_ITS_HAP_XX.wav,1084,train,1,happy,1,happy,0.9731922745704651
/Users/prarthanapatel/Desktop/Himanshi/speech_emotion_detection-develop-v2/cremad_preprocessed/audio/1084_ITS_NEU_XX.wav,1084_ITS_NEU_XX.wav,1084,train,0,neutral,0,neutral,0.9107635021209717
/Users/prarthanapatel/Desktop/Himanshi/speech_emotion_detection-develop-v2/cremad_preprocessed/audio/1084_ITS_SAD_XX.wav,1084_ITS_SAD_XX.wav,1084,train,2,sad,0,neutral,0.9560624957084656
/Users/prarthanapatel/Desktop/Himanshi/speech_emotion_detection-develop-v2/cremad_preprocessed/audio/1084_IWL_ANG_XX.wav,1084_IWL_ANG_XX.wav,1084,train,3,angry,3,angry,0.9946386218070984
/Users/prarthanapatel/Desktop/Himanshi/speech_emotion_detection-develop-v2/cremad_preprocessed/audio/1084_IWL_DIS_XX.wav,1084_IWL_DIS_XX.wav,1084,train,5,disgust,2,sad,0.6310001611709595
/Users/prarthanapatel/Desktop/Himanshi/speech_emotion_detection-develop-v2/cremad_preprocessed/audio/1084_IWL_FEA_XX.wav,1084_IWL_FEA_XX.wav,1084,train,4,fearful,4,fearful,0.5003416538238525
/Users/prarthanapatel/Desktop/Himanshi/speech_emotion_detection-develop-v2/cremad_preprocessed/audio/1084_IWL_HAP_XX.wav,1084_IWL_HAP_XX.wav,1084,train,1,happy,3,angry,0.9850201606750488
/Users/prarthanapatel/Desktop/Himanshi/speech_emotion_detection-develop-v2/cremad_preprocessed/audio/1084_IWL_NEU_XX.wav,1084_IWL_NEU_XX.wav,1084,train,0,neutral,0,neutral,0.9807260632514954
/Users/prarthanapatel/Desktop/Himanshi/speech_emotion_detection-develop-v2/cremad_preprocessed/audio/1084_IWL_SAD_XX.wav,1084_IWL_SAD_XX.wav,1084,train,2,sad,2,sad,0.5476222634315491
/Users/prarthanapatel/Desktop/Himanshi/speech_emotion_detection-develop-v2/cremad_preprocessed/audio/1084_IWW_ANG_XX.wav,1084_IWW_ANG_XX.wav,1084,train,3,angry,3,angry,0.9945273995399475
/Users/prarthanapatel/Desktop/Himanshi/speech_emotion_detection-develop-v2/cremad_preprocessed/audio/1084_IWW_DIS_XX.wav,1084_IWW_DIS_XX.wav,1084,train,5,disgust,1,happy,0.36534827947616577
/Users/prarthanapatel/Desktop/Himanshi/speech_emotion_detection-develop-v2/cremad_preprocessed/audio/1084_IWW_FEA_XX.wav,1084_IWW_FEA_XX.wav,1084,train,4,fearful,4,fearful,0.9446474313735962
/Users/prarthanapatel/Desktop/Himanshi/speech_emotion_detection-develop-v2/cremad_preprocessed/audio/1084_IWW_HAP_XX.wav,1084_IWW_HAP_XX.wav,1084,train,1,happy,1,happy,0.9687157869338989
/Users/prarthanapatel/Desktop/Himanshi/speech_emotion_detection-develop-v2/cremad_preprocessed/audio/1084_IWW_NEU_XX.wav,1084_IWW_NEU_XX.wav,1084,train,0,neutral,0,neutral,0.8737889528274536
/Users/prarthanapatel/Desktop/Himanshi/speech_emotion_detection-develop-v2/cremad_preprocessed/audio/1084_IWW_SAD_XX.wav,1084_IWW_SAD_XX.wav,1084,train,2,sad,2,sad,0.5244122743606567
/Users/prarthanapatel/Desktop/Himanshi/speech_emotion_detection-develop-v2/cremad_preprocessed/audio/1084_MTI_ANG_XX.wav,1084_MTI_ANG_XX.wav,1084,train,3,angry,3,angry,0.9935704469680786
/Users/prarthanapatel/Desktop/Himanshi/speech_emotion_detection-develop-v2/cremad_preprocessed/audio/1084_MTI_DIS_XX.wav,1084_MTI_DIS_XX.wav,1084,train,5,disgust,2,sad,0.6795706748962402
/Users/prarthanapatel/Desktop/Himanshi/speech_emotion_detection-develop-v2/cremad_preprocessed/audio/1084_MTI_FEA_XX.wav,1084_MTI_FEA_XX.wav,1084,train,4,fearful,4,fearful,0.5565396547317505
/Users/prarthanapatel/Desktop/Himanshi/speech_emotion_detection-develop-v2/cremad_preprocessed/audio/1084_MTI_HAP_XX.wav,1084_MTI_HAP_XX.wav,1084,train,1,happy,2,sad,0.7828267812728882
/Users/prarthanapatel/Desktop/Himanshi/speech_emotion_detection-develop-v2/cremad_preprocessed/audio/1084_MTI_NEU_XX.wav,1084_MTI_NEU_XX.wav,1084,train,0,neutral,0,neutral,0.9799339771270752
/Users/prarthanapatel/Desktop/Himanshi/speech_emotion_detection-develop-v2/cremad_preprocessed/audio/1084_MTI_SAD_XX.wav,1084_MTI_SAD_XX.wav,1084,train,2,sad,2,sad,0.7480571269989014
/Users/prarthanapatel/Desktop/Himanshi/speech_emotion_detection-develop-v2/cremad_preprocessed/audio/1084_TAI_ANG_XX.wav,1084_TAI_ANG_XX.wav,1084,train,3,angry,3,angry,0.9936531782150269
/Users/prarthanapatel/Desktop/Himanshi/speech_emotion_detection-develop-v2/cremad_preprocessed/audio/1084_TAI_DIS_XX.wav,1084_TAI_DIS_XX.wav,1084,train,5,disgust,2,sad,0.46382400393486023
/Users/prarthanapatel/Desktop/Himanshi/speech_emotion_detection-develop-v2/cremad_preprocessed/audio/1084_TAI_FEA_XX.wav,1084_TAI_FEA_XX.wav,1084,train,4,fearful,4,fearful,0.9348116517066956
/Users/prarthanapatel/Desktop/Himanshi/speech_emotion_detection-develop-v2/cremad_preprocessed/audio/1084_TAI_HAP_XX.wav,1084_TAI_HAP_XX.wav,1084,train,1,happy,1,happy,0.959917426109314
/Users/prarthanapatel/Desktop/Himanshi/speech_emotion_detection-develop-v2/cremad_preprocessed/audio/1084_TAI_NEU_XX.wav,1084_TAI_NEU_XX.wav,1084,train,0,neutral,0,neutral,0.9612352848052979
/Users/prarthanapatel/Desktop/Himanshi/speech_emotion_detection-develop-v2/cremad_preprocessed/audio/1084_TAI_SAD_XX.wav,1084_TAI_SAD_XX.wav,1084,train,2,sad,2,sad,0.6155827641487122
/Users/prarthanapatel/Desktop/Himanshi/speech_emotion_detection-develop-v2/cremad_preprocessed/audio/1084_TIE_ANG_XX.wav,1084_TIE_ANG_XX.wav,1084,train,3,angry,3,angry,0.9946597218513489
/Users/prarthanapatel/Desktop/Himanshi/speech_emotion_detection-develop-v2/cremad_preprocessed/audio/1084_TIE_DIS_XX.wav,1084_TIE_DIS_XX.wav,1084,train,5,disgust,2,sad,0.43441042304039
/Users/prarthanapatel/Desktop/Himanshi/speech_emotion_detection-develop-v2/cremad_preprocessed/audio/1084_TIE_FEA_XX.wav,1084_TIE_FEA_XX.wav,1084,train,4,fearful,4,fearful,0.7553499937057495
/Users/prarthanapatel/Desktop/Himanshi/speech_emotion_detection-develop-v2/cremad_preprocessed/audio/1084_TIE_HAP_XX.wav,1084_TIE_HAP_XX.wav,1084,train,1,happy,1,happy,0.9618723392486572
/Users/prarthanapatel/Desktop/Himanshi/speech_emotion_detection-develop-v2/cremad_preprocessed/audio/1084_TIE_NEU_XX.wav,1084_TIE_NEU_XX.wav,1084,train,0,neutral,0,neutral,0.7407697439193726
/Users/prarthanapatel/Desktop/Himanshi/speech_emotion_detection-develop-v2/cremad_preprocessed/audio/1084_TIE_SAD_XX.wav,1084_TIE_SAD_XX.wav,1084,train,2,sad,0,neutral,0.8035272359848022
/Users/prarthanapatel/Desktop/Himanshi/speech_emotion_detection-develop-v2/cremad_preprocessed/audio/1084_TSI_ANG_XX.wav,1084_TSI_ANG_XX.wav,1084,train,3,angry,3,angry,0.9919083714485168
/Users/prarthanapatel/Desktop/Himanshi/speech_emotion_detection-develop-v2/cremad_preprocessed/audio/1084_TSI_DIS_XX.wav,1084_TSI_DIS_XX.wav,1084,train,5,disgust,5,disgust,0.7967610359191895
/Users/prarthanapatel/Desktop/Himanshi/speech_emotion_detection-develop-v2/cremad_preprocessed/audio/1084_TSI_FEA_XX.wav,1084_TSI_FEA_XX.wav,1084,train,4,fearful,4,fearful,0.8095431923866272
/Users/prarthanapatel/Desktop/Himanshi/speech_emotion_detection-develop-v2/cremad_preprocessed/audio/1084_TSI_HAP_XX.wav,1084_TSI_HAP_XX.wav,1084,train,1,happy,1,happy,0.9747435450553894
/Users/prarthanapatel/Desktop/Himanshi/speech_emotion_detection-develop-v2/cremad_preprocessed/audio/1084_TSI_NEU_XX.wav,1084_TSI_NEU_XX.wav,1084,train,0,neutral,0,neutral,0.9839247465133667
/Users/prarthanapatel/Desktop/Himanshi/speech_emotion_detection-develop-v2/cremad_preprocessed/audio/1084_TSI_SAD_XX.wav,1084_TSI_SAD_XX.wav,1084,train,2,sad,2,sad,0.6019050478935242
/Users/prarthanapatel/Desktop/Himanshi/speech_emotion_detection-develop-v2/cremad_preprocessed/audio/1084_WSI_ANG_XX.wav,1084_WSI_ANG_XX.wav,1084,train,3,angry,3,angry,0.9931681156158447
/Users/prarthanapatel/Desktop/Himanshi/speech_emotion_detection-develop-v2/cremad_preprocessed/audio/1084_WSI_DIS_XX.wav,1084_WSI_DIS_XX.wav,1084,train,5,disgust,5,disgust,0.7742806673049927
/Users/prarthanapatel/Desktop/Himanshi/speech_emotion_detection-develop-v2/cremad_preprocessed/audio/1084_WSI_FEA_XX.wav,1084_WSI_FEA_XX.wav,1084,train,4,fearful,4,fearful,0.9169955849647522
/Users/prarthanapatel/Desktop/Himanshi/speech_emotion_detection-develop-v2/cremad_preprocessed/audio/1084_WSI_HAP_XX.wav,1084_WSI_HAP_XX.wav,1084,train,1,happy,3,angry,0.5003032088279724
/Users/prarthanapatel/Desktop/Himanshi/speech_emotion_detection-develop-v2/cremad_preprocessed/audio/1084_WSI_NEU_XX.wav,1084_WSI_NEU_XX.wav,1084,train,0,neutral,0,neutral,0.49808013439178467
/Users/prarthanapatel/Desktop/Himanshi/speech_emotion_detection-develop-v2/cremad_preprocessed/audio/1084_WSI_SAD_XX.wav,1084_WSI_SAD_XX.wav,1084,train,2,sad,2,sad,0.4871215522289276
/Users/prarthanapatel/Desktop/Himanshi/speech_emotion_detection-develop-v2/cremad_preprocessed/audio/1085_DFA_ANG_XX.wav,1085_DFA_ANG_XX.wav,1085,train,3,angry,3,angry,0.994759738445282
/Users/prarthanapatel/Desktop/Himanshi/speech_emotion_detection-develop-v2/cremad_preprocessed/audio/1085_DFA_DIS_XX.wav,1085_DFA_DIS_XX.wav,1085,train,5,disgust,3,angry,0.6325640082359314
/Users/prarthanapatel/Desktop/Himanshi/speech_emotion_detection-develop-v2/cremad_preprocessed/audio/1085_DFA_FEA_XX.wav,1085_DFA_FEA_XX.wav,1085,train,4,fearful,2,sad,0.8110485076904297
/Users/prarthanapatel/Desktop/Himanshi/speech_emotion_detection-develop-v2/cremad_preprocessed/audio/1085_DFA_HAP_XX.wav,1085_DFA_HAP_XX.wav,1085,train,1,happy,1,happy,0.9789395332336426
/Users/prarthanapatel/Desktop/Himanshi/speech_emotion_detection-develop-v2/cremad_preprocessed/audio/1085_DFA_NEU_XX.wav,1085_DFA_NEU_XX.wav,1085,train,0,neutral,0,neutral,0.9839854836463928
/Users/prarthanapatel/Desktop/Himanshi/speech_emotion_detection-develop-v2/cremad_preprocessed/audio/1085_DFA_SAD_XX.wav,1085_DFA_SAD_XX.wav,1085,train,2,sad,2,sad,0.7351632714271545
/Users/prarthanapatel/Desktop/Himanshi/speech_emotion_detection-develop-v2/cremad_preprocessed/audio/1085_IEO_ANG_HI.wav,1085_IEO_ANG_HI.wav,1085,train,3,angry,3,angry,0.992946207523346
/Users/prarthanapatel/Desktop/Himanshi/speech_emotion_detection-develop-v2/cremad_preprocessed/audio/1085_IEO_ANG_LO.wav,1085_IEO_ANG_LO.wav,1085,train,3,angry,3,angry,0.9846916794776917
/Users/prarthanapatel/Desktop/Himanshi/speech_emotion_detection-develop-v2/cremad_preprocessed/audio/1085_IEO_ANG_MD.wav,1085_IEO_ANG_MD.wav,1085,train,3,angry,3,angry,0.9946040511131287
/Users/prarthanapatel/Desktop/Himanshi/speech_emotion_detection-develop-v2/cremad_preprocessed/audio/1085_IEO_DIS_HI.wav,1085_IEO_DIS_HI.wav,1085,train,5,disgust,5,disgust,0.9267104268074036
/Users/prarthanapatel/Desktop/Himanshi/speech_emotion_detection-develop-v2/cremad_preprocessed/audio/1085_IEO_DIS_LO.wav,1085_IEO_DIS_LO.wav,1085,train,5,disgust,5,disgust,0.926403820514679
/Users/prarthanapatel/Desktop/Himanshi/speech_emotion_detection-develop-v2/cremad_preprocessed/audio/1085_IEO_DIS_MD.wav,1085_IEO_DIS_MD.wav,1085,train,5,disgust,5,disgust,0.9273010492324829
/Users/prarthanapatel/Desktop/Himanshi/speech_emotion_detection-develop-v2/cremad_preprocessed/audio/1085_IEO_FEA_HI.wav,1085_IEO_FEA_HI.wav,1085,train,4,fearful,3,angry,0.9527454376220703
/Users/prarthanapatel/Desktop/Himanshi/speech_emotion_detection-develop-v2/cremad_preprocessed/audio/1085_IEO_FEA_LO.wav,1085_IEO_FEA_LO.wav,1085,train,4,fearful,0,neutral,0.6808669567108154
/Users/prarthanapatel/Desktop/Himanshi/speech_emotion_detection-develop-v2/cremad_preprocessed/audio/1085_IEO_FEA_MD.wav,1085_IEO_FEA_MD.wav,1085,train,4,fearful,4,fearful,0.5817659497261047
/Users/prarthanapatel/Desktop/Himanshi/speech_emotion_detection-develop-v2/cremad_preprocessed/audio/1085_IEO_HAP_HI.wav,1085_IEO_HAP_HI.wav,1085,train,1,happy,1,happy,0.892326295375824
/Users/prarthanapatel/Desktop/Himanshi/speech_emotion_detection-develop-v2/cremad_preprocessed/audio/1085_IEO_HAP_LO.wav,1085_IEO_HAP_LO.wav,1085,train,1,happy,1,happy,0.966332733631134
/Users/prarthanapatel/Desktop/Himanshi/speech_emotion_detection-develop-v2/cremad_preprocessed/audio/1085_IEO_HAP_MD.wav,1085_IEO_HAP_MD.wav,1085,train,1,happy,1,happy,0.9706707000732422
/Users/prarthanapatel/Desktop/Himanshi/speech_emotion_detection-develop-v2/cremad_preprocessed/audio/1085_IEO_NEU_XX.wav,1085_IEO_NEU_XX.wav,1085,train,0,neutral,0,neutral,0.9809309840202332
/Users/prarthanapatel/Desktop/Himanshi/speech_emotion_detection-develop-v2/cremad_preprocessed/audio/1085_IEO_SAD_HI.wav,1085_IEO_SAD_HI.wav,1085,train,2,sad,2,sad,0.48827236890792847
/Users/prarthanapatel/Desktop/Himanshi/speech_emotion_detection-develop-v2/cremad_preprocessed/audio/1085_IEO_SAD_LO.wav,1085_IEO_SAD_LO.wav,1085,train,2,sad,1,happy,0.5093562006950378
/Users/prarthanapatel/Desktop/Himanshi/speech_emotion_detection-develop-v2/cremad_preprocessed/audio/1085_IEO_SAD_MD.wav,1085_IEO_SAD_MD.wav,1085,train,2,sad,2,sad,0.5429165363311768
/Users/prarthanapatel/Desktop/Himanshi/speech_emotion_detection-develop-v2/cremad_preprocessed/audio/1085_IOM_ANG_XX.wav,1085_IOM_ANG_XX.wav,1085,train,3,angry,3,angry,0.9949764013290405
/Users/prarthanapatel/Desktop/Himanshi/speech_emotion_detection-develop-v2/cremad_preprocessed/audio/1085_IOM_DIS_XX.wav,1085_IOM_DIS_XX.wav,1085,train,5,disgust,5,disgust,0.9704422950744629
/Users/prarthanapatel/Desktop/Himanshi/speech_emotion_detection-develop-v2/cremad_preprocessed/audio/1085_IOM_FEA_XX.wav,1085_IOM_FEA_XX.wav,1085,train,4,fearful,2,sad,0.8519904017448425
/Users/prarthanapatel/Desktop/Himanshi/speech_emotion_detection-develop-v2/cremad_preprocessed/audio/1085_IOM_HAP_XX.wav,1085_IOM_HAP_XX.wav,1085,train,1,happy,1,happy,0.9770153760910034
/Users/prarthanapatel/Desktop/Himanshi/speech_emotion_detection-develop-v2/cremad_preprocessed/audio/1085_IOM_NEU_XX.wav,1085_IOM_NEU_XX.wav,1085,train,0,neutral,1,happy,0.4934021234512329
/Users/prarthanapatel/Desktop/Himanshi/speech_emotion_detection-develop-v2/cremad_preprocessed/audio/1085_IOM_SAD_XX.wav,1085_IOM_SAD_XX.wav,1085,train,2,sad,2,sad,0.6200019717216492
/Users/prarthanapatel/Desktop/Himanshi/speech_emotion_detection-develop-v2/cremad_preprocessed/audio/1085_ITH_ANG_XX.wav,1085_ITH_ANG_XX.wav,1085,train,3,angry,3,angry,0.9947537183761597
/Users/prarthanapatel/Desktop/Himanshi/speech_emotion_detection-develop-v2/cremad_preprocessed/audio/1085_ITH_DIS_XX.wav,1085_ITH_DIS_XX.wav,1085,train,5,disgust,3,angry,0.953680157661438
/Users/prarthanapatel/Desktop/Himanshi/speech_emotion_detection-develop-v2/cremad_preprocessed/audio/1085_ITH_FEA_XX.wav,1085_ITH_FEA_XX.wav,1085,train,4,fearful,2,sad,0.8185687065124512
/Users/prarthanapatel/Desktop/Himanshi/speech_emotion_detection-develop-v2/cremad_preprocessed/audio/1085_ITH_HAP_XX.wav,1085_ITH_HAP_XX.wav,1085,train,1,happy,1,happy,0.9718234539031982
/Users/prarthanapatel/Desktop/Himanshi/speech_emotion_detection-develop-v2/cremad_preprocessed/audio/1085_ITH_NEU_XX.wav,1085_ITH_NEU_XX.wav,1085,train,0,neutral,0,neutral,0.9702901840209961
/Users/prarthanapatel/Desktop/Himanshi/speech_emotion_detection-develop-v2/cremad_preprocessed/audio/1085_ITH_SAD_XX.wav,1085_ITH_SAD_XX.wav,1085,train,2,sad,2,sad,0.8148899674415588
/Users/prarthanapatel/Desktop/Himanshi/speech_emotion_detection-develop-v2/cremad_preprocessed/audio/1085_ITS_ANG_XX.wav,1085_ITS_ANG_XX.wav,1085,train,3,angry,3,angry,0.9946528673171997
/Users/prarthanapatel/Desktop/Himanshi/speech_emotion_detection-develop-v2/cremad_preprocessed/audio/1085_ITS_DIS_XX.wav,1085_ITS_DIS_XX.wav,1085,train,5,disgust,5,disgust,0.9122466444969177
/Users/prarthanapatel/Desktop/Himanshi/speech_emotion_detection-develop-v2/cremad_preprocessed/audio/1085_ITS_FEA_XX.wav,1085_ITS_FEA_XX.wav,1085,train,4,fearful,2,sad,0.6737197041511536
/Users/prarthanapatel/Desktop/Himanshi/speech_emotion_detection-develop-v2/cremad_preprocessed/audio/1085_ITS_HAP_XX.wav,1085_ITS_HAP_XX.wav,1085,train,1,happy,1,happy,0.9763619303703308
/Users/prarthanapatel/Desktop/Himanshi/speech_emotion_detection-develop-v2/cremad_preprocessed/audio/1085_ITS_NEU_XX.wav,1085_ITS_NEU_XX.wav,1085,train,0,neutral,0,neutral,0.9818282723426819
/Users/prarthanapatel/Desktop/Himanshi/speech_emotion_detection-develop-v2/cremad_preprocessed/audio/1085_ITS_SAD_XX.wav,1085_ITS_SAD_XX.wav,1085,train,2,sad,2,sad,0.8923390507698059
/Users/prarthanapatel/Desktop/Himanshi/speech_emotion_detection-develop-v2/cremad_preprocessed/audio/1085_IWL_ANG_XX.wav,1085_IWL_ANG_XX.wav,1085,train,3,angry,3,angry,0.9935426712036133
/Users/prarthanapatel/Desktop/Himanshi/speech_emotion_detection-develop-v2/cremad_preprocessed/audio/1085_IWL_DIS_XX.wav,1085_IWL_DIS_XX.wav,1085,train,5,disgust,0,neutral,0.8493855595588684
/Users/prarthanapatel/Desktop/Himanshi/speech_emotion_detection-develop-v2/cremad_preprocessed/audio/1085_IWL_FEA_XX.wav,1085_IWL_FEA_XX.wav,1085,train,4,fearful,4,fearful,0.6511620879173279
/Users/prarthanapatel/Desktop/Himanshi/speech_emotion_detection-develop-v2/cremad_preprocessed/audio/1085_IWL_HAP_XX.wav,1085_IWL_HAP_XX.wav,1085,train,1,happy,1,happy,0.7927520275115967
/Users/prarthanapatel/Desktop/Himanshi/speech_emotion_detection-develop-v2/cremad_preprocessed/audio/1085_IWL_NEU_XX.wav,1085_IWL_NEU_XX.wav,1085,train,0,neutral,0,neutral,0.8610836267471313
/Users/prarthanapatel/Desktop/Himanshi/speech_emotion_detection-develop-v2/cremad_preprocessed/audio/1085_IWL_SAD_XX.wav,1085_IWL_SAD_XX.wav,1085,train,2,sad,2,sad,0.8143408894538879
/Users/prarthanapatel/Desktop/Himanshi/speech_emotion_detection-develop-v2/cremad_preprocessed/audio/1085_IWW_ANG_XX.wav,1085_IWW_ANG_XX.wav,1085,train,3,angry,3,angry,0.9893970489501953
/Users/prarthanapatel/Desktop/Himanshi/speech_emotion_detection-develop-v2/cremad_preprocessed/audio/1085_IWW_DIS_XX.wav,1085_IWW_DIS_XX.wav,1085,train,5,disgust,5,disgust,0.967128336429596
/Users/prarthanapatel/Desktop/Himanshi/speech_emotion_detection-develop-v2/cremad_preprocessed/audio/1085_IWW_FEA_XX.wav,1085_IWW_FEA_XX.wav,1085,train,4,fearful,4,fearful,0.9072245359420776
/Users/prarthanapatel/Desktop/Himanshi/speech_emotion_detection-develop-v2/cremad_preprocessed/audio/1085_IWW_HAP_XX.wav,1085_IWW_HAP_XX.wav,1085,train,1,happy,1,happy,0.930025041103363
/Users/prarthanapatel/Desktop/Himanshi/speech_emotion_detection-develop-v2/cremad_preprocessed/audio/1085_IWW_NEU_XX.wav,1085_IWW_NEU_XX.wav,1085,train,0,neutral,0,neutral,0.9833981990814209
/Users/prarthanapatel/Desktop/Himanshi/speech_emotion_detection-develop-v2/cremad_preprocessed/audio/1085_IWW_SAD_XX.wav,1085_IWW_SAD_XX.wav,1085,train,2,sad,2,sad,0.8820962905883789
/Users/prarthanapatel/Desktop/Himanshi/speech_emotion_detection-develop-v2/cremad_preprocessed/audio/1085_MTI_ANG_XX.wav,1085_MTI_ANG_XX.wav,1085,train,3,angry,3,angry,0.9750162363052368
/Users/prarthanapatel/Desktop/Himanshi/speech_emotion_detection-develop-v2/cremad_preprocessed/audio/1085_MTI_DIS_XX.wav,1085_MTI_DIS_XX.wav,1085,train,5,disgust,3,angry,0.7561506032943726
/Users/prarthanapatel/Desktop/Himanshi/speech_emotion_detection-develop-v2/cremad_preprocessed/audio/1085_MTI_FEA_XX.wav,1085_MTI_FEA_XX.wav,1085,train,4,fearful,4,fearful,0.7412105798721313
/Users/prarthanapatel/Desktop/Himanshi/speech_emotion_detection-develop-v2/cremad_preprocessed/audio/1085_MTI_HAP_XX.wav,1085_MTI_HAP_XX.wav,1085,train,1,happy,1,happy,0.9797877073287964
/Users/prarthanapatel/Desktop/Himanshi/speech_emotion_detection-develop-v2/cremad_preprocessed/audio/1085_MTI_NEU_XX.wav,1085_MTI_NEU_XX.wav,1085,train,0,neutral,0,neutral,0.9798091053962708
/Users/prarthanapatel/Desktop/Himanshi/speech_emotion_detection-develop-v2/cremad_preprocessed/audio/1085_MTI_SAD_XX.wav,1085_MTI_SAD_XX.wav,1085,train,2,sad,2,sad,0.8522406220436096
/Users/prarthanapatel/Desktop/Himanshi/speech_emotion_detection-develop-v2/cremad_preprocessed/audio/1085_TAI_ANG_XX.wav,1085_TAI_ANG_XX.wav,1085,train,3,angry,3,angry,0.9922066330909729
/Users/prarthanapatel/Desktop/Himanshi/speech_emotion_detection-develop-v2/cremad_preprocessed/audio/1085_TAI_DIS_XX.wav,1085_TAI_DIS_XX.wav,1085,train,5,disgust,5,disgust,0.9671895503997803
/Users/prarthanapatel/Desktop/Himanshi/speech_emotion_detection-develop-v2/cremad_preprocessed/audio/1085_TAI_FEA_XX.wav,1085_TAI_FEA_XX.wav,1085,train,4,fearful,2,sad,0.4235824942588806
/Users/prarthanapatel/Desktop/Himanshi/speech_emotion_detection-develop-v2/cremad_preprocessed/audio/1085_TAI_HAP_XX.wav,1085_TAI_HAP_XX.wav,1085,train,1,happy,1,happy,0.8828809857368469
/Users/prarthanapatel/Desktop/Himanshi/speech_emotion_detection-develop-v2/cremad_preprocessed/audio/1085_TAI_NEU_XX.wav,1085_TAI_NEU_XX.wav,1085,train,0,neutral,0,neutral,0.9583923816680908
/Users/prarthanapatel/Desktop/Himanshi/speech_emotion_detection-develop-v2/cremad_preprocessed/audio/1085_TAI_SAD_XX.wav,1085_TAI_SAD_XX.wav,1085,train,2,sad,2,sad,0.8403421640396118
/Users/prarthanapatel/Desktop/Himanshi/speech_emotion_detection-develop-v2/cremad_preprocessed/audio/1085_TIE_ANG_XX.wav,1085_TIE_ANG_XX.wav,1085,train,3,angry,3,angry,0.9943621158599854
/Users/prarthanapatel/Desktop/Himanshi/speech_emotion_detection-develop-v2/cremad_preprocessed/audio/1085_TIE_DIS_XX.wav,1085_TIE_DIS_XX.wav,1085,train,5,disgust,5,disgust,0.9620856046676636
/Users/prarthanapatel/Desktop/Himanshi/speech_emotion_detection-develop-v2/cremad_preprocessed/audio/1085_TIE_FEA_XX.wav,1085_TIE_FEA_XX.wav,1085,train,4,fearful,2,sad,0.5063442587852478
/Users/prarthanapatel/Desktop/Himanshi/speech_emotion_detection-develop-v2/cremad_preprocessed/audio/1085_TIE_HAP_XX.wav,1085_TIE_HAP_XX.wav,1085,train,1,happy,1,happy,0.9550122618675232
/Users/prarthanapatel/Desktop/Himanshi/speech_emotion_detection-develop-v2/cremad_preprocessed/audio/1085_TIE_NEU_XX.wav,1085_TIE_NEU_XX.wav,1085,train,0,neutral,0,neutral,0.9845622181892395
/Users/prarthanapatel/Desktop/Himanshi/speech_emotion_detection-develop-v2/cremad_preprocessed/audio/1085_TIE_SAD_XX.wav,1085_TIE_SAD_XX.wav,1085,train,2,sad,2,sad,0.6789113283157349
/Users/prarthanapatel/Desktop/Himanshi/speech_emotion_detection-develop-v2/cremad_preprocessed/audio/1085_TSI_ANG_XX.wav,1085_TSI_ANG_XX.wav,1085,train,3,angry,3,angry,0.9947234392166138
/Users/prarthanapatel/Desktop/Himanshi/speech_emotion_detection-develop-v2/cremad_preprocessed/audio/1085_TSI_DIS_XX.wav,1085_TSI_DIS_XX.wav,1085,train,5,disgust,5,disgust,0.9496967792510986
/Users/prarthanapatel/Desktop/Himanshi/speech_emotion_detection-develop-v2/cremad_preprocessed/audio/1085_TSI_FEA_XX.wav,1085_TSI_FEA_XX.wav,1085,train,4,fearful,0,neutral,0.8455521464347839
/Users/prarthanapatel/Desktop/Himanshi/speech_emotion_detection-develop-v2/cremad_preprocessed/audio/1085_TSI_HAP_XX.wav,1085_TSI_HAP_XX.wav,1085,train,1,happy,1,happy,0.9626643657684326
/Users/prarthanapatel/Desktop/Himanshi/speech_emotion_detection-develop-v2/cremad_preprocessed/audio/1085_TSI_NEU_XX.wav,1085_TSI_NEU_XX.wav,1085,train,0,neutral,0,neutral,0.9810664653778076
/Users/prarthanapatel/Desktop/Himanshi/speech_emotion_detection-develop-v2/cremad_preprocessed/audio/1085_TSI_SAD_XX.wav,1085_TSI_SAD_XX.wav,1085,train,2,sad,2,sad,0.8785569071769714
/Users/prarthanapatel/Desktop/Himanshi/speech_emotion_detection-develop-v2/cremad_preprocessed/audio/1085_WSI_ANG_XX.wav,1085_WSI_ANG_XX.wav,1085,train,3,angry,3,angry,0.9944262504577637
/Users/prarthanapatel/Desktop/Himanshi/speech_emotion_detection-develop-v2/cremad_preprocessed/audio/1085_WSI_DIS_XX.wav,1085_WSI_DIS_XX.wav,1085,train,5,disgust,5,disgust,0.9551555514335632
/Users/prarthanapatel/Desktop/Himanshi/speech_emotion_detection-develop-v2/cremad_preprocessed/audio/1085_WSI_FEA_XX.wav,1085_WSI_FEA_XX.wav,1085,train,4,fearful,1,happy,0.6342210173606873
/Users/prarthanapatel/Desktop/Himanshi/speech_emotion_detection-develop-v2/cremad_preprocessed/audio/1085_WSI_HAP_XX.wav,1085_WSI_HAP_XX.wav,1085,train,1,happy,1,happy,0.9794975519180298
/Users/prarthanapatel/Desktop/Himanshi/speech_emotion_detection-develop-v2/cremad_preprocessed/audio/1085_WSI_NEU_XX.wav,1085_WSI_NEU_XX.wav,1085,train,0,neutral,0,neutral,0.9841289520263672
/Users/prarthanapatel/Desktop/Himanshi/speech_emotion_detection-develop-v2/cremad_preprocessed/audio/1085_WSI_SAD_XX.wav,1085_WSI_SAD_XX.wav,1085,train,2,sad,2,sad,0.8892710208892822
/Users/prarthanapatel/Desktop/Himanshi/speech_emotion_detection-develop-v2/cremad_preprocessed/audio/1086_DFA_ANG_XX.wav,1086_DFA_ANG_XX.wav,1086,train,3,angry,3,angry,0.9942469596862793
/Users/prarthanapatel/Desktop/Himanshi/speech_emotion_detection-develop-v2/cremad_preprocessed/audio/1086_DFA_DIS_XX.wav,1086_DFA_DIS_XX.wav,1086,train,5,disgust,5,disgust,0.9604871869087219
/Users/prarthanapatel/Desktop/Himanshi/speech_emotion_detection-develop-v2/cremad_preprocessed/audio/1086_DFA_FEA_XX.wav,1086_DFA_FEA_XX.wav,1086,train,4,fearful,4,fearful,0.9646772742271423
/Users/prarthanapatel/Desktop/Himanshi/speech_emotion_detection-develop-v2/cremad_preprocessed/audio/1086_DFA_HAP_XX.wav,1086_DFA_HAP_XX.wav,1086,train,1,happy,1,happy,0.977294921875
/Users/prarthanapatel/Desktop/Himanshi/speech_emotion_detection-develop-v2/cremad_preprocessed/audio/1086_DFA_NEU_XX.wav,1086_DFA_NEU_XX.wav,1086,train,0,neutral,0,neutral,0.9862322211265564
/Users/prarthanapatel/Desktop/Himanshi/speech_emotion_detection-develop-v2/cremad_preprocessed/audio/1086_DFA_SAD_XX.wav,1086_DFA_SAD_XX.wav,1086,train,2,sad,4,fearful,0.630501389503479
/Users/prarthanapatel/Desktop/Himanshi/speech_emotion_detection-develop-v2/cremad_preprocessed/audio/1086_IEO_ANG_HI.wav,1086_IEO_ANG_HI.wav,1086,train,3,angry,3,angry,0.9944391250610352
/Users/prarthanapatel/Desktop/Himanshi/speech_emotion_detection-develop-v2/cremad_preprocessed/audio/1086_IEO_ANG_LO.wav,1086_IEO_ANG_LO.wav,1086,train,3,angry,3,angry,0.9825549125671387
/Users/prarthanapatel/Desktop/Himanshi/speech_emotion_detection-develop-v2/cremad_preprocessed/audio/1086_IEO_ANG_MD.wav,1086_IEO_ANG_MD.wav,1086,train,3,angry,3,angry,0.9948534369468689
/Users/prarthanapatel/Desktop/Himanshi/speech_emotion_detection-develop-v2/cremad_preprocessed/audio/1086_IEO_DIS_HI.wav,1086_IEO_DIS_HI.wav,1086,train,5,disgust,5,disgust,0.714625358581543
/Users/prarthanapatel/Desktop/Himanshi/speech_emotion_detection-develop-v2/cremad_preprocessed/audio/1086_IEO_DIS_LO.wav,1086_IEO_DIS_LO.wav,1086,train,5,disgust,1,happy,0.5756920576095581
/Users/prarthanapatel/Desktop/Himanshi/speech_emotion_detection-develop-v2/cremad_preprocessed/audio/1086_IEO_DIS_MD.wav,1086_IEO_DIS_MD.wav,1086,train,5,disgust,5,disgust,0.9424697160720825
/Users/prarthanapatel/Desktop/Himanshi/speech_emotion_detection-develop-v2/cremad_preprocessed/audio/1086_IEO_FEA_HI.wav,1086_IEO_FEA_HI.wav,1086,train,4,fearful,4,fearful,0.7188094258308411
/Users/prarthanapatel/Desktop/Himanshi/speech_emotion_detection-develop-v2/cremad_preprocessed/audio/1086_IEO_FEA_LO.wav,1086_IEO_FEA_LO.wav,1086,train,4,fearful,1,happy,0.9631045460700989
/Users/prarthanapatel/Desktop/Himanshi/speech_emotion_detection-develop-v2/cremad_preprocessed/audio/1086_IEO_FEA_MD.wav,1086_IEO_FEA_MD.wav,1086,train,4,fearful,4,fearful,0.7898558974266052
/Users/prarthanapatel/Desktop/Himanshi/speech_emotion_detection-develop-v2/cremad_preprocessed/audio/1086_IEO_HAP_HI.wav,1086_IEO_HAP_HI.wav,1086,train,1,happy,1,happy,0.9567781686782837
/Users/prarthanapatel/Desktop/Himanshi/speech_emotion_detection-develop-v2/cremad_preprocessed/audio/1086_IEO_HAP_LO.wav,1086_IEO_HAP_LO.wav,1086,train,1,happy,1,happy,0.9590348601341248
/Users/prarthanapatel/Desktop/Himanshi/speech_emotion_detection-develop-v2/cremad_preprocessed/audio/1086_IEO_HAP_MD.wav,1086_IEO_HAP_MD.wav,1086,train,1,happy,1,happy,0.841204047203064
/Users/prarthanapatel/Desktop/Himanshi/speech_emotion_detection-develop-v2/cremad_preprocessed/audio/1086_IEO_NEU_XX.wav,1086_IEO_NEU_XX.wav,1086,train,0,neutral,1,happy,0.4079645872116089
/Users/prarthanapatel/Desktop/Himanshi/speech_emotion_detection-develop-v2/cremad_preprocessed/audio/1086_IEO_SAD_HI.wav,1086_IEO_SAD_HI.wav,1086,train,2,sad,4,fearful,0.6619216799736023
/Users/prarthanapatel/Desktop/Himanshi/speech_emotion_detection-develop-v2/cremad_preprocessed/audio/1086_IEO_SAD_LO.wav,1086_IEO_SAD_LO.wav,1086,train,2,sad,2,sad,0.6030500531196594
/Users/prarthanapatel/Desktop/Himanshi/speech_emotion_detection-develop-v2/cremad_preprocessed/audio/1086_IEO_SAD_MD.wav,1086_IEO_SAD_MD.wav,1086,train,2,sad,5,disgust,0.6139112114906311
/Users/prarthanapatel/Desktop/Himanshi/speech_emotion_detection-develop-v2/cremad_preprocessed/audio/1086_IOM_ANG_XX.wav,1086_IOM_ANG_XX.wav,1086,train,3,angry,3,angry,0.9948123693466187
/Users/prarthanapatel/Desktop/Himanshi/speech_emotion_detection-develop-v2/cremad_preprocessed/audio/1086_IOM_DIS_XX.wav,1086_IOM_DIS_XX.wav,1086,train,5,disgust,5,disgust,0.46646666526794434
/Users/prarthanapatel/Desktop/Himanshi/speech_emotion_detection-develop-v2/cremad_preprocessed/audio/1086_IOM_FEA_XX.wav,1086_IOM_FEA_XX.wav,1086,train,4,fearful,4,fearful,0.8997125029563904
/Users/prarthanapatel/Desktop/Himanshi/speech_emotion_detection-develop-v2/cremad_preprocessed/audio/1086_IOM_HAP_XX.wav,1086_IOM_HAP_XX.wav,1086,train,1,happy,1,happy,0.9693787097930908
/Users/prarthanapatel/Desktop/Himanshi/speech_emotion_detection-develop-v2/cremad_preprocessed/audio/1086_IOM_NEU_XX.wav,1086_IOM_NEU_XX.wav,1086,train,0,neutral,0,neutral,0.9813092350959778
/Users/prarthanapatel/Desktop/Himanshi/speech_emotion_detection-develop-v2/cremad_preprocessed/audio/1086_IOM_SAD_XX.wav,1086_IOM_SAD_XX.wav,1086,train,2,sad,4,fearful,0.6805526614189148
/Users/prarthanapatel/Desktop/Himanshi/speech_emotion_detection-develop-v2/cremad_preprocessed/audio/1086_ITH_ANG_XX.wav,1086_ITH_ANG_XX.wav,1086,train,3,angry,3,angry,0.993668258190155
/Users/prarthanapatel/Desktop/Himanshi/speech_emotion_detection-develop-v2/cremad_preprocessed/audio/1086_ITH_DIS_XX.wav,1086_ITH_DIS_XX.wav,1086,train,5,disgust,5,disgust,0.9468992352485657
/Users/prarthanapatel/Desktop/Himanshi/speech_emotion_detection-develop-v2/cremad_preprocessed/audio/1086_ITH_FEA_XX.wav,1086_ITH_FEA_XX.wav,1086,train,4,fearful,4,fearful,0.9609222412109375
/Users/prarthanapatel/Desktop/Himanshi/speech_emotion_detection-develop-v2/cremad_preprocessed/audio/1086_ITH_HAP_XX.wav,1086_ITH_HAP_XX.wav,1086,train,1,happy,1,happy,0.9768226146697998
/Users/prarthanapatel/Desktop/Himanshi/speech_emotion_detection-develop-v2/cremad_preprocessed/audio/1086_ITH_NEU_XX.wav,1086_ITH_NEU_XX.wav,1086,train,0,neutral,0,neutral,0.983163058757782
/Users/prarthanapatel/Desktop/Himanshi/speech_emotion_detection-develop-v2/cremad_preprocessed/audio/1086_ITH_SAD_XX.wav,1086_ITH_SAD_XX.wav,1086,train,2,sad,4,fearful,0.4904046654701233
/Users/prarthanapatel/Desktop/Himanshi/speech_emotion_detection-develop-v2/cremad_preprocessed/audio/1086_ITS_ANG_XX.wav,1086_ITS_ANG_XX.wav,1086,train,3,angry,3,angry,0.9944432377815247
/Users/prarthanapatel/Desktop/Himanshi/speech_emotion_detection-develop-v2/cremad_preprocessed/audio/1086_ITS_DIS_XX.wav,1086_ITS_DIS_XX.wav,1086,train,5,disgust,5,disgust,0.46060818433761597
/Users/prarthanapatel/Desktop/Himanshi/speech_emotion_detection-develop-v2/cremad_preprocessed/audio/1086_ITS_FEA_XX.wav,1086_ITS_FEA_XX.wav,1086,train,4,fearful,4,fearful,0.9423981308937073
/Users/prarthanapatel/Desktop/Himanshi/speech_emotion_detection-develop-v2/cremad_preprocessed/audio/1086_ITS_HAP_XX.wav,1086_ITS_HAP_XX.wav,1086,train,1,happy,1,happy,0.9786116480827332
/Users/prarthanapatel/Desktop/Himanshi/speech_emotion_detection-develop-v2/cremad_preprocessed/audio/1086_ITS_NEU_XX.wav,1086_ITS_NEU_XX.wav,1086,train,0,neutral,0,neutral,0.9234660863876343
/Users/prarthanapatel/Desktop/Himanshi/speech_emotion_detection-develop-v2/cremad_preprocessed/audio/1086_ITS_SAD_XX.wav,1086_ITS_SAD_XX.wav,1086,train,2,sad,2,sad,0.7591419219970703
/Users/prarthanapatel/Desktop/Himanshi/speech_emotion_detection-develop-v2/cremad_preprocessed/audio/1086_IWL_ANG_XX.wav,1086_IWL_ANG_XX.wav,1086,train,3,angry,3,angry,0.9907953143119812
/Users/prarthanapatel/Desktop/Himanshi/speech_emotion_detection-develop-v2/cremad_preprocessed/audio/1086_IWL_DIS_XX.wav,1086_IWL_DIS_XX.wav,1086,train,5,disgust,5,disgust,0.5004962682723999
/Users/prarthanapatel/Desktop/Himanshi/speech_emotion_detection-develop-v2/cremad_preprocessed/audio/1086_IWL_FEA_XX.wav,1086_IWL_FEA_XX.wav,1086,train,4,fearful,4,fearful,0.9636790156364441
/Users/prarthanapatel/Desktop/Himanshi/speech_emotion_detection-develop-v2/cremad_preprocessed/audio/1086_IWL_HAP_XX.wav,1086_IWL_HAP_XX.wav,1086,train,1,happy,1,happy,0.9655044674873352
/Users/prarthanapatel/Desktop/Himanshi/speech_emotion_detection-develop-v2/cremad_preprocessed/audio/1086_IWL_NEU_XX.wav,1086_IWL_NEU_XX.wav,1086,train,0,neutral,0,neutral,0.9482995867729187
/Users/prarthanapatel/Desktop/Himanshi/speech_emotion_detection-develop-v2/cremad_preprocessed/audio/1086_IWL_SAD_XX.wav,1086_IWL_SAD_XX.wav,1086,train,2,sad,1,happy,0.8516621589660645
/Users/prarthanapatel/Desktop/Himanshi/speech_emotion_detection-develop-v2/cremad_preprocessed/audio/1086_IWW_ANG_XX.wav,1086_IWW_ANG_XX.wav,1086,train,3,angry,3,angry,0.9945327043533325
/Users/prarthanapatel/Desktop/Himanshi/speech_emotion_detection-develop-v2/cremad_preprocessed/audio/1086_IWW_DIS_XX.wav,1086_IWW_DIS_XX.wav,1086,train,5,disgust,4,fearful,0.5483493208885193
/Users/prarthanapatel/Desktop/Himanshi/speech_emotion_detection-develop-v2/cremad_preprocessed/audio/1086_IWW_FEA_XX.wav,1086_IWW_FEA_XX.wav,1086,train,4,fearful,4,fearful,0.9599962830543518
/Users/prarthanapatel/Desktop/Himanshi/speech_emotion_detection-develop-v2/cremad_preprocessed/audio/1086_IWW_HAP_XX.wav,1086_IWW_HAP_XX.wav,1086,train,1,happy,1,happy,0.9705284237861633
/Users/prarthanapatel/Desktop/Himanshi/speech_emotion_detection-develop-v2/cremad_preprocessed/audio/1086_IWW_NEU_XX.wav,1086_IWW_NEU_XX.wav,1086,train,0,neutral,0,neutral,0.971975564956665
/Users/prarthanapatel/Desktop/Himanshi/speech_emotion_detection-develop-v2/cremad_preprocessed/audio/1086_IWW_SAD_XX.wav,1086_IWW_SAD_XX.wav,1086,train,2,sad,4,fearful,0.7008819580078125
/Users/prarthanapatel/Desktop/Himanshi/speech_emotion_detection-develop-v2/cremad_preprocessed/audio/1086_MTI_ANG_XX.wav,1086_MTI_ANG_XX.wav,1086,train,3,angry,3,angry,0.9945856928825378
/Users/prarthanapatel/Desktop/Himanshi/speech_emotion_detection-develop-v2/cremad_preprocessed/audio/1086_MTI_DIS_XX.wav,1086_MTI_DIS_XX.wav,1086,train,5,disgust,2,sad,0.4330138862133026
/Users/prarthanapatel/Desktop/Himanshi/speech_emotion_detection-develop-v2/cremad_preprocessed/audio/1086_MTI_FEA_XX.wav,1086_MTI_FEA_XX.wav,1086,train,4,fearful,4,fearful,0.9378705620765686
/Users/prarthanapatel/Desktop/Himanshi/speech_emotion_detection-develop-v2/cremad_preprocessed/audio/1086_MTI_HAP_XX.wav,1086_MTI_HAP_XX.wav,1086,train,1,happy,1,happy,0.9764758348464966
/Users/prarthanapatel/Desktop/Himanshi/speech_emotion_detection-develop-v2/cremad_preprocessed/audio/1086_MTI_NEU_XX.wav,1086_MTI_NEU_XX.wav,1086,train,0,neutral,0,neutral,0.9851860404014587
/Users/prarthanapatel/Desktop/Himanshi/speech_emotion_detection-develop-v2/cremad_preprocessed/audio/1086_MTI_SAD_XX.wav,1086_MTI_SAD_XX.wav,1086,train,2,sad,2,sad,0.5477636456489563
/Users/prarthanapatel/Desktop/Himanshi/speech_emotion_detection-develop-v2/cremad_preprocessed/audio/1086_TAI_ANG_XX.wav,1086_TAI_ANG_XX.wav,1086,train,3,angry,3,angry,0.9940197467803955
/Users/prarthanapatel/Desktop/Himanshi/speech_emotion_detection-develop-v2/cremad_preprocessed/audio/1086_TAI_DIS_XX.wav,1086_TAI_DIS_XX.wav,1086,train,5,disgust,2,sad,0.6501380205154419
/Users/prarthanapatel/Desktop/Himanshi/speech_emotion_detection-develop-v2/cremad_preprocessed/audio/1086_TAI_FEA_XX.wav,1086_TAI_FEA_XX.wav,1086,train,4,fearful,4,fearful,0.9508254528045654
/Users/prarthanapatel/Desktop/Himanshi/speech_emotion_detection-develop-v2/cremad_preprocessed/audio/1086_TAI_HAP_XX.wav,1086_TAI_HAP_XX.wav,1086,train,1,happy,1,happy,0.9759352207183838
/Users/prarthanapatel/Desktop/Himanshi/speech_emotion_detection-develop-v2/cremad_preprocessed/audio/1086_TAI_NEU_XX.wav,1086_TAI_NEU_XX.wav,1086,train,0,neutral,0,neutral,0.9864266514778137
/Users/prarthanapatel/Desktop/Himanshi/speech_emotion_detection-develop-v2/cremad_preprocessed/audio/1086_TAI_SAD_XX.wav,1086_TAI_SAD_XX.wav,1086,train,2,sad,4,fearful,0.5433412790298462
/Users/prarthanapatel/Desktop/Himanshi/speech_emotion_detection-develop-v2/cremad_preprocessed/audio/1086_TIE_ANG_XX.wav,1086_TIE_ANG_XX.wav,1086,train,3,angry,3,angry,0.9940764904022217
/Users/prarthanapatel/Desktop/Himanshi/speech_emotion_detection-develop-v2/cremad_preprocessed/audio/1086_TIE_DIS_XX.wav,1086_TIE_DIS_XX.wav,1086,train,5,disgust,0,neutral,0.5098087787628174
/Users/prarthanapatel/Desktop/Himanshi/speech_emotion_detection-develop-v2/cremad_preprocessed/audio/1086_TIE_FEA_XX.wav,1086_TIE_FEA_XX.wav,1086,train,4,fearful,4,fearful,0.4991801083087921
/Users/prarthanapatel/Desktop/Himanshi/speech_emotion_detection-develop-v2/cremad_preprocessed/audio/1086_TIE_HAP_XX.wav,1086_TIE_HAP_XX.wav,1086,train,1,happy,1,happy,0.717451274394989
/Users/prarthanapatel/Desktop/Himanshi/speech_emotion_detection-develop-v2/cremad_preprocessed/audio/1086_TIE_NEU_XX.wav,1086_TIE_NEU_XX.wav,1086,train,0,neutral,0,neutral,0.8202719688415527
/Users/prarthanapatel/Desktop/Himanshi/speech_emotion_detection-develop-v2/cremad_preprocessed/audio/1086_TIE_SAD_XX.wav,1086_TIE_SAD_XX.wav,1086,train,2,sad,2,sad,0.722663402557373
/Users/prarthanapatel/Desktop/Himanshi/speech_emotion_detection-develop-v2/cremad_preprocessed/audio/1086_TSI_ANG_XX.wav,1086_TSI_ANG_XX.wav,1086,train,3,angry,3,angry,0.9943259358406067
/Users/prarthanapatel/Desktop/Himanshi/speech_emotion_detection-develop-v2/cremad_preprocessed/audio/1086_TSI_DIS_XX.wav,1086_TSI_DIS_XX.wav,1086,train,5,disgust,1,happy,0.9415221214294434
/Users/prarthanapatel/Desktop/Himanshi/speech_emotion_detection-develop-v2/cremad_preprocessed/audio/1086_TSI_FEA_XX.wav,1086_TSI_FEA_XX.wav,1086,train,4,fearful,4,fearful,0.8789598345756531
/Users/prarthanapatel/Desktop/Himanshi/speech_emotion_detection-develop-v2/cremad_preprocessed/audio/1086_TSI_HAP_XX.wav,1086_TSI_HAP_XX.wav,1086,train,1,happy,1,happy,0.8389232158660889
/Users/prarthanapatel/Desktop/Himanshi/speech_emotion_detection-develop-v2/cremad_preprocessed/audio/1086_TSI_NEU_XX.wav,1086_TSI_NEU_XX.wav,1086,train,0,neutral,0,neutral,0.9693968892097473
/Users/prarthanapatel/Desktop/Himanshi/speech_emotion_detection-develop-v2/cremad_preprocessed/audio/1086_TSI_SAD_XX.wav,1086_TSI_SAD_XX.wav,1086,train,2,sad,5,disgust,0.3926967680454254
/Users/prarthanapatel/Desktop/Himanshi/speech_emotion_detection-develop-v2/cremad_preprocessed/audio/1086_WSI_ANG_XX.wav,1086_WSI_ANG_XX.wav,1086,train,3,angry,3,angry,0.9947091341018677
/Users/prarthanapatel/Desktop/Himanshi/speech_emotion_detection-develop-v2/cremad_preprocessed/audio/1086_WSI_DIS_XX.wav,1086_WSI_DIS_XX.wav,1086,train,5,disgust,2,sad,0.3561536967754364
/Users/prarthanapatel/Desktop/Himanshi/speech_emotion_detection-develop-v2/cremad_preprocessed/audio/1086_WSI_FEA_XX.wav,1086_WSI_FEA_XX.wav,1086,train,4,fearful,4,fearful,0.8696818947792053
/Users/prarthanapatel/Desktop/Himanshi/speech_emotion_detection-develop-v2/cremad_preprocessed/audio/1086_WSI_HAP_XX.wav,1086_WSI_HAP_XX.wav,1086,train,1,happy,1,happy,0.8054283261299133
/Users/prarthanapatel/Desktop/Himanshi/speech_emotion_detection-develop-v2/cremad_preprocessed/audio/1086_WSI_NEU_XX.wav,1086_WSI_NEU_XX.wav,1086,train,0,neutral,0,neutral,0.9392428398132324
/Users/prarthanapatel/Desktop/Himanshi/speech_emotion_detection-develop-v2/cremad_preprocessed/audio/1086_WSI_SAD_XX.wav,1086_WSI_SAD_XX.wav,1086,train,2,sad,0,neutral,0.6689177751541138
/Users/prarthanapatel/Desktop/Himanshi/speech_emotion_detection-develop-v2/cremad_preprocessed/audio/1087_DFA_ANG_XX.wav,1087_DFA_ANG_XX.wav,1087,train,3,angry,3,angry,0.9925673007965088
/Users/prarthanapatel/Desktop/Himanshi/speech_emotion_detection-develop-v2/cremad_preprocessed/audio/1087_DFA_DIS_XX.wav,1087_DFA_DIS_XX.wav,1087,train,5,disgust,5,disgust,0.9533762335777283
/Users/prarthanapatel/Desktop/Himanshi/speech_emotion_detection-develop-v2/cremad_preprocessed/audio/1087_DFA_FEA_XX.wav,1087_DFA_FEA_XX.wav,1087,train,4,fearful,4,fearful,0.9227439165115356
/Users/prarthanapatel/Desktop/Himanshi/speech_emotion_detection-develop-v2/cremad_preprocessed/audio/1087_DFA_HAP_XX.wav,1087_DFA_HAP_XX.wav,1087,train,1,happy,1,happy,0.9795376658439636
/Users/prarthanapatel/Desktop/Himanshi/speech_emotion_detection-develop-v2/cremad_preprocessed/audio/1087_DFA_NEU_XX.wav,1087_DFA_NEU_XX.wav,1087,train,0,neutral,2,sad,0.6879989504814148
/Users/prarthanapatel/Desktop/Himanshi/speech_emotion_detection-develop-v2/cremad_preprocessed/audio/1087_DFA_SAD_XX.wav,1087_DFA_SAD_XX.wav,1087,train,2,sad,2,sad,0.6581401228904724
/Users/prarthanapatel/Desktop/Himanshi/speech_emotion_detection-develop-v2/cremad_preprocessed/audio/1087_IEO_ANG_HI.wav,1087_IEO_ANG_HI.wav,1087,train,3,angry,3,angry,0.9942347407341003
/Users/prarthanapatel/Desktop/Himanshi/speech_emotion_detection-develop-v2/cremad_preprocessed/audio/1087_IEO_ANG_LO.wav,1087_IEO_ANG_LO.wav,1087,train,3,angry,5,disgust,0.8223050832748413
/Users/prarthanapatel/Desktop/Himanshi/speech_emotion_detection-develop-v2/cremad_preprocessed/audio/1087_IEO_ANG_MD.wav,1087_IEO_ANG_MD.wav,1087,train,3,angry,3,angry,0.9904999136924744
/Users/prarthanapatel/Desktop/Himanshi/speech_emotion_detection-develop-v2/cremad_preprocessed/audio/1087_IEO_DIS_HI.wav,1087_IEO_DIS_HI.wav,1087,train,5,disgust,5,disgust,0.9579709768295288
/Users/prarthanapatel/Desktop/Himanshi/speech_emotion_detection-develop-v2/cremad_preprocessed/audio/1087_IEO_DIS_LO.wav,1087_IEO_DIS_LO.wav,1087,train,5,disgust,5,disgust,0.8949194550514221
/Users/prarthanapatel/Desktop/Himanshi/speech_emotion_detection-develop-v2/cremad_preprocessed/audio/1087_IEO_DIS_MD.wav,1087_IEO_DIS_MD.wav,1087,train,5,disgust,5,disgust,0.9165207147598267
/Users/prarthanapatel/Desktop/Himanshi/speech_emotion_detection-develop-v2/cremad_preprocessed/audio/1087_IEO_FEA_HI.wav,1087_IEO_FEA_HI.wav,1087,train,4,fearful,4,fearful,0.9534966349601746
/Users/prarthanapatel/Desktop/Himanshi/speech_emotion_detection-develop-v2/cremad_preprocessed/audio/1087_IEO_FEA_LO.wav,1087_IEO_FEA_LO.wav,1087,train,4,fearful,1,happy,0.7854035496711731
/Users/prarthanapatel/Desktop/Himanshi/speech_emotion_detection-develop-v2/cremad_preprocessed/audio/1087_IEO_FEA_MD.wav,1087_IEO_FEA_MD.wav,1087,train,4,fearful,4,fearful,0.9499478936195374
/Users/prarthanapatel/Desktop/Himanshi/speech_emotion_detection-develop-v2/cremad_preprocessed/audio/1087_IEO_HAP_HI.wav,1087_IEO_HAP_HI.wav,1087,train,1,happy,4,fearful,0.5981972813606262
/Users/prarthanapatel/Desktop/Himanshi/speech_emotion_detection-develop-v2/cremad_preprocessed/audio/1087_IEO_HAP_LO.wav,1087_IEO_HAP_LO.wav,1087,train,1,happy,1,happy,0.9661738276481628
/Users/prarthanapatel/Desktop/Himanshi/speech_emotion_detection-develop-v2/cremad_preprocessed/audio/1087_IEO_HAP_MD.wav,1087_IEO_HAP_MD.wav,1087,train,1,happy,1,happy,0.947695255279541
/Users/prarthanapatel/Desktop/Himanshi/speech_emotion_detection-develop-v2/cremad_preprocessed/audio/1087_IEO_NEU_XX.wav,1087_IEO_NEU_XX.wav,1087,train,0,neutral,0,neutral,0.5377422571182251
/Users/prarthanapatel/Desktop/Himanshi/speech_emotion_detection-develop-v2/cremad_preprocessed/audio/1087_IEO_SAD_HI.wav,1087_IEO_SAD_HI.wav,1087,train,2,sad,4,fearful,0.9630032777786255
/Users/prarthanapatel/Desktop/Himanshi/speech_emotion_detection-develop-v2/cremad_preprocessed/audio/1087_IEO_SAD_LO.wav,1087_IEO_SAD_LO.wav,1087,train,2,sad,4,fearful,0.5733866691589355
/Users/prarthanapatel/Desktop/Himanshi/speech_emotion_detection-develop-v2/cremad_preprocessed/audio/1087_IEO_SAD_MD.wav,1087_IEO_SAD_MD.wav,1087,train,2,sad,4,fearful,0.877240777015686
/Users/prarthanapatel/Desktop/Himanshi/speech_emotion_detection-develop-v2/cremad_preprocessed/audio/1087_IOM_ANG_XX.wav,1087_IOM_ANG_XX.wav,1087,train,3,angry,3,angry,0.9386497735977173
/Users/prarthanapatel/Desktop/Himanshi/speech_emotion_detection-develop-v2/cremad_preprocessed/audio/1087_IOM_DIS_XX.wav,1087_IOM_DIS_XX.wav,1087,train,5,disgust,5,disgust,0.8838472962379456
/Users/prarthanapatel/Desktop/Himanshi/speech_emotion_detection-develop-v2/cremad_preprocessed/audio/1087_IOM_FEA_XX.wav,1087_IOM_FEA_XX.wav,1087,train,4,fearful,2,sad,0.590787410736084
/Users/prarthanapatel/Desktop/Himanshi/speech_emotion_detection-develop-v2/cremad_preprocessed/audio/1087_IOM_HAP_XX.wav,1087_IOM_HAP_XX.wav,1087,train,1,happy,1,happy,0.9427157640457153
/Users/prarthanapatel/Desktop/Himanshi/speech_emotion_detection-develop-v2/cremad_preprocessed/audio/1087_IOM_NEU_XX.wav,1087_IOM_NEU_XX.wav,1087,train,0,neutral,0,neutral,0.9793944954872131
/Users/prarthanapatel/Desktop/Himanshi/speech_emotion_detection-develop-v2/cremad_preprocessed/audio/1087_IOM_SAD_XX.wav,1087_IOM_SAD_XX.wav,1087,train,2,sad,0,neutral,0.8919007778167725
/Users/prarthanapatel/Desktop/Himanshi/speech_emotion_detection-develop-v2/cremad_preprocessed/audio/1087_ITH_ANG_XX.wav,1087_ITH_ANG_XX.wav,1087,train,3,angry,3,angry,0.7656840682029724
/Users/prarthanapatel/Desktop/Himanshi/speech_emotion_detection-develop-v2/cremad_preprocessed/audio/1087_ITH_DIS_XX.wav,1087_ITH_DIS_XX.wav,1087,train,5,disgust,5,disgust,0.6496831178665161
/Users/prarthanapatel/Desktop/Himanshi/speech_emotion_detection-develop-v2/cremad_preprocessed/audio/1087_ITH_FEA_XX.wav,1087_ITH_FEA_XX.wav,1087,train,4,fearful,4,fearful,0.8020833730697632
/Users/prarthanapatel/Desktop/Himanshi/speech_emotion_detection-develop-v2/cremad_preprocessed/audio/1087_ITH_HAP_XX.wav,1087_ITH_HAP_XX.wav,1087,train,1,happy,1,happy,0.9651431441307068
/Users/prarthanapatel/Desktop/Himanshi/speech_emotion_detection-develop-v2/cremad_preprocessed/audio/1087_ITH_NEU_XX.wav,1087_ITH_NEU_XX.wav,1087,train,0,neutral,0,neutral,0.9792441725730896
/Users/prarthanapatel/Desktop/Himanshi/speech_emotion_detection-develop-v2/cremad_preprocessed/audio/1087_ITH_SAD_XX.wav,1087_ITH_SAD_XX.wav,1087,train,2,sad,2,sad,0.7254061102867126
/Users/prarthanapatel/Desktop/Himanshi/speech_emotion_detection-develop-v2/cremad_preprocessed/audio/1087_ITS_ANG_XX.wav,1087_ITS_ANG_XX.wav,1087,train,3,angry,3,angry,0.9936284422874451
/Users/prarthanapatel/Desktop/Himanshi/speech_emotion_detection-develop-v2/cremad_preprocessed/audio/1087_ITS_DIS_XX.wav,1087_ITS_DIS_XX.wav,1087,train,5,disgust,5,disgust,0.6736720204353333
/Users/prarthanapatel/Desktop/Himanshi/speech_emotion_detection-develop-v2/cremad_preprocessed/audio/1087_ITS_FEA_XX.wav,1087_ITS_FEA_XX.wav,1087,train,4,fearful,4,fearful,0.5621411204338074
/Users/prarthanapatel/Desktop/Himanshi/speech_emotion_detection-develop-v2/cremad_preprocessed/audio/1087_ITS_HAP_XX.wav,1087_ITS_HAP_XX.wav,1087,train,1,happy,1,happy,0.9759843349456787
/Users/prarthanapatel/Desktop/Himanshi/speech_emotion_detection-develop-v2/cremad_preprocessed/audio/1087_ITS_NEU_XX.wav,1087_ITS_NEU_XX.wav,1087,train,0,neutral,0,neutral,0.9767010807991028
/Users/prarthanapatel/Desktop/Himanshi/speech_emotion_detection-develop-v2/cremad_preprocessed/audio/1087_ITS_SAD_XX.wav,1087_ITS_SAD_XX.wav,1087,train,2,sad,0,neutral,0.5949799418449402
/Users/prarthanapatel/Desktop/Himanshi/speech_emotion_detection-develop-v2/cremad_preprocessed/audio/1087_IWL_ANG_XX.wav,1087_IWL_ANG_XX.wav,1087,train,3,angry,1,happy,0.8256955742835999
/Users/prarthanapatel/Desktop/Himanshi/speech_emotion_detection-develop-v2/cremad_preprocessed/audio/1087_IWL_DIS_XX.wav,1087_IWL_DIS_XX.wav,1087,train,5,disgust,2,sad,0.4532971978187561
/Users/prarthanapatel/Desktop/Himanshi/speech_emotion_detection-develop-v2/cremad_preprocessed/audio/1087_IWL_FEA_XX.wav,1087_IWL_FEA_XX.wav,1087,train,4,fearful,5,disgust,0.49219343066215515
/Users/prarthanapatel/Desktop/Himanshi/speech_emotion_detection-develop-v2/cremad_preprocessed/audio/1087_IWL_HAP_XX.wav,1087_IWL_HAP_XX.wav,1087,train,1,happy,1,happy,0.9062621593475342
/Users/prarthanapatel/Desktop/Himanshi/speech_emotion_detection-develop-v2/cremad_preprocessed/audio/1087_IWL_NEU_XX.wav,1087_IWL_NEU_XX.wav,1087,train,0,neutral,0,neutral,0.6429001688957214
/Users/prarthanapatel/Desktop/Himanshi/speech_emotion_detection-develop-v2/cremad_preprocessed/audio/1087_IWL_SAD_XX.wav,1087_IWL_SAD_XX.wav,1087,train,2,sad,2,sad,0.39111849665641785
/Users/prarthanapatel/Desktop/Himanshi/speech_emotion_detection-develop-v2/cremad_preprocessed/audio/1087_IWW_ANG_XX.wav,1087_IWW_ANG_XX.wav,1087,train,3,angry,3,angry,0.9914308190345764
/Users/prarthanapatel/Desktop/Himanshi/speech_emotion_detection-develop-v2/cremad_preprocessed/audio/1087_IWW_DIS_XX.wav,1087_IWW_DIS_XX.wav,1087,train,5,disgust,4,fearful,0.7107816934585571
/Users/prarthanapatel/Desktop/Himanshi/speech_emotion_detection-develop-v2/cremad_preprocessed/audio/1087_IWW_FEA_XX.wav,1087_IWW_FEA_XX.wav,1087,train,4,fearful,4,fearful,0.8554466962814331
/Users/prarthanapatel/Desktop/Himanshi/speech_emotion_detection-develop-v2/cremad_preprocessed/audio/1087_IWW_HAP_XX.wav,1087_IWW_HAP_XX.wav,1087,train,1,happy,1,happy,0.9759277105331421
/Users/prarthanapatel/Desktop/Himanshi/speech_emotion_detection-develop-v2/cremad_preprocessed/audio/1087_IWW_NEU_XX.wav,1087_IWW_NEU_XX.wav,1087,train,0,neutral,0,neutral,0.983812153339386
/Users/prarthanapatel/Desktop/Himanshi/speech_emotion_detection-develop-v2/cremad_preprocessed/audio/1087_IWW_SAD_XX.wav,1087_IWW_SAD_XX.wav,1087,train,2,sad,4,fearful,0.608607828617096
/Users/prarthanapatel/Desktop/Himanshi/speech_emotion_detection-develop-v2/cremad_preprocessed/audio/1087_MTI_ANG_XX.wav,1087_MTI_ANG_XX.wav,1087,train,3,angry,3,angry,0.9124220013618469
/Users/prarthanapatel/Desktop/Himanshi/speech_emotion_detection-develop-v2/cremad_preprocessed/audio/1087_MTI_DIS_XX.wav,1087_MTI_DIS_XX.wav,1087,train,5,disgust,5,disgust,0.4999631643295288
/Users/prarthanapatel/Desktop/Himanshi/speech_emotion_detection-develop-v2/cremad_preprocessed/audio/1087_MTI_FEA_XX.wav,1087_MTI_FEA_XX.wav,1087,train,4,fearful,1,happy,0.684152364730835
/Users/prarthanapatel/Desktop/Himanshi/speech_emotion_detection-develop-v2/cremad_preprocessed/audio/1087_MTI_HAP_XX.wav,1087_MTI_HAP_XX.wav,1087,train,1,happy,1,happy,0.975088357925415
/Users/prarthanapatel/Desktop/Himanshi/speech_emotion_detection-develop-v2/cremad_preprocessed/audio/1087_MTI_NEU_XX.wav,1087_MTI_NEU_XX.wav,1087,train,0,neutral,0,neutral,0.8598790168762207
/Users/prarthanapatel/Desktop/Himanshi/speech_emotion_detection-develop-v2/cremad_preprocessed/audio/1087_MTI_SAD_XX.wav,1087_MTI_SAD_XX.wav,1087,train,2,sad,2,sad,0.6733999848365784
/Users/prarthanapatel/Desktop/Himanshi/speech_emotion_detection-develop-v2/cremad_preprocessed/audio/1087_TAI_ANG_XX.wav,1087_TAI_ANG_XX.wav,1087,train,3,angry,3,angry,0.9593589901924133
/Users/prarthanapatel/Desktop/Himanshi/speech_emotion_detection-develop-v2/cremad_preprocessed/audio/1087_TAI_DIS_XX.wav,1087_TAI_DIS_XX.wav,1087,train,5,disgust,1,happy,0.5180357098579407
/Users/prarthanapatel/Desktop/Himanshi/speech_emotion_detection-develop-v2/cremad_preprocessed/audio/1087_TAI_FEA_XX.wav,1087_TAI_FEA_XX.wav,1087,train,4,fearful,4,fearful,0.7784922122955322
/Users/prarthanapatel/Desktop/Himanshi/speech_emotion_detection-develop-v2/cremad_preprocessed/audio/1087_TAI_HAP_XX.wav,1087_TAI_HAP_XX.wav,1087,train,1,happy,1,happy,0.9649786949157715
/Users/prarthanapatel/Desktop/Himanshi/speech_emotion_detection-develop-v2/cremad_preprocessed/audio/1087_TAI_NEU_XX.wav,1087_TAI_NEU_XX.wav,1087,train,0,neutral,0,neutral,0.9836867451667786
/Users/prarthanapatel/Desktop/Himanshi/speech_emotion_detection-develop-v2/cremad_preprocessed/audio/1087_TAI_SAD_XX.wav,1087_TAI_SAD_XX.wav,1087,train,2,sad,2,sad,0.7212769389152527
/Users/prarthanapatel/Desktop/Himanshi/speech_emotion_detection-develop-v2/cremad_preprocessed/audio/1087_TIE_ANG_XX.wav,1087_TIE_ANG_XX.wav,1087,train,3,angry,3,angry,0.9938573241233826
/Users/prarthanapatel/Desktop/Himanshi/speech_emotion_detection-develop-v2/cremad_preprocessed/audio/1087_TIE_DIS_XX.wav,1087_TIE_DIS_XX.wav,1087,train,5,disgust,5,disgust,0.6764896512031555
/Users/prarthanapatel/Desktop/Himanshi/speech_emotion_detection-develop-v2/cremad_preprocessed/audio/1087_TIE_FEA_XX.wav,1087_TIE_FEA_XX.wav,1087,train,4,fearful,3,angry,0.4814189076423645
/Users/prarthanapatel/Desktop/Himanshi/speech_emotion_detection-develop-v2/cremad_preprocessed/audio/1087_TIE_HAP_XX.wav,1087_TIE_HAP_XX.wav,1087,train,1,happy,1,happy,0.9422865509986877
/Users/prarthanapatel/Desktop/Himanshi/speech_emotion_detection-develop-v2/cremad_preprocessed/audio/1087_TIE_NEU_XX.wav,1087_TIE_NEU_XX.wav,1087,train,0,neutral,0,neutral,0.9786403775215149
/Users/prarthanapatel/Desktop/Himanshi/speech_emotion_detection-develop-v2/cremad_preprocessed/audio/1087_TIE_SAD_XX.wav,1087_TIE_SAD_XX.wav,1087,train,2,sad,1,happy,0.5835978984832764
/Users/prarthanapatel/Desktop/Himanshi/speech_emotion_detection-develop-v2/cremad_preprocessed/audio/1087_TSI_ANG_XX.wav,1087_TSI_ANG_XX.wav,1087,train,3,angry,3,angry,0.9557547569274902
/Users/prarthanapatel/Desktop/Himanshi/speech_emotion_detection-develop-v2/cremad_preprocessed/audio/1087_TSI_DIS_XX.wav,1087_TSI_DIS_XX.wav,1087,train,5,disgust,1,happy,0.7415066361427307
/Users/prarthanapatel/Desktop/Himanshi/speech_emotion_detection-develop-v2/cremad_preprocessed/audio/1087_TSI_FEA_XX.wav,1087_TSI_FEA_XX.wav,1087,train,4,fearful,4,fearful,0.9321619868278503
/Users/prarthanapatel/Desktop/Himanshi/speech_emotion_detection-develop-v2/cremad_preprocessed/audio/1087_TSI_HAP_XX.wav,1087_TSI_HAP_XX.wav,1087,train,1,happy,1,happy,0.9585043787956238
/Users/prarthanapatel/Desktop/Himanshi/speech_emotion_detection-develop-v2/cremad_preprocessed/audio/1087_TSI_NEU_XX.wav,1087_TSI_NEU_XX.wav,1087,train,0,neutral,0,neutral,0.9871670603752136
/Users/prarthanapatel/Desktop/Himanshi/speech_emotion_detection-develop-v2/cremad_preprocessed/audio/1087_TSI_SAD_XX.wav,1087_TSI_SAD_XX.wav,1087,train,2,sad,2,sad,0.7479177713394165
/Users/prarthanapatel/Desktop/Himanshi/speech_emotion_detection-develop-v2/cremad_preprocessed/audio/1087_WSI_ANG_XX.wav,1087_WSI_ANG_XX.wav,1087,train,3,angry,3,angry,0.9936328530311584
/Users/prarthanapatel/Desktop/Himanshi/speech_emotion_detection-develop-v2/cremad_preprocessed/audio/1087_WSI_DIS_XX.wav,1087_WSI_DIS_XX.wav,1087,train,5,disgust,5,disgust,0.9158385992050171
/Users/prarthanapatel/Desktop/Himanshi/speech_emotion_detection-develop-v2/cremad_preprocessed/audio/1087_WSI_FEA_XX.wav,1087_WSI_FEA_XX.wav,1087,train,4,fearful,1,happy,0.5202233791351318
/Users/prarthanapatel/Desktop/Himanshi/speech_emotion_detection-develop-v2/cremad_preprocessed/audio/1087_WSI_HAP_XX.wav,1087_WSI_HAP_XX.wav,1087,train,1,happy,1,happy,0.9245025515556335
/Users/prarthanapatel/Desktop/Himanshi/speech_emotion_detection-develop-v2/cremad_preprocessed/audio/1087_WSI_NEU_XX.wav,1087_WSI_NEU_XX.wav,1087,train,0,neutral,0,neutral,0.9799046516418457
/Users/prarthanapatel/Desktop/Himanshi/speech_emotion_detection-develop-v2/cremad_preprocessed/audio/1087_WSI_SAD_XX.wav,1087_WSI_SAD_XX.wav,1087,train,2,sad,2,sad,0.8708174228668213
/Users/prarthanapatel/Desktop/Himanshi/speech_emotion_detection-develop-v2/cremad_preprocessed/audio/1088_DFA_ANG_XX.wav,1088_DFA_ANG_XX.wav,1088,train,3,angry,3,angry,0.9923815131187439
/Users/prarthanapatel/Desktop/Himanshi/speech_emotion_detection-develop-v2/cremad_preprocessed/audio/1088_DFA_DIS_XX.wav,1088_DFA_DIS_XX.wav,1088,train,5,disgust,2,sad,0.8702037930488586
/Users/prarthanapatel/Desktop/Himanshi/speech_emotion_detection-develop-v2/cremad_preprocessed/audio/1088_DFA_FEA_XX.wav,1088_DFA_FEA_XX.wav,1088,train,4,fearful,4,fearful,0.9669046998023987
/Users/prarthanapatel/Desktop/Himanshi/speech_emotion_detection-develop-v2/cremad_preprocessed/audio/1088_DFA_HAP_XX.wav,1088_DFA_HAP_XX.wav,1088,train,1,happy,1,happy,0.9703894257545471
/Users/prarthanapatel/Desktop/Himanshi/speech_emotion_detection-develop-v2/cremad_preprocessed/audio/1088_DFA_NEU_XX.wav,1088_DFA_NEU_XX.wav,1088,train,0,neutral,0,neutral,0.9862783551216125
/Users/prarthanapatel/Desktop/Himanshi/speech_emotion_detection-develop-v2/cremad_preprocessed/audio/1088_DFA_SAD_XX.wav,1088_DFA_SAD_XX.wav,1088,train,2,sad,4,fearful,0.4961853623390198
/Users/prarthanapatel/Desktop/Himanshi/speech_emotion_detection-develop-v2/cremad_preprocessed/audio/1088_IEO_ANG_HI.wav,1088_IEO_ANG_HI.wav,1088,train,3,angry,3,angry,0.9930830001831055
/Users/prarthanapatel/Desktop/Himanshi/speech_emotion_detection-develop-v2/cremad_preprocessed/audio/1088_IEO_ANG_LO.wav,1088_IEO_ANG_LO.wav,1088,train,3,angry,3,angry,0.9932721257209778
/Users/prarthanapatel/Desktop/Himanshi/speech_emotion_detection-develop-v2/cremad_preprocessed/audio/1088_IEO_ANG_MD.wav,1088_IEO_ANG_MD.wav,1088,train,3,angry,3,angry,0.9949623346328735
/Users/prarthanapatel/Desktop/Himanshi/speech_emotion_detection-develop-v2/cremad_preprocessed/audio/1088_IEO_DIS_HI.wav,1088_IEO_DIS_HI.wav,1088,train,5,disgust,5,disgust,0.6583395004272461
/Users/prarthanapatel/Desktop/Himanshi/speech_emotion_detection-develop-v2/cremad_preprocessed/audio/1088_IEO_DIS_LO.wav,1088_IEO_DIS_LO.wav,1088,train,5,disgust,2,sad,0.6609216332435608
/Users/prarthanapatel/Desktop/Himanshi/speech_emotion_detection-develop-v2/cremad_preprocessed/audio/1088_IEO_DIS_MD.wav,1088_IEO_DIS_MD.wav,1088,train,5,disgust,1,happy,0.8936033844947815
/Users/prarthanapatel/Desktop/Himanshi/speech_emotion_detection-develop-v2/cremad_preprocessed/audio/1088_IEO_FEA_HI.wav,1088_IEO_FEA_HI.wav,1088,train,4,fearful,4,fearful,0.9573985934257507
/Users/prarthanapatel/Desktop/Himanshi/speech_emotion_detection-develop-v2/cremad_preprocessed/audio/1088_IEO_FEA_LO.wav,1088_IEO_FEA_LO.wav,1088,train,4,fearful,2,sad,0.711497962474823
/Users/prarthanapatel/Desktop/Himanshi/speech_emotion_detection-develop-v2/cremad_preprocessed/audio/1088_IEO_FEA_MD.wav,1088_IEO_FEA_MD.wav,1088,train,4,fearful,4,fearful,0.8312793374061584
/Users/prarthanapatel/Desktop/Himanshi/speech_emotion_detection-develop-v2/cremad_preprocessed/audio/1088_IEO_HAP_HI.wav,1088_IEO_HAP_HI.wav,1088,train,1,happy,1,happy,0.9659152626991272
/Users/prarthanapatel/Desktop/Himanshi/speech_emotion_detection-develop-v2/cremad_preprocessed/audio/1088_IEO_HAP_LO.wav,1088_IEO_HAP_LO.wav,1088,train,1,happy,1,happy,0.8918665051460266
/Users/prarthanapatel/Desktop/Himanshi/speech_emotion_detection-develop-v2/cremad_preprocessed/audio/1088_IEO_HAP_MD.wav,1088_IEO_HAP_MD.wav,1088,train,1,happy,1,happy,0.9090842604637146
/Users/prarthanapatel/Desktop/Himanshi/speech_emotion_detection-develop-v2/cremad_preprocessed/audio/1088_IEO_NEU_XX.wav,1088_IEO_NEU_XX.wav,1088,train,0,neutral,0,neutral,0.4554443061351776
/Users/prarthanapatel/Desktop/Himanshi/speech_emotion_detection-develop-v2/cremad_preprocessed/audio/1088_IEO_SAD_HI.wav,1088_IEO_SAD_HI.wav,1088,train,2,sad,2,sad,0.8758624196052551
/Users/prarthanapatel/Desktop/Himanshi/speech_emotion_detection-develop-v2/cremad_preprocessed/audio/1088_IEO_SAD_LO.wav,1088_IEO_SAD_LO.wav,1088,train,2,sad,2,sad,0.8886746764183044
/Users/prarthanapatel/Desktop/Himanshi/speech_emotion_detection-develop-v2/cremad_preprocessed/audio/1088_IEO_SAD_MD.wav,1088_IEO_SAD_MD.wav,1088,train,2,sad,4,fearful,0.5335895419120789
/Users/prarthanapatel/Desktop/Himanshi/speech_emotion_detection-develop-v2/cremad_preprocessed/audio/1088_IOM_ANG_XX.wav,1088_IOM_ANG_XX.wav,1088,train,3,angry,3,angry,0.994001567363739
/Users/prarthanapatel/Desktop/Himanshi/speech_emotion_detection-develop-v2/cremad_preprocessed/audio/1088_IOM_DIS_XX.wav,1088_IOM_DIS_XX.wav,1088,train,5,disgust,5,disgust,0.8433960676193237
/Users/prarthanapatel/Desktop/Himanshi/speech_emotion_detection-develop-v2/cremad_preprocessed/audio/1088_IOM_FEA_XX.wav,1088_IOM_FEA_XX.wav,1088,train,4,fearful,4,fearful,0.8460233807563782
/Users/prarthanapatel/Desktop/Himanshi/speech_emotion_detection-develop-v2/cremad_preprocessed/audio/1088_IOM_HAP_XX.wav,1088_IOM_HAP_XX.wav,1088,train,1,happy,1,happy,0.9421856999397278
/Users/prarthanapatel/Desktop/Himanshi/speech_emotion_detection-develop-v2/cremad_preprocessed/audio/1088_IOM_NEU_XX.wav,1088_IOM_NEU_XX.wav,1088,train,0,neutral,0,neutral,0.9170714020729065
/Users/prarthanapatel/Desktop/Himanshi/speech_emotion_detection-develop-v2/cremad_preprocessed/audio/1088_IOM_SAD_XX.wav,1088_IOM_SAD_XX.wav,1088,train,2,sad,4,fearful,0.5104129314422607
/Users/prarthanapatel/Desktop/Himanshi/speech_emotion_detection-develop-v2/cremad_preprocessed/audio/1088_ITH_ANG_XX.wav,1088_ITH_ANG_XX.wav,1088,train,3,angry,0,neutral,0.9188982248306274
/Users/prarthanapatel/Desktop/Himanshi/speech_emotion_detection-develop-v2/cremad_preprocessed/audio/1088_ITH_DIS_XX.wav,1088_ITH_DIS_XX.wav,1088,train,5,disgust,2,sad,0.7152001261711121
/Users/prarthanapatel/Desktop/Himanshi/speech_emotion_detection-develop-v2/cremad_preprocessed/audio/1088_ITH_FEA_XX.wav,1088_ITH_FEA_XX.wav,1088,train,4,fearful,4,fearful,0.6816831827163696
/Users/prarthanapatel/Desktop/Himanshi/speech_emotion_detection-develop-v2/cremad_preprocessed/audio/1088_ITH_HAP_XX.wav,1088_ITH_HAP_XX.wav,1088,train,1,happy,1,happy,0.8601865172386169
/Users/prarthanapatel/Desktop/Himanshi/speech_emotion_detection-develop-v2/cremad_preprocessed/audio/1088_ITH_NEU_XX.wav,1088_ITH_NEU_XX.wav,1088,train,0,neutral,0,neutral,0.9863216876983643
/Users/prarthanapatel/Desktop/Himanshi/speech_emotion_detection-develop-v2/cremad_preprocessed/audio/1088_ITH_SAD_XX.wav,1088_ITH_SAD_XX.wav,1088,train,2,sad,2,sad,0.8626474142074585
/Users/prarthanapatel/Desktop/Himanshi/speech_emotion_detection-develop-v2/cremad_preprocessed/audio/1088_ITS_ANG_XX.wav,1088_ITS_ANG_XX.wav,1088,train,3,angry,3,angry,0.9862545728683472
/Users/prarthanapatel/Desktop/Himanshi/speech_emotion_detection-develop-v2/cremad_preprocessed/audio/1088_ITS_DIS_XX.wav,1088_ITS_DIS_XX.wav,1088,train,5,disgust,1,happy,0.9265180230140686
/Users/prarthanapatel/Desktop/Himanshi/speech_emotion_detection-develop-v2/cremad_preprocessed/audio/1088_ITS_FEA_XX.wav,1088_ITS_FEA_XX.wav,1088,train,4,fearful,4,fearful,0.9624537229537964
/Users/prarthanapatel/Desktop/Himanshi/speech_emotion_detection-develop-v2/cremad_preprocessed/audio/1088_ITS_HAP_XX.wav,1088_ITS_HAP_XX.wav,1088,train,1,happy,1,happy,0.9577701687812805
/Users/prarthanapatel/Desktop/Himanshi/speech_emotion_detection-develop-v2/cremad_preprocessed/audio/1088_ITS_NEU_XX.wav,1088_ITS_NEU_XX.wav,1088,train,0,neutral,0,neutral,0.9809827208518982
/Users/prarthanapatel/Desktop/Himanshi/speech_emotion_detection-develop-v2/cremad_preprocessed/audio/1088_ITS_SAD_XX.wav,1088_ITS_SAD_XX.wav,1088,train,2,sad,4,fearful,0.5298303961753845
/Users/prarthanapatel/Desktop/Himanshi/speech_emotion_detection-develop-v2/cremad_preprocessed/audio/1088_IWL_ANG_XX.wav,1088_IWL_ANG_XX.wav,1088,train,3,angry,3,angry,0.9405189752578735
/Users/prarthanapatel/Desktop/Himanshi/speech_emotion_detection-develop-v2/cremad_preprocessed/audio/1088_IWL_DIS_XX.wav,1088_IWL_DIS_XX.wav,1088,train,5,disgust,2,sad,0.6769074201583862
/Users/prarthanapatel/Desktop/Himanshi/speech_emotion_detection-develop-v2/cremad_preprocessed/audio/1088_IWL_FEA_XX.wav,1088_IWL_FEA_XX.wav,1088,train,4,fearful,4,fearful,0.9142944812774658
/Users/prarthanapatel/Desktop/Himanshi/speech_emotion_detection-develop-v2/cremad_preprocessed/audio/1088_IWL_HAP_XX.wav,1088_IWL_HAP_XX.wav,1088,train,1,happy,1,happy,0.9552810788154602
/Users/prarthanapatel/Desktop/Himanshi/speech_emotion_detection-develop-v2/cremad_preprocessed/audio/1088_IWL_NEU_XX.wav,1088_IWL_NEU_XX.wav,1088,train,0,neutral,0,neutral,0.9022368788719177
/Users/prarthanapatel/Desktop/Himanshi/speech_emotion_detection-develop-v2/cremad_preprocessed/audio/1088_IWL_SAD_XX.wav,1088_IWL_SAD_XX.wav,1088,train,2,sad,2,sad,0.7075281739234924
/Users/prarthanapatel/Desktop/Himanshi/speech_emotion_detection-develop-v2/cremad_preprocessed/audio/1088_IWW_ANG_XX.wav,1088_IWW_ANG_XX.wav,1088,train,3,angry,3,angry,0.9806625247001648
/Users/prarthanapatel/Desktop/Himanshi/speech_emotion_detection-develop-v2/cremad_preprocessed/audio/1088_IWW_DIS_XX.wav,1088_IWW_DIS_XX.wav,1088,train,5,disgust,1,happy,0.8850583434104919
/Users/prarthanapatel/Desktop/Himanshi/speech_emotion_detection-develop-v2/cremad_preprocessed/audio/1088_IWW_FEA_XX.wav,1088_IWW_FEA_XX.wav,1088,train,4,fearful,4,fearful,0.6832560300827026
/Users/prarthanapatel/Desktop/Himanshi/speech_emotion_detection-develop-v2/cremad_preprocessed/audio/1088_IWW_HAP_XX.wav,1088_IWW_HAP_XX.wav,1088,train,1,happy,1,happy,0.968782901763916
/Users/prarthanapatel/Desktop/Himanshi/speech_emotion_detection-develop-v2/cremad_preprocessed/audio/1088_IWW_NEU_XX.wav,1088_IWW_NEU_XX.wav,1088,train,0,neutral,0,neutral,0.9859610795974731
/Users/prarthanapatel/Desktop/Himanshi/speech_emotion_detection-develop-v2/cremad_preprocessed/audio/1088_IWW_SAD_XX.wav,1088_IWW_SAD_XX.wav,1088,train,2,sad,2,sad,0.834430456161499
/Users/prarthanapatel/Desktop/Himanshi/speech_emotion_detection-develop-v2/cremad_preprocessed/audio/1088_MTI_ANG_XX.wav,1088_MTI_ANG_XX.wav,1088,train,3,angry,3,angry,0.9915010929107666
/Users/prarthanapatel/Desktop/Himanshi/speech_emotion_detection-develop-v2/cremad_preprocessed/audio/1088_MTI_DIS_XX.wav,1088_MTI_DIS_XX.wav,1088,train,5,disgust,5,disgust,0.6552156805992126
/Users/prarthanapatel/Desktop/Himanshi/speech_emotion_detection-develop-v2/cremad_preprocessed/audio/1088_MTI_FEA_XX.wav,1088_MTI_FEA_XX.wav,1088,train,4,fearful,4,fearful,0.9362791180610657
/Users/prarthanapatel/Desktop/Himanshi/speech_emotion_detection-develop-v2/cremad_preprocessed/audio/1088_MTI_HAP_XX.wav,1088_MTI_HAP_XX.wav,1088,train,1,happy,0,neutral,0.7344940304756165
/Users/prarthanapatel/Desktop/Himanshi/speech_emotion_detection-develop-v2/cremad_preprocessed/audio/1088_MTI_NEU_XX.wav,1088_MTI_NEU_XX.wav,1088,train,0,neutral,0,neutral,0.9858177304267883
/Users/prarthanapatel/Desktop/Himanshi/speech_emotion_detection-develop-v2/cremad_preprocessed/audio/1088_MTI_SAD_XX.wav,1088_MTI_SAD_XX.wav,1088,train,2,sad,4,fearful,0.4970395565032959
/Users/prarthanapatel/Desktop/Himanshi/speech_emotion_detection-develop-v2/cremad_preprocessed/audio/1088_TAI_ANG_XX.wav,1088_TAI_ANG_XX.wav,1088,train,3,angry,3,angry,0.8774524927139282
/Users/prarthanapatel/Desktop/Himanshi/speech_emotion_detection-develop-v2/cremad_preprocessed/audio/1088_TAI_DIS_XX.wav,1088_TAI_DIS_XX.wav,1088,train,5,disgust,0,neutral,0.6792221665382385
/Users/prarthanapatel/Desktop/Himanshi/speech_emotion_detection-develop-v2/cremad_preprocessed/audio/1088_TAI_FEA_XX.wav,1088_TAI_FEA_XX.wav,1088,train,4,fearful,4,fearful,0.8527618646621704
/Users/prarthanapatel/Desktop/Himanshi/speech_emotion_detection-develop-v2/cremad_preprocessed/audio/1088_TAI_HAP_XX.wav,1088_TAI_HAP_XX.wav,1088,train,1,happy,1,happy,0.8037921786308289
/Users/prarthanapatel/Desktop/Himanshi/speech_emotion_detection-develop-v2/cremad_preprocessed/audio/1088_TAI_NEU_XX.wav,1088_TAI_NEU_XX.wav,1088,train,0,neutral,0,neutral,0.9791402816772461
/Users/prarthanapatel/Desktop/Himanshi/speech_emotion_detection-develop-v2/cremad_preprocessed/audio/1088_TAI_SAD_XX.wav,1088_TAI_SAD_XX.wav,1088,train,2,sad,4,fearful,0.49809592962265015
/Users/prarthanapatel/Desktop/Himanshi/speech_emotion_detection-develop-v2/cremad_preprocessed/audio/1088_TIE_ANG_XX.wav,1088_TIE_ANG_XX.wav,1088,train,3,angry,3,angry,0.9915704727172852
/Users/prarthanapatel/Desktop/Himanshi/speech_emotion_detection-develop-v2/cremad_preprocessed/audio/1088_TIE_DIS_XX.wav,1088_TIE_DIS_XX.wav,1088,train,5,disgust,1,happy,0.7911969423294067
/Users/prarthanapatel/Desktop/Himanshi/speech_emotion_detection-develop-v2/cremad_preprocessed/audio/1088_TIE_FEA_XX.wav,1088_TIE_FEA_XX.wav,1088,train,4,fearful,4,fearful,0.7064409852027893
/Users/prarthanapatel/Desktop/Himanshi/speech_emotion_detection-develop-v2/cremad_preprocessed/audio/1088_TIE_HAP_XX.wav,1088_TIE_HAP_XX.wav,1088,train,1,happy,1,happy,0.5631183981895447
/Users/prarthanapatel/Desktop/Himanshi/speech_emotion_detection-develop-v2/cremad_preprocessed/audio/1088_TIE_NEU_XX.wav,1088_TIE_NEU_XX.wav,1088,train,0,neutral,0,neutral,0.9327616095542908
/Users/prarthanapatel/Desktop/Himanshi/speech_emotion_detection-develop-v2/cremad_preprocessed/audio/1088_TIE_SAD_XX.wav,1088_TIE_SAD_XX.wav,1088,train,2,sad,2,sad,0.764988124370575
/Users/prarthanapatel/Desktop/Himanshi/speech_emotion_detection-develop-v2/cremad_preprocessed/audio/1088_TSI_ANG_XX.wav,1088_TSI_ANG_XX.wav,1088,train,3,angry,3,angry,0.9939894676208496
/Users/prarthanapatel/Desktop/Himanshi/speech_emotion_detection-develop-v2/cremad_preprocessed/audio/1088_TSI_DIS_XX.wav,1088_TSI_DIS_XX.wav,1088,train,5,disgust,5,disgust,0.7460933923721313
/Users/prarthanapatel/Desktop/Himanshi/speech_emotion_detection-develop-v2/cremad_preprocessed/audio/1088_TSI_FEA_XX.wav,1088_TSI_FEA_XX.wav,1088,train,4,fearful,4,fearful,0.7143814563751221
/Users/prarthanapatel/Desktop/Himanshi/speech_emotion_detection-develop-v2/cremad_preprocessed/audio/1088_TSI_HAP_XX.wav,1088_TSI_HAP_XX.wav,1088,train,1,happy,1,happy,0.8458985686302185
/Users/prarthanapatel/Desktop/Himanshi/speech_emotion_detection-develop-v2/cremad_preprocessed/audio/1088_TSI_NEU_XX.wav,1088_TSI_NEU_XX.wav,1088,train,0,neutral,0,neutral,0.9846166372299194
/Users/prarthanapatel/Desktop/Himanshi/speech_emotion_detection-develop-v2/cremad_preprocessed/audio/1088_TSI_SAD_XX.wav,1088_TSI_SAD_XX.wav,1088,train,2,sad,2,sad,0.8925786018371582
/Users/prarthanapatel/Desktop/Himanshi/speech_emotion_detection-develop-v2/cremad_preprocessed/audio/1088_WSI_ANG_XX.wav,1088_WSI_ANG_XX.wav,1088,train,3,angry,3,angry,0.9944129586219788
/Users/prarthanapatel/Desktop/Himanshi/speech_emotion_detection-develop-v2/cremad_preprocessed/audio/1088_WSI_DIS_XX.wav,1088_WSI_DIS_XX.wav,1088,train,5,disgust,1,happy,0.9341393709182739
/Users/prarthanapatel/Desktop/Himanshi/speech_emotion_detection-develop-v2/cremad_preprocessed/audio/1088_WSI_FEA_XX.wav,1088_WSI_FEA_XX.wav,1088,train,4,fearful,4,fearful,0.9198176264762878
/Users/prarthanapatel/Desktop/Himanshi/speech_emotion_detection-develop-v2/cremad_preprocessed/audio/1088_WSI_HAP_XX.wav,1088_WSI_HAP_XX.wav,1088,train,1,happy,1,happy,0.9024555087089539
/Users/prarthanapatel/Desktop/Himanshi/speech_emotion_detection-develop-v2/cremad_preprocessed/audio/1088_WSI_NEU_XX.wav,1088_WSI_NEU_XX.wav,1088,train,0,neutral,0,neutral,0.9691393971443176
/Users/prarthanapatel/Desktop/Himanshi/speech_emotion_detection-develop-v2/cremad_preprocessed/audio/1088_WSI_SAD_XX.wav,1088_WSI_SAD_XX.wav,1088,train,2,sad,2,sad,0.8500366806983948
/Users/prarthanapatel/Desktop/Himanshi/speech_emotion_detection-develop-v2/cremad_preprocessed/audio/1089_DFA_ANG_XX.wav,1089_DFA_ANG_XX.wav,1089,train,3,angry,3,angry,0.9952479004859924
/Users/prarthanapatel/Desktop/Himanshi/speech_emotion_detection-develop-v2/cremad_preprocessed/audio/1089_DFA_DIS_XX.wav,1089_DFA_DIS_XX.wav,1089,train,5,disgust,5,disgust,0.53374183177948
/Users/prarthanapatel/Desktop/Himanshi/speech_emotion_detection-develop-v2/cremad_preprocessed/audio/1089_DFA_FEA_XX.wav,1089_DFA_FEA_XX.wav,1089,train,4,fearful,4,fearful,0.9322699904441833
/Users/prarthanapatel/Desktop/Himanshi/speech_emotion_detection-develop-v2/cremad_preprocessed/audio/1089_DFA_HAP_XX.wav,1089_DFA_HAP_XX.wav,1089,train,1,happy,1,happy,0.9706446528434753
/Users/prarthanapatel/Desktop/Himanshi/speech_emotion_detection-develop-v2/cremad_preprocessed/audio/1089_DFA_NEU_XX.wav,1089_DFA_NEU_XX.wav,1089,train,0,neutral,0,neutral,0.8949386477470398
/Users/prarthanapatel/Desktop/Himanshi/speech_emotion_detection-develop-v2/cremad_preprocessed/audio/1089_DFA_SAD_XX.wav,1089_DFA_SAD_XX.wav,1089,train,2,sad,2,sad,0.547309935092926
/Users/prarthanapatel/Desktop/Himanshi/speech_emotion_detection-develop-v2/cremad_preprocessed/audio/1089_IEO_ANG_HI.wav,1089_IEO_ANG_HI.wav,1089,train,3,angry,3,angry,0.9941132664680481
/Users/prarthanapatel/Desktop/Himanshi/speech_emotion_detection-develop-v2/cremad_preprocessed/audio/1089_IEO_ANG_LO.wav,1089_IEO_ANG_LO.wav,1089,train,3,angry,3,angry,0.9945424795150757
/Users/prarthanapatel/Desktop/Himanshi/speech_emotion_detection-develop-v2/cremad_preprocessed/audio/1089_IEO_ANG_MD.wav,1089_IEO_ANG_MD.wav,1089,train,3,angry,3,angry,0.9952970147132874
/Users/prarthanapatel/Desktop/Himanshi/speech_emotion_detection-develop-v2/cremad_preprocessed/audio/1089_IEO_DIS_HI.wav,1089_IEO_DIS_HI.wav,1089,train,5,disgust,5,disgust,0.7250722646713257
/Users/prarthanapatel/Desktop/Himanshi/speech_emotion_detection-develop-v2/cremad_preprocessed/audio/1089_IEO_DIS_LO.wav,1089_IEO_DIS_LO.wav,1089,train,5,disgust,5,disgust,0.9573076367378235
/Users/prarthanapatel/Desktop/Himanshi/speech_emotion_detection-develop-v2/cremad_preprocessed/audio/1089_IEO_DIS_MD.wav,1089_IEO_DIS_MD.wav,1089,train,5,disgust,5,disgust,0.7844797968864441
/Users/prarthanapatel/Desktop/Himanshi/speech_emotion_detection-develop-v2/cremad_preprocessed/audio/1089_IEO_FEA_HI.wav,1089_IEO_FEA_HI.wav,1089,train,4,fearful,4,fearful,0.9522340893745422
/Users/prarthanapatel/Desktop/Himanshi/speech_emotion_detection-develop-v2/cremad_preprocessed/audio/1089_IEO_FEA_LO.wav,1089_IEO_FEA_LO.wav,1089,train,4,fearful,5,disgust,0.5527385473251343
/Users/prarthanapatel/Desktop/Himanshi/speech_emotion_detection-develop-v2/cremad_preprocessed/audio/1089_IEO_FEA_MD.wav,1089_IEO_FEA_MD.wav,1089,train,4,fearful,4,fearful,0.9524375200271606
/Users/prarthanapatel/Desktop/Himanshi/speech_emotion_detection-develop-v2/cremad_preprocessed/audio/1089_IEO_HAP_HI.wav,1089_IEO_HAP_HI.wav,1089,train,1,happy,3,angry,0.9778546094894409
/Users/prarthanapatel/Desktop/Himanshi/speech_emotion_detection-develop-v2/cremad_preprocessed/audio/1089_IEO_HAP_LO.wav,1089_IEO_HAP_LO.wav,1089,train,1,happy,1,happy,0.9731091856956482
/Users/prarthanapatel/Desktop/Himanshi/speech_emotion_detection-develop-v2/cremad_preprocessed/audio/1089_IEO_HAP_MD.wav,1089_IEO_HAP_MD.wav,1089,train,1,happy,1,happy,0.9762182235717773
/Users/prarthanapatel/Desktop/Himanshi/speech_emotion_detection-develop-v2/cremad_preprocessed/audio/1089_IEO_NEU_XX.wav,1089_IEO_NEU_XX.wav,1089,train,0,neutral,3,angry,0.9566489458084106
/Users/prarthanapatel/Desktop/Himanshi/speech_emotion_detection-develop-v2/cremad_preprocessed/audio/1089_IEO_SAD_HI.wav,1089_IEO_SAD_HI.wav,1089,train,2,sad,1,happy,0.8643454909324646
/Users/prarthanapatel/Desktop/Himanshi/speech_emotion_detection-develop-v2/cremad_preprocessed/audio/1089_IEO_SAD_LO.wav,1089_IEO_SAD_LO.wav,1089,train,2,sad,2,sad,0.8664588928222656
/Users/prarthanapatel/Desktop/Himanshi/speech_emotion_detection-develop-v2/cremad_preprocessed/audio/1089_IEO_SAD_MD.wav,1089_IEO_SAD_MD.wav,1089,train,2,sad,2,sad,0.5271677374839783
/Users/prarthanapatel/Desktop/Himanshi/speech_emotion_detection-develop-v2/cremad_preprocessed/audio/1089_IOM_ANG_XX.wav,1089_IOM_ANG_XX.wav,1089,train,3,angry,3,angry,0.9947773218154907
/Users/prarthanapatel/Desktop/Himanshi/speech_emotion_detection-develop-v2/cremad_preprocessed/audio/1089_IOM_DIS_XX.wav,1089_IOM_DIS_XX.wav,1089,train,5,disgust,5,disgust,0.9471492171287537
/Users/prarthanapatel/Desktop/Himanshi/speech_emotion_detection-develop-v2/cremad_preprocessed/audio/1089_IOM_FEA_XX.wav,1089_IOM_FEA_XX.wav,1089,train,4,fearful,4,fearful,0.9590069055557251
/Users/prarthanapatel/Desktop/Himanshi/speech_emotion_detection-develop-v2/cremad_preprocessed/audio/1089_IOM_HAP_XX.wav,1089_IOM_HAP_XX.wav,1089,train,1,happy,1,happy,0.9768062829971313
/Users/prarthanapatel/Desktop/Himanshi/speech_emotion_detection-develop-v2/cremad_preprocessed/audio/1089_IOM_NEU_XX.wav,1089_IOM_NEU_XX.wav,1089,train,0,neutral,0,neutral,0.9721885919570923
/Users/prarthanapatel/Desktop/Himanshi/speech_emotion_detection-develop-v2/cremad_preprocessed/audio/1089_IOM_SAD_XX.wav,1089_IOM_SAD_XX.wav,1089,train,2,sad,2,sad,0.4387800395488739
/Users/prarthanapatel/Desktop/Himanshi/speech_emotion_detection-develop-v2/cremad_preprocessed/audio/1089_ITH_ANG_XX.wav,1089_ITH_ANG_XX.wav,1089,train,3,angry,3,angry,0.9941028952598572
/Users/prarthanapatel/Desktop/Himanshi/speech_emotion_detection-develop-v2/cremad_preprocessed/audio/1089_ITH_DIS_XX.wav,1089_ITH_DIS_XX.wav,1089,train,5,disgust,5,disgust,0.9234548807144165
/Users/prarthanapatel/Desktop/Himanshi/speech_emotion_detection-develop-v2/cremad_preprocessed/audio/1089_ITH_FEA_XX.wav,1089_ITH_FEA_XX.wav,1089,train,4,fearful,1,happy,0.6386316418647766
/Users/prarthanapatel/Desktop/Himanshi/speech_emotion_detection-develop-v2/cremad_preprocessed/audio/1089_ITH_HAP_XX.wav,1089_ITH_HAP_XX.wav,1089,train,1,happy,1,happy,0.9751855134963989
/Users/prarthanapatel/Desktop/Himanshi/speech_emotion_detection-develop-v2/cremad_preprocessed/audio/1089_ITH_NEU_XX.wav,1089_ITH_NEU_XX.wav,1089,train,0,neutral,1,happy,0.5864968299865723
/Users/prarthanapatel/Desktop/Himanshi/speech_emotion_detection-develop-v2/cremad_preprocessed/audio/1089_ITH_SAD_XX.wav,1089_ITH_SAD_XX.wav,1089,train,2,sad,4,fearful,0.7187528014183044
/Users/prarthanapatel/Desktop/Himanshi/speech_emotion_detection-develop-v2/cremad_preprocessed/audio/1089_ITS_ANG_XX.wav,1089_ITS_ANG_XX.wav,1089,train,3,angry,3,angry,0.9948207139968872
/Users/prarthanapatel/Desktop/Himanshi/speech_emotion_detection-develop-v2/cremad_preprocessed/audio/1089_ITS_DIS_XX.wav,1089_ITS_DIS_XX.wav,1089,train,5,disgust,5,disgust,0.6801522970199585
/Users/prarthanapatel/Desktop/Himanshi/speech_emotion_detection-develop-v2/cremad_preprocessed/audio/1089_ITS_FEA_XX.wav,1089_ITS_FEA_XX.wav,1089,train,4,fearful,4,fearful,0.9460291862487793
/Users/prarthanapatel/Desktop/Himanshi/speech_emotion_detection-develop-v2/cremad_preprocessed/audio/1089_ITS_HAP_XX.wav,1089_ITS_HAP_XX.wav,1089,train,1,happy,1,happy,0.9767469167709351
/Users/prarthanapatel/Desktop/Himanshi/speech_emotion_detection-develop-v2/cremad_preprocessed/audio/1089_ITS_NEU_XX.wav,1089_ITS_NEU_XX.wav,1089,train,0,neutral,0,neutral,0.7698265910148621
/Users/prarthanapatel/Desktop/Himanshi/speech_emotion_detection-develop-v2/cremad_preprocessed/audio/1089_ITS_SAD_XX.wav,1089_ITS_SAD_XX.wav,1089,train,2,sad,1,happy,0.5293383002281189
/Users/prarthanapatel/Desktop/Himanshi/speech_emotion_detection-develop-v2/cremad_preprocessed/audio/1089_IWL_ANG_XX.wav,1089_IWL_ANG_XX.wav,1089,train,3,angry,3,angry,0.994191586971283
/Users/prarthanapatel/Desktop/Himanshi/speech_emotion_detection-develop-v2/cremad_preprocessed/audio/1089_IWL_DIS_XX.wav,1089_IWL_DIS_XX.wav,1089,train,5,disgust,5,disgust,0.89745032787323
/Users/prarthanapatel/Desktop/Himanshi/speech_emotion_detection-develop-v2/cremad_preprocessed/audio/1089_IWL_FEA_XX.wav,1089_IWL_FEA_XX.wav,1089,train,4,fearful,4,fearful,0.8422571420669556
/Users/prarthanapatel/Desktop/Himanshi/speech_emotion_detection-develop-v2/cremad_preprocessed/audio/1089_IWL_HAP_XX.wav,1089_IWL_HAP_XX.wav,1089,train,1,happy,1,happy,0.854874312877655
/Users/prarthanapatel/Desktop/Himanshi/speech_emotion_detection-develop-v2/cremad_preprocessed/audio/1089_IWL_NEU_XX.wav,1089_IWL_NEU_XX.wav,1089,train,0,neutral,0,neutral,0.9813134670257568
/Users/prarthanapatel/Desktop/Himanshi/speech_emotion_detection-develop-v2/cremad_preprocessed/audio/1089_IWL_SAD_XX.wav,1089_IWL_SAD_XX.wav,1089,train,2,sad,4,fearful,0.5850480794906616
/Users/prarthanapatel/Desktop/Himanshi/speech_emotion_detection-develop-v2/cremad_preprocessed/audio/1089_IWW_ANG_XX.wav,1089_IWW_ANG_XX.wav,1089,train,3,angry,3,angry,0.9950767159461975
/Users/prarthanapatel/Desktop/Himanshi/speech_emotion_detection-develop-v2/cremad_preprocessed/audio/1089_IWW_DIS_XX.wav,1089_IWW_DIS_XX.wav,1089,train,5,disgust,5,disgust,0.9600603580474854
/Users/prarthanapatel/Desktop/Himanshi/speech_emotion_detection-develop-v2/cremad_preprocessed/audio/1089_IWW_FEA_XX.wav,1089_IWW_FEA_XX.wav,1089,train,4,fearful,4,fearful,0.9415326714515686
/Users/prarthanapatel/Desktop/Himanshi/speech_emotion_detection-develop-v2/cremad_preprocessed/audio/1089_IWW_HAP_XX.wav,1089_IWW_HAP_XX.wav,1089,train,1,happy,1,happy,0.8998578190803528
/Users/prarthanapatel/Desktop/Himanshi/speech_emotion_detection-develop-v2/cremad_preprocessed/audio/1089_IWW_NEU_XX.wav,1089_IWW_NEU_XX.wav,1089,train,0,neutral,0,neutral,0.985586404800415
/Users/prarthanapatel/Desktop/Himanshi/speech_emotion_detection-develop-v2/cremad_preprocessed/audio/1089_IWW_SAD_XX.wav,1089_IWW_SAD_XX.wav,1089,train,2,sad,4,fearful,0.6975407004356384
/Users/prarthanapatel/Desktop/Himanshi/speech_emotion_detection-develop-v2/cremad_preprocessed/audio/1089_MTI_ANG_XX.wav,1089_MTI_ANG_XX.wav,1089,train,3,angry,3,angry,0.9948477745056152
/Users/prarthanapatel/Desktop/Himanshi/speech_emotion_detection-develop-v2/cremad_preprocessed/audio/1089_MTI_DIS_XX.wav,1089_MTI_DIS_XX.wav,1089,train,5,disgust,5,disgust,0.8929726481437683
/Users/prarthanapatel/Desktop/Himanshi/speech_emotion_detection-develop-v2/cremad_preprocessed/audio/1089_MTI_FEA_XX.wav,1089_MTI_FEA_XX.wav,1089,train,4,fearful,4,fearful,0.797584056854248
/Users/prarthanapatel/Desktop/Himanshi/speech_emotion_detection-develop-v2/cremad_preprocessed/audio/1089_MTI_HAP_XX.wav,1089_MTI_HAP_XX.wav,1089,train,1,happy,1,happy,0.9520536065101624
/Users/prarthanapatel/Desktop/Himanshi/speech_emotion_detection-develop-v2/cremad_preprocessed/audio/1089_MTI_NEU_XX.wav,1089_MTI_NEU_XX.wav,1089,train,0,neutral,0,neutral,0.937960684299469
/Users/prarthanapatel/Desktop/Himanshi/speech_emotion_detection-develop-v2/cremad_preprocessed/audio/1089_MTI_SAD_XX.wav,1089_MTI_SAD_XX.wav,1089,train,2,sad,2,sad,0.6172475218772888
/Users/prarthanapatel/Desktop/Himanshi/speech_emotion_detection-develop-v2/cremad_preprocessed/audio/1089_TAI_ANG_XX.wav,1089_TAI_ANG_XX.wav,1089,train,3,angry,3,angry,0.9946591258049011
/Users/prarthanapatel/Desktop/Himanshi/speech_emotion_detection-develop-v2/cremad_preprocessed/audio/1089_TAI_DIS_XX.wav,1089_TAI_DIS_XX.wav,1089,train,5,disgust,5,disgust,0.6185439229011536
/Users/prarthanapatel/Desktop/Himanshi/speech_emotion_detection-develop-v2/cremad_preprocessed/audio/1089_TAI_FEA_XX.wav,1089_TAI_FEA_XX.wav,1089,train,4,fearful,4,fearful,0.9477813243865967
/Users/prarthanapatel/Desktop/Himanshi/speech_emotion_detection-develop-v2/cremad_preprocessed/audio/1089_TAI_HAP_XX.wav,1089_TAI_HAP_XX.wav,1089,train,1,happy,1,happy,0.9140509963035583
/Users/prarthanapatel/Desktop/Himanshi/speech_emotion_detection-develop-v2/cremad_preprocessed/audio/1089_TAI_NEU_XX.wav,1089_TAI_NEU_XX.wav,1089,train,0,neutral,0,neutral,0.9186294078826904
/Users/prarthanapatel/Desktop/Himanshi/speech_emotion_detection-develop-v2/cremad_preprocessed/audio/1089_TAI_SAD_XX.wav,1089_TAI_SAD_XX.wav,1089,train,2,sad,4,fearful,0.5420522093772888
/Users/prarthanapatel/Desktop/Himanshi/speech_emotion_detection-develop-v2/cremad_preprocessed/audio/1089_TIE_ANG_XX.wav,1089_TIE_ANG_XX.wav,1089,train,3,angry,3,angry,0.9948948621749878
/Users/prarthanapatel/Desktop/Himanshi/speech_emotion_detection-develop-v2/cremad_preprocessed/audio/1089_TIE_DIS_XX.wav,1089_TIE_DIS_XX.wav,1089,train,5,disgust,3,angry,0.49891534447669983
/Users/prarthanapatel/Desktop/Himanshi/speech_emotion_detection-develop-v2/cremad_preprocessed/audio/1089_TIE_FEA_XX.wav,1089_TIE_FEA_XX.wav,1089,train,4,fearful,4,fearful,0.9072369933128357
/Users/prarthanapatel/Desktop/Himanshi/speech_emotion_detection-develop-v2/cremad_preprocessed/audio/1089_TIE_HAP_XX.wav,1089_TIE_HAP_XX.wav,1089,train,1,happy,3,angry,0.9238256812095642
/Users/prarthanapatel/Desktop/Himanshi/speech_emotion_detection-develop-v2/cremad_preprocessed/audio/1089_TIE_NEU_XX.wav,1089_TIE_NEU_XX.wav,1089,train,0,neutral,0,neutral,0.9675076007843018
/Users/prarthanapatel/Desktop/Himanshi/speech_emotion_detection-develop-v2/cremad_preprocessed/audio/1089_TIE_SAD_XX.wav,1089_TIE_SAD_XX.wav,1089,train,2,sad,2,sad,0.517940878868103
/Users/prarthanapatel/Desktop/Himanshi/speech_emotion_detection-develop-v2/cremad_preprocessed/audio/1089_TSI_ANG_XX.wav,1089_TSI_ANG_XX.wav,1089,train,3,angry,3,angry,0.9944632649421692
/Users/prarthanapatel/Desktop/Himanshi/speech_emotion_detection-develop-v2/cremad_preprocessed/audio/1089_TSI_DIS_XX.wav,1089_TSI_DIS_XX.wav,1089,train,5,disgust,1,happy,0.5301807522773743
/Users/prarthanapatel/Desktop/Himanshi/speech_emotion_detection-develop-v2/cremad_preprocessed/audio/1089_TSI_FEA_XX.wav,1089_TSI_FEA_XX.wav,1089,train,4,fearful,4,fearful,0.9334466457366943
/Users/prarthanapatel/Desktop/Himanshi/speech_emotion_detection-develop-v2/cremad_preprocessed/audio/1089_TSI_HAP_XX.wav,1089_TSI_HAP_XX.wav,1089,train,1,happy,1,happy,0.9649899005889893
/Users/prarthanapatel/Desktop/Himanshi/speech_emotion_detection-develop-v2/cremad_preprocessed/audio/1089_TSI_NEU_XX.wav,1089_TSI_NEU_XX.wav,1089,train,0,neutral,0,neutral,0.9734800457954407
/Users/prarthanapatel/Desktop/Himanshi/speech_emotion_detection-develop-v2/cremad_preprocessed/audio/1089_TSI_SAD_XX.wav,1089_TSI_SAD_XX.wav,1089,train,2,sad,2,sad,0.693169355392456
/Users/prarthanapatel/Desktop/Himanshi/speech_emotion_detection-develop-v2/cremad_preprocessed/audio/1089_WSI_ANG_XX.wav,1089_WSI_ANG_XX.wav,1089,train,3,angry,3,angry,0.9944512248039246
/Users/prarthanapatel/Desktop/Himanshi/speech_emotion_detection-develop-v2/cremad_preprocessed/audio/1089_WSI_DIS_XX.wav,1089_WSI_DIS_XX.wav,1089,train,5,disgust,5,disgust,0.9467838406562805
/Users/prarthanapatel/Desktop/Himanshi/speech_emotion_detection-develop-v2/cremad_preprocessed/audio/1089_WSI_FEA_XX.wav,1089_WSI_FEA_XX.wav,1089,train,4,fearful,4,fearful,0.9468777775764465
/Users/prarthanapatel/Desktop/Himanshi/speech_emotion_detection-develop-v2/cremad_preprocessed/audio/1089_WSI_HAP_XX.wav,1089_WSI_HAP_XX.wav,1089,train,1,happy,3,angry,0.9827455878257751
/Users/prarthanapatel/Desktop/Himanshi/speech_emotion_detection-develop-v2/cremad_preprocessed/audio/1089_WSI_NEU_XX.wav,1089_WSI_NEU_XX.wav,1089,train,0,neutral,0,neutral,0.6197934150695801
/Users/prarthanapatel/Desktop/Himanshi/speech_emotion_detection-develop-v2/cremad_preprocessed/audio/1089_WSI_SAD_XX.wav,1089_WSI_SAD_XX.wav,1089,train,2,sad,2,sad,0.7070007920265198
/Users/prarthanapatel/Desktop/Himanshi/speech_emotion_detection-develop-v2/cremad_preprocessed/audio/1090_DFA_ANG_XX.wav,1090_DFA_ANG_XX.wav,1090,train,3,angry,3,angry,0.9933264255523682
/Users/prarthanapatel/Desktop/Himanshi/speech_emotion_detection-develop-v2/cremad_preprocessed/audio/1090_DFA_DIS_XX.wav,1090_DFA_DIS_XX.wav,1090,train,5,disgust,5,disgust,0.9273766875267029
/Users/prarthanapatel/Desktop/Himanshi/speech_emotion_detection-develop-v2/cremad_preprocessed/audio/1090_DFA_FEA_XX.wav,1090_DFA_FEA_XX.wav,1090,train,4,fearful,4,fearful,0.9228246212005615
/Users/prarthanapatel/Desktop/Himanshi/speech_emotion_detection-develop-v2/cremad_preprocessed/audio/1090_DFA_HAP_XX.wav,1090_DFA_HAP_XX.wav,1090,train,1,happy,1,happy,0.9695788621902466
/Users/prarthanapatel/Desktop/Himanshi/speech_emotion_detection-develop-v2/cremad_preprocessed/audio/1090_DFA_NEU_XX.wav,1090_DFA_NEU_XX.wav,1090,train,0,neutral,1,happy,0.5374088883399963
/Users/prarthanapatel/Desktop/Himanshi/speech_emotion_detection-develop-v2/cremad_preprocessed/audio/1090_DFA_SAD_XX.wav,1090_DFA_SAD_XX.wav,1090,train,2,sad,2,sad,0.5881192684173584
/Users/prarthanapatel/Desktop/Himanshi/speech_emotion_detection-develop-v2/cremad_preprocessed/audio/1090_IEO_ANG_HI.wav,1090_IEO_ANG_HI.wav,1090,train,3,angry,3,angry,0.977562427520752
/Users/prarthanapatel/Desktop/Himanshi/speech_emotion_detection-develop-v2/cremad_preprocessed/audio/1090_IEO_ANG_LO.wav,1090_IEO_ANG_LO.wav,1090,train,3,angry,3,angry,0.7461771368980408
/Users/prarthanapatel/Desktop/Himanshi/speech_emotion_detection-develop-v2/cremad_preprocessed/audio/1090_IEO_ANG_MD.wav,1090_IEO_ANG_MD.wav,1090,train,3,angry,3,angry,0.9940937161445618
/Users/prarthanapatel/Desktop/Himanshi/speech_emotion_detection-develop-v2/cremad_preprocessed/audio/1090_IEO_DIS_HI.wav,1090_IEO_DIS_HI.wav,1090,train,5,disgust,5,disgust,0.741190493106842
/Users/prarthanapatel/Desktop/Himanshi/speech_emotion_detection-develop-v2/cremad_preprocessed/audio/1090_IEO_DIS_LO.wav,1090_IEO_DIS_LO.wav,1090,train,5,disgust,4,fearful,0.7283452153205872
/Users/prarthanapatel/Desktop/Himanshi/speech_emotion_detection-develop-v2/cremad_preprocessed/audio/1090_IEO_DIS_MD.wav,1090_IEO_DIS_MD.wav,1090,train,5,disgust,5,disgust,0.9514626860618591
/Users/prarthanapatel/Desktop/Himanshi/speech_emotion_detection-develop-v2/cremad_preprocessed/audio/1090_IEO_FEA_HI.wav,1090_IEO_FEA_HI.wav,1090,train,4,fearful,1,happy,0.8976470828056335
/Users/prarthanapatel/Desktop/Himanshi/speech_emotion_detection-develop-v2/cremad_preprocessed/audio/1090_IEO_FEA_LO.wav,1090_IEO_FEA_LO.wav,1090,train,4,fearful,1,happy,0.9515284299850464
/Users/prarthanapatel/Desktop/Himanshi/speech_emotion_detection-develop-v2/cremad_preprocessed/audio/1090_IEO_FEA_MD.wav,1090_IEO_FEA_MD.wav,1090,train,4,fearful,4,fearful,0.5029895305633545
/Users/prarthanapatel/Desktop/Himanshi/speech_emotion_detection-develop-v2/cremad_preprocessed/audio/1090_IEO_HAP_HI.wav,1090_IEO_HAP_HI.wav,1090,train,1,happy,1,happy,0.9789108037948608
/Users/prarthanapatel/Desktop/Himanshi/speech_emotion_detection-develop-v2/cremad_preprocessed/audio/1090_IEO_HAP_LO.wav,1090_IEO_HAP_LO.wav,1090,train,1,happy,1,happy,0.946734607219696
/Users/prarthanapatel/Desktop/Himanshi/speech_emotion_detection-develop-v2/cremad_preprocessed/audio/1090_IEO_HAP_MD.wav,1090_IEO_HAP_MD.wav,1090,train,1,happy,1,happy,0.9650412797927856
/Users/prarthanapatel/Desktop/Himanshi/speech_emotion_detection-develop-v2/cremad_preprocessed/audio/1090_IEO_NEU_XX.wav,1090_IEO_NEU_XX.wav,1090,train,0,neutral,1,happy,0.5134550333023071
/Users/prarthanapatel/Desktop/Himanshi/speech_emotion_detection-develop-v2/cremad_preprocessed/audio/1090_IEO_SAD_HI.wav,1090_IEO_SAD_HI.wav,1090,train,2,sad,2,sad,0.8532084226608276
/Users/prarthanapatel/Desktop/Himanshi/speech_emotion_detection-develop-v2/cremad_preprocessed/audio/1090_IEO_SAD_LO.wav,1090_IEO_SAD_LO.wav,1090,train,2,sad,2,sad,0.5181272625923157
/Users/prarthanapatel/Desktop/Himanshi/speech_emotion_detection-develop-v2/cremad_preprocessed/audio/1090_IEO_SAD_MD.wav,1090_IEO_SAD_MD.wav,1090,train,2,sad,4,fearful,0.5327508449554443
/Users/prarthanapatel/Desktop/Himanshi/speech_emotion_detection-develop-v2/cremad_preprocessed/audio/1090_IOM_ANG_XX.wav,1090_IOM_ANG_XX.wav,1090,train,3,angry,3,angry,0.9939520955085754
/Users/prarthanapatel/Desktop/Himanshi/speech_emotion_detection-develop-v2/cremad_preprocessed/audio/1090_IOM_DIS_XX.wav,1090_IOM_DIS_XX.wav,1090,train,5,disgust,5,disgust,0.8910920023918152
/Users/prarthanapatel/Desktop/Himanshi/speech_emotion_detection-develop-v2/cremad_preprocessed/audio/1090_IOM_FEA_XX.wav,1090_IOM_FEA_XX.wav,1090,train,4,fearful,4,fearful,0.4424259662628174
/Users/prarthanapatel/Desktop/Himanshi/speech_emotion_detection-develop-v2/cremad_preprocessed/audio/1090_IOM_HAP_XX.wav,1090_IOM_HAP_XX.wav,1090,train,1,happy,1,happy,0.9615753293037415
/Users/prarthanapatel/Desktop/Himanshi/speech_emotion_detection-develop-v2/cremad_preprocessed/audio/1090_IOM_NEU_XX.wav,1090_IOM_NEU_XX.wav,1090,train,0,neutral,0,neutral,0.9590449333190918
/Users/prarthanapatel/Desktop/Himanshi/speech_emotion_detection-develop-v2/cremad_preprocessed/audio/1090_IOM_SAD_XX.wav,1090_IOM_SAD_XX.wav,1090,train,2,sad,2,sad,0.900244414806366
/Users/prarthanapatel/Desktop/Himanshi/speech_emotion_detection-develop-v2/cremad_preprocessed/audio/1090_ITH_ANG_XX.wav,1090_ITH_ANG_XX.wav,1090,train,3,angry,3,angry,0.9941918253898621
/Users/prarthanapatel/Desktop/Himanshi/speech_emotion_detection-develop-v2/cremad_preprocessed/audio/1090_ITH_DIS_XX.wav,1090_ITH_DIS_XX.wav,1090,train,5,disgust,5,disgust,0.8682751059532166
/Users/prarthanapatel/Desktop/Himanshi/speech_emotion_detection-develop-v2/cremad_preprocessed/audio/1090_ITH_FEA_XX.wav,1090_ITH_FEA_XX.wav,1090,train,4,fearful,4,fearful,0.8635153770446777
/Users/prarthanapatel/Desktop/Himanshi/speech_emotion_detection-develop-v2/cremad_preprocessed/audio/1090_ITH_HAP_XX.wav,1090_ITH_HAP_XX.wav,1090,train,1,happy,1,happy,0.9596629738807678
/Users/prarthanapatel/Desktop/Himanshi/speech_emotion_detection-develop-v2/cremad_preprocessed/audio/1090_ITH_NEU_XX.wav,1090_ITH_NEU_XX.wav,1090,train,0,neutral,0,neutral,0.9830778241157532
/Users/prarthanapatel/Desktop/Himanshi/speech_emotion_detection-develop-v2/cremad_preprocessed/audio/1090_ITH_SAD_XX.wav,1090_ITH_SAD_XX.wav,1090,train,2,sad,2,sad,0.9069197773933411
/Users/prarthanapatel/Desktop/Himanshi/speech_emotion_detection-develop-v2/cremad_preprocessed/audio/1090_ITS_ANG_XX.wav,1090_ITS_ANG_XX.wav,1090,train,3,angry,3,angry,0.993526816368103
/Users/prarthanapatel/Desktop/Himanshi/speech_emotion_detection-develop-v2/cremad_preprocessed/audio/1090_ITS_DIS_XX.wav,1090_ITS_DIS_XX.wav,1090,train,5,disgust,1,happy,0.9502753615379333
/Users/prarthanapatel/Desktop/Himanshi/speech_emotion_detection-develop-v2/cremad_preprocessed/audio/1090_ITS_FEA_XX.wav,1090_ITS_FEA_XX.wav,1090,train,4,fearful,4,fearful,0.9374721646308899
/Users/prarthanapatel/Desktop/Himanshi/speech_emotion_detection-develop-v2/cremad_preprocessed/audio/1090_ITS_HAP_XX.wav,1090_ITS_HAP_XX.wav,1090,train,1,happy,1,happy,0.9578174948692322
/Users/prarthanapatel/Desktop/Himanshi/speech_emotion_detection-develop-v2/cremad_preprocessed/audio/1090_ITS_NEU_XX.wav,1090_ITS_NEU_XX.wav,1090,train,0,neutral,0,neutral,0.9861667156219482
/Users/prarthanapatel/Desktop/Himanshi/speech_emotion_detection-develop-v2/cremad_preprocessed/audio/1090_ITS_SAD_XX.wav,1090_ITS_SAD_XX.wav,1090,train,2,sad,2,sad,0.8990148901939392
/Users/prarthanapatel/Desktop/Himanshi/speech_emotion_detection-develop-v2/cremad_preprocessed/audio/1090_IWL_ANG_XX.wav,1090_IWL_ANG_XX.wav,1090,train,3,angry,3,angry,0.9929714798927307
/Users/prarthanapatel/Desktop/Himanshi/speech_emotion_detection-develop-v2/cremad_preprocessed/audio/1090_IWL_DIS_XX.wav,1090_IWL_DIS_XX.wav,1090,train,5,disgust,5,disgust,0.6129956841468811
/Users/prarthanapatel/Desktop/Himanshi/speech_emotion_detection-develop-v2/cremad_preprocessed/audio/1090_IWL_FEA_XX.wav,1090_IWL_FEA_XX.wav,1090,train,4,fearful,4,fearful,0.9494337439537048
/Users/prarthanapatel/Desktop/Himanshi/speech_emotion_detection-develop-v2/cremad_preprocessed/audio/1090_IWL_HAP_XX.wav,1090_IWL_HAP_XX.wav,1090,train,1,happy,1,happy,0.9785854816436768
/Users/prarthanapatel/Desktop/Himanshi/speech_emotion_detection-develop-v2/cremad_preprocessed/audio/1090_IWL_NEU_XX.wav,1090_IWL_NEU_XX.wav,1090,train,0,neutral,0,neutral,0.9799706935882568
/Users/prarthanapatel/Desktop/Himanshi/speech_emotion_detection-develop-v2/cremad_preprocessed/audio/1090_IWL_SAD_XX.wav,1090_IWL_SAD_XX.wav,1090,train,2,sad,4,fearful,0.6709665656089783
/Users/prarthanapatel/Desktop/Himanshi/speech_emotion_detection-develop-v2/cremad_preprocessed/audio/1090_IWW_ANG_XX.wav,1090_IWW_ANG_XX.wav,1090,train,3,angry,3,angry,0.9943097829818726
/Users/prarthanapatel/Desktop/Himanshi/speech_emotion_detection-develop-v2/cremad_preprocessed/audio/1090_IWW_DIS_XX.wav,1090_IWW_DIS_XX.wav,1090,train,5,disgust,3,angry,0.9942824840545654
/Users/prarthanapatel/Desktop/Himanshi/speech_emotion_detection-develop-v2/cremad_preprocessed/audio/1090_IWW_FEA_XX.wav,1090_IWW_FEA_XX.wav,1090,train,4,fearful,4,fearful,0.7911280393600464
/Users/prarthanapatel/Desktop/Himanshi/speech_emotion_detection-develop-v2/cremad_preprocessed/audio/1090_IWW_HAP_XX.wav,1090_IWW_HAP_XX.wav,1090,train,1,happy,1,happy,0.9653069376945496
/Users/prarthanapatel/Desktop/Himanshi/speech_emotion_detection-develop-v2/cremad_preprocessed/audio/1090_IWW_NEU_XX.wav,1090_IWW_NEU_XX.wav,1090,train,0,neutral,0,neutral,0.9858890771865845
/Users/prarthanapatel/Desktop/Himanshi/speech_emotion_detection-develop-v2/cremad_preprocessed/audio/1090_IWW_SAD_XX.wav,1090_IWW_SAD_XX.wav,1090,train,2,sad,0,neutral,0.9211332201957703
/Users/prarthanapatel/Desktop/Himanshi/speech_emotion_detection-develop-v2/cremad_preprocessed/audio/1090_MTI_ANG_XX.wav,1090_MTI_ANG_XX.wav,1090,train,3,angry,3,angry,0.9940232634544373
/Users/prarthanapatel/Desktop/Himanshi/speech_emotion_detection-develop-v2/cremad_preprocessed/audio/1090_MTI_DIS_XX.wav,1090_MTI_DIS_XX.wav,1090,train,5,disgust,5,disgust,0.7708441615104675
/Users/prarthanapatel/Desktop/Himanshi/speech_emotion_detection-develop-v2/cremad_preprocessed/audio/1090_MTI_FEA_XX.wav,1090_MTI_FEA_XX.wav,1090,train,4,fearful,1,happy,0.643507182598114
/Users/prarthanapatel/Desktop/Himanshi/speech_emotion_detection-develop-v2/cremad_preprocessed/audio/1090_MTI_HAP_XX.wav,1090_MTI_HAP_XX.wav,1090,train,1,happy,1,happy,0.9729462265968323
/Users/prarthanapatel/Desktop/Himanshi/speech_emotion_detection-develop-v2/cremad_preprocessed/audio/1090_MTI_NEU_XX.wav,1090_MTI_NEU_XX.wav,1090,train,0,neutral,1,happy,0.5278468132019043
/Users/prarthanapatel/Desktop/Himanshi/speech_emotion_detection-develop-v2/cremad_preprocessed/audio/1090_MTI_SAD_XX.wav,1090_MTI_SAD_XX.wav,1090,train,2,sad,4,fearful,0.3395369052886963
/Users/prarthanapatel/Desktop/Himanshi/speech_emotion_detection-develop-v2/cremad_preprocessed/audio/1090_TAI_ANG_XX.wav,1090_TAI_ANG_XX.wav,1090,train,3,angry,3,angry,0.994124710559845
/Users/prarthanapatel/Desktop/Himanshi/speech_emotion_detection-develop-v2/cremad_preprocessed/audio/1090_TAI_DIS_XX.wav,1090_TAI_DIS_XX.wav,1090,train,5,disgust,1,happy,0.5231508612632751
/Users/prarthanapatel/Desktop/Himanshi/speech_emotion_detection-develop-v2/cremad_preprocessed/audio/1090_TAI_FEA_XX.wav,1090_TAI_FEA_XX.wav,1090,train,4,fearful,1,happy,0.8034282326698303
/Users/prarthanapatel/Desktop/Himanshi/speech_emotion_detection-develop-v2/cremad_preprocessed/audio/1090_TAI_HAP_XX.wav,1090_TAI_HAP_XX.wav,1090,train,1,happy,1,happy,0.9679011702537537
/Users/prarthanapatel/Desktop/Himanshi/speech_emotion_detection-develop-v2/cremad_preprocessed/audio/1090_TAI_NEU_XX.wav,1090_TAI_NEU_XX.wav,1090,train,0,neutral,0,neutral,0.9814772009849548
/Users/prarthanapatel/Desktop/Himanshi/speech_emotion_detection-develop-v2/cremad_preprocessed/audio/1090_TAI_SAD_XX.wav,1090_TAI_SAD_XX.wav,1090,train,2,sad,0,neutral,0.9439131617546082
/Users/prarthanapatel/Desktop/Himanshi/speech_emotion_detection-develop-v2/cremad_preprocessed/audio/1090_TIE_ANG_XX.wav,1090_TIE_ANG_XX.wav,1090,train,3,angry,3,angry,0.9931809306144714
/Users/prarthanapatel/Desktop/Himanshi/speech_emotion_detection-develop-v2/cremad_preprocessed/audio/1090_TIE_DIS_XX.wav,1090_TIE_DIS_XX.wav,1090,train,5,disgust,5,disgust,0.9499778151512146
/Users/prarthanapatel/Desktop/Himanshi/speech_emotion_detection-develop-v2/cremad_preprocessed/audio/1090_TIE_FEA_XX.wav,1090_TIE_FEA_XX.wav,1090,train,4,fearful,2,sad,0.7341845035552979
/Users/prarthanapatel/Desktop/Himanshi/speech_emotion_detection-develop-v2/cremad_preprocessed/audio/1090_TIE_HAP_XX.wav,1090_TIE_HAP_XX.wav,1090,train,1,happy,1,happy,0.9707881808280945
/Users/prarthanapatel/Desktop/Himanshi/speech_emotion_detection-develop-v2/cremad_preprocessed/audio/1090_TIE_NEU_XX.wav,1090_TIE_NEU_XX.wav,1090,train,0,neutral,0,neutral,0.7335602045059204
/Users/prarthanapatel/Desktop/Himanshi/speech_emotion_detection-develop-v2/cremad_preprocessed/audio/1090_TIE_SAD_XX.wav,1090_TIE_SAD_XX.wav,1090,train,2,sad,2,sad,0.8402546048164368
/Users/prarthanapatel/Desktop/Himanshi/speech_emotion_detection-develop-v2/cremad_preprocessed/audio/1090_TSI_ANG_XX.wav,1090_TSI_ANG_XX.wav,1090,train,3,angry,3,angry,0.9944013953208923
/Users/prarthanapatel/Desktop/Himanshi/speech_emotion_detection-develop-v2/cremad_preprocessed/audio/1090_TSI_DIS_XX.wav,1090_TSI_DIS_XX.wav,1090,train,5,disgust,5,disgust,0.5240497589111328
/Users/prarthanapatel/Desktop/Himanshi/speech_emotion_detection-develop-v2/cremad_preprocessed/audio/1090_TSI_FEA_XX.wav,1090_TSI_FEA_XX.wav,1090,train,4,fearful,4,fearful,0.8439539074897766
/Users/prarthanapatel/Desktop/Himanshi/speech_emotion_detection-develop-v2/cremad_preprocessed/audio/1090_TSI_HAP_XX.wav,1090_TSI_HAP_XX.wav,1090,train,1,happy,1,happy,0.975111722946167
/Users/prarthanapatel/Desktop/Himanshi/speech_emotion_detection-develop-v2/cremad_preprocessed/audio/1090_TSI_NEU_XX.wav,1090_TSI_NEU_XX.wav,1090,train,0,neutral,0,neutral,0.9600442051887512
/Users/prarthanapatel/Desktop/Himanshi/speech_emotion_detection-develop-v2/cremad_preprocessed/audio/1090_TSI_SAD_XX.wav,1090_TSI_SAD_XX.wav,1090,train,2,sad,5,disgust,0.43009406328201294
/Users/prarthanapatel/Desktop/Himanshi/speech_emotion_detection-develop-v2/cremad_preprocessed/audio/1090_WSI_ANG_XX.wav,1090_WSI_ANG_XX.wav,1090,train,3,angry,3,angry,0.9905827045440674
/Users/prarthanapatel/Desktop/Himanshi/speech_emotion_detection-develop-v2/cremad_preprocessed/audio/1090_WSI_DIS_XX.wav,1090_WSI_DIS_XX.wav,1090,train,5,disgust,5,disgust,0.9458127617835999
/Users/prarthanapatel/Desktop/Himanshi/speech_emotion_detection-develop-v2/cremad_preprocessed/audio/1090_WSI_FEA_XX.wav,1090_WSI_FEA_XX.wav,1090,train,4,fearful,4,fearful,0.8082059025764465
/Users/prarthanapatel/Desktop/Himanshi/speech_emotion_detection-develop-v2/cremad_preprocessed/audio/1090_WSI_HAP_XX.wav,1090_WSI_HAP_XX.wav,1090,train,1,happy,1,happy,0.9609876275062561
/Users/prarthanapatel/Desktop/Himanshi/speech_emotion_detection-develop-v2/cremad_preprocessed/audio/1090_WSI_NEU_XX.wav,1090_WSI_NEU_XX.wav,1090,train,0,neutral,0,neutral,0.9552630186080933
/Users/prarthanapatel/Desktop/Himanshi/speech_emotion_detection-develop-v2/cremad_preprocessed/audio/1090_WSI_SAD_XX.wav,1090_WSI_SAD_XX.wav,1090,train,2,sad,2,sad,0.7808640003204346
/Users/prarthanapatel/Desktop/Himanshi/speech_emotion_detection-develop-v2/cremad_preprocessed/audio/1091_DFA_ANG_XX.wav,1091_DFA_ANG_XX.wav,1091,train,3,angry,3,angry,0.9951534271240234
/Users/prarthanapatel/Desktop/Himanshi/speech_emotion_detection-develop-v2/cremad_preprocessed/audio/1091_DFA_DIS_XX.wav,1091_DFA_DIS_XX.wav,1091,train,5,disgust,4,fearful,0.42937391996383667
/Users/prarthanapatel/Desktop/Himanshi/speech_emotion_detection-develop-v2/cremad_preprocessed/audio/1091_DFA_FEA_XX.wav,1091_DFA_FEA_XX.wav,1091,train,4,fearful,4,fearful,0.8906980752944946
/Users/prarthanapatel/Desktop/Himanshi/speech_emotion_detection-develop-v2/cremad_preprocessed/audio/1091_DFA_HAP_XX.wav,1091_DFA_HAP_XX.wav,1091,train,1,happy,1,happy,0.9617342948913574
/Users/prarthanapatel/Desktop/Himanshi/speech_emotion_detection-develop-v2/cremad_preprocessed/audio/1091_DFA_NEU_XX.wav,1091_DFA_NEU_XX.wav,1091,train,0,neutral,0,neutral,0.9826958179473877
/Users/prarthanapatel/Desktop/Himanshi/speech_emotion_detection-develop-v2/cremad_preprocessed/audio/1091_DFA_SAD_XX.wav,1091_DFA_SAD_XX.wav,1091,train,2,sad,2,sad,0.5357604622840881
/Users/prarthanapatel/Desktop/Himanshi/speech_emotion_detection-develop-v2/cremad_preprocessed/audio/1091_IEO_ANG_HI.wav,1091_IEO_ANG_HI.wav,1091,train,3,angry,3,angry,0.994852602481842
/Users/prarthanapatel/Desktop/Himanshi/speech_emotion_detection-develop-v2/cremad_preprocessed/audio/1091_IEO_ANG_LO.wav,1091_IEO_ANG_LO.wav,1091,train,3,angry,3,angry,0.9943735599517822
/Users/prarthanapatel/Desktop/Himanshi/speech_emotion_detection-develop-v2/cremad_preprocessed/audio/1091_IEO_ANG_MD.wav,1091_IEO_ANG_MD.wav,1091,train,3,angry,4,fearful,0.9138877987861633
/Users/prarthanapatel/Desktop/Himanshi/speech_emotion_detection-develop-v2/cremad_preprocessed/audio/1091_IEO_DIS_HI.wav,1091_IEO_DIS_HI.wav,1091,train,5,disgust,3,angry,0.9926691055297852
/Users/prarthanapatel/Desktop/Himanshi/speech_emotion_detection-develop-v2/cremad_preprocessed/audio/1091_IEO_DIS_LO.wav,1091_IEO_DIS_LO.wav,1091,train,5,disgust,4,fearful,0.7172225713729858
/Users/prarthanapatel/Desktop/Himanshi/speech_emotion_detection-develop-v2/cremad_preprocessed/audio/1091_IEO_DIS_MD.wav,1091_IEO_DIS_MD.wav,1091,train,5,disgust,3,angry,0.8666076064109802
/Users/prarthanapatel/Desktop/Himanshi/speech_emotion_detection-develop-v2/cremad_preprocessed/audio/1091_IEO_FEA_HI.wav,1091_IEO_FEA_HI.wav,1091,train,4,fearful,4,fearful,0.9638617038726807
/Users/prarthanapatel/Desktop/Himanshi/speech_emotion_detection-develop-v2/cremad_preprocessed/audio/1091_IEO_FEA_LO.wav,1091_IEO_FEA_LO.wav,1091,train,4,fearful,4,fearful,0.9499707221984863
/Users/prarthanapatel/Desktop/Himanshi/speech_emotion_detection-develop-v2/cremad_preprocessed/audio/1091_IEO_FEA_MD.wav,1091_IEO_FEA_MD.wav,1091,train,4,fearful,4,fearful,0.9543282985687256
/Users/prarthanapatel/Desktop/Himanshi/speech_emotion_detection-develop-v2/cremad_preprocessed/audio/1091_IEO_HAP_HI.wav,1091_IEO_HAP_HI.wav,1091,train,1,happy,1,happy,0.7303547859191895
/Users/prarthanapatel/Desktop/Himanshi/speech_emotion_detection-develop-v2/cremad_preprocessed/audio/1091_IEO_HAP_LO.wav,1091_IEO_HAP_LO.wav,1091,train,1,happy,1,happy,0.9123975038528442
/Users/prarthanapatel/Desktop/Himanshi/speech_emotion_detection-develop-v2/cremad_preprocessed/audio/1091_IEO_HAP_MD.wav,1091_IEO_HAP_MD.wav,1091,train,1,happy,1,happy,0.9726502895355225
/Users/prarthanapatel/Desktop/Himanshi/speech_emotion_detection-develop-v2/cremad_preprocessed/audio/1091_IEO_NEU_XX.wav,1091_IEO_NEU_XX.wav,1091,train,0,neutral,0,neutral,0.9787830114364624
/Users/prarthanapatel/Desktop/Himanshi/speech_emotion_detection-develop-v2/cremad_preprocessed/audio/1091_IEO_SAD_HI.wav,1091_IEO_SAD_HI.wav,1091,train,2,sad,2,sad,0.4470554292201996
/Users/prarthanapatel/Desktop/Himanshi/speech_emotion_detection-develop-v2/cremad_preprocessed/audio/1091_IEO_SAD_LO.wav,1091_IEO_SAD_LO.wav,1091,train,2,sad,2,sad,0.6297681331634521
/Users/prarthanapatel/Desktop/Himanshi/speech_emotion_detection-develop-v2/cremad_preprocessed/audio/1091_IEO_SAD_MD.wav,1091_IEO_SAD_MD.wav,1091,train,2,sad,2,sad,0.4161239564418793
/Users/prarthanapatel/Desktop/Himanshi/speech_emotion_detection-develop-v2/cremad_preprocessed/audio/1091_IOM_ANG_XX.wav,1091_IOM_ANG_XX.wav,1091,train,3,angry,3,angry,0.994992196559906
/Users/prarthanapatel/Desktop/Himanshi/speech_emotion_detection-develop-v2/cremad_preprocessed/audio/1091_IOM_DIS_XX.wav,1091_IOM_DIS_XX.wav,1091,train,5,disgust,4,fearful,0.5458444952964783
/Users/prarthanapatel/Desktop/Himanshi/speech_emotion_detection-develop-v2/cremad_preprocessed/audio/1091_IOM_FEA_XX.wav,1091_IOM_FEA_XX.wav,1091,train,4,fearful,4,fearful,0.9568970203399658
/Users/prarthanapatel/Desktop/Himanshi/speech_emotion_detection-develop-v2/cremad_preprocessed/audio/1091_IOM_HAP_XX.wav,1091_IOM_HAP_XX.wav,1091,train,1,happy,1,happy,0.9705754518508911
/Users/prarthanapatel/Desktop/Himanshi/speech_emotion_detection-develop-v2/cremad_preprocessed/audio/1091_IOM_NEU_XX.wav,1091_IOM_NEU_XX.wav,1091,train,0,neutral,0,neutral,0.9495271444320679
/Users/prarthanapatel/Desktop/Himanshi/speech_emotion_detection-develop-v2/cremad_preprocessed/audio/1091_IOM_SAD_XX.wav,1091_IOM_SAD_XX.wav,1091,train,2,sad,4,fearful,0.5242251753807068
/Users/prarthanapatel/Desktop/Himanshi/speech_emotion_detection-develop-v2/cremad_preprocessed/audio/1091_ITH_ANG_XX.wav,1091_ITH_ANG_XX.wav,1091,train,3,angry,3,angry,0.9935668110847473
/Users/prarthanapatel/Desktop/Himanshi/speech_emotion_detection-develop-v2/cremad_preprocessed/audio/1091_ITH_DIS_XX.wav,1091_ITH_DIS_XX.wav,1091,train,5,disgust,2,sad,0.5454447865486145
/Users/prarthanapatel/Desktop/Himanshi/speech_emotion_detection-develop-v2/cremad_preprocessed/audio/1091_ITH_FEA_XX.wav,1091_ITH_FEA_XX.wav,1091,train,4,fearful,4,fearful,0.9409940242767334
/Users/prarthanapatel/Desktop/Himanshi/speech_emotion_detection-develop-v2/cremad_preprocessed/audio/1091_ITH_HAP_XX.wav,1091_ITH_HAP_XX.wav,1091,train,1,happy,4,fearful,0.8658578395843506
/Users/prarthanapatel/Desktop/Himanshi/speech_emotion_detection-develop-v2/cremad_preprocessed/audio/1091_ITH_NEU_XX.wav,1091_ITH_NEU_XX.wav,1091,train,0,neutral,0,neutral,0.9859793782234192
/Users/prarthanapatel/Desktop/Himanshi/speech_emotion_detection-develop-v2/cremad_preprocessed/audio/1091_ITH_SAD_XX.wav,1091_ITH_SAD_XX.wav,1091,train,2,sad,2,sad,0.5800207257270813
/Users/prarthanapatel/Desktop/Himanshi/speech_emotion_detection-develop-v2/cremad_preprocessed/audio/1091_ITS_ANG_XX.wav,1091_ITS_ANG_XX.wav,1091,train,3,angry,3,angry,0.9950172305107117
/Users/prarthanapatel/Desktop/Himanshi/speech_emotion_detection-develop-v2/cremad_preprocessed/audio/1091_ITS_DIS_XX.wav,1091_ITS_DIS_XX.wav,1091,train,5,disgust,4,fearful,0.9586390852928162
/Users/prarthanapatel/Desktop/Himanshi/speech_emotion_detection-develop-v2/cremad_preprocessed/audio/1091_ITS_FEA_XX.wav,1091_ITS_FEA_XX.wav,1091,train,4,fearful,4,fearful,0.966343104839325
/Users/prarthanapatel/Desktop/Himanshi/speech_emotion_detection-develop-v2/cremad_preprocessed/audio/1091_ITS_HAP_XX.wav,1091_ITS_HAP_XX.wav,1091,train,1,happy,1,happy,0.9783081412315369
/Users/prarthanapatel/Desktop/Himanshi/speech_emotion_detection-develop-v2/cremad_preprocessed/audio/1091_ITS_NEU_XX.wav,1091_ITS_NEU_XX.wav,1091,train,0,neutral,0,neutral,0.9763919711112976
/Users/prarthanapatel/Desktop/Himanshi/speech_emotion_detection-develop-v2/cremad_preprocessed/audio/1091_ITS_SAD_XX.wav,1091_ITS_SAD_XX.wav,1091,train,2,sad,2,sad,0.6954123973846436
/Users/prarthanapatel/Desktop/Himanshi/speech_emotion_detection-develop-v2/cremad_preprocessed/audio/1091_IWL_ANG_XX.wav,1091_IWL_ANG_XX.wav,1091,train,3,angry,3,angry,0.9359008073806763
/Users/prarthanapatel/Desktop/Himanshi/speech_emotion_detection-develop-v2/cremad_preprocessed/audio/1091_IWL_DIS_XX.wav,1091_IWL_DIS_XX.wav,1091,train,5,disgust,4,fearful,0.7316670417785645
/Users/prarthanapatel/Desktop/Himanshi/speech_emotion_detection-develop-v2/cremad_preprocessed/audio/1091_IWL_FEA_XX.wav,1091_IWL_FEA_XX.wav,1091,train,4,fearful,4,fearful,0.9627095460891724
/Users/prarthanapatel/Desktop/Himanshi/speech_emotion_detection-develop-v2/cremad_preprocessed/audio/1091_IWL_HAP_XX.wav,1091_IWL_HAP_XX.wav,1091,train,1,happy,1,happy,0.9332871437072754
/Users/prarthanapatel/Desktop/Himanshi/speech_emotion_detection-develop-v2/cremad_preprocessed/audio/1091_IWL_NEU_XX.wav,1091_IWL_NEU_XX.wav,1091,train,0,neutral,0,neutral,0.9615193009376526
/Users/prarthanapatel/Desktop/Himanshi/speech_emotion_detection-develop-v2/cremad_preprocessed/audio/1091_IWL_SAD_XX.wav,1091_IWL_SAD_XX.wav,1091,train,2,sad,4,fearful,0.4921359121799469
/Users/prarthanapatel/Desktop/Himanshi/speech_emotion_detection-develop-v2/cremad_preprocessed/audio/1091_IWW_ANG_XX.wav,1091_IWW_ANG_XX.wav,1091,train,3,angry,3,angry,0.9951844811439514
/Users/prarthanapatel/Desktop/Himanshi/speech_emotion_detection-develop-v2/cremad_preprocessed/audio/1091_IWW_DIS_XX.wav,1091_IWW_DIS_XX.wav,1091,train,5,disgust,5,disgust,0.7322367429733276
/Users/prarthanapatel/Desktop/Himanshi/speech_emotion_detection-develop-v2/cremad_preprocessed/audio/1091_IWW_FEA_XX.wav,1091_IWW_FEA_XX.wav,1091,train,4,fearful,4,fearful,0.9632470011711121
/Users/prarthanapatel/Desktop/Himanshi/speech_emotion_detection-develop-v2/cremad_preprocessed/audio/1091_IWW_HAP_XX.wav,1091_IWW_HAP_XX.wav,1091,train,1,happy,1,happy,0.9625322222709656
/Users/prarthanapatel/Desktop/Himanshi/speech_emotion_detection-develop-v2/cremad_preprocessed/audio/1091_IWW_NEU_XX.wav,1091_IWW_NEU_XX.wav,1091,train,0,neutral,0,neutral,0.9793626070022583
/Users/prarthanapatel/Desktop/Himanshi/speech_emotion_detection-develop-v2/cremad_preprocessed/audio/1091_IWW_SAD_XX.wav,1091_IWW_SAD_XX.wav,1091,train,2,sad,4,fearful,0.8127447962760925
/Users/prarthanapatel/Desktop/Himanshi/speech_emotion_detection-develop-v2/cremad_preprocessed/audio/1091_MTI_ANG_XX.wav,1091_MTI_ANG_XX.wav,1091,train,3,angry,3,angry,0.9939749836921692
/Users/prarthanapatel/Desktop/Himanshi/speech_emotion_detection-develop-v2/cremad_preprocessed/audio/1091_MTI_DIS_XX.wav,1091_MTI_DIS_XX.wav,1091,train,5,disgust,4,fearful,0.9162701368331909
/Users/prarthanapatel/Desktop/Himanshi/speech_emotion_detection-develop-v2/cremad_preprocessed/audio/1091_MTI_FEA_XX.wav,1091_MTI_FEA_XX.wav,1091,train,4,fearful,4,fearful,0.9581252336502075
/Users/prarthanapatel/Desktop/Himanshi/speech_emotion_detection-develop-v2/cremad_preprocessed/audio/1091_MTI_HAP_XX.wav,1091_MTI_HAP_XX.wav,1091,train,1,happy,1,happy,0.9770307540893555
/Users/prarthanapatel/Desktop/Himanshi/speech_emotion_detection-develop-v2/cremad_preprocessed/audio/1091_MTI_NEU_XX.wav,1091_MTI_NEU_XX.wav,1091,train,0,neutral,0,neutral,0.9875818490982056
/Users/prarthanapatel/Desktop/Himanshi/speech_emotion_detection-develop-v2/cremad_preprocessed/audio/1091_MTI_SAD_XX.wav,1091_MTI_SAD_XX.wav,1091,train,2,sad,4,fearful,0.8979044556617737
/Users/prarthanapatel/Desktop/Himanshi/speech_emotion_detection-develop-v2/cremad_preprocessed/audio/1091_TAI_ANG_XX.wav,1091_TAI_ANG_XX.wav,1091,train,3,angry,3,angry,0.9947235584259033
/Users/prarthanapatel/Desktop/Himanshi/speech_emotion_detection-develop-v2/cremad_preprocessed/audio/1091_TAI_DIS_XX.wav,1091_TAI_DIS_XX.wav,1091,train,5,disgust,4,fearful,0.5170241594314575
/Users/prarthanapatel/Desktop/Himanshi/speech_emotion_detection-develop-v2/cremad_preprocessed/audio/1091_TAI_FEA_XX.wav,1091_TAI_FEA_XX.wav,1091,train,4,fearful,4,fearful,0.9349554181098938
/Users/prarthanapatel/Desktop/Himanshi/speech_emotion_detection-develop-v2/cremad_preprocessed/audio/1091_TAI_HAP_XX.wav,1091_TAI_HAP_XX.wav,1091,train,1,happy,1,happy,0.9699088931083679
/Users/prarthanapatel/Desktop/Himanshi/speech_emotion_detection-develop-v2/cremad_preprocessed/audio/1091_TAI_NEU_XX.wav,1091_TAI_NEU_XX.wav,1091,train,0,neutral,0,neutral,0.9718264937400818
/Users/prarthanapatel/Desktop/Himanshi/speech_emotion_detection-develop-v2/cremad_preprocessed/audio/1091_TAI_SAD_XX.wav,1091_TAI_SAD_XX.wav,1091,train,2,sad,0,neutral,0.8944543600082397
/Users/prarthanapatel/Desktop/Himanshi/speech_emotion_detection-develop-v2/cremad_preprocessed/audio/1091_TIE_ANG_XX.wav,1091_TIE_ANG_XX.wav,1091,train,3,angry,3,angry,0.9950777292251587
/Users/prarthanapatel/Desktop/Himanshi/speech_emotion_detection-develop-v2/cremad_preprocessed/audio/1091_TIE_DIS_XX.wav,1091_TIE_DIS_XX.wav,1091,train,5,disgust,4,fearful,0.5006692409515381
/Users/prarthanapatel/Desktop/Himanshi/speech_emotion_detection-develop-v2/cremad_preprocessed/audio/1091_TIE_FEA_XX.wav,1091_TIE_FEA_XX.wav,1091,train,4,fearful,4,fearful,0.9567838311195374
/Users/prarthanapatel/Desktop/Himanshi/speech_emotion_detection-develop-v2/cremad_preprocessed/audio/1091_TIE_HAP_XX.wav,1091_TIE_HAP_XX.wav,1091,train,1,happy,1,happy,0.9587221741676331
/Users/prarthanapatel/Desktop/Himanshi/speech_emotion_detection-develop-v2/cremad_preprocessed/audio/1091_TIE_NEU_XX.wav,1091_TIE_NEU_XX.wav,1091,train,0,neutral,0,neutral,0.9870065450668335
/Users/prarthanapatel/Desktop/Himanshi/speech_emotion_detection-develop-v2/cremad_preprocessed/audio/1091_TIE_SAD_XX.wav,1091_TIE_SAD_XX.wav,1091,train,2,sad,0,neutral,0.7972390055656433
/Users/prarthanapatel/Desktop/Himanshi/speech_emotion_detection-develop-v2/cremad_preprocessed/audio/1091_TSI_ANG_XX.wav,1091_TSI_ANG_XX.wav,1091,train,3,angry,3,angry,0.994449257850647
/Users/prarthanapatel/Desktop/Himanshi/speech_emotion_detection-develop-v2/cremad_preprocessed/audio/1091_TSI_DIS_XX.wav,1091_TSI_DIS_XX.wav,1091,train,5,disgust,0,neutral,0.9318324327468872
/Users/prarthanapatel/Desktop/Himanshi/speech_emotion_detection-develop-v2/cremad_preprocessed/audio/1091_TSI_FEA_XX.wav,1091_TSI_FEA_XX.wav,1091,train,4,fearful,4,fearful,0.9517374038696289
/Users/prarthanapatel/Desktop/Himanshi/speech_emotion_detection-develop-v2/cremad_preprocessed/audio/1091_TSI_HAP_XX.wav,1091_TSI_HAP_XX.wav,1091,train,1,happy,1,happy,0.9627982378005981
/Users/prarthanapatel/Desktop/Himanshi/speech_emotion_detection-develop-v2/cremad_preprocessed/audio/1091_TSI_NEU_XX.wav,1091_TSI_NEU_XX.wav,1091,train,0,neutral,0,neutral,0.9843160510063171
/Users/prarthanapatel/Desktop/Himanshi/speech_emotion_detection-develop-v2/cremad_preprocessed/audio/1091_TSI_SAD_XX.wav,1091_TSI_SAD_XX.wav,1091,train,2,sad,0,neutral,0.6144165992736816
/Users/prarthanapatel/Desktop/Himanshi/speech_emotion_detection-develop-v2/cremad_preprocessed/audio/1091_WSI_ANG_XX.wav,1091_WSI_ANG_XX.wav,1091,train,3,angry,3,angry,0.9940808415412903
/Users/prarthanapatel/Desktop/Himanshi/speech_emotion_detection-develop-v2/cremad_preprocessed/audio/1091_WSI_DIS_XX.wav,1091_WSI_DIS_XX.wav,1091,train,5,disgust,2,sad,0.4390602707862854
/Users/prarthanapatel/Desktop/Himanshi/speech_emotion_detection-develop-v2/cremad_preprocessed/audio/1091_WSI_FEA_XX.wav,1091_WSI_FEA_XX.wav,1091,train,4,fearful,4,fearful,0.9534839987754822
/Users/prarthanapatel/Desktop/Himanshi/speech_emotion_detection-develop-v2/cremad_preprocessed/audio/1091_WSI_HAP_XX.wav,1091_WSI_HAP_XX.wav,1091,train,1,happy,1,happy,0.7820101976394653
/Users/prarthanapatel/Desktop/Himanshi/speech_emotion_detection-develop-v2/cremad_preprocessed/audio/1091_WSI_NEU_XX.wav,1091_WSI_NEU_XX.wav,1091,train,0,neutral,0,neutral,0.9829785227775574
/Users/prarthanapatel/Desktop/Himanshi/speech_emotion_detection-develop-v2/cremad_preprocessed/audio/1091_WSI_SAD_XX.wav,1091_WSI_SAD_XX.wav,1091,train,2,sad,0,neutral,0.7611895799636841
